0.1972039436 0.2104202527 0.2196995983 0.2096792916 0.1716051325 0.2096868204 0.1730396904 0.1667581947 0.2600917941 0.2072140553 0.2088724280 0.2099460317 0.1968055405 0.2085926102 0.2687516914 0.3653591029 0.4576579298 0.5171651469 0.7400551164 0.8571934518 0.9412005199 0.8998464485 0.7959862108 0.7067126961 0.5794122026 0.4892405997 0.3661053553 0.2493801813 0.2388999668 0.1916276765 0.2029025935 0.1602222611 0.2122710974 0.2296727182 0.2278581129 0.1990280696 0.2241843925 0.2018743522 0.1507542640 0.1854577159 0.1884723024 0.1758048029 0.2215628737 0.1680940898 0.2138762847 0.1682293084 0.1767295608 0.1213456686 0.2044216676 0.1810392355 0.2441567621 0.2350229872 0.3300170878 0.3098196864 0.4618520715 0.6073172257 0.7667351077 0.8543058083 0.9099753884 0.8720317388 0.8044616487 0.7593920439 0.5712812078 0.4327294865 0.3473664749 0.2966579201 0.2594621589 0.2861080623 0.1963489560 0.2146589277 0.1372039933 0.2461822331 0.1955425098 0.2130289477 0.1517601045 0.1640634186 0.2174745329 0.1724234466 0.2155974609 0.1588225981 0.2114855322 0.2023778686 0.1905536332 0.1518411322 0.1768431750 0.2283973298 0.1765456350 0.1699472609 0.2318251202 0.2749084660 0.3484901137 0.3691769100 0.5026058695 0.6163158339 0.7331217858 0.9087444068 0.8723509841 0.9021706342 0.8094873372 0.7005525486 0.6137724460 0.5293339921 0.3962156080 0.2856273104 0.2780409980 0.2324774034 0.2430873704 0.1379377990 0.1897396233 0.2169656572 0.2277659753 0.2448020116 0.1681775712 0.2227020943 0.1809051908 0.1698801505 0.1799983260 0.2129982359 0.2143451245 0.2033169638 0.2801580300 0.2407133266 0.2068991656 0.2092570091 0.2429813484 0.1819297151 0.2241762837 0.2489690750 0.3049260118 0.4169933876 0.5738275643 0.6440137464 0.7243972689 0.8734181559 0.9349923405 0.9309680315 0.8166181751 0.7475195737 0.6247939588 0.4672585297 0.4171297079 0.2711756061 0.3575147730 0.2415009522 0.2315860874 0.1563295940 0.2629106478 0.2109803767 0.1832531855 0.2073932810 0.1883639050 0.2158949879 0.1869501045 0.1927032071 0.1926033178 0.1869941704 0.2252553286 0.2237593254 0.2383248301 0.2230451115 0.2136989615 0.2253159491 0.2094694555 0.2223497236 0.2469921560 0.2812440206 0.3227217532 0.3699488612 0.4814479939 0.6471541598 0.7518784941 0.8207528895 0.9179318808 0.9375502086 0.8416281653 0.7360385013 0.5570430671 0.4346618360 0.4261087424 0.3272833142 0.2026000838 0.2536466882 0.2200196287 0.1901854697 0.2286202953 0.1959175736 0.1940743211 0.1842666929 0.2196815282 0.1922287772 0.2569671961 0.2294298690
0.1385039215 0.1842803096 0.2017449036 0.1450324374 0.2115310217 0.2072577526 0.1986401323 0.1844875921 0.1614501574 0.1947536033 0.1651056936 0.2661289151 0.2699239985 0.2543179163 0.3246713335 0.3455021032 0.4765091919 0.5761720833 0.7446368452 0.8433400140 0.8830702324 0.9338149545 0.7951792992 0.7161010966 0.5268954013 0.4821301519 0.4145846578 0.2564661446 0.2191197317 0.2179866703 0.2227703586 0.2188164580 0.1636674444 0.1777499836 0.1565151385 0.1304628681 0.1780286402 0.2406566350 0.1622079947 0.2151208280 0.1827594663 0.1620745997 0.2267996428 0.1870279720 0.2555105012 0.1933928041 0.2125978582 0.2207495758 0.1996766240 0.2129562470 0.1990255060 0.2734060154 0.2643050448 0.4294953116 0.4268775133 0.6591296437 0.7501806904 0.8587599420 0.9091874962 0.8819595921 0.8249697677 0.7197334473 0.5609225937 0.4740414489 0.3216320322 0.3014556045 0.2229564884 0.1564961323 0.1969871556 0.2052405921 0.2017117372 0.1730296074 0.1598069335 0.2271012197 0.2171000246 0.2154217657 0.1595413766 0.1815258649 0.1937724772 0.2096274693 0.1670249942 0.2038649619 0.2205498157 0.1655183826 0.1972315280 0.2165974293 0.2405924133 0.1821071270 0.2438846419 0.2995940333 0.2964906441 0.3504202235 0.4614093265 0.6104623196 0.7661177262 0.8297819128 0.9328296624 0.8719394348 0.8506724866 0.7256271878 0.5764861895 0.4659144689 0.3575145447 0.3249174290 0.2510659241 0.2144171799 0.2559531047 0.2392962834 0.2188393325 0.2312865746 0.2074144811 0.2271569365 0.1948161554 0.2002683811 0.1988428149 0.1902911723 0.2417543514 0.1963345404 0.1835320358 0.1907742279 0.2100258897 0.2497878183 0.1552969605 0.2403789591 0.2007026572 0.2325367355 0.2253670962 0.2398819366 0.3049966531 0.3569873591 0.4693901840 0.6116896835 0.7290030631 0.8549938403 0.9186627472 0.8752742591 0.7954244123 0.6371038122 0.5840173249 0.4368634373 0.3296639589 0.2837316811 0.2121331272 0.2774262395 0.1575724069 0.2277542312 0.2151167147 0.1943845765 0.2093177671 0.1938805371 0.1767582997 0.1987998366 0.1944631176 0.1883544457 0.1774898706 0.2367009728 0.1997718455 0.1912833923 0.2047394487 0.2308900336 0.2403214815 0.2115460272 0.2451146330 0.1811633653 0.1550208461 0.2428697969 0.2728491722 0.3961015968 0.5153213273 0.5853075859 0.7458383237 0.8714743766 0.8803040780 0.8973889222 0.8336374758 0.6776897588 0.5680700902 0.4566707218 0.3005192301 0.2812971973 0.2883223781 0.2848889461 0.2007965254 0.2272898950 0.2071004303 0.2401857799 0.2147606831 0.2297023416 0.2019841618 0.1713162845 0.2435152287 0.2363330482
0.2168726337 0.1926166588 0.1963639215 0.1633111993 0.1642471769 0.1718198130 0.1330998629 0.1700624840 0.2168804489 0.2103245853 0.1791841561 0.1818739092 0.2410275245 0.2861542251 0.2851239151 0.3714454818 0.4750420113 0.5894853901 0.7293734730 0.7884435101 0.9436834444 0.8647896200 0.8053867027 0.7289404824 0.5805370952 0.4442462075 0.3101563069 0.2517606340 0.1989049999 0.1833327490 0.1807753066 0.2105508796 0.2194637756 0.1731610692 0.1899577147 0.1732135721 0.2022656113 0.2044246559 0.2082264760 0.1318364298 0.2061780952 0.1707719399 0.1941167580 0.2174773795 0.2081516623 0.2132765902 0.1877793335 0.1664432004 0.1694851421 0.2182146819 0.2046263578 0.2427436399 0.3020573999 0.3596873794 0.4886906389 0.5840543485 0.7321569896 0.8432657660 0.9073543752 0.8879456762 0.7575386765 0.6653312718 0.5695622798 0.4378446265 0.3379708779 0.2647466794 0.2418052297 0.2391566320 0.1821372538 0.1387844231 0.1787947041 0.1959269361 0.1662672344 0.1768986823 0.1683101205 0.1685428399 0.1621887457 0.2191495898 0.2061676945 0.2012492908 0.1259331487 0.1509571511 0.1763449344 0.1971067863 0.2040305267 0.2453315636 0.1725324725 0.1805514659 0.2198750350 0.2545983503 0.3315299085 0.3675854632 0.5100001522 0.5852979747 0.7790649896 0.8386774431 0.9545313645 0.8908688425 0.8222234001 0.7140162619 0.5044340112 0.4458612883 0.3457386032 0.2794366993 0.2418182917 0.1625455169 0.2372827192 0.1969161057 0.1907045197 0.1855359710 0.2022210669 0.1619747264 0.2337570628 0.2290757910 0.2182952032 0.2217621049 0.1598879441 0.2155882417 0.1900836582 0.1811333950 0.1934985152 0.2044146756 0.2108552818 0.1787075252 0.2380241819 0.2150885012 0.2642730419 0.2758497841 0.3062932226 0.3691414814 0.4932377529 0.6880226566 0.7007541702 0.8293306638 0.8811824005 0.9035047105 0.8837787464 0.7078225083 0.5666177082 0.4310013883 0.3313379778 0.3039884710 0.2338479618 0.2075512895 0.2095937139 0.1695443592 0.2221643705 0.1922074422 0.2495218769 0.2035419455 0.2097504674 0.2557178559 0.1828390491 0.2534159681 0.1545812936 0.2367563165 0.2379123363 0.1615990025 0.2437645317 0.1785720699 0.1965630376 0.2271445254 0.2204552000 0.1805252270 0.2410167675 0.2551515696 0.3508133850 0.3502348915 0.5701665404 0.6414152927 0.7694284979 0.8814841839 0.9544207931 0.8888888321 0.8512505938 0.6885229345 0.6209912572 0.4676567230 0.3345840847 0.2708365160 0.2242340230 0.2514646516 0.2008297290 0.1763310087 0.1922980581 0.1600127373 0.1954048514 0.2102276000 0.2341380410 0.2355428362 0.1940337295 0.1968208608
0.2029665327 0.1730040187 0.1541152037 0.2299249458 0.1562960113 0.1911489877 0.1592738867 0.1523651182 0.1685675029 0.1536592715 0.1878644302 0.1868072491 0.1945321312 0.2553515342 0.2614024938 0.3565270239 0.5054556951 0.5905308668 0.7220653101 0.8580885501 0.8734625242 0.8746038514 0.8208154127 0.7009061804 0.5991775964 0.4154134786 0.3624315636 0.2364957047 0.1890458004 0.1564642637 0.1407546000 0.2105796164 0.2001193356 0.1726965511 0.2068876015 0.1631411349 0.2270950433 0.1934941397 0.1096678119 0.1765379498 0.1934192537 0.2222760582 0.1502566350 0.1884695416 0.1872668971 0.1993591214 0.1518180465 0.1986704782 0.2114385308 0.1977632270 0.2166015956 0.2260694523 0.2939667047 0.3279787015 0.4772161724 0.6254787775 0.7508233904 0.9123677833 0.9303579314 0.9178712327 0.8732728115 0.6993687216 0.5566866122 0.4760776519 0.3217424664 0.2859691478 0.2424339670 0.2751346146 0.1602793046 0.1467076119 0.1521627423 0.2347447188 0.1317334839 0.1827878310 0.2166838181 0.1820155964 0.2035540028 0.1442390865 0.1367234548 0.1795330191 0.1844329711 0.2018893154 0.2118803559 0.1874430116 0.2149772990 0.2048710164 0.1913637832 0.2160904462 0.2111343757 0.2475016763 0.2868805474 0.3480971385 0.4903142339 0.6065423022 0.7681598887 0.8718913949 0.9286540273 0.8872602110 0.8371999514 0.6970056288 0.5434687096 0.4262822050 0.3774186027 0.2462230391 0.2482983777 0.1714648124 0.2054406411 0.2204764399 0.1859138899 0.1906749735 0.1884504985 0.2230010842 0.2062329500 0.2033823885 0.1176257884 0.1611965178 0.1695369173 0.2349568489 0.2097289476 0.1693050600 0.1346659091 0.1903413697 0.2041484057 0.2510744475 0.1502177782 0.1668706432 0.2389742663 0.2265289995 0.2875854343 0.3202590862 0.4708602417 0.6435369064 0.7393771799 0.9015007776 0.9007521117 0.8789393139 0.8401228321 0.7075658638 0.6143023949 0.3969586104 0.3423501356 0.2502259418 0.2666145683 0.1831243496 0.1885333693 0.2068749974 0.2022909955 0.1518477840 0.1830847771 0.2137137785 0.2274185604 0.2665234954 0.1913273848 0.1902363902 0.2072986566 0.1816448332 0.1404919238 0.2254164745 0.2128857764 0.1813549991 0.1497441206 0.2247457257 0.2467978638 0.2017854460 0.2595726522 0.2555690922 0.3709260112 0.3976593822 0.5382433836 0.6620392533 0.7561463168 0.8750650889 0.9034396423 0.8610708279 0.8475150439 0.7228410848 0.5368852956 0.4450736455 0.3515076305 0.2441323918 0.2535226778 0.2219401837 0.1988864122 0.1985105155 0.1978050758 0.1835738005 0.1785122054 0.2205527005 0.2106567871 0.1660741258 0.2795931818 0.2302879532
0.1343948478 0.1763352205 0.1840564039 0.1967238441 0.1952805961 0.1940834624 0.1602869777 0.2025726370 0.1658896878 0.1396486445 0.1910926131 0.1686371820 0.1785086243 0.1973596991 0.2266122673 0.3555632378 0.4767454465 0.6451474142 0.6980386874 0.8990174944 0.9122856248 0.8261890683 0.8244279316 0.6536179700 0.5353990805 0.4214217200 0.3130284964 0.3234672250 0.2200446974 0.1851847317 0.2129628788 0.1541113733 0.1727611406 0.2311083303 0.1988606588 0.2294336376 0.1860504282 0.2283500019 0.1407227216 0.1579728147 0.1910311106 0.1794815576 0.1818262771 0.1784314357 0.1830223393 0.1637023863 0.2096523897 0.1267748927 0.1559475788 0.1941634833 0.2035561157 0.1855631557 0.2413636048 0.3588174935 0.4551923393 0.5807746496 0.7586998518 0.8859727369 0.9257348511 0.8397459278 0.7866592305 0.6991625310 0.5234792035 0.4229861176 0.3116975093 0.2845431083 0.2195429757 0.1711884474 0.2121211088 0.1977015916 0.2069761978 0.2032096895 0.1757666271 0.1752909781 0.2088367438 0.1283546784 0.2012900572 0.2133940570 0.1370168530 0.1836883609 0.1649430894 0.2239532870 0.1991326859 0.2394553198 0.1803465624 0.1605835562 0.1971944215 0.2325358943 0.2195393349 0.2237325728 0.2357165380 0.3461004485 0.4957452205 0.6544814932 0.7721525479 0.8904872392 0.9436190842 0.8850130184 0.8350247174 0.6683068172 0.5503914855 0.3717731527 0.2631184462 0.2584382320 0.2577278622 0.2452824296 0.2305683453 0.1783998030 0.2121225069 0.2379390535 0.2236640666 0.2032223414 0.1261513840 0.2017030069 0.2100336082 0.1587759743 0.2439389404 0.1926801874 0.1965451018 0.2166444819 0.1498836565 0.1561012858 0.1671103347 0.2097598638 0.2120270964 0.2058022660 0.2271915122 0.2506889607 0.3319135807 0.3966817220 0.4446030057 0.6681067415 0.7703505094 0.8628636779 0.9367165256 0.8777816079 0.8073311433 0.6224029858 0.5250134179 0.3764987357 0.3399128925 0.3224224111 0.1930503557 0.1951358343 0.2010669488 0.1740283561 0.1552764712 0.2199819330 0.1897466564 0.2142603356 0.1658187032 0.1935361897 0.1382329573 0.2098438401 0.1824382553 0.2211654595 0.1739616830 0.1750807364 0.2263237684 0.2318828830 0.1868801179 0.1495803003 0.2203325637 0.2240720596 0.2054949851 0.2951917172 0.3407249390 0.4103318262 0.5023161806 0.6355387602 0.7893332734 0.8332672816 0.9072699870 0.9076211237 0.8215250030 0.6871588571 0.5239892584 0.4064532627 0.3243363354 0.2632971380 0.1873955203 0.2168894309 0.1956843384 0.2716943097 0.2253292073 0.1806260316 0.2298644081 0.1250753660 0.1974145441 0.1604542335 0.2173565337 0.1644851044
0.1409996508 0.1417758716 0.1766536235 0.1739055822 0.1280315809 0.2001758346 0.1756650226 0.1371725544 0.1675693622 0.2025837507 0.1959657276 0.1796705528 0.2159573213 0.2352738705 0.2709314190 0.3705767645 0.4936317964 0.5786902192 0.6983139795 0.8624509436 0.8874958790 0.8729469122 0.7807592952 0.6997122390 0.5109362791 0.3807322851 0.3113057105 0.2588599492 0.2005506844 0.1702679101 0.2037255432 0.2017775943 0.1731990121 0.0995139706 0.2035411360 0.1754230615 0.2056011234 0.1715075592 0.2020562645 0.0996040444 0.1998419183 0.1552333605 0.1164490555 0.1690818800 0.1081131586 0.1552699578 0.2055787806 0.1500615165 0.1568918434 0.1612672401 0.1301841400 0.2732409975 0.3191265587 0.3468363231 0.4792268046 0.5933608854 0.6954564329 0.8317769598 0.9131617464 0.8868533751 0.7651804058 0.6974392163 0.5647243762 0.4299742165 0.3342337365 0.2110075500 0.2015440105 0.2051428956 0.1595435110 0.1602688832 0.1834059278 0.1157235755 0.1776586502 0.1936636984 0.1682222357 0.0990479315 0.1602997154 0.1997038363 0.1909964776 0.1127885434 0.1484001086 0.1691630032 0.1545520074 0.1346440970 0.1812344806 0.1560521979 0.1828842759 0.2121022672 0.2357328000 0.2214358758 0.2892224382 0.3646557515 0.5130882605 0.6388912186 0.7792378885 0.8028078320 0.8518445309 0.8676781744 0.7800418447 0.6815735300 0.5393121452 0.3966384938 0.3044458481 0.2622030472 0.1669643724 0.2392405290 0.2039546146 0.2065005759 0.1701797621 0.1677024826 0.1824094516 0.1921294542 0.1335897357 0.1267683917 0.1620982588 0.1720098315 0.1549421126 0.1169135998 0.1772820545 0.1805699181 0.1818478426 0.1913307736 0.1549608916 0.1974868553 0.1563964677 0.2242452480 0.1959742626 0.2530305259 0.3125201648 0.4002153541 0.4970430513 0.5965858076 0.7645542451 0.8808740857 0.9102407262 0.8835921605 0.8401521407 0.6581269937 0.4771045989 0.3893639615 0.3355400142 0.2563265312 0.2524913852 0.2464348918 0.1909351212 0.2013101735 0.2315492190 0.1905795300 0.1854042734 0.1922825728 0.1992251088 0.1263570728 0.2169211035 0.1762339363 0.2119153728 0.2147190319 0.1481928267 0.2034151197 0.1774112596 0.1870161622 0.1430727734 0.2170448393 0.2015147719 0.2100917122 0.2464019203 0.2355718809 0.3289294705 0.4419972559 0.5279413300 0.6609232087 0.7572228511 0.8832439203 0.9016781173 0.8746186491 0.8136103874 0.6442333368 0.5654196013 0.4348651015 0.2904068097 0.2512960028 0.2227291584 0.2032526236 0.2085390760 0.1737326661 0.1872379622 0.2076284183 0.1993667763 0.2351678386 0.1654252505 0.1618021757 0.1940604087 0.2117066351
0.1848440776 0.1594198073 0.1943612307 0.1957551802 0.1415606371 0.1856738967 0.1513922792 0.1746978152 0.1752818088 0.1618093535 0.1255351393 0.1869030517 0.2066559895 0.2163830300 0.2869080965 0.4137629654 0.4426309626 0.6008075047 0.7247616471 0.8147749735 0.8704180759 0.8529484772 0.7470746904 0.6670905969 0.5184454132 0.3920973085 0.3225096220 0.2504841281 0.1679407226 0.1644205364 0.1229149319 0.1612462553 0.1499882222 0.1316547440 0.1744311481 0.1598083098 0.1483566164 0.1983002800 0.1654039465 0.1656522426 0.1635477282 0.1557054596 0.1781166792 0.1749181016 0.1031966324 0.1554793114 0.2153591796 0.1656855430 0.2144019828 0.1837272069 0.1315550844 0.2389424160 0.2765599609 0.4003702249 0.4953435247 0.6141121833 0.6841937810 0.8427507500 0.8850693728 0.8589689027 0.7333514042 0.6605400519 0.5386695798 0.4109512161 0.3204878548 0.2410684442 0.2251136943 0.2050477961 0.1862090410 0.1647788630 0.1651491576 0.1915930119 0.1464160887 0.1417244484 0.1626948496 0.1512116269 0.1657304905 0.1647494752 0.1906851331 0.1803101538 0.1624276913 0.1837216408 0.1743022364 0.1325555795 0.1851915595 0.1777103440 0.1584484206 0.1457460411 0.1466890846 0.2204100214 0.3104417165 0.3771910319 0.4922778174 0.6119867646 0.7508483410 0.7786501714 0.9136496402 0.8698605588 0.8320783533 0.6719575941 0.4823830232 0.4232789759 0.3117180678 0.2134236848 0.2461337368 0.1548349717 0.1946427043 0.1981619496 0.1790147951 0.1233430651 0.1753520956 0.2311587154 0.1460373449 0.2212231370 0.1492428678 0.1498135635 0.2132686629 0.1936235923 0.1899330980 0.1702926355 0.2531362484 0.1759364401 0.1388438224 0.1981427453 0.2303663022 0.1916303615 0.2053337107 0.2311373808 0.2770691551 0.3592843942 0.5095355617 0.6360799732 0.7587084006 0.8774500104 0.8588983523 0.8502980455 0.8063745390 0.6671690376 0.5762493201 0.3420416486 0.3239453283 0.2799597955 0.2325311653 0.1981077533 0.1837134037 0.1779212811 0.1827788439 0.1541602078 0.1609731609 0.1681170585 0.1811007446 0.1608805361 0.1804503692 0.2080032418 0.2138889380 0.1635671256 0.1920999497 0.2143342174 0.1693109942 0.1863472805 0.2320255420 0.2360861866 0.2535726741 0.2260472417 0.1798409122 0.2765846588 0.3364859276 0.4023853069 0.5046892285 0.6570197595 0.7288227092 0.9104986888 0.8713187332 0.9202815075 0.7880133740 0.6997934548 0.5330662290 0.4042882813 0.3648498740 0.2544565333 0.1766515763 0.2520425857 0.1788018373 0.1821621066 0.2329283331 0.1398882370 0.1974424970 0.1531486883 0.1752847725 0.2062085434 0.1577163500 0.1719864379
0.1534359872 0.2176817884 0.1663303152 0.1368513357 0.1799923898 0.1632956370 0.2092066579 0.1656417591 0.1700142746 0.1408953787 0.1682294144 0.1739147427 0.2158464754 0.1621769156 0.3040239483 0.3816385329 0.4719680362 0.5719154340 0.7692077200 0.8472427962 0.8775382473 0.8678575388 0.8077480237 0.7312771550 0.5099896211 0.3799776774 0.2936282312 0.2067715850 0.1663114871 0.2056049899 0.1965675948 0.1790010223 0.1967016150 0.1394980333 0.1495654371 0.1992050165 0.1632864060 0.1598619646 0.1362299505 0.2221263294 0.1524391581 0.1853619632 0.1328868340 0.2162802075 0.1898988491 0.1774364163 0.1801877513 0.0970893141 0.1932466109 0.2207704252 0.2357804236 0.2529494931 0.2530534585 0.4261817938 0.4912280457 0.6311454679 0.7313333501 0.8639298844 0.9160560722 0.8063906653 0.7790682592 0.6078273403 0.4818117632 0.3387578182 0.2867278578 0.2279355207 0.1888759521 0.1355899170 0.2366378749 0.2169248003 0.1707086813 0.1869578604 0.1798704138 0.1855787599 0.1762820402 0.2088638537 0.1864541735 0.1680656688 0.2080717227 0.1604030326 0.1833335663 0.1653159315 0.1389123340 0.1384716983 0.1793503362 0.1615356436 0.1404981905 0.1369022613 0.1996399411 0.2182382364 0.2604463713 0.3838784459 0.4671776441 0.5926825650 0.7249248341 0.8337913778 0.8941676567 0.8341446380 0.8394622345 0.6594224459 0.4924441552 0.3476245242 0.2527560302 0.2385793496 0.1781222334 0.2550068470 0.2022233584 0.2108155269 0.2020104186 0.1358921932 0.2102833512 0.1452963528 0.1930224584 0.1685387478 0.1529226644 0.2210004079 0.1945791638 0.2232309716 0.1496852820 0.1933872833 0.1909342388 0.1891226919 0.1822106574 0.1659040621 0.1894343913 0.2025287324 0.1888638043 0.2690593129 0.3345248021 0.3250403760 0.4914435842 0.6505437351 0.7129948500 0.8311159876 0.9127667602 0.8822942467 0.7363748891 0.6352313623 0.5434529497 0.3720209382 0.3249279897 0.2265822515 0.2054397619 0.2004380514 0.1539551601 0.1748939971 0.2386641440 0.1676219521 0.1373690946 0.1843274980 0.1764138713 0.1761266732 0.1539762813 0.1676362374 0.1457249570 0.1973343535 0.1617541080 0.2277908195 0.1920214284 0.1794222174 0.2351245850 0.1536210812 0.2117452436 0.1981718905 0.2218170612 0.2234311978 0.2930875413 0.3933515764 0.5165819625 0.6351841979 0.8282376037 0.8966734984 0.9466256123 0.8769054928 0.7761894417 0.6374913501 0.5397980396 0.4295842810 0.3160918358 0.2537267104 0.2233810251 0.1723672902 0.1774598407 0.1787830711 0.1709239203 0.1600958125 0.1678341924 0.2236904224 0.1371955424 0.1448247336 0.1729874190 0.1502167007
0.1568408929 0.1733096434 0.1879923991 0.1555668884 0.1695177149 0.1514248750 0.1369731722 0.2198878867 0.1658725535 0.1992156985 0.1268145228 0.1484487211 0.1551479706 0.1892825239 0.2580418947 0.3464820312 0.5069538499 0.5990206061 0.7339060300 0.8377827130 0.8610369604 0.8129148499 0.7546895320 0.6496194903 0.5373235949 0.3704196193 0.2568529045 0.2398800777 0.1799722699 0.2053414033 0.1491107041 0.1682547145 0.1614589159 0.1629258061 0.1270680060 0.2175534289 0.1382619376 0.1598600096 0.1888898378 0.1674990568 0.1605265733 0.1442459453 0.1357413153 0.1598992584 0.1713631354 0.1644020910 0.1612894851 0.1827285974 0.1592419530 0.1855251416 0.1652496440 0.2549986778 0.3099978793 0.3484257574 0.5029089963 0.5975759453 0.7835032783 0.8429734842 0.9039622013 0.8432009104 0.7562860513 0.6011659055 0.5108600566 0.3824684968 0.3230708165 0.2874254860 0.1916982183 0.1088680431 0.1612950608 0.2356947933 0.1585038172 0.1369916622 0.1712736603 0.1268948229 0.1252892521 0.1067120625 0.2199173499 0.2022267432 0.1581728040 0.1855918298 0.2127271567 0.1329888764 0.1940460037 0.1830972165 0.1732835599 0.1895206469 0.1477751777 0.1670688741 0.2349028654 0.1543132309 0.3362772635 0.3457002728 0.5010975003 0.6445741007 0.7466857891 0.8543666873 0.8986370228 0.9021531286 0.8017225153 0.6625330439 0.5361999128 0.4056412423 0.3180523407 0.2477028707 0.1640125682 0.2330724232 0.1366080527 0.1351097338 0.1466347147 0.1727611294 0.1535294017 0.2058341448 0.1980204572 0.0992023110 0.1727796832 0.2016064004 0.2646288195 0.1463035589 0.1252212114 0.1452759937 0.2037349273 0.2373744236 0.1328677959 0.1327612934 0.1877743200 0.1473796697 0.1910690232 0.3094770665 0.3073784192 0.3498181377 0.5314454389 0.6341375918 0.7708274645 0.8873585474 0.8920809935 0.8669025518 0.7999949317 0.6437961975 0.5173565499 0.3887697185 0.2997510454 0.2510845521 0.2444980649 0.1737441467 0.2019119365 0.1788253225 0.1311151525 0.1781360170 0.1617059549 0.1706556703 0.1829665555 0.2317436231 0.1992325035 0.2065918735 0.1767865581 0.1423415319 0.1981511381 0.1706817812 0.1722531671 0.0990525263 0.1954051112 0.1267376514 0.1836576274 0.1358844430 0.2737836899 0.2380777998 0.3004169595 0.3476544325 0.5107784424 0.6325963814 0.7789492952 0.7936072337 0.8974344015 0.8512304889 0.7626100410 0.7024371957 0.5135997814 0.3812182893 0.3318472505 0.2638925943 0.1781907105 0.1762147927 0.2007517887 0.1829812197 0.2065604045 0.1764692252 0.2204404475 0.1953457343 0.1521370680 0.2067196708 0.2029119174 0.1780291391
0.1449999551 0.1412440917 0.1782422992 0.1793913457 0.2128575340 0.1308368495 0.1379044870 0.2006279655 0.1527303525 0.1195468240 0.1034333414 0.1402612333 0.1391332784 0.2680020799 0.3061861556 0.3640038191 0.4988805573 0.5836118720 0.7069966100 0.8935144646 0.8638998576 0.8927292075 0.7415887924 0.6834243446 0.4753557178 0.3799748019 0.3418179840 0.2294110283 0.1466532123 0.1851948485 0.1703701915 0.1635967132 0.1965509893 0.2189089307 0.1725299812 0.1887601985 0.1933270512 0.1107397566 0.1240068384 0.1759855827 0.1392792005 0.1330648470 0.1912621209 0.1106579210 0.2113146355 0.1697310906 0.1366096388 0.1952228534 0.1490374699 0.1634139151 0.2261813717 0.1985946754 0.2662571015 0.2856217736 0.5281038555 0.6287932062 0.7586470173 0.8279350357 0.8559286548 0.8205977121 0.7336556983 0.6554328585 0.5278645609 0.3705802414 0.3233486197 0.2151388621 0.1817446515 0.1902212190 0.1879142859 0.1725243496 0.1289650784 0.1560092109 0.1805111821 0.1195050376 0.1488381652 0.1517188179 0.1555442000 0.1504372632 0.1457703271 0.2012010654 0.1871247838 0.1560861901 0.1783009091 0.1872634933 0.1818643764 0.1910203405 0.1394484257 0.1343418258 0.2273097025 0.2511835845 0.2760355188 0.3882738898 0.5084356678 0.6594078387 0.7492022763 0.8359011928 0.8979757674 0.8679512245 0.7799473565 0.6279048142 0.4970111038 0.4337721399 0.3266363591 0.2300486468 0.1591150815 0.1945813116 0.1948914355 0.1833229517 0.1681669214 0.1861370078 0.1726395106 0.1849163425 0.1887859900 0.1679810037 0.2072008547 0.2317498173 0.1582351929 0.1756197112 0.1635158875 0.1612343481 0.1804040870 0.1871735874 0.1840534604 0.2024862543 0.2359205670 0.2605468871 0.1985328773 0.2116606941 0.2900607401 0.3831661224 0.5490881066 0.6256436227 0.8050554226 0.8346288949 0.8957825448 0.8791621990 0.7822171075 0.6511650417 0.4803334756 0.4010130117 0.2547858423 0.2614036685 0.1898779762 0.2073671591 0.1472009573 0.1697767976 0.2031971913 0.2116404235 0.1277883296 0.1517212148 0.2058377887 0.2525278228 0.2014991217 0.1769430406 0.1811027752 0.1866300321 0.1483031005 0.2365019724 0.1694157083 0.2403461010 0.1598050967 0.2109222220 0.1411639577 0.2370420889 0.2343556468 0.2833878832 0.2943521285 0.3602349728 0.5163787637 0.6116771291 0.7774745970 0.8365601375 0.8617768594 0.8824250144 0.7268407668 0.6399547445 0.5153664411 0.4127322434 0.2984781670 0.2519338269 0.2498530873 0.1533222947 0.1856819812 0.1312170837 0.2143553758 0.2039237717 0.1828392990 0.1969953418 0.1841391347 0.1696971196 0.1734694543 0.2281389866
0.1652626076 0.1848820469 0.1708720148 0.1370915595 0.1106429326 0.2144785511 0.1245107769 0.1733060654 0.1344120695 0.2087424248 0.1781978536 0.1630264894 0.1984734338 0.2415661487 0.3473333604 0.3902156960 0.5019915827 0.6170176761 0.7387379614 0.8543645381 0.8855719811 0.8555299022 0.8298247495 0.6541060729 0.5446744504 0.3876954683 0.3162957970 0.2281787852 0.1996301504 0.2117559727 0.1539951298 0.1670335543 0.2171520429 0.1805736689 0.1974252328 0.1686279091 0.1652860206 0.1340135012 0.1809933663 0.2231944067 0.1895433920 0.1534042326 0.1275664856 0.1561159759 0.1658213316 0.1463317277 0.1896944490 0.1938396853 0.1674229525 0.1672701881 0.2069866829 0.2788331096 0.3124247651 0.3642598389 0.5059425026 0.6151394720 0.7138438600 0.8333862168 0.8894453432 0.8683086977 0.7720060138 0.6294373848 0.5164796888 0.4335320340 0.2834001235 0.2725673229 0.2624009080 0.2056676514 0.1503555546 0.2303073533 0.1664411551 0.1919391999 0.2299555405 0.1924720375 0.1926781206 0.1854555390 0.1845914088 0.1844699714 0.1872501078 0.1710928533 0.2152084070 0.1716397659 0.2062856704 0.1612697955 0.1703688824 0.1915964931 0.1955533330 0.2171542952 0.2038960329 0.2301891438 0.2421238585 0.4306811772 0.4952404478 0.6284216734 0.7622820018 0.8494385567 0.9189321016 0.9211824115 0.8003281754 0.6591331745 0.4594583642 0.4038558053 0.3126748659 0.2511714914 0.2263151134 0.1506545469 0.1766655007 0.2028901679 0.1761079941 0.1354568771 0.2033246249 0.1345436382 0.1581083973 0.1726899417 0.1901146191 0.1822174814 0.2078591145 0.1710257751 0.2049105042 0.2009698033 0.1503889561 0.1935442239 0.1620184029 0.2046978786 0.2534498476 0.2413427736 0.1912858493 0.2175750004 0.2820168410 0.4179793659 0.5113062590 0.6647820897 0.7154665977 0.8732432326 0.9616860966 0.8839712825 0.7450239973 0.6414906709 0.4770120443 0.3909697071 0.2839319295 0.2075088377 0.2764189668 0.2227512729 0.2013660534 0.1779668347 0.1471401965 0.1491693391 0.1853149616 0.1936098713 0.1564961863 0.1637059851 0.1945286795 0.1886755540 0.1540383424 0.1403891671 0.1911678145 0.1723141772 0.1736788002 0.1389427494 0.1942785416 0.2004916870 0.1806509689 0.2163922021 0.2287730786 0.2684976378 0.2827626864 0.4497761992 0.5537888807 0.6876139234 0.7967447160 0.8820734583 0.8899079371 0.8670487054 0.7362803190 0.6283439203 0.5246929382 0.4216651623 0.3646064671 0.2164167498 0.2040479053 0.1621215400 0.1919921830 0.2129273115 0.1668728777 0.1328832424 0.1795608802 0.2386316446 0.1978175910 0.2320034753 0.1811673739 0.1467283617
0.1387820991 0.1488621494 0.1603732184 0.2069844227 0.2181475698 0.1533351764 0.1599548292 0.1352120215 0.2010859930 0.2069828210 0.1686316143 0.1894847037 0.2049153389 0.1914431395 0.3639617397 0.4558300401 0.4984182684 0.6408017896 0.7477538358 0.8329209000 0.8839930553 0.8462791583 0.7349176241 0.6488132083 0.4197908332 0.4059939635 0.2994838060 0.2441053252 0.1711179843 0.1847943541 0.1647004268 0.2054454386 0.1584888154 0.1483506595 0.1936642729 0.2244807029 0.1451264958 0.1622367416 0.1847565832 0.1744121352 0.2444682863 0.1875548352 0.2090287461 0.1362678589 0.1532400290 0.1896316054 0.1843217133 0.2161490490 0.2168297976 0.2048854364 0.1832107525 0.2084148975 0.3144498449 0.4179472628 0.4740779856 0.6745876323 0.7791518441 0.8602323503 0.9002477944 0.8617112947 0.7760059631 0.6666704096 0.5296284280 0.4400006064 0.2760597152 0.2623821724 0.2052847472 0.2223965296 0.2056351311 0.1463705744 0.2209357424 0.1929698658 0.1504476529 0.1473024658 0.1904086103 0.2215343090 0.1586842135 0.2179469555 0.1643609054 0.1288865735 0.1347481115 0.1443256376 0.1628842746 0.2088796288 0.1685767094 0.1776548972 0.2106120448 0.2506723128 0.2100510594 0.2596793128 0.3525573424 0.4004807303 0.4797896870 0.6448107444 0.7726987923 0.8706763436 0.8615001905 0.8635434756 0.7523139655 0.6278741842 0.5769898979 0.3717261560 0.3145286262 0.2346710056 0.2608526073 0.2129958749 0.1493193035 0.1631673978 0.1853062612 0.2146962409 0.1433932083 0.1993689922 0.2269022345 0.1823126551 0.2139462292 0.2066820226 0.2194382103 0.2317072577 0.1689982066 0.1858643657 0.2121186422 0.2230762326 0.2049750152 0.1547956969 0.1779036815 0.2231784563 0.2192066192 0.2079857867 0.3405467224 0.4241289707 0.5351211876 0.6490862911 0.8239416079 0.8762723207 0.9746210330 0.9152248946 0.7773034151 0.6675679619 0.4732994308 0.3871245658 0.3216980470 0.1964680938 0.2338895340 0.1848443581 0.2161007832 0.2020504686 0.1884076254 0.2120831439 0.1797910983 0.1968952288 0.1673099120 0.1957008630 0.2024168752 0.2026921474 0.2212598152 0.2032949671 0.2319696907 0.1822273187 0.2354350299 0.2601777572 0.2128463425 0.1732697096 0.1684946300 0.1957404262 0.2394637903 0.2991946631 0.3291545943 0.3960522358 0.5171342714 0.6540044642 0.7980341647 0.9012985457 0.9275020462 0.8988613920 0.7590807676 0.6199785540 0.5368230878 0.4442935970 0.3026020223 0.2513166429 0.2995625789 0.2020209522 0.1770731569 0.2254283292 0.1955700118 0.1640673907 0.1914021964 0.1646569079 0.2191455961 0.1649618953 0.2325322875 0.2112660722
0.1657168292 0.1877522641 0.1784324749 0.2345936216 0.1821778026 0.1831510112 0.1603395399 0.1579993405 0.1658198482 0.2012966135 0.1828139027 0.2152984618 0.2022996798 0.2130434489 0.3053418038 0.4494263112 0.4877335332 0.6900322138 0.7435886826 0.8905479663 0.8625788521 0.9122615842 0.7428549044 0.6255047630 0.5458775216 0.4326798753 0.2583632882 0.2399400285 0.1834086132 0.2031259149 0.1595539152 0.2371989672 0.1731165865 0.1822985564 0.2203936221 0.1898382416 0.2019186593 0.1935612058 0.1690877068 0.1832953416 0.1894468885 0.1783454837 0.1887690208 0.1674284560 0.1844981721 0.2130037749 0.2260630715 0.2075969844 0.1919375161 0.1895155679 0.1795996885 0.2291333601 0.3276128888 0.4184597317 0.5442280194 0.6439467907 0.7975477923 0.8758790403 0.9344361325 0.8269702774 0.8353774181 0.6528779200 0.5552239426 0.3939449125 0.3123300347 0.2267171434 0.1819283789 0.2016368928 0.2132365712 0.2237190613 0.2289187313 0.1641129883 0.1598699060 0.1879016496 0.1832538845 0.1651071232 0.1915441121 0.1435109364 0.1787208830 0.2015055515 0.2275004694 0.2195633324 0.1971568630 0.1944619975 0.1683707995 0.1720609519 0.2196783492 0.2455577542 0.1732569776 0.2763418955 0.3209445833 0.4048038277 0.5622958182 0.6595229834 0.8548601595 0.8699556963 0.9208080543 0.8414681982 0.7807021486 0.6300762353 0.5341985201 0.4116257010 0.2862568119 0.2418343691 0.2191769261 0.2022369553 0.1810562790 0.2203923829 0.2208634791 0.1736330893 0.1806352764 0.1962796195 0.2471109713 0.1536677154 0.1822377051 0.2024676478 0.2433374850 0.2072120873 0.1490197106 0.1709743482 0.1786764891 0.1912623647 0.1965106801 0.2255702840 0.1907090900 0.1997132929 0.1874643890 0.3108835934 0.3297132095 0.4236187286 0.5793430156 0.7427486818 0.7508361247 0.9120593601 0.8684102919 0.8645882111 0.8101716598 0.6461517379 0.5215680430 0.4133998779 0.2939962923 0.2783241511 0.2495857564 0.2306892714 0.1857561220 0.2159932706 0.2371957682 0.2169149932 0.1876245098 0.1864843130 0.1721854825 0.1934158232 0.1876239917 0.2270399706 0.1784460608 0.1912167514 0.2071578691 0.1892716245 0.2180714874 0.1795997123 0.2054567512 0.1874139819 0.1790506201 0.1957906942 0.2267008345 0.3153412571 0.3504390386 0.4195413588 0.5903749200 0.6847205018 0.8024181063 0.8889728045 0.8906615694 0.9044812039 0.7257053775 0.6510023269 0.4779404625 0.4143901292 0.3337378648 0.3028058050 0.1916278094 0.1617884053 0.1757228570 0.1996366147 0.2102223424 0.2804569545 0.1935291137 0.2312645483 0.2313251422 0.2056917924 0.1704729466 0.1650461743
0.1816868184 0.1690147310 0.1606849932 0.1770545436 0.1675868798 0.1951671514 0.2013609839 0.2271297682 0.1965265565 0.1809981667 0.1817709226 0.1781032468 0.2439021263 0.2610333141 0.3131406665 0.4675394397 0.5532709130 0.6802670503 0.7950816172 0.9330215963 0.8935516468 0.8417751992 0.7474648860 0.6197272824 0.4758576394 0.4140530382 0.2646786303 0.2656742494 0.2109003550 0.2012204112 0.1534492928 0.1984556988 0.1159204732 0.1821788962 0.2225269692 0.1538485242 0.2188801410 0.1910714862 0.1763327219 0.1662594141 0.1870319070 0.2275151342 0.2554728958 0.1984686712 0.1998633390 0.1777590231 0.2073625550 0.2133017383 0.1657956227 0.2301762170 0.2176033589 0.2925067431 0.3339213567 0.4109518563 0.5426725981 0.6518780550 0.8433089391 0.8810995041 0.8897999930 0.8887618331 0.7729131955 0.6547744078 0.4910347355 0.3942808905 0.3096768270 0.3056128484 0.2466783051 0.2176686520 0.1585632770 0.2164015316 0.1892045408 0.1813817618 0.2709539330 0.1899104848 0.2130375933 0.2261291179 0.1797576315 0.1801834996 0.2013941629 0.2648499853 0.1936020087 0.2366691354 0.2050504362 0.2393735789 0.2107740139 0.2242850117 0.1546373176 0.1958410752 0.2559189489 0.2810503814 0.3371825626 0.3806189350 0.5781766669 0.6233535757 0.7884595056 0.8891100194 0.9046160897 0.8679705454 0.7764440461 0.6820184934 0.4955294657 0.4239550240 0.3199095920 0.3000033954 0.2023262304 0.2505048834 0.1848807836 0.2157388201 0.2040702135 0.1528024895 0.2358409305 0.1953709597 0.2098416016 0.2127549567 0.2204885185 0.2216183632 0.2208095659 0.2274239904 0.2620110489 0.2205265479 0.2084884831 0.2150278639 0.2659287167 0.2046294272 0.2028650066 0.2010853232 0.2101048183 0.2674366944 0.3748281186 0.4211142198 0.5120290469 0.6298414711 0.7798202234 0.9390403537 0.8891374491 0.8285755222 0.7832628827 0.6707094823 0.5218894814 0.4125818276 0.3434186470 0.2459243086 0.2310941101 0.2143529188 0.2807075319 0.2349138688 0.2117676139 0.1877537313 0.2181981495 0.2555352445 0.2291835706 0.2557472170 0.1653842027 0.1894933386 0.1881920784 0.2000222499 0.1940357603 0.1849292878 0.1917673085 0.1833389303 0.1646283982 0.2134201106 0.2407050056 0.2555037765 0.1976687776 0.3421856751 0.3773581892 0.4509392928 0.5930613188 0.7266568814 0.8232336549 0.9202971593 0.9919276200 0.9266670794 0.8042145390 0.6357666665 0.5301548482 0.4115856313 0.3014613046 0.2640092172 0.2540284261 0.1963969637 0.2334771745 0.1797406989 0.2302878192 0.2332486979 0.2126563913 0.2782663695 0.2081425283 0.2319040437 0.1865837760 0.2033225197
0.1575803779 0.2303558992 0.2562989545 0.2058032469 0.2119911865 0.2284363961 0.1532074536 0.2197329038 0.1834530586 0.1973620423 0.2178622005 0.2619495300 0.2647115096 0.2962792381 0.3104175231 0.3614074204 0.5402863799 0.6905599285 0.8167110453 0.9017426029 0.9217620742 0.8529813278 0.8185535710 0.6452457661 0.5249763916 0.4113492585 0.2816726409 0.2580091064 0.1854253246 0.2381679073 0.2015792223 0.1674038878 0.1597811757 0.1784602521 0.2223114722 0.1953729041 0.1354532524 0.1853178860 0.1773978289 0.1831432581 0.2280586916 0.2107961537 0.1912368546 0.1894385071 0.1527394609 0.2242286592 0.1419457961 0.2065003064 0.2180761446 0.2036026635 0.2603539385 0.2999578038 0.3587772796 0.4438626080 0.5986026171 0.6738897448 0.8560730882 0.8610780007 0.9412429865 0.8608016182 0.8270438725 0.6513264000 0.5105628372 0.4138051437 0.3172736667 0.2624163973 0.1871746684 0.2707292241 0.1877391057 0.2207046449 0.2118959856 0.2134726359 0.1840735668 0.2207266625 0.2433136202 0.1961952490 0.2154923837 0.2227002869 0.2067597643 0.1642872785 0.2221288919 0.2091835844 0.1822359809 0.1903893973 0.1830410671 0.2086718883 0.2342390937 0.2213150811 0.2441799626 0.3189581305 0.3728525221 0.4601977603 0.6063998953 0.7184180089 0.8019232163 0.8817243371 0.9113304046 0.9332762404 0.7881041779 0.6692166052 0.5596826826 0.3893374957 0.3216639701 0.3143227852 0.2152328796 0.2047208216 0.1846189494 0.2063140071 0.1894048249 0.2503143746 0.2114565567 0.1925607619 0.2259154636 0.2101003411 0.2082875287 0.2228342334 0.2546919732 0.2035344885 0.2146876959 0.1852755435 0.1773291571 0.1931584758 0.2289989942 0.2150795233 0.1855813649 0.1964167697 0.2734558869 0.3114065273 0.3828927010 0.4931904606 0.6265297470 0.7070377678 0.8113588930 0.8812898060 0.9276349939 0.9359890091 0.7712212632 0.6221863325 0.5293786226 0.3566095695 0.3159173997 0.2773306209 0.2244791673 0.2328160971 0.2414647819 0.1848454347 0.1926735324 0.2648000959 0.1950281173 0.1875497356 0.2551053446 0.1845069248 0.2654369593 0.1914970407 0.2183160757 0.2270144192 0.2046247070 0.2100281366 0.2086158745 0.2128674345 0.1899301054 0.1802245505 0.2516280916 0.2163109570 0.2526644101 0.2976669393 0.3728350465 0.5097115424 0.5662227998 0.6844536815 0.9041927600 0.9505589537 0.9220512946 0.8831369332 0.7983183011 0.6249102201 0.5428134923 0.4207970532 0.3774519906 0.2620975099 0.2385570007 0.2503523676 0.2706887756 0.2166275894 0.2417946210 0.1899300443 0.1304184185 0.2056305902 0.2283216247 0.2176055716 0.1789429486 0.1783236473
0.1682926070 0.2266746491 0.2026788250 0.2250700969 0.2203387076 0.1746361513 0.2245773938 0.2025597376 0.2745252365 0.2284559251 0.1777899758 0.2221435472 0.2597529628 0.2934143422 0.3816309466 0.4546842005 0.5696269309 0.7057566767 0.8093016367 0.9176247551 0.9143278367 0.8546961514 0.7950108128 0.6066928147 0.5291925926 0.3905795231 0.3099759251 0.2205509268 0.2545145910 0.2234193253 0.1681698284 0.1893303956 0.2026255661 0.2204573345 0.2188893596 0.2091855760 0.1984878981 0.2145946570 0.1883700246 0.2506273357 0.2261573544 0.2442950728 0.2325115457 0.2186271798 0.2242677920 0.1761111741 0.1882172092 0.2273426749 0.2218128380 0.2338941256 0.2442375872 0.2555356699 0.2852646362 0.4863678768 0.5691498128 0.6824598285 0.8117477036 0.9024859459 0.8902611169 0.9003349894 0.8207828436 0.6854234412 0.5249339082 0.4616454141 0.2989052191 0.2528064692 0.2580444669 0.2203127907 0.1703035325 0.2396466865 0.1812752075 0.2083049071 0.1957567990 0.1919049200 0.1484220230 0.1950249202 0.2479387158 0.2371756342 0.2160838760 0.1821389631 0.1932221996 0.2149312784 0.2421029772 0.2228204247 0.1910430372 0.2746406648 0.2672888136 0.2563038610 0.2784607152 0.2907040719 0.3575032876 0.4700596131 0.6240946125 0.7578466787 0.8475952950 0.9264607107 0.9603124710 0.9117992922 0.7707853216 0.6622904057 0.4735417900 0.4007835859 0.2824989516 0.2748063518 0.2542326860 0.2450845110 0.2502106881 0.1807303689 0.2438553344 0.2218307674 0.1777963609 0.2131982061 0.1937007818 0.2030235310 0.2404645743 0.2318172228 0.1834448040 0.1653175821 0.2513980931 0.2257141789 0.2333314803 0.2365675129 0.1956836348 0.1891802238 0.2332784046 0.2411634433 0.2212454014 0.2964882178 0.4070041664 0.4999999266 0.5780257249 0.7124527008 0.8246975114 0.9734433533 0.8875744977 0.8485855465 0.7858829536 0.6379541655 0.5423601404 0.3380436024 0.3175846984 0.2523730397 0.2485572428 0.1700891356 0.2114537064 0.2352516621 0.2016892066 0.2238909546 0.2149341614 0.2708178627 0.2866423820 0.1871025100 0.2388448641 0.2411855001 0.1986517670 0.1812407321 0.2049868536 0.2693424894 0.2055389230 0.2564270059 0.2201436579 0.2360593381 0.2212639016 0.2400638407 0.2760033295 0.3439788655 0.3672246558 0.4923406178 0.6006765567 0.6975203114 0.8978337440 0.9521302712 1.0000000000 0.8777821420 0.7634725395 0.6476868884 0.4685288597 0.3864806194 0.3120628745 0.2918963347 0.2743771483 0.2712782704 0.1701492294 0.1905478314 0.2318872781 0.2449047934 0.2126034345 0.1753119876 0.2319688975 0.2507041993 0.2547935983 0.1814691799
0.1979722080 0.2129407541 0.2599425429 0.1982611078 0.2205263663 0.2317891939 0.2616244510 0.1817485033 0.2106792009 0.2160990246 0.2175868470 0.2201813412 0.2697621488 0.2766224103 0.3637164157 0.4332082834 0.5321056139 0.6822804693 0.8088768118 0.8868723818 0.9456571808 0.8317924829 0.7473800869 0.6545117570 0.4634315473 0.4356601052 0.3002304170 0.2678752422 0.2050155428 0.1811283574 0.2571566832 0.2135044629 0.2021208792 0.2156564015 0.2466932768 0.2196774605 0.2289383854 0.2161872246 0.2144561340 0.2017886648 0.2081683128 0.1683379955 0.1740695253 0.2342991636 0.1833279646 0.1645729996 0.2108810586 0.1761364642 0.2071794851 0.1684740865 0.2452945727 0.2732156793 0.3470312892 0.4568294160 0.5779580780 0.7098048059 0.8195727176 0.8761127325 0.9087636074 0.8617871491 0.7769486051 0.6636704655 0.5314907670 0.3952810391 0.2795171769 0.2748176275 0.2122753544 0.2570259438 0.2216603479 0.1898031443 0.1961626062 0.2002547200 0.2764796426 0.1863398726 0.2487708139 0.2246620691 0.1793446705 0.2262446580 0.2020625535 0.2105487247 0.1970219455 0.2494102693 0.2097299774 0.2262546844 0.2051991521 0.2128090679 0.1857449277 0.2011699674 0.3208941657 0.2619340906 0.3072949664 0.4839065835 0.5751175210 0.6988423560 0.8323449243 0.8906742249 0.9409146576 0.8837741707 0.7700302162 0.6445195030 0.5029814140 0.4430220688 0.3085847718 0.2627606042 0.2042441680 0.2029610689 0.2037859892 0.2159131416 0.2083434807 0.2184214326 0.2323782545 0.2579918910 0.2153258570 0.2132582910 0.2172349137 0.2114646624 0.1737004721 0.2855689967 0.1881883956 0.2278653996 0.2285644642 0.2541074214 0.2379656007 0.2524047405 0.2282207422 0.2420244819 0.2614324045 0.3001692182 0.4177926171 0.4843614603 0.5587091454 0.7117164084 0.8604592275 0.8898987012 0.9044695661 0.9127905204 0.7819504476 0.6644085560 0.5074789349 0.4027784619 0.3060543239 0.2974142207 0.2543341145 0.2402074609 0.2868976933 0.2337529158 0.2258723174 0.2313914724 0.2317528042 0.2318551274 0.1986824298 0.2243448706 0.1928842192 0.2322771256 0.1830447785 0.2656947984 0.1805067279 0.1978098260 0.2108228666 0.2130514005 0.2168276414 0.2231901313 0.2352515681 0.3275042384 0.2762704466 0.3487560778 0.3503838737 0.4701691495 0.6104423588 0.7415352268 0.8685399760 0.9775914950 0.9056979911 0.8460787160 0.7284618198 0.5997997095 0.5460924147 0.4151130564 0.3327610491 0.3028771823 0.2752923204 0.2612710331 0.2149933791 0.2414667096 0.2524061418 0.2504591930 0.2170522447 0.2084711908 0.2621018564 0.2777021807 0.2073085911 0.2677607908
0.2118437604 0.2393000978 0.2279623881 0.1966754227 0.1866922319 0.1745209420 0.2035730135 0.1909949848 0.2216814917 0.2088193725 0.2394937467 0.1888857111 0.2343205238 0.3306120965 0.3400694764 0.4556767859 0.5792692064 0.7256435358 0.7832996812 0.9057109550 0.9228414707 0.8840343606 0.7684203594 0.6509831749 0.5426535025 0.4034096122 0.3210963072 0.2492539274 0.2456122549 0.2578677461 0.2360715238 0.1715131498 0.1442265431 0.2065711342 0.1984239331 0.1825562162 0.2432748993 0.2593052299 0.2217019349 0.2179529640 0.1826772996 0.2098633522 0.1842998295 0.2112979368 0.2439063855 0.2597852982 0.1756575559 0.1662425237 0.1777230083 0.2332974723 0.2423296796 0.3010585366 0.3338112028 0.4800824643 0.5826632675 0.6939761349 0.7928516207 0.8751408206 0.9507087359 0.8972313778 0.7752478097 0.7027959296 0.4992623311 0.4255672128 0.2735860383 0.3224436244 0.2346177754 0.2148238729 0.1876491034 0.1786996491 0.2235954739 0.2070068865 0.1963688484 0.3050146076 0.2092826139 0.2274088187 0.1853062189 0.1950947670 0.2435920285 0.2315938413 0.2304216477 0.2635701856 0.2626122722 0.2404232785 0.2241228685 0.1780478700 0.2444929595 0.2324654443 0.2113699595 0.3044064442 0.3725010363 0.4822330094 0.6411673892 0.7401803454 0.8686799335 0.9167671426 0.9443037726 0.8277344445 0.8053240196 0.5920193008 0.5087385677 0.4214513862 0.3131935670 0.2802628692 0.2587129723 0.2351401614 0.1871181894 0.2098783488 0.2111650403 0.1857939690 0.2175428488 0.2068487865 0.2036449459 0.2461442138 0.2076422873 0.2522821993 0.1889617426 0.1946190805 0.2620094115 0.2097201035 0.1996745385 0.2334511678 0.2004947744 0.2047978665 0.2093821899 0.2146297766 0.3024924157 0.3268628154 0.3758930243 0.5416994206 0.5839377126 0.7618886864 0.8691057844 0.9652702740 0.9104183835 0.8988192551 0.7464998877 0.5649710844 0.4798124507 0.3807371976 0.3239917884 0.2594756541 0.2505864404 0.1966582022 0.2619847902 0.2428222388 0.2266004625 0.2404055308 0.2443950441 0.1786018454 0.2622692486 0.2560717220 0.2174269528 0.2220869773 0.2525189846 0.2768816771 0.2315815950 0.2599642091 0.2370091391 0.1985468836 0.1705419254 0.2393670111 0.2472281904 0.2164384862 0.3385787031 0.3015977283 0.3677389905 0.4678951162 0.6132619877 0.7188718258 0.8853554142 0.9505683722 0.9413400144 0.8509270833 0.7978046979 0.6488277495 0.5325284218 0.3817303531 0.3196317559 0.3144802359 0.2942290274 0.2252399875 0.2701184757 0.2504322763 0.2522190137 0.2615647405 0.2654194174 0.2470814473 0.1878798807 0.2009319395 0.2236949951 0.1648747287
0.2253634208 0.1671247895 0.1741736175 0.2628628546 0.1998230169 0.2017384363 0.2276947160 0.2684104867 0.2136284201 0.2450769017 0.2082962070 0.2142566110 0.2668542385 0.3137536291 0.3379055892 0.4972828615 0.5997240517 0.6938033831 0.8511948858 0.8522608484 0.9390972628 0.8462866242 0.7732317347 0.6752235970 0.5133866277 0.3772036131 0.2913127390 0.2773993882 0.2331871659 0.2318111397 0.2182780295 0.1808552745 0.2115668823 0.2449086788 0.1723308832 0.2057259570 0.2086656266 0.2062789480 0.2035033316 0.1988205800 0.1952029123 0.2124669044 0.1894719434 0.2109870361 0.2337926048 0.2262874313 0.2447208277 0.2360853394 0.2687654735 0.1958090880 0.2470541023 0.2749043418 0.3608574689 0.4936469211 0.5754829889 0.7161359853 0.8441088474 0.9334408172 0.9275044000 0.8234932260 0.7847122079 0.6505376761 0.5316319080 0.3695166667 0.3155827284 0.2701399064 0.2611203755 0.2221726464 0.1853333516 0.1794590731 0.1836927987 0.2018202764 0.1992245014 0.2092667898 0.1593365070 0.2134571065 0.2113742751 0.2233849905 0.1899536222 0.2455750130 0.2117524515 0.2885589574 0.1730523861 0.2375345921 0.2246429195 0.2399784797 0.2266918511 0.2650500029 0.2395540224 0.3256158342 0.3590868333 0.4837405509 0.5694723062 0.7252986307 0.8611852431 0.8971425638 0.9245481825 0.8653536925 0.7342540100 0.6021790639 0.5173638299 0.3556854190 0.3369280295 0.2706885847 0.2355763521 0.2041719525 0.2775010480 0.2152408971 0.1920186476 0.2262449244 0.2276759768 0.2937266931 0.2448162406 0.2418257792 0.2283014903 0.1995598193 0.2529789057 0.2195791804 0.2121374302 0.1892807628 0.1600467990 0.2083714480 0.2112433715 0.2154550866 0.2374616979 0.2207195855 0.2793457180 0.3321035363 0.3829150561 0.4902320093 0.5620192028 0.7330111978 0.8398511567 0.9102437080 0.9291479878 0.8620219449 0.7668517269 0.6124671724 0.5013635179 0.3790737803 0.2686295898 0.2566513287 0.2512775621 0.2066693579 0.2130960294 0.2687777196 0.1772988273 0.2560070002 0.2477029618 0.2765663405 0.2357558276 0.1997500807 0.2274313186 0.2199059288 0.1552996022 0.1980743053 0.2274245481 0.2835475650 0.2150509127 0.2192475336 0.2521078474 0.2402380887 0.2444342274 0.2488151129 0.2747136281 0.3247820174 0.3861665845 0.5283600570 0.5698589250 0.7820917591 0.8363115076 0.9664477129 0.8816275666 0.8607497724 0.7813135738 0.6226845439 0.5228942140 0.4284872557 0.3398921920 0.2949066112 0.2099680103 0.2763500507 0.1952465424 0.3078250088 0.2325303789 0.2180596800 0.2206576384 0.2519637940 0.2165818953 0.2304710445 0.2133740396 0.2451844504
0.2349659211 0.1757615829 0.2551739823 0.1723780789 0.2053587820 0.2232235310 0.1964198915 0.1319128914 0.2561149989 0.2526268417 0.2136241023 0.2791136199 0.2851448905 0.2416115503 0.3766458929 0.4210873406 0.6193442668 0.7076278676 0.8138290829 0.9012176869 0.9156055584 0.8814184501 0.7401431557 0.6379176406 0.4875345185 0.3486280923 0.3196262255 0.2691869697 0.2265808882 0.2055634256 0.2035638385 0.1770938722 0.1762319782 0.2061446762 0.2067631182 0.1547281362 0.2176740933 0.1662003340 0.1945923599 0.1961733641 0.2093598937 0.2165400662 0.2409126713 0.2193106481 0.2415852219 0.2104691787 0.1827652962 0.2136032405 0.2325400522 0.1949607387 0.2788060982 0.1769086672 0.3593836532 0.4675077059 0.5539424409 0.7393290699 0.8954104283 0.9657992344 0.9585818606 0.8657563525 0.7695100817 0.6344479932 0.5452730897 0.3805890617 0.2689249299 0.2459970460 0.2492783107 0.2502964548 0.2355935607 0.1606218520 0.2418244379 0.1867233606 0.2231821599 0.2608094405 0.2017731991 0.2074773579 0.2129860843 0.1735095873 0.2461970685 0.2207588994 0.2162098385 0.2038813915 0.2017089070 0.2676716860 0.2310790054 0.1808802610 0.2537272374 0.2285085814 0.2516685898 0.2781222821 0.3607961071 0.5098846244 0.6062258594 0.7613805862 0.8506401128 0.9169366147 0.9138943211 0.8583335386 0.8017161072 0.6093938823 0.4764742390 0.3527172619 0.3004334052 0.2645446022 0.2053024030 0.2065944012 0.2126293938 0.2858943880 0.2069483928 0.1813681911 0.2364536359 0.2122334976 0.2260848716 0.2039504881 0.1660940890 0.2364167747 0.2309800169 0.1911660331 0.1528152910 0.1944941811 0.2211693668 0.1881917245 0.1584289353 0.2162177712 0.2450334708 0.2623863675 0.2481359556 0.2812154260 0.3355071473 0.4844847625 0.6195438555 0.7789623187 0.8166043413 0.9523015091 0.9577254731 0.8540795545 0.7612059263 0.6281994694 0.5296984198 0.3940833456 0.2938025520 0.2763808973 0.3189774937 0.2440069914 0.2432030388 0.1620352644 0.2126522584 0.2002855253 0.1965001726 0.2243969979 0.2189436178 0.2400507318 0.2597873164 0.2095566030 0.1983303316 0.2343148303 0.2309416178 0.2081119146 0.2401895663 0.2621821217 0.2579111987 0.1936915140 0.2008173490 0.2253113312 0.2388691111 0.3322897387 0.4044187528 0.5516556985 0.5887490109 0.8159148686 0.8904275107 0.8915305677 0.9665927134 0.8381926677 0.7618020904 0.6610453018 0.5001745126 0.3900974668 0.3413045614 0.2783509052 0.2478035555 0.2171047984 0.2146953181 0.2626169145 0.2269220423 0.2325635427 0.2397382131 0.2073146160 0.2236616542 0.1709566660 0.1985171517 0.2323628245
0.1474896976 0.2270261191 0.1737967718 0.1969902737 0.1668398485 0.1524903914 0.1822476374 0.2423871562 0.1874483922 0.2172853288 0.2372647575 0.2037048070 0.2175486177 0.2977291330 0.3885098226 0.4480225434 0.5782687667 0.6738210403 0.8103671563 0.8653702375 0.9766710329 0.8609221644 0.7196879364 0.5928045473 0.4672175141 0.4115146737 0.2657862802 0.2588976979 0.2167883196 0.2073649084 0.1905507684 0.1762957361 0.1765133569 0.1763088759 0.1954077004 0.2016350615 0.2809954170 0.2155433352 0.2230911602 0.1960685708 0.2351807484 0.1945536252 0.1786101748 0.1644877049 0.1714857410 0.2179090607 0.1871821078 0.2334032416 0.2234472374 0.1938815190 0.2214288109 0.2588998750 0.3582160278 0.4949226278 0.5998425413 0.7191330756 0.8186884258 0.9025443533 0.8911905229 0.8921257805 0.7434854945 0.6253979125 0.4592528391 0.3625460895 0.3177781589 0.3188204576 0.1956565561 0.1971350699 0.2545343198 0.2233262940 0.2602285967 0.2055828559 0.2257352001 0.2126002484 0.1734066804 0.2151987488 0.1961909734 0.2061151857 0.1623503224 0.1919984064 0.2139870609 0.2068236178 0.1772921282 0.2042977612 0.2439345156 0.2150483185 0.2328213200 0.2343119158 0.2253834709 0.2787646712 0.3892504378 0.4782066444 0.6724675600 0.7574766365 0.8014707610 0.9614191867 0.8749641502 0.8501156300 0.7358549505 0.5620963117 0.4841256243 0.3406630685 0.2914306716 0.2121286120 0.2502369068 0.2280807675 0.2363309544 0.1913884138 0.2146075113 0.2206871556 0.2291671497 0.2025841203 0.2415272922 0.2191486266 0.1821719328 0.2528317893 0.1920391850 0.2313194150 0.1981922558 0.2415722621 0.2764590583 0.1857729896 0.1929321087 0.2398274334 0.2193605336 0.2901976353 0.3065465476 0.3113513302 0.3591966942 0.5239006988 0.6146718051 0.7048353712 0.8526121867 0.9394176510 0.9342466088 0.8619526383 0.7355184832 0.6712818836 0.4966868253 0.3461555169 0.3119151178 0.2055802071 0.1576785619 0.1855172542 0.2242477745 0.2328120452 0.2091063711 0.1641333850 0.2329491002 0.1674160477 0.1794107394 0.2214806114 0.2153068576 0.2261261967 0.1861477890 0.1926794986 0.1910107060 0.1560940849 0.2264128616 0.1829066187 0.2433490618 0.1998981373 0.1988942542 0.2301605208 0.2518847681 0.3014858955 0.4058004760 0.4859954804 0.6410877977 0.7972332682 0.8761172616 0.8921537137 0.9432476105 0.8824525538 0.7534764137 0.6055999699 0.5082720258 0.3532192643 0.3196681720 0.2493361417 0.2349413438 0.2233311050 0.1525504696 0.1711431055 0.1826461975 0.2066217125 0.1686979386 0.2435578146 0.2499623182 0.1954185216 0.2069330874 0.2285031856
0.2000413351 0.2070670692 0.2210317407 0.1977231108 0.1837231890 0.1955057328 0.1579254897 0.2285543532 0.1751683334 0.1793486724 0.2032846510 0.2484355188 0.2433275197 0.2927716367 0.3489545923 0.4397891512 0.5776189518 0.7074823406 0.8557762834 0.8794548812 0.8868837762 0.8383932872 0.7759269486 0.6546744475 0.4389322454 0.2922323856 0.3022142858 0.2472781918 0.2291406095 0.2037014164 0.2123274154 0.1614910996 0.1876346596 0.2165395084 0.2368107947 0.1867628041 0.1697562916 0.1896985779 0.2275824530 0.2089861686 0.1852341713 0.1833068282 0.2112250323 0.1926067627 0.2385514285 0.2281558434 0.1409749670 0.1875637781 0.2238546190 0.2277212991 0.2219980818 0.2593011532 0.3927047852 0.4507826451 0.6057348464 0.7628474117 0.8684414352 0.8937927701 0.9265382530 0.8347982421 0.7373022669 0.5358222256 0.4917318021 0.3884655907 0.3212855741 0.2677413698 0.2027797891 0.2360149039 0.1867718970 0.1712744126 0.1965591439 0.1735870329 0.2521048313 0.1632959641 0.1787710897 0.1754788381 0.2201069231 0.2081219077 0.2086415150 0.1679976664 0.2213086524 0.1595798358 0.2011580534 0.1847982722 0.1479055434 0.1835725806 0.2048934502 0.2106511253 0.2733535138 0.2646668606 0.3347142813 0.4302107427 0.5938605133 0.7187169361 0.8498079856 0.9458493276 0.9624769362 0.8648566429 0.7199170152 0.6004403635 0.5055323425 0.4122414128 0.2927808736 0.2576233167 0.2546221589 0.1952237684 0.2443000481 0.2442483456 0.2067101918 0.2179876834 0.2090199792 0.2270520899 0.2141953295 0.2065574424 0.2144317914 0.2305566416 0.1357868804 0.1853097304 0.2756908092 0.2007776826 0.2066986311 0.2236689565 0.1951355913 0.2050978749 0.2153667133 0.2316341786 0.2717815398 0.2789842687 0.3442593286 0.5140497671 0.6349874360 0.7782500495 0.8619819912 0.8969610543 0.9192013391 0.8316950214 0.7025813220 0.5913081959 0.4971174081 0.3654339176 0.2842072762 0.2748825495 0.2450118760 0.2519373782 0.2086717983 0.2181228054 0.2471122985 0.2299593250 0.2307044446 0.1862102032 0.1973087644 0.2537371724 0.2416839452 0.1771273626 0.2442595700 0.1784634493 0.1687159687 0.1390901393 0.2529013503 0.2295605404 0.2587664277 0.1946990863 0.2343797889 0.2389057680 0.2848562281 0.3443299148 0.4056378678 0.5161997402 0.6309673839 0.7607615338 0.9123128564 0.9194008459 0.9027451367 0.8718794887 0.7797406764 0.6233030122 0.4933222204 0.3494145076 0.3086685737 0.2030698214 0.2602652083 0.2265361039 0.2293179604 0.1861387566 0.2141221381 0.1954628344 0.1751571265 0.2359387517 0.1890977662 0.1664963481 0.1781442299 0.1710280719
0.1478503207 0.1518738093 0.2104163501 0.2183447047 0.1810045766 0.2485305372 0.2277438832 0.2151202240 0.1819536318 0.1925793447 0.1943907656 0.1992894392 0.2935120446 0.2292799482 0.3925441416 0.4292919992 0.6020372576 0.7297149971 0.8086339732 0.9057089755 0.9283955380 0.7699670030 0.7088339449 0.5943717986 0.4788120051 0.3984426058 0.2714921980 0.2125799986 0.2638243618 0.1275609360 0.1651086744 0.1982539827 0.1892170987 0.1844491317 0.2369196594 0.2040806943 0.2330093187 0.1438847858 0.1020946015 0.1861416574 0.2076151937 0.2144185378 0.1859708510 0.2218464934 0.1468831085 0.1558811495 0.2132564757 0.1930539357 0.2122992304 0.2690031567 0.2392162926 0.2937679782 0.3823843555 0.4387827510 0.5924732350 0.7082829614 0.8399109261 0.8986229294 0.9126858239 0.7954338939 0.7253287616 0.5330054910 0.5111937838 0.3315751839 0.2856103536 0.2075899997 0.2021774597 0.2249790520 0.1535049695 0.1584042843 0.1716519728 0.1582481799 0.2421539169 0.2039778334 0.1801473596 0.1938495645 0.1909494121 0.2332219226 0.1839529389 0.2310450062 0.1738621798 0.1624267094 0.1796867711 0.1515367392 0.2300029531 0.2264412937 0.2253471821 0.2150371446 0.2042444094 0.2824574174 0.3578932294 0.5065240571 0.5796706753 0.7123444607 0.8584499353 0.9188089172 0.9404094781 0.8330301939 0.7112027977 0.5662389042 0.4625361755 0.3392577555 0.2927938226 0.2839896180 0.2051656023 0.2343921238 0.1877849877 0.2232442882 0.2056563453 0.1955590292 0.2179801558 0.2043642767 0.2004416120 0.1784537752 0.2042611784 0.1919076379 0.1898386998 0.2016888400 0.1859798069 0.2219753877 0.1499163062 0.1980534568 0.2031608421 0.2075596684 0.1979432339 0.2569910543 0.2473499439 0.2892598993 0.4052743495 0.4677324224 0.6424511586 0.7275158753 0.8427666515 0.9168773708 0.8715788440 0.8465224703 0.7317620089 0.5862113821 0.4819917846 0.3773018181 0.3294912421 0.2126123068 0.1776484567 0.1812262016 0.1917368982 0.2116130249 0.2282525536 0.2317825445 0.2258318572 0.1904664025 0.1411295752 0.1809939954 0.1811425654 0.1855903051 0.1937716154 0.2067781637 0.1574362404 0.2160696933 0.2180978735 0.2357372470 0.1809630162 0.1775870200 0.2964633867 0.2458094787 0.2362034573 0.3273292916 0.3918227804 0.4925118666 0.5980094134 0.7065416765 0.8172185752 0.8920610403 0.9455933868 0.8504305134 0.7293430036 0.5562424171 0.4345320364 0.3453498584 0.2593796656 0.2728475522 0.2694703890 0.2117726658 0.2179069280 0.1630601385 0.2467359153 0.2248016474 0.1929306225 0.1852219804 0.1892699205 0.2276405882 0.2295130687 0.2625200102
0.1657840241 0.1980778410 0.1702376918 0.2225229757 0.1419297751 0.1890365769 0.2063573495 0.1730343465 0.2516469604 0.1532440357 0.2119023335 0.2455930476 0.1813245802 0.2573183949 0.3425617547 0.4890266534 0.5744769926 0.7198083959 0.8306942777 0.8533610581 0.8922165988 0.8904198091 0.7189800106 0.5374081348 0.4269089029 0.2795671291 0.2704500041 0.2060798371 0.1731166111 0.2282351871 0.1984570252 0.2266043905 0.1709472786 0.2081256924 0.1956876450 0.2213683777 0.1488066633 0.1618714626 0.1628983697 0.1661254769 0.1598568204 0.1773312841 0.2013695709 0.1753532182 0.1812033353 0.1796565061 0.1492587433 0.2019635248 0.1489026007 0.1675379431 0.1605929808 0.2894969516 0.3613337762 0.4451423125 0.5758787486 0.7420673476 0.8107037174 0.8878182775 0.8719709625 0.8236955036 0.6690524007 0.6116599225 0.4724577890 0.3441871406 0.2284501506 0.2515722956 0.2588362611 0.1757781623 0.1881052988 0.1649784636 0.1639318096 0.1876418029 0.2025396665 0.1796793800 0.1844183477 0.1686480935 0.2367356435 0.1253638073 0.1258733359 0.2187130214 0.2133649735 0.2513357259 0.1950525949 0.2202160173 0.1503531132 0.1973712535 0.2152328783 0.1663563894 0.2503894247 0.3406064136 0.3892126934 0.4254459460 0.6129339825 0.6789396966 0.8442053056 0.8721483292 0.8917367347 0.8256048871 0.7705368574 0.5761117918 0.4105710378 0.3653169506 0.2625832660 0.2532419041 0.1566300039 0.2087510989 0.1916711487 0.1549462604 0.2326843629 0.1935485648 0.1680928810 0.1870152758 0.2039446130 0.2409611017 0.2273411047 0.2203890324 0.2485612760 0.2123403200 0.1983801696 0.2081264335 0.2320421914 0.1549779662 0.2017607413 0.2242775990 0.2163900285 0.2528632779 0.2282288775 0.3306561614 0.3558352830 0.4681095287 0.5855630671 0.7446265079 0.8057359030 0.9569660456 0.9101399378 0.8894337717 0.7308741743 0.5678661136 0.4528269208 0.3314742830 0.2626286600 0.2171840254 0.1842853223 0.2500945059 0.1991555779 0.1546547276 0.2244305761 0.2209160568 0.1938746152 0.1800029014 0.2436108404 0.1541276288 0.1902270980 0.1829104229 0.1659667567 0.2415801245 0.1893918176 0.2547078074 0.2233762135 0.1865256454 0.2547720737 0.1656533339 0.1901485369 0.2717267313 0.2326982777 0.2748047506 0.3571166548 0.5013568300 0.6478623092 0.7316941592 0.8632915725 0.9265479419 0.9000486547 0.8709179281 0.7308240711 0.6126464012 0.4205436086 0.3843007582 0.2677866254 0.2858298967 0.2063159457 0.1810982428 0.1954699574 0.2400731800 0.1951163068 0.1975206187 0.2110408166 0.1942926685 0.2471682784 0.2290587000 0.2485004560 0.2171673075
0.1495528673 0.1639917016 0.1175193461 0.1254363585 0.2654537920 0.1695119934 0.1978821772 0.1557956775 0.1896650678 0.1607332125 0.1828929230 0.1872286410 0.2112379870 0.2770431266 0.3700473057 0.4520155937 0.5595715803 0.7389547587 0.8015056833 0.8634071379 0.8699502413 0.8129158635 0.6937607652 0.5725869298 0.4555126666 0.3522644767 0.2690355561 0.2159245278 0.2323182770 0.2025538115 0.2223428541 0.1636040502 0.2267859315 0.1703842687 0.2013341987 0.2178529732 0.2049626960 0.2132810827 0.1680807343 0.1686107976 0.1775692321 0.1629287635 0.1871279855 0.1399162514 0.2182111974 0.1945334443 0.1762547053 0.1692924760 0.1861289172 0.2031089905 0.2096863619 0.2545182111 0.3784921873 0.4821882045 0.6203670142 0.7854414872 0.8071436337 0.9268535425 0.9313304594 0.8235473014 0.7027798341 0.5487048514 0.4523505571 0.3578380653 0.2874506114 0.2170182857 0.1437163487 0.1689656442 0.1832749974 0.2454579803 0.2170619705 0.1469219210 0.1762080160 0.2005645223 0.1783730824 0.2185745277 0.1541447399 0.1957257055 0.1692298360 0.1130649477 0.1721298135 0.1793899612 0.1218696785 0.1244937878 0.1890953535 0.2035852472 0.1681653581 0.2424851876 0.2602682054 0.3212395408 0.3673930470 0.4791742127 0.6042334932 0.7643974839 0.7883644160 0.9060742792 0.9524751049 0.8530156194 0.7303183218 0.5872035505 0.4441147359 0.3176833899 0.2118763646 0.2612568023 0.1928475129 0.1786649276 0.1805354062 0.2396323482 0.2060170256 0.1976908607 0.1509129839 0.2085856733 0.1703363985 0.1713899833 0.2365493472 0.1718182281 0.2130631521 0.1872468783 0.2242923750 0.1871967313 0.1629461455 0.2015807488 0.1801555008 0.2388233505 0.1775305264 0.2205592652 0.1996133586 0.3022804706 0.3482805882 0.4532068049 0.5633244784 0.8170402223 0.8580114454 0.9280927573 0.8764905403 0.8551390463 0.7052241698 0.5592002025 0.4405677588 0.3800436139 0.3175857993 0.2215124488 0.1772051527 0.2169688381 0.1825810964 0.1840736733 0.2336026657 0.2210037088 0.2369203191 0.1920574701 0.2184242122 0.1780364161 0.1650704379 0.1741325240 0.2366609981 0.2215937362 0.1923383097 0.2318725099 0.2248040200 0.2155954117 0.2352660563 0.1880240981 0.2409052626 0.2158666540 0.2155416519 0.3613617654 0.3690693394 0.4907048432 0.5917038318 0.7383019560 0.8309570951 0.9063837372 0.8946178845 0.8040597987 0.6923188470 0.5712712706 0.4366765090 0.3863626743 0.3180696733 0.2688967050 0.1496480130 0.2692747588 0.2286203155 0.1828699766 0.1517011144 0.1879662320 0.2317031267 0.1999860792 0.2124725913 0.2542731678 0.2184770649 0.1986580027
0.1462362873 0.1884879543 0.1926828682 0.1794155555 0.1454966521 0.1433631634 0.1780013962 0.1450122866 0.1373230832 0.2154543788 0.1231691446 0.2057385927 0.2619892841 0.2572991535 0.3566527387 0.4494328998 0.6137198156 0.7280441389 0.8666704004 0.8389579054 0.8625970647 0.8125762977 0.7041969813 0.6092443653 0.4066670879 0.3389424790 0.2236922753 0.2313145696 0.2350276793 0.2382999505 0.1955596887 0.1975805809 0.2051945802 0.2252682705 0.1795994644 0.1837003627 0.1963785283 0.1800740986 0.1450182832 0.1801070790 0.2023383638 0.1882184192 0.2009667177 0.1816046764 0.2162836648 0.2004782212 0.2143522739 0.1985811484 0.2595127934 0.1966928937 0.2222008734 0.2957964998 0.3979954044 0.4642358514 0.5464227223 0.7490487492 0.7850139789 0.8836652295 0.8566770983 0.8330684094 0.6654489469 0.6045300341 0.4869646762 0.3272430078 0.2841887111 0.2050695547 0.1917072236 0.2299650620 0.1612457979 0.1433404978 0.1172286737 0.2045762951 0.1780105867 0.1657733785 0.2008479104 0.2270682673 0.1904304611 0.1353498245 0.1880180435 0.1627954905 0.2138570968 0.1745153905 0.1876098000 0.1748864033 0.1707751031 0.1461079990 0.2129906506 0.1855692227 0.2423645341 0.2539229426 0.3479061443 0.5032658774 0.5454787504 0.6984748280 0.8467139987 0.9105716591 0.9056908234 0.8310587561 0.6981688069 0.5888492306 0.4352900681 0.3094340290 0.2753987691 0.2401160859 0.2363694755 0.1944709322 0.1837759178 0.1649466165 0.2014019816 0.2219761061 0.2374950443 0.1660340720 0.1658224500 0.2187872103 0.1438064460 0.1947289990 0.2170295162 0.1883660627 0.2256475959 0.1780613767 0.2077567518 0.2266224705 0.2159684301 0.1733576269 0.1673292648 0.2047848455 0.2419341053 0.3073038815 0.4026786425 0.5265666489 0.5942321710 0.7246805700 0.8531294421 0.8915847116 0.8698455925 0.8532018062 0.7359980555 0.5714880951 0.4717547498 0.3701378078 0.2359830060 0.1983825216 0.1821134219 0.1735981013 0.1803642361 0.1772562391 0.1614716542 0.2040984627 0.2147127365 0.2167632224 0.1770021950 0.2392554179 0.1758823964 0.1988631340 0.2454280511 0.2081708604 0.2350547311 0.2180438829 0.2415868316 0.1652802677 0.2023874006 0.2270971413 0.2587098271 0.2270544727 0.2934570405 0.2782697130 0.3111442935 0.4881403046 0.6350081115 0.7344715042 0.8514778645 0.8926304837 0.9300602094 0.8217087533 0.7253238701 0.5702088277 0.4560538965 0.3314539757 0.2833628047 0.2383546299 0.2557314759 0.2337297659 0.2056032598 0.1927087456 0.1904491012 0.1249007268 0.2188872170 0.2323278792 0.2239805844 0.2165590057 0.1576037407 0.2269940020
0.2081161354 0.1821170305 0.2118833020 0.1289408022 0.1947635282 0.1799542043 0.1638909172 0.1968050751 0.2126591260 0.1384405785 0.1932921515 0.2194107506 0.1860294221 0.2931436284 0.3225458909 0.4441614043 0.5808232965 0.7448278710 0.8209613567 0.8665950050 0.9093109892 0.8208722049 0.6800797276 0.5589042588 0.4595132281 0.3551923088 0.3102699219 0.1792996945 0.2031600772 0.1841675454 0.1940440232 0.1752258820 0.2368622338 0.1552708401 0.1972973983 0.1466796074 0.2289174645 0.2289854008 0.2134906294 0.2075518905 0.1545676145 0.1903348550 0.2062167865 0.1728138128 0.1869064532 0.2293219299 0.1917958115 0.2107567121 0.2410100556 0.2171611719 0.2521914874 0.2819825598 0.3610016014 0.5290301277 0.6355734480 0.7541065379 0.8615120558 0.8922624252 0.9138926050 0.8663471725 0.6794556628 0.6120831804 0.4899007564 0.3083362547 0.2521382685 0.2444233046 0.2211329027 0.2291800053 0.1845214418 0.1843523891 0.1403752767 0.1856339658 0.1425243554 0.1697573691 0.1733127201 0.1825698508 0.2266370161 0.2120082629 0.1509666881 0.2332380434 0.2322312753 0.1598761397 0.2003249120 0.1850116645 0.1713234263 0.2077435620 0.2428502455 0.1748607300 0.2251059718 0.3042692816 0.3601866296 0.4831348993 0.6169706910 0.7263472331 0.8440440744 0.8293042310 0.8925665976 0.8000919628 0.6468620629 0.5830619027 0.4229191000 0.3008050644 0.2684423506 0.2108303631 0.2342976038 0.1744638015 0.1985443998 0.2165699827 0.1347519626 0.2176989914 0.2006325635 0.1925876368 0.1869769221 0.2063451364 0.2099658086 0.2163999962 0.2402895635 0.2221568851 0.2059411391 0.2020697410 0.2139093204 0.1448442672 0.2100503063 0.2586672831 0.1992953150 0.2511670698 0.2972882886 0.3166265161 0.3896754180 0.5072978162 0.6438557302 0.7826280607 0.8486477420 0.8993161570 0.9092196232 0.8335402597 0.7248332316 0.5490234898 0.4949389904 0.3949151115 0.2209873850 0.2265423106 0.2282375922 0.2168403262 0.1657038203 0.2365213152 0.2471024900 0.1484634344 0.1659905462 0.1659312757 0.1722853366 0.1629670255 0.1721597489 0.2222919817 0.1867193029 0.2025356232 0.1663140550 0.1930837794 0.1873735150 0.2492603273 0.1982469698 0.2064552766 0.2024268463 0.2274086735 0.2703756946 0.3542864030 0.3670934714 0.5086580613 0.6001920634 0.7623000652 0.9044032142 0.8912179898 0.8971945780 0.8145513661 0.6619318913 0.5730494891 0.4450238234 0.2960695955 0.2341884384 0.2132569409 0.2448571263 0.2148601940 0.2082902027 0.2479019497 0.1950089747 0.2471176245 0.1581609006 0.1941543823 0.2063308499 0.2629080794 0.1953535828 0.1910281035
0.1930805617 0.1476427997 0.1517324599 0.1798205387 0.1792715602 0.1849248186 0.2050789551 0.2201427201 0.1539735984 0.1218791377 0.2067838141 0.2358192951 0.2282696816 0.2887935528 0.2947354933 0.4580500490 0.6175472037 0.7653773519 0.8755719713 0.8510030528 0.8861681176 0.8276002757 0.6932458788 0.5684470063 0.4742771209 0.3096851251 0.3265121398 0.2736117555 0.1810402160 0.1300224168 0.1500518150 0.1834453263 0.2187167416 0.2231356832 0.1350959910 0.1747857642 0.1902820746 0.1558701106 0.1611587129 0.1977092164 0.1659890384 0.2325632550 0.1835475055 0.2063502105 0.2074209198 0.1729024887 0.1627218913 0.1726102175 0.1925383745 0.2076927725 0.2522644912 0.3338901446 0.3790497319 0.4621164614 0.5914434544 0.7392400995 0.8113333484 0.9263771302 0.9020324697 0.8174172046 0.7165632712 0.6139831605 0.4018610650 0.3291082744 0.2977121918 0.2182579332 0.2242119624 0.2274270952 0.1692174596 0.2270176632 0.1893005664 0.1591144879 0.2191942393 0.1706057232 0.1496768003 0.1711978844 0.1766939821 0.2049052156 0.1940628655 0.1386832169 0.2132440569 0.2005124331 0.2563975757 0.2042945036 0.2275940636 0.2305292819 0.2190722082 0.1937408395 0.2832383487 0.2834544945 0.4587844349 0.5047280117 0.6467637009 0.7629757622 0.8513722451 0.9063479679 0.9179732190 0.7738297221 0.6488892800 0.5816468363 0.4418698291 0.3642682183 0.2854564895 0.2987038515 0.2031146338 0.1903496638 0.2378218249 0.1707022323 0.2172603011 0.2447903620 0.2059369007 0.2115787058 0.1353452025 0.2041847624 0.2103087454 0.2159010765 0.2059617522 0.1651548650 0.2151371405 0.2260011104 0.2129467157 0.1908639255 0.2085804072 0.2178130716 0.2521747553 0.2181560506 0.2192341671 0.3453023558 0.3611293799 0.5158164421 0.6607247999 0.8101434875 0.8569148145 0.9260505255 0.9396188441 0.8413647826 0.6736933836 0.5348552195 0.4226967231 0.3156743077 0.2579412522 0.2565699891 0.2328746328 0.1834776437 0.1435963452 0.1942084771 0.2125174861 0.1953264553 0.1964836308 0.2425105140 0.1723657578 0.2003844910 0.2266223913 0.2159938109 0.2155195648 0.2072911392 0.2230867445 0.2303430914 0.1797404964 0.2567953800 0.2298863114 0.2003647425 0.2244024754 0.2606046255 0.2508418153 0.3479600591 0.4073524295 0.4953622818 0.6405605278 0.7672097931 0.8787447966 0.9192511508 0.9161880619 0.7786403417 0.7357442733 0.5447078574 0.4681051061 0.3072586298 0.2764154446 0.2103517933 0.2602370484 0.2375639969 0.2131924609 0.2166811449 0.1585912674 0.2177442158 0.2214798380 0.2078953623 0.2141948603 0.2182324374 0.1756571855 0.1876254739
0.1755824736 0.1877052967 0.1943794214 0.1361890151 0.1662261246 0.1776818252 0.2188977123 0.1677224007 0.2138506223 0.1816667678 0.1611834669 0.2173786131 0.2569452541 0.2936666515 0.3553135868 0.5096535863 0.6539771724 0.7640584043 0.8701594316 0.8850654812 0.8475427092 0.7832151654 0.6982764326 0.5568019522 0.4507529630 0.3283983141 0.2927339103 0.2381662749 0.1870976951 0.2139277661 0.1705706044 0.1974585796 0.2040840037 0.1422272207 0.2458637849 0.1749293834 0.1977523417 0.1644769354 0.2578184041 0.2005217614 0.2074276356 0.1835006246 0.1952621183 0.2062091622 0.1953076212 0.1698619296 0.2103725218 0.1798563357 0.2135122574 0.2368871686 0.2282490431 0.2856256269 0.3659645218 0.4845189991 0.6695682888 0.7697722341 0.8164908197 0.8889678311 0.8845465506 0.8218399892 0.7204537954 0.5759755860 0.4307302536 0.3615334465 0.2705706140 0.1685835697 0.1832089935 0.2097540463 0.2031389756 0.2443062861 0.2164550078 0.1929334554 0.1841097203 0.1978575228 0.2063768599 0.2227146397 0.1870579325 0.1775370782 0.1943832108 0.2143866267 0.1720923391 0.2142202523 0.1913613533 0.1755093410 0.1887120259 0.1858214887 0.1611437371 0.2681207292 0.3094965866 0.3263185043 0.4087030993 0.5267790067 0.6197075409 0.8171988124 0.8947699055 0.9120964112 0.9032026523 0.8079296075 0.7003373732 0.5368959847 0.4520142974 0.3458859780 0.2696727607 0.2310746447 0.2611243365 0.2397163129 0.2075388677 0.1950707062 0.1944592329 0.1717614267 0.2037875750 0.1864112782 0.1540184151 0.1639082556 0.2216357590 0.1979715984 0.2414117474 0.1969812511 0.1575298228 0.1968722398 0.2166453786 0.1784282216 0.2304141395 0.1203503285 0.1844695170 0.2333703819 0.2733571605 0.3054853317 0.4203904450 0.5281194292 0.6524550612 0.7963810358 0.8781259626 0.9512309921 0.8628963869 0.8150471211 0.6655386709 0.5632993422 0.4303754056 0.3992413790 0.2826703660 0.2713206222 0.2047657057 0.2183167342 0.2678234543 0.1843530896 0.2276496307 0.2526728443 0.2111786711 0.1811870835 0.2054797276 0.2014529054 0.2386628792 0.2078572297 0.2239068452 0.2097868774 0.2260348741 0.2230317423 0.2235897381 0.2197899034 0.1481366019 0.2124373803 0.2238058073 0.1978513196 0.2795556109 0.3711615222 0.4088039534 0.5120030591 0.6914986796 0.7720002112 0.9093498170 0.9030637337 0.9292011252 0.7998507951 0.7239014007 0.5189530533 0.5319797370 0.3437668532 0.2617395342 0.2365542023 0.2555373180 0.1994623648 0.2618311517 0.2167320505 0.2280821002 0.1746673924 0.1847352455 0.1782356985 0.2595166718 0.2187775902 0.1811704346 0.1685076207
0.1952531540 0.1866980179 0.2209871138 0.2002491096 0.2120205883 0.1778427072 0.1354721060 0.2513327002 0.2007109517 0.2061689128 0.1886580298 0.2194233458 0.2197667793 0.3308460449 0.4156806975 0.5404048232 0.5809457885 0.7458173001 0.8827499472 0.8963600813 0.9551573677 0.8317015051 0.6787640701 0.5640819009 0.3860144384 0.3395021597 0.2434424043 0.1941487873 0.2627872975 0.1835507739 0.2180855217 0.1693699721 0.2207170629 0.2029100580 0.2115747214 0.1955914168 0.2674150124 0.1854263507 0.1912450494 0.1976420328 0.1784248986 0.1701399482 0.1937286759 0.2235469678 0.2208013844 0.2452740763 0.1437288157 0.2216069438 0.2196160087 0.1785055561 0.3004875761 0.3053603634 0.3936073294 0.5360184827 0.6687986276 0.7559167654 0.8787707038 0.9017031523 0.9023875236 0.8481790889 0.7302965792 0.5589688329 0.4393756396 0.3454674997 0.2595653514 0.2626028509 0.1746636348 0.1777032629 0.2735455176 0.1776436328 0.2008956656 0.2083494842 0.1975792135 0.2148162649 0.2074770467 0.2735738021 0.2195134155 0.2101846332 0.2373702429 0.1837614927 0.2264105117 0.2256282463 0.2114125757 0.2090529874 0.2264907029 0.1942835128 0.2359429489 0.1946297803 0.2677898155 0.3346498996 0.4167833618 0.5273356196 0.6349425848 0.7330953877 0.8636978459 0.9370457882 0.9218515797 0.8221407289 0.6862799256 0.6046508254 0.4032709723 0.3665538617 0.3089000370 0.2627959406 0.2333038775 0.2617404893 0.2305223940 0.1846416985 0.2296554014 0.1719864560 0.2224199750 0.2305913243 0.2158828514 0.2045501797 0.2394988021 0.2388408782 0.2384955235 0.2259559034 0.2345270339 0.2243845176 0.2041340286 0.2006837695 0.2514130134 0.1993255026 0.2542791074 0.2488629443 0.2294673181 0.3027069133 0.4404100351 0.5200735615 0.7374114844 0.7344663018 0.9334618569 0.9597045766 0.8755597372 0.7966146319 0.6886079832 0.5476067361 0.4544168126 0.3358249261 0.3235524082 0.2643554260 0.2275201336 0.2415945007 0.2092640836 0.2333205273 0.2175695730 0.2418835586 0.1991856383 0.1644112739 0.1801679508 0.2455224049 0.1995739280 0.1967114470 0.1964854923 0.2124682541 0.2430026120 0.2328841073 0.2537280985 0.2550089627 0.1652798002 0.1803948861 0.2448966585 0.2392934594 0.2664641544 0.3684178513 0.4272360456 0.5433467196 0.6293771355 0.7934416675 0.9123480517 0.9543907998 0.8921596295 0.8455119588 0.7048969601 0.4956008004 0.4661905333 0.3739166634 0.2516794933 0.2467444456 0.2335823536 0.2310812012 0.2358956601 0.1948046801 0.1753082343 0.2034917816 0.1874216202 0.2521469035 0.2774664414 0.2781586057 0.2279106917 0.2360718076
0.1974114197 0.2097596690 0.1842055892 0.2399944206 0.1501676457 0.1984688746 0.2248913980 0.2008333357 0.2139429379 0.2359842680 0.2009479250 0.2260894623 0.2650125191 0.3031880510 0.3957698411 0.4962710555 0.6776389852 0.7827497129 0.8363077000 0.8999808364 0.9229831604 0.7967116334 0.6609449755 0.5326976221 0.4500689867 0.3475352189 0.2696087261 0.2069941417 0.2463764849 0.2487615136 0.1951890697 0.1994745083 0.2171870878 0.2162389328 0.2095927170 0.1964892000 0.2429864789 0.2226567836 0.1488571522 0.1855936372 0.1824408079 0.2083160509 0.1404422461 0.2159183263 0.2055328784 0.2396707773 0.2563320799 0.1856205140 0.2254207851 0.2679640507 0.2654225407 0.3330572625 0.3945959471 0.4584779533 0.6693099864 0.7446828146 0.9229470444 0.8857681889 0.8893910906 0.8250664749 0.6789920828 0.5337510784 0.4741850898 0.3207553483 0.2850366237 0.2346860217 0.1860306646 0.2649879175 0.2312864430 0.2219286919 0.2467889548 0.2430315688 0.2278173850 0.1741512449 0.2493839518 0.2229684146 0.2381150693 0.2262338462 0.2345434345 0.1995673563 0.2568287994 0.2410781538 0.2093781351 0.2412073243 0.2438633613 0.2379575651 0.2350250850 0.2517399230 0.2808010825 0.3523529552 0.4149288111 0.5208046739 0.6689641286 0.7994873100 0.9377682894 0.9264790648 0.8576220114 0.8259917362 0.7207570123 0.5897497985 0.4312464626 0.3441876556 0.3170338300 0.1461476367 0.2625867473 0.1981704024 0.2271837449 0.2132012698 0.2490013500 0.2235875654 0.1966780700 0.2189761840 0.2382832352 0.2377402388 0.2100133498 0.2070444046 0.1820160977 0.2386906642 0.2005132097 0.2007512003 0.2165291796 0.2280467302 0.2340744026 0.1890670263 0.2672527096 0.2375788537 0.2717335034 0.3415043457 0.3413884625 0.5283902524 0.7033663915 0.7944772483 0.8758393307 0.9546239249 0.8499719253 0.8137749090 0.7409225748 0.5930759957 0.4655366098 0.3451497382 0.2938342891 0.2850178727 0.2328991840 0.2676142448 0.2243915524 0.2116298252 0.2496506046 0.2148465644 0.2392389913 0.2118913438 0.1849857141 0.2448195377 0.1895830927 0.2293325861 0.2394469962 0.2494095522 0.2530696825 0.2467500048 0.2177463211 0.2318548181 0.2704822001 0.2227543180 0.1989106344 0.2801352728 0.3090227984 0.3522850702 0.4288456948 0.5301044639 0.6574048400 0.8321070506 0.9241296506 0.9783574329 0.9292918230 0.8313256099 0.7278727919 0.6043488621 0.4553738876 0.3709802640 0.2803865087 0.2774749082 0.2197546957 0.2475733952 0.2396854182 0.2106176974 0.2279530130 0.2080540978 0.2583060406 0.1949495954 0.2221662017 0.2260529841 0.2399395507 0.1882074213
0.2040891362 0.2413985328 0.1951793119 0.2094886241 0.1883537623 0.1676471544 0.1893624612 0.2173051292 0.2229460803 0.2266111577 0.1810231969 0.2169525701 0.3141757237 0.3013201760 0.4902224897 0.4880851184 0.6234469064 0.7880991942 0.8872410002 0.9643690424 0.8584812569 0.8082338356 0.7168330065 0.5063221267 0.4340169746 0.3796207352 0.3327588308 0.2392973024 0.2419679925 0.2078609499 0.2342327304 0.1788067752 0.2483791039 0.1658437051 0.2131993964 0.2218040355 0.2203381430 0.2134659095 0.2320360867 0.2095288011 0.1816237685 0.2069329791 0.2584102888 0.1841417475 0.2209888641 0.2161841817 0.1462232007 0.2426722060 0.2367388714 0.2762463995 0.3215458368 0.3772180204 0.4296103424 0.5778037149 0.6399831453 0.8221547548 0.8730713981 0.9746209532 0.9128774103 0.8539908359 0.6623795108 0.5669352777 0.4457174267 0.3424905635 0.2614075050 0.2293689495 0.2256572217 0.2088405326 0.1978952357 0.2862481454 0.1974161605 0.2039701914 0.2500038096 0.2198370165 0.2221680408 0.1767793179 0.2502211599 0.2070793680 0.1824157492 0.2455288709 0.2575990309 0.2076557456 0.2083443119 0.2506081939 0.2164116339 0.2714561498 0.1925897700 0.2596304252 0.2724604543 0.3286769904 0.3955904429 0.5276546934 0.6937404526 0.8219352647 0.9014114810 0.9375790873 0.8846636603 0.8348406858 0.6990872889 0.5662875002 0.4334455902 0.3249544962 0.3165226693 0.2133506314 0.2460412990 0.2286958983 0.2388519797 0.1861671727 0.2181608792 0.2897257380 0.2240943703 0.2329191822 0.1888637197 0.2306951911 0.2220627100 0.2544424048 0.2419975542 0.2195660373 0.2305038755 0.2409461995 0.2136487101 0.2336202748 0.2372855325 0.2230085932 0.2569817381 0.2815930377 0.2826934464 0.3628776167 0.4411727595 0.5820820734 0.7332016966 0.8473143985 0.9224037673 0.9400051050 0.9134307312 0.8364031685 0.6908443539 0.5565011128 0.4392869627 0.3755013042 0.3382222121 0.2662366961 0.2323547761 0.2065414796 0.2700221143 0.2247276344 0.2743719141 0.2036952273 0.2285127365 0.2537850718 0.2213858477 0.2248448312 0.2435588231 0.2535735199 0.2382279473 0.2293270854 0.2202716635 0.2203525735 0.2529941017 0.2602596867 0.1911951708 0.2173882904 0.2232936369 0.2458504505 0.3374101030 0.4273277482 0.4514406351 0.5887510035 0.6925829705 0.8025278038 0.9219083327 0.9373766620 0.9304195351 0.8404908682 0.7319810332 0.5501365190 0.4905135295 0.3682876163 0.3447446242 0.2740464237 0.2117769545 0.1885862239 0.1984669086 0.2786022903 0.2462853825 0.2103385384 0.2623915920 0.2452958446 0.2682347846 0.2884036977 0.2316062683 0.2034722912
0.1619974646 0.1939664158 0.2743478871 0.1930499006 0.2163421228 0.2056643145 0.2654162769 0.2370663921 0.1987518014 0.2353946154 0.2499681385 0.2461630908 0.2192714393 0.3307726956 0.3864879281 0.5365848423 0.6025063042 0.7221296636 0.9107612439 0.9522495290 0.9167263986 0.8010589946 0.6759297939 0.5551550286 0.4283099967 0.3716149119 0.2856098169 0.2225393537 0.2869760339 0.2662626964 0.2463087398 0.2437946839 0.2107319940 0.1927014857 0.2434735590 0.2148841565 0.2242696154 0.1859494864 0.2405563172 0.2770849446 0.1757196864 0.2448485849 0.2429991802 0.2183280513 0.2249677157 0.2098395156 0.2254092564 0.2019491541 0.2136293749 0.2956089845 0.2794428078 0.3491648111 0.3888156850 0.5757770501 0.6745587823 0.8266538151 0.8963219448 0.9616081842 0.8629550699 0.8619646758 0.7410080173 0.5766535116 0.4561627792 0.2968408444 0.2574129712 0.2461398332 0.1851518787 0.2444694356 0.1994877518 0.2541145948 0.2220548679 0.2179915369 0.2776458111 0.2370302111 0.2291528861 0.2540547415 0.2225488839 0.2386605826 0.2152527749 0.2414854089 0.2446041557 0.1927508929 0.2041315313 0.2114921230 0.2431473179 0.2311144281 0.2409673660 0.2838288964 0.2591523491 0.3733599878 0.4650249015 0.5824334158 0.6727945846 0.8338783113 0.9096714239 0.9224604279 0.9647006651 0.8440441378 0.6655646515 0.5439326135 0.4476153828 0.3684033236 0.3064186564 0.2817608992 0.2335292303 0.1903793815 0.2182378981 0.2345694273 0.1941463577 0.2472837150 0.2092354036 0.2823465411 0.2417414701 0.2442697872 0.2310315206 0.2354530186 0.2215479015 0.2063312040 0.3039457098 0.2554382540 0.2150095362 0.2370020430 0.2406398405 0.2246762150 0.2467856362 0.2874377861 0.2832049384 0.3077954309 0.4074265000 0.5182172746 0.7136724532 0.8227858871 0.9168508849 1.0000000000 0.9059281697 0.8086280497 0.6843411069 0.5478984906 0.4014289954 0.3798057409 0.3448614632 0.3138715494 0.2228436459 0.2336190176 0.2743077980 0.2283917502 0.3034448999 0.2602448752 0.2327747254 0.2260875989 0.2315166448 0.3003681682 0.2043091423 0.2521297415 0.2126995736 0.1813360647 0.2109672714 0.2384595621 0.2862694321 0.2808850944 0.2297958896 0.2194489392 0.2954375745 0.2780345956 0.2783973250 0.3377447190 0.4563770234 0.5811408735 0.7493958209 0.8126423508 0.9538812025 0.9679723834 0.8834934959 0.8169347691 0.6948528342 0.5717976133 0.4663027628 0.3625573376 0.2780561813 0.2768944452 0.2710905288 0.2626045562 0.2229004917 0.2383055139 0.2331888866 0.2492603984 0.2471812203 0.2408013162 0.2544939426 0.1978025046 0.2824579705 0.2619611061
0.2506328894 0.2474057227 0.2532520452 0.1733678073 0.1855310820 0.2037847567 0.2286149480 0.2030146726 0.1927329194 0.2509412830 0.2511048202 0.2674559394 0.2888233401 0.3433850938 0.4442028303 0.5673351819 0.6409735627 0.8374067218 0.8974180983 0.9580101306 0.9236636216 0.8045238341 0.7058425519 0.5930790934 0.4903201773 0.3287121195 0.3010324624 0.2757206685 0.2941385167 0.2203319858 0.1711881438 0.2334741451 0.1800943024 0.2242300804 0.2290735405 0.2338328884 0.2676304094 0.2124642049 0.2418599871 0.2426805344 0.2187972410 0.2074940073 0.2290523805 0.2552459741 0.2225056731 0.2153135254 0.2069094431 0.2071937578 0.2651661627 0.2525412400 0.2571981458 0.3240738796 0.4361065713 0.6036992125 0.6818385269 0.8044129265 0.9161956659 0.9720962143 0.9452589439 0.7736682956 0.7653860774 0.5138901706 0.4554704883 0.3547399758 0.3173905728 0.2822306430 0.3105191267 0.2534729416 0.2294531717 0.2029685033 0.1960692111 0.2608668418 0.2489199340 0.2226580544 0.2687054652 0.2311205119 0.2190296255 0.2419923970 0.1683559497 0.2300183530 0.2428555996 0.2670701301 0.1810635130 0.2539046432 0.2987409153 0.2740730077 0.2684110016 0.1982324935 0.3339082919 0.4072175432 0.4541580423 0.5421235399 0.6844280912 0.8079268915 0.9431738150 0.9225400151 0.8971610709 0.8311646333 0.7346927718 0.5584592672 0.4489756776 0.3475163721 0.3574759215 0.2572728380 0.2484317487 0.1785618683 0.2364298519 0.2256245447 0.2132409171 0.2098908712 0.2064205186 0.2594572961 0.1882082978 0.2572147792 0.2002099663 0.2213703619 0.2426415866 0.1902445101 0.2903256927 0.2192967192 0.2599607148 0.1956194928 0.2781318161 0.2445556711 0.2606699401 0.2480457534 0.3036445710 0.3200111844 0.4743339164 0.5915589654 0.7111359081 0.8243507351 0.9061592091 0.9128153742 0.8926678374 0.8436069765 0.7070866577 0.4841268020 0.4231775508 0.3730986187 0.2534450028 0.2597472634 0.1808254839 0.2779676467 0.2699542646 0.2111579728 0.2495033373 0.2534263166 0.2148566005 0.2275080168 0.2175219400 0.2316447030 0.2273171963 0.2380653992 0.1657317626 0.2312644629 0.2313578921 0.2475074144 0.2213553015 0.2411709796 0.2424373618 0.2980722247 0.2540393351 0.2794514576 0.2660630928 0.4168322114 0.4703353147 0.5974643336 0.7271976561 0.8445733738 0.9607702756 0.9837879913 0.8930574688 0.8560793860 0.6923984090 0.5610598094 0.4173425484 0.3335015680 0.2578567163 0.2801703159 0.3274422780 0.2548255195 0.2622348523 0.1748780187 0.2619163614 0.2399888953 0.2593280463 0.2059109920 0.2326671129 0.2000534903 0.1805646326 0.2637515980
0.2083283941 0.2530379970 0.1894875571 0.2082591335 0.2400608352 0.2243934610 0.2199870822 0.2423272003 0.1793660799 0.2772645906 0.2187457095 0.2205564725 0.2862348776 0.3281690871 0.4498743207 0.5527825116 0.7034265373 0.8042150471 0.9133613398 0.9829858569 0.8909855556 0.7478655695 0.7144516006 0.5581455599 0.4575352737 0.3550248887 0.2814270037 0.2998332094 0.2033690233 0.2410369865 0.2151833062 0.2469482014 0.2064473878 0.2401036986 0.2007539652 0.2377233522 0.2315823851 0.3015593878 0.2511001029 0.2083641182 0.2296065421 0.2024969724 0.2061242060 0.2223568243 0.1561154493 0.1908673893 0.2532888804 0.2308229287 0.2583617989 0.2881632725 0.2873129977 0.3528550526 0.4586370185 0.5224618992 0.6915952406 0.8451792158 0.8970959640 0.9791200166 0.9395017165 0.8509455456 0.6987567135 0.5879687030 0.4223494101 0.3746978862 0.2787405745 0.2440756403 0.2307624280 0.1992650697 0.2307781821 0.2526274614 0.2538510640 0.2469320440 0.2116378265 0.2216930990 0.1989587568 0.2183073265 0.2643549952 0.2209995900 0.2557216937 0.2756994362 0.2077121786 0.2379599225 0.2862477235 0.3066304923 0.2357017110 0.1942629129 0.2310872769 0.3103662117 0.3027018585 0.3982979879 0.4381535666 0.5177633104 0.6747006081 0.7775428842 0.9135495861 0.9141831093 0.9287287763 0.8108041437 0.7059826607 0.5307315370 0.4170223132 0.3695460964 0.2821733039 0.2041206335 0.2057537955 0.2352757707 0.2273009653 0.2448085528 0.2468466373 0.2544205381 0.2390153522 0.2526574054 0.2261449643 0.3159879392 0.2202818649 0.2489261369 0.2454879199 0.2009592590 0.2359357657 0.2557991281 0.1789882907 0.2402577341 0.2622511943 0.2230927928 0.2631350103 0.2625958033 0.2708482859 0.3808511914 0.4513548983 0.5611332818 0.7621802764 0.8015572071 0.8796547113 0.9783535019 0.9107646674 0.8104917526 0.6859749906 0.5488875373 0.4275677444 0.3756179932 0.3133602572 0.2067536019 0.2357952746 0.2694747448 0.2078163007 0.2774354047 0.1967923228 0.2339951587 0.2128333033 0.2434273351 0.2561155538 0.2616303536 0.2519405164 0.3080349167 0.2395770673 0.2279815354 0.2003277448 0.2753380677 0.2354782616 0.2168105693 0.2102534505 0.1897523751 0.2554995592 0.3260638077 0.2811771648 0.3728792865 0.4643671083 0.5805379130 0.7224269852 0.8708398909 0.9545182413 1.0000000000 0.9301679838 0.8824748004 0.7080116948 0.5963588747 0.3956626138 0.4047214680 0.2795911429 0.2287022417 0.2953237752 0.2608743613 0.2356086545 0.2344640764 0.2035221649 0.2685753593 0.3055611131 0.2589191162 0.2637219380 0.2362875408 0.2941096421 0.2706399479
0.1943593253 0.2295541546 0.2046125262 0.3264526550 0.2269950593 0.1815879960 0.2625973806 0.2437348818 0.1951016816 0.2256294850 0.2250000713 0.2498689297 0.2779830366 0.3518023393 0.4799831245 0.5780031934 0.6983007418 0.8453444358 0.8863288394 0.9677387225 0.9146932098 0.8451275090 0.7008984187 0.5454369022 0.3937627396 0.3584840123 0.1982581013 0.2824816028 0.2859818328 0.2004182848 0.1893394381 0.2037284435 0.2406953235 0.2589358191 0.2180042472 0.2160711087 0.2197893384 0.2597570894 0.2514407992 0.1736473290 0.2436981005 0.2421703781 0.2021036274 0.1742334115 0.2315031653 0.2454438403 0.2385929570 0.2438562678 0.2704458215 0.3067317835 0.2848003004 0.4013900548 0.4461401037 0.5018375929 0.6599317376 0.8130185985 0.9081183556 0.9176253571 0.9536494253 0.7546888852 0.7454300945 0.5508988421 0.4583618600 0.3690160104 0.3118836102 0.2339566573 0.2554620568 0.2281912997 0.1975331938 0.2299533230 0.2393069318 0.2207239940 0.1638690341 0.2412373860 0.1996165783 0.2320925374 0.2166002067 0.2270687474 0.2188564364 0.2361303628 0.2112135961 0.2935490026 0.1899526301 0.2441634217 0.2436021878 0.2818872765 0.2913376213 0.2894702384 0.2900001578 0.3927598738 0.4222344688 0.5365126855 0.6795030790 0.8565659731 0.9475492019 0.9995588842 0.8903850985 0.8365412446 0.7504138720 0.5734654686 0.4456379495 0.3286687015 0.2616748395 0.2810757426 0.2345054764 0.2179626636 0.2426230203 0.2664738580 0.2182186432 0.2082011682 0.2039615965 0.2634037962 0.2430503393 0.2179507398 0.2581311242 0.2749133699 0.1359275836 0.2150503059 0.2473334168 0.2503561862 0.2447153334 0.2533404259 0.2817220778 0.2750611492 0.2752781641 0.2607228219 0.2968518099 0.4068538636 0.4596883361 0.5488077051 0.7219849765 0.8342255158 0.9579026308 0.9609635046 0.8757048152 0.8522263450 0.6797364118 0.5832047041 0.4396449508 0.3694334866 0.2839210373 0.2803876576 0.2733393890 0.2790426655 0.2605493653 0.2710653673 0.2030152985 0.2448258019 0.2210757375 0.2015902887 0.2292659291 0.2220324518 0.2744778071 0.2091278238 0.2354997456 0.2431568264 0.2897420784 0.2741093730 0.2571921998 0.2442730499 0.2467581290 0.2260662934 0.2515314102 0.2330654719 0.3041197375 0.3931930030 0.4883307449 0.5909679580 0.7135619238 0.8428148349 0.9477226602 0.9600816325 0.9064354528 0.8413902746 0.7134209327 0.4918339240 0.4285668059 0.3789099738 0.3185177686 0.2696828164 0.2541599773 0.2141093123 0.2496822416 0.2433882378 0.2865612151 0.2886296508 0.2610028441 0.2261775635 0.2446313738 0.2205984441 0.1853997977 0.2677566426
0.2627254706 0.1496664208 0.2601527411 0.1864294435 0.2075296864 0.2388113460 0.1794169508 0.2515158269 0.2501467642 0.2214566289 0.2311184108 0.2500765088 0.2980682706 0.3326116661 0.4606992576 0.5528086888 0.7310760968 0.8823560603 0.8855628136 0.9329556290 0.9171264407 0.7855879485 0.6616252908 0.5297021439 0.4154855999 0.3565451320 0.2953531564 0.2084297720 0.1849628604 0.2286053917 0.2075724203 0.2535473936 0.2360771384 0.2241690462 0.2291044469 0.2387495747 0.2341778128 0.2105095198 0.1869652662 0.2122681373 0.2129279051 0.2150961283 0.2183671932 0.2379251813 0.2774243504 0.1887191113 0.1849540689 0.2110719496 0.2446200184 0.2473165066 0.2714887003 0.3603510552 0.4115883033 0.5081110274 0.7082282261 0.8359571808 0.8504553118 0.9239843187 0.9395054048 0.8082081236 0.7117099810 0.5553124329 0.4505648012 0.3304349847 0.2879142874 0.2561552750 0.2431766622 0.2282597129 0.2320854034 0.2671480514 0.2398012056 0.2516324357 0.2118924450 0.2176639865 0.2180023706 0.2828106158 0.2329440925 0.2687997553 0.2181701608 0.1383188752 0.1966163307 0.2357847721 0.2342723512 0.2452180196 0.2212558599 0.2808215498 0.2490182859 0.2621010834 0.2905186730 0.3514521677 0.4632769918 0.5710744155 0.7265346371 0.8221380035 0.8896515890 0.9411831099 0.8914325336 0.7481481981 0.6602975093 0.5737534477 0.4123168564 0.3622226091 0.2853537121 0.2587802901 0.2871720745 0.1898980784 0.2403774168 0.1967813179 0.2743821067 0.2776648987 0.2205583647 0.2347481982 0.1997003941 0.2382081370 0.2650701482 0.2464423456 0.2301894697 0.2366062179 0.2533160152 0.2171824199 0.2573102200 0.1982806991 0.2774263399 0.2492018582 0.2626070514 0.2623972486 0.2704519696 0.3782514585 0.4275380396 0.5730994308 0.7331572420 0.8858553866 0.9514172700 0.9668970566 0.8777313060 0.8689957713 0.6682476420 0.5329151444 0.3847826200 0.3690283375 0.2753254197 0.2641290199 0.2580293289 0.2518412132 0.2463143392 0.2201324022 0.2195088197 0.2564301228 0.1978898576 0.2482024513 0.2061137579 0.2403028480 0.1815482636 0.1804720636 0.2645287198 0.2799017399 0.2507307497 0.2462447464 0.2616922892 0.2313306058 0.2213315907 0.2748833264 0.2569757099 0.3180117892 0.2988578662 0.4360419451 0.5176672731 0.6169801611 0.7152787899 0.8753167468 0.9310103433 0.9408398435 0.9103407464 0.7991217420 0.6559579977 0.5587214360 0.4173655357 0.3726505560 0.3054429472 0.2741861438 0.2526529624 0.2054859523 0.2359794065 0.2441993674 0.2229247845 0.2421459548 0.2631057382 0.2104407885 0.2953109684 0.2588563812 0.2716835677 0.2309911166
0.2305397657 0.2418548337 0.1771809855 0.1932293929 0.1886115596 0.2485999635 0.2210258503 0.2098304448 0.1887845906 0.1934158166 0.2089244176 0.3038653411 0.2776472608 0.3416892286 0.4149041196 0.5400335125 0.6645899279 0.8004216108 0.9086518187 0.9657048573 0.9045387784 0.7520044929 0.6466814021 0.5291760796 0.4560198410 0.3344915367 0.2834867313 0.2658260640 0.1940980479 0.2190085487 0.1882977207 0.2048974398 0.2064969108 0.1651994806 0.1735826114 0.1964265593 0.1936402542 0.1876050269 0.2114494042 0.2062358305 0.2458203867 0.2149354752 0.2249716628 0.2758119017 0.2168201556 0.1908335916 0.2243322300 0.2004373793 0.2400890237 0.2515321173 0.2593141027 0.3671929618 0.4084786327 0.5864818264 0.6891445579 0.8531006985 0.8801966326 0.9517636608 0.8849045361 0.8034276610 0.6585313742 0.5564568601 0.4582024373 0.3334931318 0.3260503130 0.2682228118 0.2388028373 0.1832067765 0.1734655597 0.2403862830 0.1676604546 0.2535418878 0.2231240468 0.2082235778 0.1849571421 0.2088579110 0.2088356817 0.1968388618 0.2537396292 0.2343302522 0.1595363743 0.2451466559 0.2441409206 0.2342788564 0.2186875918 0.2030151832 0.2263430848 0.2401322118 0.3172304678 0.3340127633 0.4345489324 0.5863968642 0.7295619013 0.8325229592 0.9485375879 0.9610646625 0.8935460231 0.7586920592 0.6322635278 0.5785708546 0.3992887229 0.3478446115 0.2716616758 0.2334703359 0.1892666062 0.1966362367 0.1736663802 0.2231878206 0.2361903577 0.1238441066 0.2474472112 0.2005674944 0.2456561585 0.1854148089 0.2106166338 0.2107241391 0.2396955546 0.2019024920 0.2540746992 0.2064899352 0.2299457762 0.2067306081 0.2285078867 0.2505338307 0.1895984697 0.2632940946 0.2896769145 0.3803410527 0.4592407898 0.5776385836 0.6420220262 0.8412168825 0.9084771789 0.9881458324 0.9186031071 0.7774711415 0.7145934747 0.5406103992 0.4760669303 0.2753250183 0.2965134997 0.2317167811 0.2291767134 0.2821973949 0.2160123931 0.1775296407 0.2034347462 0.2092422264 0.1899527496 0.2086220235 0.2552449677 0.2395973694 0.2066635587 0.2086628362 0.2441607443 0.2371856437 0.2019710696 0.2317673744 0.2401315631 0.2527374392 0.2143876248 0.2787627602 0.2251841861 0.2547038455 0.2973427150 0.3503259391 0.5133906813 0.5766770901 0.7196938285 0.8529518518 0.9418130090 0.9392486749 0.8891093038 0.8619738399 0.6625679051 0.6132340770 0.3992129614 0.3524270530 0.2673877603 0.2483263179 0.2353007063 0.3033300126 0.2953266256 0.2021888492 0.2270085258 0.1897886901 0.2434768764 0.2549152264 0.2130934037 0.2472951988 0.2096722692 0.2595514516
0.2438515841 0.2310867702 0.2550929982 0.1953597886 0.2379459765 0.2415316093 0.2243867127 0.1918557133 0.1692948563 0.1625197649 0.1766561136 0.2320938920 0.3299641035 0.3457635976 0.4001514261 0.5606819355 0.6963901896 0.8233930935 0.9118254217 0.8833129207 0.9227238414 0.7598741989 0.6846195499 0.5021586058 0.4141905317 0.3343646180 0.2765655954 0.2240765274 0.2339700570 0.2004224983 0.1906887550 0.1873546196 0.1952223347 0.2204678325 0.2413560714 0.1952603791 0.2123011060 0.2056745836 0.2045709689 0.2252566405 0.1953035907 0.2815593085 0.2518603901 0.2000238097 0.2467208412 0.2117275905 0.2437914304 0.1999108669 0.2485403011 0.1589295790 0.3038851089 0.4075146692 0.4599831200 0.6039900406 0.7331920213 0.8600281381 0.9229392749 0.9236716038 0.9080624030 0.7961349545 0.6788508913 0.5037850722 0.4150692711 0.3075146393 0.2873358686 0.2930077454 0.1789204129 0.2420510411 0.2289624528 0.2146537905 0.1585692575 0.1937996591 0.2633474066 0.1662891452 0.1782725856 0.2061019749 0.2220690687 0.2541288670 0.2171934513 0.2573750806 0.1961424726 0.2307081390 0.2195427119 0.2118279452 0.2041403946 0.2050660954 0.2449370695 0.2257834079 0.2756052768 0.3769213566 0.4546146005 0.5739018708 0.7046941287 0.8089788903 0.9352948496 0.9819036457 0.8854799254 0.7596161200 0.6210627533 0.5479191820 0.3709335644 0.3545145626 0.3097940431 0.2200515012 0.2223170693 0.2668830633 0.2198830813 0.1871207453 0.2375604410 0.1703157696 0.2159350180 0.2626825977 0.1597653839 0.2474462494 0.2215445884 0.2289706040 0.2322575047 0.2682505263 0.2359098300 0.1817209091 0.2091497584 0.2255070591 0.2492007241 0.1778886134 0.2184352862 0.3389768817 0.2456530524 0.2885221225 0.4782186851 0.6070676208 0.7311638117 0.8329911489 0.9430150669 0.8973356521 0.8188793589 0.7520142734 0.6935752303 0.5181314725 0.3532255332 0.3781060441 0.2611414258 0.2280367998 0.2740282248 0.2204513105 0.2105115050 0.1861593628 0.2202536708 0.2446972055 0.2066366828 0.2016555363 0.2143321052 0.2318114119 0.2245590435 0.2464566592 0.2262249127 0.2615779172 0.2525906899 0.2754340794 0.2352492514 0.2212093168 0.2428053473 0.1907865590 0.1881550817 0.2442923808 0.3278616880 0.3737106316 0.4809476425 0.6162286333 0.7096670303 0.8590034758 0.8944360652 0.9634215542 0.9133491510 0.7563771048 0.6858863623 0.5471353203 0.3894239387 0.3622444498 0.2874017914 0.2354849615 0.2254868440 0.2352155622 0.1859202007 0.3058267154 0.2360854093 0.3171870510 0.1958884027 0.2354883216 0.2674700910 0.2324751269 0.2264238033 0.2646278063
0.1765569135 0.1751735406 0.2077588796 0.1910372335 0.1620285244 0.1948337474 0.1494771967 0.1997648179 0.2029564014 0.2284485663 0.2053210800 0.2280053929 0.2526783034 0.3114066402 0.3950808703 0.5857340419 0.6788494207 0.7787966426 0.8696568172 0.9324438592 0.8595069812 0.8232901509 0.6889884053 0.4973827059 0.4052387427 0.2430209697 0.2876052426 0.2284533317 0.2321164878 0.2286819437 0.1447900401 0.2349509734 0.1977676827 0.2003245210 0.1667604377 0.2188412441 0.2171251251 0.2051195411 0.1911789800 0.2199667983 0.2708795976 0.1740201828 0.1666919965 0.2013465015 0.2042904831 0.2016637962 0.2078594460 0.2159963590 0.1803631817 0.2271396302 0.3313289092 0.3278081837 0.3883519518 0.5446393099 0.7156104736 0.7731945764 0.9064891597 0.9043728671 0.8484713950 0.7770464003 0.6773897324 0.4925393068 0.3740567704 0.3130540599 0.2928918671 0.2706421548 0.2554121919 0.1981219485 0.2068690518 0.2030597415 0.1663183046 0.1946605460 0.2113986542 0.2356364083 0.2208118230 0.1909255911 0.2262955267 0.2028405923 0.2065719465 0.2061805802 0.2141905292 0.1951693212 0.1993430165 0.1417548560 0.1871888340 0.2007123133 0.2048289766 0.2453936905 0.3228553701 0.3866155677 0.4621781114 0.5402874201 0.7201709407 0.8199186105 0.8609218226 0.9008584591 0.8619558534 0.7953684967 0.6227179919 0.5275891272 0.4243093643 0.3722507665 0.2279115688 0.1972874987 0.1931811251 0.2097681428 0.2750961020 0.2141578677 0.2229222798 0.2370816031 0.1538342174 0.1506226865 0.1635217156 0.2466837757 0.2152350077 0.2044037106 0.2232139403 0.2155378347 0.2041698694 0.2070247196 0.2150533716 0.2134987638 0.1615615951 0.2151148008 0.2830006539 0.2853237578 0.2548666072 0.3437270138 0.4235908897 0.5559839362 0.7049267610 0.8172880314 0.9035120846 0.9126105903 0.8569181559 0.7460615194 0.5986691991 0.5468961768 0.4348080451 0.3469756965 0.2506494793 0.2030032038 0.1884483510 0.2455633689 0.2263353766 0.2086412721 0.1887438382 0.2060289121 0.1977418830 0.1811363553 0.2437337092 0.1598564332 0.1752209944 0.2452415843 0.1830453478 0.1699643697 0.2472189283 0.1677723789 0.1936220109 0.2879245361 0.2343143511 0.2224991191 0.2707401617 0.2707612607 0.2718335578 0.3821944511 0.4572811768 0.5704481206 0.7700905668 0.8518050204 0.9092366593 0.9728388757 0.9123204877 0.7703928593 0.6461707432 0.5239892005 0.3866318297 0.2966826209 0.2761570345 0.3001684846 0.2049981800 0.2501633547 0.2250030093 0.2104988300 0.2016248583 0.2038116241 0.1743131538 0.2300760547 0.1947978839 0.2157540116 0.2362664579 0.2505130762
0.1498481140 0.2214631774 0.1961071053 0.2439484599 0.2183287231 0.1665410128 0.1984820048 0.2466420339 0.1680655858 0.1890958984 0.2175745423 0.2058548206 0.2873224176 0.3379104485 0.4779112760 0.5597949335 0.6743924869 0.8019699091 0.9079428385 0.8975174434 0.8963340205 0.7743259299 0.6379186260 0.5037341973 0.3653427504 0.2569621848 0.2388911243 0.2176820001 0.2289531862 0.2288281462 0.1920220635 0.1942575233 0.1534694780 0.2292410956 0.2183970825 0.2445077385 0.2195023525 0.2341921585 0.1746649321 0.1932344005 0.2256649544 0.2308075856 0.2166494808 0.1844584692 0.1880680417 0.2113457285 0.2215481403 0.1533947386 0.2242865978 0.2708030036 0.3108954392 0.3240069510 0.4152641600 0.5843401515 0.7472904641 0.8661087724 0.9032029315 0.9397733757 0.8826706861 0.7826916659 0.6030700793 0.5003700496 0.3685684720 0.3505018439 0.2522453327 0.1861835699 0.2190788634 0.2447774020 0.1610729550 0.2170507807 0.1647555260 0.1586245191 0.2111149421 0.2201112009 0.1660154602 0.2390237906 0.2435930396 0.2405711390 0.1794156079 0.1830596262 0.1810791681 0.2030728859 0.1739115319 0.2084907653 0.1818424141 0.2229488826 0.1634345840 0.2054133426 0.3151317713 0.3748463063 0.5065795050 0.5582083832 0.6982464325 0.8784109377 0.9036400009 0.8672773464 0.8789359771 0.7991413414 0.7056165434 0.5188975254 0.3524824280 0.2494290244 0.2429305361 0.2132119096 0.2606459011 0.2054140447 0.2117374373 0.2183550976 0.2162189144 0.2163069436 0.2140426855 0.1742001173 0.2590255461 0.1999358955 0.2135649725 0.2213926294 0.1975769353 0.2311779901 0.1998077591 0.2352222188 0.1811692090 0.2291177058 0.2022745802 0.2392844665 0.1768546864 0.2622145719 0.3085110195 0.3509624051 0.4803151174 0.5914437820 0.6834948163 0.8769621865 0.9202683412 0.9645899141 0.8442331706 0.7129487522 0.6587046150 0.5194761231 0.3698007822 0.3200429020 0.2516761504 0.2061188724 0.2116498936 0.1782564299 0.1807531612 0.2043120079 0.2117884747 0.2730989333 0.2012089706 0.2236822219 0.1436861005 0.2771897951 0.1962088092 0.1813890311 0.1669810691 0.1948389903 0.2346209338 0.1788030490 0.2271435571 0.2415811401 0.2228426239 0.2103861760 0.2815343451 0.2528423925 0.2713081965 0.3150749565 0.4465892004 0.5845772944 0.7546887951 0.8288959860 0.9176592899 0.9319046495 0.8938768324 0.7496669182 0.6157079470 0.4685427141 0.3627286401 0.4038976551 0.2870192367 0.2539761854 0.2059088540 0.1832326801 0.1646476864 0.2264761785 0.2090388672 0.1926732221 0.2460369033 0.2008509266 0.2118632328 0.1799580366 0.1467629569 0.1998295349
0.2517391391 0.1711617167 0.1853515633 0.1488759204 0.1967326731 0.2189989496 0.2037101368 0.1763852507 0.1692704164 0.1727358308 0.2319104612 0.2534257392 0.2126135577 0.3373579595 0.4062315236 0.5975314555 0.7009942109 0.7719841660 0.8773978598 0.9365931395 0.8898881478 0.7760048674 0.6973746918 0.4776238297 0.3828277871 0.3039318802 0.2492168678 0.2356155063 0.2439441294 0.2214651710 0.2655208688 0.2593683965 0.2025262529 0.1994437094 0.2173227268 0.2211679304 0.1686596437 0.1945309185 0.2222822065 0.2067178292 0.1862783687 0.1916682283 0.2053898263 0.2200904105 0.2136366573 0.1823107556 0.1662456458 0.2014895951 0.2023052403 0.2540696217 0.2652985340 0.3274446812 0.4607193079 0.5355285310 0.7093415485 0.7960324887 0.8987917341 0.9240037150 0.8576807656 0.7856188266 0.6332197896 0.5257836808 0.4243863050 0.3145237873 0.2245719109 0.2369927588 0.1792913872 0.2158862741 0.1962103622 0.2099669151 0.2176791847 0.2371317087 0.2176121611 0.1932765353 0.2210606787 0.2734729111 0.2274964161 0.2375341343 0.1666458090 0.2091149251 0.2290084948 0.1418163356 0.1842380924 0.2149254894 0.2514431891 0.2488433140 0.2685007874 0.2243939601 0.3075649957 0.3914468240 0.4402785310 0.6067124663 0.7228595105 0.7945092142 0.9087692969 0.8741638651 0.8569894578 0.7766106929 0.6236085893 0.4975547761 0.3506379041 0.3226231974 0.2275280361 0.2448077024 0.1771195131 0.2386794760 0.1937637022 0.2661815957 0.1955305686 0.2239441629 0.1814395578 0.2167020309 0.2275002083 0.2123138786 0.2271325833 0.2335184595 0.1952353495 0.2256352261 0.1800715409 0.1781786664 0.2348443229 0.2613408034 0.1955827571 0.1793556038 0.2395489162 0.2636051966 0.3309562899 0.3581513499 0.4531727482 0.5710269963 0.7268083706 0.8431050482 0.9270141007 0.9510228618 0.8750726285 0.7725929778 0.6444671040 0.5022453164 0.4029582839 0.3205607574 0.2479383564 0.2304827844 0.1862826170 0.2121870345 0.2330282911 0.2343178042 0.2123466670 0.2509750306 0.2358114107 0.1785117867 0.1848043458 0.2245204790 0.2028020694 0.1955847871 0.1858987510 0.2280671032 0.2441453504 0.1526402267 0.2279328360 0.1988743216 0.2207603589 0.2670398998 0.3046849327 0.2690961209 0.3119150372 0.4189771120 0.4641001935 0.6400392925 0.7850444405 0.8167433473 0.9165956299 0.9516336596 0.8802845882 0.7799712086 0.6084889970 0.5236481704 0.4000181006 0.2755917038 0.2307047336 0.1938940047 0.2411559888 0.2088828750 0.2289255784 0.2449214256 0.2545618101 0.1810034846 0.1830897469 0.2060126102 0.2242868322 0.2375567061 0.2305361939 0.2281133352
0.1889846490 0.1869338127 0.2053073341 0.1902638506 0.1780884197 0.2202833972 0.2131370740 0.1903752935 0.1785159092 0.1844139946 0.1964995525 0.2066021619 0.2863748675 0.3743493412 0.3891643747 0.5652725846 0.6993629724 0.8363595133 0.9310952020 0.8896338283 0.7922577340 0.7640649000 0.5650079570 0.4572866516 0.3803602689 0.2999970416 0.2305841620 0.1992730029 0.2002039334 0.1674788178 0.1466905466 0.1989017208 0.2042177896 0.1875315619 0.2490548225 0.1486846590 0.1717251776 0.2010591314 0.1706943907 0.1400019050 0.2096518112 0.1452769538 0.2084796578 0.1935796568 0.2076568474 0.2352214322 0.2441303608 0.2257729691 0.2057890468 0.2531650117 0.2814712735 0.3627476314 0.4627396034 0.5270059148 0.6898722865 0.8048208829 0.9413695303 0.9195682414 0.9188890665 0.7256508197 0.6333369317 0.4612138268 0.4201778181 0.2726902013 0.2773966684 0.2089429683 0.2095868527 0.1983137194 0.2150186321 0.2022945211 0.1831265097 0.1801822510 0.1707130963 0.2017961878 0.1689960511 0.2152216132 0.1918012018 0.2280043783 0.2617278246 0.1922474573 0.1940513537 0.1934846449 0.2098882913 0.1612732846 0.2115149601 0.2543995616 0.2051425852 0.2595948772 0.3119715556 0.3678717467 0.4368514279 0.5572944049 0.7814702469 0.8335380939 0.9006767829 0.9043047833 0.8367618634 0.7277338978 0.6001296137 0.4984370231 0.3583970288 0.2907897854 0.2532968168 0.1998987405 0.2021626664 0.2262058956 0.1393874839 0.1676001486 0.1925755645 0.2313255867 0.2764651340 0.2249214207 0.1558256460 0.2060937423 0.1950525732 0.2540902389 0.2437148034 0.2124992232 0.2340412883 0.2397123740 0.2320558894 0.1889961536 0.2125987135 0.2174430627 0.2128500773 0.2461025457 0.2998791358 0.3389185121 0.4802932516 0.5573735413 0.7331022643 0.8390519235 0.9499254315 0.9082875954 0.8424598513 0.7728725428 0.6417352623 0.4434842642 0.3709057828 0.2726209204 0.2390169748 0.2088814775 0.2426512440 0.2229333646 0.2137990929 0.2044285053 0.2224855952 0.1937397805 0.1838210073 0.1628084894 0.1551361232 0.2132037210 0.2548598693 0.2221691059 0.2129961278 0.2113150200 0.2004889057 0.2764590772 0.2182533285 0.2241157211 0.2359341735 0.2626359134 0.2463156857 0.2425388273 0.2513703430 0.3682825928 0.5168874936 0.6171216642 0.7565450545 0.8219353973 0.9594295267 0.9278178046 0.7943643889 0.7831816929 0.6310879159 0.4668700325 0.3704412021 0.2794998806 0.2892390196 0.2715519247 0.1807079032 0.2239762881 0.2552046627 0.1911783601 0.2088614450 0.2146095931 0.1935512270 0.2240619371 0.1646831724 0.2095764393 0.2644121708 0.2368752857
0.1552714017 0.1784636917 0.1988845106 0.2091984363 0.1607822010 0.1653285949 0.1575324914 0.2528144217 0.2164731815 0.2220825119 0.2362431227 0.2288257312 0.2469966098 0.3429992346 0.4035816663 0.5648869086 0.7099139250 0.8226791373 0.8777622783 0.9040114134 0.9024693869 0.7783618242 0.6032543653 0.4954460133 0.3852444942 0.3416069453 0.2392327647 0.1364600060 0.1819689701 0.2299133836 0.2333010940 0.1426866064 0.1898682239 0.1708159562 0.1648328657 0.2020195530 0.2288654329 0.1627131369 0.1954160961 0.1822935588 0.1714373586 0.1751254228 0.1652463873 0.2075468194 0.1422266198 0.1886288669 0.1902631841 0.2422229471 0.2295269618 0.1750476624 0.3093700283 0.3675290819 0.4440703452 0.5930609009 0.7335582924 0.8333360729 0.8987996244 0.9474727910 0.9037314548 0.7631417717 0.6326465826 0.4715099410 0.4062782173 0.2966278552 0.2705720859 0.2538409853 0.2286617362 0.2343693275 0.1680629404 0.2191131952 0.2029013885 0.2558389572 0.2333764627 0.2062508774 0.1904344032 0.1751977831 0.1689738944 0.2090197580 0.1866886007 0.2128494238 0.1998334483 0.2399415187 0.1601223325 0.2225714939 0.1472505581 0.2427644345 0.2512808319 0.2286506566 0.2521055548 0.3701197033 0.4319513222 0.6435996874 0.7369185682 0.8635171167 0.9163807229 0.8878363904 0.8460476483 0.7045283520 0.6052381407 0.5021519521 0.3425806076 0.3325706269 0.2464244383 0.2189301812 0.2833414570 0.2125893194 0.1872969064 0.2084705333 0.2628274975 0.2180549201 0.2205028589 0.2125254433 0.1548382581 0.2169627508 0.1868948193 0.2120317210 0.1713430862 0.1775690649 0.1826574394 0.2273823303 0.2481076943 0.2335822080 0.2035491615 0.2221179641 0.2410721129 0.2067662157 0.3033454958 0.3412737632 0.4523530566 0.5917955181 0.7573678118 0.7972300225 0.9390454067 0.9516002223 0.8789057392 0.7174144546 0.6150191611 0.5525662241 0.3997434592 0.2935896221 0.2740273213 0.2285830910 0.2380873734 0.1956704686 0.2248466823 0.2056141546 0.1875397325 0.1668799087 0.1595744401 0.2043281534 0.2523110470 0.1854480684 0.1605887998 0.2296298937 0.2388087600 0.2186343535 0.2328493567 0.1943114954 0.2045041519 0.2098439405 0.2141222880 0.2009662226 0.2611880681 0.2330745800 0.2704760442 0.3998301284 0.4807933691 0.6413692704 0.7509577627 0.8480340513 0.8478440116 0.9653551587 0.8605061814 0.7435420082 0.6352041089 0.4810216451 0.3690336495 0.2613959054 0.2941895079 0.2305151304 0.1921314236 0.2398850566 0.2005407377 0.2080610047 0.2424340580 0.1975966990 0.2080897352 0.1778584810 0.2143349327 0.2299444196 0.2291799334 0.1782220353
0.1715719896 0.1743722121 0.2059903579 0.2193463692 0.1760509117 0.1606763137 0.1751641264 0.1152892845 0.2348240019 0.2085662069 0.1489937743 0.2282255108 0.2844345066 0.3517959687 0.4573001649 0.5970574928 0.7540486197 0.7759493094 0.8934898783 0.9207949162 0.8005957814 0.7323767304 0.5895233603 0.4907854340 0.3831160168 0.3192160950 0.2218508734 0.2265140605 0.2129610178 0.2286123302 0.2507298200 0.2140464501 0.2200286164 0.2579556679 0.1869174829 0.1356719744 0.1680175155 0.1977367689 0.2010191103 0.2231419943 0.2440229315 0.1893937818 0.1900136747 0.1792211992 0.1892021472 0.1984047544 0.2445732698 0.2235583571 0.2882635061 0.2539065795 0.2371136738 0.3053046224 0.4959550587 0.5687073470 0.7147749734 0.8425786124 0.9285910118 0.9322346991 0.8277929838 0.7331293569 0.6452459278 0.4947988885 0.3650117640 0.2400661591 0.2529794234 0.2072014852 0.1941317803 0.1994516124 0.2334659116 0.2375253033 0.2310817895 0.2347696006 0.2064660005 0.2257899918 0.1722704829 0.1841191657 0.2201662770 0.2135106412 0.1902414406 0.1771565214 0.1646513184 0.2322556347 0.1997144457 0.2533292285 0.2333923674 0.2015525280 0.2095974961 0.2421684488 0.3258299699 0.3802992364 0.4663957917 0.5706011868 0.6886406392 0.8149079044 0.8860584922 0.9061419661 0.9088514706 0.7470776277 0.6489722546 0.4621330941 0.3162980247 0.2906252447 0.2717571745 0.2277506988 0.2249912898 0.1716710653 0.2276940526 0.2403543391 0.1607012088 0.2319370086 0.2531487053 0.2641485631 0.1902958641 0.2380554795 0.1808304654 0.2247404088 0.1791702937 0.1857501825 0.2135837058 0.2132632110 0.2060480140 0.2516914338 0.2070606922 0.2645565533 0.2165065943 0.2660815111 0.2895173377 0.3690441077 0.5073274196 0.6365637168 0.7167864967 0.8563580222 0.9068945609 0.9402229657 0.8242344570 0.7762954337 0.6440933617 0.4994806402 0.3309793637 0.2886317157 0.2097260801 0.2177292946 0.2024884031 0.2081743416 0.2065427551 0.1909078643 0.1652590688 0.2186647452 0.2344452172 0.2053453028 0.2297739104 0.1968743662 0.2175335546 0.1755363475 0.2393693046 0.2190361462 0.2282169043 0.1964856257 0.2192732387 0.2340447732 0.2214486720 0.2423004407 0.2285088931 0.2331074416 0.3453026557 0.3691177071 0.4831306522 0.6140270409 0.7324797005 0.8340687305 0.9294380021 0.9161125099 0.8625967074 0.7471991404 0.6001622878 0.4936240416 0.3902983424 0.2982893802 0.2486266181 0.2337728209 0.2083869681 0.2060290453 0.1809363345 0.2359413640 0.2250894680 0.2696932516 0.2542781884 0.2099761851 0.2182760547 0.2034530706 0.1983379527 0.2432800100
0.2013774645 0.2420718493 0.2517918129 0.2257428712 0.1589566237 0.2111208365 0.1890949665 0.1797894496 0.2590776452 0.2180825500 0.2027668602 0.2269958389 0.2971037654 0.3793092686 0.3907769160 0.6422811949 0.6830213110 0.8574891201 0.9068691235 0.9174067849 0.8434301587 0.7804409579 0.6154498106 0.4855300733 0.3564857843 0.2783861851 0.2414263509 0.2744250861 0.2291976667 0.1962757443 0.1985479782 0.2273678421 0.1355849285 0.1881261104 0.2229454198 0.2063450260 0.2718051150 0.2177968136 0.2461820229 0.1658534023 0.1837854416 0.2041628346 0.1919876960 0.1844085540 0.2513496663 0.2260834112 0.2096427321 0.2195799663 0.2347116367 0.2478051305 0.3424827677 0.4240544983 0.4741701264 0.6183491897 0.7848576477 0.7936727670 0.9462454313 0.9356005889 0.8269821683 0.7496686385 0.5887546597 0.4482722484 0.3861299271 0.3007742334 0.2475325157 0.2293111275 0.2604190585 0.2165017171 0.1939267344 0.2515692920 0.1811032413 0.2129996934 0.1910697235 0.1987684723 0.2381195716 0.2093769056 0.1501229888 0.2398576420 0.2643539971 0.1747522365 0.2314861824 0.2341679275 0.1887713915 0.2005613436 0.2142390857 0.2023703205 0.2487422781 0.2554644694 0.3103934184 0.4052213508 0.5141991083 0.6330179584 0.7284580108 0.8200662810 0.9723659831 0.9749258804 0.8107274303 0.7226434148 0.5993080183 0.5011780076 0.3666379358 0.3557167359 0.2852496574 0.2371552663 0.1673298355 0.1822384614 0.2181798709 0.2062367400 0.2093970542 0.1988924216 0.2424558082 0.2038345850 0.1955974326 0.2099599380 0.2651912757 0.2258159153 0.2672572030 0.1809218400 0.2297414654 0.2060371174 0.2386936827 0.1938040043 0.1748965341 0.2420137657 0.1613871408 0.2739666026 0.2921660945 0.3887179052 0.5124601898 0.6253083416 0.6863456429 0.8480852608 0.9774062784 0.9634457213 0.8605615388 0.7145206222 0.6376081295 0.4823048481 0.3822099452 0.2968864775 0.2797949531 0.2564210231 0.1811082479 0.2455685865 0.2007646463 0.2154237598 0.2224768999 0.2138103340 0.1773188113 0.2251446800 0.2172190910 0.2054602675 0.2430449221 0.1666283568 0.2280785476 0.2351188860 0.2612957098 0.2136687699 0.2392180853 0.2203937413 0.2277736239 0.2072873514 0.2398743021 0.2826482204 0.2971052170 0.4004559565 0.4582464485 0.6186208788 0.8074854169 0.8264948176 0.9611396730 0.9329667216 0.8403004514 0.7486126647 0.5803640456 0.5255790862 0.4235311236 0.3101840715 0.2759360444 0.2476788805 0.2628406551 0.3062277273 0.2722307430 0.2789576292 0.2498124766 0.2283778536 0.2242175093 0.2126986927 0.2223949228 0.1781606159 0.2313527842 0.2208835402
0.1917066896 0.2194795099 0.2140246363 0.1860674680 0.2372984154 0.2190955380 0.1875834351 0.2259395493 0.2388072614 0.2174145650 0.2362993502 0.2536942706 0.2995738420 0.3329494754 0.5049828501 0.5993932341 0.7185508941 0.8738506657 0.9299246970 0.9554145411 0.8365044884 0.7536786756 0.5709861806 0.4756113931 0.3731546830 0.2534736073 0.2856915869 0.2376602957 0.2241511177 0.1938860743 0.2090730676 0.2142501867 0.2145852520 0.1920074972 0.1906486197 0.2333116324 0.1879462165 0.2054587113 0.1603105456 0.2495369827 0.2411309927 0.2709112568 0.2269601052 0.2098781716 0.2653132404 0.1785435122 0.2095391935 0.2473390512 0.2329099571 0.3094288349 0.3321263695 0.3929144014 0.5123081270 0.6383025938 0.7246145886 0.8180880468 0.9525872703 0.9380957569 0.8600975890 0.7659749971 0.6233365667 0.5446636667 0.3219042307 0.3532599497 0.2922085196 0.2539946314 0.2576296130 0.1918851361 0.2835791757 0.2725205566 0.2385565865 0.2130762119 0.2278554249 0.1898215578 0.2018634258 0.1875174168 0.1813371237 0.2036088142 0.2655019509 0.2013313083 0.2458867868 0.2311954182 0.2303668786 0.1548070666 0.1927420586 0.2339595428 0.2859274535 0.3047267091 0.2706510562 0.3875122914 0.5287885215 0.5965550622 0.7014784109 0.8482754862 0.9742330591 0.9718212239 0.9148979980 0.7833202328 0.6165832449 0.5131922458 0.3686963272 0.2780921972 0.2385507345 0.2385671968 0.2567754124 0.2565713750 0.2097214183 0.2294282807 0.2115581071 0.2103920543 0.2356631585 0.2536265056 0.2460978700 0.1732460594 0.1603032809 0.2478959762 0.2054408221 0.2617147770 0.2299009040 0.2364784191 0.1873020492 0.2634788102 0.1789146492 0.2722356510 0.2313217162 0.2817192544 0.3541279648 0.3975931242 0.5226236054 0.6063490005 0.7897397952 0.8362454001 0.9381667601 0.9467598083 0.8341535015 0.7398454753 0.5969564302 0.4730850217 0.3389477987 0.3653801683 0.2308270704 0.2933304943 0.2137548094 0.2139514472 0.2285973783 0.2466017192 0.2358080114 0.1734072965 0.1663540764 0.2874268060 0.2878538263 0.2283992239 0.1871214130 0.2632824557 0.2470746345 0.2456928881 0.2380751157 0.1821182969 0.2167029986 0.1867878408 0.2593922840 0.2569325376 0.2760388652 0.2672582877 0.2556278611 0.4016357860 0.4910504386 0.6406484098 0.7801416495 0.8362027750 0.9583964006 0.8758290632 0.9044622305 0.7783699529 0.5977377706 0.5034062005 0.4021234578 0.3335169157 0.2798404567 0.2234091385 0.2744080315 0.2747446247 0.2550125664 0.2565003925 0.2240099739 0.2562366062 0.2483767453 0.2432724790 0.1978089469 0.2169033260 0.1675836278 0.2277848197
0.2235851926 0.2089204232 0.2152668660 0.2031697914 0.2176663717 0.1908678642 0.1970387975 0.1541330510 0.2169718319 0.2219247562 0.2547408424 0.2225629316 0.2676000804 0.4125207814 0.4596001230 0.6324499544 0.7646981645 0.7984191681 0.9239625112 0.9278647979 0.8599347540 0.7484109755 0.5907689008 0.4623448435 0.4148605958 0.3096851757 0.2876460998 0.2039064372 0.2173261127 0.2231092621 0.2296254290 0.1906384999 0.2733072777 0.2122391755 0.2288330260 0.1973979749 0.2048198360 0.2079917599 0.2204477661 0.2161704758 0.1803159860 0.2076740689 0.2184019788 0.2002513503 0.1694804045 0.1607499200 0.2190663042 0.2294726554 0.2432904950 0.2827660804 0.2709044776 0.3442983140 0.4311645850 0.5911722981 0.7719010909 0.8954008483 0.9959378544 0.9364920011 0.8386259105 0.7612580571 0.5639409975 0.4395013491 0.4074979966 0.3210954447 0.2412965035 0.2627739605 0.1900962666 0.2723330882 0.2274933962 0.2916399909 0.1978711321 0.1581918293 0.3068940488 0.2060027736 0.1924739761 0.2259700449 0.2127502599 0.2126449503 0.2656849117 0.2300206297 0.2326754037 0.2089702740 0.2369632013 0.2611233541 0.1905872266 0.2453338124 0.2344764412 0.2966830109 0.3525515293 0.3381169404 0.4545430346 0.6232625844 0.7397627627 0.9166910698 0.9425385461 0.9623035627 0.8668621000 0.8069168323 0.5978029462 0.4433342714 0.4149059118 0.2896213722 0.2755134595 0.2328269458 0.2383377273 0.2186414978 0.1860712477 0.2309862060 0.2469864172 0.2229970803 0.2782813156 0.3189247354 0.1939218936 0.1833001158 0.2488871574 0.2343348165 0.2652289662 0.2314535211 0.2369168534 0.2326990171 0.2337992321 0.2360030183 0.1840503040 0.2656692085 0.2100795505 0.2494460710 0.3105083918 0.4550232240 0.4619840938 0.6305450743 0.7848596581 0.8985964217 0.9330450452 0.9289420714 0.8854570410 0.7466540328 0.6033012474 0.4774646578 0.3795406465 0.2955785955 0.3010344838 0.2803991975 0.2562963952 0.2033383420 0.2338312400 0.2490997145 0.2844003334 0.2251398816 0.2384507423 0.1912524302 0.2220514484 0.1980621914 0.2470719872 0.2427619591 0.2018031180 0.2855099207 0.1793663794 0.2481515644 0.2323867269 0.2298852262 0.2560020933 0.3047903293 0.2425299503 0.2730654363 0.2782987476 0.4206993547 0.5507010012 0.6450164654 0.8279978080 0.8530064601 0.9475961297 0.9281761769 0.8539467185 0.7811653347 0.5972706128 0.4971540621 0.4191234955 0.3185321513 0.2756448515 0.2479967528 0.2167421491 0.2008541466 0.2152382418 0.2105196730 0.2095247081 0.1808301108 0.2643374977 0.2100331806 0.2735876933 0.2270997939 0.2471781315 0.2120526995
0.1761297361 0.2396208628 0.1966147322 0.2020983856 0.2117710369 0.2529897296 0.2238777111 0.2261397573 0.2320979096 0.2133499691 0.2498467107 0.2299880154 0.3021630838 0.4211533604 0.4441446397 0.6018082965 0.7784391838 0.8463021018 0.9304583954 0.9238208625 0.8535907523 0.7053713853 0.6237939427 0.4843506183 0.3309239020 0.3312496483 0.2918350526 0.2989053299 0.2151653976 0.2717126641 0.2022361856 0.2192484544 0.2385010713 0.2621303719 0.2289630046 0.2339081388 0.1921270480 0.2212848510 0.2159169070 0.1387604763 0.2563556815 0.2345334275 0.2460565407 0.2310432678 0.2507219681 0.2553772500 0.2424583418 0.2657440123 0.2849612421 0.2673993879 0.3574519130 0.4183313726 0.4720156966 0.6184332939 0.7892803518 0.8789415083 0.9303574672 0.9401888275 0.8132668222 0.8013096450 0.6117313106 0.4803996114 0.3782198084 0.3042169575 0.2203102108 0.2769708672 0.2764207286 0.2305885262 0.2632934271 0.2732914417 0.2720641284 0.1452743749 0.2115089914 0.2496312397 0.2105699867 0.2142603750 0.2083189974 0.1723990043 0.2371968804 0.2067820095 0.1930566430 0.2502427059 0.1960762706 0.2445570274 0.2488351392 0.2555621716 0.2464198566 0.3106650445 0.3779677692 0.3749961208 0.4792891176 0.6256034411 0.7662454108 0.9023153648 0.9600754791 0.8893495690 0.8681741664 0.7160438389 0.5931121417 0.4526611066 0.3783177786 0.3223474081 0.2357379501 0.2394750439 0.1819832797 0.2557860168 0.2589048600 0.2247175741 0.1837538117 0.2247473046 0.2708212334 0.2616035951 0.2206304846 0.2130589642 0.2239096492 0.1752486898 0.2126070649 0.2450126130 0.2247490579 0.2558264720 0.1967560840 0.2568348545 0.2511138247 0.1988985500 0.2913696898 0.2970892474 0.3787545762 0.4502003781 0.5385842085 0.6491422330 0.7384520978 0.9044459799 0.8951285745 0.9445855388 0.8232942798 0.7257417822 0.6016799747 0.5529641463 0.3973833484 0.3103905648 0.2581477028 0.1980090885 0.2296719458 0.2198382209 0.2484095977 0.2139782429 0.2592719566 0.2592579561 0.2421031030 0.2350019241 0.2534063062 0.2726629324 0.2149905991 0.2426724445 0.2356557516 0.2056109603 0.1788218074 0.2063582354 0.2262429380 0.2323500179 0.2285003237 0.3081138321 0.2761090271 0.2259158971 0.3366746263 0.3735085739 0.4937541202 0.6641009638 0.8313091821 0.8910085223 1.0000000000 0.9758488085 0.8523454232 0.7700788685 0.6345290786 0.5274046820 0.3679984510 0.3179388261 0.2830917637 0.2991404620 0.2080357571 0.2272264479 0.2686683177 0.2336680558 0.2438384911 0.2827855125 0.2565770590 0.2237456542 0.1932805903 0.2452621364 0.2368215533 0.2032197129
0.2429161955 0.2048656795 0.2245068614 0.1984730489 0.2196972780 0.2025380857 0.2003153034 0.2375980710 0.1846803709 0.2096604910 0.2584103172 0.2919836218 0.3506993362 0.3758289089 0.4672705269 0.6297046377 0.7488680677 0.8761328344 0.9773990206 0.9852643064 0.8105350609 0.7295851919 0.5914022852 0.5054845883 0.3775824497 0.3021775900 0.2729943805 0.2719491948 0.3169047385 0.2281913250 0.2381324393 0.1688960609 0.2577992058 0.2498548969 0.1902881885 0.2295898151 0.2291840132 0.2549496735 0.1896594991 0.2531836003 0.2369682707 0.1974780223 0.2182279277 0.2532070550 0.2459600987 0.2359379877 0.2362728543 0.2548000533 0.2514086585 0.2840412607 0.3230886568 0.3879394052 0.4783735161 0.6568132590 0.7987089736 0.8642448214 0.9677810388 0.9796665714 0.8546330829 0.7285629650 0.6025841072 0.5171268649 0.3685029697 0.3514246953 0.2716591717 0.2763036748 0.2250492606 0.1926162858 0.2542202115 0.2382533811 0.2515914532 0.2756015399 0.2306302176 0.2313544466 0.1834683942 0.2362346944 0.2501329956 0.2500174703 0.1941257507 0.2303700341 0.2172438982 0.2613117081 0.2225454057 0.2569579789 0.3148884133 0.2408571385 0.2558339313 0.2872510382 0.2955197247 0.4142500704 0.4918448788 0.6616278177 0.8474692463 0.8292127176 0.9349818337 0.9018945935 0.8356638638 0.7260135011 0.5948473263 0.4762491567 0.3853184273 0.3229940849 0.2585578774 0.2910747060 0.2499466605 0.2443790409 0.2558413257 0.1936744457 0.2764703270 0.2586681683 0.2504109991 0.2141494093 0.2328600515 0.1454683843 0.2374043529 0.2429997702 0.2500704378 0.2254614131 0.2191030681 0.2224586397 0.2024323734 0.2456765670 0.2069342855 0.2305240074 0.2202098181 0.3051549207 0.3476366004 0.4357587090 0.5380074269 0.6414638685 0.8061178685 0.8963102108 0.9532587701 0.9381940042 0.8908276443 0.7732166837 0.6225984962 0.4686750402 0.4040993879 0.2870772403 0.2779965142 0.2826461821 0.2365429693 0.2329877138 0.2300888033 0.2384824674 0.2207079805 0.2398305851 0.2184455578 0.2207113072 0.2144516492 0.2361896506 0.2406297265 0.2185344422 0.1951329198 0.2297862323 0.2678103679 0.2551458698 0.2318062811 0.2420155589 0.2463387367 0.2692603344 0.2801335060 0.2630761690 0.3620806436 0.4640377876 0.4743342007 0.6690895364 0.7862630470 0.8759794281 0.9308383424 0.9570937483 0.8785951300 0.7119859695 0.6276712623 0.4636535036 0.4130931898 0.3111512006 0.2565217870 0.2764728751 0.3098021296 0.2557418272 0.2333498679 0.2433157199 0.2402712418 0.2449144508 0.2666652102 0.2197580461 0.2551041988 0.2277899232 0.2436088757 0.2788230826
0.1762749897 0.2584025678 0.2291675347 0.1893625292 0.1907144063 0.1779313721 0.2171060317 0.2294118874 0.2525850335 0.2169525236 0.2853892275 0.2547382974 0.3445908466 0.3813652984 0.5158510084 0.6599127904 0.7771624793 0.8673931072 0.9500277503 0.9108308591 0.8516641525 0.7184894793 0.5649758241 0.4698833103 0.4244530367 0.3472717067 0.2984552314 0.2301417786 0.2441677817 0.2355557576 0.2407156182 0.2411172442 0.1950966540 0.2371360540 0.2336912722 0.2031294738 0.2148953457 0.2285124834 0.2208842620 0.2232497305 0.2179842421 0.2474695489 0.2474166202 0.1787236869 0.1876128628 0.2026202703 0.2285406760 0.2395865061 0.2642672067 0.2645473230 0.2986261613 0.4130107088 0.4927572689 0.5983543929 0.7611709913 0.8941276939 0.9381515096 0.9459719669 0.8863702776 0.7463538097 0.6162320719 0.4748451845 0.3664379208 0.3149263459 0.2432162380 0.2221951841 0.2335496871 0.2609866635 0.2117496383 0.2322188248 0.2075189164 0.2925477759 0.2584084917 0.2568802916 0.1824820709 0.2090445697 0.2746913147 0.2333206521 0.2605140652 0.2494999990 0.2586652977 0.2711333414 0.2828666462 0.2003181973 0.1954325079 0.2532290146 0.3101877250 0.2828358200 0.3740054633 0.4482745125 0.5750102250 0.6319314324 0.7844423534 0.8994120085 0.9770045410 0.9760215893 0.8948049804 0.7739742466 0.5974571095 0.4901158519 0.3697799377 0.2869786453 0.3003873544 0.2571125191 0.2280990532 0.2384593045 0.2189742601 0.2021009101 0.2221438293 0.2655897446 0.2753809660 0.2505803509 0.2928982848 0.2227112314 0.2312826911 0.2408975303 0.2630627989 0.2663362231 0.1975927660 0.2721627861 0.2938900967 0.2305799059 0.3003995374 0.2395902326 0.2351971628 0.3181734175 0.4022889483 0.4216206230 0.5371858157 0.6889389450 0.8211668281 0.9066338539 0.9738848674 0.9633686677 0.8829665969 0.7546185089 0.5917285728 0.4684894354 0.4340393859 0.3069839980 0.2475256215 0.3091500261 0.2156614736 0.2482746576 0.2296107522 0.2663480395 0.3048205743 0.2422390421 0.2482794594 0.2151617099 0.1743910258 0.2611808323 0.2474260983 0.2191854017 0.2158009194 0.2669595656 0.2813189015 0.2509719435 0.2552417147 0.2727295184 0.2607459211 0.2397449877 0.2948382990 0.3318623547 0.3906493349 0.4452617526 0.5361687798 0.7074458246 0.8058182292 0.9222871716 0.9662363925 0.9422340401 0.8511385285 0.7617006625 0.6122861218 0.4915425597 0.3712434762 0.3074440794 0.2815321388 0.2622807061 0.2594648190 0.3008873378 0.2969381839 0.1953681264 0.2586579377 0.2467143775 0.2271455056 0.2552790922 0.2677668919 0.2547512073 0.2776692544 0.2392661653
0.2255530680 0.2354121934 0.2232040107 0.2188408560 0.2405235888 0.2364171505 0.2308499843 0.2267001851 0.2426037089 0.2938151474 0.2577955193 0.3181804347 0.3352459948 0.4317661774 0.5188684860 0.6665737784 0.8170706856 0.8971420243 0.8944144644 0.9580001049 0.8980115353 0.7942417455 0.6309368091 0.4946837528 0.3366390294 0.3618733090 0.2165495799 0.2785267402 0.2521326767 0.2641585102 0.2507644891 0.2572781246 0.2517251713 0.2100104418 0.1728553514 0.1801958260 0.2267545096 0.2152174223 0.2301297621 0.2395473653 0.1998693025 0.2624869135 0.2488624860 0.2672500451 0.2110259695 0.2344003667 0.2559515314 0.2572558919 0.2291428877 0.2415055290 0.3223900193 0.4405011037 0.5479252360 0.7114280414 0.8107522008 0.9076894992 0.9462352884 0.9024942959 0.8159120155 0.7378370275 0.5771743988 0.4661294576 0.3609815510 0.3115102127 0.2858681853 0.2822547732 0.1990863506 0.1988572665 0.2207041616 0.2380957275 0.2292992889 0.2431205554 0.2164937356 0.2124790702 0.2432922787 0.2143533310 0.2468252177 0.2364128338 0.2339992019 0.2051818011 0.2736784657 0.2612704825 0.2640488832 0.2551109182 0.2359180879 0.2602582248 0.2621561460 0.2900722945 0.3769314029 0.4194966966 0.4909809549 0.6373044462 0.7634304643 0.8778990883 0.9683935720 0.9242209073 0.8146945360 0.7550721812 0.6081714823 0.4691438738 0.3871405633 0.2760932032 0.3002567260 0.2778589928 0.2159263696 0.2627169408 0.2423166275 0.2597831357 0.2233427059 0.2589668455 0.2562275207 0.2469333828 0.1997458739 0.2481561402 0.2669202589 0.3067113135 0.2412509194 0.2441806430 0.2378558289 0.2393669781 0.2466967939 0.2529633703 0.2121301712 0.2406265979 0.3144187964 0.2838803786 0.3400670985 0.3983451948 0.5809599899 0.7382541733 0.7955855064 0.9133431490 0.9728971010 0.9253715412 0.8583451212 0.7379832400 0.6396730303 0.5407793316 0.3630198236 0.3338762489 0.2396201991 0.3041906174 0.2129925897 0.2975510704 0.2485904913 0.2686846557 0.1869272878 0.2587229277 0.2017199679 0.2480451564 0.1817568058 0.2360392818 0.2943372334 0.2586050544 0.2333959701 0.2454710282 0.2357406569 0.2715484178 0.2580910917 0.2474900170 0.2882197838 0.2491170403 0.2408382898 0.3347157368 0.3350626539 0.4461140443 0.6261341560 0.6764976330 0.7993223140 0.9303154125 0.9513077113 0.9522742282 0.8779277404 0.7971246270 0.5869448843 0.4376300424 0.3604369231 0.3373437374 0.2633868035 0.2569148222 0.2128715854 0.2604196240 0.2671040753 0.2316690613 0.2560991498 0.2615255429 0.2902232681 0.2668640820 0.2265144571 0.2373212698 0.2199760899 0.2697106822
0.2760398659 0.2343056880 0.1766689851 0.2017470913 0.2455612449 0.1946242996 0.2119470765 0.1756050878 0.1545261858 0.2316725534 0.2555392855 0.2915002502 0.3469580511 0.3736091531 0.5190807058 0.6262852121 0.7806778382 0.8820447422 0.9557744579 0.9720948549 0.8783713475 0.7519169555 0.5532439388 0.4695844562 0.3564366520 0.3037210427 0.2105685766 0.2444320369 0.3041616307 0.2202185355 0.2001137603 0.2159629221 0.2324764868 0.2047025542 0.2161367093 0.2198837903 0.2187377154 0.2142406113 0.1949603244 0.2243485792 0.1984915372 0.1956768399 0.2461458406 0.2125890289 0.2655293489 0.2431245192 0.2146560780 0.2445716110 0.2940890563 0.3145874587 0.3075622715 0.4600641130 0.4589964434 0.6702847245 0.7897267222 0.9125172634 0.9714580102 0.9643028138 0.8274944018 0.7529801273 0.5614176342 0.4544389016 0.3775790837 0.3545542144 0.2453082293 0.2874439162 0.2430585284 0.2546603461 0.2693080308 0.2172572852 0.2076531699 0.2564767612 0.2189927500 0.2559244398 0.2196940620 0.2447039738 0.2285759075 0.2707124066 0.2143107011 0.2539483380 0.1964732335 0.2218925702 0.1794675414 0.2640312871 0.2379722093 0.2518832880 0.2275333723 0.2813982646 0.3533855266 0.4599212361 0.5546084568 0.6727481285 0.7861679965 0.8766676849 0.9327386479 0.9087578337 0.9013806171 0.7060770313 0.5485340416 0.4838529619 0.4393235538 0.2770316537 0.2556247358 0.2631293607 0.2380917538 0.2242891363 0.2445603076 0.2878104132 0.2082650507 0.2264122126 0.2376098286 0.2979307562 0.2067423006 0.2465583144 0.2308091003 0.2462249549 0.2528347600 0.2461790470 0.2006801116 0.2432073280 0.2520863075 0.2896086918 0.2568672809 0.2669857584 0.2732966523 0.3485921953 0.3418467984 0.4417189495 0.6021581154 0.6926781814 0.8036533609 0.8899306401 0.9764748317 0.9402272444 0.8440277991 0.7514572135 0.6136489537 0.4708855468 0.3221700554 0.3991361148 0.2051461382 0.2305984503 0.2246022435 0.2065909382 0.1973012416 0.2419558411 0.2451704695 0.2583344626 0.2832396689 0.2400929373 0.2638064548 0.2359073494 0.2362314422 0.2533618852 0.2364504717 0.2036511980 0.2481178410 0.2425673116 0.2468638014 0.2592758525 0.2299688808 0.2303972787 0.2912885366 0.2757839226 0.3734022258 0.4050158746 0.5847974882 0.6817075340 0.7991777439 0.9324711104 1.0000000000 0.9542950923 0.8616188372 0.6746577507 0.5496574125 0.4863288311 0.3795879596 0.3278261951 0.3451572241 0.2679613092 0.2632473261 0.1845431857 0.2405844380 0.2270833509 0.2694006426 0.2472842818 0.2038062617 0.1996742117 0.2531792290 0.2733670133 0.2192198919 0.2449426208
0.2378297206 0.2282730638 0.2330559878 0.2095076855 0.1606781653 0.2000163742 0.2076854191 0.2341237585 0.2546259914 0.2143807902 0.2723135228 0.2879160573 0.3339084059 0.3642811465 0.5208958862 0.6613943455 0.7803326257 0.8300051228 0.9178982809 0.9184763613 0.8844167088 0.7448276297 0.6080418571 0.4479091182 0.3313737627 0.3271192436 0.2320010430 0.2596142590 0.2457251592 0.2283742835 0.2135800100 0.2022849106 0.2039338863 0.2341920766 0.2413757842 0.1990266718 0.2728206844 0.2441102109 0.2704661076 0.2522586937 0.2265585408 0.2241013236 0.2467869711 0.1830660395 0.2292978269 0.1876402289 0.1896848615 0.2489215237 0.2366253137 0.3175282691 0.3235010544 0.4547381176 0.5800190115 0.6530420254 0.8061079604 0.8641276028 0.9530086937 0.9210134039 0.8640594111 0.7117327049 0.5976671740 0.4418835670 0.3986808322 0.2643153453 0.2738131929 0.2611690024 0.2202756276 0.2488073643 0.2231329857 0.1902245265 0.2347971712 0.2386501631 0.2091932385 0.2623562654 0.2153587862 0.2128876944 0.1770653266 0.2375782040 0.2113973447 0.2455209298 0.2439849707 0.2222595557 0.2055170686 0.2271174417 0.2570091034 0.2283214133 0.2842715506 0.2620155423 0.3355179496 0.3812572475 0.5298750163 0.6189272337 0.8095234994 0.9305073870 0.9351297972 1.0000000000 0.8225425940 0.6972680719 0.6018573733 0.4814153104 0.3655301105 0.2995190040 0.2421247282 0.2340605146 0.2937783801 0.3000180703 0.2462119728 0.2689304522 0.2486363590 0.1985009092 0.2076982679 0.1946831009 0.2406870501 0.3074030910 0.2636329097 0.2121374966 0.2222963817 0.2436848576 0.2145228215 0.2765074279 0.2195450351 0.2402203596 0.2524154689 0.2352269137 0.2630027809 0.2875633679 0.3303596736 0.4769357347 0.5587205447 0.7152508886 0.8422850571 0.9271533315 0.9593751726 0.9148888224 0.8335634089 0.6849331522 0.5878293229 0.4054881123 0.3245864936 0.3117954741 0.2778047062 0.2507281728 0.2214094417 0.2246358636 0.2308533396 0.2578612805 0.2432614931 0.2297619788 0.2116942619 0.2543371687 0.2467542403 0.2353975832 0.2412675104 0.2291234301 0.2782959482 0.2236136258 0.2574912263 0.2450850560 0.2866418743 0.2463108441 0.2514998131 0.2647587847 0.2436665148 0.2766492419 0.3829149046 0.4670023863 0.5905295235 0.6224988158 0.8157540239 0.9044213099 0.9249157571 0.9251799218 0.8451238678 0.7477886402 0.5733951214 0.4611717594 0.3791636757 0.3282395781 0.3110008661 0.2919878851 0.2654754970 0.2697882559 0.2408819298 0.2337731385 0.2202928355 0.1984784969 0.2036397021 0.1932973613 0.2696542934 0.2033586991 0.2414689317 0.2700639635
0.1896762610 0.1930579203 0.1468882823 0.1841385512 0.2213269601 0.2516866700 0.1861099422 0.2206375853 0.2116111601 0.2166349340 0.2250114197 0.2836987345 0.3134199296 0.4697805968 0.5483472499 0.6114091609 0.7562762272 0.9221874110 0.9436513480 0.9107871619 0.8196879742 0.7087142878 0.5996744296 0.4243977336 0.4117208632 0.2671727109 0.2889824936 0.2578292405 0.1896144481 0.2371302957 0.2421173472 0.2494425546 0.2197851289 0.2265545282 0.2252804687 0.2097086217 0.2333232056 0.2180387438 0.1899572933 0.1793245956 0.1511554506 0.1777848806 0.1999607253 0.2224742870 0.2190738419 0.2196558860 0.2128636671 0.2449695785 0.1968361381 0.2900741121 0.3721802455 0.4197760137 0.5493711689 0.6187659268 0.8294188083 0.8086901609 0.9193068714 0.9009589803 0.7899455803 0.7038649551 0.5901119158 0.4160761386 0.3161330635 0.3374127941 0.2126628833 0.2590460376 0.2323414145 0.1800700570 0.1960274287 0.2617437620 0.1918611798 0.1962355759 0.2492777489 0.2334014745 0.1915000036 0.2565104323 0.1761020266 0.2579902208 0.2043910524 0.2388285748 0.2385323278 0.2482791838 0.2120909683 0.2358915877 0.2496705917 0.2450302949 0.2991282870 0.1983372441 0.3525852653 0.4081837157 0.5302516762 0.6674184529 0.7814899745 0.8956383924 0.8966193625 0.9065201477 0.8579460441 0.7373861918 0.5687134975 0.4376865041 0.3730565141 0.3191601992 0.2659796013 0.2332756925 0.1977375103 0.2436048998 0.2335898688 0.1890124790 0.2396286553 0.1858263991 0.2208515567 0.2169086407 0.2352574009 0.2596199579 0.2281299749 0.2034180789 0.2271303809 0.2048471566 0.2010640906 0.2293754999 0.2599030494 0.1987937817 0.2395134168 0.2536312229 0.3149639880 0.3167681825 0.2883396082 0.4789196755 0.4823835771 0.7454048579 0.7772485360 0.9121660082 0.9627653302 0.9136540691 0.8525925862 0.6981964038 0.5615285883 0.4649886802 0.3942349336 0.2661300804 0.2254278615 0.2678423097 0.1913599852 0.2279982115 0.2526423347 0.1968408253 0.1988307603 0.2237230784 0.1860950697 0.1904029238 0.2493321415 0.1926620725 0.2195353253 0.2482058251 0.3189559170 0.2250919488 0.1798619990 0.2803713006 0.2198034798 0.2467699933 0.2729535700 0.2142407551 0.2823039728 0.3010416101 0.3851314404 0.4428598392 0.5171062803 0.6750801158 0.8252510973 0.9432381731 0.9743404555 0.9271863129 0.8154739675 0.6586552138 0.5712076321 0.4392197955 0.3728913532 0.2608281181 0.2894378102 0.2941301687 0.2338692047 0.2143889800 0.2151098144 0.2424662374 0.2054883727 0.2605692084 0.2156947804 0.2171045505 0.2849622254 0.2250626438 0.2606523218 0.2306321677
0.2472285046 0.1949744970 0.2201883116 0.2490670708 0.2135475247 0.1817187732 0.2005155159 0.2355563531 0.2174392782 0.2527793965 0.2308784504 0.2864699005 0.3420114887 0.3906342282 0.4684135337 0.6523937522 0.8185748145 0.8832400919 0.9550304839 0.9258409464 0.8428249232 0.6935363059 0.5737726240 0.4165264842 0.3710726902 0.2795915401 0.2048415131 0.1732297048 0.2595110906 0.1933402693 0.2050209164 0.2374884337 0.2012679589 0.2116809176 0.2171002548 0.2064954653 0.2128293444 0.1738229783 0.1761233570 0.2080452671 0.2389008845 0.2011228455 0.1731575495 0.2144392758 0.2265254500 0.1998765527 0.1923498399 0.1827304195 0.2180373224 0.2912813011 0.2961018310 0.4081821003 0.5311598466 0.6600107632 0.7968651745 0.8904359475 0.9639058452 0.8870698995 0.8555613600 0.6851596297 0.5373687136 0.4115456609 0.3197136938 0.2554241742 0.2744773146 0.2392425352 0.2307065506 0.2168636960 0.2509480224 0.2161841963 0.1981977397 0.1814970089 0.2370533323 0.2118344689 0.2081546089 0.1963751242 0.1701932054 0.1665303983 0.1996120319 0.1791998316 0.2548787549 0.1835777657 0.1847296912 0.2409727008 0.2498521658 0.2228054795 0.2810565716 0.3049202074 0.3043311049 0.3960818940 0.4846335505 0.6563584093 0.8454496734 0.8737643536 0.9137608717 0.9164031400 0.8571201221 0.6671698914 0.5581888574 0.4347589089 0.3560530580 0.2918375152 0.2793219115 0.2405347633 0.2471767745 0.2278222695 0.2070769068 0.2489173246 0.2076081305 0.2179127706 0.2589731607 0.2362025331 0.2220201783 0.2332128257 0.2435023665 0.2409017771 0.1931852902 0.1804970727 0.2510784426 0.2351526047 0.2145918210 0.2469457995 0.2374200055 0.1811265697 0.2321313705 0.3044790590 0.3113798635 0.4299327617 0.5399636765 0.6787531706 0.7897969851 0.8583817017 0.9111132918 0.9041378534 0.7855150655 0.7059205439 0.5702531163 0.4427344901 0.3640227816 0.3022460320 0.2233318938 0.1719657772 0.2621789604 0.2762595901 0.2373548759 0.2079270754 0.2309401905 0.1964101281 0.2298144387 0.1789550600 0.2793419744 0.2169499381 0.2084727409 0.2288425001 0.2469160343 0.1905599643 0.2080198026 0.2565207666 0.2025408042 0.2673606899 0.2963634198 0.2540894439 0.2449971136 0.2517417638 0.2892201160 0.4275066908 0.5603257998 0.7131848603 0.7872669638 0.8679990051 0.9662475292 0.8890581878 0.8042644423 0.6808022878 0.5356360564 0.4327403938 0.3772215582 0.2825442847 0.2688464397 0.1799049865 0.2399679576 0.2010515157 0.2637779249 0.2256020385 0.2066722473 0.1994607231 0.2197869478 0.2416738718 0.2087933311 0.2342682704 0.1380021526 0.2483246690
0.1607441791 0.1968113169 0.2379688337 0.2434589226 0.1323002160 0.2224803199 0.1850978864 0.2159383281 0.1823416462 0.2519048980 0.2249177738 0.2471090953 0.2966928350 0.4081093734 0.5670317771 0.6799762487 0.7617894541 0.8898533343 0.9387662589 0.8695037069 0.7982823243 0.6441772996 0.5589283028 0.4391204370 0.3272749898 0.2861288307 0.1903541572 0.1794313068 0.1900291816 0.1801598354 0.1849272534 0.2192432445 0.2015864769 0.1546431693 0.2105080000 0.2310259989 0.2063540792 0.2595233809 0.2469272846 0.2032568220 0.2677414031 0.2210881833 0.1887790085 0.1811769267 0.1821253623 0.2207631333 0.2070835805 0.1603802039 0.2029909695 0.2957722329 0.2764996193 0.3395260582 0.4949697459 0.6724983444 0.8296984603 0.8429014241 0.9221787798 0.8848390126 0.7806958474 0.6514456054 0.5770198816 0.4643675877 0.3480783153 0.2593139742 0.2748093569 0.2306200033 0.2527625450 0.2065182980 0.2052375796 0.2393584332 0.1546421620 0.2008219338 0.2183924362 0.1576882643 0.2100889753 0.2252124625 0.2153772115 0.2123609314 0.1564323768 0.1694088329 0.2011641483 0.1511935395 0.2224598455 0.1971245799 0.2154254638 0.2022379027 0.1970272575 0.2179490602 0.3232599870 0.3980016088 0.5146317042 0.7007539029 0.7739279858 0.9069301375 0.9542728390 0.9095144532 0.7802060652 0.6620026195 0.5378687814 0.4053139233 0.3039870135 0.2625023143 0.2404952091 0.1936523185 0.2103983339 0.2364792135 0.1712774881 0.2232578586 0.2010198660 0.1856027820 0.2167693196 0.2056271796 0.2390551723 0.2532903092 0.1847150754 0.2072014932 0.2150335385 0.2335215582 0.2580522842 0.1901365831 0.2381105504 0.2152014391 0.2134122143 0.2216172769 0.2561440201 0.2425331448 0.3565658611 0.3922359260 0.5763850781 0.6934846827 0.8152950650 0.9043891260 0.9306403061 0.9268366314 0.8019032806 0.7185186019 0.5369610999 0.3928302836 0.3714346704 0.2718764421 0.2390910011 0.2206276683 0.2103231411 0.2179887278 0.2168371692 0.2083580314 0.2184143151 0.2679374946 0.2141486997 0.2204803739 0.2535941324 0.2230934250 0.1983425577 0.2014785578 0.1994064220 0.2007186838 0.2024478836 0.1887984616 0.1612265036 0.2607594642 0.2959673632 0.2215811328 0.2298691258 0.2728251729 0.3106928890 0.4629439003 0.5585520627 0.6896202234 0.8563651164 0.9184106920 0.8926682791 0.8551305955 0.8107641755 0.6830569369 0.5347966445 0.4572138535 0.3470670579 0.2653947096 0.2656574250 0.2796994356 0.2398674324 0.1999081543 0.2236956945 0.1842078203 0.2163810016 0.2429887762 0.2242124305 0.2312756948 0.1927229887 0.2242629056 0.2527403684 0.2445457445
0.1984265423 0.1789028170 0.1512998851 0.1662501588 0.1955589633 0.2196147644 0.1532859885 0.2159760417 0.2004635273 0.2115485209 0.2717302065 0.2221731113 0.3069347110 0.3905156747 0.4885688031 0.6941141523 0.8091650603 0.9256850294 0.9456904983 0.8535169775 0.7443111719 0.6371019753 0.5347795271 0.4847006580 0.2733363925 0.2347759223 0.1954557639 0.1866587598 0.1808515354 0.1630855897 0.1994034600 0.2159907786 0.1968476182 0.2345818654 0.1590821412 0.1848432641 0.1862129446 0.2143378326 0.2195969589 0.1760878254 0.1753182755 0.1813155404 0.1900775433 0.2002482608 0.1647466943 0.1896497875 0.1957811833 0.1872575512 0.1963763423 0.2971490477 0.3043026023 0.4194091411 0.5360779535 0.6940736414 0.7819885140 0.9051445399 0.9124756840 0.8727447585 0.8409009365 0.6657030784 0.5548219128 0.4542047173 0.3195546010 0.2144525130 0.2114635183 0.2213275746 0.2305173463 0.2329161377 0.1992202764 0.2003442182 0.1790503867 0.2323596021 0.2282134928 0.1558442188 0.2148648563 0.2265721235 0.2568107321 0.1969547932 0.1725551980 0.2579277850 0.1728471654 0.2365468582 0.2222721862 0.2010293161 0.2003522639 0.2710903084 0.2593966407 0.3069728249 0.3613612949 0.4183465904 0.5625217187 0.6604489906 0.7840094973 0.8819660484 0.9363271674 0.9040679054 0.8337302103 0.6904712304 0.5529541772 0.4386507143 0.3632053025 0.2667590787 0.2559114256 0.2296706593 0.2244233927 0.2171604830 0.2264459432 0.2260289968 0.2068888317 0.1467523833 0.1735729863 0.2228058647 0.1801079733 0.2200937558 0.1803773420 0.1971319295 0.2201030327 0.2485200890 0.1377567806 0.2105175479 0.2317946706 0.2200957936 0.1878515484 0.1948291470 0.2197661311 0.2536547479 0.3171173499 0.4440427313 0.5926097651 0.7045517634 0.8795005969 0.9437594492 0.9480937003 0.9023364134 0.7747517777 0.7014154580 0.4912672696 0.3876795717 0.3053391505 0.3119702668 0.2433526002 0.2947239596 0.2092221239 0.2490125179 0.2111121722 0.1881482081 0.2169461487 0.2468067791 0.1575015489 0.2172406308 0.2424545383 0.2274312061 0.1995385757 0.1590327608 0.1929926090 0.1801097038 0.2262358745 0.2141102134 0.2026658035 0.1757729801 0.2142653706 0.2278563595 0.2657071254 0.2797503496 0.3279984539 0.4631955131 0.5581295382 0.6461668967 0.7917346629 0.9378175370 0.9317693833 0.9425188556 0.7388352613 0.6605574909 0.5429921472 0.4334833390 0.3512340525 0.2911036740 0.2592545665 0.2525750160 0.2513539537 0.2113222817 0.1916565653 0.1829238496 0.2250581208 0.2207910514 0.2491473599 0.2172606053 0.2149388724 0.1635455725 0.1990270524 0.2055146098
0.2179198676 0.2139182556 0.1735322611 0.1471201217 0.1937319877 0.1576408218 0.1811543421 0.1538431415 0.1800225124 0.1851309992 0.1938744860 0.2808677647 0.3145490558 0.4062748391 0.5472755997 0.6394509902 0.7876392112 0.8556260961 0.9231787033 0.8544979863 0.7859132388 0.6424558734 0.5562993370 0.4598339362 0.3148210061 0.2561070583 0.2428127828 0.2092157125 0.2565709212 0.1896125205 0.2052061978 0.1844250649 0.2116785609 0.2249139250 0.2046087405 0.1969434039 0.1681348736 0.1744004485 0.1863437440 0.1915064767 0.1894239487 0.2200619403 0.2079374012 0.1528379735 0.2001074039 0.1912224508 0.2081660932 0.2027004924 0.2359977378 0.2575690179 0.3583482694 0.3676559061 0.5086753201 0.6449115722 0.7810128512 0.8978566127 0.9140627232 0.8691624604 0.8378828694 0.6526339767 0.4796363337 0.4368067987 0.3293819936 0.2705894024 0.2661084359 0.1825527455 0.1717693684 0.2365493266 0.2438286480 0.1318844639 0.1822103558 0.2001141254 0.2245741702 0.2137971983 0.1979316227 0.1722890636 0.2448022437 0.2193793532 0.1810920110 0.1710414464 0.1873448485 0.1884205746 0.1756540995 0.2672454300 0.1950554905 0.2101525617 0.2843677667 0.2859774058 0.2999730947 0.4163348787 0.5179059536 0.6904884924 0.8230709216 0.8744271896 0.9297060012 0.9278389332 0.8143758722 0.6337685461 0.4962096839 0.3918348667 0.2815313735 0.1986757196 0.2721284612 0.1977131335 0.2187710110 0.1434415420 0.2228161469 0.1747241041 0.1611983386 0.2297948946 0.1857940602 0.1599517463 0.2344517850 0.2061083184 0.2092701475 0.2062514202 0.2001377103 0.1822993045 0.2221272499 0.1903624933 0.1853599669 0.2119860493 0.2417960689 0.1974655326 0.2350410993 0.2863002318 0.3654272809 0.4097050935 0.5701632383 0.6552078721 0.8192398464 0.8868122827 0.8999785441 0.9172744789 0.7930230624 0.7065953227 0.5332333845 0.4345958210 0.3273014504 0.2697025901 0.2764390756 0.2135730073 0.2255474402 0.1936900444 0.1850524204 0.1860216226 0.2282873570 0.1746534024 0.2479459550 0.2391516111 0.2559001266 0.1929279312 0.1868327572 0.2376944473 0.1730510578 0.1625867093 0.2463681811 0.1748319193 0.1991966536 0.2190116684 0.1847066862 0.2345516334 0.2512376282 0.2945240139 0.3763814075 0.4462913743 0.5030464288 0.6736790623 0.8487691715 0.9005557002 0.9607755671 0.8929766682 0.7984428753 0.6214799638 0.5219795195 0.4084656236 0.3160442136 0.2977851701 0.2693432867 0.1738743993 0.2095510535 0.2329793629 0.2443573753 0.2303222402 0.2069965286 0.2120549428 0.1692252119 0.1773292163 0.2484056402 0.2444970700 0.2283166762 0.1654991874
0.1555868418 0.2141773582 0.2083806605 0.1694883959 0.1933427493 0.2003518566 0.1332343642 0.2005135785 0.1757395996 0.1918128553 0.2182742978 0.2816619629 0.3273184286 0.3964194973 0.5470904327 0.6271542342 0.7742358823 0.9041220103 0.8612027561 0.8871139752 0.8088489230 0.6520503316 0.4799625899 0.4329512745 0.3317431256 0.3027670742 0.2679932548 0.1992676661 0.1613726718 0.2159079371 0.1833050951 0.1712973330 0.1459749676 0.2080085664 0.2297182834 0.1429607650 0.1784642918 0.1464487772 0.1756157153 0.1570892259 0.2396172034 0.2009431761 0.1881036620 0.1948517057 0.2040359025 0.2277307743 0.2169730306 0.2223455413 0.2599707009 0.2690323478 0.3594064136 0.4242395970 0.5328936573 0.7051804469 0.8080355478 0.8429472137 0.9515451143 0.8792919318 0.7614103999 0.6261179834 0.5514548291 0.3869462161 0.2991838493 0.2923268062 0.2294971451 0.2042488035 0.2162149643 0.2308186014 0.1699706977 0.2578950821 0.2072750404 0.1904486557 0.1699950830 0.2020345245 0.2627066399 0.1289503778 0.1682104675 0.2008088050 0.1710182349 0.2037993759 0.2243642171 0.2044610307 0.2109910341 0.1761266403 0.2693595032 0.2785415447 0.2432196396 0.2655725311 0.3346062619 0.4337615467 0.5714419660 0.7008424350 0.7910944883 0.8825694278 0.9549589817 0.9209070388 0.7640403731 0.6345759388 0.4806775159 0.3944560389 0.3117252265 0.2845994507 0.2057065340 0.1790994705 0.2023648864 0.1871655741 0.2101937690 0.1921886448 0.2185904942 0.2682038777 0.2092028775 0.2259924161 0.2106727469 0.1750917885 0.1366494070 0.2223723707 0.2179050975 0.2188666608 0.1959658433 0.2235403932 0.1937903778 0.1778543490 0.2044102774 0.2404582446 0.2589341107 0.2777954090 0.3294704127 0.3970753508 0.5161145067 0.6728306435 0.8307990674 0.9314866172 0.9284301565 0.9521025771 0.7517800785 0.6337677354 0.5380940060 0.3795700018 0.2753969446 0.2467208978 0.2218210494 0.2150279409 0.1719479270 0.2125051891 0.2439048191 0.1989348157 0.2304514916 0.2012042238 0.1849267192 0.2239371605 0.1951037203 0.1806535675 0.2145982331 0.2198469928 0.1922357446 0.2196230840 0.1490431483 0.2099777354 0.2308603889 0.1751140034 0.2070957101 0.2123667353 0.2875129526 0.2888882840 0.3469456002 0.4379500504 0.5341757318 0.7334094460 0.8138058120 0.8887725044 0.8800136405 0.8918877416 0.8003786289 0.6617321145 0.5231029190 0.4172862837 0.3447508505 0.2254948080 0.2285684746 0.2355693785 0.2044217596 0.2589552491 0.2379261823 0.2150341010 0.2184928861 0.1615197590 0.2032716584 0.2281367728 0.2386876646 0.2341947458 0.2259863101 0.2295889472
0.2032667242 0.1895609048 0.2120952011 0.2014067781 0.2212418818 0.1694599314 0.1318225004 0.2395664839 0.2092451294 0.1658122159 0.2302682241 0.2752618652 0.3348245632 0.4206116768 0.5519278055 0.6949985816 0.7686273899 0.8639532527 0.9102406209 0.8703468898 0.7536528738 0.6128474844 0.4863628924 0.4659849933 0.2872999003 0.2833482026 0.2268090854 0.1873512337 0.2400274710 0.1136062385 0.1737368733 0.1917329950 0.1580480489 0.1738432569 0.2354446026 0.2173007919 0.2243911393 0.1858321380 0.1564989914 0.1453679522 0.2442461773 0.2097224950 0.1955481813 0.2132471435 0.1899455028 0.1687416308 0.1977510080 0.2036913869 0.2303710446 0.2618189333 0.3056463914 0.4475867227 0.5263789716 0.6946784855 0.7551210001 0.8681901262 0.9204262922 0.8913981667 0.7337606283 0.6612558107 0.5137497015 0.3653025202 0.3415862847 0.2751073284 0.1576943913 0.2352626650 0.1645815999 0.1971470761 0.1488292969 0.1977837962 0.2058422308 0.1849716180 0.2315041744 0.1649519370 0.2109719377 0.2100670906 0.1991331057 0.1843814096 0.2037108075 0.1746086934 0.1293488790 0.2053488093 0.1793962571 0.2319932960 0.2542211996 0.2455981987 0.2310055792 0.2845864037 0.2875810945 0.4281191215 0.5593315099 0.6930094925 0.7816232786 0.9058413995 0.8829117871 0.8469019945 0.7695178164 0.6156566220 0.4866423350 0.3686203224 0.3133544407 0.2527277101 0.2358449482 0.1390746807 0.1823367575 0.1943090018 0.1914431329 0.2327985414 0.2013088584 0.2093218568 0.2161166660 0.1795096726 0.1824810411 0.1717520802 0.2343559189 0.1331454189 0.1651719920 0.2379384385 0.1797381223 0.1818591605 0.1628343089 0.2325472633 0.2197825618 0.2370145281 0.2240391446 0.2958790252 0.3530009175 0.4011186202 0.6094849681 0.6964244892 0.8251960233 0.8658716167 0.9516815873 0.9186357942 0.7279577040 0.6145374542 0.5188938771 0.4206963469 0.3758591937 0.2736099612 0.2396726512 0.2394476337 0.2210281819 0.1903432740 0.2030824098 0.2508717887 0.2101781166 0.2122037382 0.1902718875 0.1895687161 0.2327511843 0.1883473498 0.1823744722 0.1327565634 0.2041075357 0.2426768337 0.2092657864 0.2207270308 0.1518405516 0.2262188799 0.2688072288 0.1839026300 0.2078072711 0.2999145869 0.3831619250 0.4318812585 0.5526927807 0.7042806150 0.8696441139 0.9243548549 0.9902981128 0.8537942378 0.7831408022 0.6289614810 0.4675901936 0.4224892934 0.3141630649 0.2729096878 0.2159841773 0.2397750164 0.2789167583 0.2225657572 0.2086083396 0.2341195406 0.2426045097 0.2622892999 0.1632441875 0.1892578340 0.2210645073 0.1883097779 0.2147426887 0.2254515034
0.1379380902 0.1635685589 0.2110064123 0.2071634965 0.2114436388 0.1932265814 0.2155749731 0.1636647014 0.1799772825 0.1886493482 0.2115453285 0.2533641132 0.2814698507 0.4240594808 0.4849834675 0.6585363824 0.7978711543 0.8477821265 0.9466794644 0.8959414840 0.8098651094 0.5914111784 0.5036894554 0.4415911888 0.3299296794 0.2197465714 0.2263611999 0.2134545750 0.1907756688 0.2430494494 0.1933171734 0.1914679875 0.1588426358 0.2468737166 0.1943151749 0.2044488889 0.1867356115 0.1954121704 0.2283407521 0.1915943589 0.1731838349 0.2397912309 0.1948463008 0.2003566383 0.1675791519 0.1917405412 0.1663516740 0.2572513420 0.1930881538 0.2578141567 0.2872764134 0.4174294398 0.5106455726 0.6488475657 0.8403684927 0.8919035992 0.9558892610 0.8911512743 0.7777438407 0.6539856486 0.5228218958 0.4421286126 0.3549165473 0.2412008621 0.1761474615 0.2169618944 0.1784535598 0.1803207577 0.1837019024 0.1960455028 0.2033554879 0.2068277211 0.1968356575 0.2063174271 0.2267724723 0.1864337304 0.2215056460 0.1633940501 0.1544902942 0.1872221091 0.2358305557 0.2309892300 0.2016792010 0.1652963888 0.2606011949 0.2333394427 0.2397666368 0.3079855380 0.3493376047 0.4549408394 0.5358406646 0.7563946271 0.8213530766 0.9008504937 0.9002095547 0.9339894654 0.7572014017 0.6449331629 0.5543763407 0.3605658986 0.2810549435 0.2658744597 0.2367607886 0.2015631417 0.1955934326 0.1733175095 0.1541308769 0.2272876892 0.2415873556 0.2349654084 0.1843701078 0.1890604717 0.2006530858 0.1721961975 0.2420665360 0.2241790295 0.2002900491 0.1726040541 0.2316928441 0.2270224421 0.2132447150 0.1992471643 0.2377554103 0.2472058360 0.2685716904 0.2713493008 0.3201151328 0.4345435081 0.5701654029 0.7208114092 0.8751186515 0.9320866777 0.8967597658 0.8730033948 0.7782614898 0.6714724854 0.5150413179 0.3828499924 0.3048619988 0.2991555687 0.1882785185 0.2059577011 0.1932375088 0.1714331355 0.2066011704 0.2200204986 0.2001207870 0.1738908735 0.1936973710 0.2096570105 0.1922763923 0.1950792145 0.1946975786 0.1652174607 0.2216918637 0.1897173708 0.1931271339 0.2185422547 0.1973768588 0.2379223524 0.2186987928 0.2796054770 0.2417950845 0.2740908334 0.3283480569 0.4845245740 0.5319585489 0.6796547455 0.8628191145 0.8923898915 0.9464484014 0.8385104771 0.7727703648 0.6147570827 0.4991982784 0.4076703033 0.2797340551 0.2754201842 0.2645014185 0.1964662946 0.2140765084 0.2360522127 0.1906109095 0.1857066738 0.1905632140 0.2135993031 0.1746363843 0.2299485169 0.1902497803 0.2460370333 0.1860967125 0.2031956798
0.1800917877 0.1463705360 0.2101826458 0.2409886783 0.1919709447 0.2222706870 0.2036432720 0.1881200672 0.1859662205 0.1745743651 0.2429712659 0.2583144188 0.3457173262 0.3907582613 0.5860126592 0.7044644443 0.8243280743 0.8977062411 0.9160369743 0.9366111933 0.7871292615 0.5970020161 0.4937805596 0.4054617011 0.3383186736 0.2540987319 0.2089141514 0.1857142907 0.2052436066 0.2032077629 0.2516450395 0.2423307189 0.2116632393 0.2043428692 0.2290737818 0.1991722761 0.1600488378 0.1275757683 0.2505441381 0.1728739204 0.2045426208 0.1731851876 0.2136973320 0.1889967108 0.2288631812 0.2032900545 0.1861312125 0.2346216269 0.2261429344 0.2462032028 0.3554996468 0.4138389516 0.5178074761 0.7133067650 0.8266644133 0.8502104942 0.8934373219 0.8471193586 0.7292893402 0.6608722235 0.4802970026 0.4205193615 0.2851736931 0.2224764719 0.2211491615 0.2101507898 0.1959486710 0.2466145013 0.1876514722 0.1615553543 0.1909301363 0.2034748132 0.2798448459 0.1825885099 0.2201727214 0.2172002827 0.1732503239 0.1898258497 0.1622821253 0.2116615410 0.1729432184 0.1817293954 0.1961812413 0.2464723377 0.2128806236 0.2054269636 0.1704424318 0.2485609158 0.3145665784 0.4045469428 0.5501989116 0.7181986070 0.8067414157 0.9109305670 0.9195333161 0.8823573832 0.7289088097 0.6324537455 0.4984925307 0.4016753060 0.3452702472 0.2995510143 0.2586293088 0.2137715387 0.2076053400 0.1987286759 0.2202118165 0.2025091656 0.2235324136 0.2171772470 0.1754454529 0.1876360843 0.2408860594 0.1826345866 0.2179607736 0.1985284781 0.1728913551 0.2197633079 0.1852608913 0.1701043545 0.2065772397 0.1831412285 0.1755396882 0.2206390190 0.2523605173 0.2984891183 0.3827334083 0.4311502880 0.5498998943 0.7141785443 0.8507915356 0.8985850587 0.9615512139 0.8945339170 0.8354962237 0.6321935687 0.5099462208 0.4272437870 0.3528254930 0.2720789578 0.2123889379 0.2245517013 0.2069908477 0.1996494681 0.2319841871 0.2137818126 0.2232041147 0.1880621562 0.1747526671 0.2156100830 0.2387665746 0.1946624031 0.2326877002 0.2364108584 0.2469900525 0.1952079264 0.2049257283 0.2229462667 0.2121297572 0.2100092539 0.2404643655 0.2416540138 0.2737439756 0.2786656410 0.3515408838 0.4463500680 0.5935516335 0.6934662333 0.8340131926 0.8913417575 0.9169845062 0.9127393042 0.8147713668 0.6647048781 0.4996651813 0.3795419984 0.3078623671 0.3262217343 0.2980375699 0.2118740032 0.2166185585 0.2455306716 0.1948315635 0.2006213627 0.1902631419 0.2209228784 0.1615221700 0.1610386140 0.1673430288 0.2125269583 0.2235046952 0.2856541695
0.1620544250 0.2163202221 0.1503660001 0.2527320513 0.1944765299 0.2626526080 0.2501956044 0.2270282165 0.1908707431 0.2102851473 0.2336834678 0.2833584360 0.3585432478 0.4506989557 0.5543082388 0.7347398864 0.8511622888 0.9050482521 0.8907145543 0.8774587066 0.7573999112 0.6527986429 0.5214230826 0.4089865736 0.3176324183 0.3131495000 0.2428516825 0.2003310006 0.2016426529 0.2267346887 0.2011624425 0.1862580882 0.1386805016 0.1516537020 0.2280848493 0.2108476634 0.1859700807 0.2350555024 0.2067207021 0.2096035601 0.1472322989 0.1728499180 0.2025583591 0.1941365058 0.2072682008 0.1843678407 0.2192452858 0.2014316725 0.2164370841 0.3083574115 0.3415039980 0.3999001581 0.5756708806 0.7100925500 0.8001792050 0.8688331463 0.8913851942 0.9294896133 0.7825666460 0.6268237530 0.5286969285 0.3638715953 0.3171386454 0.2576515648 0.2073887934 0.2257597115 0.2125853427 0.2385274487 0.1969283042 0.1993772039 0.1872262803 0.1810973832 0.1936560179 0.1937572082 0.1591069361 0.1905180571 0.2402451552 0.1728992891 0.1491698684 0.2148607695 0.2361735672 0.2017495458 0.2074616953 0.2854410156 0.2375342719 0.2343422018 0.2883562245 0.3241119434 0.3510907440 0.4735558929 0.5572980700 0.6988581079 0.8781160717 0.9004232532 0.9207793864 0.8870522941 0.8387822796 0.6900349152 0.4702248582 0.4448806561 0.3210496744 0.3161864149 0.2627810686 0.2065259748 0.2135220528 0.2443934481 0.2221350939 0.2462792892 0.2105552530 0.1975941840 0.2736135864 0.2255351698 0.1993055087 0.2626592608 0.1970844337 0.2399901548 0.1970206927 0.2118587578 0.2227683797 0.1654092052 0.1923939668 0.2617314550 0.2511847611 0.2322497492 0.2094683617 0.2691801556 0.3769364321 0.4866426250 0.5625522065 0.6643726912 0.8287540550 0.9378178951 0.9390820078 0.8675164037 0.7791956209 0.5867501586 0.5263438035 0.4448572519 0.2936031551 0.2475853415 0.2183142651 0.2465830263 0.2019604055 0.2820078531 0.2174521580 0.2650331496 0.2119936360 0.1631712313 0.2361342928 0.2024482810 0.1973141436 0.2935441566 0.1914541194 0.2130658986 0.2506581522 0.2293102987 0.2459199398 0.1928815965 0.2466928009 0.2468850171 0.2641039694 0.2189741030 0.2885918176 0.3223465649 0.3723648265 0.4749483486 0.5923266177 0.7129910547 0.8618375918 0.9211274754 0.9564168083 0.9095482193 0.7803040685 0.6954622749 0.5335752386 0.3848676246 0.3811856911 0.2856666656 0.2282696586 0.1965530226 0.1858683402 0.2496432117 0.2598284426 0.2335439186 0.2105713440 0.2236010662 0.2346176013 0.2336232130 0.2022015619 0.2106615737 0.2699287703 0.2619929106
0.1766830269 0.1501987802 0.1767590436 0.1187378160 0.1387407609 0.2011481066 0.2198825671 0.2383449655 0.2095276061 0.2757012615 0.2520835234 0.2598378756 0.3245405926 0.4355627388 0.5975614944 0.7169165909 0.8031622814 0.9284694358 0.8848269024 0.9061214425 0.7466619376 0.6502099676 0.4976834070 0.4023856149 0.3624544751 0.2883310260 0.2468517281 0.2273105559 0.2587470500 0.2278639763 0.2262610012 0.2427589669 0.2303135915 0.2358472502 0.2534065374 0.2416209058 0.1892346089 0.2301712535 0.2134664617 0.1411596828 0.1966631397 0.2310805347 0.1923141547 0.1796028959 0.2239596334 0.2157997688 0.1870847163 0.2603581450 0.2669753320 0.2926478306 0.3688969073 0.4591690800 0.5241229351 0.7379267811 0.7864061432 0.9259635861 0.9005871728 0.8718358963 0.8002917512 0.6470977198 0.4849702660 0.4132848875 0.3265526891 0.2948381265 0.2126975295 0.2078347933 0.2472467109 0.2050799201 0.1632073764 0.2276210211 0.2091485791 0.2319923968 0.2240573203 0.2000971794 0.2667686456 0.2706057217 0.1987634503 0.2229974536 0.2089877177 0.2221298755 0.2517966564 0.2021304687 0.2339137658 0.2557518434 0.2322361861 0.1953016521 0.2862437231 0.3149729794 0.3473640910 0.4889072510 0.5737553991 0.6823402315 0.8254984139 0.8880534425 0.9632877539 0.8941255046 0.7318040737 0.6668193962 0.5195719166 0.4167349728 0.2857543532 0.2878768815 0.2342397201 0.1767143345 0.2425895159 0.2486938689 0.2464836907 0.2578317888 0.2132435091 0.1755516013 0.2405341746 0.2742829852 0.2228661401 0.2046776400 0.2772865515 0.2298825583 0.2325437431 0.2399004342 0.2001315795 0.1972269888 0.2334095813 0.2220273043 0.1937166086 0.2544039722 0.2709562186 0.3102092138 0.3013433101 0.4654122442 0.5602470269 0.7295131863 0.8425800360 0.9517319695 0.9396996671 0.8955816740 0.7994591415 0.6444100733 0.5370746165 0.4473338979 0.3812098167 0.2627959443 0.2512059563 0.2265579570 0.2254188254 0.2541234707 0.2415494460 0.1767928030 0.2045077081 0.2214816117 0.2316857446 0.1909191942 0.1902310848 0.1960884487 0.2411972140 0.2236680113 0.2459950146 0.2240532613 0.2327704347 0.2528603423 0.2649387123 0.1982515548 0.2235207537 0.2427542957 0.2469750647 0.3355257990 0.3953722674 0.4361590398 0.5377316458 0.7495008529 0.8605569261 0.9355168336 0.8578224408 0.9055524777 0.7550780667 0.5694711270 0.4901377241 0.4162174953 0.3027747208 0.3140478814 0.2383802621 0.2318605741 0.2631666085 0.1837351513 0.2166197367 0.1965783765 0.2509312933 0.1942074929 0.2493522623 0.2037193320 0.2450434771 0.2302174834 0.1911771134 0.2478224139
0.2046741669 0.2041018616 0.2532128001 0.2327712770 0.1846480604 0.2194880130 0.2169765377 0.2208809673 0.2355962591 0.2447221345 0.2722024860 0.3108548916 0.3492977487 0.4732089347 0.5919918964 0.7791515018 0.7867449019 0.9035226566 0.9621283946 0.8738519628 0.7489433192 0.6877825245 0.5028634085 0.4178224080 0.3126266753 0.2432359519 0.2261352305 0.1948534798 0.2558161698 0.1728234473 0.2177386531 0.2053830038 0.2164936117 0.2435011324 0.1970334571 0.2343331944 0.2167307106 0.2246560213 0.1804407200 0.1790243080 0.2388078680 0.2626855069 0.2105398036 0.2383473623 0.1811087318 0.2004029708 0.2072179015 0.2440685664 0.2972303117 0.2390240956 0.3539970021 0.4658810142 0.5634708818 0.7025143628 0.8452233006 0.9228138672 0.9615523495 0.8789549289 0.7674875856 0.6698292035 0.5084450603 0.4285573160 0.3050120263 0.3447925925 0.2266236323 0.2121889924 0.2359580138 0.2259726363 0.2206819858 0.1950614802 0.2274009545 0.2513164033 0.2264018574 0.2006182305 0.2543904308 0.2097582075 0.2063796030 0.2231301642 0.1643473999 0.2512005102 0.2069466678 0.2188053873 0.2802815348 0.2531655971 0.1933938181 0.2726561311 0.2586299578 0.4027845667 0.3896243985 0.4515793971 0.5425871004 0.7067209111 0.8676548709 0.9283977880 0.9851487927 0.8871686064 0.8172215962 0.6539669187 0.4641127046 0.3934470154 0.2911712893 0.2896923758 0.2879503855 0.1929382495 0.2538766649 0.2211171430 0.2060841642 0.2169397201 0.2047101828 0.2548137227 0.2383519324 0.2778977037 0.2504500315 0.2062930916 0.2569550424 0.2581598596 0.2413993623 0.1959968073 0.2694880519 0.2611659793 0.2023841057 0.2506915137 0.1948855169 0.2502109945 0.2444460199 0.3035224522 0.3694611043 0.4431628008 0.6430036099 0.7321011566 0.8737407399 0.8717221746 0.9755549310 0.8905412724 0.8041227290 0.6617174397 0.5658464581 0.4407257542 0.3064804185 0.2754324547 0.3262639533 0.2509937115 0.1983768104 0.1950101973 0.2028909889 0.2678311251 0.2268170931 0.2367968755 0.2569588506 0.2836045873 0.2151253287 0.2535694840 0.2485792510 0.2184920645 0.2220029145 0.2205002368 0.2245767629 0.2541712133 0.2598826164 0.2407580606 0.2450836842 0.2515446042 0.2823410819 0.3179262299 0.3760042434 0.4486446329 0.6398687991 0.7308375789 0.9001565925 0.9255165204 0.9435453065 0.8836422601 0.7739930059 0.6310920677 0.5410465776 0.3796619750 0.3444135498 0.2661994493 0.2839339946 0.2295034062 0.2244068213 0.2546426005 0.2533908978 0.2500930004 0.2390550728 0.2099818544 0.2601006529 0.2594503499 0.2065411627 0.1865644437 0.2173131235 0.1763743787
0.2329818531 0.2390307955 0.2347829049 0.2422390533 0.1756727321 0.1969647513 0.2100055490 0.2194143637 0.2195589409 0.2313908056 0.2378202265 0.2948553515 0.3807351280 0.5013582410 0.6150384719 0.7722415477 0.8848248968 0.9242314601 0.9465350143 0.8638609114 0.7743282373 0.6396432653 0.5089172420 0.4126607070 0.2797241457 0.2375901011 0.2619155074 0.2548442643 0.2155919744 0.2037103930 0.2039288732 0.2314774524 0.1784777895 0.2339839725 0.2401745168 0.2075406339 0.1883655072 0.1999588393 0.1767051335 0.1936755677 0.1962303728 0.1889268109 0.2327900155 0.1763363082 0.2332546615 0.1856286458 0.2359769269 0.2489195895 0.2658773074 0.3156001435 0.3522677796 0.4939427348 0.5898026279 0.7826785781 0.8101180933 0.9724460308 0.9369067554 0.8932206142 0.7472436929 0.6679059017 0.4806480325 0.3991138311 0.3074214738 0.2961699671 0.2281451020 0.2025878581 0.2592515583 0.2364627145 0.1936117835 0.1836696405 0.2401735182 0.2614066062 0.2480989863 0.1393777223 0.2105437866 0.1855353886 0.2116433760 0.2404717176 0.2090685905 0.2662920389 0.2597546034 0.2512333674 0.2147228980 0.2079634862 0.2562525969 0.2759496743 0.3025530333 0.2566096296 0.3332977593 0.4624244127 0.6585387234 0.7335646565 0.8900618115 0.9809563853 0.9109665811 0.8984681642 0.7610285320 0.6243140494 0.4866393697 0.4207078596 0.3233302755 0.2612748487 0.2412244497 0.2449470439 0.3044776775 0.2311516802 0.1869829375 0.2185470406 0.2626363802 0.1852696968 0.2425097010 0.2527127896 0.1949443902 0.2343843994 0.2261216957 0.2290371431 0.2133715736 0.2198586348 0.2306943567 0.2504679563 0.3117208132 0.2437105209 0.2489280348 0.2224533408 0.2735579416 0.3062067479 0.4099138599 0.5062806802 0.5805273136 0.7800532894 0.8712893704 0.9454797641 0.9681255265 0.9010464692 0.7754559858 0.6433006273 0.5116491228 0.4109554213 0.3256288108 0.2980316985 0.2619432274 0.2641562070 0.2524936523 0.2318102811 0.2062229534 0.1988072549 0.2295232115 0.2447233586 0.2244264251 0.2761611250 0.2536918313 0.2276144047 0.2574203410 0.2277094246 0.2262303148 0.2273043767 0.2208731762 0.2242317237 0.2489570943 0.2538826913 0.1781258001 0.2571924628 0.2896637707 0.2979888768 0.3887468454 0.5368505345 0.6201439884 0.8041661218 0.9073660347 0.9099395053 0.9636013456 0.8624071780 0.7608592976 0.6621058739 0.5185813382 0.4116100056 0.2839008994 0.3146091253 0.2676811664 0.2876964915 0.2371761893 0.2381487344 0.2301513041 0.2204497794 0.2474351360 0.2479310659 0.2193158710 0.2726993657 0.2289194010 0.2320566621 0.2412443365 0.1812139092
0.2119150157 0.2104217589 0.1978383554 0.1724627315 0.1764887190 0.2416293235 0.2038145022 0.2446848541 0.2360682149 0.2194677000 0.3064037777 0.3155063611 0.3416051444 0.4717072088 0.5330704251 0.7058154942 0.8654095066 0.8803765875 0.9429080151 0.9140831449 0.7635629447 0.5939627210 0.5171850644 0.4288033827 0.3340598276 0.3017877570 0.2780306105 0.2420411900 0.2213369026 0.2786290839 0.1676087294 0.1578114607 0.2132954788 0.2320262356 0.1856649693 0.2493099479 0.2323749885 0.2408520872 0.2458092685 0.2816648302 0.2233253098 0.2244940433 0.2042968469 0.1549932650 0.2054225348 0.1619951107 0.2086386921 0.2074763567 0.2579522997 0.2721686244 0.3816102648 0.5054656422 0.6336131885 0.6894633679 0.8131947326 0.9292313247 0.9607978702 0.8848464197 0.7933080924 0.6303766436 0.4837692628 0.3973955677 0.3390118176 0.2529392722 0.2378205592 0.2743987513 0.2141017662 0.2168759487 0.2173341227 0.1806153303 0.2256208864 0.2312727057 0.2144546360 0.2475701492 0.2486997560 0.2447714617 0.1967417322 0.1960422127 0.2392568109 0.2015431800 0.2359003244 0.2837180958 0.2450980364 0.2089624894 0.1919332216 0.2467481615 0.2389789842 0.3062576156 0.3524641380 0.4901270651 0.6179443489 0.7270993659 0.8530022506 0.9511065408 0.9522740572 0.8977552280 0.7805991990 0.6154656285 0.5030364803 0.4179881184 0.3204944817 0.2605811754 0.2824035425 0.2905960988 0.2973047109 0.2276950359 0.2573779415 0.2070998478 0.2349981953 0.2663337419 0.2582563750 0.2370323770 0.2447891658 0.1797136113 0.2112298864 0.1993490778 0.2037797400 0.2404146390 0.2418274294 0.2900900860 0.2306859020 0.2153045225 0.2254081032 0.2350607916 0.3133704406 0.3423225159 0.4182412441 0.5019520795 0.6268011619 0.7529867745 0.8956987835 0.9204150735 0.9673468396 0.8954595111 0.7918969313 0.6187987380 0.4979732920 0.3902991608 0.3402474667 0.3025344283 0.2786791114 0.2406951009 0.2040161809 0.2279900137 0.2529057104 0.2289528195 0.2909679216 0.2436392455 0.2055588734 0.2097566692 0.2370836940 0.3013364918 0.2256890212 0.2125037559 0.2633801900 0.2445336953 0.2662168197 0.2651378219 0.2416810157 0.2341635878 0.2552337128 0.2878695945 0.2534163414 0.3161235190 0.3622926806 0.4925284720 0.6204648465 0.7962429102 0.8937628750 0.9586133367 0.8963549402 0.8386988009 0.7650088568 0.6573765684 0.4977880058 0.4166831620 0.3352639610 0.2443361337 0.2607753297 0.2021987753 0.3058687789 0.2402730616 0.1969710274 0.1971151714 0.2961120670 0.2392267463 0.2601001236 0.2225108750 0.3093800867 0.2181756162 0.2633683091 0.2320220162
0.2076196342 0.2210898435 0.2123040697 0.2191580058 0.2103426774 0.2169608606 0.2019856067 0.2237894859 0.2437060962 0.2565894232 0.2362841117 0.2952640661 0.3682183439 0.4066904350 0.5629539678 0.6974043364 0.8641361318 0.9002479601 0.9717883814 0.8842547937 0.7262155409 0.6452560414 0.5171839528 0.3907287917 0.3692067693 0.2445013910 0.1936167116 0.2227785835 0.2251862384 0.2478615212 0.1892374403 0.1931724075 0.2236445433 0.2367480277 0.2258295235 0.2326169469 0.2434741013 0.2451134094 0.2528295351 0.1859328245 0.2396546101 0.2378095476 0.2017339398 0.2092367755 0.1907995537 0.1970242634 0.2061907938 0.2426218772 0.2569249170 0.2754679923 0.3783736441 0.5129932085 0.5660993148 0.7685054176 0.9153037446 0.9553075320 0.9263466824 0.8832656460 0.7814760426 0.5345771407 0.5198044443 0.4047245692 0.3248883265 0.2339782496 0.1865866211 0.2132440834 0.2134791923 0.1832686292 0.2318626649 0.2322231225 0.1774237824 0.2029324752 0.2200709643 0.2251311906 0.2619547303 0.2686453649 0.2577137911 0.1958255987 0.2750168659 0.2551256895 0.1986078385 0.1863570783 0.2179128495 0.2125095796 0.1991441126 0.2591817244 0.2460458460 0.2728848754 0.4176222636 0.5060600086 0.5922478466 0.7411780030 0.8471627223 0.9496109561 0.9612483537 0.8721780377 0.7907313161 0.6249519047 0.5044551310 0.4053492853 0.3618012715 0.2765006170 0.2840646232 0.2477671066 0.2410143774 0.2564137291 0.2597707197 0.2383454336 0.2306311998 0.1886176791 0.2127033177 0.2217931293 0.2208973253 0.2238169762 0.2178283446 0.2517563952 0.2501267422 0.2420050803 0.1849989353 0.2722075103 0.1988977730 0.2182675511 0.2417618186 0.2541714432 0.2465331960 0.3427673042 0.3828946956 0.5310728675 0.6396021330 0.7392433438 0.8935359772 0.9305943378 0.9286943768 0.9102360304 0.7679737640 0.6265218328 0.5942442882 0.4223921127 0.3153052205 0.3088774559 0.2808686067 0.2795498051 0.2221079897 0.2205659704 0.2090168967 0.2719179294 0.2476765070 0.2059149427 0.2624075566 0.2762255511 0.2214103009 0.1988157354 0.2164726608 0.2731939774 0.2594521260 0.2164478421 0.2813237247 0.2538676943 0.2515927741 0.2039465733 0.2066070561 0.2815658094 0.2580925299 0.3117796893 0.4090855644 0.4633771651 0.6280591880 0.7730355708 0.8655793751 0.9559931889 0.9215261585 0.8837141402 0.7552730667 0.6632954385 0.4735850138 0.3583179308 0.3248504673 0.3099335225 0.2434486753 0.2390639428 0.2247602812 0.2757661830 0.2528876878 0.2121536636 0.2656954714 0.2752561014 0.2652948000 0.2365225779 0.2058376961 0.2510730426 0.2570525547 0.2736629269
0.2504135926 0.1990422146 0.2081871984 0.2232363652 0.2362135621 0.2206612757 0.1300532276 0.2478501074 0.2305546123 0.2009441062 0.2891247905 0.3156228881 0.3754731018 0.4731272535 0.6505198388 0.7192226983 0.8740977413 0.9164950909 0.8804471187 0.8339370358 0.7512570881 0.6065468890 0.4914834739 0.3790916266 0.3688430810 0.3000202363 0.1995265027 0.2385040471 0.1982923242 0.2060478820 0.2056566131 0.2094399895 0.2430310774 0.2441115378 0.2138460767 0.2237550599 0.1789279854 0.2008660177 0.2296359838 0.2242120561 0.2609489578 0.1911844068 0.1501922707 0.2206302376 0.2843905710 0.2219611972 0.2210505075 0.2733767493 0.2758796949 0.3067019454 0.4643040603 0.4906663320 0.6045336523 0.7181042253 0.8572893635 0.9401318683 0.9279124168 0.8640953664 0.7458224347 0.6274416334 0.4433842986 0.3751643549 0.3153502191 0.2464889755 0.2408969049 0.2375961309 0.2507423683 0.1812422094 0.2567680206 0.1889491313 0.2117696552 0.2043583153 0.2422482687 0.1869908215 0.2309807385 0.2195920949 0.2214541656 0.2593653633 0.2353114489 0.2096999497 0.2498284734 0.1995982602 0.1931823525 0.2707884561 0.2890608813 0.2737947047 0.2496509494 0.3249932985 0.3952807882 0.4644556463 0.5907365635 0.7814759724 0.8822754387 0.9132606409 0.9066497266 0.8733402432 0.7606825620 0.6282760378 0.4987249325 0.3765275071 0.3495144603 0.2856876701 0.2532754620 0.2435180024 0.2335999805 0.2350729827 0.2316339255 0.2444099943 0.2236020498 0.2601467565 0.2299042128 0.2379182742 0.2042906778 0.2317411652 0.2182788662 0.1920890743 0.2414061459 0.1524637423 0.1957669815 0.2360356347 0.2339626731 0.2246084485 0.2289092769 0.2939108204 0.2452715605 0.3463289121 0.3877349389 0.4610964201 0.6017398031 0.7616796025 0.8737874257 0.9224370095 0.8994918359 0.9325899820 0.7734186894 0.6516412812 0.4522617807 0.3933150605 0.2504320227 0.2519645682 0.2646341743 0.2297768636 0.2529562386 0.2493107133 0.2257291929 0.2129118965 0.2479349466 0.2164208085 0.1968737902 0.2252328642 0.1967692281 0.2666629867 0.2146838621 0.2056863391 0.2347203371 0.2327554887 0.2296312658 0.2728926399 0.2612677948 0.1986404318 0.2720803285 0.2869211774 0.3152792172 0.3579991712 0.4189854610 0.5334083131 0.5726616506 0.8299719106 0.9153688327 0.9620674834 0.9198987958 0.8824677484 0.7586712215 0.6019152577 0.4844049048 0.3998665514 0.2780732072 0.2556820649 0.2085666887 0.2580701589 0.2375983038 0.2168575140 0.2522748329 0.2425032030 0.1996704494 0.2887782573 0.2623682297 0.2468906985 0.2261527661 0.1917603317 0.2213674343 0.2258858492
0.2068696985 0.2118881123 0.2371567263 0.2027745874 0.2205485687 0.2020434956 0.1847219722 0.2328569031 0.2269223349 0.2248763383 0.2393350176 0.3075994107 0.3988725415 0.4324643619 0.6382133938 0.7242276418 0.8351860212 0.9516573769 0.9448799369 0.8815316552 0.7197600683 0.6400895196 0.5198864667 0.3893451843 0.3639175660 0.2789498679 0.2749272158 0.2587091820 0.2023871833 0.2098871714 0.2149232655 0.1757861969 0.2143437407 0.1724780542 0.2522892405 0.1902836433 0.2144687719 0.2290663841 0.2673081211 0.2493144557 0.2439586172 0.1950582515 0.1820088090 0.2011533960 0.2103830379 0.1939071845 0.1989226881 0.2424769879 0.2913359748 0.2577856926 0.3467908535 0.4776863537 0.5705616853 0.7537403849 0.9003764582 0.9803277274 0.9351782089 0.8443419543 0.6998407924 0.6272423150 0.4981224696 0.4132125335 0.3200707698 0.2207011483 0.2474998501 0.2185086142 0.2303790550 0.1769581150 0.1501207258 0.2335828409 0.1759574601 0.2044826095 0.2352045614 0.1780732272 0.2091669953 0.2092539565 0.1757188445 0.1967032015 0.2235167806 0.2408945630 0.2451692563 0.2404308461 0.2226089833 0.2189151118 0.2530581049 0.2493048962 0.2855096054 0.3112802560 0.3698907019 0.4600536766 0.6285053054 0.7554299867 0.8486057472 0.9037524572 0.9113610695 0.8408534249 0.7625366063 0.5974813627 0.4665756466 0.4197179853 0.2753615517 0.3138476289 0.2483434641 0.2167739466 0.2540221104 0.2129988954 0.2158741936 0.2392742632 0.1882828876 0.2396637549 0.2422865939 0.2022169834 0.2409317852 0.2793635225 0.2395106202 0.2035501952 0.2319486902 0.2589897932 0.2226396110 0.2649337590 0.1926746366 0.2079455629 0.2685204725 0.2547635161 0.2561847697 0.3365729758 0.4029244745 0.5229990255 0.6427972644 0.7870737323 0.8854804754 0.9622566909 0.9705670489 0.8451196022 0.7306970224 0.6019941880 0.5202785808 0.3977643911 0.3225967232 0.2429031966 0.2452929185 0.2316626799 0.2227014198 0.2349324790 0.2381814966 0.2709356951 0.2175514858 0.1973517312 0.2141415200 0.2191395053 0.2051262025 0.2312749701 0.2762471576 0.2171277982 0.2189277980 0.2299855471 0.2659834043 0.2254102397 0.2312175542 0.2328171865 0.2286750383 0.2557064436 0.2230214162 0.3287856372 0.4053220941 0.5122240358 0.6022485532 0.7451503186 0.9311110072 0.9854991392 0.9440996908 0.8533724305 0.7267848114 0.6349361327 0.4846115008 0.3463248628 0.3577764037 0.2370609131 0.2855045457 0.2486395291 0.2322293110 0.2893020277 0.3023730433 0.2789447268 0.2586707578 0.2429504247 0.2496234797 0.2322424542 0.2369041720 0.2061797367 0.2033398916 0.2534668532
0.2128799879 0.2263386359 0.2089147321 0.1544267224 0.2217718468 0.1876575356 0.2385678815 0.1837441792 0.2335792966 0.2275004131 0.2444843500 0.3167421151 0.3657958411 0.5145807073 0.6229907651 0.7715795080 0.8697405095 0.8976882770 0.9079083289 0.8898219539 0.6740124536 0.6126608002 0.4569607089 0.4249243083 0.2699678234 0.3123321494 0.2465333989 0.2425883610 0.1929086147 0.2232566035 0.1914264785 0.2800336214 0.2198986070 0.2341913677 0.2261800169 0.2194475247 0.2220784531 0.2450688023 0.1893486159 0.2216593637 0.1851405032 0.2548423948 0.1941197700 0.1775293683 0.1678036785 0.2527405651 0.2236519707 0.2052843251 0.2463017936 0.3287928137 0.3683978913 0.5087889520 0.5803491890 0.7849376579 0.8954207286 0.9034075649 0.9034946611 0.8158258679 0.7581455193 0.5977339161 0.4182552579 0.3672942774 0.2913943044 0.2900053916 0.2511239915 0.2304584819 0.1832372737 0.1908302221 0.1804657474 0.1878372419 0.1797090958 0.2186690966 0.2069430020 0.2107055761 0.1874260314 0.2170427521 0.2021336080 0.1361504248 0.2227935427 0.2591264566 0.2296824795 0.1471047221 0.1799257548 0.1612687242 0.2009996240 0.2668825019 0.2272205900 0.2356042468 0.3767592891 0.4921945708 0.6185276435 0.7921252343 0.8943002645 0.9544452591 0.9639170300 0.8531719499 0.6888414680 0.6076660551 0.4802310326 0.3812658935 0.2852905468 0.2923938684 0.2228375144 0.2441670279 0.2014185682 0.2053361474 0.2142820034 0.2013037764 0.2258081733 0.2807118972 0.2265466050 0.1833904611 0.2508470026 0.2315725571 0.2860984505 0.2218666771 0.2504305350 0.2586141600 0.2479216257 0.2411155503 0.1860401710 0.2545567319 0.1984964285 0.2051111927 0.2333805460 0.3330960276 0.3880641755 0.4943241599 0.6535286685 0.7478287644 0.8327387939 0.8985978205 0.9291141868 0.8351592768 0.7189399394 0.5491011005 0.4732010063 0.3989483031 0.2716898744 0.2700611086 0.2312905573 0.2406360544 0.2127150531 0.1894713458 0.2088250270 0.2462881776 0.2299577959 0.1882714746 0.1668719213 0.2574774396 0.2605552522 0.2067332582 0.1674021813 0.2478164572 0.2183637450 0.2535271945 0.1951834397 0.2632337580 0.2151528485 0.2687719091 0.2667503550 0.2732925130 0.2777334300 0.2796297202 0.4023270034 0.5032565075 0.6406801498 0.7881118100 0.8575170425 0.9251819043 0.8971200395 0.8614579897 0.7614942687 0.6248391680 0.4480039622 0.3629630484 0.3416384148 0.2149832277 0.2147782448 0.1797645378 0.2324298607 0.2070301625 0.2033557525 0.1869456511 0.1797027172 0.2005909074 0.2432381273 0.2263201191 0.2808471824 0.1682788878 0.2590768755 0.2760191183
0.1963310031 0.1750217726 0.1637737096 0.1662554308 0.2534887069 0.2113022801 0.2063845799 0.2151923471 0.2061746940 0.2073756086 0.2492922809 0.2607793760 0.3745055255 0.4925020549 0.6107542719 0.7357946035 0.8267515655 0.9222989677 0.9036477726 0.8519633319 0.7457394727 0.5748997709 0.4126474098 0.3539373399 0.3156782201 0.2696793283 0.2412439577 0.1993731295 0.1873006522 0.2012981822 0.1776452468 0.2226906054 0.2225022027 0.2393903616 0.1897446017 0.2185584201 0.2122102775 0.1822120956 0.2233436030 0.2375375223 0.1598680428 0.2259573732 0.2115274805 0.2415322745 0.1906061139 0.2432473232 0.2721262248 0.2152736992 0.2701184382 0.3163562855 0.3674328004 0.4934594362 0.6904722380 0.7493604494 0.8250117774 0.9641736086 0.9370971677 0.8561039334 0.7280991771 0.5726729918 0.4391552912 0.3476642885 0.3096993618 0.2513799635 0.1891312422 0.2273931840 0.1676164098 0.2059430262 0.2080472259 0.2331620267 0.2710394620 0.2402949265 0.2487177781 0.2393479375 0.1851655587 0.1871017177 0.2344292671 0.1742488265 0.1899057877 0.1848951933 0.2563947834 0.1861294895 0.2523620995 0.2123120914 0.2234758701 0.2262700326 0.2619614658 0.3078717252 0.3651775557 0.4704674215 0.6465964980 0.7859688457 0.8524867965 0.9226832068 0.9238058373 0.8246727325 0.7360021200 0.5560023946 0.4845183499 0.3346566707 0.3494185096 0.2284773561 0.1466670356 0.2203480535 0.2121760239 0.2115624721 0.2512864331 0.2417901694 0.1759172578 0.2024569401 0.2108394216 0.1841183295 0.2029883839 0.2353104646 0.1651024018 0.2300598075 0.2135785841 0.1826163948 0.2208736989 0.2270998798 0.1865226388 0.2200574114 0.2687709363 0.1987072768 0.2441888586 0.3161705068 0.4180859834 0.4769279788 0.6458673877 0.7764933417 0.8516847284 0.9375514957 0.9108561089 0.8292330587 0.7230521110 0.6107670196 0.4392080574 0.3677761776 0.3124437323 0.2793661543 0.2542970468 0.2016372059 0.2341450871 0.1781259637 0.2073255733 0.2109654580 0.2238057521 0.1908954179 0.2344180589 0.2430043512 0.2046573193 0.1807041015 0.2994307721 0.2212972623 0.1973236579 0.1939122051 0.1935498776 0.2877201672 0.2344279667 0.2445632870 0.2552100749 0.2380489116 0.2945674859 0.3105142284 0.3952717616 0.4903927827 0.6508009270 0.8143333823 0.9028658622 0.9448432701 0.8765273920 0.8697705467 0.7384843491 0.5835706202 0.4441049003 0.3861479877 0.2805610938 0.2472269618 0.2178403926 0.2096049609 0.2201038622 0.2733441240 0.2108972088 0.1896305421 0.2304484974 0.2131747499 0.2309198489 0.1943676468 0.2612691823 0.2026904863 0.2242804172 0.1943999728
0.1919559636 0.1740593465 0.2039670867 0.1829799151 0.1781712766 0.1627237359 0.1593021683 0.0969489802 0.2352032003 0.2166226952 0.2164143697 0.2634520140 0.3935714901 0.4786020941 0.5378334473 0.7833259563 0.8639134429 0.8915424748 0.8775430802 0.8223429937 0.6701386022 0.5803973314 0.4394862332 0.3871037110 0.2887477720 0.1936607868 0.1834759690 0.1676942013 0.2308872729 0.1806632717 0.1826320497 0.1790001329 0.2301700944 0.1940691264 0.2303752532 0.1617078630 0.1429587351 0.1792531639 0.1753007709 0.2201240327 0.2413710504 0.1872119228 0.2394476654 0.2112999724 0.1995872248 0.2026910642 0.2562100917 0.2062175845 0.2427618014 0.2803041697 0.3602519836 0.4457650956 0.6246171379 0.7864442319 0.8481271599 0.8754753223 0.8792626990 0.7560660917 0.7534087242 0.5901554352 0.4095833905 0.3724703803 0.2707784924 0.2830212172 0.1919219246 0.2238623937 0.1707177886 0.1761551976 0.1549317038 0.1304597129 0.2028563398 0.1949532470 0.1825193655 0.1760689794 0.2103708174 0.2055706866 0.1819672625 0.2022326479 0.1648662974 0.2127943181 0.2233175220 0.1607137674 0.1377212892 0.2437122158 0.2034403659 0.2044310940 0.2467815437 0.2874018299 0.3736146231 0.4642290604 0.6046717975 0.7524545294 0.8368183146 0.8815607569 0.9285913895 0.8173740798 0.7810037519 0.5888185220 0.4441850915 0.3197312094 0.2681779164 0.2568019054 0.1993896397 0.1610929313 0.2480934336 0.1584853200 0.1885935639 0.2087984488 0.2006634340 0.1857825647 0.1749374517 0.1888527218 0.1907955269 0.1723341730 0.1533105827 0.1638533480 0.2597757855 0.1882065403 0.1801572594 0.1966938868 0.1944687016 0.1684078620 0.2193728072 0.2346129814 0.2753877957 0.3079429155 0.4093933633 0.4994547517 0.6657821319 0.7909287008 0.9196458373 0.9219747740 0.9384752215 0.8252364669 0.6985660431 0.5481111847 0.4646464219 0.3929812310 0.2916486440 0.2397067785 0.2080471571 0.2172692627 0.1570733842 0.1736350393 0.2004085096 0.1953552944 0.2137691610 0.2041734523 0.2351862654 0.1922779313 0.1666647857 0.2442071477 0.2025700767 0.1869320971 0.2109454762 0.1993599542 0.1967649640 0.2464563965 0.1459703554 0.2362532489 0.1994284374 0.2246422752 0.2697447739 0.3086886207 0.4120219523 0.4761253762 0.6037366034 0.7220411907 0.8907860086 0.8835087486 0.9219973316 0.8456302225 0.6683855294 0.5552809470 0.4853190267 0.3299142541 0.2454655309 0.2662719141 0.2541418231 0.1987551998 0.2543061669 0.2272000981 0.2216569333 0.2234837563 0.2288367996 0.1587150245 0.2556927074 0.1982391963 0.2194595062 0.2103979026 0.1904721661 0.2044966203
0.1628612156 0.1636021424 0.1684469271 0.2159401273 0.1610458431 0.2210986849 0.2037737425 0.1481713733 0.1918120947 0.1725030313 0.2714043483 0.3268798259 0.3738927207 0.4211159933 0.6280488432 0.7152902962 0.8159663489 0.8886685723 0.8963179601 0.7946802433 0.6518634491 0.5401931187 0.4684618002 0.3442821279 0.2796661844 0.2414906504 0.2564345935 0.1734370555 0.2160542139 0.1975691919 0.2248469577 0.2120926867 0.2338851900 0.2092653602 0.2021387685 0.1976401128 0.2051513444 0.1578396028 0.1417863147 0.1953658352 0.1827980855 0.1868268875 0.1760144189 0.1912618498 0.1960212423 0.2239566583 0.1411283695 0.3000565788 0.2482103329 0.2757295904 0.3704552218 0.4689705188 0.5917634944 0.7288407557 0.8542250735 0.9301639833 0.9173693577 0.8038351184 0.7215709011 0.5812517585 0.4297057448 0.3154975325 0.2889158595 0.2699368721 0.2195767801 0.1315053801 0.1805437026 0.2009565659 0.1724874846 0.2113829060 0.2720452243 0.1864470192 0.1989223900 0.1872754774 0.1867672329 0.1645145861 0.1325352100 0.2419776042 0.2128313288 0.2479675405 0.1722505335 0.1665820357 0.1844435228 0.1823088079 0.2118430434 0.2538037519 0.2563451978 0.2823064918 0.3598329731 0.4371923050 0.6400700393 0.7570842039 0.8866009115 0.9290257622 0.8702059187 0.8329260231 0.7127568462 0.5961199955 0.4736616290 0.3610407974 0.2361629046 0.2556961671 0.2340397612 0.2079738714 0.1941612235 0.1905247515 0.1567339856 0.2330859470 0.2152625270 0.1604366307 0.1976106416 0.1976653257 0.1344778585 0.2058791310 0.2584463208 0.2103373855 0.2357133699 0.2225975356 0.1926828036 0.2047844621 0.2136496895 0.2076495132 0.2412062769 0.1929243323 0.2562526445 0.3016534213 0.4070192759 0.4728037220 0.5836109403 0.7851305438 0.8353733325 0.9286913479 0.9064644264 0.7785344607 0.7010822837 0.5576658521 0.4370873879 0.3634117377 0.2537986284 0.2435066605 0.1865809193 0.1778956640 0.1894232195 0.2052622112 0.2083053045 0.2308206402 0.2357235109 0.2333589105 0.1791731160 0.2085238536 0.2376919131 0.1782298874 0.2052804077 0.1834546326 0.1646187585 0.2335802918 0.2513509124 0.2111780305 0.2458498948 0.1600808336 0.2643504129 0.2635161224 0.2762881163 0.3254690852 0.3993781196 0.4776442952 0.6152464091 0.7567235920 0.8847195663 0.9510503263 0.9121162863 0.8327442304 0.7507689427 0.5350490592 0.4091381030 0.3018924528 0.2941238154 0.2923808467 0.2079639892 0.1764288590 0.2342720201 0.1610216173 0.1722331967 0.2306909145 0.2101113657 0.2528340676 0.1820560236 0.1817321353 0.1915845264 0.1476629279 0.1755105417 0.2159472295
0.1716450858 0.1682075339 0.1221337195 0.2106195646 0.2523096751 0.1529599379 0.2458478778 0.1853360034 0.1733378463 0.1720665917 0.1853462269 0.2555475629 0.3757946365 0.4723624986 0.6037269515 0.7573810035 0.8606995390 0.8675074990 0.9000835396 0.8302700816 0.7026445368 0.5283796294 0.4325138772 0.3189176914 0.2262221795 0.2624396567 0.1891328089 0.1612607739 0.1596674249 0.1938262876 0.1789886655 0.2194027100 0.2045120429 0.1825218948 0.1593150856 0.1979340675 0.1556978326 0.1326797592 0.1712270800 0.1869110708 0.1534261973 0.1678734350 0.2089006343 0.1958860112 0.1956467324 0.1801181333 0.2078973427 0.1670163432 0.2256400108 0.2565140565 0.3638609869 0.4864769622 0.6331119099 0.7222144754 0.8942823957 0.8768592275 0.8636066893 0.7924105638 0.6930991110 0.5681683328 0.3889639907 0.2760834877 0.2639411330 0.2507069281 0.1712135496 0.1760879618 0.2106740078 0.1499744897 0.1539526110 0.2108237108 0.1913701449 0.2274085755 0.1832341871 0.1760204148 0.2074679193 0.2051892174 0.1936228582 0.2152853728 0.1793247920 0.1777771645 0.1667900959 0.1887436947 0.1789502930 0.2091928931 0.1912062516 0.1929188851 0.2515308824 0.2833741619 0.3790609187 0.5347401444 0.6146255402 0.7511464633 0.8503213190 0.8839215359 0.8940141948 0.7893152954 0.6585180053 0.5719170193 0.3930685919 0.3491164212 0.2585566809 0.1942284381 0.2443469229 0.2223602978 0.2267560572 0.1868332065 0.1890640803 0.1702566436 0.2134133653 0.2074176549 0.2099754572 0.2078991434 0.2262334918 0.1594278495 0.1865020449 0.1672758308 0.2103058597 0.2095347067 0.2178458700 0.2438217574 0.2380381760 0.1830759439 0.2596040018 0.2207574783 0.2511717021 0.2942699450 0.3652776347 0.4837813013 0.6284368790 0.7680976247 0.8427225751 0.8952974753 0.8334407208 0.8089010000 0.7012370302 0.5695584358 0.4033142168 0.3311162155 0.2703601402 0.2609055869 0.1994753247 0.2466060492 0.1860322884 0.1867933520 0.1650719212 0.1915027313 0.1849936804 0.1802235141 0.2234393122 0.2081504449 0.1601607729 0.1815985101 0.1927309309 0.1973511232 0.1887841055 0.2101420905 0.2013739606 0.1950169350 0.1794995627 0.2079680540 0.2320807879 0.1772525978 0.2673838421 0.3516645718 0.4052865083 0.5125154945 0.6295472474 0.7879899627 0.8786560282 0.9280733567 0.9118602943 0.8232164743 0.7343077423 0.5485396924 0.4481788824 0.3246385948 0.2742797456 0.2264724249 0.2221391239 0.2593181082 0.1743700342 0.2272271786 0.1857144985 0.1635714690 0.1525747271 0.1717583936 0.1748802407 0.2093101837 0.2310343492 0.2095999348 0.1615243970 0.1996375166
0.1813803861 0.1480583131 0.1905745507 0.2325142007 0.2164198239 0.1604104518 0.1747462514 0.1553941418 0.1600217243 0.2130090564 0.1929424915 0.2576280758 0.3246391800 0.4633715728 0.6102077004 0.7020751819 0.8857116614 0.8825482479 0.8829793811 0.8451205460 0.6381529688 0.5196249996 0.4247764805 0.3291599165 0.2579581977 0.2418914828 0.2174392764 0.2089484677 0.1845499316 0.2387128723 0.1907812749 0.2162704921 0.1876433786 0.1947186113 0.2025668169 0.1831531424 0.1668765281 0.2046680346 0.1865479148 0.2027571023 0.1838330796 0.1149904231 0.1441432059 0.1766780303 0.1237373298 0.2133269806 0.1994808275 0.1999997596 0.2613938420 0.3117481617 0.3246986399 0.4776565223 0.6600850385 0.7743222817 0.8417372194 0.8888300911 0.9299707393 0.7995750964 0.7049567455 0.5588732564 0.4261205209 0.3096277222 0.2830444224 0.2493019610 0.1735772440 0.2306046101 0.2193769194 0.2160975158 0.2146610056 0.1898328759 0.2088784157 0.2099574802 0.1671567508 0.2210483646 0.1925646032 0.1721571900 0.1632156855 0.2180796638 0.1455341891 0.1623076919 0.1795877007 0.1893323832 0.1859178782 0.1670539046 0.1569849445 0.1883323502 0.2707904307 0.2649351197 0.3750643494 0.4789683876 0.5790290653 0.7383417853 0.8556666527 0.8543779549 0.8601734064 0.7695755106 0.6556157462 0.5605785989 0.4121200527 0.3608572231 0.2288031916 0.1975089950 0.1958411432 0.1622380216 0.1739166115 0.1853824022 0.2340636224 0.1763301681 0.2158826297 0.2306078022 0.2192451104 0.2213392928 0.2054613827 0.1906159718 0.2079037906 0.2449922853 0.1892184772 0.1987414421 0.1982576850 0.1789535847 0.1407389632 0.2126920567 0.1576742530 0.2370839070 0.2628693587 0.2935803758 0.3759955341 0.4917741895 0.6016468352 0.7527399566 0.9116613760 0.9759511351 0.9028779565 0.8183630326 0.6658210929 0.5748288522 0.4451626260 0.3045587136 0.2207488000 0.2090726266 0.1867413886 0.1628020817 0.2076138226 0.1930562815 0.1948619662 0.2122873303 0.2192032840 0.1849768300 0.1969313116 0.1825921104 0.2037271289 0.2026279885 0.1818408456 0.2139042662 0.1961118945 0.2015565844 0.1937404502 0.1939368089 0.1747311281 0.2223693803 0.2314447305 0.2660063968 0.2560439453 0.2863456807 0.3741665713 0.5071139073 0.6105378746 0.7602837706 0.8550291927 0.8787171640 0.9221821379 0.8444628838 0.6658004619 0.5745811980 0.4211802812 0.3606060909 0.2447262335 0.2112185080 0.2283907660 0.2127084543 0.1824663247 0.1707576920 0.2036689866 0.1634558722 0.2718867136 0.1788304395 0.2008748724 0.1701020249 0.2160016171 0.1901277263 0.1613482744 0.1633711877
0.1493890616 0.2535202217 0.1697333097 0.1522285289 0.1683518687 0.1521932872 0.1424594910 0.1588474541 0.1309934807 0.2278834913 0.2719968711 0.2574072605 0.3652692478 0.4622010095 0.5938620026 0.7938054272 0.8264860028 0.8919135705 0.9076306559 0.7692414791 0.6629756007 0.5083156238 0.4291891147 0.3325829608 0.2661319768 0.2641827107 0.1621867979 0.1999844994 0.1612374571 0.1439962457 0.1880551526 0.1830987143 0.1822636153 0.1963851968 0.1933546646 0.1916471796 0.1599232685 0.1239741468 0.1837913396 0.1849551704 0.1737883909 0.1413374200 0.1771073623 0.1334169966 0.1758611938 0.1758270884 0.2006801347 0.2434890326 0.2323739623 0.3068352265 0.3632954385 0.4425194228 0.6200113412 0.7589687274 0.8589574556 0.8876150522 0.8914600006 0.8530376465 0.7040483051 0.5468710822 0.4063437260 0.2961391707 0.2378085253 0.2025267146 0.1984214746 0.2062858800 0.1973007933 0.1878619867 0.1535674236 0.1832484533 0.1613540912 0.2457806729 0.1646228582 0.1186651979 0.1732233518 0.1903571741 0.1587312726 0.1763073657 0.1579848247 0.1776292141 0.2019357738 0.2205670093 0.2160936802 0.1961738756 0.2095245236 0.2275547103 0.2070979940 0.2442914644 0.3510671420 0.4535177817 0.6011457034 0.7758490731 0.8393898080 0.9413033254 0.8844128752 0.8089118093 0.6586593157 0.5201890388 0.4158203177 0.3386261040 0.2586624692 0.2567251443 0.1850647632 0.1775685612 0.1915950823 0.1645838472 0.2016267960 0.1877228847 0.1875191989 0.2260000217 0.1338872962 0.1909784879 0.2009004420 0.1740323810 0.1802979110 0.2019022248 0.1791838818 0.1860409625 0.1683602839 0.2014528463 0.2057604600 0.1943526240 0.1910351026 0.2229914312 0.2115710363 0.3042673160 0.3906975883 0.5323739798 0.5717254809 0.7548714928 0.8586732109 0.9299927756 0.9070549881 0.8114053008 0.6973417781 0.5349433578 0.3909480157 0.3621504084 0.2890348622 0.1904624816 0.1870895117 0.2123471550 0.2266300606 0.2019145418 0.2071162359 0.1250244976 0.2179162488 0.1735189608 0.2365739834 0.2370249336 0.2053282524 0.2070206534 0.1925326201 0.2637397270 0.2310768256 0.2359146514 0.2123551706 0.1787029211 0.1598361043 0.2064811844 0.1697359784 0.2210143842 0.2178082972 0.2985153635 0.3939197356 0.5413981679 0.6993795648 0.7837373409 0.8732069128 0.9129564603 0.8462639491 0.8167259866 0.6943519268 0.5816114126 0.4281268402 0.3063790567 0.2443640843 0.2176165422 0.1965697041 0.1468585045 0.2534614851 0.1926146030 0.2057398172 0.1902207984 0.1819686619 0.2058521376 0.1692506609 0.2123753180 0.1944012226 0.1820015063 0.2131261322 0.1976181830
0.1583410663 0.1775045200 0.1779975205 0.1583458766 0.2060172796 0.1757034261 0.1630848342 0.1658611190 0.1629097261 0.2466327729 0.2870154978 0.2290049980 0.3634535420 0.4578259357 0.6151711034 0.7689309151 0.8359459544 0.8917283750 0.8292322856 0.7386694881 0.6515035763 0.5450092825 0.3822298922 0.3474146291 0.2566481721 0.2239551555 0.1797706879 0.1459491148 0.2176000186 0.2258169438 0.2362462328 0.1842409581 0.1473312152 0.1830302688 0.2039819690 0.1911602147 0.1599256225 0.2157224459 0.1732432278 0.1908561096 0.2018601215 0.2440059822 0.2387310970 0.2151823350 0.1855746737 0.1393408106 0.2062017493 0.2018832080 0.2490898092 0.2696871114 0.3975705851 0.4741882349 0.6501145134 0.7748152286 0.8678885650 0.8814630279 0.9171685830 0.7932714887 0.6926255103 0.5609224299 0.4533071420 0.3160689134 0.2853734351 0.2834941520 0.1926282103 0.1966907428 0.2036659213 0.2345155922 0.1923560655 0.1365793265 0.2078514056 0.1694325936 0.1590866425 0.2308586979 0.1956032142 0.1741807844 0.2199043044 0.1830642301 0.1918216689 0.1701519048 0.1377699702 0.1747164026 0.1868536982 0.2265320730 0.2113724083 0.2211504838 0.2946426830 0.2644492081 0.3644243661 0.4832757127 0.6480040416 0.7751952556 0.8232026489 0.9167548874 0.8747720453 0.7809479412 0.6946402479 0.5129144735 0.3913903363 0.3541218106 0.2603691020 0.2420780182 0.2313769693 0.1946837081 0.1970799355 0.1675264045 0.1980542875 0.1979362114 0.1776811835 0.2059332540 0.1987542359 0.1800080012 0.1539482353 0.1858637539 0.1678757030 0.2019385405 0.1988739585 0.1407936214 0.1873440009 0.1833839802 0.1338577819 0.1998681484 0.2289995501 0.2247210144 0.2658827248 0.2906946412 0.4142489961 0.5402078451 0.6459533932 0.7419507370 0.8850134691 0.8921378984 0.9312014044 0.8077077354 0.6504745298 0.5188783869 0.4323795289 0.3611483251 0.2483044862 0.2241273138 0.2235770715 0.1566440904 0.1575115882 0.2358878436 0.1792659017 0.2186836840 0.2193168770 0.1824725368 0.1947040832 0.2284854513 0.1825062339 0.1910236053 0.1955418738 0.1719187136 0.1891655962 0.1910068249 0.2410500693 0.2126860005 0.1725425985 0.2229444083 0.2056900982 0.2152786660 0.2490957312 0.3591401352 0.4050192150 0.5573424456 0.7435060990 0.8113465304 0.8583816155 0.9288969824 0.9559499314 0.7672495153 0.6792412268 0.5685305027 0.4040998534 0.3335785636 0.2742689845 0.2350892423 0.2323895080 0.2070089599 0.2367767373 0.2043525696 0.2049752447 0.2186917945 0.2263518963 0.2243419474 0.1666554021 0.1778429197 0.2100536707 0.1961739976 0.2193915065 0.1917861760
0.2233316960 0.1647612330 0.1487747016 0.1595539425 0.2182670315 0.1901908487 0.1946528550 0.1689297942 0.2301559373 0.2233242992 0.2998709988 0.2673173780 0.3560002908 0.4916598153 0.6630484153 0.7724275451 0.8874515401 0.8862270371 0.8518241731 0.8182619137 0.6318737052 0.4964779562 0.4044998019 0.3335832474 0.2759620904 0.1927028384 0.2521209126 0.1741603135 0.1769414716 0.1893116710 0.1950820292 0.2198143871 0.2295369288 0.1745312517 0.1392541033 0.1574033194 0.1898286326 0.2109196178 0.1870288522 0.2069872858 0.1763228254 0.1723473852 0.2214186919 0.1610485916 0.1989626067 0.1965048756 0.1896502818 0.2225844904 0.2079123947 0.3146453102 0.4154314619 0.5186336273 0.5837894705 0.7215947490 0.8238911180 0.9476408673 0.8760886041 0.7745125437 0.6747604783 0.5005169254 0.4592952750 0.2794554940 0.2414005373 0.2539422049 0.2202276375 0.1768234195 0.2122901763 0.2147280957 0.2082693217 0.1236730152 0.2400548261 0.1955606445 0.1554184375 0.1997111221 0.2095250635 0.2108139031 0.2188670311 0.1569933659 0.2224664890 0.2052447960 0.1687738091 0.1890289739 0.2085035809 0.1999715050 0.2167238183 0.2292205998 0.2710749024 0.2592579151 0.3949882537 0.5018171734 0.6499651010 0.7512971408 0.9096303142 0.8800228832 0.8877116305 0.7805767893 0.6649436044 0.5491928228 0.3679632390 0.3270686009 0.2434186491 0.1975621937 0.2298354662 0.2155811437 0.1768608807 0.2270790097 0.1970293261 0.1456316971 0.1823318020 0.1710471881 0.2016469687 0.2260618300 0.2045466502 0.1894852945 0.1771435167 0.1521501446 0.1870155900 0.1485780850 0.1887943805 0.1909047498 0.2139588507 0.2483800670 0.2415510128 0.1702157102 0.2516695022 0.3397182508 0.3872670137 0.5212561207 0.7308020956 0.8159980693 0.8632687929 0.9042440217 0.9240256067 0.8308125392 0.6797796606 0.5161950204 0.4323902260 0.3513239977 0.2386627122 0.2104904840 0.1767731673 0.2217043350 0.2243180439 0.1774185971 0.2082389590 0.2192631921 0.1883521989 0.1719472452 0.1794371812 0.2244613093 0.2287685896 0.1961097954 0.1597658425 0.1666458681 0.1804033873 0.1542747207 0.2360237477 0.2049207277 0.1977236752 0.1387282318 0.2298358143 0.2727387127 0.2538934505 0.2933209382 0.3773056527 0.5082765962 0.6882140460 0.8290722465 0.8598261265 0.9589188623 0.8656757444 0.8124165369 0.6563180301 0.5317763455 0.3701307356 0.2897865513 0.2473743852 0.2228663541 0.2813579954 0.2690738894 0.1882675445 0.2222781281 0.2444887920 0.2125962825 0.1889853989 0.2163186311 0.2584595547 0.1736066794 0.2114310857 0.2246886069 0.2202809715 0.2399996979
0.2397513104 0.1858469437 0.2269408156 0.1578344138 0.2021847534 0.1927789424 0.1845503140 0.1960151670 0.2467675633 0.1956936847 0.2258233710 0.2859400320 0.3411587536 0.4766856337 0.6350751828 0.8095121012 0.8903424623 0.8339033307 0.8818571748 0.7893713023 0.6460717502 0.5065313586 0.4021945125 0.3090661455 0.2507720909 0.2547699413 0.1960516360 0.1872660808 0.1667240535 0.2000921981 0.2081719498 0.1549613719 0.1607210272 0.1525170025 0.1880399445 0.1678951603 0.1806055605 0.2006842159 0.2065495976 0.1984560049 0.1994946495 0.1749124910 0.1657955137 0.1729681586 0.1927636318 0.2119102960 0.1754712627 0.1842661269 0.2471747540 0.3584350960 0.4409399433 0.5294091952 0.6586601993 0.7687688933 0.9172768831 0.9121599120 0.8676842574 0.7747196972 0.6828958747 0.5382085556 0.4198844571 0.3420891752 0.3022566307 0.2599444156 0.2345254619 0.2394872055 0.1977044027 0.2141812072 0.2594296006 0.2252455989 0.2109369554 0.2034879628 0.1331447613 0.2252973539 0.1781770941 0.2054756661 0.2328517629 0.2189134161 0.1747768144 0.2028923895 0.1934448301 0.1846934287 0.2002324428 0.1962081249 0.1544228483 0.2675539117 0.3015353079 0.3654406815 0.4002451149 0.5183852370 0.6886596156 0.7787667891 0.8905840678 0.9389033810 0.8941306031 0.7852067755 0.6921868505 0.5170866378 0.4143364189 0.3092151933 0.2691543688 0.2817866427 0.2007890402 0.2123911024 0.1940928023 0.2038994494 0.2203397775 0.2026144437 0.2437362909 0.1906790247 0.2531396501 0.1823244631 0.1629049888 0.1768030461 0.2011896823 0.2322987409 0.1961801741 0.2237790012 0.1713865925 0.1660093160 0.2159805315 0.1854669987 0.2560167614 0.2277336822 0.2949530879 0.3186681349 0.3713233316 0.4917583227 0.6737848766 0.7702970830 0.8853679704 0.9220226425 0.8708537968 0.7617377095 0.6719176088 0.5341751399 0.4394007512 0.3149600164 0.2909121111 0.2596616661 0.1960265047 0.2533382993 0.1772397551 0.2025862957 0.2526959086 0.1978677942 0.2066932441 0.2056674334 0.1898165360 0.1766569270 0.1837314566 0.2270116692 0.2338714532 0.1921109671 0.2191641011 0.2172750887 0.2559644540 0.2337309745 0.1877487619 0.1780060510 0.2395931857 0.2808174579 0.2858105037 0.3679319163 0.4745772409 0.5183768903 0.7271980239 0.7879568427 0.8761495830 0.9217982505 0.9205885527 0.7626864614 0.6563101070 0.5423297391 0.4498555259 0.3114633124 0.2741968434 0.2461371211 0.2343881779 0.2378835998 0.1820643978 0.1616431101 0.1997183884 0.2165358428 0.2199197542 0.2205587557 0.1922261432 0.2216004335 0.2814126292 0.2133765720 0.1975280973 0.2106435471
0.2055802008 0.2176633422 0.1340064445 0.2020927715 0.2290913163 0.2029065018 0.1954717803 0.2121327512 0.2001119476 0.2239069125 0.2626352711 0.3730713996 0.3747438819 0.5476986431 0.6252303808 0.8234458194 0.8947713317 0.9311788737 0.8754214909 0.8006858153 0.7291325850 0.5447468416 0.4060928500 0.3416558548 0.2685899034 0.2214317222 0.2158618989 0.2249873093 0.1795653922 0.2079959236 0.2250920209 0.1375004872 0.2291618054 0.2139070712 0.1933368665 0.1665558288 0.1897092432 0.1583927097 0.2160091627 0.1766048435 0.2093886039 0.1748451882 0.1737782845 0.1747796201 0.1907564058 0.2188953981 0.2219603630 0.2060778419 0.2720946472 0.3300926465 0.4069792379 0.5008939375 0.6709643501 0.7816816083 0.8441269303 0.8839979826 0.8471479782 0.7912621709 0.6275521769 0.5654888263 0.4181646292 0.2897984555 0.2322995816 0.2214265566 0.2037036998 0.2106155278 0.1516214012 0.2110702366 0.2272036311 0.2115560640 0.1770219172 0.2323993843 0.1750745690 0.1783239289 0.2575631705 0.1853525599 0.2453537974 0.1700126688 0.1867097695 0.2104742884 0.2072787335 0.2549547955 0.2097281741 0.1661038875 0.2298174096 0.2424090754 0.3013139786 0.3246551529 0.4041449372 0.5101306418 0.6770486868 0.8005965495 0.9487183946 0.9320913795 0.8830269191 0.7588543943 0.6763971604 0.5684734133 0.4419209851 0.3464477271 0.2886031225 0.2680388048 0.1899790086 0.2189098204 0.2282440990 0.2209047980 0.2123423859 0.2000104691 0.1963940848 0.2441658618 0.1999321555 0.2385873979 0.2304562466 0.2074188186 0.1816132815 0.1896639361 0.2425238558 0.2942899832 0.1674516383 0.1463182838 0.1585721631 0.2111240439 0.2490550809 0.2085303714 0.2801518623 0.3375811220 0.4541867222 0.5304384779 0.6665935171 0.8047328359 0.8982127460 0.9163584702 0.8622341733 0.7817956291 0.6304593681 0.5638372773 0.4674184217 0.3159084341 0.2958133902 0.2539283086 0.2159704578 0.2529862674 0.2083852609 0.2266706497 0.1927484593 0.2274081802 0.2229479765 0.1687587636 0.1952197955 0.2156154945 0.2221374228 0.2463045418 0.2055162695 0.1871509195 0.1930222651 0.2030892219 0.2020085630 0.2054308272 0.2041770572 0.1920838346 0.2382497850 0.2408768100 0.2966476365 0.3404116152 0.4342821475 0.5967722483 0.6495033247 0.8265476765 0.8946802220 0.9293223527 0.9283357538 0.7757373557 0.6260748595 0.5465880953 0.3935909731 0.3231054681 0.2336207215 0.2371408669 0.2615229996 0.2274691318 0.2326517405 0.2163714607 0.2718030572 0.1564652302 0.2178655416 0.2426015142 0.2529375847 0.1861088553 0.2152527079 0.2700476495 0.2594708234 0.2289494333
0.1648590038 0.2361515962 0.1854040658 0.2352785895 0.2095573069 0.2028148673 0.1723188425 0.2257928573 0.1813207545 0.2120123034 0.2631095295 0.3115289480 0.4328526154 0.5297385684 0.6977931157 0.7892212049 0.9042266383 0.9490952286 0.8988215775 0.7496590488 0.6870896897 0.5247338296 0.4247402121 0.3293337756 0.2998372087 0.2591259840 0.2327505649 0.2251705483 0.2373038094 0.1999358960 0.1987163145 0.1913892386 0.2269736605 0.1802243484 0.1957791604 0.1696312012 0.1777461980 0.1654156052 0.2440566524 0.1943124150 0.2590936009 0.1236263803 0.1804459371 0.1948153473 0.2709950632 0.2064054659 0.2387955443 0.2171417713 0.2720142791 0.2513635728 0.4631429777 0.4939675810 0.6358699651 0.8031663124 0.8711183643 0.8859255242 0.8755291377 0.7532098067 0.6735140250 0.6043525060 0.4250299865 0.3367212103 0.2843473247 0.3138801235 0.2547154752 0.2027397468 0.2234672444 0.2318032050 0.1641820159 0.1861165641 0.2069657753 0.1880315746 0.2059984217 0.2258707230 0.2821399849 0.2118765008 0.1887633351 0.2255204202 0.1868751749 0.1807852673 0.1572132716 0.2316413189 0.2292285789 0.2183031863 0.2146222558 0.3412477037 0.2994425123 0.3441801025 0.4018211083 0.5319724693 0.6721812039 0.7667322872 0.8765268502 0.9471735516 0.8946135405 0.7852582717 0.6673050428 0.5269609077 0.3542537013 0.3045416680 0.2338019765 0.2266445047 0.1976711539 0.1875604279 0.2535966872 0.1731240059 0.2158116340 0.1543408663 0.2314551963 0.2263435554 0.1888305749 0.1707725187 0.2190095177 0.1855835700 0.2175214241 0.2014965220 0.2149380612 0.2296742967 0.2078410412 0.2446827507 0.2363083046 0.1804167065 0.1682136406 0.2054363344 0.2941056488 0.3744440322 0.4392666454 0.5793218301 0.6815661876 0.8839325691 0.8631381690 0.9099578115 0.8873588058 0.7906539066 0.6910482570 0.5287254308 0.4938232221 0.3533313068 0.2781648502 0.2383935941 0.2230753187 0.2629505808 0.2255113565 0.1463508730 0.1632334797 0.2163867760 0.2093911252 0.2007844984 0.2170277596 0.2208984308 0.2137687276 0.2287775552 0.2147840732 0.1915982906 0.2526010449 0.2442546336 0.2057097066 0.1960212644 0.1852645830 0.2406618458 0.2198224493 0.2353601732 0.3005388095 0.3705760173 0.4892591276 0.5585180611 0.7039858925 0.7753175478 0.8910946857 0.9553552802 0.8730537897 0.8295196196 0.7327282466 0.5098581419 0.4140586420 0.3331534971 0.2613851013 0.2311067310 0.2505675006 0.2428288297 0.2188496506 0.1912901186 0.1986107384 0.2167749485 0.2249698574 0.1961801305 0.2376931545 0.1793091383 0.2598796880 0.2246402128 0.2122604054 0.1935123874
0.1402776235 0.2097697621 0.2399182607 0.2334000691 0.1900909757 0.1981356027 0.1912522418 0.2298618153 0.2593178212 0.2173357500 0.2722483514 0.2840101926 0.4333543572 0.5627788999 0.6588549383 0.7876700615 0.9493598604 0.9631570043 0.8461041495 0.7979024154 0.6637897565 0.5459754699 0.4182915884 0.3362433853 0.2985041393 0.2255865574 0.1977158109 0.2595392092 0.1793785843 0.2330796347 0.1925782777 0.2108050476 0.1874159343 0.2251939698 0.2249873236 0.2153894666 0.1907571607 0.2570303990 0.1988071761 0.1966205240 0.2507686174 0.1904518896 0.1987560145 0.1515833694 0.2116195904 0.1840406746 0.2225997091 0.2459670736 0.3123266596 0.3170970800 0.4418340447 0.5817420516 0.6990230221 0.8182042374 0.8571710274 0.9092972029 0.8707134757 0.8105479232 0.6927777192 0.5432754925 0.3728079380 0.3272634475 0.2975032949 0.2061355144 0.1546100983 0.2064281766 0.1594443848 0.1774350162 0.2241168454 0.2037199547 0.2186645296 0.1767051997 0.1619020974 0.1912441127 0.1787917685 0.1808927636 0.2131678282 0.2159674402 0.1883462247 0.2171461395 0.2041105520 0.2062034134 0.1844258583 0.2265579868 0.2375409568 0.2787969322 0.2591011769 0.3498636589 0.4095122152 0.5418309332 0.6998436957 0.8211924755 0.9460439340 0.8962159572 0.9336757367 0.7888594696 0.6638800571 0.5335190821 0.3611966892 0.3886217271 0.2501536454 0.2282754060 0.2408816229 0.2155192436 0.1936792653 0.2502409728 0.2328765498 0.2492913935 0.1587120418 0.1687011242 0.1911534272 0.2170533540 0.2191732187 0.2272883227 0.2331992684 0.1325382830 0.1581138727 0.2894013081 0.2258416219 0.1884179591 0.1988875402 0.2002616507 0.2089857806 0.2435382858 0.2879946458 0.3943790170 0.4478418148 0.6164817221 0.7011620038 0.8307162109 0.9066024304 0.9075660198 0.8963852493 0.8232974064 0.6545613744 0.5438477984 0.4038244680 0.2964506821 0.2485760917 0.2525938128 0.2229788829 0.1553801845 0.2138446437 0.1735671130 0.2605442267 0.2457586654 0.1863569018 0.2384620180 0.2181556694 0.1503176044 0.1901411261 0.2604907161 0.2070089012 0.2631055925 0.2049804366 0.1811384569 0.2119491352 0.2410822082 0.2587640869 0.2250614405 0.2138454729 0.2571651601 0.3000254293 0.3313773103 0.4406322319 0.5810866863 0.7053517903 0.8667120219 0.8814333999 0.9872328716 0.8616793057 0.7975169691 0.6420832065 0.5364541836 0.4466701120 0.3578256468 0.3071742139 0.2492938806 0.2342785782 0.1723823749 0.2203723021 0.1736085346 0.1883017192 0.2351709804 0.2292019908 0.1797886279 0.2309900972 0.2135962256 0.2440675445 0.2367992730 0.2142616024 0.1977187248
0.1881864416 0.1881030524 0.1802181023 0.2196143702 0.1955075710 0.1943551755 0.1798697723 0.2455560432 0.2254388394 0.2547949981 0.2680096768 0.3379796287 0.4681213652 0.4695397348 0.6778748433 0.7821768596 0.8832961440 0.8905935972 0.8782863122 0.7730843529 0.6677432662 0.4943394893 0.3931426534 0.3416200465 0.1887765909 0.2506250159 0.1839835163 0.2397613227 0.1977211616 0.2180463583 0.2418658511 0.2423603548 0.2080060221 0.1749161155 0.2184773657 0.1819575894 0.1556637117 0.2111837881 0.1987399218 0.1991999515 0.1663822410 0.2225254652 0.2276545154 0.2451837705 0.1872109506 0.2192388469 0.1795413525 0.2404533892 0.2392421944 0.3083349164 0.4106934974 0.5032508250 0.6808569843 0.7924023889 0.9084927151 0.9234525676 0.8797001248 0.7544542066 0.6526293474 0.5377610539 0.3811498721 0.3363303605 0.2660003734 0.2058547447 0.2098601561 0.2073765522 0.1819103361 0.1664162820 0.2338758017 0.2295626156 0.2295966029 0.2251520344 0.2419524633 0.2146179953 0.2223127201 0.2088668140 0.1350024715 0.2159240342 0.2023955215 0.1998118886 0.2306116044 0.2066517929 0.1761504273 0.2645091557 0.2534149524 0.2100845648 0.2929984716 0.3590557094 0.4412886483 0.5514909119 0.6700265948 0.8071263950 0.9302479308 0.9039195163 0.8811986654 0.7808919368 0.6534533584 0.5491625595 0.4368594159 0.3326597841 0.2319095597 0.2498275737 0.2231942928 0.1870261406 0.2114801857 0.1987783895 0.2039528971 0.2494529258 0.2265436982 0.2004231252 0.1735899047 0.2295544013 0.1887953661 0.1955977014 0.2688134455 0.2056122922 0.1559158915 0.2020323842 0.2316790395 0.1456123061 0.2284108884 0.2035754422 0.2413703921 0.2637687478 0.2790677723 0.3518554417 0.4320764054 0.5733110675 0.7084909002 0.7881641887 0.8992053492 0.9163874767 0.8665215768 0.7832593589 0.6623128556 0.5404182499 0.4323450575 0.3974356344 0.2386826010 0.2588007564 0.2509483102 0.2300990251 0.2271194932 0.1998123563 0.2330014343 0.2184817833 0.2140626134 0.1983677934 0.2010505530 0.1762961465 0.2334400973 0.2019595624 0.1989940685 0.2500219425 0.2071112899 0.2423599560 0.2369077187 0.1986618719 0.2031862512 0.2320195201 0.2851794529 0.2501594725 0.3072845274 0.4170560919 0.4331411244 0.6067401142 0.7949173329 0.7844345226 0.8931068344 0.9708172374 0.9349744452 0.8155113188 0.6414081283 0.5338401077 0.3941198065 0.2745809577 0.2361745769 0.3092261236 0.2708337814 0.2041110248 0.2167827515 0.2055346768 0.2229042532 0.2755769815 0.2257894555 0.2114420738 0.2501647049 0.2441381211 0.2444316940 0.2584916305 0.2169748994 0.2041546843
0.1928855361 0.1866535798 0.2166938717 0.1680445290 0.1299362655 0.2184974166 0.1938499335 0.2014243498 0.2105851057 0.2792229100 0.2910132553 0.3519601764 0.4289461646 0.5194432301 0.7216955455 0.8676020020 0.9450832345 0.8918133860 0.8991481421 0.7996679693 0.6295447477 0.5173842383 0.3899772953 0.3240568303 0.2637506813 0.2646191463 0.2064061294 0.2549405338 0.2521952213 0.2027177301 0.2152987123 0.1571709999 0.2286901815 0.2163451103 0.2500802973 0.1720288644 0.1559030500 0.1733100980 0.2150645202 0.2445014739 0.2118320535 0.2392178028 0.1674879235 0.1787609097 0.2339569166 0.1632895029 0.2199230640 0.2879039582 0.2680190350 0.3801041955 0.4918621652 0.5792181059 0.6994310004 0.7911269173 0.9025690991 0.9503820570 0.8964223042 0.7724716994 0.6453553976 0.5186914613 0.4218605193 0.3013373005 0.2967166043 0.2487789264 0.1892613840 0.2305779281 0.1985565437 0.2058895856 0.1870496185 0.1977829045 0.2072045235 0.1861767276 0.1919283368 0.1973116675 0.2737193274 0.2241137183 0.1869772687 0.2030456710 0.2337738855 0.1651314068 0.2450829626 0.2364491471 0.1767880185 0.2440491031 0.2433814096 0.2769193245 0.2774730248 0.3033772408 0.4173554108 0.5852893390 0.7300038123 0.8044534270 0.9182757890 0.9190482469 0.9129082814 0.7670179579 0.6843853599 0.4929671598 0.4127694346 0.3221913079 0.2052086316 0.2039645655 0.2283412968 0.2173698293 0.2160806291 0.2071723513 0.1915487005 0.2046504492 0.2080000677 0.2315912089 0.2200219745 0.2587895216 0.1993634761 0.1996299942 0.2127191023 0.1671941594 0.2169026111 0.1794448719 0.1745265270 0.2249258686 0.1894317451 0.2748089069 0.2209585596 0.2772536144 0.3016175396 0.2811479521 0.4931830457 0.6063081181 0.7528324290 0.8326630855 0.8979784514 0.9354798095 0.8558471599 0.7514446018 0.6568180211 0.4969402872 0.3828705250 0.3494082868 0.2312628819 0.2808705547 0.2263727737 0.2125993254 0.1996639106 0.2431106571 0.2063537284 0.2534747884 0.2294131624 0.2022345069 0.2117137978 0.2686200094 0.1719679356 0.2315982716 0.2385334334 0.2251594654 0.2518657377 0.2186326625 0.2388000522 0.2247002112 0.2294181078 0.2262369803 0.2306319015 0.2580917121 0.2566800405 0.3515545511 0.4906705234 0.5525683048 0.7760713764 0.8504159734 0.9179494643 0.9185228377 0.9088199006 0.7822116542 0.6411458696 0.5266867093 0.3855628150 0.2938009277 0.2823468715 0.2005799449 0.2266219570 0.2562012629 0.2110366528 0.2299288296 0.2242781633 0.1979463939 0.2352751153 0.2301835910 0.1761874727 0.2530865606 0.2411871614 0.2276266518 0.2213885420 0.2140478814
0.2022250412 0.2096147466 0.1779809387 0.1968076715 0.1941532606 0.2081055629 0.2044175196 0.2403227640 0.2129205722 0.2600155487 0.2866603262 0.3368431787 0.4019699351 0.5597983981 0.6646440886 0.7800883636 0.8930803089 0.9319356347 0.9202951328 0.7731573217 0.6647278249 0.5264518905 0.3961937571 0.3595921082 0.2898027958 0.2807740665 0.2379839603 0.1923662790 0.1780130924 0.2169911091 0.2081460425 0.2199587930 0.1905560036 0.2245253583 0.2371797522 0.1838341599 0.1931617407 0.1776590279 0.2096464935 0.2065607497 0.2138892293 0.1832093827 0.2159559224 0.2054530427 0.2051923899 0.1930992142 0.2118616364 0.2441132565 0.2493096873 0.3353568223 0.4582921153 0.4989351855 0.6909758761 0.7472629161 0.8903526655 0.9649620124 0.8524122286 0.7545208894 0.6324431297 0.5050682015 0.4043351500 0.3330965690 0.3093070270 0.2086757241 0.2149186166 0.2508608077 0.2072863004 0.2296697753 0.2124064188 0.2110180848 0.1856426809 0.2028446631 0.2329902450 0.2191384866 0.2028894978 0.2341435135 0.2320375248 0.2081815572 0.2516853787 0.1731066642 0.1828198133 0.2108110421 0.1885983359 0.2118620151 0.1960146204 0.2146308454 0.2625152567 0.3725025164 0.4431133306 0.5622509058 0.6926470103 0.7721108806 0.9393226450 0.9703896451 0.8396495966 0.7559982237 0.6641429857 0.4856396805 0.4097720946 0.3009963649 0.2251207703 0.2378431517 0.2765362504 0.2397609429 0.2390901319 0.2377164971 0.1941659420 0.2761764553 0.2051862838 0.1676522941 0.2457580102 0.1654945973 0.1552174289 0.2290405274 0.2010154564 0.2087896020 0.2478447318 0.1263468181 0.1974294577 0.2354567198 0.2155891355 0.2167297064 0.2464076569 0.2903189098 0.2810171134 0.3166814905 0.4392988863 0.5819564453 0.7376008270 0.8111442029 0.9383291080 0.9765874652 0.9055645666 0.7556018797 0.6710468180 0.5095715931 0.3818966180 0.2753492888 0.2846851675 0.2345278995 0.2644813747 0.2275785351 0.1757820103 0.1830040145 0.2248932014 0.2330523015 0.2012080422 0.2223388937 0.2029972743 0.2508071924 0.2474432830 0.2399908557 0.2113334752 0.1875321737 0.1683329054 0.2286142024 0.1765668413 0.2608410132 0.1998155074 0.2246943604 0.2294904496 0.2243077987 0.2601183418 0.3863404123 0.4852452000 0.5550853190 0.7151230639 0.8163454236 0.9450113878 0.9326764024 0.8521337791 0.7539933872 0.6809901760 0.5395508301 0.3661036156 0.3174720561 0.2686830922 0.2213740552 0.2385914024 0.2108972552 0.2466258786 0.2765183927 0.2558453805 0.1760262102 0.2123515770 0.2067799299 0.2099293938 0.2353958706 0.2160153335 0.1441535515 0.2416290088 0.2862397911
0.2194458636 0.2020560364 0.1836847760 0.2024813361 0.2517927815 0.1928560834 0.1707308754 0.1344869027 0.2081232210 0.2130589491 0.2589235644 0.3238116342 0.4083611687 0.5789693504 0.7277180564 0.7736494044 0.9109138963 0.8897293322 0.9238077936 0.7843671063 0.6183645934 0.5160616432 0.3810236614 0.3307796573 0.2403084957 0.2211257630 0.1422345141 0.2293083345 0.2200821180 0.2462622099 0.1475729372 0.1552008846 0.2395390329 0.1696280837 0.1820281204 0.1803197754 0.1793129716 0.2068439548 0.1473177426 0.1973119491 0.1901474356 0.1311582256 0.2030296714 0.1584966376 0.1756584035 0.2017235754 0.1963539040 0.2626668950 0.2550455018 0.3387394903 0.3643188509 0.5916978316 0.6252482707 0.8341969786 0.9033769152 0.8797770905 0.8675253528 0.7332854836 0.6264398067 0.4854591759 0.3734472757 0.3078419411 0.2855671460 0.2297049629 0.2486211487 0.2220294538 0.1586103237 0.1837695494 0.2406172989 0.2070776343 0.1676544558 0.2387433048 0.1802269766 0.2119747902 0.1454726358 0.1924927711 0.2106188786 0.2336638079 0.1938972397 0.1821954714 0.2008465783 0.1447639194 0.2204354622 0.2123382771 0.1627347451 0.2197066791 0.2718345608 0.3430317747 0.4032321868 0.5973271647 0.6813073676 0.8025788064 0.9313060061 0.8350744974 0.8625277313 0.7556215886 0.6071071466 0.4737143020 0.3430535495 0.3023787774 0.2406723331 0.2198018872 0.2187801255 0.2483948638 0.2081505942 0.2090373704 0.2159649620 0.1891812111 0.2210163064 0.2034954192 0.2150237092 0.2463508183 0.1543322046 0.1888918407 0.2091363416 0.2230237068 0.1451302634 0.2095543809 0.2350454595 0.2376209587 0.1711868010 0.1609129258 0.2530750155 0.2364115941 0.2245152649 0.3187116678 0.4559258375 0.5912786548 0.7368954410 0.8296139905 0.9117259522 0.8874068395 0.8667570607 0.8138205668 0.6048906924 0.4992866642 0.3980459041 0.3125184500 0.2255171080 0.2691130703 0.2101722972 0.2136290808 0.1748097290 0.2352141860 0.2201778346 0.2036573151 0.1965080083 0.2357317227 0.1446160426 0.1729761932 0.1920424427 0.1989312404 0.2623883625 0.1940780401 0.1863674194 0.2252352032 0.2674674302 0.2017557305 0.2497226626 0.2254377109 0.2015425202 0.2342057768 0.2867566340 0.3859147875 0.4222743739 0.6016373850 0.7467711783 0.8531588711 0.9121159837 0.8975731206 0.8790798515 0.7472659758 0.6036048285 0.4898906859 0.3689661464 0.3687611663 0.2574038635 0.2263805352 0.2435491094 0.2458079186 0.2570060239 0.1829256031 0.1879137913 0.1956689614 0.1749205243 0.1736101303 0.2045059386 0.1803284387 0.2108519301 0.2156684681 0.2147209133 0.1943976515
0.1437759999 0.2029414742 0.1977557807 0.1408131019 0.1331868045 0.1703778971 0.1441788150 0.2450658913 0.2331580454 0.2453774750 0.2581469872 0.3163113511 0.4193794141 0.5578783561 0.7068811921 0.8019473562 0.8589754687 0.9200746050 0.8508785943 0.7649115057 0.6258295006 0.5048382438 0.3771024146 0.3115920582 0.2562624717 0.2684174165 0.2416522379 0.1919318597 0.2042534102 0.2433066441 0.1961381655 0.1851142292 0.2022534439 0.2392749004 0.2490382966 0.1954910168 0.1853355449 0.1883455417 0.1893168018 0.1379840748 0.2384468084 0.1979423268 0.1545113793 0.1946244743 0.1759533859 0.2320330004 0.1921418810 0.2725604086 0.2748905035 0.3689730859 0.4588626984 0.5066507570 0.6998172649 0.8218470724 0.9468757433 0.8534079687 0.8890062910 0.7538141956 0.6314990959 0.4931211002 0.4082361908 0.2718150590 0.2395969844 0.2203350799 0.2324852837 0.2439049894 0.1840892541 0.1383846231 0.1925271454 0.2437800136 0.2206961503 0.2082003824 0.2322094373 0.1534522360 0.1635807618 0.2070599512 0.1981208084 0.1686185442 0.2114214153 0.2442135417 0.1904968587 0.1828466822 0.1847263777 0.2024950736 0.2095521347 0.2395440515 0.2582781037 0.3636929114 0.4664220703 0.5751869141 0.7314870441 0.8189535532 0.8396678344 0.9157767655 0.8780501116 0.7854604722 0.5946456176 0.4994633100 0.3976534023 0.2816974604 0.2358881747 0.2450434430 0.2267578528 0.1927502828 0.1382363316 0.1831266311 0.1972841550 0.2372442632 0.1645509262 0.1918244508 0.2222620262 0.1517070699 0.1864069454 0.2121604775 0.1639570655 0.1722059565 0.2217336205 0.1810983267 0.2125475650 0.2311694192 0.1939779090 0.1907703699 0.2051688874 0.2596102691 0.2970004415 0.3530210202 0.4679855772 0.5608143424 0.7725014559 0.8534462621 0.9153595998 0.9271334801 0.8518852169 0.7747034816 0.5488060167 0.4960085137 0.3668767582 0.2822472345 0.2883875783 0.2085172785 0.2527619347 0.1917147735 0.2018860585 0.2131623738 0.1923334143 0.2230569590 0.2081335389 0.2330511457 0.2576087237 0.2029382735 0.2020525770 0.2020935730 0.2167014014 0.2017752544 0.1990728410 0.1790228817 0.1719228389 0.2068514314 0.2154485146 0.2060457885 0.2184825121 0.2865649451 0.2669805067 0.3122586686 0.4134147145 0.5712741530 0.7144331384 0.8458576511 0.8847889583 0.8755312947 0.8853766344 0.7417590677 0.6381423536 0.4761987087 0.4080124846 0.2787010683 0.2223837902 0.2371917979 0.2154813596 0.2465079313 0.2083552107 0.1831703268 0.1949148642 0.2183083147 0.2249055404 0.2240414998 0.1442494245 0.1986383223 0.2033168139 0.2085510669 0.1981093783 0.2294960904
0.1580849704 0.1836823581 0.1530023458 0.1696593504 0.2249897730 0.2160713905 0.1801160465 0.1626941473 0.2430268739 0.1916115658 0.2421680420 0.3019111252 0.4019992422 0.4827112234 0.6794197255 0.7742647349 0.9209136966 0.8697049947 0.8521236455 0.7249562809 0.5921672696 0.4236708422 0.3436104046 0.2960850248 0.2599741215 0.1766195393 0.1978301975 0.1472307878 0.2141378357 0.2189123650 0.1953401014 0.1603937889 0.1808791144 0.1856489794 0.1707749187 0.1871722119 0.1831615370 0.1753537653 0.1434645077 0.1413896476 0.1947027810 0.2132589461 0.1748563051 0.2150243332 0.1708059028 0.1669183449 0.2312996955 0.2081911200 0.2119427764 0.3651799198 0.4492282500 0.5619484389 0.6981842630 0.7468286033 0.8949054183 0.8719670360 0.8802760673 0.7610932099 0.6506480055 0.4853056863 0.3460685429 0.3373279598 0.2228565809 0.2088429827 0.2191168494 0.2133085849 0.2101214005 0.1937105020 0.1909106580 0.1747618584 0.1711740220 0.1923524859 0.1792562972 0.1925642520 0.2645557363 0.1821072954 0.2532867433 0.1992949084 0.1400492746 0.1970170383 0.1396668879 0.1942639210 0.1945496096 0.2126099473 0.1772203125 0.2215266876 0.2622486281 0.3400474788 0.4205314231 0.5779921907 0.7229180030 0.8103770096 0.9196267092 0.9404207388 0.8339630254 0.7278416788 0.6097414025 0.4872260890 0.3769367770 0.3166015724 0.2619999837 0.1972381603 0.1480013866 0.2203527793 0.1356540241 0.1780968161 0.1771472460 0.1541035771 0.1574963927 0.2044475910 0.1667496723 0.1678046465 0.1918461419 0.1755754318 0.2167857540 0.2165658504 0.1561769735 0.2124779449 0.2288989412 0.2335389228 0.1518644829 0.2523971287 0.1765484989 0.1764839705 0.2879966299 0.3561868360 0.4484621896 0.5432621428 0.7383327846 0.8640882357 0.8863346687 0.9293472498 0.8636032032 0.7211964952 0.6032723079 0.5093936774 0.3537829840 0.2990129025 0.2029319620 0.1989730639 0.2181775122 0.1407331459 0.2319875658 0.2036796084 0.2280414047 0.1695680875 0.1675825326 0.1512929130 0.1821132201 0.1968548776 0.1539522410 0.1923304818 0.1887310577 0.2192098187 0.2165523112 0.2001578811 0.1839534281 0.2423377120 0.1942702524 0.2273361380 0.2058984727 0.2333538246 0.2980974823 0.3337523800 0.4382916891 0.5605806437 0.7029932449 0.8371862011 0.8812676098 0.8789876827 0.8366269215 0.7993563587 0.5836297566 0.4851470165 0.3869239110 0.2913279900 0.2386528491 0.2177295975 0.1958170678 0.2056529795 0.1988804182 0.1819551471 0.2185508691 0.2157600787 0.2132315439 0.2006020561 0.1807546396 0.2661146786 0.2001910685 0.1756898921 0.1809017629 0.2117877174
0.1513266781 0.1659242062 0.2013291601 0.2304467850 0.1910184575 0.1786580398 0.1895514929 0.2063645833 0.1870797788 0.1921393564 0.2373424264 0.3094145887 0.4126100553 0.4985088438 0.6391726853 0.7863613903 0.8477778471 0.8998369128 0.8429652382 0.7396834354 0.6079577319 0.4189983341 0.3546360150 0.2596483000 0.1947282654 0.1666244640 0.1589624623 0.1859628464 0.1225385695 0.2163113867 0.1973326140 0.1371587469 0.2023101597 0.2264482072 0.1826351580 0.1915181024 0.1373674248 0.1256994782 0.1725341238 0.1775890561 0.1723913243 0.1544428648 0.1961991844 0.1979156701 0.1767574402 0.1392824279 0.1857200982 0.1971646284 0.2366249320 0.3808048953 0.4038630507 0.5269494369 0.6958969509 0.8341708922 0.8887134733 0.8815403885 0.8544650956 0.7699193816 0.5968325534 0.4444146544 0.3644916859 0.2800234109 0.2324658748 0.1755689495 0.1560850898 0.1916064482 0.1743767976 0.2121345834 0.2352737655 0.2006040971 0.1887290290 0.1902239781 0.1690805311 0.1756806445 0.1889851231 0.1638623637 0.1320578382 0.1834145860 0.1937719066 0.1887257370 0.1713929047 0.1931025993 0.2110950486 0.2034079196 0.1458729359 0.2625597520 0.2412319277 0.3116956191 0.4405890429 0.5360159575 0.7228475890 0.7928017018 0.9233302945 0.9088614739 0.7704048152 0.7171192421 0.6294645283 0.4794682835 0.3065660483 0.3250258127 0.2179561778 0.2375067149 0.1824069436 0.1892406630 0.1604456050 0.2022052138 0.1827361422 0.1195948466 0.1224327663 0.1949597175 0.1727141446 0.1600714550 0.2016927369 0.1522845819 0.2051975478 0.2003935029 0.1729593036 0.2061345718 0.2078717164 0.1939771239 0.1997983204 0.1792615532 0.1847265125 0.1936858302 0.2988836202 0.3860032466 0.4234748064 0.5896013861 0.6826451426 0.7977620578 0.8832233309 0.9007342537 0.8406722649 0.6923218924 0.5637096914 0.4395615762 0.3806734052 0.2908998743 0.2258746493 0.2271775653 0.1854499207 0.1764108937 0.1705793295 0.1588232612 0.1481717337 0.1801521346 0.2139620748 0.1963577583 0.1503698190 0.2236681619 0.1568075563 0.2332380798 0.1965860921 0.2075312620 0.1761882503 0.1875291044 0.1501434054 0.2447014103 0.2419398317 0.1869020415 0.1833489170 0.2424470278 0.3203468774 0.3395839964 0.4413108850 0.5865626630 0.7552411917 0.7952222978 0.9074162585 0.9109787838 0.7886506822 0.7295151632 0.5644417966 0.4504820744 0.3765444464 0.2174072736 0.2515391538 0.2512867107 0.2225805005 0.1967363962 0.1367426789 0.1671378613 0.2354817832 0.2220291985 0.1749595991 0.1715258353 0.1970906436 0.2421950878 0.1633137017 0.2326671653 0.1352484023 0.1243781989
0.1832273316 0.2102090786 0.1690040928 0.1228164356 0.1659942816 0.1841762901 0.2091347573 0.1326447066 0.1879469204 0.1807654142 0.2075216367 0.2890985215 0.4478987800 0.5595308033 0.6404668753 0.8474538695 0.8716325395 0.8750244476 0.8486447320 0.7290933957 0.6414462416 0.4349766488 0.3922188154 0.2537541234 0.1880292878 0.1752484193 0.1398448455 0.0985209119 0.1561528729 0.1533032482 0.1289274748 0.1862373384 0.1535368443 0.1511231900 0.1578770203 0.1709646233 0.1383803813 0.2061882229 0.1771990001 0.1923212810 0.1078142556 0.1239005789 0.1544809825 0.1859880582 0.1782795612 0.1964721054 0.2065831092 0.2381323068 0.2367984411 0.2813857769 0.3883843839 0.5337242424 0.6451903390 0.8162974134 0.8038137049 0.9262093326 0.8297345009 0.7128431622 0.5709300867 0.4305283689 0.3463332051 0.2714328319 0.2190014115 0.1793478252 0.1942275322 0.1491240233 0.1686129202 0.1531087407 0.1719125731 0.1963613645 0.1877802490 0.2267688659 0.1770808118 0.2604988774 0.1366638835 0.1597619005 0.1682732196 0.1528942983 0.1707266239 0.1984332868 0.1911985691 0.1442455374 0.1542784762 0.1956016741 0.1908128324 0.2512345286 0.2479050613 0.3098416615 0.4181399944 0.5419232791 0.7093010863 0.7955099360 0.9299150831 0.9035323409 0.8040095430 0.7408889607 0.5758941987 0.4515318260 0.3385816325 0.2847494824 0.2187089312 0.2073116560 0.1546661151 0.2037352536 0.1862373135 0.1906104731 0.1643798309 0.2040490278 0.1624089206 0.1505314358 0.1357749437 0.2010263156 0.1688469120 0.1816707957 0.1923847925 0.1980740900 0.1768847789 0.1676217902 0.1541654286 0.2033208610 0.1480742120 0.1850177219 0.2171140190 0.1807627806 0.2551964963 0.3392361512 0.4448164717 0.5473348740 0.6688575950 0.8262970893 0.8837044775 0.8971651829 0.8637222925 0.7103085029 0.6099555207 0.4799699462 0.3737183272 0.3182732997 0.2377816490 0.2059622020 0.1799266398 0.1831338519 0.1339254772 0.1942753840 0.1643528258 0.2460346608 0.1766598781 0.1288538200 0.2181411657 0.1872568393 0.1819432006 0.1435222155 0.2011241518 0.2100034003 0.1901679398 0.1945557321 0.1531561432 0.1463592131 0.1669622628 0.1923223249 0.1898589713 0.2506851282 0.3174599526 0.3748099468 0.4994296706 0.5667212519 0.7263608355 0.8178027807 0.8714010326 0.9103472761 0.7802737041 0.7166732174 0.6213082643 0.4807014541 0.3692770883 0.2573270549 0.2536387227 0.2311451458 0.1849190077 0.1885805956 0.2036240374 0.1584773560 0.2002662278 0.1843758030 0.1380505379 0.1819187686 0.1698094518 0.2025907013 0.1978369757 0.2005208954 0.1779384507 0.1240763033
0.1753193878 0.1510711196 0.1626141949 0.1708941092 0.1457809795 0.1827049531 0.1956898606 0.1627641506 0.1764276162 0.1893519469 0.2487177935 0.3063459481 0.4205155044 0.5500269097 0.6184965795 0.7593704685 0.8754959125 0.8715010863 0.8541735554 0.7535124830 0.6031954753 0.4514361549 0.3332150024 0.2831602324 0.1719357363 0.1508550898 0.1921256404 0.1515621448 0.1359682155 0.2105837453 0.1659667317 0.1704692594 0.1612274752 0.1546747022 0.1731154360 0.1093100667 0.1451732821 0.1805537148 0.1420223156 0.1763536242 0.1588882207 0.1600359803 0.1364625202 0.1716947268 0.2120059628 0.2160928228 0.1961155341 0.2145383651 0.2502696830 0.3231038512 0.4144926361 0.5912769098 0.6754074129 0.8020630977 0.8925777313 0.8851959677 0.8243465275 0.7109320042 0.5569361978 0.4174747264 0.3263523343 0.2751126478 0.2008284152 0.1430190560 0.1829611984 0.1505011349 0.1285368038 0.1682211713 0.1361651438 0.1811327663 0.1596830646 0.1603414261 0.2006177936 0.1521766137 0.1428079505 0.1411207045 0.1957891859 0.1705915321 0.1802895411 0.1650697661 0.1522786701 0.1366125994 0.1529165875 0.1441824404 0.1541999001 0.1521943992 0.2927289389 0.3148390981 0.4116036881 0.5235851710 0.7088414985 0.8307716070 0.8796976467 0.8722827613 0.8493532491 0.6499643824 0.5705366007 0.4588566875 0.3930454066 0.2495294220 0.2127577762 0.2232289575 0.1378221626 0.1286419535 0.1653979129 0.1656401281 0.1662228565 0.1440236026 0.2073544298 0.1976315194 0.1428059090 0.1740360844 0.1323695853 0.1650003139 0.1793059894 0.1597325685 0.1469920264 0.2105162078 0.2012366049 0.2102620391 0.1891933241 0.1476338595 0.2372654697 0.2151321170 0.2405215538 0.3333118604 0.4183206379 0.5340229233 0.7122927486 0.8251796573 0.8981621956 0.8558160814 0.8363090103 0.7071297500 0.5393351455 0.4823675608 0.3678480906 0.2940951104 0.1812288645 0.1571606296 0.1843510156 0.2380058861 0.1242264019 0.1666948496 0.1818474483 0.1441719181 0.1926869418 0.2249207381 0.1817553968 0.1688358923 0.2059816996 0.2326543910 0.1388975114 0.1408179636 0.2088705994 0.2256624693 0.1749784390 0.1753988390 0.1716861516 0.1564905333 0.1945122643 0.2686180199 0.2679646899 0.3374179760 0.4133139579 0.5707149109 0.6868153785 0.8150661310 0.9206004803 0.8675088586 0.8212261815 0.6806912452 0.5494488219 0.4223035405 0.3373621092 0.2646779583 0.3075945826 0.1654826776 0.2083952585 0.1786576895 0.1510000679 0.1805075497 0.2030266712 0.1729429447 0.1920014254 0.1720346995 0.1940321354 0.1851029819 0.1518373801 0.1339417123 0.1477737900 0.1610311153
0.1168773046 0.1684707168 0.0724869860 0.1254461319 0.1819199176 0.1043666233 0.1111554219 0.1382654357 0.1977725647 0.1588298540 0.2317881435 0.3812860381 0.4610751348 0.5713769433 0.6733800373 0.7969914992 0.8577127435 0.8429275245 0.8091576482 0.6779002564 0.5442277591 0.4561971321 0.2891507934 0.2544077663 0.1910386942 0.1551541398 0.1552696561 0.1616954299 0.1136330192 0.1687371526 0.1344166132 0.1871850786 0.1741976569 0.1333699408 0.1500396059 0.1717174800 0.1484722508 0.1912480656 0.2117616278 0.1692225155 0.0854272560 0.1492595024 0.1601816478 0.1339075331 0.1565162813 0.2072545659 0.1399307118 0.1899829295 0.2050232858 0.3239595643 0.4261137797 0.5698848101 0.7006392978 0.7989130329 0.8911168636 0.8404679394 0.7757789648 0.6790014911 0.5802358555 0.4478338852 0.3126407031 0.2983083493 0.2384526786 0.1597952180 0.1970910964 0.1427215158 0.1946934182 0.1397925878 0.1468808334 0.1709333628 0.2364413627 0.1542815635 0.1612148438 0.1225245249 0.1929948793 0.2266722291 0.1808851857 0.1572149464 0.1720984780 0.1325007185 0.1526796673 0.1819101683 0.2369224581 0.1838079256 0.2306112865 0.2171281779 0.2221586528 0.3071183234 0.4392983133 0.5788925950 0.7505012031 0.8161226841 0.8187039876 0.8764220698 0.8311006600 0.6630362537 0.5579464594 0.4192720498 0.3902395453 0.2497896384 0.2236933640 0.2173315305 0.1867318246 0.1063344685 0.1661815729 0.1656373871 0.2122522259 0.1719805291 0.1694005902 0.2023079765 0.1958806303 0.1717748460 0.1363005590 0.1335539655 0.1619073235 0.1632738640 0.1571718175 0.1497326632 0.2013803661 0.1517924094 0.1827554217 0.1442355598 0.1802214951 0.2047597165 0.3179860341 0.3313218708 0.4516764602 0.5860928485 0.6935540236 0.7991475096 0.8577193729 0.9295517765 0.8270083714 0.6699148112 0.5396985882 0.4475855916 0.3299374716 0.2553966179 0.2570336646 0.1824726273 0.1378871027 0.1911263849 0.1417281042 0.1718594575 0.1804771027 0.1592373583 0.1932600953 0.1805626983 0.1621487369 0.1721576290 0.2468053300 0.1730450727 0.1703470724 0.1678353758 0.1468137467 0.2011844141 0.1910891287 0.1968707203 0.1697597396 0.1737487734 0.1994869365 0.2022827469 0.2390684306 0.3485524315 0.4351718796 0.5900795941 0.6815708967 0.8060117809 0.9243872164 0.9089894311 0.8238242205 0.6573167922 0.5193002270 0.4074553623 0.3488717694 0.2743785539 0.2223431386 0.1939011695 0.1946855049 0.1896781622 0.1630207834 0.1537595081 0.2568167557 0.2170906530 0.2043740367 0.1334843723 0.1739763396 0.1781851298 0.1727640848 0.1795579096 0.1510409887 0.2041421319
0.1742162907 0.1210076002 0.1735221912 0.1473264293 0.2029933125 0.1774910520 0.1870975606 0.1556561425 0.1913809157 0.2023935377 0.2491319090 0.2972709228 0.4547878061 0.5562727391 0.6785890147 0.8118217452 0.8764160149 0.8382170682 0.7863357054 0.6627220525 0.6194393748 0.3952055723 0.3493425106 0.2661438221 0.1780482857 0.1816142642 0.2042350069 0.1453647085 0.1599352589 0.1716564680 0.1584674232 0.2012467353 0.1918645619 0.2095784117 0.2064896762 0.2186318056 0.1226421874 0.1632322464 0.1524334408 0.1805237400 0.1404448898 0.1886972591 0.1973384549 0.1427743868 0.1405778873 0.1461671341 0.1777940638 0.2068677641 0.2580003596 0.2843255698 0.4871822627 0.5573790317 0.6874121011 0.8421790818 0.8874801215 0.8142935272 0.8239827240 0.7069303644 0.5895222493 0.4184929732 0.3136565936 0.2758918575 0.1875551577 0.1926971010 0.1698227901 0.1094716359 0.1115426473 0.1340924675 0.2135125122 0.1463056962 0.1660501507 0.1770853800 0.1566839607 0.1813125849 0.1713367800 0.1903012696 0.2204718788 0.1923023132 0.1740693818 0.1886637595 0.1305150657 0.0923688019 0.1814640830 0.1799994187 0.1778287186 0.1679905780 0.2237968214 0.3248893097 0.4325670150 0.5595782758 0.7426941505 0.7983019982 0.8955775436 0.8938975303 0.7719181202 0.6689490669 0.5907969870 0.4408521297 0.2798281690 0.2253196457 0.2269012172 0.2258881291 0.1260092907 0.1880893744 0.1767237999 0.1239637637 0.2245194536 0.1891143221 0.1864572128 0.1838291104 0.1460491658 0.0997076159 0.1855485365 0.1607649847 0.1414854104 0.1736512965 0.1500888327 0.1901971705 0.2127525679 0.2153545234 0.1668359148 0.1484559286 0.1621608731 0.1766615914 0.2741720262 0.3123422293 0.4549926224 0.5975756741 0.7120082825 0.8220220814 0.8791272382 0.8671232059 0.8341186491 0.7214512133 0.5057823564 0.4431734005 0.3418020258 0.2287044927 0.2058588991 0.2275911068 0.1578638123 0.1505745693 0.1895365903 0.1680576945 0.1915599838 0.1680873990 0.1647172427 0.2088803380 0.1093549982 0.2159600998 0.2038759552 0.1981360254 0.1786688409 0.1838607178 0.1109379833 0.1273679499 0.1836102138 0.2206394029 0.1429896707 0.1774886670 0.1790116541 0.2198160032 0.3124111801 0.4057890722 0.4269140607 0.6145846006 0.7003919633 0.8004440417 0.8662338446 0.8827957562 0.7713735165 0.6989637776 0.5428700990 0.3891554450 0.2908115734 0.2696246015 0.2570716794 0.2023623114 0.1431413753 0.1961837409 0.1571262471 0.2089715762 0.1751403353 0.1548082009 0.2042520716 0.1807832944 0.1751984930 0.1638276890 0.1467069538 0.1479029108 0.1940898681 0.1889270482
0.1699083599 0.1198953745 0.2087894225 0.1758272504 0.1342563808 0.1908332596 0.1464859335 0.1820199972 0.1957851464 0.1601041718 0.2755024539 0.3108162120 0.3994075904 0.5356376911 0.6865229098 0.8285938401 0.8736175049 0.8586462286 0.8283897537 0.6691830417 0.5378304679 0.3924669218 0.3389983489 0.2499103471 0.2425935227 0.1518293143 0.2283649039 0.1707085376 0.1621828438 0.1373571369 0.1418674285 0.1397311315 0.1648750575 0.1834301748 0.1330153060 0.1967053953 0.1679463609 0.1830123787 0.1948768307 0.1496929081 0.1304496903 0.1950996735 0.1510921762 0.1361290038 0.1596900029 0.1738650750 0.2065484083 0.1511346420 0.2500379645 0.3627250283 0.4583337997 0.5657898317 0.7122794592 0.8082353370 0.8644184648 0.8650579125 0.8118330807 0.6816020424 0.6261084161 0.4276383861 0.3424477157 0.2524998207 0.2486643807 0.2280364050 0.1975037035 0.1101212763 0.1405282658 0.1850728168 0.1246500737 0.1781425501 0.2010060233 0.1897488044 0.1736097597 0.1787581737 0.1760311575 0.1601199145 0.1588986399 0.1872182587 0.2051845942 0.1740395557 0.1215328203 0.1696480452 0.1802142888 0.1849872104 0.1900684644 0.1987677667 0.2317611819 0.3253719423 0.3594969198 0.5447851727 0.7236536062 0.7621312972 0.8900808301 0.8863476178 0.8184387353 0.7521164650 0.4920804345 0.4269528586 0.3646034614 0.3145153337 0.1630205641 0.1560239505 0.1607457128 0.2110326001 0.1837186911 0.1727928321 0.1682798091 0.1786900406 0.2171133877 0.1838224687 0.1467095436 0.1962400863 0.1405724854 0.1270755992 0.1794393324 0.1310066781 0.1948553605 0.2106038466 0.1689069743 0.1925459992 0.1667985427 0.1987714018 0.2217771976 0.2221641444 0.3425216490 0.3775920009 0.4536849723 0.5459868251 0.7363579770 0.8211955284 0.8763667518 0.8910563142 0.7635058582 0.7035897918 0.5243209569 0.4662260068 0.3935048289 0.2102956319 0.2076655795 0.2360382927 0.1520758460 0.1951600615 0.1536343081 0.1232889557 0.2370886912 0.1794041212 0.1812248810 0.1856818751 0.2073640483 0.1184070704 0.2143131845 0.1367039001 0.1487142872 0.2138822728 0.1938879651 0.1993169116 0.0968160958 0.1668901181 0.2646625042 0.2133698265 0.1872229000 0.2619862490 0.2636608057 0.3393601059 0.4714423957 0.5678453684 0.6925836077 0.7932724807 0.8474471101 0.8583974928 0.8064808752 0.7045400912 0.5445494100 0.4110439249 0.2734813210 0.2890104314 0.2151788993 0.2237815183 0.1952166429 0.1594448282 0.1554165193 0.1882967783 0.1973717403 0.1950651899 0.1985157147 0.1783292573 0.1966976148 0.1718640723 0.1859143853 0.1858232347 0.1154901846 0.1951297991
0.1267984059 0.1542979719 0.1368537960 0.1824768481 0.1436562715 0.1367929317 0.1737300841 0.1651467481 0.1979086263 0.2174536304 0.2570706468 0.3768268393 0.4786526492 0.5268462158 0.6749701182 0.8004912429 0.9149891445 0.8932383932 0.8291043797 0.6133981085 0.5588718406 0.3694980237 0.2989676371 0.2211388182 0.2117706432 0.1951793325 0.2147934258 0.1314653229 0.1646080166 0.2040115749 0.1758149114 0.2212982298 0.1384070210 0.1495608211 0.1604367816 0.1568062227 0.1590208404 0.1027315329 0.1742675144 0.1492210359 0.1970530967 0.2057007686 0.1642166918 0.2074012232 0.1427436137 0.1666285676 0.1849130636 0.2246822171 0.2594441411 0.3271419973 0.4333100996 0.5715943305 0.7003362420 0.8126747031 0.9038780582 0.8619218902 0.7820618104 0.6736572705 0.5748885794 0.3832270988 0.2612296813 0.2448219502 0.1772101374 0.1907076725 0.1414833768 0.1401672224 0.1644285557 0.1630353511 0.1959550758 0.1590104670 0.2171816134 0.1640534042 0.1781316478 0.1560892583 0.1616577388 0.1881400063 0.1886066733 0.1695513944 0.1517202663 0.1694044477 0.1189794164 0.1263812301 0.1694982105 0.1992613386 0.1396463153 0.2245815984 0.2657794784 0.3092860950 0.4723003249 0.5899059770 0.6818434881 0.8511569508 0.9272050933 0.8533415318 0.7674299746 0.6804637345 0.5744085104 0.4154666512 0.2974805440 0.2799440145 0.2185583465 0.1819143618 0.2205918134 0.1568593012 0.1637936734 0.2248508201 0.1477555126 0.1847364574 0.1350892015 0.1995404488 0.2028572942 0.1533072930 0.1342082796 0.2203835407 0.1730986215 0.2429036770 0.1872383512 0.1854402634 0.1780365430 0.1815852961 0.1691950010 0.1633134703 0.2073078669 0.2319070578 0.2636814223 0.3540976327 0.4804766553 0.6244145296 0.7744810485 0.8748570094 0.9132655015 0.8280501174 0.7651108203 0.7104244823 0.5681869988 0.4243169302 0.3451105764 0.2706649226 0.2054667361 0.2404437059 0.2067261516 0.1362152226 0.1782590124 0.1288214734 0.1493746662 0.1257426770 0.2176562668 0.1561117652 0.1399065314 0.1767679920 0.1777970140 0.1656765589 0.1884363711 0.1933925235 0.1642882667 0.1601785448 0.1726956167 0.2256683778 0.1993237501 0.2050759433 0.2018157671 0.2410436102 0.2696859544 0.3749785886 0.4707338601 0.6003239303 0.7266760485 0.9012528359 0.9004177219 0.8906866626 0.7550679599 0.7404168113 0.5935115339 0.3900916206 0.3782520018 0.2910883950 0.2584612850 0.1500543246 0.1578751679 0.2314842856 0.1948080501 0.2288605993 0.1283177366 0.2173050103 0.2220813213 0.2139822231 0.1578269799 0.1550367905 0.1661524841 0.2187181367 0.1723875237 0.2029632209
0.1630091770 0.1988767662 0.2283719114 0.1892063611 0.1727120342 0.1932908914 0.2022200769 0.1942153792 0.1822675516 0.1558152808 0.2662767452 0.3555779647 0.4522877762 0.5501542473 0.6892716810 0.8226448225 0.8836163374 0.9262334610 0.7620670311 0.6581077451 0.5811886483 0.4102550762 0.3544962892 0.2786712580 0.2273441183 0.1987089228 0.1215211603 0.1760821632 0.1708297097 0.1662397542 0.1573594848 0.1546823480 0.1322184136 0.1547819403 0.1989288654 0.1235580727 0.1651616092 0.1426659084 0.1760046580 0.2503995659 0.1094215333 0.1393336561 0.1881460174 0.1642742734 0.2018488855 0.2127517622 0.1722075264 0.2071618977 0.2687215879 0.3491016351 0.4414867634 0.5496283734 0.6910157138 0.8583943752 0.8971238957 0.8706787304 0.8029615977 0.6881468806 0.5550684039 0.4678027310 0.3632897284 0.2254896391 0.2717115834 0.1393153579 0.1475586153 0.1513209104 0.1627565622 0.1666358922 0.1552695071 0.1549897962 0.1499947952 0.1669064646 0.1432888577 0.1960093016 0.1465532850 0.2053548093 0.1638953820 0.1601802969 0.1797504376 0.1734132267 0.2055098382 0.1853953702 0.1419113749 0.2029720398 0.2248589633 0.1624057887 0.2840225555 0.3273677053 0.4507620352 0.6081203476 0.7359807600 0.8388430016 0.9121254550 0.8898296029 0.7914001121 0.6954364474 0.5854913482 0.4451226675 0.3844706111 0.2870729242 0.2120425383 0.1969753096 0.1742814288 0.2150167373 0.1882266926 0.2237542019 0.1774650050 0.1744638373 0.1945137152 0.1569955846 0.1845985013 0.1933606886 0.1927123045 0.1530571630 0.1533757517 0.2296154108 0.1707689373 0.1808032783 0.1561777053 0.2066654277 0.1738397496 0.2223025358 0.1847799315 0.2114811291 0.2820579681 0.3678798919 0.4624179231 0.5955494799 0.6794234519 0.8639883128 0.9059254857 0.9296397300 0.7794019368 0.6895315809 0.5341074464 0.4502092411 0.3042863299 0.2998812284 0.2598456299 0.2295050260 0.1943230574 0.2021178194 0.1827689048 0.1815870200 0.1725741069 0.1557559317 0.1898305857 0.1706014389 0.1746772689 0.1834455669 0.2055979646 0.1698279228 0.1900879187 0.2088771173 0.2047327376 0.2141287630 0.2150712051 0.1565999770 0.1748070599 0.1645340855 0.1514819960 0.2652477016 0.3044861400 0.3405549499 0.4724064906 0.6330553061 0.7734999564 0.8099398461 0.8737175579 0.9127302791 0.7898205501 0.7012185826 0.5512298273 0.3938659584 0.3211666226 0.2408720191 0.1793409955 0.2310836021 0.1702405878 0.2151984169 0.2329553452 0.1703323794 0.1743558926 0.2181173103 0.1833945791 0.2554075353 0.2104127884 0.1567141188 0.1899608767 0.2005482131 0.1917660214 0.2175574916
0.1919636785 0.1793077352 0.2179639520 0.1917495520 0.2015202925 0.1686202101 0.1397073676 0.1984415385 0.1910498670 0.2195595542 0.3042255293 0.3719948913 0.4443219417 0.5732361075 0.7143137511 0.8553674449 0.8906654991 0.8960440660 0.7549404087 0.6596851630 0.5739165762 0.4234162556 0.3384297972 0.2506323106 0.1905454552 0.1823036064 0.1559000981 0.1428455315 0.2127144947 0.1740607091 0.1861500349 0.1639969315 0.2010000086 0.2318851753 0.1930732858 0.1571137283 0.1774014774 0.1591032809 0.1390943782 0.1463045326 0.1690701265 0.1314234466 0.1876783255 0.1929109944 0.1847571900 0.1575747446 0.1889051330 0.2053522060 0.2936060479 0.3193860315 0.4824243030 0.5782585911 0.6911218056 0.7866405724 0.8750174764 0.9304669791 0.7993398250 0.6692336653 0.5128064773 0.4193894302 0.2945782384 0.2002411053 0.1746358929 0.2114806755 0.1017366899 0.1703421677 0.2007870159 0.2257205843 0.1909918357 0.1706636529 0.1317486877 0.1572053023 0.1802698289 0.2064711938 0.2173893916 0.1895604976 0.1718379612 0.1609334830 0.1839804926 0.2242326612 0.1998589844 0.2223246261 0.2146591961 0.1927000942 0.2208918180 0.2274734577 0.2809414846 0.3479702608 0.4826045936 0.6053760902 0.7473892566 0.7894359927 0.8776554240 0.9100040093 0.7677520983 0.6795173362 0.5285048233 0.3777920987 0.3271212826 0.3080569884 0.2254087312 0.2304014555 0.1821217880 0.2073360443 0.2222812279 0.1254281294 0.1634669060 0.1728162260 0.1490760851 0.2075176724 0.1647032853 0.2252699827 0.1716842798 0.2069123741 0.1185211390 0.1768317448 0.1880846165 0.2075713995 0.2074085411 0.1879375398 0.2234624585 0.2004508264 0.1903142346 0.2173145189 0.3267106866 0.4031936929 0.4930952358 0.5631776178 0.6875780126 0.8470513081 0.9082979600 0.9246478361 0.8155204783 0.6747772125 0.5098320354 0.4495425515 0.3443643601 0.2808589660 0.2106612993 0.2111691155 0.1894245649 0.1984020191 0.1469007146 0.1640946557 0.2253495079 0.1909898797 0.1934178576 0.1921208651 0.1709894105 0.1961624954 0.1721478734 0.1808716740 0.1837461992 0.2168816226 0.1943472398 0.2081963046 0.1939209047 0.1686158071 0.1934963099 0.2157280829 0.1014490614 0.2708369640 0.3462522916 0.3727619427 0.5054040658 0.5827186198 0.7700074535 0.8510369172 0.9092153887 0.8964020443 0.7538545853 0.6641561954 0.5411261726 0.4234254435 0.3064716606 0.2514757923 0.1837619844 0.2234891090 0.2344466809 0.2093802169 0.1599425086 0.2445945059 0.1891433908 0.1625286541 0.2214646427 0.1808904026 0.2343087020 0.2204954678 0.1867424595 0.1433762361 0.2466729389 0.1633575210
0.2084446285 0.1942140883 0.1794287514 0.1881216313 0.2120178667 0.1962091434 0.1591662575 0.1715119795 0.1746600362 0.2333653311 0.2330674760 0.3498690610 0.4908601772 0.6114090644 0.7441457897 0.8448868547 0.8957792635 0.9208381040 0.8075997692 0.6976347664 0.5738167235 0.4312878103 0.2907526451 0.2401164564 0.2428981445 0.2335420344 0.1748327301 0.1582622262 0.2021270197 0.1916830048 0.1976841428 0.2186812579 0.1219747217 0.1708524388 0.1737933673 0.1481047672 0.1733718350 0.1941801360 0.1632672310 0.1870294068 0.1858798522 0.1768675605 0.1594635137 0.2087175585 0.2061203012 0.1825360578 0.1544801937 0.2223703271 0.2976869299 0.3763744051 0.4721407797 0.6400656241 0.7493852933 0.8741967525 0.9014908241 0.8528496034 0.8035023392 0.6961339031 0.5878848252 0.4040663660 0.3605655068 0.2343660506 0.1700910985 0.2671852596 0.2266948960 0.1994969081 0.1787850254 0.1985271074 0.1866928074 0.1785140856 0.1229645409 0.1725342936 0.1602636391 0.2392872732 0.1721487021 0.1488555451 0.1860697159 0.1526545122 0.2262105775 0.1699030185 0.1427662250 0.1541143173 0.1499092878 0.1864052745 0.1600983220 0.2366263408 0.2497458688 0.3536213335 0.5060786564 0.6045011737 0.8102614233 0.8477086561 0.8999883732 0.8836693269 0.8079823991 0.6690362854 0.5725496150 0.4382116099 0.3655706888 0.2801335454 0.2950174880 0.2130783085 0.1945932227 0.2242373965 0.2215557443 0.1636775885 0.1842987448 0.1646669426 0.1996973946 0.1751381315 0.1729905782 0.1639731433 0.1813902520 0.1805890340 0.2145629314 0.2012578688 0.1891163378 0.1795485174 0.1727043506 0.1628802874 0.2030155803 0.2038035132 0.2535491225 0.2905895546 0.3530672764 0.4199645101 0.4608096119 0.6459010664 0.8288915689 0.8795394205 0.8880619767 0.8787026859 0.8126659328 0.6978471998 0.5518837452 0.3856232408 0.3584368463 0.3031448094 0.2106006344 0.1875605920 0.2318086583 0.2085489210 0.1817785313 0.1268059528 0.1806464455 0.1487200831 0.2388297781 0.1541618233 0.2551942955 0.1609649229 0.1815456035 0.2123036102 0.2375832958 0.1537665336 0.1541795715 0.2212906806 0.2398395432 0.2113543744 0.2147816428 0.2293062767 0.1844664799 0.2721968368 0.2492929677 0.3789518339 0.4869921850 0.6601317249 0.7765378166 0.9000247613 0.8830989013 0.9015154887 0.8102032655 0.6819490379 0.5624418541 0.4199443814 0.3014411217 0.2838410056 0.2578528221 0.2111795461 0.2101781278 0.2052803703 0.1458747282 0.1985627225 0.2189963221 0.2539244606 0.1900285822 0.1698923538 0.2077928135 0.2475795360 0.2047278438 0.1807220058 0.1473206165 0.2011482389
0.2025630551 0.2012602058 0.1411077256 0.1332103978 0.1756066186 0.2130814091 0.2013552087 0.1899466127 0.2330432902 0.2220862566 0.3011408094 0.3979809404 0.4660185062 0.5688707535 0.7549514303 0.8431170374 0.9318053116 0.8555487406 0.8169671235 0.6985547853 0.5798576852 0.4491028485 0.3201074061 0.2156394071 0.2038652970 0.2267921495 0.1891262774 0.2090407882 0.1170338458 0.1727736220 0.1616988801 0.1404954743 0.1557042919 0.1783434742 0.1574509344 0.1497011982 0.1569776872 0.1775415984 0.1983105976 0.1914769434 0.1609494308 0.1567104413 0.1559808894 0.1495446328 0.1848016004 0.2434171894 0.2328724171 0.2433037685 0.3272577733 0.3629294971 0.4430851043 0.6098029431 0.7358957477 0.8635171096 0.9289209349 0.8812524687 0.7903554835 0.6761448119 0.5374958681 0.4911076075 0.3586922996 0.2633336821 0.2434792759 0.1924437454 0.1534270614 0.2343410977 0.1342306772 0.1885457997 0.1815357285 0.1889032526 0.1249065515 0.1588433154 0.1812443278 0.1388804725 0.1958560722 0.2275310294 0.2273087097 0.2304714560 0.2503063282 0.1788810492 0.2322814047 0.2043157741 0.1622627348 0.1564453161 0.2219058666 0.2198990812 0.3014106121 0.3936719896 0.5291595900 0.5775667354 0.7548225231 0.8809332031 0.8829150360 0.8846381103 0.7955531137 0.6874155283 0.5343085650 0.4542114188 0.3523800296 0.2675689261 0.2313454919 0.2623924744 0.1974756924 0.1995538567 0.2018576401 0.2316220321 0.1703324509 0.1956890444 0.2252759432 0.1878922082 0.1930477304 0.2195510794 0.1751737913 0.1944262029 0.2724377580 0.2216011023 0.1835515711 0.1754949052 0.2102253377 0.1779028161 0.2106353784 0.2148046836 0.2304468856 0.2922431214 0.2711919721 0.3738772265 0.5287846350 0.6954359651 0.7910908321 0.8407859978 0.9421678747 0.9324818907 0.7768333996 0.7155537109 0.5726430660 0.3704345160 0.2901216426 0.2522720944 0.2320246556 0.1869481681 0.1680660505 0.1636744007 0.1812811170 0.1848975285 0.2037508098 0.1741252979 0.2574291434 0.2577297905 0.1644831055 0.1811139930 0.2492052694 0.1325883821 0.2016478157 0.2590765495 0.1989475416 0.2339887110 0.1939692847 0.2379293941 0.1928863643 0.2336218532 0.2824621382 0.2585103214 0.3145224237 0.3618967132 0.5682821075 0.6564720599 0.7267746457 0.8346215432 0.9062043975 0.8592087985 0.7964684834 0.7350014981 0.5728105129 0.4643041224 0.3154190425 0.2850569668 0.2615619831 0.1912451701 0.1681969150 0.1820509728 0.2225389459 0.1935912372 0.2008687012 0.2428335420 0.1834600149 0.1659178676 0.2118176532 0.1717456658 0.1774756361 0.1689735141 0.2024292497 0.2470077522
0.1632429648 0.2141028271 0.2410106553 0.2196844299 0.1690923974 0.1631984022 0.1781933821 0.1653783182 0.2125738935 0.1759688314 0.3201934606 0.4057098683 0.4918977036 0.6378786190 0.7733920391 0.8514478901 0.8813244615 0.8823409467 0.7726915394 0.6851867863 0.5220960158 0.4047257016 0.3652047647 0.2706915603 0.2403490636 0.2596500918 0.2018604779 0.2220456155 0.1929891625 0.1888980064 0.2110942699 0.1769544058 0.2123486051 0.1596620130 0.1982435050 0.2205754029 0.1789306049 0.1360062793 0.1467194473 0.2000502148 0.1894670158 0.1840948870 0.1654545073 0.1469709632 0.2292071018 0.2361216091 0.1745299680 0.2543340455 0.2671213942 0.3880075519 0.5018635672 0.6439314139 0.7550431799 0.8982961145 0.8493174829 0.9035432672 0.7665880381 0.6187244631 0.5381880037 0.3971168853 0.3487612066 0.2973179212 0.2095114609 0.1753463650 0.2604837960 0.1673375456 0.2034033758 0.1905500464 0.1566294108 0.1293899975 0.1736488748 0.1466664581 0.2155891010 0.1820383748 0.1993326703 0.2064238443 0.1447471808 0.2271762849 0.1506529537 0.1798834269 0.1873658040 0.1797732257 0.1783982607 0.2399578047 0.2464277642 0.2717777733 0.3069794314 0.4055641438 0.4903887613 0.6216294796 0.7620580024 0.8516502451 0.8748216425 0.8665149678 0.8249704856 0.6792510804 0.5638948903 0.4156934176 0.3398475046 0.2434908808 0.3003685078 0.2087653751 0.2167083174 0.1471174069 0.1709052058 0.2059404658 0.2406309936 0.2032330905 0.1646684443 0.2673966449 0.1998496050 0.1786609337 0.1797618328 0.2059821406 0.2223865418 0.2055801281 0.1798183994 0.2439181983 0.1614531172 0.2065113313 0.2004585482 0.1501649347 0.2296911454 0.2385436798 0.3120515488 0.3690814293 0.5404452170 0.6891532034 0.8096594554 0.9376380465 0.9248079526 0.8559095222 0.7946477824 0.6735176842 0.5673890012 0.4025484484 0.3506709953 0.2447670834 0.1914183164 0.2075604712 0.2389610614 0.1837438308 0.2194429686 0.1657203387 0.2139814103 0.2110623529 0.1553311454 0.2120002569 0.1779916346 0.2062863200 0.2390913732 0.1847958108 0.2073026966 0.1649375763 0.1866627916 0.2022812425 0.1865880007 0.2407216934 0.1754613352 0.2397905947 0.1968064346 0.2439298894 0.2927430935 0.4557515281 0.5085632870 0.5982432094 0.8256834696 0.8600638511 0.9272174324 0.9045938046 0.8291027677 0.7041233525 0.5699330143 0.3941721658 0.2881607424 0.2687147621 0.2127691941 0.2297215100 0.2109804819 0.2065503816 0.2258585903 0.2010261582 0.2331939240 0.1911396284 0.1844182367 0.2190187389 0.2271647046 0.1506824419 0.2370252899 0.2055527461 0.1924704483 0.1997042668
0.1474133755 0.2210846369 0.2047845788 0.1568680247 0.1811838136 0.1676141896 0.2286264966 0.1605224262 0.2217011384 0.2095329896 0.2910239171 0.3099519171 0.4819978601 0.5817911576 0.7402677495 0.8511847394 0.9303269760 0.8690538449 0.8172655934 0.6403232882 0.5461974390 0.4144110003 0.3124997715 0.2236567572 0.2029446673 0.2161607346 0.1512756445 0.1619652394 0.1951414662 0.1855534871 0.1806188610 0.1431865552 0.1803574980 0.1650370259 0.1908248008 0.1627511709 0.1705608028 0.1745491212 0.1979167655 0.1713243790 0.1666733730 0.2249573103 0.1732898643 0.1957977128 0.1726721493 0.2203625688 0.2053473517 0.2428547806 0.3284763050 0.3702963350 0.5295653289 0.6600999873 0.7833400192 0.8316877732 0.9231880300 0.9020365918 0.7498074042 0.6551962944 0.5727331663 0.4404168878 0.3263390773 0.2815277044 0.1598132363 0.1991870538 0.1630952530 0.2202581784 0.1898286031 0.1735714354 0.2242712255 0.1834060411 0.1931340123 0.1556527031 0.1860157595 0.1730668706 0.1540533365 0.1968159543 0.1680706667 0.1953185839 0.1951855130 0.1883960854 0.1652747735 0.1766623489 0.1904767517 0.2285469512 0.2205403313 0.3068928004 0.3332481077 0.3897707024 0.4389713618 0.6061641369 0.7455729172 0.8631495450 0.9045040167 0.8735911058 0.7639451780 0.6966901004 0.5467636820 0.4150843612 0.3657102316 0.2410191306 0.1938946204 0.1559873731 0.1318638218 0.1590247916 0.1979344725 0.2043218733 0.1457885122 0.1998661990 0.2293181011 0.1577876081 0.1907010984 0.1651877761 0.1396950404 0.1833505782 0.2362914788 0.1560289208 0.1989434716 0.1986323261 0.1827000364 0.2097595483 0.2196722253 0.2049170629 0.2376174883 0.2138632068 0.3158418193 0.4240493082 0.5168973033 0.6256774260 0.7880364934 0.8546500168 0.8851051876 0.8873366833 0.8129924927 0.6502058250 0.5069474564 0.4203660712 0.3297928632 0.2397092585 0.2820779711 0.1982297358 0.1759411118 0.2064691039 0.2049078292 0.2483899477 0.1776784441 0.1977657698 0.1699545740 0.1634531099 0.1966783055 0.1952057205 0.1893396947 0.1844727092 0.2552381192 0.2386764170 0.2169321800 0.2130583573 0.2252545285 0.1600577854 0.2060904256 0.2246924023 0.2257652279 0.2845589535 0.3102379435 0.4085563096 0.5122052591 0.6443967892 0.7546727437 0.8477570177 0.9043063344 0.8688555942 0.8138810637 0.6438253147 0.5491976273 0.4327150836 0.2411992222 0.2395348288 0.2528182975 0.2060183129 0.2072204605 0.2168447387 0.2522389856 0.2436124231 0.2033429264 0.1853142080 0.2518647795 0.2271112359 0.1737168762 0.1925835743 0.1669761935 0.1951087681 0.2118476730 0.1710902794
0.1937179912 0.1271323920 0.2162732980 0.1554057711 0.1983947489 0.1443695734 0.2234306315 0.1625258776 0.2076994385 0.2094645377 0.2496228768 0.4258706603 0.4711512679 0.6159842829 0.7719163986 0.8226034851 0.8989290146 0.8920387339 0.7862152765 0.6991119541 0.5394661692 0.3673346226 0.2802417255 0.2043094081 0.2102582167 0.2336409456 0.2035297914 0.1435990184 0.1621960516 0.1614877667 0.1766587262 0.2163516237 0.1454465289 0.1801037551 0.1704891026 0.1889365607 0.1649683522 0.1855295720 0.1733154665 0.1634156992 0.1552209309 0.1912960943 0.1962846604 0.1862760582 0.1920416003 0.1942753308 0.1818344983 0.2609441084 0.3061179377 0.3902288573 0.5011668146 0.5681754160 0.7753397244 0.8233429422 0.9109729240 0.8903810880 0.8531180654 0.7084644790 0.5161150529 0.3725991145 0.3166128136 0.2988478055 0.1903089637 0.1938297898 0.2013871527 0.1773241377 0.1741529215 0.1772680682 0.1524015358 0.2126287411 0.1813522088 0.2108916491 0.1565383213 0.1714588019 0.1981115986 0.1951738666 0.1779736808 0.1480801378 0.1994306244 0.1380564857 0.2039970142 0.1475612576 0.1557276968 0.2315524220 0.2622977344 0.2772305488 0.3004502935 0.3862930933 0.5245164912 0.6473768109 0.7619429678 0.8389767758 0.8656041872 0.8955532236 0.7901624767 0.6617260047 0.5165744586 0.3885447121 0.2922041176 0.2685202500 0.2151883355 0.2209856348 0.1888203377 0.1735730378 0.2108658256 0.2474498297 0.1679550795 0.1676759526 0.1964336556 0.1605362223 0.1775424274 0.1954009490 0.1618026314 0.2035462076 0.2059006112 0.2517766000 0.2562180331 0.1050274588 0.1856895543 0.2008798116 0.1832948278 0.1589291566 0.2338927671 0.2244310604 0.3297244428 0.3694190833 0.5466756364 0.6339104071 0.7700562295 0.8263748427 0.9121649181 0.8400974511 0.7927277324 0.6876271311 0.5577884886 0.4139516165 0.3341803834 0.2527299595 0.2050241640 0.1999276688 0.1491696573 0.1780380018 0.1909493864 0.2287937240 0.2052711441 0.2176639012 0.1910033498 0.1530686434 0.2032556457 0.1566775486 0.1846951457 0.1880457212 0.1654882468 0.1861562187 0.1982925456 0.2229122485 0.2254876988 0.2420008016 0.2324208528 0.1710658995 0.2263452450 0.2456615290 0.2979338409 0.4271535589 0.5626939932 0.6193666010 0.7797103757 0.8952279826 0.8313837226 0.9163577688 0.7373293946 0.6859735895 0.5325867593 0.4381230719 0.3252188648 0.2448907484 0.2315713491 0.1757612680 0.2020314730 0.1853080855 0.2396996478 0.2160766658 0.1711278398 0.0983631879 0.1908107846 0.1418947545 0.2315419775 0.1577098860 0.2014677921 0.2282443705 0.2049354277 0.1896343081
0.1637067111 0.1540737577 0.1560598130 0.1275469074 0.1929882312 0.2062043940 0.1936495620 0.1782513678 0.1839387851 0.2092240289 0.3108931773 0.3328774865 0.5001567423 0.6033016735 0.7511665018 0.8088284739 0.9320904241 0.8630486017 0.7410821901 0.6650471229 0.5166407666 0.3841670090 0.3011277853 0.2349127671 0.2237851157 0.1754584348 0.1671390209 0.1870501801 0.1576407312 0.2079278233 0.1232003763 0.1769430712 0.1459652740 0.1873578036 0.1822333384 0.1603893105 0.1750106786 0.1657608116 0.2215302194 0.1560760702 0.1737477367 0.1550689029 0.2026790373 0.1333811138 0.1557896886 0.2002659013 0.2023409444 0.2486970331 0.3378308578 0.3513857099 0.5386591846 0.6215299502 0.7275086535 0.8070792205 0.8828777271 0.8806485812 0.8016575594 0.6583963291 0.5154918086 0.4089326718 0.3242502633 0.2675913627 0.2132186689 0.1960757578 0.1399601375 0.1873975377 0.1469418436 0.2255258698 0.1619946559 0.1443203503 0.1479590800 0.1651014017 0.2014192074 0.1731600838 0.1999742206 0.1676216568 0.1682431776 0.1614137745 0.1845320318 0.2233268227 0.1740544462 0.1398825261 0.1503696462 0.1834491784 0.2479020424 0.2419453654 0.2729441747 0.3736671258 0.4605102273 0.6370769935 0.7463932052 0.8861912182 0.9208114443 0.8354742039 0.7707894911 0.6598206490 0.5283070295 0.3972222260 0.3361496031 0.2500725706 0.1614261296 0.1388602271 0.2055792255 0.2101831471 0.1830089619 0.2045703547 0.1419895941 0.2020407188 0.1606061957 0.1504978199 0.1842421737 0.1509558374 0.1960849298 0.2007375973 0.1919935853 0.2086352986 0.1806283306 0.1914504510 0.1447856823 0.1825468099 0.2018711484 0.2107756099 0.2036036321 0.3118302590 0.3112515091 0.3755201882 0.6019871283 0.6161535852 0.8030333315 0.8453686406 0.8736894385 0.8496208852 0.7932017818 0.6277411023 0.5077814310 0.4374205781 0.3178490857 0.2838226344 0.2371698731 0.2480040390 0.1644579984 0.1958809123 0.1528068508 0.2080213485 0.1409646964 0.1901293255 0.1893979995 0.1636133625 0.2149968230 0.2116125509 0.2193885274 0.2447746843 0.1602081352 0.1996303965 0.1526306509 0.1824429303 0.2073505359 0.1539140059 0.1851149104 0.2308593517 0.2125248224 0.2786380007 0.3137536181 0.4262354761 0.5154910105 0.6433162670 0.7732747048 0.8585689008 0.8587921121 0.8253858418 0.7955331971 0.6706521511 0.5200075433 0.3871308843 0.2887392133 0.2798270165 0.2236843442 0.2251871905 0.2206127239 0.1816884593 0.2276193804 0.1656038294 0.2201576337 0.1733330276 0.2251266631 0.2027358638 0.1739447380 0.1896361576 0.1632193803 0.1932534659 0.1521523038 0.1770920564
0.1475347179 0.2143706046 0.2022763396 0.1502277622 0.1912482650 0.1556919695 0.2244698995 0.1735426266 0.1809727650 0.2312633428 0.3250188049 0.3597990023 0.4727635342 0.6145542851 0.7625600500 0.8404136574 0.8819905194 0.9090549242 0.7483694800 0.6528863974 0.5081441833 0.3796389748 0.3235218088 0.1904307523 0.2139708286 0.1750501179 0.1875977300 0.1366111183 0.1694891005 0.2131097813 0.1826679310 0.1471034727 0.1806136961 0.1824178576 0.1492393168 0.1956640851 0.1931543927 0.1772385202 0.1872068609 0.1999532317 0.1851955334 0.1585367261 0.1564059053 0.1529293357 0.1687252768 0.1829654029 0.2279545329 0.2692301748 0.2615177177 0.3603706488 0.4970302123 0.6207392179 0.7602474613 0.8720990834 0.8665003169 0.8560570262 0.7764987036 0.6046500538 0.5334299445 0.3486663445 0.2810324593 0.1614066554 0.2275143057 0.1845557270 0.1637663499 0.1724295555 0.2146326698 0.2040494967 0.1551534444 0.1898772953 0.2027254308 0.1771830014 0.2106472095 0.1682283124 0.1526115985 0.1935216199 0.2035753484 0.1297890377 0.1950278049 0.1814999216 0.1497100801 0.1933840766 0.2027742145 0.1457065157 0.1788571620 0.2050101002 0.3360390817 0.3999947426 0.5058586213 0.6424714397 0.7156983798 0.8257764346 0.8673186993 0.8721956543 0.7370148159 0.6399194404 0.4543709138 0.4024373397 0.3557658165 0.2245339034 0.2060579909 0.2245894789 0.1696647185 0.2098968257 0.1609289315 0.1705949496 0.1519026612 0.1904890680 0.1632100052 0.1430819741 0.1660358078 0.2161223819 0.1022909238 0.1305996523 0.1940686459 0.1568645545 0.2040130599 0.1785150862 0.1924105403 0.1869097436 0.1874264360 0.1753423158 0.1746214104 0.2702379776 0.3297014400 0.4263074672 0.5434337168 0.6259701048 0.7403741102 0.8351960895 0.9331253536 0.8212872513 0.7407525342 0.6441356625 0.4884442044 0.3328772975 0.2789977502 0.2488913108 0.1938973494 0.2229964255 0.1276199347 0.1704655214 0.1893500926 0.2329612496 0.2097659658 0.2128643367 0.1747459067 0.1704423561 0.1746130283 0.2038000507 0.2124821086 0.1609753849 0.1487131268 0.1808615186 0.1596847488 0.1401510376 0.1828959452 0.1751578443 0.2116514151 0.2402935483 0.2196554687 0.2779018218 0.2977885639 0.3805827767 0.5355317580 0.6550289412 0.8046329689 0.9054892311 0.8841740277 0.8363542402 0.8142261077 0.6560680338 0.5592535749 0.3979035661 0.3198285412 0.2637913453 0.1708447338 0.2018184347 0.1694226206 0.2229118447 0.1414524111 0.1636255870 0.1407465780 0.1701077210 0.2422773480 0.1616858145 0.1819547831 0.1660765254 0.1879915675 0.1867741728 0.1702513137 0.1812668533
0.1351458784 0.1979307224 0.1727244017 0.1066095011 0.1504783222 0.2084731974 0.1966758557 0.1826143957 0.1472586447 0.2484993777 0.2747935058 0.3841309120 0.4460737243 0.6474951201 0.7402170524 0.8953647797 0.8606698461 0.7982577024 0.7663367485 0.6789749437 0.4797684463 0.3604690669 0.3013407330 0.2003053913 0.2051233349 0.1996980669 0.1629912650 0.1715511839 0.1718125295 0.1893671245 0.1136882557 0.1313184121 0.1263131463 0.1577832332 0.1610293901 0.1603078263 0.1628395514 0.2017009761 0.2157193576 0.1557598346 0.1021401372 0.1911805096 0.1536608319 0.1630353024 0.1415535198 0.2190745535 0.2071300557 0.2073240805 0.3185137141 0.3806885986 0.4364675102 0.6084392469 0.7710114839 0.8376764980 0.8628014561 0.9005302446 0.7801423126 0.6223114142 0.5135983763 0.3669394199 0.2751895598 0.2325705001 0.1720737942 0.1806241598 0.1357690799 0.1927567221 0.1803247904 0.1532782233 0.1428152867 0.1423319340 0.1733617574 0.1509244429 0.1657183899 0.1831016683 0.1576848075 0.1893512421 0.1687541485 0.1378400026 0.1874679490 0.1598844803 0.2001792882 0.1402452062 0.1962994826 0.1038769553 0.2154456756 0.2503246591 0.2604212087 0.3970263819 0.4911369312 0.5934501271 0.7114735593 0.8628038943 0.8630084394 0.8620525799 0.7077178900 0.6085545443 0.4884057979 0.3975372995 0.2764491447 0.2317154243 0.2099937131 0.1509506476 0.1728145849 0.1946376495 0.1278573780 0.1888736764 0.2033275088 0.1680674490 0.1619673350 0.1391590982 0.2027633238 0.1372103960 0.1649975957 0.1280448116 0.2080449609 0.1666730997 0.1530321030 0.1616470308 0.1570410789 0.1386197024 0.1690582474 0.2154136129 0.1950050072 0.2539772690 0.2916638053 0.3289431320 0.5077595066 0.6499869952 0.7546617241 0.8564859347 0.9067774210 0.8043956993 0.6840531911 0.6434636728 0.5072031902 0.3625071802 0.2946887308 0.2492772345 0.2246678905 0.2025380426 0.1485264194 0.1910530000 0.2087190173 0.1628760136 0.1858035980 0.1932226438 0.1445574964 0.1629590715 0.1297271155 0.1824070156 0.1549694451 0.1699515181 0.1982986415 0.2447778244 0.2151742291 0.1646322477 0.1966814371 0.1805978024 0.1958798428 0.1728415138 0.2079029776 0.2597881518 0.3127860133 0.4219163669 0.5266914837 0.6273390691 0.7707671626 0.8497674487 0.9413546667 0.8339159722 0.7458471270 0.5985765357 0.5547943852 0.3983186664 0.2938251982 0.2504586315 0.2160548802 0.1907355737 0.1505667096 0.1632941811 0.1734197823 0.1373910614 0.1819540801 0.1811377406 0.2228882804 0.1564515719 0.1795168838 0.2004337878 0.1635581150 0.1815530656 0.1312790121 0.1734385307
0.1313698550 0.1407538215 0.1556845411 0.2109833333 0.1507762476 0.1335636329 0.2042521565 0.1540061467 0.1932462315 0.2358817654 0.3035194169 0.3441416694 0.4542260849 0.6027114185 0.7357974891 0.8067029740 0.8405735875 0.8819118714 0.7754229196 0.6074920955 0.5109307437 0.3901511470 0.2827572072 0.2207592679 0.1783517146 0.1997282101 0.1626248930 0.1294629933 0.1619657525 0.1590481646 0.1369471889 0.1673500264 0.1188400623 0.1414196951 0.1753753659 0.1368211333 0.1606233073 0.1735047543 0.1492648795 0.1156376928 0.1403919626 0.1256488794 0.1378702375 0.1276126060 0.1581338383 0.1830312993 0.2160973129 0.1954755659 0.3315359800 0.3504888953 0.4967795943 0.6054475104 0.7409450839 0.8386114225 0.8686760498 0.8255554055 0.7062016089 0.6102216946 0.5260472261 0.3283955119 0.3185023866 0.2293080351 0.1639592057 0.1303378183 0.1467353020 0.1825125525 0.1303324511 0.0964401495 0.1403480880 0.1375973602 0.1686004390 0.1721422122 0.1750875178 0.1497676114 0.1695319517 0.1426384511 0.1558200447 0.1702270638 0.1556849744 0.1411248758 0.1763133543 0.1409546292 0.1520660397 0.1527393818 0.1677166483 0.2337388068 0.3047225574 0.3986829427 0.4800978201 0.6386899533 0.7482003280 0.8056756730 0.8736652274 0.8394610841 0.7594768423 0.5447425877 0.4584521024 0.3369324400 0.2933070564 0.2016749968 0.2161034515 0.1817571270 0.1738457529 0.0970068309 0.1534806540 0.1900737326 0.1438217455 0.1436421961 0.1646558652 0.1653670875 0.1522570755 0.1592529702 0.1313825475 0.0990208629 0.1725236194 0.1300640785 0.1793185652 0.1859899911 0.1035504148 0.1196277312 0.1819271857 0.2221795046 0.1911544578 0.2359503959 0.3258532068 0.3606437446 0.4801529235 0.6686804984 0.7660866862 0.8863996249 0.8192573723 0.8821913921 0.7569399811 0.6211191580 0.4446461185 0.3878095599 0.2594650606 0.2583781517 0.1827470674 0.1749083790 0.1535808466 0.1547240211 0.1626718904 0.1967480176 0.1808209355 0.1660712789 0.1521189749 0.1424580750 0.1176831418 0.1836991973 0.1701570882 0.1968664063 0.0981703360 0.1455894573 0.1708138747 0.1206058182 0.2122713325 0.1710564631 0.1557923605 0.2101572190 0.1803858577 0.2271250771 0.2848605443 0.4257256701 0.4978095698 0.6274204092 0.7525109495 0.8506280071 0.8489384323 0.8179774849 0.7781617165 0.5988493577 0.5158733535 0.3703676156 0.2504624800 0.2053916298 0.1383726475 0.1462897397 0.2033848472 0.1872251486 0.1211848504 0.1287220072 0.1209131286 0.1543934457 0.1956059819 0.1461700203 0.1769887779 0.1876785670 0.1609300730 0.1513803990 0.1871565664 0.1728102451
0.0986464429 0.1512924525 0.1467121849 0.1250444162 0.1259791500 0.1673760605 0.2145511351 0.1948352662 0.1863411348 0.1905192808 0.2719829847 0.4044554624 0.4735256682 0.5854318974 0.7876325480 0.8247478404 0.8531836631 0.8095724895 0.7320705179 0.5782211219 0.4589761212 0.3446536662 0.2445842895 0.1769773672 0.1914846802 0.1254296234 0.1258872436 0.1491482373 0.0929150100 0.1506392003 0.1320392922 0.1377531599 0.1851691452 0.1623999386 0.1354695609 0.1306412302 0.1994437142 0.1450303018 0.1589432055 0.1268559651 0.2073060948 0.1319552499 0.1295748665 0.1061786396 0.1311114846 0.1296488686 0.1431743877 0.2185967401 0.2956593359 0.3755822747 0.4866767091 0.5814566620 0.7206025995 0.8396340976 0.8666242858 0.7781943936 0.7134627093 0.6017064587 0.4930855449 0.3541223787 0.2703097062 0.1959742797 0.1837703824 0.1686808239 0.1412810589 0.1429541969 0.1210322160 0.1509800784 0.1575965435 0.1748069549 0.1133603432 0.1262635541 0.1810217006 0.1534898950 0.1513566010 0.1460505808 0.0775595874 0.1231568476 0.0958903875 0.1141141468 0.1946106275 0.1547327453 0.1221255500 0.1754389361 0.2393645754 0.2245703414 0.3059796670 0.3663340804 0.5531846829 0.6378918172 0.7420675657 0.8358627937 0.9138424653 0.7739417388 0.7050107545 0.5736862039 0.4513685140 0.3433041451 0.2342487245 0.2131345096 0.2427685282 0.1454727971 0.1484247908 0.1624045072 0.1678156011 0.1384093086 0.1560158505 0.1186995296 0.1815489148 0.1482358203 0.1658099530 0.1083258230 0.2035447909 0.1402562913 0.1188720812 0.2113756564 0.1642457811 0.1154725383 0.1665165136 0.1181669292 0.1897840777 0.1415320370 0.2050810250 0.2040770482 0.3259967790 0.4149293617 0.4808528676 0.6380280231 0.8025107669 0.8783326225 0.8529618962 0.8758810994 0.7401418079 0.5749663296 0.4670312729 0.4014673884 0.2785138426 0.2158049572 0.2951682899 0.1909933705 0.1705006771 0.1770360398 0.0864138234 0.1355592421 0.1382530417 0.1216329473 0.1907744110 0.1783691521 0.1790473626 0.2071263158 0.1576988746 0.1625050925 0.1359594366 0.1662525499 0.1705408125 0.1571741092 0.1588835029 0.1417459515 0.1532649581 0.1631126432 0.1746955922 0.2051863125 0.2950027523 0.3960865778 0.4980341028 0.6594031431 0.7404629432 0.9038317491 0.8568700648 0.8124793396 0.7336155595 0.6229466378 0.4664189731 0.3457892166 0.2695457435 0.2365265643 0.1508114868 0.1663773168 0.1583317685 0.2013839766 0.1613180695 0.1931657925 0.1688513539 0.1800507507 0.1484520869 0.1615897104 0.1804871091 0.1775333246 0.1921011812 0.1461519410 0.1682456847 0.1225952049
0.1257651482 0.1007352360 0.1394970444 0.1231175914 0.1015472032 0.1632013935 0.1324349781 0.1398198131 0.1661604796 0.2275733056 0.2222772620 0.3446997018 0.4942897710 0.5995052750 0.7151221265 0.8632329850 0.8334520477 0.8314906233 0.7521065703 0.6136371875 0.4891684854 0.3064065039 0.2628019530 0.2147457175 0.2020395305 0.1397761351 0.1334899226 0.1671110463 0.1712688206 0.1248700731 0.1194032319 0.1549196349 0.1130036713 0.1270618456 0.1302608202 0.1467203605 0.1446627726 0.1277867304 0.1274056262 0.1152001795 0.2228103009 0.1583458572 0.0977462486 0.1080825064 0.1551499884 0.1369252398 0.1579153929 0.1680318511 0.2652730285 0.3910154294 0.5423555695 0.6499321901 0.7528610863 0.8355772850 0.8857605248 0.8404534320 0.7230960880 0.5906639641 0.5159899407 0.3857693167 0.2957749790 0.2131462305 0.1301486342 0.1548097181 0.1868899004 0.1112991204 0.1494363907 0.1281519633 0.1220536014 0.1208995620 0.1611591493 0.1488889447 0.1493446565 0.1477675582 0.1366167140 0.2054166071 0.1642005871 0.1993759602 0.1642011659 0.1785598632 0.1779784326 0.1358130713 0.0993183733 0.1715548908 0.1377756790 0.2322018207 0.3335990630 0.3371477360 0.4617301055 0.6205329961 0.7393538924 0.8346744400 0.8662949705 0.7918278676 0.7298542488 0.5951909111 0.4294438893 0.3251722088 0.2677115565 0.2190079326 0.1713667826 0.1654159159 0.1146828139 0.1457283373 0.1367979198 0.0916795854 0.1445531368 0.0880211485 0.1166932226 0.1400261881 0.1169679023 0.1477304821 0.1442648758 0.1753878590 0.2094703876 0.1669822550 0.1431663385 0.1756254753 0.1484001972 0.1330813557 0.1357372676 0.1595613701 0.1932672665 0.2281732692 0.3402541358 0.3735878940 0.4980016104 0.6775701421 0.7888761509 0.8297180766 0.9057991587 0.8045930701 0.7566339698 0.5637785599 0.5010730261 0.3371610381 0.2539258137 0.1944780495 0.2444435132 0.2053316297 0.1346835040 0.1176130341 0.1475086147 0.1733101328 0.1528716865 0.1968939216 0.1500768703 0.1634878603 0.1707661696 0.1647629156 0.1506103455 0.1681438062 0.1469978604 0.1436093986 0.1946108887 0.1444655860 0.1524581464 0.1871234153 0.1085964187 0.1917129133 0.1986841366 0.2074399330 0.3213567438 0.3970977903 0.5119168686 0.6652851927 0.7210575040 0.8752738186 0.8815593233 0.8300084167 0.7107174932 0.5534925270 0.4113958404 0.3691881068 0.2631656437 0.1424965040 0.1968494056 0.1922463966 0.1783381776 0.1479561481 0.1748872041 0.1727561292 0.1980208894 0.1632166641 0.1895609758 0.1735680745 0.1536322480 0.1241257634 0.1463128731 0.1974444994 0.1560459491 0.1779347095
0.1639835100 0.1193693803 0.1757411344 0.1021309272 0.1202102721 0.1146358954 0.1259778369 0.1614470116 0.2058637236 0.2140553917 0.2862459525 0.3327462236 0.4731082926 0.6123597573 0.7685139317 0.7918316632 0.8945521610 0.8512497566 0.7136760819 0.6078185212 0.4383918896 0.2772676303 0.2217540842 0.1551807851 0.1444980743 0.1270506070 0.1883697761 0.1479760106 0.1193420485 0.1771972808 0.1665791128 0.1377638241 0.1367821952 0.1571387157 0.1063449354 0.1377705835 0.1383278518 0.1690313605 0.1181969348 0.0880654901 0.1614830726 0.1483776517 0.1131064544 0.1020855825 0.1429228889 0.1468783589 0.1250723798 0.2179395937 0.2912982887 0.3996250358 0.4972274886 0.6367042005 0.7901058907 0.8234933644 0.8500639769 0.8338268195 0.6919097228 0.5400037013 0.4070258692 0.3721999593 0.2815702313 0.1636995398 0.1893831547 0.1059432327 0.1267991752 0.1233681828 0.1295249245 0.1622349248 0.1122542730 0.1604544666 0.1280774218 0.1085611256 0.1393726512 0.1342676254 0.1019295926 0.0957558664 0.1799964371 0.1455675716 0.1656321843 0.1782965509 0.1326664761 0.1263354223 0.1876570222 0.1308179706 0.2053282781 0.2566606271 0.2731742202 0.3773010055 0.4967038755 0.6653679764 0.7682277535 0.8446921620 0.8541014157 0.8316920805 0.7312184082 0.5260042417 0.4509357957 0.3210039647 0.2458286290 0.2218697771 0.1785625573 0.1235592175 0.1738157238 0.1945350841 0.1360004039 0.1334090575 0.1057712311 0.1352368604 0.1455915479 0.1725761833 0.1331360340 0.1187380768 0.1531766115 0.1396775618 0.1603563383 0.1488379205 0.1369173529 0.1741960822 0.1616631223 0.2234091198 0.1297659260 0.1578724201 0.1618050983 0.1840119371 0.2552223805 0.4156283955 0.5310732374 0.6214520985 0.7997348526 0.8388125324 0.8633171655 0.7918347783 0.6602830042 0.5753778828 0.4182186729 0.3366298877 0.2483801180 0.1881591290 0.2066925511 0.1611892035 0.1857725815 0.1380883492 0.1683794359 0.1558194371 0.1687549636 0.1843538032 0.1594665113 0.1310600917 0.1264692429 0.1364904771 0.1363281511 0.1250007332 0.1551287446 0.2116276939 0.1566112632 0.1765310848 0.1416278646 0.1217263245 0.1787497979 0.1964199080 0.1711616261 0.2197019932 0.2851835690 0.4566708217 0.5543420275 0.6776899932 0.7930575979 0.8380181268 0.8406994229 0.7975181265 0.6912063945 0.5917282164 0.4630690823 0.3556260087 0.1886414264 0.2014760766 0.1320960598 0.1498274735 0.1848730829 0.1439497839 0.1771415021 0.1682658574 0.1378199499 0.1804518760 0.1494707137 0.1395141050 0.1594673251 0.1472226329 0.1410326927 0.1260992087 0.1879036360 0.1641599855
0.1494597563 0.1916305796 0.1678107496 0.0717808631 0.0964067452 0.1182407954 0.1989560063 0.1636185918 0.1725333880 0.2269427899 0.3099133659 0.3440303938 0.5078327943 0.5889466399 0.7756789173 0.7769370646 0.8876773562 0.7744883875 0.7183221953 0.5683118896 0.4610843937 0.3434391968 0.2071123367 0.2069873142 0.1619478617 0.1286449855 0.1520797510 0.1689752656 0.1968452675 0.1543602928 0.1391192425 0.1355508607 0.0889632211 0.1006308636 0.1197601699 0.1188399945 0.1386078936 0.1178415817 0.1420758657 0.1918215177 0.1414634744 0.1293223725 0.1511491307 0.1226154416 0.1754739130 0.1078244799 0.1825199077 0.1726901070 0.3010966968 0.4608382129 0.4755492676 0.6373677038 0.7467086794 0.8105396889 0.8818430038 0.8300126536 0.6618532446 0.5382140447 0.4473500095 0.3252351033 0.2433173448 0.2129989932 0.1285734157 0.1355464679 0.1315530170 0.1330567987 0.1368889461 0.1764744612 0.1582352813 0.1372453192 0.1329741736 0.1745277311 0.1435301820 0.0949521347 0.1014863279 0.1526350963 0.1238549443 0.1218699832 0.1195015191 0.1842747778 0.1184961219 0.1753505927 0.0874792980 0.1550576656 0.1553322934 0.2014432662 0.3046836467 0.3716469362 0.4687053256 0.6236125380 0.8253058073 0.8080313812 0.8329689755 0.8061993776 0.7145118487 0.5861159498 0.4472400041 0.3113689936 0.2575168603 0.1863303017 0.2076810148 0.1919752183 0.1439076346 0.1245154157 0.1247426225 0.0895673866 0.1256585697 0.1112572750 0.1664765548 0.0938134182 0.1508630901 0.1604510868 0.1185776785 0.1582048926 0.0916176972 0.1367773648 0.1767428070 0.1148733104 0.1414347626 0.1429667573 0.2090224667 0.1454756161 0.1397005448 0.2159927254 0.2604623580 0.3824568382 0.4848249052 0.6351956323 0.7624474889 0.8243713268 0.9004179981 0.8105984219 0.7283253171 0.5101871725 0.4510932492 0.3421880134 0.2450088650 0.2264085786 0.1762435299 0.1492883767 0.1341010355 0.1344486280 0.2116757153 0.1203172380 0.1322718726 0.1599061337 0.1184771557 0.1422494998 0.0770080746 0.1267074524 0.1667383620 0.1873764439 0.1445587619 0.1668053178 0.1623082046 0.0785777814 0.1445124685 0.1581069888 0.1343911502 0.2025466612 0.2709979200 0.2046584797 0.3223888960 0.3997985330 0.5434836220 0.6601100587 0.8229903436 0.7930920532 0.8881014636 0.8371502731 0.7041437331 0.5819867670 0.4775745372 0.3502135675 0.2526742536 0.2355464312 0.2278694165 0.1396098979 0.1770324578 0.1584447435 0.1408192027 0.1779906644 0.1190671657 0.1047926105 0.1567805935 0.2532501758 0.1351167041 0.1721546654 0.1252611181 0.1590515644 0.1697864174 0.1657912042
0.1291904022 0.1604748915 0.1609588877 0.1843844898 0.1797156495 0.1830370317 0.1119351503 0.0956767190 0.1371562467 0.2073840569 0.3085248673 0.3777065801 0.4727654822 0.6523647163 0.7457006752 0.8232753536 0.8694852655 0.7924350972 0.7502497229 0.6135327468 0.4394699775 0.3170850477 0.2475405465 0.2337410596 0.1596490014 0.1870709531 0.1186092726 0.1823059611 0.1273743472 0.1268101224 0.1581956159 0.1039146685 0.1392548925 0.1241970030 0.1149996694 0.1524827845 0.1425559377 0.1454267383 0.1069413983 0.1696951426 0.1147304582 0.1339174981 0.1768779095 0.1840521651 0.1319249865 0.1504258224 0.1609126002 0.1982505900 0.3109014728 0.3598156305 0.5176591105 0.6716652435 0.7412072279 0.8713853162 0.8466036728 0.8120045803 0.7177888526 0.5958258812 0.4143043995 0.3088684347 0.2691122235 0.2281798550 0.1351365844 0.1449903288 0.1764870858 0.1773786298 0.1545694634 0.0956357111 0.1175536211 0.1660219751 0.2004332741 0.1110000362 0.1208390530 0.1364281930 0.1423585954 0.1244405655 0.1972393732 0.1401928345 0.1364134947 0.1415914043 0.1023530338 0.1952074357 0.1074182886 0.1861355375 0.1582156943 0.2173153355 0.3189067069 0.4061257021 0.5471527268 0.6482305954 0.7471996884 0.8449744337 0.8683566869 0.8396970762 0.6818957644 0.6104921071 0.3801629988 0.2914131375 0.2829177616 0.1606008425 0.1910627349 0.1218711708 0.1593934704 0.1890234201 0.1446243307 0.1326614641 0.0957433177 0.1923976481 0.1397844180 0.1261586801 0.1283343594 0.1526708188 0.1845621222 0.1584598457 0.1556273176 0.1134760185 0.1843552901 0.1064247549 0.1164242271 0.1319806645 0.1502691662 0.1463343113 0.2476768947 0.2368650670 0.2677661237 0.4100773358 0.5027115294 0.6401406805 0.7410524649 0.9014247607 0.8398534282 0.8479298835 0.6586079949 0.5935097169 0.4300544721 0.3648906093 0.2630855813 0.1957567121 0.2188104147 0.1641547101 0.1245733321 0.1116900883 0.1525003087 0.1727459658 0.1437239294 0.2058827131 0.1787398889 0.1836713824 0.1625638886 0.1258379766 0.1301039016 0.1955030407 0.1615757669 0.1394504625 0.1371707572 0.0912374201 0.1774790325 0.1548829618 0.2244836395 0.2014408007 0.2198699798 0.2194860074 0.3036089973 0.3944869791 0.5347990329 0.6553876258 0.7991662337 0.8309855520 0.8755479513 0.8192569207 0.6791425807 0.6035089255 0.4358210599 0.3708903007 0.2647772674 0.2245623699 0.1816543910 0.1729959579 0.1084937145 0.1675285877 0.1694005187 0.1800222529 0.1139697949 0.1686312599 0.1819788066 0.1331885127 0.2120538261 0.1612184275 0.1280755043 0.1907564015 0.1979020658 0.1494189739
0.1076145648 0.1573615859 0.1629435641 0.1245951694 0.1811231261 0.1419021636 0.1907123253 0.1625297066 0.1597921471 0.2166567156 0.2590786571 0.3674663286 0.5101433184 0.6359826350 0.7902874014 0.8542619210 0.8820765812 0.8244977437 0.6655747585 0.5622270413 0.4791410039 0.3069763546 0.2040428998 0.1821400354 0.1961917616 0.1426043735 0.1290224578 0.1363690487 0.1122931457 0.0917362019 0.1212905917 0.1263666713 0.1923504664 0.1395571797 0.1417823253 0.1319115818 0.0975093585 0.0860784049 0.1664324478 0.1430065322 0.1523515977 0.1969276940 0.1201540982 0.1415332248 0.1560279833 0.1927858032 0.2728270787 0.2369471468 0.2914253756 0.3952055555 0.4955541459 0.6702708473 0.7368064366 0.8151531425 0.9196742798 0.8034369505 0.6784794286 0.5877593155 0.3795155640 0.3006399404 0.2022853538 0.1746942173 0.1425148547 0.1528662694 0.1454459269 0.1981271041 0.1653238134 0.1386162906 0.1391978431 0.1102520231 0.1633413929 0.1573087103 0.1276193870 0.1485239929 0.1636939441 0.1219096855 0.1481611492 0.1502626660 0.1573815786 0.1557472973 0.0821015716 0.1110709007 0.1697460177 0.1774468800 0.1754402325 0.2334281497 0.3121209819 0.4152045692 0.5129272189 0.6265608893 0.7942151722 0.8224036467 0.8826178406 0.8313427660 0.7249661281 0.5860824424 0.5006009943 0.3467559859 0.2296828502 0.2280201295 0.1671540706 0.1628823899 0.0864276706 0.1154699805 0.1657017913 0.1317724066 0.1622378483 0.1686848728 0.1738522610 0.1241689364 0.1999716821 0.1667891730 0.1739269691 0.1457221140 0.1365449826 0.1817778583 0.1488850411 0.1851467611 0.2040682182 0.1442315903 0.2045622193 0.2014991629 0.1761170824 0.2197487150 0.3367239749 0.4185925534 0.5660877472 0.6777821853 0.7590479703 0.9017955862 0.9000562460 0.8233911142 0.6459008752 0.5928777318 0.3615126841 0.2975829798 0.2730735242 0.2043624882 0.1115617361 0.1853487759 0.1404571025 0.1194150635 0.1272497601 0.1638863163 0.1783284550 0.1539538219 0.1747040125 0.1603219582 0.1614225796 0.1542083859 0.1637999228 0.1880405056 0.1237601109 0.1529819468 0.1477925573 0.1783313958 0.1353006339 0.2423162989 0.1666250752 0.1763466766 0.2039525833 0.2809532474 0.3209555511 0.4839264571 0.5223581043 0.6734098763 0.7829350822 0.9170628063 0.8421750666 0.8049501842 0.7643437609 0.5953688661 0.4669528899 0.3341999612 0.2411155412 0.2217556979 0.1873714928 0.1711563488 0.1475985259 0.1448423722 0.1365536188 0.1448297197 0.1732042729 0.1415523105 0.1779405280 0.1186357196 0.1425678200 0.1551658021 0.1320381150 0.2013557811 0.1344984858 0.1708264881
0.1505840377 0.0910095601 0.1573152109 0.1676198193 0.1509558841 0.1522584700 0.1367451992 0.1547772982 0.1795438783 0.2871903263 0.2939212530 0.3931304487 0.5139027281 0.6616682479 0.7483176263 0.8362962066 0.8644710103 0.8046314609 0.6729844849 0.5742186027 0.4463980274 0.3515185343 0.2401037327 0.2200224817 0.1443412153 0.1136972071 0.2082612444 0.1549123292 0.1456748528 0.1569756797 0.1550701949 0.1502606969 0.1709710615 0.1313859259 0.1281063145 0.1071224892 0.1581446417 0.1081985711 0.2089299120 0.1476560030 0.1148128609 0.1362440836 0.1822298756 0.2006523441 0.1435301682 0.1803104515 0.2472621949 0.1947811966 0.3141310479 0.3667309027 0.5228821331 0.6775127898 0.8370001175 0.8190394647 0.9145808842 0.7631558421 0.7169911458 0.5263118890 0.4282511523 0.3676469516 0.2285080449 0.2200707214 0.1654195612 0.1395612869 0.1620849113 0.1814667473 0.1604368309 0.1618064466 0.1070108781 0.1848448447 0.1598196655 0.1654864976 0.1875248302 0.1490543874 0.1626632129 0.0631819562 0.2083042874 0.1439385235 0.1443736955 0.2101159298 0.1660696164 0.1424438165 0.1682866293 0.1489944336 0.1953179168 0.2185761267 0.3078642580 0.3830217521 0.5354431355 0.6416648753 0.7828589077 0.8606128980 0.8847071123 0.7965271848 0.7181252459 0.5903905890 0.4556726955 0.3363390665 0.2802596400 0.1872798061 0.1579716423 0.1814975825 0.1569479509 0.1750097639 0.1116780608 0.1987799084 0.1661566925 0.1985659617 0.1537507203 0.1352303271 0.1806750447 0.1512080132 0.1934363355 0.1639282524 0.1812378165 0.1343277783 0.1672023741 0.1723255760 0.1562856453 0.2141673208 0.1820227253 0.1646454447 0.1901357806 0.2632304104 0.3052144702 0.4109632266 0.5365487230 0.6862566268 0.8437176764 0.8614290734 0.8822245178 0.7975140645 0.7297321873 0.5307068844 0.4052203979 0.3495996474 0.2362630660 0.1867750284 0.2348772124 0.1613873313 0.2256750799 0.1570264184 0.1804605754 0.1820164591 0.1434246885 0.2104644105 0.1251253525 0.1603464474 0.1480365891 0.1285572511 0.1574179939 0.1427397737 0.1704455881 0.1277148281 0.1611745777 0.1858511076 0.1481217656 0.1914250021 0.1710987809 0.1540458245 0.1729044729 0.2691235842 0.3150146790 0.4677791969 0.5840734546 0.7151660843 0.7931067664 0.9269054606 0.8638744414 0.8239915227 0.7094534894 0.5841968453 0.4013737741 0.3265730476 0.2358399027 0.2168150624 0.1871111825 0.1693745752 0.1681468141 0.1679390795 0.1592821358 0.1852551946 0.1541516109 0.1385086784 0.1313568975 0.1816794614 0.1526572627 0.2186223460 0.1692301125 0.1404191451 0.1827404389 0.2027734701
0.1445854186 0.1643016208 0.1538107492 0.2113209651 0.1321429164 0.1593389321 0.1487569396 0.1364687501 0.2088691300 0.2564680476 0.2907658800 0.4673776142 0.5303055305 0.5976903407 0.7976443684 0.8503214806 0.9071509807 0.8088899553 0.6821183578 0.5951611223 0.4711816680 0.3551172829 0.2742791133 0.2393543510 0.1725183750 0.1675100383 0.1601242854 0.1677387660 0.1554356052 0.1898052061 0.1555705436 0.1940952899 0.0974008592 0.1435393952 0.1648782074 0.1318404341 0.1717752938 0.1666928875 0.0971906494 0.1911713546 0.1515310780 0.1571831333 0.2090085626 0.1712024256 0.1379778014 0.1731808879 0.1940017198 0.2543430851 0.3246324073 0.3931219510 0.5458174627 0.6733804758 0.8317443508 0.8743242548 0.8868188964 0.8071792116 0.7109428839 0.5605884615 0.4193200577 0.3658191117 0.2338330647 0.2074957140 0.1950149729 0.1797134007 0.1577918378 0.1743367193 0.1047553557 0.1672159787 0.1186961651 0.1683663249 0.1566192359 0.1164544463 0.1640209941 0.1864320336 0.1562068807 0.1677174046 0.1638043394 0.1658718671 0.1588203706 0.1381631484 0.2058612117 0.1359236451 0.1850740077 0.1582042492 0.2512457660 0.2736934975 0.3076008916 0.4125461689 0.5137030478 0.7423145713 0.7616124405 0.8574030392 0.8579688186 0.8341747519 0.6624255509 0.5715386896 0.4677520573 0.2897312348 0.2954907309 0.2573967639 0.1724740797 0.1948788890 0.1856052679 0.1365713945 0.0839449241 0.1113956887 0.1552436030 0.1779339725 0.0828972257 0.1526428353 0.1442133230 0.1710035892 0.1599095381 0.1657073816 0.2040745085 0.1998151020 0.1818969691 0.1527415767 0.1722755020 0.1724408549 0.1833349017 0.1643067655 0.2200703848 0.2567958532 0.3354792545 0.3747178150 0.6124704679 0.7300419781 0.8467614222 0.8903510910 0.9269890588 0.8099212827 0.7137861212 0.5469073223 0.4325071204 0.2947995727 0.2949797072 0.1783301042 0.1744798429 0.2120292409 0.1900486721 0.1509615304 0.1273372617 0.1866135962 0.1773634894 0.2242368186 0.1335723343 0.1559948315 0.2019680520 0.1971429675 0.1464879106 0.1743961236 0.0989027502 0.1339649275 0.1445784346 0.1725530265 0.1384490200 0.2444880481 0.1704992782 0.1481262113 0.2241379495 0.2251716605 0.3410243961 0.3914958657 0.5690911243 0.6814273044 0.7566020833 0.8707821360 0.8557634547 0.8309292894 0.6794477784 0.5787242084 0.4498297475 0.3410307178 0.2617948750 0.2241930510 0.1969740808 0.1849140626 0.1642323328 0.1641421958 0.1710142477 0.1828718611 0.1879214086 0.1554807570 0.2295936763 0.1978290653 0.1384564329 0.1798060867 0.1919134118 0.1771365476 0.1578028686 0.1615013500
0.1539971816 0.1600078604 0.1820751040 0.1254325738 0.1705107795 0.1619711719 0.1444377383 0.1703356701 0.1968083644 0.2139239723 0.3744019052 0.4307020806 0.5235833220 0.6423156512 0.7403531769 0.8874277495 0.8467067056 0.7824967452 0.6658549531 0.6071510068 0.4488321458 0.3190125135 0.2505380938 0.1587979571 0.1992597104 0.1827233991 0.1580970320 0.1710572538 0.1316978516 0.1407229349 0.1186491175 0.1140518332 0.1255672818 0.1516617924 0.1751595281 0.2045757243 0.1675466244 0.1791376955 0.1841704647 0.1878706110 0.2422267933 0.1193333307 0.1809475454 0.1802022845 0.1321919613 0.1973641575 0.2235566296 0.3054584636 0.2864289992 0.4396557354 0.5794113488 0.6788932690 0.7910055482 0.8457391177 0.8908887737 0.8207711703 0.7062915585 0.5363120057 0.4543779199 0.3563464927 0.2474011553 0.2579778115 0.1515082785 0.1758749629 0.1795592354 0.2129490915 0.1632876138 0.1658773201 0.1815725190 0.1347301896 0.2011362577 0.1434565206 0.1438793309 0.1838719841 0.2240772907 0.1706096342 0.1858034394 0.1510908082 0.1606978999 0.1759411161 0.1518885381 0.1825617949 0.1772924088 0.2146437307 0.1905175987 0.2659644392 0.3030092446 0.4016927004 0.5715196450 0.6504789147 0.8155491444 0.8321123405 0.8770814494 0.7999261176 0.7111539295 0.5966508021 0.4397981543 0.2945405204 0.2379468354 0.2088817481 0.1886641008 0.2004080199 0.1471973077 0.1736011907 0.2101148638 0.1515603451 0.1621905079 0.1093882584 0.2439534359 0.1100389278 0.1639242296 0.2257529458 0.1638294472 0.1817440095 0.1643988715 0.2110719983 0.1852331443 0.1881106830 0.1622481514 0.1456742835 0.1517083908 0.2149469349 0.2115737583 0.2596006652 0.3780480598 0.4538024830 0.5665430842 0.6811498845 0.7700613809 0.8951757994 0.8478997939 0.8033172810 0.6834017665 0.5331470157 0.4470928522 0.3565715827 0.2994228696 0.2311027714 0.2027698397 0.2079666969 0.2183625193 0.1858174520 0.1869309368 0.1405916034 0.1681825904 0.1785747442 0.2198885016 0.1329553496 0.1768784809 0.1738987201 0.1686126794 0.2242104124 0.1812263623 0.1854205469 0.1791785022 0.1559509472 0.1857183555 0.1705426173 0.2041551929 0.2044803215 0.2186585668 0.3326848841 0.3466343243 0.4891746141 0.6069406879 0.7156454408 0.8255979327 0.9226254646 0.9063680103 0.8198254695 0.7170885485 0.5753073137 0.4655762957 0.2997467638 0.2602793527 0.2260879181 0.2135388524 0.1850927501 0.1691128393 0.2445249707 0.2340871770 0.1513581742 0.1676096891 0.2261927742 0.1927922910 0.1372463048 0.2169698212 0.1630975309 0.1768572671 0.1918927456 0.1940272174 0.1782529800
0.1765221455 0.1970502911 0.1720982329 0.1194342804 0.1250686209 0.1408139868 0.1875837402 0.1328507278 0.2176256663 0.2893645150 0.3628378901 0.4415798334 0.6076507813 0.6640189021 0.8055791671 0.8696433577 0.8852287897 0.7830605659 0.6544582632 0.5197045096 0.4148832931 0.3438415149 0.1889413983 0.2065410845 0.1747641802 0.1941057244 0.1253943733 0.2209654102 0.1621291616 0.1228651294 0.1528473220 0.1597369524 0.1434051316 0.1948904365 0.1834466048 0.1523025780 0.1452077362 0.2013612382 0.1315871520 0.1899919543 0.1381361287 0.1483293778 0.1935530664 0.1077767273 0.1904527773 0.1769645112 0.2145283464 0.2390680952 0.2715622858 0.4020561954 0.5556526606 0.6887330710 0.8191291350 0.8602924518 0.9332753665 0.7618524091 0.7131556501 0.5451710269 0.3965884427 0.3999509723 0.2463658448 0.2497951085 0.2274338705 0.1772978733 0.1490837493 0.1643124104 0.1816263629 0.1453249341 0.2505259090 0.1711548274 0.1652302815 0.1169543049 0.1883319773 0.1916602158 0.1757406809 0.1359711059 0.1463582499 0.1635378187 0.1845806782 0.1570395075 0.1966097350 0.1464451680 0.2181334308 0.2010364357 0.1683965642 0.2099087249 0.3763624090 0.5011824121 0.6016125737 0.7225570543 0.8550974865 0.8707921114 0.8765981939 0.8337099783 0.7034861952 0.5796439725 0.4788673956 0.3097484944 0.2481248930 0.1862469321 0.1319336339 0.1821817850 0.1469417243 0.1406172518 0.1853348095 0.1551084307 0.2281635059 0.1900475492 0.1474511142 0.1503162044 0.1476543766 0.1724625166 0.1892245498 0.1104925806 0.1830052000 0.1287041668 0.1862777441 0.2018565362 0.1316600138 0.2205977609 0.1281969095 0.2061964508 0.2055660405 0.2778688255 0.3355523322 0.4930634602 0.5605021074 0.7191518135 0.8376591712 0.9120398662 0.9122911295 0.7790039802 0.6567379274 0.5604432284 0.4439861768 0.3218088291 0.2433697354 0.2415924735 0.2611995095 0.1624084254 0.1559779652 0.1898260915 0.1763006500 0.1823009701 0.1768871900 0.2257302637 0.1914854715 0.1695843072 0.1570887951 0.1825840607 0.1651478493 0.1915772078 0.1963322074 0.2251422011 0.1427309616 0.2164228661 0.1650937134 0.1553555370 0.1783760333 0.1687438036 0.2378392189 0.2813458879 0.3523898341 0.4822070402 0.5548357752 0.7159158445 0.8356295000 0.9196970320 0.8818093693 0.8042960559 0.7009164029 0.5439026808 0.4660454451 0.3395905531 0.2697686840 0.2102650879 0.2090776450 0.2091764971 0.1637771527 0.2345561060 0.2043158024 0.1388921205 0.1898047053 0.1726841264 0.1968918486 0.1272324580 0.1820369425 0.1391187551 0.1478343000 0.1483788775 0.1916619792 0.1521079492
0.1988442125 0.1359459076 0.1404333283 0.1315216677 0.1516350165 0.1815226475 0.1666794225 0.1781020837 0.1911854475 0.2607663395 0.3209715914 0.4566114812 0.5861720783 0.6209137367 0.8467898291 0.8425821541 0.8771527210 0.8644384530 0.7180264809 0.6130539958 0.4752334105 0.3500242410 0.2493479428 0.2088685074 0.1750944823 0.2168376273 0.1404064682 0.1410524565 0.1916028059 0.1481064134 0.1802676820 0.1124156433 0.1666886853 0.1298656021 0.1848746477 0.1583164736 0.2080523749 0.1270494703 0.1079161739 0.1371089984 0.1506246902 0.1126721437 0.1436775049 0.1474102773 0.1893281163 0.2061764741 0.1946056750 0.3124976388 0.3504132297 0.4010226732 0.5673992999 0.6697164115 0.7958426135 0.8732159975 0.8858852046 0.7711502097 0.6760157856 0.5614276065 0.4540240516 0.3871540185 0.2868215496 0.1904813468 0.1925701730 0.1784432440 0.2187731331 0.1503415858 0.1585571832 0.1558729324 0.1198979307 0.1619969228 0.2053067637 0.1858836092 0.1209760348 0.1667901048 0.1458692417 0.1465745242 0.2051403569 0.1547785943 0.1891880208 0.0858499711 0.1763832332 0.1436512393 0.1944108726 0.1853288779 0.1832655857 0.2642445728 0.3470696804 0.4583338735 0.5541133004 0.6820499178 0.8109338767 0.9431542413 0.8448807358 0.8186699121 0.6806044195 0.5901051031 0.4444346603 0.3095836554 0.2714798513 0.2406820784 0.1983415641 0.2021918925 0.1947442240 0.1423539016 0.1701285475 0.1831773715 0.1567303479 0.1798351168 0.1864405350 0.1836072005 0.1503715565 0.1454661976 0.1877956866 0.1936933885 0.1825473050 0.1665522018 0.1309607249 0.1671080230 0.1627776595 0.2203333300 0.1898970952 0.1840107644 0.1498555617 0.2681414572 0.3476704761 0.4252417559 0.5642281654 0.7233537119 0.8364614435 0.8611262698 0.8476109691 0.7957491527 0.6838982528 0.5239567349 0.4527301851 0.2822796944 0.2782085901 0.2495957159 0.1921795686 0.1891323296 0.1474496600 0.1809288230 0.1897885495 0.2389967341 0.1557960918 0.1099972513 0.1610222379 0.1800378402 0.2495489438 0.1774864419 0.1879511728 0.1737641948 0.1895935621 0.1913113649 0.2377617506 0.1315304718 0.1747682345 0.2069216299 0.1992139165 0.2373056671 0.2716446383 0.2549897061 0.3604890772 0.4645239190 0.5291497286 0.7475204218 0.8371852837 0.8795801309 0.8924401609 0.8064564454 0.6924665683 0.6046986603 0.4573164055 0.3499293099 0.2925026035 0.2127082976 0.1779956044 0.1634182229 0.2017373270 0.1410874024 0.2131763413 0.1983786765 0.1919947868 0.1640415297 0.1591148661 0.1267159399 0.2118271903 0.1511105372 0.2037230529 0.1426716914 0.1793241798 0.1645526704
0.1851140552 0.1680598148 0.1535582290 0.1356936847 0.1737906033 0.2005767536 0.1872685560 0.1732348775 0.2541371808 0.2482145564 0.3313636967 0.4497148067 0.5448736267 0.6866166007 0.7603310147 0.8278241992 0.8922344057 0.7920377487 0.7430319765 0.5292466742 0.4025061185 0.3180765491 0.3212060110 0.2281768936 0.1748081088 0.1987158870 0.1491589895 0.1596885383 0.2150937440 0.2061448783 0.1872664093 0.1999142492 0.1019991360 0.1466804736 0.1804747707 0.1328726694 0.1791817007 0.1842449172 0.2196489015 0.1471066794 0.1387559550 0.0781945070 0.1630766217 0.1537877147 0.1376723606 0.1748731474 0.2012462700 0.2259884150 0.3600620810 0.3942800357 0.5884424075 0.6984629878 0.7654225506 0.8743422908 0.9375813057 0.8167349176 0.6728445843 0.5626166328 0.4623184822 0.3399778242 0.2578215869 0.2078914108 0.2118106781 0.1264515274 0.1673114837 0.2188951602 0.1904876172 0.1396662710 0.1202649594 0.1830456856 0.1541431801 0.1486273379 0.1329042952 0.1440599480 0.1427630920 0.1264534140 0.1288946078 0.1500611141 0.1728634204 0.1660629572 0.2022790861 0.1872336523 0.1929933829 0.2208704686 0.2286908304 0.2566191797 0.3469019563 0.4645145515 0.5824716665 0.6980977673 0.8170834102 0.8512961442 0.8512714929 0.8016442110 0.7247538597 0.5532582148 0.4403421967 0.2950969311 0.2592733689 0.2477773234 0.1530944202 0.2001161230 0.1199066182 0.1623014263 0.1695509184 0.1938939920 0.1718723815 0.1630298550 0.1513218556 0.1631932050 0.1479918865 0.1764861477 0.2054079531 0.1380905299 0.1648657272 0.1619099540 0.1883695311 0.1748630446 0.1861264483 0.1796383510 0.1751552992 0.1986485199 0.2459539313 0.2841246314 0.3562801399 0.4550083687 0.5966889290 0.7690561645 0.8332623871 0.8235914317 0.9292986186 0.7502576658 0.6653624738 0.5405817363 0.4282468171 0.3459925712 0.2336894055 0.1587693806 0.2244408115 0.2311387503 0.1873405243 0.1839575257 0.1797010859 0.1789128737 0.1785800734 0.1996779636 0.1583502793 0.1804492045 0.1329505839 0.2069910906 0.1665957373 0.2074304348 0.1184599012 0.1336981626 0.2304375751 0.2041738415 0.1167193540 0.1596203929 0.1892587929 0.2107492359 0.2435047283 0.2601449302 0.3497247203 0.4805134903 0.5831258688 0.6903669373 0.9000575432 0.9242343753 0.8872926739 0.8478808334 0.6785849250 0.5626922913 0.3812185249 0.3209150445 0.2601873953 0.2545809805 0.1703640466 0.2078261766 0.2037401441 0.1987639595 0.1817373155 0.1500633120 0.1913303598 0.1990880387 0.1667021566 0.1242898587 0.1711554875 0.1839860261 0.1475972352 0.2124130443 0.1870439925 0.1889566653
0.1112799001 0.1566378967 0.1332362395 0.0887769615 0.1684032152 0.1594888797 0.1363466640 0.1545418866 0.1941407529 0.2358143584 0.3062827273 0.4149181008 0.5959209558 0.7074342961 0.7792374647 0.8480063249 0.8732028856 0.7858057827 0.7104592894 0.4960270732 0.4624056604 0.3333789813 0.2441448925 0.2140702422 0.1742832529 0.1829472871 0.2356057905 0.1687923000 0.1600197524 0.1534038095 0.1640046060 0.1961070045 0.1715316054 0.1637878329 0.1367294739 0.1556997616 0.1858147187 0.1554233221 0.1791823885 0.1594969022 0.1461095739 0.1438175001 0.1279490671 0.1976657199 0.1739756739 0.2086899783 0.1911003031 0.2384624564 0.3009413325 0.4189096209 0.5961859361 0.7064923746 0.7631626590 0.8794446993 0.9076677443 0.8099876862 0.6968720299 0.5498671376 0.4130754323 0.3397701332 0.2136340303 0.1644303493 0.2387159735 0.1815200428 0.1640930699 0.1652108407 0.1561397263 0.1430644472 0.1938491497 0.1671292762 0.1531210824 0.1481807629 0.1608452319 0.1287799794 0.1489603940 0.1566282756 0.1237762053 0.1650009956 0.1467523132 0.1249066374 0.1724896377 0.1824081831 0.1881418340 0.2636219982 0.1900681865 0.2699066558 0.3075884006 0.4650027320 0.5816488532 0.7091479551 0.8365729276 0.8686457126 0.8891018971 0.8192458438 0.6889637366 0.5634864478 0.4621490471 0.2896082198 0.2988928691 0.1998003533 0.2117295980 0.1137024480 0.1430320479 0.1441818731 0.1420679422 0.1582315649 0.1584012327 0.1785270735 0.1543136758 0.2590428654 0.1668647632 0.1583360653 0.2068490360 0.1972035867 0.1816824768 0.1296851456 0.1828166582 0.1570460370 0.1078417803 0.2047587942 0.2369482398 0.2030822998 0.2137629382 0.2485825116 0.3306936797 0.4236624634 0.6457905395 0.7648222295 0.8340896922 0.8824653592 0.8668867105 0.7974679585 0.6906869607 0.5586223583 0.4012729206 0.2698729495 0.2328492973 0.2807663095 0.1730870472 0.1373098496 0.1965933855 0.1686308732 0.2244164207 0.1112717173 0.1782984244 0.1961994161 0.1683256442 0.1591523432 0.1565877823 0.2076322066 0.2123952041 0.1828615331 0.1402082724 0.1318044462 0.1237846357 0.1672641311 0.1941422087 0.2001873980 0.1959807147 0.2631953176 0.2381005334 0.2480385135 0.3627163905 0.4736091151 0.5741268792 0.7649925959 0.8633269803 0.8394546396 0.8916302901 0.8068764218 0.7243754086 0.5611076209 0.4260916430 0.3241780027 0.1914770295 0.2167712835 0.2465512537 0.1743332852 0.1823748893 0.1703241269 0.2075003923 0.1654605805 0.1542123153 0.1725707271 0.2003157081 0.1506010923 0.1667200110 0.1589132219 0.1867609622 0.1357243905 0.1569300972 0.1765498240
0.1613543047 0.1125838283 0.1549484556 0.1429681859 0.1474327780 0.1350389224 0.1559532034 0.2276209214 0.1596476196 0.2515525441 0.3986799168 0.4590070576 0.5534626286 0.6707962378 0.7784517670 0.8707774924 0.8700503625 0.7376366126 0.6268687024 0.4799221281 0.3866988902 0.2642639231 0.2578517251 0.2356499575 0.1688669227 0.1928430814 0.1971433829 0.1473339119 0.1443507433 0.1682084466 0.1951952262 0.1625392638 0.1670790504 0.1515553266 0.1374837565 0.1994775221 0.1301810125 0.1617674820 0.1205243844 0.1231681481 0.1760153858 0.1698200393 0.1757469259 0.1697529246 0.1529748451 0.1441216333 0.2278815097 0.2537332503 0.2718809845 0.3889317582 0.5446151839 0.6941460001 0.7679688833 0.8816454865 0.8967383919 0.7446525508 0.6652075057 0.5762743507 0.4032870905 0.3116676170 0.2631706296 0.2231105693 0.1674517025 0.1593348281 0.1899719899 0.1041179799 0.2022068286 0.1302005853 0.1848247464 0.1407424876 0.2093672867 0.1668633784 0.1628895895 0.1734851831 0.1912674030 0.1341471445 0.1257016303 0.2107615748 0.1417580152 0.1770981472 0.1602516199 0.1917293362 0.2080025087 0.1646981543 0.2247062339 0.2950022757 0.3441698708 0.4918182123 0.5966401811 0.7217924932 0.8029016279 0.8831883116 0.8046859060 0.7843179836 0.6472738961 0.5625977695 0.4195908540 0.3274082183 0.2706456551 0.2510048101 0.1594040404 0.1414724064 0.1685371592 0.1408451479 0.2015448984 0.1420215922 0.1561180865 0.1917386595 0.1727695439 0.1214626996 0.1732027371 0.1964574841 0.1695226249 0.2139065787 0.1533126927 0.1768036785 0.1663976729 0.1266589634 0.1391612859 0.1329124641 0.1533522067 0.1786306718 0.2179420108 0.3182330033 0.3702952174 0.4297529743 0.5837767018 0.6988933012 0.8130152611 0.8972322336 0.8338319968 0.7969610179 0.7052446443 0.5306771184 0.4072511304 0.3301380232 0.2311889026 0.2295161953 0.2196646869 0.1523096289 0.1846626196 0.1962187439 0.1430666825 0.1508716178 0.1615422870 0.1625530855 0.2404294010 0.1914000564 0.1299107674 0.1391983101 0.1398034587 0.1761850678 0.1016910867 0.1551376227 0.2078283120 0.1839071686 0.1889297989 0.1670292312 0.2058827872 0.2583562451 0.2601886318 0.2663495527 0.3977610730 0.4610802785 0.6086560129 0.7442098308 0.8565108687 0.8744835198 0.8774012755 0.8373407239 0.7082413263 0.5307233183 0.3857421166 0.3238758668 0.2498069438 0.2198297284 0.1955941928 0.1748722282 0.0938462659 0.2057062161 0.2001448350 0.1953532271 0.1743215341 0.1946060728 0.1807344110 0.1842494895 0.1811999030 0.1375260471 0.1356651516 0.1773712633 0.2228024620 0.1446504871
0.1055908479 0.1400232842 0.1647280149 0.1340972767 0.1509636582 0.1689988804 0.1068494528 0.2150970693 0.2140802505 0.2857863009 0.3368078619 0.4048942229 0.5537254231 0.6809492699 0.7947907231 0.8404907345 0.8363081747 0.7672496638 0.6724863216 0.4788872476 0.4047268486 0.2979942308 0.2048493172 0.2075263952 0.1520284047 0.1303149078 0.1163452708 0.1737396673 0.1622545752 0.1157936764 0.1720412822 0.1549130971 0.1532692853 0.1196748229 0.0953612766 0.1370619464 0.2017159082 0.2025808856 0.1548688465 0.1313080551 0.1278272638 0.1306400414 0.1702971417 0.1262459601 0.2068453807 0.1709138805 0.1740507279 0.2435768103 0.3087627627 0.4260596831 0.5276456954 0.7135871123 0.7863809622 0.8133159935 0.8753558147 0.7526843961 0.6452867021 0.5476417008 0.4164723565 0.3296677368 0.2302128465 0.2080728382 0.1427929047 0.1627899052 0.1791024908 0.1619838200 0.1750220046 0.0866560734 0.1828538627 0.1796368543 0.1571046355 0.0913497532 0.1414441134 0.1741132970 0.2297268169 0.1783854233 0.1663247629 0.1242590475 0.1385832197 0.1807107758 0.1244339156 0.0985387105 0.1558628262 0.1489525676 0.1949198060 0.2507120046 0.4277865464 0.4972070117 0.5826981240 0.6606368753 0.8080754304 0.8790724677 0.8148931923 0.7681504249 0.6420457443 0.5091440183 0.3941539235 0.2669086593 0.2409271187 0.1967021608 0.2143766426 0.1689612647 0.1698372943 0.1700274715 0.2017234297 0.1371672886 0.1432130804 0.1520287757 0.1297016152 0.1179027463 0.1200597437 0.1845624370 0.1117619487 0.1828571219 0.1791162389 0.2409183948 0.1453066237 0.1804589352 0.1133409794 0.1839522170 0.1862735515 0.1172622809 0.2592916786 0.2824518947 0.3649418694 0.5076618333 0.6210855499 0.7488458424 0.8241461227 0.9261915206 0.8924262470 0.7598147181 0.6514108763 0.5433426086 0.3666367280 0.3167538654 0.2018009017 0.2094037772 0.1843776959 0.1356848233 0.1707651489 0.1329002763 0.1732958748 0.1402422746 0.1354306772 0.1065938171 0.1923425482 0.1645353599 0.1518942372 0.1628336623 0.1140206190 0.1480171228 0.1443427208 0.1492284693 0.1720920728 0.1397877612 0.1355106500 0.1431647446 0.1721349168 0.1486197021 0.2116351328 0.2287029449 0.3485087237 0.4693287167 0.6460076297 0.6756939651 0.8199915535 0.8666596236 0.8421453789 0.7645867206 0.6374897646 0.5682118130 0.3441280985 0.3170262686 0.2285817062 0.1925394036 0.2220957940 0.1628560029 0.1950696095 0.1487316140 0.1577900152 0.1904780337 0.2074753708 0.1882179279 0.0939606994 0.1745080491 0.2054281500 0.1863950789 0.2220021899 0.1492370493 0.1645576371 0.1492089816
0.1360328021 0.1533774890 0.1183193443 0.1934026197 0.1469670705 0.1059077876 0.2054522384 0.1555218624 0.1373933021 0.2486740626 0.3139487258 0.4597538616 0.5389895175 0.7517798221 0.8249277113 0.8075847066 0.8554648493 0.7602817770 0.6534745221 0.5321256220 0.4459893174 0.2633150512 0.2315335318 0.1552604442 0.1526033022 0.1327118773 0.1742016062 0.1211162161 0.1753620912 0.1483168064 0.1580392530 0.1181090058 0.1534551780 0.1485669444 0.0967953642 0.1418093306 0.1361194172 0.1567713565 0.1579132325 0.1229499673 0.1570345435 0.1293112164 0.1076186000 0.1490129099 0.1406486510 0.1871286996 0.1859492625 0.2489528862 0.3248010701 0.4611709664 0.5706402435 0.6857620756 0.8043399938 0.8157332629 0.8428065653 0.8289950303 0.6236495530 0.4767839360 0.4076588549 0.2626308803 0.2334056293 0.2053555914 0.2006345669 0.1506383999 0.1151266217 0.1050067822 0.1736050380 0.1328601994 0.1206347552 0.1501501805 0.1121010291 0.1640573126 0.1154762105 0.1583818795 0.1480041527 0.1166910183 0.1518621352 0.1707019844 0.1682944170 0.1887558972 0.1516860955 0.1838442453 0.1750267337 0.1273956115 0.1828332876 0.2421195806 0.3523300758 0.4603443737 0.5635005166 0.6808039197 0.8333944526 0.8845588353 0.7944231475 0.8095953672 0.6623786783 0.5312613670 0.3689864033 0.3031363573 0.2261514303 0.2299818945 0.1419620438 0.1729129385 0.1701591931 0.1702288894 0.1387833950 0.1766736965 0.1693150143 0.1714989272 0.1851342995 0.1510876925 0.0728439864 0.1778436960 0.1681698729 0.2238130886 0.1407497825 0.1611050559 0.1418789838 0.1625092114 0.1644437174 0.1034084484 0.1624327832 0.1803885260 0.2104754330 0.2281061404 0.3426968856 0.4282209847 0.5640602070 0.7471230826 0.8447255826 0.9175916969 0.8643603233 0.7769659689 0.6222507683 0.5098522195 0.3930096322 0.2412224778 0.2109055804 0.1772474060 0.1579869387 0.2163889600 0.1242144718 0.1489564169 0.1286708279 0.1185218842 0.1971740971 0.1454226600 0.1445293280 0.1994700046 0.1274160227 0.1433382044 0.1717583706 0.1471485661 0.1142866139 0.1627472549 0.2127900796 0.1517924382 0.1527522060 0.1611321274 0.1643221264 0.1724961715 0.1894063663 0.2841824616 0.3849164563 0.5031939868 0.6292504760 0.7167692141 0.8616432848 0.8404970187 0.8618790170 0.7435208820 0.6346505885 0.4916493479 0.3258098251 0.2729058042 0.2052649726 0.2562184925 0.1632708761 0.1208347588 0.1616407834 0.1527799109 0.1239711176 0.1518967512 0.1800427328 0.1469191030 0.1622498178 0.1498164062 0.1299990957 0.1829862416 0.1127849703 0.1171617335 0.1285801781 0.1663110567
0.1035413984 0.1144835344 0.1360425121 0.1330637871 0.1142392208 0.1779195740 0.0894335637 0.1690977400 0.1718547173 0.1885955720 0.2864951281 0.4588986006 0.5284209475 0.7212730503 0.7716903358 0.8135629256 0.7964889799 0.7136611436 0.6494544407 0.4814310040 0.3891838443 0.2693023475 0.2112159030 0.1482449534 0.2142009019 0.1210469615 0.1415878192 0.1355659391 0.1289562695 0.1430413921 0.1314673022 0.1760507647 0.1109426050 0.1512130947 0.1690931599 0.1654185470 0.1339384715 0.1345888436 0.1082256620 0.0927040201 0.1704000542 0.1451708038 0.1568546560 0.1321189872 0.2131757651 0.1482418434 0.1989804935 0.2224608543 0.2889158117 0.4282080141 0.5344220324 0.7293196496 0.7861252921 0.8584884545 0.7823583369 0.7692460558 0.6345927981 0.4656163047 0.4117792668 0.2663627945 0.2119038964 0.1703805128 0.1412085711 0.1478358921 0.1136784094 0.1544646451 0.1393648225 0.2048597503 0.0969681836 0.1377116040 0.2116514117 0.0901664900 0.1297999203 0.1291747401 0.1211571762 0.2097155301 0.1486963335 0.1210489923 0.1891205476 0.1709557906 0.1270290503 0.1191446552 0.1358568529 0.2110905713 0.1631575460 0.2830485768 0.3478989031 0.4741604350 0.5632610998 0.7165325506 0.7975219986 0.8800372344 0.8133757232 0.7409191995 0.6597129973 0.4558763571 0.3434095324 0.2696335480 0.2499220701 0.1514157574 0.0954767506 0.1535658050 0.2124446632 0.1512339641 0.1433966928 0.1648367413 0.1557787926 0.0987471191 0.1092717078 0.1542854665 0.2182630520 0.1995747409 0.1596569230 0.1262370625 0.1354136224 0.1316080814 0.1868285472 0.1460499459 0.2222613003 0.1093136672 0.1866334485 0.1416862119 0.1795092826 0.2864236348 0.3392431940 0.4818026646 0.5852645245 0.6781466140 0.8662840335 0.8636976659 0.8367444043 0.7335015610 0.6796443014 0.4663439409 0.3596012608 0.2852563905 0.2372687346 0.2110255414 0.1564517040 0.1834602477 0.1608593765 0.1634762336 0.1486758793 0.1594954500 0.1142616194 0.1541003208 0.1640974534 0.1357459120 0.1821084687 0.1331222135 0.1154801326 0.1787934875 0.1584465383 0.1859233715 0.1931587748 0.1341360705 0.1464385123 0.1458822557 0.1108699711 0.1225059232 0.2356385586 0.3039504472 0.3943023434 0.4882515109 0.5579371391 0.7105448563 0.8161111125 0.8708045307 0.8434922750 0.7408979807 0.6104834325 0.5084826114 0.3732336495 0.2687464910 0.2008270612 0.1726276419 0.1521749392 0.1231734373 0.1296683055 0.2425201563 0.1690903708 0.1347445461 0.1234817236 0.1488703176 0.2103221859 0.1688311637 0.1764820436 0.1823676812 0.1236583959 0.1051135206 0.1471840664 0.1122968312
0.1093181957 0.1195159512 0.1170815035 0.1698077847 0.1064793256 0.1498014880 0.1570212958 0.1916306393 0.1435024465 0.2241234881 0.3350936932 0.3883635537 0.5212124924 0.6849457174 0.8381752707 0.8594506176 0.7948857874 0.7435764722 0.5924313175 0.4331941680 0.3501144286 0.3115203167 0.1899997743 0.1270884820 0.1918767521 0.1279533272 0.0843311336 0.0662477995 0.1259684987 0.1153585066 0.1457257729 0.1550403196 0.1481541746 0.1180357506 0.1379204488 0.1252297971 0.1307955744 0.1075883460 0.1210413055 0.1261321615 0.1428778272 0.1122260659 0.1347200957 0.1202144069 0.1263767455 0.1936547232 0.2084316256 0.2358690059 0.3107706344 0.4689230234 0.5583539038 0.6712624957 0.8170266530 0.8406328195 0.8786798135 0.7612022792 0.6432280071 0.4877494232 0.3412697954 0.3176953440 0.1968058869 0.1235802267 0.1341083603 0.1504123092 0.0817707553 0.1662849064 0.1321413739 0.0970188976 0.1449453790 0.1826535386 0.1444799305 0.1121049178 0.1344046123 0.1089510949 0.1270347354 0.1448746576 0.1623225879 0.1171250788 0.1365493762 0.1680822423 0.1108144301 0.1639044624 0.1239242726 0.1532796281 0.2147453812 0.2457954714 0.3738132941 0.4800622538 0.5958365551 0.7443882306 0.7959390660 0.8549309935 0.8500744866 0.7547185986 0.6398286128 0.4586284425 0.3958386228 0.2900006653 0.1546699362 0.1691333700 0.1514626773 0.1697890324 0.1381244874 0.1412737221 0.0895611875 0.1381169565 0.1412040566 0.1664141710 0.1280056288 0.1589798396 0.1364727703 0.1234570761 0.1276391600 0.1267150500 0.1338240383 0.1439931376 0.0993978458 0.1511460406 0.1129562521 0.1107445052 0.1363723606 0.1592734860 0.1215791819 0.2356096461 0.3360177729 0.4823209229 0.5368128776 0.7288662714 0.8483296686 0.8723653234 0.8513818191 0.7413185430 0.6057750731 0.5032002086 0.3852683227 0.3066798849 0.1850882444 0.1613835209 0.1566489051 0.1267368235 0.1535968806 0.1795418450 0.1503792637 0.1629579726 0.1259685953 0.1081603685 0.1231258344 0.0986867113 0.1774479212 0.1353109766 0.1698826280 0.1619270550 0.0893153465 0.1725448030 0.1390616723 0.1234621997 0.1192226515 0.1122275730 0.1601710863 0.1967788210 0.1702113411 0.2626581348 0.3113679080 0.4573329596 0.5493491314 0.7111562648 0.8200567164 0.8749814440 0.8188246705 0.6975463061 0.5901873622 0.4643308057 0.3541181771 0.2647845429 0.2302286424 0.1805262583 0.1571843924 0.0455803163 0.1477767145 0.1448818174 0.1510532122 0.2232938764 0.1549547591 0.1414400966 0.1497974688 0.1791026526 0.1799335373 0.1447692669 0.1569136500 0.1569963157 0.1887378152 0.1102660912
0.1107717258 0.1001410656 0.1230908940 0.1697486817 0.1662630363 0.1483152413 0.1439442439 0.1187194755 0.1953501682 0.2526952297 0.3573534223 0.4483610046 0.5659224258 0.6620444940 0.8320979904 0.8363359064 0.8049831715 0.7102208742 0.5930828060 0.4641462935 0.3039755360 0.2722891938 0.1976833323 0.1545776415 0.1540716508 0.1013809164 0.1488916207 0.1163751940 0.0847635735 0.1245678279 0.1007565612 0.1381944699 0.1382486574 0.1108591296 0.0992800598 0.1084617011 0.1949119166 0.1001537288 0.1754656297 0.0905927284 0.1449079169 0.1336477861 0.1705151550 0.1035465145 0.0635670629 0.1642573744 0.1462330694 0.2187038394 0.2979409331 0.4480885689 0.5769170583 0.6734154917 0.8268932014 0.8207328953 0.7950173833 0.7060759526 0.6285214260 0.4924613123 0.4020247150 0.2434917943 0.1545275165 0.1616863548 0.1573985439 0.1050522513 0.0980483389 0.1724271001 0.1404192721 0.1475632807 0.1114490675 0.1764887912 0.1474261945 0.1265900211 0.1384906881 0.1360622994 0.1369945912 0.1635429987 0.1454575057 0.1301711489 0.1848531766 0.1395209308 0.1250254691 0.0924848404 0.1713948407 0.1063083087 0.1851930748 0.1896251283 0.3255056473 0.4176558579 0.5627456539 0.6909620799 0.8257162615 0.8844900877 0.8116977306 0.7361449461 0.6423128364 0.4625922122 0.2917403254 0.2179567528 0.2287563069 0.1766229531 0.1860065925 0.1321651757 0.1515163007 0.1531241294 0.1274797883 0.2033559372 0.1203189097 0.1177338064 0.1648075182 0.1300349673 0.1265380182 0.1320504561 0.1050099366 0.1538435988 0.1459633654 0.1298101794 0.1298512613 0.1298653992 0.1468025223 0.1376626999 0.1263567401 0.1710805296 0.1924950126 0.2522998809 0.3382651661 0.4061053285 0.6151749977 0.7382344950 0.8287698425 0.8546867551 0.8605082555 0.6950732422 0.6046352175 0.4773971433 0.3799541744 0.2648728430 0.2465860286 0.1408012294 0.1217338652 0.1358348056 0.1535206567 0.1240751402 0.2034159203 0.1235703737 0.1367288116 0.1064631388 0.1150083460 0.1261467249 0.1622971197 0.1347189953 0.1525542671 0.1162779607 0.1312704454 0.1351751264 0.1355595379 0.1106856809 0.1311571926 0.1029534352 0.1568453100 0.1882127461 0.2250160577 0.3280029338 0.3916816938 0.4539018038 0.6135913114 0.7496925195 0.8607702244 0.9052839488 0.8335618960 0.7730977051 0.6189262705 0.4889354613 0.3608989662 0.2403655146 0.2279910077 0.1434153002 0.1308338896 0.1227361148 0.1814203987 0.1026280247 0.1793262369 0.1731209699 0.1062427176 0.1741862535 0.1012580673 0.1265220819 0.2043139186 0.1475912193 0.1458005140 0.1343998660 0.1631215241 0.1367640492
0.0921446328 0.1464352862 0.1030957051 0.1590243369 0.0909711375 0.1033324354 0.1515038841 0.1347065395 0.1998318491 0.2237453026 0.3172137680 0.4229413122 0.5807022841 0.6611579335 0.7355416539 0.8481177321 0.8330560547 0.7585755730 0.6545638709 0.4737158523 0.2974248317 0.2779221105 0.2005806806 0.1686126269 0.1834594562 0.1515262352 0.1212896947 0.0703201022 0.1489976718 0.0696317189 0.1055095658 0.1236535493 0.1223920751 0.1028635045 0.1042982103 0.1677278384 0.0785702107 0.0798485540 0.1479236796 0.1939514119 0.1127019245 0.1623312554 0.1007598550 0.0985053077 0.1296822386 0.1594229631 0.1350838959 0.1600390622 0.3322251483 0.4032325566 0.5868700142 0.7431254928 0.7568811733 0.8442843672 0.8776874871 0.7039133196 0.6380346177 0.4822765799 0.3329024406 0.2349246874 0.2128880483 0.1558413309 0.1487354908 0.0839323242 0.0808248458 0.1466869286 0.1468562787 0.1166538606 0.1006574630 0.1311535152 0.1112034575 0.1628083096 0.1168471319 0.1879941445 0.1025556663 0.1627450097 0.1186367506 0.0996756443 0.1244289623 0.0839121708 0.0671405013 0.0866309684 0.1219217482 0.1096609469 0.2325391308 0.2665113043 0.2446611631 0.4500249038 0.5694865495 0.7059911365 0.8450047282 0.8317319234 0.8076341171 0.7086173573 0.5936909875 0.4883127290 0.3690576200 0.2463133529 0.1636390536 0.1459423572 0.1602111688 0.1549952653 0.1310177038 0.1116026007 0.1106459640 0.0946398899 0.1133130985 0.1455344093 0.0829230095 0.0966008770 0.1310749242 0.1759627219 0.0772890867 0.1476979799 0.1405992327 0.1206777487 0.1398549814 0.1429203473 0.1116645612 0.1000722147 0.1193913354 0.1532500992 0.1779888619 0.2589512711 0.3128477638 0.4891376752 0.6155772132 0.7252948537 0.8385811475 0.8569530007 0.8340182534 0.7299262936 0.6070295377 0.4360562831 0.3791109196 0.1925208082 0.2142173078 0.1877561230 0.0920315014 0.1309036896 0.1193631327 0.0746013899 0.0694900517 0.1050728246 0.1336184122 0.1489553176 0.1539731178 0.1120485066 0.1655818231 0.1350365849 0.1529535939 0.1101930002 0.1204981437 0.1294165554 0.1411107762 0.1495404581 0.1296998862 0.1275762204 0.1155220388 0.1627529708 0.2101031374 0.2556179709 0.3636321827 0.5305911054 0.6350242524 0.7241964308 0.8459017823 0.8095816962 0.8117287338 0.7297500192 0.5796213063 0.4611784088 0.3502385241 0.2757866510 0.2076912443 0.1468313020 0.1204159071 0.1600455437 0.1639828263 0.1056112761 0.1242407376 0.1441127143 0.1160116462 0.1215973760 0.1719560854 0.1960087093 0.1311070759 0.1689429543 0.1100666646 0.1298326172 0.1435879717 0.0906818693
0.0703123112 0.1062142930 0.1188346312 0.1433244339 0.0893284209 0.0955777794 0.0995366583 0.1265737265 0.2361361897 0.2480948028 0.3927292572 0.4205599110 0.5621852044 0.6978625158 0.7750459404 0.8153449736 0.7966465144 0.7669430393 0.5656225962 0.4850329042 0.3411077356 0.2716681323 0.1771678757 0.1120645606 0.1394542500 0.0597267420 0.1248538645 0.1754323615 0.1039770695 0.1468762561 0.0937007871 0.0757864772 0.1143322791 0.1532970045 0.1374686860 0.1358759051 0.0779677077 0.1524410790 0.1014558328 0.0996815969 0.0998832516 0.1613464296 0.0777126786 0.1262451217 0.1025435617 0.1603340735 0.2236248918 0.2946215829 0.3180526864 0.4829918476 0.5522389101 0.7238890798 0.7826436579 0.8405171548 0.7507403874 0.7151737470 0.5870845638 0.4899003717 0.3814933787 0.2704748691 0.1655646397 0.1332621152 0.1396380484 0.0757234854 0.1019877188 0.1199600323 0.1052192326 0.1397120977 0.1425058623 0.1167671159 0.1989970006 0.1165956561 0.1341477057 0.0953088132 0.1635098265 0.0716850959 0.1159547593 0.1142774911 0.1273216439 0.0690711383 0.0867189327 0.1196354865 0.1174621763 0.1577832225 0.2410120730 0.2718796926 0.3507359539 0.4471313737 0.6179833308 0.7446813683 0.8581184221 0.8310807337 0.7816957635 0.7474260606 0.6191630706 0.4377412109 0.3744554692 0.2923113504 0.1807568529 0.1747866850 0.1513330103 0.1266465546 0.1383091985 0.0906699551 0.1436739129 0.1008094227 0.1315515544 0.1065173285 0.1113889491 0.1645358116 0.1182714760 0.1493304356 0.0960677085 0.1565188216 0.1519732190 0.0861439866 0.1151170903 0.1404920440 0.1696724533 0.0994485494 0.1241134973 0.1803743544 0.2277401065 0.2711055048 0.3881346515 0.4280433601 0.6068250691 0.7262721577 0.7669082546 0.8447789958 0.8051424270 0.7501719450 0.5834825814 0.4677338765 0.3125047582 0.2224912966 0.1872474149 0.1790449596 0.1464192009 0.1869404122 0.0986235158 0.1535199871 0.1416803119 0.1611466764 0.1443973350 0.1877438461 0.1282075900 0.1030543848 0.1365965976 0.1083881626 0.1437737631 0.1197541408 0.1471259721 0.1026633425 0.1805957896 0.1176867131 0.1391873971 0.1803872144 0.0832322218 0.2117645962 0.2161135424 0.2767605935 0.3191359097 0.4679644928 0.6037307643 0.7670181609 0.7946633660 0.8926609300 0.7968220781 0.7126905574 0.6196490931 0.4319107832 0.3563195787 0.2309747072 0.2356374116 0.1407536041 0.1653485178 0.1468259946 0.1678612052 0.1285981552 0.1380107347 0.1857737631 0.1492758522 0.1359978783 0.1556274521 0.1325873068 0.1611064068 0.1455020090 0.1013011721 0.1545710434 0.1182435303 0.0807592847
0.1066052460 0.1434118305 0.1304199262 0.0763755355 0.1228211542 0.1016137806 0.1151580097 0.1580989357 0.2064231626 0.2221419866 0.3174441197 0.4585825775 0.5929831145 0.6738993131 0.8228304852 0.8457079177 0.8435156844 0.6922816273 0.5844970929 0.4178674972 0.3237921321 0.3057519722 0.2060892238 0.1079751554 0.1459125302 0.0867490567 0.1187723241 0.1264857207 0.1697432348 0.1506231263 0.1229914846 0.1137464268 0.1310131765 0.0988125953 0.1359052090 0.1479009824 0.1246129829 0.1261182517 0.1144955911 0.0545724731 0.1434420276 0.1073293209 0.1136496205 0.1300804440 0.0951934869 0.1423151003 0.2068335440 0.2317585215 0.3707779296 0.4757457593 0.5589789606 0.6827505771 0.7575253630 0.8496308217 0.7911421292 0.7454065972 0.6131908067 0.4539512193 0.3722932899 0.2824068850 0.2066973569 0.1430760101 0.1369163751 0.1618585802 0.1325714390 0.1433753489 0.1852331011 0.0960625661 0.1706918465 0.1716656301 0.1041025759 0.0936232175 0.1012669976 0.1380074244 0.1218495099 0.1032810603 0.1089205074 0.1485431255 0.1033186636 0.1445788132 0.0741163701 0.1718773428 0.1536757043 0.1600170623 0.1901525903 0.2339730298 0.3521629465 0.4726282694 0.5657759685 0.7610616319 0.7912480682 0.8663248227 0.8440338477 0.6996501792 0.5875778756 0.4734250968 0.3200697534 0.1839968765 0.2141946637 0.2103319560 0.1674695849 0.1707922063 0.1308913437 0.1056059759 0.1364410272 0.1371844122 0.1267151917 0.1462453249 0.1443490969 0.1772763396 0.1351240503 0.1283835161 0.0749932039 0.1170023945 0.1922853373 0.1641354350 0.1015594619 0.1177003852 0.1196914182 0.1343561697 0.1539936170 0.1837202674 0.1353442418 0.2753114502 0.3119027255 0.5376360503 0.5974062408 0.7417878836 0.8388637451 0.9149718088 0.8383492075 0.7398169207 0.6750649776 0.4271707588 0.3484839524 0.2738330446 0.2161613026 0.1887278069 0.1524949040 0.1275625642 0.1235552237 0.1466430326 0.1744637451 0.1293820260 0.1441310748 0.1599975768 0.1434652255 0.1624741211 0.1194597565 0.1277973200 0.1698517656 0.1504596496 0.1386862044 0.1470577571 0.1740336929 0.1074764229 0.1319589043 0.1108646606 0.1170627299 0.1785286568 0.1928924617 0.3114164191 0.3827304599 0.4999999807 0.6109488634 0.7065369831 0.8092714895 0.8506336437 0.7403255054 0.7762771105 0.5968319871 0.4500660489 0.2904793584 0.2234643265 0.2365983443 0.1531272045 0.1283066809 0.0863533452 0.1728139906 0.1699334771 0.1610896254 0.1802473356 0.1041980051 0.1780346524 0.0942769201 0.1474937429 0.0990980915 0.1283264832 0.1452727787 0.1680634500 0.1474668220 0.1161266518
0.1434068955 0.1466295308 0.1525534860 0.1536574505 0.1202924805 0.1244323993 0.1504463278 0.1292688056 0.2318042195 0.2299541581 0.2948451245 0.4719898328 0.6049503845 0.6998074118 0.7982484778 0.8293427048 0.8193473480 0.7321684476 0.6236735071 0.4834002775 0.3185286557 0.2135445719 0.1871728148 0.1252953993 0.1353625608 0.1375425500 0.1574926113 0.1155217394 0.0835944259 0.1377881548 0.1566483631 0.1387375316 0.1390723981 0.1230643861 0.1531504583 0.1069750672 0.0699071218 0.1456552700 0.1618855998 0.0833402320 0.1291746941 0.1757443453 0.1120657140 0.1016037358 0.1878657422 0.1522818266 0.2087217134 0.2677162635 0.3428581717 0.4444849540 0.6103655575 0.7293011723 0.7749469155 0.8544049403 0.8068916030 0.6888108440 0.5785149197 0.4369326126 0.3466956725 0.2647222430 0.2248266470 0.1697331714 0.1791401855 0.1849786119 0.1069066970 0.1273183210 0.1112679314 0.1168542757 0.1617518175 0.1152820055 0.1228236085 0.1091155387 0.1435448595 0.1473034083 0.1401981805 0.1685364659 0.1163287411 0.1948975948 0.1430829006 0.1379847601 0.0903801803 0.1568743670 0.1390800831 0.1277414465 0.1860175971 0.2045455420 0.3489352208 0.4815473638 0.6021208814 0.7748642573 0.8148512307 0.8142954022 0.7366821992 0.7339776461 0.5884902756 0.4874776882 0.3846292373 0.2015475355 0.2074101771 0.1072141608 0.1250195024 0.1276104062 0.1302013192 0.1268225101 0.1640746306 0.1593853874 0.1074030376 0.1358242978 0.1294214741 0.1476528941 0.1196450570 0.1120277875 0.1364287826 0.1354104225 0.1251009156 0.1198354408 0.1573509436 0.1425433501 0.1608492271 0.1417745394 0.1851952918 0.1500007551 0.2061842231 0.2710209462 0.3924145585 0.4886397826 0.6218462492 0.7299835889 0.8408629054 0.8592636222 0.7913279767 0.7243356491 0.5850048629 0.4491402951 0.3489923939 0.2285021096 0.1945483132 0.1618692856 0.0976887335 0.1379844422 0.1443529124 0.1416195012 0.1376328115 0.1338028202 0.1491038325 0.0956493962 0.2018350074 0.1667365790 0.1283770955 0.0798244358 0.1590311768 0.1447142295 0.1398784129 0.1509474496 0.0611280192 0.1629019612 0.1187836596 0.1449725411 0.1943928098 0.1903994278 0.2316725596 0.2748673529 0.3430248267 0.5033232505 0.6128282830 0.7528882709 0.8357152502 0.8511198693 0.8232564622 0.7256041527 0.5770831647 0.4432315607 0.3461970572 0.2321230244 0.1965548089 0.1951143173 0.1533758503 0.1181899974 0.1525161392 0.0676575716 0.1722553059 0.0737797903 0.1440290588 0.1919709603 0.1536497890 0.1726717375 0.1804362244 0.1036812861 0.1990844332 0.1359497576 0.1829877408 0.1145281718
0.1422688466 0.1304274526 0.1003601391 0.0683345578 0.1424557008 0.1581251522 0.1460806963 0.1861285886 0.2249775686 0.2358973615 0.3502604496 0.4563782004 0.5616284129 0.7966559959 0.8280441768 0.8259760997 0.7504993524 0.6991032335 0.6438687957 0.4605991331 0.3824498928 0.2354793741 0.1968496526 0.1767871301 0.1359248931 0.1110600799 0.1453340548 0.1176887528 0.1186903823 0.1480111277 0.1304152493 0.1231835106 0.1297679622 0.1629266344 0.1517526708 0.1648753580 0.1316652716 0.0862517320 0.1192269306 0.1529752439 0.1225924523 0.1660725654 0.0993893966 0.1344501929 0.1716062827 0.1829319154 0.1508703290 0.2833833568 0.2973487357 0.4801073881 0.5948803745 0.7673276606 0.8107597915 0.8469661442 0.8611645329 0.7000019178 0.5771681235 0.4576483447 0.3256762266 0.2491732808 0.1525820168 0.1626805997 0.2296825921 0.1301683533 0.1187573787 0.1123143001 0.1426374719 0.1088639455 0.1397375477 0.1715785077 0.1470479356 0.1499899335 0.0951654738 0.1504136194 0.1863302139 0.1425983617 0.1474187450 0.1456425615 0.1539275193 0.1216272396 0.1419221906 0.1612342584 0.1469869261 0.2127470830 0.2163635618 0.2560544693 0.3464915987 0.4727322603 0.6224728981 0.6822382739 0.7974782251 0.7876893204 0.8546931769 0.7563459860 0.6059799974 0.5346867370 0.3624048852 0.2840231243 0.1847519934 0.2261658210 0.0933403757 0.1261831909 0.1146228658 0.1149519537 0.2104861067 0.1314934117 0.1588025122 0.1884492449 0.1082175911 0.1632767911 0.1545086364 0.1523993764 0.1289591793 0.1403546111 0.1625261773 0.1233519411 0.1523835242 0.1726589715 0.1446652712 0.2032968363 0.1467207911 0.1381636003 0.2348995970 0.2834610650 0.3901454936 0.4780317692 0.5800723658 0.7128826054 0.8236246161 0.8387397071 0.8385240112 0.7318138718 0.5673123694 0.4366218452 0.3660914312 0.2369721345 0.1952055111 0.1707097849 0.1423559462 0.1956224473 0.1171832722 0.1133541311 0.1632438493 0.1182619790 0.1523918416 0.1714334186 0.1843635034 0.1748399694 0.1613069701 0.1608725643 0.1455405746 0.1574697614 0.1015973895 0.1571114547 0.1525889621 0.1429247684 0.1340428854 0.1328203145 0.1536381089 0.1366632495 0.2398621147 0.2506470308 0.3961991057 0.5196843922 0.6157735533 0.7822686154 0.8447637453 0.8414580948 0.8850354942 0.6931108101 0.6196058185 0.4636405501 0.3595302812 0.2501830688 0.2401090431 0.2622287384 0.1812000306 0.1581214302 0.1947891507 0.1338036271 0.1162363541 0.1463130862 0.1455584181 0.1434654322 0.1625710047 0.1707704084 0.1394309496 0.1899076834 0.1250179630 0.1199287930 0.1446513836 0.1568949567
0.1304532489 0.1496650262 0.1292135200 0.1649089906 0.1082477964 0.1094410189 0.1553097368 0.2147382790 0.2211721339 0.2603612298 0.3159604429 0.4505607705 0.6053530572 0.7063748010 0.7964394860 0.8568470156 0.8372378864 0.6838225782 0.5657259194 0.4843467464 0.3349901080 0.2907506772 0.1912750410 0.1719549128 0.1669344741 0.0990202043 0.1502497287 0.0868050536 0.1457265589 0.1326776059 0.1081486566 0.1711971004 0.1769423966 0.1356161061 0.1573057129 0.1311590446 0.1832849349 0.1840392369 0.1537803105 0.1558882638 0.0991108109 0.1275431999 0.1424714721 0.2223283192 0.2042181131 0.2297401034 0.1640121141 0.2724162715 0.3580902655 0.4571064072 0.6327417364 0.7582376371 0.8138787893 0.8156830921 0.8605827277 0.7277545887 0.6212018757 0.4230464031 0.3279574538 0.2805305705 0.1921869411 0.2016052768 0.1743899336 0.0955831678 0.1936617673 0.1005113769 0.1400246012 0.1952816779 0.1325539869 0.1242448562 0.1479215342 0.1456964387 0.2072424354 0.0941678136 0.1962722940 0.0707857641 0.1324061361 0.1348771642 0.1373718432 0.1741931139 0.1995532556 0.1366446017 0.1607893838 0.1648926250 0.1848032615 0.2951412103 0.3885204868 0.4931939079 0.6404994228 0.7699715660 0.8875500298 0.8340823402 0.8039430392 0.7210204096 0.6081048172 0.4222707452 0.3612749029 0.2817637831 0.2483006366 0.1524039102 0.1392307939 0.1959226451 0.1644110751 0.1796933671 0.1462193722 0.1568787148 0.1672964095 0.1665728200 0.1467253652 0.0763508471 0.1537493480 0.1632707541 0.1122359886 0.1632986604 0.1236870197 0.1475014192 0.1076272739 0.1817202291 0.2099693900 0.1990786746 0.2024570455 0.1973968634 0.2357165725 0.3053028056 0.3869831019 0.4837809643 0.6847863413 0.7903792620 0.8508559112 0.9047707385 0.8052917489 0.7500844045 0.5663810611 0.4440548428 0.3499467997 0.2694696113 0.2387081439 0.2164888076 0.1528488267 0.1970478840 0.1865211549 0.1480024797 0.2000662656 0.1160968335 0.1787331747 0.1461263425 0.1600729887 0.1237143994 0.1389827561 0.1405019874 0.1886158808 0.1720046925 0.1741026839 0.1652466415 0.1599259483 0.1602542069 0.1410904878 0.1374436556 0.1819160427 0.1765215411 0.2660199594 0.2965429393 0.3492508895 0.5301554483 0.6794868706 0.7899934925 0.8793992948 0.8775183916 0.8392717180 0.7472684408 0.5902759295 0.4895312875 0.3368474552 0.2666266309 0.1644436395 0.1997940264 0.1991886998 0.1739679547 0.1026045913 0.1509231637 0.1177245889 0.1714643579 0.1660783481 0.1916504402 0.1593809253 0.1642136759 0.1445317549 0.1540165192 0.1625803237 0.1611295000 0.1575097463 0.1466023142
0.1751268439 0.1431513243 0.1279930914 0.1025979475 0.1567312506 0.1331600257 0.1565947424 0.1741312166 0.1831860695 0.2700933268 0.3947329343 0.4502956859 0.5913704661 0.7994225965 0.8293099768 0.8856731195 0.8176943897 0.6830279795 0.5835171309 0.4468828954 0.3460551195 0.2322306913 0.2474477842 0.1316593283 0.1464317621 0.1268135057 0.1471892098 0.1354065830 0.2100226955 0.0946152113 0.1422555003 0.1320011572 0.1766090132 0.1306065301 0.1385305565 0.1063020865 0.1527913341 0.1787744132 0.1501480647 0.1492594944 0.1690468124 0.1133663614 0.1381718243 0.1914663364 0.1733798125 0.1266995992 0.1927280722 0.2520018447 0.3357417646 0.5429877337 0.6198019001 0.8029269320 0.8110981065 0.8996101353 0.8185175968 0.7291693007 0.6239157820 0.4789923215 0.3190804313 0.2332657256 0.2330382988 0.1359638699 0.1745419959 0.1421308946 0.1432202735 0.1495694605 0.0836174123 0.1228350735 0.1364918634 0.1428135653 0.1757412377 0.1867613268 0.1479120402 0.1082819543 0.1765293143 0.1422708236 0.1065061169 0.1394724328 0.1557230158 0.1982510789 0.1387305826 0.1223836825 0.0964047822 0.2277886211 0.2061130771 0.3071295798 0.3735035053 0.5339245874 0.6179568563 0.7391967060 0.8108373652 0.9021903949 0.7656630596 0.7069303662 0.5664590319 0.4552931665 0.3430492049 0.2791296075 0.2230962328 0.1843641654 0.1379760240 0.1887995787 0.1666845339 0.1713014967 0.1875239450 0.1931045194 0.1182293251 0.1805338430 0.1676721836 0.1915235853 0.1504174084 0.1359184991 0.1265725946 0.1377860353 0.1667920020 0.1557074345 0.1483102547 0.1741957422 0.1511111562 0.1762646044 0.1971555457 0.2206607680 0.2133127893 0.2833576475 0.4510884108 0.4807484556 0.6503651084 0.7753721236 0.8890369231 0.8265909941 0.7690890414 0.7141533346 0.5919763594 0.4698809268 0.3693094022 0.2889866617 0.2141159847 0.2182925834 0.1831522039 0.1738554414 0.1617024830 0.1515584826 0.1942712354 0.1545412663 0.2052562476 0.1581349764 0.2169391949 0.1724926515 0.1905227822 0.1882489389 0.1273680232 0.1273390604 0.1112430004 0.1566294781 0.1629956175 0.1638700254 0.1750366768 0.1614866440 0.1693423966 0.1395085316 0.2821313866 0.2985403096 0.4646032832 0.4930441471 0.6847704957 0.7674455371 0.9142589035 0.8481743175 0.7855347218 0.7397513713 0.5728705967 0.4243517624 0.3738621593 0.3002492962 0.1691642216 0.2074589690 0.1035110318 0.1677390011 0.1936867077 0.1755795909 0.1709936684 0.1816145290 0.1599466427 0.1813559368 0.1618062260 0.1614806458 0.1598806115 0.1698434746 0.1679597522 0.2010918669 0.1859078485 0.1582146978
0.1492376037 0.0879703033 0.1720429146 0.1634571440 0.1420603044 0.2346984111 0.1623707686 0.1764450786 0.2508524205 0.2754494182 0.3468795453 0.4910564953 0.6335262345 0.7564508429 0.8113941215 0.8624106600 0.8422172246 0.7620796750 0.6532377332 0.4851541539 0.3036654001 0.2583544227 0.2080261503 0.1902534173 0.1469067593 0.1497161135 0.1446364891 0.1421342889 0.1642846957 0.1266301631 0.1643664760 0.1414151341 0.1324332968 0.2250220910 0.1529031496 0.1528582758 0.1103062288 0.1767496760 0.1243712634 0.1751168859 0.1807599084 0.1228508390 0.0925341368 0.1241852523 0.1149113432 0.2310798908 0.1529553595 0.3011196091 0.3854024774 0.5012924786 0.6912484512 0.7555247652 0.7965661985 0.8697467933 0.8226645285 0.7116411658 0.6200310026 0.4958166979 0.3448820808 0.2475242234 0.2441666231 0.2356168555 0.1233664748 0.2116745996 0.1641764976 0.1955198674 0.1580095755 0.1600289809 0.1487637064 0.1515266742 0.1385984572 0.1445371436 0.1414563452 0.1787154536 0.1920146609 0.1851349604 0.1575030857 0.1831916420 0.1574674056 0.1445826743 0.1872396313 0.1372406747 0.1802945741 0.1986009552 0.2192742775 0.2727634677 0.3800788179 0.5116691878 0.6752383957 0.7937712080 0.8466658051 0.9135129302 0.8445553617 0.7390649026 0.5596531906 0.4321622607 0.3163510614 0.2569616833 0.1920774371 0.1671463322 0.1794997900 0.2069533625 0.1534336286 0.1051695893 0.1584460693 0.1286201731 0.1568792755 0.1311471472 0.1857465304 0.1598685845 0.1440781365 0.1473783908 0.1882798249 0.1315842792 0.1578424616 0.1212680254 0.1203052422 0.1790086544 0.1794387837 0.1745883860 0.1827309160 0.2287845336 0.2236791983 0.3008586677 0.3881368626 0.5340148578 0.6740098945 0.7698454381 0.8523900963 0.8526027042 0.8366058595 0.6985506202 0.6052817786 0.4300241995 0.3065097640 0.2746804080 0.2598724221 0.2039481510 0.2163129588 0.1795782798 0.1668767740 0.1199886065 0.1754492213 0.1252669604 0.1637558120 0.2241566514 0.2021012475 0.1417892493 0.1875380002 0.1840671630 0.1812888051 0.1589480046 0.1246488756 0.1130875306 0.1370159609 0.1224442226 0.1502648484 0.1406730061 0.1614717906 0.1962047061 0.2690165910 0.3290455462 0.3909195339 0.5755966206 0.7045161111 0.7612348336 0.8370592558 0.8673711346 0.8318477630 0.7557076955 0.5949170904 0.4100496861 0.4087724752 0.2316330581 0.2224567637 0.1678668310 0.1295161938 0.1721033074 0.2080487792 0.1864181861 0.1368553529 0.1485576784 0.2105982107 0.1838203167 0.1995310533 0.1631993684 0.1147116496 0.1431523420 0.1665403424 0.1648086082 0.1347538381 0.1463442312
0.1332352242 0.1027692082 0.1665704332 0.1945443211 0.1324999108 0.1674167822 0.2179448553 0.1789541120 0.2107256078 0.2640652733 0.3867666623 0.5020268742 0.6586683844 0.7815515157 0.8231015939 0.8777576549 0.8634392353 0.6898637472 0.5532266284 0.4749695778 0.2801148061 0.2774413507 0.1718854983 0.1592962404 0.1511954811 0.1200570006 0.1524251101 0.1252676744 0.1803774255 0.1538897026 0.1432865608 0.1571366282 0.1372639925 0.1968030348 0.0904190816 0.1388722610 0.1983820693 0.1425591415 0.1682002062 0.1216552910 0.2107751695 0.1708782973 0.1712892731 0.1274615776 0.1791856953 0.1662264419 0.2348004283 0.3028930463 0.4162972378 0.4885744761 0.6162604225 0.7647594632 0.8722903038 0.9038324651 0.8204517128 0.7248872146 0.5603173263 0.4190475825 0.2817433501 0.2565306296 0.2052161606 0.1458719483 0.1507213312 0.2017814751 0.1939387253 0.1631250892 0.1623171116 0.1831166475 0.1352408932 0.1966345670 0.1408722464 0.1708307891 0.1815017991 0.1773511401 0.1463903457 0.1815592808 0.1668500247 0.1387928242 0.1976660600 0.1020878070 0.1517361901 0.1817318206 0.1557640933 0.2251935313 0.2785284335 0.3356517854 0.4044568893 0.5334262088 0.6445592168 0.7821466239 0.8810895188 0.8453019060 0.7777191187 0.7290876649 0.5914174787 0.5031797612 0.4035044056 0.2319626978 0.2045479569 0.1894769159 0.1536492504 0.1241911453 0.1199748755 0.1542174697 0.1931259086 0.1714319328 0.0788723423 0.1713243336 0.2004811075 0.2000973274 0.1406171353 0.1671849045 0.1988805873 0.1824448084 0.1759068117 0.1645125179 0.1456107957 0.1469416185 0.1774842152 0.1966309173 0.1866374655 0.2184156836 0.2590356639 0.2725350155 0.3781484513 0.5229248875 0.6297838512 0.8065474110 0.8264837910 0.8901303236 0.7953261958 0.6553843156 0.5930306694 0.4586393501 0.3360981717 0.2437831334 0.2326306196 0.1985857248 0.1807805492 0.1833463611 0.1542585456 0.1814131555 0.1739468871 0.1484325732 0.1595994105 0.1379611132 0.1936057090 0.1006968533 0.1693793256 0.1292893437 0.1358150055 0.1339153658 0.1728048879 0.1534566896 0.1540011813 0.1479398900 0.1592201334 0.1723447186 0.1789425121 0.2039632464 0.2778471254 0.3022159556 0.3484616346 0.5332220317 0.6532643575 0.8238002976 0.8789134067 0.9116468165 0.8471498296 0.6899106084 0.6273105553 0.4593240207 0.3783988764 0.2891571894 0.2006047931 0.1693588987 0.1572428372 0.1876398908 0.1949825928 0.1860449251 0.1752157621 0.1328675369 0.1795197755 0.1803616698 0.1844388383 0.1291170323 0.1728976755 0.1485336863 0.1493090900 0.1792049148 0.1841774993 0.1260515196
0.1552154111 0.1653290523 0.1464724551 0.1155416109 0.1373871733 0.1947290714 0.1592714384 0.1660585155 0.2178535075 0.2979185299 0.3774912886 0.5127289065 0.6040067943 0.7730983168 0.8583129928 0.8498605629 0.8188071058 0.7305707300 0.6329972461 0.4569144142 0.3469590905 0.2588977279 0.2261449997 0.1674092915 0.1670248736 0.1859580227 0.1799910199 0.1177995028 0.1537852941 0.1382901501 0.1607382687 0.1371452662 0.1334762642 0.1389976572 0.1918657317 0.1451650971 0.1569194623 0.1417716284 0.1318984064 0.1233377422 0.1039285299 0.1438275052 0.1802631200 0.2097483396 0.1294725626 0.1853697898 0.2077761064 0.2666693328 0.3920570111 0.5132002494 0.6043478495 0.7488015031 0.8357544413 0.9399612542 0.8266186722 0.7081496219 0.6287326496 0.4434921041 0.3254067714 0.2756832197 0.2141176304 0.1789270054 0.1084122626 0.1698480294 0.1669138817 0.1142513795 0.1852813005 0.1858518217 0.1396003354 0.1630483166 0.1569486018 0.1551809968 0.1194886491 0.1628051325 0.1747753215 0.1981635690 0.2156741864 0.1912924292 0.1220824810 0.1743082063 0.1330329148 0.1288145382 0.1620576884 0.2120451525 0.1986718839 0.3387041485 0.4596293487 0.4596640364 0.6632994648 0.7721621159 0.8657972567 0.8720993121 0.8812964810 0.7894263320 0.5986766738 0.4331920708 0.3067052961 0.2361947108 0.1757930347 0.1761681959 0.1994255896 0.1365260830 0.1729936171 0.1503780878 0.1236075785 0.1534196145 0.1712409702 0.1731955841 0.1609525869 0.1764304441 0.1735154615 0.1639513951 0.1772837493 0.1335357802 0.1463358842 0.1856202684 0.1973332958 0.1480175885 0.1787459001 0.1719739746 0.1937991478 0.1733924430 0.2526077875 0.3614926413 0.4187169373 0.5567495720 0.6205526861 0.8086585854 0.8478575844 0.8228976139 0.7837310178 0.7393611630 0.5247432442 0.4368507895 0.3357961234 0.2597362051 0.2423242075 0.1681528046 0.2076253907 0.1031879283 0.1858406340 0.1682270970 0.1163649385 0.1795022790 0.1440870620 0.1745575946 0.1476006336 0.1333530029 0.1741848495 0.2301559078 0.1960593773 0.1541772949 0.1919894461 0.1755808800 0.1852100757 0.1482165445 0.2378026049 0.1260242526 0.1484613682 0.2257350140 0.2962719462 0.3080330718 0.3802037127 0.5319361504 0.6408208488 0.8000334799 0.8242444764 0.8575636632 0.8222007775 0.7469427945 0.5426527605 0.3965866024 0.3526086186 0.2591090799 0.2494683476 0.1998201775 0.1322063242 0.1942651528 0.1612660534 0.1523230481 0.1505692197 0.2036423962 0.1677128004 0.1786759955 0.2159550967 0.1585319775 0.1692340996 0.2280140545 0.1810584703 0.1838166073 0.1840068104 0.1387563435
0.1533449337 0.1911947734 0.1040845977 0.1208882427 0.1368334228 0.0798043037 0.2037157989 0.2328292800 0.2698846381 0.2975066268 0.3991218270 0.5407786691 0.6361540415 0.7917254248 0.8658148536 0.8564388927 0.8281740170 0.7239304283 0.5801942790 0.3975550835 0.3950803696 0.2698764275 0.1741691279 0.1957177098 0.1469001635 0.1703969636 0.1254987587 0.1490577396 0.1572737597 0.1355872588 0.1397108181 0.0830120613 0.1382409905 0.1443524114 0.1680648188 0.1277138031 0.1737210769 0.1687468421 0.1633658759 0.1528628568 0.1582908168 0.1124150445 0.1516532579 0.1605098366 0.1455051347 0.2094148555 0.2542255902 0.2880185159 0.3961071752 0.5434480238 0.7068418552 0.7676393056 0.8784256191 0.8631612575 0.8552912918 0.7059088888 0.5919200181 0.4917605063 0.3188175322 0.2269616909 0.1760235646 0.1514100051 0.1613123371 0.1245012083 0.1758762700 0.1518209177 0.1601578500 0.1970105411 0.1704954448 0.1099549000 0.1441829279 0.1511609954 0.1282726790 0.1199664140 0.1280826571 0.1754527622 0.1811856990 0.1481275556 0.1693518974 0.1219615678 0.1583558548 0.1360950850 0.1351198232 0.2170121328 0.2965460410 0.2730548115 0.4222296690 0.5404552163 0.6289527959 0.7531840296 0.8682481133 0.8479145115 0.8475040869 0.6969509246 0.5658796664 0.4257045806 0.3189552877 0.2156186288 0.1688796077 0.1600247768 0.1516139957 0.1519792770 0.1652709681 0.1889153938 0.1373860855 0.1617956965 0.1317880121 0.1287197153 0.1793109160 0.1713021974 0.1076526451 0.1448824267 0.1791201671 0.1515051025 0.1875110895 0.1326501568 0.1105763226 0.1446204257 0.1901766291 0.1611706426 0.1483099946 0.1946227446 0.2232193333 0.2901675249 0.4200417714 0.5469941020 0.6646841722 0.8023077218 0.8677434288 0.8352216168 0.8335341223 0.6702007244 0.5565888908 0.4398829633 0.3382586573 0.2635418047 0.1924027127 0.2442063294 0.1930912971 0.1704712333 0.1519002314 0.1850517069 0.1638508432 0.2022246613 0.1638323056 0.0961790872 0.1920740194 0.1059502989 0.1768200408 0.1273027990 0.1540504608 0.1590011113 0.1669716294 0.1597010837 0.1375861952 0.1737394515 0.1299061021 0.1733385117 0.1234726423 0.2069802422 0.2393689556 0.2972439538 0.4405749461 0.5036809165 0.6947080640 0.8117320709 0.8709524757 0.8270676799 0.8088778465 0.6913340942 0.6013169269 0.4007387738 0.3391291634 0.2623557679 0.2281146000 0.1743162039 0.1813508543 0.1291921149 0.1503049563 0.2018498815 0.1522920595 0.1190890065 0.2163858117 0.1505955191 0.1269422142 0.1651566472 0.1566720595 0.2086973289 0.1249234222 0.1757335368 0.1696333904 0.2065202549
0.1228383027 0.1216042813 0.1769780330 0.0548264301 0.1047972376 0.1699617923 0.1872791889 0.2162355321 0.2506437245 0.2695345261 0.3241711718 0.5164844739 0.6854078501 0.7580464842 0.8417615617 0.8652630618 0.8143955375 0.7086611104 0.5868515582 0.4045956192 0.3586636238 0.2010283572 0.1848142192 0.1896109891 0.1203780344 0.1440120738 0.1587788406 0.1423696914 0.0856942720 0.1345811013 0.1591149746 0.1096646281 0.1600750935 0.1296301621 0.1168626669 0.1349335353 0.1545260708 0.1038142831 0.1341823521 0.1482194035 0.1218028430 0.1361184530 0.1707834164 0.1685392720 0.1318107027 0.1820610998 0.3035343137 0.3218759409 0.3840610714 0.4605923770 0.6730840359 0.8059103320 0.8702780524 0.9121327472 0.7871802166 0.6832467754 0.5776894462 0.3898990696 0.3277581579 0.2475904273 0.1420001348 0.1909649670 0.1790429616 0.1961355408 0.1676021352 0.1147406387 0.1272298248 0.1654818667 0.1332412337 0.1883456701 0.1739765201 0.1324577430 0.1281948102 0.1626038227 0.1375658420 0.1021037706 0.0995339788 0.1662728705 0.1623459216 0.1522878818 0.1050317185 0.1476346900 0.1903138985 0.1935024549 0.2558967390 0.3165304603 0.4506460943 0.5314594624 0.6693308090 0.8324860193 0.8638318742 0.8981544713 0.8284496329 0.6859952935 0.5815781806 0.4620786084 0.3389357403 0.2248416241 0.1582246282 0.1856570920 0.1935044126 0.1180303770 0.1092147168 0.1867414667 0.1619372889 0.1281110812 0.1611414508 0.1308304746 0.1464846994 0.1708952719 0.1584528600 0.1786547831 0.1241589833 0.1862274028 0.1918509682 0.1271021961 0.1708196714 0.1012155199 0.1097055254 0.1818300120 0.1591474680 0.2338530241 0.2304521038 0.2831185149 0.4430733144 0.5134250114 0.6910353761 0.8355955467 0.8653134267 0.8730397539 0.8023095029 0.6413117084 0.5308688872 0.4453072454 0.3376611775 0.2627417684 0.2863344857 0.2372496597 0.1374867820 0.1878162613 0.1604735039 0.1545940004 0.1585594540 0.1499300009 0.1343226948 0.1627249879 0.1782606584 0.1397495691 0.1494402728 0.1879683921 0.1548988930 0.1799968514 0.1371272269 0.1731907939 0.1620829773 0.1633921415 0.1579187657 0.1131626980 0.2234927833 0.1768803235 0.2500266291 0.2786492748 0.4839944102 0.5549276883 0.6859958071 0.8752064394 0.8794264343 0.9409191031 0.8049156643 0.7026684683 0.5710555437 0.4244165214 0.3718776870 0.2855090383 0.2077160491 0.1373743890 0.2034149704 0.1646800450 0.1893856218 0.2004423914 0.1629726089 0.1617221761 0.1751076893 0.1539086978 0.1687296093 0.1650994565 0.1937270248 0.1469549861 0.1445687934 0.2075095363 0.2106234322 0.1731669878
0.1738022690 0.1410423024 0.2171591193 0.1244973416 0.1292901198 0.1315608443 0.1293590220 0.1413356571 0.2330606918 0.3291789733 0.3531361097 0.4934795060 0.6644487617 0.7661686427 0.8206927025 0.8408773989 0.8048283449 0.6999491495 0.5761757784 0.4900168922 0.2832689722 0.2714061279 0.2108122550 0.1898394145 0.1379637965 0.1444542244 0.1375124172 0.1920753008 0.1180704338 0.0998182566 0.1089208444 0.1182481696 0.1260095596 0.1304712819 0.1188408950 0.1696414706 0.1676851409 0.1871426086 0.1428317973 0.1375596163 0.1242518075 0.1461576179 0.0799533888 0.1343739509 0.1448661346 0.1888271526 0.2518190062 0.3257425296 0.3946052617 0.5037258981 0.7068216287 0.7388711487 0.8172187326 0.7805967006 0.8021977620 0.6796028760 0.5387467716 0.3810191961 0.2910977585 0.2424453093 0.1678221534 0.1671139157 0.1507323990 0.1410219213 0.1569008785 0.1076989170 0.1703844837 0.1057738003 0.1506133721 0.1211626778 0.1563983474 0.1436352362 0.1079255448 0.1514327249 0.1425695329 0.1696017626 0.1219959326 0.1264459406 0.1246451899 0.1423529808 0.1216204930 0.1532167181 0.1475679615 0.2116990747 0.2221809565 0.2410557213 0.3836105525 0.4841026729 0.6569777294 0.8446238051 0.8272133388 0.8790019002 0.8654878484 0.7095051088 0.5148718306 0.4478047457 0.3367496193 0.2618340076 0.1523211249 0.1639273554 0.1654937256 0.1698571218 0.1851108420 0.1428531698 0.1100005775 0.1695879356 0.0968873839 0.1242909877 0.1645583847 0.1570695325 0.1317308669 0.1427324578 0.1412261109 0.2136547197 0.1551954355 0.1393948147 0.1672389273 0.1365877275 0.2298108237 0.1218592412 0.1643258374 0.1469120927 0.2769102211 0.3411209184 0.4574368558 0.5180641856 0.6937891423 0.7243455640 0.9048007682 0.8809412279 0.7653351598 0.6435908267 0.5449538080 0.4410843851 0.3192754683 0.2440704749 0.2124558610 0.1257320646 0.1556301649 0.1731036181 0.1728753152 0.1878709501 0.1435106160 0.1353118330 0.1320411503 0.1077995358 0.1776084624 0.1541480728 0.1733393882 0.1622859069 0.1745870418 0.1440205803 0.1373721224 0.1405401897 0.1781058211 0.1924845397 0.2027565205 0.1580510149 0.1776543613 0.2534317963 0.2664447053 0.3282441210 0.4231927548 0.5281258337 0.7568479182 0.7808483064 0.8932707245 0.8541898632 0.7759044332 0.6601311210 0.5067651952 0.4380368702 0.3427504736 0.2138776719 0.1673141083 0.1821232516 0.1772640321 0.1416918377 0.1353081891 0.1676179994 0.1521468907 0.1116639328 0.1635967986 0.1653774987 0.1282001155 0.1533952282 0.1895847651 0.1571115156 0.2086046489 0.1839311526 0.1252704918 0.1510653310
0.1107006689 0.1055920865 0.1347876587 0.1465595546 0.1320442568 0.1352953845 0.1523445412 0.1596931096 0.2185653358 0.2844690808 0.4195515040 0.5446054216 0.6786451092 0.7630946667 0.8952673323 0.8032849821 0.7728468356 0.7335881382 0.5092713460 0.4024788801 0.2786587118 0.2674184589 0.1850884045 0.1598224516 0.1263080884 0.1189026218 0.1099572988 0.0956408461 0.1733759009 0.1356716101 0.0989857135 0.1137125306 0.1322274652 0.1454630086 0.1298479565 0.1143437652 0.1245747362 0.1298181700 0.1338609620 0.1441828775 0.1639683440 0.1624649811 0.1246044690 0.1430690362 0.1507571478 0.1694968509 0.2340732439 0.2703814093 0.4133749135 0.4384467661 0.6711843841 0.7763276228 0.8508753819 0.8719493116 0.7873019094 0.6472766595 0.5518434554 0.4148690416 0.3077374953 0.1913733938 0.2057463591 0.1334512973 0.1412387111 0.1661448735 0.1178836089 0.1871470937 0.1437556879 0.0961108759 0.1724349902 0.1406544931 0.1118305863 0.1657000953 0.1155695656 0.1712766711 0.1579441527 0.1425908375 0.1682868888 0.1822325062 0.1304128189 0.1700126517 0.1111727300 0.1533639022 0.1832648471 0.1869110296 0.1758219018 0.2645864377 0.4157533379 0.5054541229 0.6566389841 0.7518660105 0.9068386934 0.8252201627 0.7878445330 0.6908463865 0.5450158418 0.3832776144 0.3428818720 0.2802769825 0.1282748596 0.1738746534 0.1367684677 0.0900811452 0.1282779815 0.1317464920 0.1126799529 0.1748212462 0.1353430331 0.1118811687 0.1530575404 0.1501448212 0.0959398344 0.1924066548 0.1350361259 0.1745579890 0.1863037051 0.1280345980 0.0999345968 0.1297019385 0.1134140615 0.1465505330 0.1755214704 0.1867395853 0.2539263227 0.3246235421 0.3657842725 0.5563189617 0.7219677701 0.7909305426 0.8336061092 0.7882782613 0.8491606542 0.6406014737 0.5588612734 0.4399323650 0.2960824515 0.2260077325 0.1768581148 0.1677152153 0.1486791452 0.1184605550 0.1998501451 0.1427919357 0.0980166132 0.1693863380 0.1584237150 0.1280728903 0.1851125286 0.1680577751 0.1761360095 0.1664840249 0.1635094603 0.1228336598 0.1231875379 0.1631896066 0.1508980814 0.1543599738 0.1579275172 0.1711372021 0.1889760554 0.1796060476 0.2365046990 0.3237618288 0.4518207163 0.5989532107 0.7166341246 0.7582746985 0.8831552964 0.8261574232 0.8325833875 0.6982794755 0.5410901500 0.4052265531 0.2934231146 0.2722514116 0.1415313181 0.1906331091 0.1410445571 0.1594873544 0.1935649625 0.1507120811 0.1620214678 0.1365091372 0.1764459314 0.1650119188 0.1224495761 0.1346323421 0.1933963340 0.2050984464 0.1273388272 0.1451756244 0.1308969415 0.0839895078
0.1043709064 0.1177553878 0.1166468932 0.1268460812 0.1258512593 0.1320934730 0.1701992936 0.1546341949 0.1908036611 0.2708708409 0.3639615069 0.5025715760 0.6363054729 0.7001334114 0.8129050013 0.8149512854 0.7763829878 0.6239664594 0.4936234114 0.4495441522 0.3167222922 0.2215774055 0.1768719797 0.1484486379 0.1511450572 0.1071695673 0.1302438045 0.0981314022 0.1587426044 0.0541843669 0.1056808050 0.1678513465 0.1701752832 0.1301720494 0.1338373685 0.1035948736 0.1370895410 0.0981325423 0.1332396486 0.1272005508 0.1182353245 0.1068088180 0.1395722679 0.1480233597 0.1240873484 0.1842147932 0.2408628732 0.3050874929 0.3978711027 0.5182367660 0.6217087587 0.7363092601 0.8770972207 0.8132136280 0.8231294209 0.6517160265 0.5868949669 0.4334218604 0.2996415733 0.2493729368 0.1226661774 0.1641076730 0.1095567936 0.1403738283 0.1536618631 0.1212619802 0.1371143861 0.0861595795 0.1125651358 0.1287529476 0.1110719674 0.1128554007 0.1526399231 0.0977021839 0.1646107284 0.1781970133 0.1340943984 0.1163718338 0.1647528926 0.1649261461 0.1218557225 0.2016082607 0.1241386676 0.1833176606 0.2517955911 0.2754446428 0.4085572599 0.5273813282 0.6545685779 0.8020834445 0.7834087280 0.8250285011 0.7662714087 0.6703074812 0.5535727301 0.3438400204 0.2875852542 0.1932647312 0.1542743798 0.1016290799 0.1497896886 0.1880795869 0.1274102569 0.1253140338 0.1461583211 0.1543155199 0.1311018082 0.1678390884 0.1298860526 0.1360186246 0.0674203549 0.1119343405 0.1407701177 0.1515307616 0.1333303640 0.1347041948 0.1071490869 0.1079855414 0.1420112036 0.1000018207 0.2126410401 0.1526034205 0.2316324524 0.3414245463 0.4062638711 0.5418363045 0.6813659510 0.7664315792 0.8390513529 0.8721950812 0.7741603227 0.6781981334 0.5097009963 0.3928730777 0.2693741428 0.2712747192 0.1734809029 0.1385290960 0.1076885071 0.1374130612 0.1412644662 0.1056429537 0.1646185031 0.1032451925 0.1649287902 0.1980844040 0.1142013639 0.1302742188 0.1379507845 0.1254926173 0.1137445580 0.1595027898 0.1258532332 0.1077586695 0.1467149564 0.1635869689 0.1954951948 0.1169347492 0.1748294836 0.1876604044 0.2471025506 0.2767629462 0.4611379528 0.4891437666 0.6945717455 0.7510504554 0.8415947597 0.8885885877 0.7467000618 0.6467926629 0.5447760964 0.3580632113 0.2718495608 0.2773776848 0.1820571781 0.1528045073 0.1371560866 0.1266461403 0.1246431599 0.1060699866 0.1170697375 0.1429832023 0.1346082602 0.1848596033 0.1587041543 0.1527620034 0.1127004009 0.0719407004 0.1109503150 0.1708428270 0.2113978884 0.1078811304
0.0992363446 0.1070859980 0.0433307276 0.1291801724 0.1277460756 0.1268236441 0.1699551383 0.1461370172 0.2411518070 0.2369022925 0.4117609985 0.5408459253 0.6861891044 0.7464698320 0.8778069040 0.8209113931 0.7308069848 0.6845020422 0.5020239843 0.4207111192 0.2722099796 0.2136894452 0.1801402159 0.1295170694 0.1430270088 0.1321911141 0.1273798187 0.1280949167 0.1212414261 0.1307250684 0.1213624354 0.1742856610 0.1256100118 0.1506301124 0.1337129335 0.0740287591 0.1052670290 0.1623797004 0.1144302126 0.0883107111 0.1158776318 0.1695336293 0.1303727317 0.1619199702 0.1418980464 0.1870322968 0.2377981207 0.3455088937 0.4077505756 0.5342132244 0.6667060123 0.7612468852 0.8267394702 0.8048319747 0.7368513949 0.6851556171 0.5325333353 0.4132960381 0.2709972109 0.1844574221 0.1843531383 0.1006273088 0.1210180906 0.1209973674 0.1566675392 0.1263236343 0.1102745920 0.1643385558 0.1107693806 0.1190321802 0.1088366214 0.1289299312 0.0794227365 0.1066399795 0.1164932342 0.1375966988 0.1024959482 0.1353768473 0.1221362899 0.1547053695 0.1696621133 0.1083700120 0.1466989939 0.1817831188 0.2543087374 0.3232599085 0.3881665970 0.5468729946 0.7160727180 0.7537659937 0.7988327786 0.7990123710 0.8319461887 0.6562084839 0.5201522108 0.4260490144 0.2446283362 0.2342405915 0.1454563437 0.1676163425 0.1271657479 0.1146940527 0.1128604469 0.2025517080 0.1129208032 0.1075176327 0.0970544011 0.1757900316 0.1551181951 0.1050066015 0.1210391476 0.1094933161 0.1811953186 0.1208922130 0.1194872631 0.1431100065 0.1314583284 0.0751994782 0.0972080135 0.1759932759 0.1372293412 0.1984560626 0.2147408534 0.2996089196 0.4282392731 0.5288437898 0.7250316031 0.7897256871 0.8512740510 0.8932476507 0.7862624294 0.6409448289 0.4643908702 0.3942199440 0.3419146513 0.1940695124 0.2065666520 0.1517263488 0.1212745971 0.1416024318 0.1535479711 0.1343808323 0.1218954894 0.1304547589 0.1058061324 0.1567795746 0.1111687093 0.1079544327 0.0990448486 0.1011221770 0.1135236012 0.0930012025 0.1118010359 0.1562924930 0.1330265138 0.0892052217 0.1176327072 0.0999381580 0.1478083462 0.2060695723 0.2626668767 0.2374447236 0.4065383826 0.5165564905 0.6577006884 0.8040953239 0.8566866296 0.8887122468 0.8201331465 0.6407292079 0.5082342841 0.4299693419 0.3064831104 0.2784800915 0.1511273167 0.1686006640 0.1699535407 0.1534578527 0.1346885021 0.1246018466 0.1400079184 0.1294309659 0.1124492533 0.1628605024 0.0975723255 0.1143097764 0.1310188325 0.2065904204 0.1279735999 0.1093531265 0.1012756637 0.1477875665
0.1435158813 0.0816842347 0.0580989686 0.0933167552 0.1133677321 0.1416507833 0.1519114501 0.1951404435 0.2038087710 0.3008842449 0.3835665020 0.5211191147 0.6028144279 0.7593503864 0.8867040388 0.8217204594 0.7602948290 0.6387618655 0.4998817613 0.4197272261 0.3177611373 0.1963517905 0.1725786578 0.0821634650 0.1437719697 0.1179474446 0.1128090191 0.1183380875 0.1828053337 0.1248489509 0.0915672678 0.0964538313 0.0856563942 0.0419531698 0.0971913793 0.1636453950 0.1239947015 0.1614701204 0.1332909596 0.1504494663 0.1241325762 0.1151300056 0.1218254242 0.1016136418 0.1468078505 0.1539625558 0.2261269187 0.2761990886 0.3664373724 0.5242835542 0.6502232131 0.7601655026 0.8755878831 0.8503057394 0.7836649320 0.6322745223 0.4814735188 0.4365291721 0.2726043968 0.2153961884 0.1566752111 0.1303870973 0.1300550493 0.1056732299 0.1346059407 0.1203990596 0.1358048036 0.1149876969 0.1125377063 0.1224202633 0.0971411157 0.1035073830 0.1627010162 0.1187852224 0.1559497527 0.0926754227 0.1222579641 0.1625355599 0.1531200882 0.1638076991 0.1391222960 0.1215529609 0.1141375597 0.2236709864 0.2162907569 0.3031449778 0.3880490506 0.5603258177 0.7049079129 0.7453425776 0.8216100290 0.8208043652 0.6891504160 0.6284054893 0.4839211746 0.4234894646 0.3274675935 0.1835076188 0.1755934350 0.1305868010 0.0537178165 0.1341989644 0.1503906451 0.0984018710 0.1058700187 0.1139297327 0.1123891798 0.1258589066 0.1590415452 0.1873602380 0.1308655085 0.1289471951 0.1012284734 0.1000956997 0.1436717654 0.1582390078 0.2238612544 0.1256709272 0.1385579362 0.1572426382 0.1973837892 0.1583825688 0.2424882281 0.2550905370 0.4048509027 0.5194496117 0.7086020496 0.7886023142 0.8627294679 0.8075633038 0.7864492595 0.6648199371 0.5274355039 0.4072135544 0.2804587216 0.1643654917 0.1616338716 0.1522229240 0.1418113465 0.1070798076 0.1317371689 0.1224850371 0.1057772699 0.1429261207 0.1164387584 0.1000186064 0.0910662673 0.1314278080 0.1710944832 0.0902297187 0.0670771672 0.0615232588 0.1104746997 0.0924627622 0.1792934451 0.0713397571 0.1444667768 0.1484571659 0.1854646129 0.2001518312 0.2692507948 0.2738142750 0.4172478708 0.5746229874 0.6963656483 0.8304121376 0.8465375703 0.8699866238 0.7350370685 0.6611371505 0.5378242905 0.3849088248 0.2857838684 0.2155135596 0.1946403559 0.1837587462 0.1167694178 0.1657157704 0.1396051820 0.1196414153 0.1071848347 0.1264339259 0.0860138494 0.1242569457 0.1462601640 0.1459599295 0.1356101686 0.1373161921 0.1481179248 0.1311332875 0.1405487651 0.1085215187
0.0924740543 0.1118083151 0.1078596774 0.0698479002 0.1145856344 0.1312981283 0.1296526803 0.1599574729 0.2218641513 0.2776695090 0.3492652586 0.4947623790 0.6419997991 0.7539083443 0.8114672589 0.8574599132 0.7437638185 0.6266282310 0.4674160200 0.3834941573 0.2691200685 0.2088850091 0.1705392857 0.1303669573 0.1006035262 0.1388455421 0.1224252873 0.1073890297 0.1852738903 0.1285071949 0.0791901796 0.1110353396 0.0653839497 0.1410728982 0.1138178928 0.1187070142 0.1523716708 0.0846599876 0.1135194085 0.1499977228 0.1339158357 0.1165233410 0.1361184458 0.1508929447 0.1792904579 0.1533488554 0.2447307070 0.2875341364 0.3943795869 0.5655687153 0.6656368068 0.8067459731 0.8568358354 0.8009606715 0.7268971928 0.6073656420 0.5111418418 0.4069363826 0.3118317740 0.1713615789 0.1179000333 0.1465512946 0.1147061260 0.1164349322 0.1201428915 0.1144604813 0.1154600319 0.1005592695 0.1308797033 0.1259065137 0.0907165071 0.0913143804 0.1023512731 0.1088149280 0.1115390350 0.1586582241 0.1392284277 0.1168125516 0.1346264561 0.1173581703 0.1310795151 0.0962507063 0.1555815427 0.1786071902 0.2403932568 0.3117093774 0.4101627863 0.5050689995 0.6226158130 0.7956736560 0.8908153824 0.8806488287 0.7631348416 0.6090264604 0.5255662858 0.3663810837 0.2754464273 0.2768111248 0.1579279373 0.1507205035 0.1592504855 0.0785250795 0.1003806776 0.1275913681 0.1337434488 0.1130285038 0.1380593493 0.0808237088 0.1402061186 0.0759891545 0.1406393990 0.1338799310 0.0870619440 0.1107891524 0.0809426131 0.1383549035 0.1358785218 0.1214966118 0.1584393194 0.0993367430 0.1076695546 0.1697800037 0.2226722836 0.3260793804 0.4784158314 0.5569128446 0.6728815523 0.7640105465 0.8415936041 0.8231731231 0.7388171551 0.6272149403 0.4513932845 0.3822974032 0.2862020675 0.1907888118 0.1687162622 0.1225135736 0.1021206698 0.1127471074 0.1700416499 0.0999368801 0.1469948338 0.0764735146 0.1320302032 0.1162502069 0.1686468281 0.0691617833 0.1124917948 0.2148496832 0.1322960328 0.1474895196 0.1021022973 0.1683654165 0.1381643648 0.0534866066 0.1337847233 0.1087179045 0.1302028968 0.2053731760 0.2494451666 0.3263311604 0.3739276193 0.5527818957 0.6862609379 0.8119319027 0.8457485916 0.8498968778 0.7516750212 0.6421897818 0.5144254470 0.3983939920 0.2365930523 0.1904797259 0.1762342877 0.1338528408 0.1433076696 0.1391994904 0.0578548379 0.1206433684 0.0847085360 0.1440270762 0.1184586960 0.0800058668 0.1793993074 0.1109854690 0.1366365709 0.1493646612 0.1441105499 0.1456533989 0.0627612819 0.1684481616
0.0988468766 0.0826989461 0.1219932803 0.1272287045 0.0974794516 0.1502875298 0.1640099394 0.1937514059 0.2310195706 0.2636487930 0.4299045391 0.5443049020 0.6068962667 0.7178926512 0.8004929299 0.8298141456 0.7536324218 0.6029174912 0.4953470460 0.3936902207 0.2292099992 0.2190993596 0.1782356339 0.1376964706 0.0670158223 0.1187907905 0.1187183368 0.0911578737 0.1596693642 0.1077662158 0.1194323216 0.1075844341 0.0787632740 0.1463720913 0.1063308875 0.1422038143 0.0949318126 0.1132146166 0.1281453483 0.1020166843 0.1153655414 0.1456313609 0.1069617506 0.1330054194 0.0989516469 0.2060729990 0.1760191386 0.3411128062 0.4468376717 0.6340043744 0.6848039683 0.7535375694 0.8267532607 0.8304263743 0.7461443778 0.6519484548 0.4708501472 0.4109779170 0.2836551633 0.2311454589 0.1391313517 0.1496896700 0.1485796967 0.1343052332 0.1062435066 0.0875509197 0.0726720934 0.0801520705 0.0814055107 0.1571574344 0.1384284752 0.1002934069 0.1245685879 0.0871758983 0.0931839298 0.1346981276 0.1400131489 0.1618068082 0.0867572862 0.1595903801 0.1219430484 0.0584627538 0.1580696949 0.2033861787 0.2105369308 0.2758158734 0.4021318626 0.5488470385 0.6526198450 0.8031450421 0.8319217806 0.8240878084 0.7818531365 0.5805708938 0.4758360043 0.3641839710 0.3086181041 0.1820261753 0.1229996337 0.1493577948 0.1875982235 0.0766581062 0.1343329010 0.1499748188 0.1494713734 0.1204743085 0.1350434773 0.1177918445 0.1623882343 0.0943554625 0.0869128959 0.0995711750 0.0895059731 0.0979278624 0.0868351364 0.1278393166 0.1617574555 0.0891708635 0.0975348238 0.1580657060 0.1720489672 0.1344519017 0.1919318865 0.3464941088 0.4483149226 0.5439936068 0.6768181931 0.8084749367 0.8649442688 0.8574073757 0.7245201787 0.6323138007 0.4603362080 0.3694833872 0.2732795031 0.1464233878 0.1945733468 0.1495548779 0.1137607839 0.0742754284 0.1277014091 0.1103745541 0.1430655793 0.1058889618 0.0706198639 0.0921204573 0.1025998585 0.1232037517 0.1297634186 0.1237337061 0.1269418262 0.1064704679 0.0664770116 0.1483354414 0.1218370357 0.1493807476 0.1146193331 0.1528698677 0.1595471700 0.1711835313 0.2262832253 0.3290202745 0.3771041075 0.5527557823 0.7196114273 0.7594247863 0.8736586332 0.8589849847 0.7839909608 0.6715872544 0.4878622787 0.4001661778 0.3005369195 0.2144504367 0.2010002358 0.1417322623 0.1448479324 0.1642527048 0.1011445008 0.1931345964 0.1165180611 0.1111156053 0.1550802638 0.1139370434 0.1059979671 0.1404005408 0.1218690820 0.0804471525 0.1042609557 0.1159435276 0.1693615557 0.0822549026
0.1300172930 0.0840160177 0.0897225155 0.0879617176 0.1122774241 0.1330292029 0.1578232072 0.1296503831 0.1553861656 0.2866247489 0.3619796282 0.5395154780 0.6891524496 0.7853852030 0.8268197524 0.8232674729 0.7373716768 0.6434620192 0.5255451793 0.3490449594 0.2402404197 0.2128862192 0.1475882920 0.1565860513 0.1111945990 0.1107210737 0.0696789202 0.0893976783 0.1498268889 0.1140253841 0.0751783028 0.0899364023 0.1219600845 0.0975582783 0.1410422631 0.0932341782 0.1279653149 0.1027922372 0.1084109995 0.0859428062 0.1261728136 0.1458445192 0.0780346670 0.1499989327 0.1554814504 0.1690506602 0.2166443549 0.2766656743 0.3769714451 0.5451828139 0.6399129777 0.8203460316 0.8220849348 0.8451220875 0.7687361253 0.6253022714 0.4839200870 0.3725406541 0.2469703000 0.1832792465 0.1463410932 0.1058138787 0.1161167869 0.1012789991 0.1418323224 0.1267698295 0.1330914686 0.1271639896 0.1265787026 0.1376706195 0.1291250125 0.1062218718 0.1210379860 0.1361517300 0.1126216965 0.1646324617 0.1112104092 0.1273158695 0.1464900447 0.1155827591 0.0907443514 0.1706007007 0.1219289020 0.1666047282 0.1791174206 0.3146968916 0.4476596890 0.5118378527 0.6847362458 0.7666472185 0.8497680968 0.8287893278 0.7782784155 0.6127890193 0.4711949723 0.3738103130 0.2966549545 0.2254392046 0.1908376178 0.0856185650 0.1179705038 0.1235881143 0.1019003500 0.1567026973 0.1033488235 0.1143526044 0.1026272511 0.1928095336 0.0765153217 0.1125384152 0.1333336152 0.0958219920 0.0632769766 0.1104391007 0.0749691384 0.1560601372 0.1373602758 0.1650008331 0.1888945365 0.1388402677 0.1130849268 0.1762832717 0.2641238135 0.3637876867 0.4167833169 0.5548680818 0.6692080387 0.7742956387 0.8354774161 0.8601579537 0.7117213875 0.6446521608 0.4954522624 0.4061025238 0.2489230131 0.2106780554 0.1697665735 0.1440921180 0.1050654582 0.1351686660 0.1528211984 0.0992569959 0.1090064975 0.1488203719 0.1427011145 0.1526661354 0.1725241750 0.1128924361 0.1103176485 0.0994491810 0.1354777218 0.0822229483 0.1461121413 0.1458533641 0.1339272908 0.1403485313 0.1191868608 0.1456154429 0.1534508461 0.1627168211 0.2500886405 0.3436954708 0.4387172609 0.5250688277 0.6970278087 0.8640422473 0.8776750388 0.8540891500 0.7424840447 0.6305080572 0.4655300459 0.3015326372 0.2548866053 0.2503102316 0.1771751656 0.1728149233 0.0761750565 0.1489893241 0.1032112223 0.1139198943 0.1257048161 0.1174094798 0.1111880867 0.1770630000 0.1230108022 0.1304484792 0.1737999565 0.1828275089 0.1517663742 0.1035148421 0.1714923657 0.1188303733
0.1860117482 0.1301345354 0.1281185870 0.1362663196 0.1565151515 0.1250786326 0.1814819543 0.1558166819 0.2058073664 0.3414896290 0.3825140435 0.5559886082 0.6734530097 0.7563950095 0.8489368914 0.7959614786 0.7115423922 0.6647809533 0.4987602021 0.3563554004 0.2733511597 0.2665529682 0.1329362313 0.0973041702 0.1416147070 0.1354809486 0.1331618563 0.1218632982 0.1801173468 0.1463415939 0.1462036347 0.1286082224 0.1904113754 0.1758789970 0.1164660532 0.1264707468 0.1060336747 0.1285002001 0.0704196933 0.1001853020 0.1400180741 0.1383221894 0.1583118615 0.1255023735 0.1882721609 0.1981181241 0.2462266452 0.3155256903 0.4002872694 0.5461109010 0.6713273781 0.7544712641 0.9171168382 0.8370189434 0.7391369299 0.6245141355 0.4475341994 0.4126319004 0.2472389993 0.1665002514 0.1943424539 0.1476466548 0.1214551122 0.1593502864 0.1261426186 0.1030434263 0.1272396638 0.1361992635 0.1542442867 0.1158008200 0.1325835941 0.1105908522 0.1417622863 0.1485809626 0.0674106422 0.1621321950 0.0996687108 0.1294402264 0.2086878800 0.1553469573 0.1125724997 0.0932531407 0.1603255527 0.2015574461 0.3091557066 0.3036483163 0.4358195741 0.5852464741 0.6521398116 0.8218059935 0.8444250846 0.7790041660 0.7773846738 0.6658248487 0.4826260234 0.3423918465 0.2808350443 0.1487425414 0.1617148166 0.1952899922 0.1654423367 0.1540374041 0.0915446526 0.1375072018 0.1507585079 0.1239146569 0.1431442308 0.1494410162 0.1805645841 0.1808413745 0.1322990518 0.1612303745 0.1010530254 0.1038390095 0.1094425092 0.1192403971 0.1874668167 0.2096798303 0.1383625176 0.1403881636 0.1618865730 0.2222814489 0.2146826424 0.3559828344 0.4597931931 0.5338340352 0.6933227341 0.8516451351 0.8984780940 0.8572203018 0.7421486633 0.6141626761 0.4932124347 0.3728710170 0.2528984491 0.1955546877 0.1864897170 0.1560931813 0.1435556965 0.1113605306 0.1725264983 0.1294906879 0.1780420298 0.1660859118 0.1150293503 0.1014082804 0.0996253512 0.1417833147 0.1189356008 0.1437286387 0.1654476176 0.1094850982 0.1170207184 0.1268458928 0.1578265268 0.1603107850 0.1341013751 0.1339119608 0.1611475632 0.2070121722 0.1694211619 0.3219873020 0.4524574147 0.5959869026 0.7088362597 0.7963102293 0.8187476085 0.8459260314 0.6813993092 0.5883141071 0.4565559742 0.3320559028 0.2956409603 0.2320789129 0.1837078612 0.1326892946 0.1368545791 0.1833779498 0.1817913133 0.1819899176 0.1281082489 0.1487195999 0.1547481447 0.1386307442 0.2007913512 0.1448817165 0.1476744000 0.1500229722 0.1777184291 0.1221089201 0.1428736522 0.0916552488
0.1121319856 0.1344829564 0.0718255910 0.0716285632 0.1082331742 0.1723124073 0.1461902735 0.1704338694 0.2070448939 0.2958120621 0.4314047116 0.5266624623 0.6811240543 0.7559647606 0.8007626598 0.8244556038 0.7633806128 0.6317093832 0.4738060847 0.3629045258 0.2779643971 0.2261683915 0.1648149982 0.1514452652 0.1670465729 0.1465841876 0.1465167387 0.0691305983 0.1487776693 0.1607302332 0.1583008914 0.1692177515 0.1077200397 0.1895481049 0.1257848771 0.1547475686 0.1303082338 0.1196125042 0.1791210417 0.1276875933 0.0949975237 0.1301498291 0.1603282697 0.0945147040 0.1841728499 0.2334944302 0.2021657366 0.3805075150 0.4132135605 0.5764679890 0.6926953198 0.8102640822 0.8420123183 0.8755889987 0.7875327888 0.6489106001 0.4730396242 0.4118406766 0.2686899760 0.2359518676 0.1896948695 0.1616961098 0.1399184190 0.1513249142 0.1628577025 0.1752172127 0.1198868927 0.1114248151 0.1224419446 0.1037393351 0.1001657595 0.1495865353 0.1077683542 0.1621652072 0.1448068660 0.1535706082 0.1436494148 0.1294342464 0.1601491272 0.1445621481 0.1977723040 0.1554122170 0.1972902019 0.2394777386 0.2369900001 0.3322573585 0.4719768149 0.5903152807 0.7428755960 0.7874873038 0.8566859330 0.8562105383 0.7757567191 0.6119549196 0.5123561253 0.4217398891 0.2868330155 0.2213210065 0.1904524247 0.1462826091 0.1067721185 0.1465890914 0.1013449465 0.1103136917 0.1536478155 0.1025652034 0.1638570612 0.1422763671 0.1435233282 0.1491339425 0.1135907026 0.1281755291 0.1189101762 0.1328358040 0.1125749357 0.1408797613 0.1937706418 0.1196455933 0.1442345858 0.1229796808 0.1948677872 0.1898035644 0.2451559666 0.3392362986 0.4602331418 0.6267186504 0.6633964421 0.8528384454 0.8718493150 0.8415518735 0.7434734575 0.6500999645 0.4403409865 0.3975863116 0.2063534011 0.2685791041 0.1688228232 0.1817048951 0.1467240258 0.1334452603 0.1851939528 0.1521465662 0.1298670856 0.1346645372 0.1249834878 0.1531735159 0.1545357968 0.1848899202 0.1457370580 0.1924396133 0.0951004812 0.1359522202 0.1710458325 0.1494951084 0.1072155322 0.1905160432 0.1802085846 0.1850674635 0.1378297017 0.2057761546 0.2383930212 0.3872133577 0.5074742969 0.5640068833 0.7318537118 0.8426378387 0.8798831445 0.7916924206 0.7886205413 0.6770125670 0.5172264390 0.4212048148 0.2499501526 0.2189117038 0.1448957121 0.2109152483 0.1709975505 0.1442874063 0.1569189733 0.1732968254 0.1358339193 0.1186924600 0.1515179101 0.1690260053 0.1932182365 0.1322161604 0.1600899572 0.1414165593 0.1444748212 0.1459865349 0.1615682671 0.1231402327
0.1432064726 0.1101218402 0.1126419045 0.0975514368 0.1629623612 0.1593928801 0.1608446178 0.1888291253 0.2613608406 0.3264154104 0.4765899206 0.5364652947 0.6481871001 0.8031272249 0.8012437556 0.8412578861 0.7079507512 0.5920737011 0.5257110177 0.3366474144 0.2594526443 0.1831013635 0.2032436144 0.1058564024 0.1138553581 0.1270843430 0.1011553055 0.1193001943 0.1072627135 0.1409300541 0.1438426218 0.1191719220 0.1069097727 0.1458134748 0.1354490958 0.1484228898 0.1195292874 0.1614325900 0.1584280826 0.1680287231 0.1441858149 0.1419316307 0.1627368048 0.1691225189 0.1803592818 0.2025303005 0.2381054348 0.3300131774 0.4231682231 0.5812531361 0.6902485110 0.8037069865 0.8690549835 0.8728246315 0.7807193980 0.5984922433 0.5295270357 0.4084584108 0.2955125294 0.1936556883 0.1481068789 0.1873318925 0.1739089569 0.0922109492 0.1861524864 0.1128157597 0.1758132407 0.1255245314 0.1912537951 0.1317972094 0.1384280622 0.1604917790 0.1809878251 0.1598551564 0.1261461041 0.1183749042 0.1590179074 0.2042413475 0.1743988413 0.1849802889 0.2028585029 0.1235270283 0.2128566240 0.1446353824 0.3037385410 0.3451907472 0.4043063599 0.5572019935 0.6862099899 0.8245921410 0.8382928431 0.8743570071 0.7536368951 0.6266693472 0.4985020773 0.3861420996 0.3203657177 0.1715217494 0.1700180818 0.1189839956 0.1826906116 0.1511324888 0.0962476042 0.1615469205 0.1710608389 0.1490836094 0.1732321588 0.1456352884 0.1695841347 0.0705836084 0.0999484743 0.1516624521 0.1709950452 0.1575163300 0.1637787639 0.1455542155 0.1164049443 0.1806661376 0.1502778368 0.1825091486 0.2451144505 0.2211464777 0.2840241031 0.3588936034 0.4606013720 0.5326936310 0.6931773523 0.9157532291 0.9013636977 0.8114354189 0.7559606659 0.6319348225 0.5531914198 0.3686181742 0.2526763647 0.2861188909 0.1591926919 0.2126020403 0.1732736366 0.1092935783 0.1479954254 0.1521581879 0.1962216386 0.1480768754 0.1906672374 0.0798257914 0.2020787538 0.1402675025 0.2187390813 0.2060948449 0.1314048427 0.1559910400 0.1853699085 0.2107199959 0.1236500528 0.1076811372 0.1599102026 0.1863591167 0.2344723041 0.2577763347 0.3037425912 0.4005304975 0.4595256966 0.6199573445 0.7381826070 0.8282603089 0.9294982819 0.8704557932 0.7262489613 0.6192831157 0.5470853397 0.3984052516 0.3136552182 0.2357879940 0.2155582059 0.1433138757 0.1551536273 0.0726127529 0.1608203856 0.1169227719 0.1525148685 0.1230637301 0.1862137690 0.0901635446 0.2102798707 0.1989847840 0.1610570898 0.1598337574 0.1543523735 0.2069730708 0.1737583497 0.1414950187
0.1626637629 0.1412124462 0.1732091860 0.0814204740 0.1754513533 0.1573438491 0.1793692029 0.2002943278 0.2675331706 0.2997983074 0.4644795864 0.5544396703 0.7370900907 0.8246204602 0.8448829863 0.8572713184 0.7392052548 0.6446118789 0.5194219602 0.3700534043 0.3101667488 0.1992914888 0.1557294051 0.1735617705 0.1203558413 0.1175457232 0.1320088173 0.1511174688 0.0924445975 0.0971742502 0.1616585546 0.1451507847 0.1350500211 0.2068732446 0.1192487257 0.1820485870 0.1690858021 0.1518455151 0.1406230884 0.1709810490 0.1559413478 0.1363538499 0.1737005995 0.1726590491 0.2224567424 0.2171790915 0.2233072127 0.3871674635 0.4256724497 0.5959796776 0.7423144354 0.8053151295 0.8194666603 0.8343657688 0.7655550413 0.6388928499 0.5082640534 0.4171860100 0.2856905045 0.1869697324 0.1902481357 0.1938880528 0.1628865958 0.1030288515 0.0941539068 0.1260790361 0.1239394309 0.1574909763 0.1093557464 0.1387223664 0.1406477563 0.1409546455 0.1366192637 0.1720236852 0.1652151652 0.1393947498 0.1812830414 0.1098346963 0.1679234190 0.0970210768 0.1392631767 0.1623548524 0.1709779342 0.1826185602 0.2278519053 0.3431811591 0.4324978481 0.6357346170 0.6731053761 0.8925358635 0.8535117987 0.8929331953 0.7491932459 0.6252872228 0.5165144705 0.3867665577 0.3162126800 0.2367722257 0.1756276103 0.1885655802 0.1833263337 0.1691441430 0.0992681894 0.1945936777 0.1386361238 0.1393656826 0.2068776345 0.1431139292 0.1629533017 0.1440130129 0.1971302713 0.1905951542 0.1524647050 0.1205868602 0.1794253976 0.1575240460 0.1816157152 0.1737986770 0.1326624815 0.1841544407 0.1726086075 0.1923988606 0.2812462343 0.3121477379 0.4790144070 0.5725855146 0.7281027289 0.8791709852 0.8748220252 0.8213124174 0.7023137598 0.6337546130 0.4764180688 0.3675917425 0.2893460212 0.2114700364 0.2312314461 0.1373882889 0.1628783191 0.1404961491 0.1469705369 0.1862962898 0.1848607011 0.2205945566 0.1459625668 0.1724665911 0.2042685258 0.1611933127 0.1393494306 0.1864961261 0.1413834358 0.1400521272 0.1451453683 0.1224743792 0.1527376459 0.1607841065 0.1349670994 0.1400715211 0.1978817104 0.2200232356 0.3225675203 0.4035187020 0.4877279328 0.6007883704 0.7909019890 0.8152148046 0.8716101697 0.8574109821 0.7821708727 0.6977828743 0.4899825369 0.3896045260 0.2552909010 0.2168728980 0.1450043372 0.1931328861 0.1421177260 0.1064325962 0.1583937956 0.1167006086 0.1564244868 0.1395244987 0.1340314480 0.1062843489 0.1569877974 0.1848027519 0.1738130349 0.1279522342 0.1466054257 0.1381834634 0.1460367764 0.1867361083
0.1618524021 0.0840395160 0.1287794352 0.1578004226 0.1538475486 0.1567763537 0.2255832607 0.1946013560 0.2957638446 0.3480747502 0.4469033035 0.5547765300 0.7332731803 0.8478692173 0.8490048414 0.8033320279 0.7583870903 0.6197002649 0.5032071524 0.3302598836 0.2435706922 0.2478783479 0.2134106621 0.1574136140 0.1266315467 0.1474572762 0.1014519973 0.1375925344 0.1842146985 0.1557335189 0.1734700192 0.1731474258 0.1199024518 0.1982478610 0.1977885076 0.1654838920 0.1273588883 0.1765639485 0.1655581839 0.1675399037 0.1390898749 0.1514352204 0.1781307658 0.1651570611 0.1260984570 0.1602436386 0.3034253869 0.3710085617 0.5072891480 0.6155638998 0.6831849408 0.8055415608 0.8682150771 0.8231041992 0.7106725455 0.6019902545 0.4946822287 0.4100418328 0.2589775558 0.1982426554 0.2220022532 0.2012118185 0.1563339260 0.1585449039 0.1622688751 0.1954082264 0.1341303440 0.1448568560 0.1908297780 0.1340036992 0.1662447336 0.1460511227 0.1790656191 0.1536517473 0.1998324238 0.1755262169 0.1516818097 0.1952301218 0.1282051429 0.1334733857 0.1205021717 0.1669317969 0.2292947273 0.1917589282 0.2965897433 0.3613751621 0.4940525915 0.6204969566 0.7591494965 0.8509444765 0.8916453175 0.8513111833 0.7472020507 0.6275556704 0.4723197796 0.4090869832 0.3140178133 0.2089526532 0.1908723270 0.1434867164 0.1798846069 0.2063506399 0.1576898347 0.1459453340 0.1365863625 0.1775623562 0.1510743614 0.2184896131 0.1678755232 0.1792289955 0.1155562608 0.1485591635 0.1320250866 0.1458099771 0.1068015173 0.1524944885 0.1398441401 0.1609906251 0.1806334577 0.1913685548 0.1993445860 0.2480890492 0.3286514848 0.3691360837 0.4659453322 0.6020291011 0.7670871199 0.8079904654 0.8986853864 0.8276947778 0.7606267475 0.6325610612 0.5437514586 0.3708925822 0.2997187278 0.2335782849 0.1255133252 0.1593030174 0.1451544117 0.1346510106 0.1202284939 0.1638983830 0.1239119630 0.2167494847 0.1642811885 0.1587920835 0.1979201744 0.1043301049 0.1766536102 0.1843784364 0.1230246098 0.1500366919 0.1639226031 0.1509603438 0.1405592091 0.1903666372 0.2088243973 0.1884015788 0.2129104483 0.2577179549 0.3074177449 0.3847971429 0.5305013119 0.6300352895 0.7382536957 0.8554140308 0.8611888221 0.8451664768 0.7317251432 0.6670480542 0.4774684615 0.3884659938 0.3061069882 0.2204976052 0.1921662607 0.2148074986 0.1569960016 0.1532728676 0.2101259201 0.1869718666 0.1820766244 0.1542602208 0.1780347310 0.1739185806 0.1695764967 0.1902751952 0.1330740742 0.1548440953 0.1893069409 0.2153086564 0.1314354707 0.1776154348
0.1611935782 0.1163143470 0.1651949604 0.1468662433 0.1759476740 0.1478563227 0.1631524595 0.1366315902 0.2263221497 0.2975112642 0.4896728086 0.5893642498 0.7183785387 0.8387379903 0.8855680699 0.7948518175 0.7798066507 0.6794258761 0.5090361978 0.4139012135 0.2911796620 0.2156521488 0.2157536572 0.1488194282 0.1706697607 0.1621295679 0.2194615113 0.1924657850 0.1601515610 0.1490612564 0.1079606569 0.1691860102 0.1956489160 0.1963926986 0.1600538353 0.1195934971 0.1505774816 0.1100855002 0.1892697119 0.1667292443 0.1641240360 0.1655042089 0.1995651710 0.1672406202 0.1467398250 0.2213841899 0.2895281872 0.3438356443 0.4719093999 0.6242342030 0.7974096139 0.8581498146 0.8642237238 0.8063322603 0.7462744844 0.5879064319 0.5530088985 0.4212427031 0.2997838499 0.2451157039 0.2209341405 0.1437882463 0.1970643103 0.1237947775 0.1999584858 0.1533196846 0.1583447139 0.1540586072 0.1222324028 0.2120412209 0.1531929934 0.1809605961 0.1314729148 0.1830773862 0.1787824783 0.1603353399 0.1957821155 0.1372902136 0.1553724856 0.2107541766 0.1051907130 0.1521789071 0.1707097530 0.1497684178 0.3079672895 0.3807158068 0.4589417623 0.6106029030 0.7540671492 0.8324476546 0.8751173479 0.8772784278 0.7166733482 0.6150137075 0.5171501883 0.4070742077 0.2644444116 0.2189610496 0.2692458778 0.1510084036 0.1371831934 0.1331201979 0.1249905798 0.1756956894 0.1472812861 0.1924176136 0.1470250518 0.1775671854 0.1753788326 0.1738502514 0.1438278746 0.1622994158 0.1687739050 0.0742996267 0.2025275651 0.1646472864 0.1367729805 0.1801807657 0.1481047547 0.1520078251 0.1985954054 0.2059606595 0.3064581319 0.4150096745 0.5015573101 0.5850934377 0.7211457691 0.8667562815 0.8451875588 0.8535192081 0.7640780453 0.5844087798 0.5174044929 0.4150806607 0.2328135578 0.2089338911 0.2134066281 0.1609747954 0.1540953684 0.1281749540 0.1951114103 0.1924341430 0.1841952271 0.1856118706 0.1575797787 0.1626872314 0.1410660702 0.1282226681 0.1966805575 0.1471549520 0.1251632798 0.1279515800 0.1817489585 0.1379845433 0.1008706577 0.1573872983 0.1499233857 0.2357314515 0.1836920152 0.2606160558 0.3428688853 0.3842261353 0.4763948896 0.6632560002 0.7601649102 0.8245194358 0.8835400587 0.8216377332 0.7725449941 0.5896098330 0.4760665133 0.3925034775 0.2951408642 0.2397003232 0.2246672899 0.1663201916 0.1661079895 0.2215471843 0.1930532680 0.1964273890 0.1976383823 0.1463487257 0.2233849966 0.2121079073 0.1184626215 0.1772417058 0.2011574706 0.1685096585 0.1412404363 0.1558112145 0.1423078901 0.2382223667
0.1323050338 0.1375522212 0.1475321725 0.1163702750 0.1142720058 0.1512704030 0.1749602893 0.2520755697 0.3179733201 0.3348601407 0.4829422667 0.6017698863 0.7442475057 0.8408724360 0.9012227354 0.8764004077 0.7508557908 0.6373665969 0.4826731446 0.3648366787 0.3191533197 0.2690282519 0.1414642941 0.1874009062 0.1509745168 0.1532499337 0.1516865531 0.1039601232 0.1538736547 0.1693320510 0.1782842153 0.1611369782 0.1582741742 0.1762830380 0.1309511373 0.1496721858 0.1441699581 0.1964633366 0.1327841471 0.1426601387 0.1419431014 0.1038244879 0.1460189730 0.1598762452 0.1826719650 0.2800461718 0.2580819739 0.3123703723 0.4760876614 0.5702368119 0.8209440613 0.8301926566 0.8555169753 0.9144220834 0.7352482041 0.6097520832 0.5187890608 0.3901739021 0.2462303106 0.2249424548 0.1658346009 0.1530016355 0.1409038957 0.1457537256 0.1883049545 0.1375756055 0.1478599688 0.1688206074 0.1779404180 0.1903775022 0.1459574574 0.1854213696 0.1806729127 0.1524865531 0.0726777886 0.1017817095 0.1671762494 0.1743727355 0.1786157837 0.1636854028 0.1970978654 0.1638178999 0.1447274100 0.2235974167 0.2540037689 0.4215900546 0.5427058025 0.6172693685 0.6761914430 0.8870110775 0.8881678812 0.7888825357 0.7704293570 0.6262336633 0.5102074776 0.3360164926 0.3166321137 0.2235206351 0.1948657308 0.1958686383 0.2043842185 0.1423311225 0.1340860546 0.1688327310 0.1389550157 0.1086859174 0.1629048606 0.1590419269 0.1880001399 0.1318863291 0.1844084804 0.1261503831 0.1221522137 0.1900528783 0.1420609473 0.1638369195 0.1497735568 0.1613492831 0.2218542346 0.1954554489 0.1589856262 0.2405803391 0.2413818070 0.4291668500 0.4662700819 0.6439687702 0.7543083258 0.8499510026 0.8597052894 0.8393397841 0.7725488616 0.6106136532 0.5259382470 0.3096707499 0.3169681340 0.2292531995 0.1821007365 0.1829173061 0.1935767165 0.2044097535 0.1754204034 0.1801272273 0.2127957191 0.1686996726 0.1164070393 0.1383814717 0.1538764104 0.1749155584 0.1643175215 0.1499215585 0.1881616058 0.2051913781 0.1746250758 0.1707737393 0.1405008761 0.1802047676 0.1856405569 0.1526250873 0.1952505102 0.2352798173 0.3037234701 0.3711254365 0.4849850689 0.6503257864 0.7882208346 0.7928199680 0.8916339721 0.8111577899 0.7941968195 0.6084864290 0.5323414320 0.3479956578 0.2997794634 0.2272404123 0.1979588535 0.1606295309 0.1778903324 0.1345501773 0.1422159421 0.2232792490 0.1706346829 0.1792426553 0.1753270226 0.1507856383 0.1865263010 0.1634321808 0.1519710115 0.1586390232 0.1590410104 0.1716509968 0.1897314318 0.2617576742
0.1422068857 0.1792636524 0.1600862680 0.1608652524 0.1600100817 0.1485385985 0.1725925075 0.2198470963 0.2765854880 0.3974601899 0.5018140872 0.6300712581 0.7238492169 0.8179046264 0.8387888208 0.8267255622 0.7270012141 0.6699513175 0.4787816695 0.3493855515 0.2770975195 0.2597838202 0.1456521252 0.1307139677 0.1750369498 0.1579912348 0.1411419018 0.1366542265 0.1699772408 0.2061685320 0.1709281589 0.1318817447 0.1602119127 0.0983325874 0.1389368673 0.1342997970 0.0830729369 0.1108452239 0.1444018682 0.1984199845 0.1946649604 0.1323402072 0.1949413897 0.1604069050 0.1549056930 0.1954661651 0.2877068223 0.3287376145 0.4213415281 0.6257916765 0.7547475497 0.8217799873 0.8937870817 0.8334297527 0.7610477793 0.5797071411 0.4935465362 0.3625999037 0.3094900789 0.2130566456 0.1290541539 0.1450716802 0.1455816272 0.1685892466 0.1468749852 0.1231852154 0.1357883859 0.1453786068 0.1283236240 0.1521292762 0.1253000015 0.2041562038 0.1560187117 0.1377060610 0.1610658372 0.1873532438 0.1242159434 0.1449337483 0.1222363526 0.1693097482 0.1876427574 0.1792358653 0.1993648426 0.2605681294 0.2904466140 0.4057949735 0.5270077794 0.6652313490 0.8080468359 0.7844059854 0.8672877980 0.8383119889 0.7408120922 0.6065883518 0.5162881380 0.3843828085 0.2569073301 0.2104138377 0.2157831725 0.1757723797 0.1624111541 0.1514325774 0.1693661027 0.1827075695 0.1661679639 0.1535039680 0.1093479394 0.2542865286 0.1209053679 0.1754041723 0.1292512477 0.1960719063 0.1459175512 0.1570802055 0.1421067894 0.0728079573 0.1358463790 0.1599713778 0.1226469537 0.1595853821 0.2039966041 0.2733151398 0.3157027301 0.3637940444 0.5240600196 0.6767449140 0.7823361665 0.8439983785 0.8969915397 0.8706378453 0.7592811622 0.6212714752 0.4515626864 0.3528369359 0.2741211270 0.2214623488 0.1883494126 0.2059504184 0.1777836128 0.2012399282 0.1555694032 0.1584995337 0.1417774416 0.2066289981 0.1734617703 0.1536327603 0.1232794367 0.1599063801 0.1752739562 0.1629431543 0.1621328623 0.1304583451 0.1882330991 0.2323342351 0.1695185622 0.1772138998 0.1243515901 0.1833745618 0.2316936211 0.2058275543 0.2786176499 0.3298592748 0.5049620615 0.6224098368 0.8025695938 0.8458517922 0.8633200091 0.8495174516 0.7002575029 0.6329572701 0.4238135577 0.3178667471 0.2533606271 0.2146859767 0.2160766004 0.1833594816 0.1524854847 0.1294736200 0.1167362575 0.2066496713 0.1641860151 0.1720379866 0.1660625637 0.1401081171 0.2462391963 0.1721756181 0.2293276763 0.2331641590 0.1672790105 0.2074085837 0.1565043006 0.1402120927
0.1459745545 0.1353654229 0.1403002140 0.1514514831 0.1269122405 0.0699230638 0.1617641669 0.1568519228 0.2733064486 0.3649708310 0.4799007877 0.6051780910 0.7430931567 0.8111266867 0.8775521606 0.7983013596 0.7022097190 0.5838275022 0.4225664873 0.3498246848 0.2779154378 0.2218064460 0.1773312010 0.1223873838 0.1218254705 0.1649792538 0.1350791004 0.1008923229 0.0969923315 0.1410802500 0.1609860198 0.1605330182 0.1419633722 0.1668365231 0.1344259417 0.1056895025 0.1516105243 0.1190024357 0.1219513670 0.1680493343 0.1364430464 0.1347538147 0.1479484101 0.1742215362 0.1532438544 0.2239483902 0.2786659619 0.3723998357 0.5654630957 0.6633818063 0.7634807504 0.8810989988 0.8612495110 0.8145123933 0.7330303351 0.6245591183 0.4850193364 0.3579317106 0.2730489851 0.2177320094 0.1999481567 0.1250438825 0.2175020542 0.1979823833 0.1543668331 0.2128845647 0.0875185532 0.1630020121 0.1293730614 0.1084214386 0.1513148297 0.1306534244 0.1558345506 0.1118130835 0.1150127050 0.1378770986 0.1540638860 0.1609223031 0.1439737586 0.1340620849 0.1309556966 0.1114792226 0.1819254679 0.2289964734 0.2850335203 0.3508343952 0.4525587454 0.6361484353 0.7784827384 0.8483270951 0.8343777268 0.7897270676 0.7460722979 0.6115774081 0.4384559330 0.3333669486 0.2681731904 0.2073586487 0.1885723077 0.1569562463 0.1035574048 0.1411701064 0.1515610650 0.1638374481 0.1378236561 0.1404299426 0.0981215159 0.1165965434 0.1618670338 0.1662301588 0.1892726285 0.1468937195 0.1623707835 0.1104283532 0.1649878003 0.1691052985 0.1728101457 0.1701552275 0.1077833987 0.1739656124 0.1815206851 0.2390986574 0.3381709654 0.4302118876 0.4845427176 0.6236054773 0.7567894137 0.8626170376 0.9129500358 0.8872198948 0.7686797175 0.5803610151 0.4717263382 0.3658618710 0.2745677721 0.1775777233 0.1827057122 0.2209089944 0.2047477242 0.2416722244 0.1345076200 0.1432564779 0.1732708314 0.1260308712 0.1398748715 0.1280332367 0.1314607376 0.1760392249 0.2037390000 0.1711122002 0.1540117457 0.1716260155 0.1722595605 0.1294786704 0.1786799639 0.1666631077 0.1722466700 0.1498962437 0.1892343268 0.2701418324 0.3182788373 0.4075008957 0.5033762327 0.6413288204 0.7881515370 0.8597900874 0.9025808432 0.8844519421 0.8008247625 0.6120794544 0.4394014928 0.4232629351 0.3137630931 0.2146753382 0.2018132017 0.1620485307 0.2025205087 0.1668212236 0.0950650395 0.2008470266 0.1786807264 0.1528292936 0.1686780064 0.1517746636 0.1443684240 0.1498231618 0.2097820342 0.1775652302 0.1016986103 0.1389142326 0.1436849864 0.1748159296
0.1563220797 0.1129276101 0.1360846904 0.1219186439 0.1635347071 0.1611542170 0.1700420007 0.1989078227 0.2994918172 0.3949807522 0.5102714256 0.6232860639 0.7434482162 0.8659482612 0.9132976565 0.8484673382 0.7115098061 0.5919210149 0.5300511385 0.3021598451 0.2156708537 0.1954878551 0.1735258372 0.1590268881 0.1922021257 0.1263261886 0.1237332948 0.1034994806 0.1602321082 0.1283238575 0.1452342275 0.1240586600 0.1593902734 0.1337787659 0.1667173737 0.1483525559 0.1521420893 0.1465108846 0.1789496034 0.1045006145 0.0937150716 0.1532989040 0.1943210358 0.2154636798 0.1890370830 0.2185913636 0.2614108540 0.3936386223 0.4724646892 0.6384926807 0.6665214370 0.8813480498 0.8759664318 0.8320208537 0.7469341130 0.5879251107 0.4706776359 0.2860236512 0.2949691262 0.1906003493 0.2112203064 0.1931635981 0.1199324767 0.0998980461 0.1373294992 0.0936607844 0.1226362853 0.1229272688 0.1398605467 0.1373523085 0.1442572975 0.1259643573 0.1227361862 0.1504285826 0.1566982423 0.1590058871 0.1505603041 0.1313295383 0.2114195227 0.1944360533 0.1322152388 0.1107377165 0.2116342404 0.2352800037 0.3205839547 0.3750513966 0.4782313172 0.6384519342 0.7482897701 0.8167623183 0.9160095288 0.8296558864 0.7334742343 0.5662599692 0.4004966178 0.3372362311 0.2071954704 0.2228216965 0.1410784835 0.1582799582 0.1731429961 0.1287225310 0.1713802962 0.1361599543 0.0922782066 0.1312958513 0.1215904433 0.1988124928 0.1571636648 0.2093126708 0.1664241546 0.1285553778 0.1394682867 0.1395277561 0.1503490203 0.1854919263 0.1245163953 0.1177936954 0.1371511358 0.1640219124 0.1956611122 0.2300863444 0.2612361850 0.3528952865 0.5185875892 0.7149941227 0.7168410279 0.8786825634 0.8676716717 0.8296385755 0.6861851310 0.5849794186 0.4300211963 0.3297730022 0.1909583470 0.2536754962 0.1729948403 0.1811607873 0.1650401060 0.1585253434 0.1207328776 0.1461439613 0.1472886786 0.1530048738 0.1280942994 0.1910959590 0.1472542604 0.1575636031 0.1577258759 0.1818604311 0.1647638377 0.1602085046 0.1744972283 0.1853787536 0.1547167983 0.1877366017 0.1476466169 0.1820639241 0.1694484398 0.2143545374 0.3241155595 0.4151125611 0.4679450307 0.6618239001 0.7786674633 0.9097606841 0.8287272171 0.8011627367 0.7213708078 0.5665778927 0.4646757417 0.3413795248 0.2386722412 0.2808862489 0.1387225391 0.1765991494 0.2251010741 0.1478548293 0.1461949373 0.1495268191 0.2100876010 0.1764043669 0.1894349479 0.2308572278 0.1549209985 0.1500655091 0.1570430133 0.1396883397 0.1455017885 0.1396667420 0.1232317208 0.1780837146
0.1703981758 0.1266336990 0.1476370743 0.1381448815 0.1641809355 0.1581496479 0.1529251224 0.1838256438 0.2390682903 0.3592434550 0.4254086618 0.6365986494 0.7762996713 0.8452309153 0.8273625536 0.8837601937 0.7015860867 0.5587310130 0.4607269617 0.3432855176 0.2223309280 0.2193942508 0.1028719383 0.1474978647 0.1560471146 0.1154047465 0.1773834067 0.1459778677 0.1311612322 0.1522261143 0.1304150277 0.1200172167 0.1662532665 0.1478829747 0.1695274492 0.1534661610 0.2056399562 0.1724501397 0.1525483435 0.0736946615 0.1033570946 0.1788388916 0.1868725681 0.1536159823 0.2293808878 0.2075927767 0.2815432633 0.3938631581 0.4974205238 0.6409108427 0.7832513512 0.8684258747 0.8750890010 0.7688894466 0.6863460354 0.5804301033 0.4965409866 0.3346784112 0.2423417708 0.1835664028 0.1808745310 0.1224715555 0.1235981748 0.1867866963 0.1719586899 0.1689888178 0.1181611600 0.1301447754 0.1710820630 0.1344812688 0.1575535520 0.0679583025 0.1379888457 0.1277172077 0.1098263161 0.1238597974 0.1204757445 0.2087192796 0.0994044658 0.1677844089 0.1273344200 0.1930334832 0.2053806059 0.2414400431 0.3171695500 0.3843752451 0.4682051098 0.6459577921 0.7639514974 0.7919473430 0.8292064354 0.7922115529 0.7129691733 0.5463450583 0.4486472599 0.3044231686 0.2488364454 0.1589760164 0.1653591453 0.1468802684 0.1258966410 0.1802855224 0.1583768056 0.1148717228 0.1642194676 0.1377355089 0.1140691365 0.1453667315 0.1554055236 0.1246624541 0.1123798424 0.1047881392 0.1147578886 0.0930411167 0.1245247661 0.1382653113 0.1424886672 0.1421447223 0.1604346669 0.1404311021 0.1726277312 0.2611333364 0.2374030630 0.3686489390 0.5203462051 0.6366879284 0.7584232430 0.8464830802 0.8648469981 0.7909003948 0.7242066565 0.5882391823 0.4649916306 0.3463199746 0.2147747114 0.2505396392 0.2066125890 0.1808105925 0.1703246021 0.1391640620 0.1048705496 0.1292582662 0.1390278730 0.1245896826 0.1527467337 0.1499602451 0.1190614298 0.1853191623 0.1378895813 0.1056133200 0.2168449533 0.1617150291 0.1366769451 0.1488442627 0.1914298031 0.1505159588 0.2070169894 0.1323088090 0.2486054703 0.2362955644 0.2470801533 0.4026125383 0.5420904564 0.6883671875 0.7910716289 0.8383601091 0.8493118465 0.7879101148 0.7027459113 0.6071243370 0.4309764944 0.3730537489 0.2344775072 0.1712274085 0.1651226823 0.1542639299 0.1864704199 0.1235870932 0.1705395543 0.1281637231 0.1603467892 0.1496681456 0.1848794861 0.1622490988 0.1582389679 0.1014714148 0.1683975676 0.1291196567 0.1401672527 0.2336028331 0.1009807884 0.1740799901
0.1169922974 0.1711826011 0.1078364240 0.1662025239 0.1071646510 0.1233706334 0.1992449406 0.2113237449 0.2254744013 0.3434565902 0.4605487849 0.6248620277 0.7117853794 0.8266590230 0.8303090993 0.7544132689 0.6747832072 0.6151836047 0.4508442460 0.3160471877 0.2326589466 0.2049994198 0.1568146151 0.2045835297 0.1533671891 0.1605408730 0.1055095227 0.1178000993 0.1734180094 0.1455645943 0.1203536462 0.1436983653 0.1276948676 0.0961752293 0.0998692358 0.1216856334 0.1312950891 0.1180917357 0.1542526897 0.1208093611 0.1668558914 0.1148736026 0.0869298316 0.1570628732 0.1583989260 0.1760105475 0.2597066628 0.3683552031 0.5020337099 0.6336033243 0.7521275546 0.7935729670 0.8255646110 0.8084355392 0.7268434641 0.5360588448 0.4447038045 0.3094370412 0.2157175646 0.1514724062 0.1830006894 0.1098322674 0.1665169711 0.1607709006 0.1552379870 0.1700350513 0.1480975097 0.1461963296 0.1602064111 0.1120539414 0.1377552523 0.1503986463 0.1705077784 0.0846385506 0.1955282977 0.1447663980 0.1114663512 0.0570878756 0.1199783035 0.1214224380 0.1226201741 0.1694559743 0.1933944753 0.2150544070 0.2733335148 0.3726096503 0.4877091720 0.6756761777 0.7140987831 0.8247534155 0.9105743153 0.7628639519 0.6916011834 0.6120785833 0.4552660971 0.3634191906 0.2215473521 0.2022157342 0.1225490225 0.1251291636 0.1570756367 0.1082924709 0.1561908935 0.1325687230 0.1098752046 0.1671294493 0.1264213870 0.1081199339 0.1581977542 0.1641513790 0.1888906322 0.1493316089 0.1204230565 0.1740628728 0.1855565006 0.1189028685 0.1490036933 0.1654827582 0.1579860780 0.1336235994 0.2118724359 0.2752372334 0.2864059896 0.3435750850 0.5398481880 0.6313906552 0.7509752449 0.8271841825 0.8492145399 0.7955750217 0.6911372424 0.5494212397 0.4294148221 0.2902798406 0.2451058613 0.1835973305 0.1408194186 0.1798063472 0.1543123818 0.1637409019 0.1690651225 0.1349491132 0.1697095707 0.1257129402 0.1744977678 0.1124070381 0.1737745101 0.1538874710 0.1422799759 0.1421682317 0.1361879946 0.1652865544 0.1589825022 0.1966697187 0.1555047222 0.1824637166 0.1627291727 0.1371864892 0.1527948932 0.2138891557 0.3038892487 0.3817454269 0.4591778344 0.6404495997 0.7829446196 0.8195541407 0.8254098579 0.7910696079 0.6972636748 0.5739446733 0.4106143877 0.3951521948 0.2309111916 0.1921608324 0.1139729449 0.1615506584 0.1869945730 0.1826038823 0.1593313398 0.1534869678 0.1391984916 0.1270500497 0.2220597663 0.1657968746 0.1180042196 0.1704377319 0.1414205060 0.1503432139 0.1882340655 0.1652697239 0.1442719514 0.1769499306
0.0908325846 0.1086726739 0.1511256524 0.1095567885 0.1161582563 0.1171513106 0.1876933374 0.2346952038 0.2588433608 0.3778767687 0.4426662848 0.5864308690 0.7348401879 0.8000453005 0.8853728148 0.8023524731 0.7453633923 0.5745314446 0.4325179557 0.3541500047 0.2476705366 0.1517352197 0.1776108170 0.2009890916 0.1433660542 0.1364350538 0.1555128473 0.1241234194 0.1251662700 0.1547409637 0.1095882823 0.1222983343 0.0960504989 0.1296352253 0.1104151015 0.1515141230 0.1229749270 0.1052341544 0.0982084673 0.1045092815 0.1568609642 0.1487305778 0.1629750501 0.1305517598 0.1451875770 0.1824913849 0.2420527101 0.3752018954 0.4749642518 0.6347107286 0.7370288082 0.8008140830 0.8626065316 0.7875231183 0.7044432303 0.5803022062 0.3746920646 0.2978694620 0.2901684286 0.2265977560 0.1076977250 0.0423843072 0.1537237090 0.1385033471 0.1512682506 0.1572572642 0.0997227806 0.1767195982 0.1307669139 0.1497343506 0.1180149850 0.0613330612 0.1226445349 0.0659044760 0.0746576882 0.1023662880 0.1416242726 0.1011079693 0.0904111649 0.1591426696 0.1278261890 0.1284484086 0.1884048513 0.2294414766 0.2477169136 0.3482778727 0.4519919461 0.6157847521 0.7185392463 0.8984034441 0.8497953374 0.8348827284 0.7045047601 0.5791397377 0.4184246840 0.2971110291 0.2235315956 0.2364985312 0.1240810112 0.1353853588 0.1399737451 0.1541347666 0.1272011282 0.1024957399 0.1366164181 0.1401152453 0.1146972725 0.1357620249 0.1594350696 0.1201423796 0.1413917428 0.1338249480 0.0983162613 0.1359706051 0.1877584198 0.1736316757 0.1256085546 0.1549525860 0.1449973185 0.2132763125 0.1541384100 0.1716826851 0.2656021332 0.4045000000 0.5204479929 0.6258151079 0.7856170191 0.8429378309 0.8809702430 0.8470428024 0.6998480985 0.6149710174 0.4242592719 0.2877582949 0.2750349156 0.1700112492 0.1565743384 0.1874930946 0.1641769819 0.1574786407 0.1223591277 0.1675102988 0.1627399282 0.1471618258 0.1172472010 0.1363967271 0.1716902481 0.1081059582 0.2018667585 0.1157220764 0.1465052177 0.1748132878 0.1429939382 0.1633132054 0.1306471252 0.1446457444 0.1638345307 0.0959437525 0.1686125118 0.1911068160 0.2773192874 0.3653299187 0.5287681742 0.6093386279 0.7134279862 0.8551924415 0.8613858291 0.8605531860 0.6660459804 0.6086351499 0.4403592669 0.3598368619 0.2455870803 0.1722996856 0.1579207637 0.2342081648 0.1774627720 0.1548735379 0.1212034553 0.1289048117 0.1761121231 0.1603453921 0.1306075468 0.1376589942 0.1182405719 0.1440318037 0.1324169280 0.1454059056 0.1530091230 0.1857790041 0.1661751786 0.1307239088
0.0617715625 0.0960127655 0.1889253583 0.1179926253 0.1339948049 0.1514609783 0.1018788370 0.1704250605 0.2371058442 0.3294943002 0.4904760738 0.5945482844 0.7494746942 0.8276356712 0.8870946810 0.7922614095 0.6950312017 0.5676165442 0.4474675238 0.3021290316 0.2534049749 0.2103583399 0.1540687893 0.1598092443 0.1529713475 0.1274709228 0.1199443985 0.0952430823 0.1429496113 0.0992333009 0.1141096114 0.1126205774 0.1065246377 0.1268654837 0.1486203408 0.0917374363 0.1117169491 0.1060798180 0.0999269321 0.1213680850 0.1710286593 0.1693828354 0.1173744499 0.1488923685 0.2124015288 0.2113257012 0.2741550733 0.3691634879 0.5356379059 0.7054521901 0.7384719532 0.7838556655 0.8887654659 0.7882215037 0.6280890348 0.6061833711 0.3880424258 0.3120840950 0.2432366999 0.1429255816 0.1386289337 0.1417430997 0.0759502254 0.1159605071 0.1746098172 0.1246465250 0.1252705142 0.1626399195 0.1106324147 0.1343365695 0.0879917317 0.1113887979 0.1017904600 0.1431913711 0.1584883304 0.0739849696 0.1650853666 0.1573184363 0.1591050101 0.1378526404 0.1586842836 0.1526286907 0.2141813785 0.2334919679 0.2801847953 0.3873883005 0.4929745642 0.6400951083 0.7695923945 0.8315798764 0.8291122465 0.7621831472 0.6745712777 0.5496597154 0.3863338778 0.3145916718 0.1948378441 0.1267130787 0.2027764288 0.1192261201 0.1213809531 0.1266809534 0.1844693768 0.1472454702 0.1638763750 0.1316143323 0.1067708326 0.1135392895 0.1143750713 0.1439850916 0.1291331120 0.1520566915 0.1439001427 0.1614296123 0.0897886505 0.1547633016 0.0979036921 0.1134780191 0.1470019596 0.1670927886 0.1983024246 0.2065029285 0.2806169946 0.3735802402 0.4981548268 0.6638627809 0.7541441095 0.8146470448 0.8573289727 0.8469425023 0.7463442665 0.5362105076 0.3976404595 0.2907251952 0.2576152324 0.2206630275 0.1712627988 0.1624846307 0.1378638630 0.1709207309 0.0739019915 0.1504213203 0.1590694395 0.1376595655 0.1337354706 0.1058394333 0.0918755496 0.1585687903 0.1554729393 0.1220246259 0.0880317003 0.1740771039 0.1260816129 0.1343254391 0.1234038152 0.1429836023 0.1413103356 0.1958447034 0.1516548008 0.2169286969 0.2870125462 0.3375950685 0.5628484077 0.6980170295 0.7518995919 0.8087536397 0.8550725867 0.7822266967 0.7246977592 0.6254517024 0.4707773826 0.2913629624 0.2056646777 0.2113076240 0.1578774346 0.1097287459 0.1103160247 0.1418102388 0.1058505110 0.2052079121 0.1619654184 0.1332638378 0.1424858458 0.1737948418 0.1024469912 0.1305193173 0.1454522011 0.1707025971 0.1546171342 0.1193512388 0.1619125937 0.1676279477
0.1199916286 0.1704554385 0.0870513096 0.1503049408 0.2052133690 0.1516453952 0.1352592773 0.2314086794 0.3016107958 0.3736721852 0.4996935053 0.6775224262 0.8083811859 0.7869425122 0.7793540527 0.7679982173 0.6790088126 0.5611205298 0.4344090514 0.3230379550 0.2690756617 0.1548214477 0.1172754891 0.1061865248 0.1346348834 0.1496454541 0.1155459110 0.0630381372 0.1900460273 0.1439498183 0.1554052701 0.1061533180 0.1586533824 0.1235827945 0.1406755715 0.1023147419 0.1300632612 0.1367220851 0.1789217251 0.1218296155 0.1593161986 0.0935358941 0.1204871836 0.1620016806 0.1667347112 0.2376050751 0.2212298408 0.3482759532 0.4984953126 0.6237756194 0.7782342945 0.7834035261 0.8945541247 0.7739828567 0.6703948732 0.5572918366 0.4657703317 0.2681971842 0.2330105940 0.1631657992 0.1512365575 0.1164717715 0.1226146411 0.1121454673 0.1256846749 0.1089046041 0.1001059795 0.1193090728 0.1524299195 0.1080425652 0.0688463650 0.1002306172 0.1299997404 0.1493792593 0.1617612924 0.1458902117 0.0982887217 0.0808892559 0.0952488287 0.1289207247 0.1134495427 0.1325322062 0.1911490926 0.2068521419 0.2589774445 0.4071737048 0.5485309617 0.6326864193 0.7558513970 0.8240865357 0.8589078109 0.7730243083 0.6848216973 0.5270788808 0.4694060594 0.2903464321 0.2003068550 0.1516597088 0.1903414891 0.1070039666 0.1784095094 0.1191779692 0.1018965128 0.0832709019 0.1698192274 0.1186170794 0.1976555284 0.1227557151 0.1741752746 0.0955791768 0.1557641013 0.1133512573 0.1557584281 0.1053648892 0.1503543652 0.1405630941 0.0867211493 0.1339703984 0.1091722352 0.1394320055 0.1504027483 0.2604547041 0.2912297679 0.3470165717 0.5463190765 0.6807006029 0.8197814915 0.8271837531 0.8784534212 0.7514154353 0.6978665771 0.5328077432 0.4351877757 0.2750224503 0.2168079959 0.1828451484 0.1270457847 0.1705528848 0.1775448335 0.1512391853 0.1072219124 0.1014555626 0.1436184209 0.1245512296 0.1010067566 0.1083658963 0.1204728303 0.1519813679 0.1273647620 0.1210745366 0.1511668638 0.1008684254 0.0861623227 0.1617415456 0.1490175523 0.1513338294 0.1076890539 0.1855411915 0.2286629586 0.2795002969 0.2861985403 0.4178667723 0.5499721687 0.6782004641 0.7807895312 0.8520110188 0.8471702912 0.7498592654 0.6924395061 0.5584341454 0.3737424236 0.3149155097 0.2381934230 0.2102613483 0.1713498702 0.1417981051 0.1445866147 0.1770765329 0.1008158441 0.1262585562 0.1335062307 0.1276734281 0.1221353568 0.1217827272 0.1245490350 0.1635751559 0.0862804959 0.0697134928 0.1658924127 0.1599109711 0.1569553046 0.1452962679
0.1416290082 0.1142035583 0.1587239357 0.1242691054 0.1943101695 0.1653238513 0.1680892551 0.1698858390 0.3336692254 0.3756966942 0.5795592069 0.6664926146 0.7909707471 0.8494651228 0.8323577952 0.7701797563 0.7159313413 0.5230105553 0.3786745813 0.2988280379 0.2675023062 0.1576416542 0.1108535070 0.1162683535 0.1467999635 0.1534036224 0.1088417519 0.1287480939 0.1032399776 0.1068277767 0.1113948710 0.1253846291 0.1295531679 0.1218530598 0.1352858968 0.1651045568 0.0883761511 0.1355362999 0.1397068388 0.0845680818 0.1211463432 0.1191522653 0.1401865550 0.1574472565 0.1793868540 0.1977544351 0.3326928343 0.3562603506 0.4453582300 0.6472923993 0.7603522945 0.7925645457 0.8335102691 0.8096283858 0.6703653063 0.5554589338 0.4270464046 0.3399868823 0.2487462037 0.1588317466 0.1926368886 0.1487333515 0.1285610142 0.1276509206 0.1057035284 0.1528632115 0.1111884130 0.1958505065 0.0900133047 0.1885938861 0.1181756793 0.0978574415 0.1225463339 0.1284905121 0.1369318519 0.1143310048 0.1488984115 0.0993929639 0.1187450379 0.1438723261 0.1466534260 0.1799457302 0.1767981251 0.2088643653 0.2804502813 0.3646815913 0.4868070041 0.6879025136 0.7667449987 0.8183661252 0.8519791249 0.7782062308 0.6801622936 0.5525999249 0.3976180036 0.3090610463 0.2307568297 0.1810095539 0.1624989350 0.1158404242 0.1953300261 0.1476358963 0.1505808965 0.1080641851 0.1861127905 0.0882954761 0.0924485529 0.1362257400 0.0994947065 0.1218538803 0.1521475955 0.1408419244 0.1784438603 0.1532964020 0.0902204223 0.1207220948 0.1205074687 0.0896871264 0.1340409689 0.1800296504 0.2308679883 0.1900690481 0.3062604017 0.4401786603 0.5201120794 0.6102798421 0.7653871644 0.8878823986 0.8582047576 0.8294559795 0.6844468073 0.5121549331 0.4306972378 0.3187263383 0.1848390012 0.1953957064 0.1232643564 0.1538139661 0.1287727925 0.1508213378 0.1655752171 0.0978249143 0.1733849769 0.1246396940 0.1311543834 0.1362238968 0.1258073715 0.1576783495 0.1356167040 0.1650676364 0.1798344515 0.1541597884 0.1547063250 0.1286429623 0.1195904922 0.1641041692 0.1559191703 0.1633246168 0.1795717673 0.2320676194 0.3299804521 0.3981227570 0.5279361906 0.6887764555 0.7500499535 0.8166224177 0.8220365199 0.7505890244 0.6845250286 0.5342350578 0.4298869076 0.2357481117 0.2377850110 0.1993830849 0.1665972190 0.1195469891 0.1108625098 0.1046764398 0.1310457958 0.2296543561 0.1101441406 0.1529860257 0.1312278546 0.1480042896 0.1776447708 0.1824283439 0.1292398711 0.1334735471 0.1438956852 0.1330596024 0.1335985712 0.1339734062
0.0905034724 0.0958668057 0.1291927409 0.1190449403 0.1367873390 0.1344561954 0.1717873580 0.2048806949 0.2859223215 0.3589769855 0.4503169254 0.6188012321 0.7567929730 0.8237112992 0.8168662133 0.6883604379 0.6649912540 0.5251895201 0.4168610334 0.3303744557 0.2197946215 0.2009697944 0.1806301611 0.1378952192 0.1270100311 0.1411946567 0.1549793475 0.1300486954 0.1255275226 0.1516413100 0.1232104986 0.1311764566 0.1440441616 0.1387352725 0.1344628423 0.1480907554 0.1507398757 0.1224915225 0.1379419926 0.1246152614 0.1014238850 0.1265476357 0.1258501285 0.1274610852 0.1776528981 0.1984288132 0.2905305992 0.4035409526 0.4786166804 0.6517939888 0.7588627294 0.8183778907 0.8262052621 0.8165526352 0.6916944423 0.5347253548 0.4494069418 0.2386826449 0.2187571792 0.2074764954 0.1807558609 0.1612426981 0.1521378101 0.1087098442 0.1324167926 0.1618581857 0.1392889279 0.0903120705 0.1629641954 0.1668303438 0.1543511823 0.1328772862 0.1598560510 0.1473805142 0.0956341034 0.0441723645 0.1035947724 0.1574730853 0.1437610198 0.1066793462 0.1373452344 0.1853555048 0.1974841273 0.2324121652 0.3022153806 0.4137804019 0.5135333474 0.6874045288 0.7464625504 0.8484105384 0.9042752495 0.7952202728 0.7070685188 0.6164851655 0.4274792261 0.3231806913 0.2329384527 0.1656721196 0.1745402419 0.1070091511 0.1682856629 0.0895218285 0.0711711604 0.1087584160 0.1105467172 0.1056766659 0.1271541080 0.0662088558 0.0708421660 0.1492873757 0.1341100629 0.1293327491 0.1355297906 0.0936731191 0.1319584093 0.1236558228 0.1523632154 0.1879538130 0.1691315665 0.1845974030 0.1985492382 0.1981230575 0.3274583814 0.4439005628 0.5155506959 0.6574919955 0.7946643871 0.7780177257 0.8341964614 0.7467272544 0.7033354969 0.5511347037 0.3727442621 0.2676989046 0.2800309806 0.1998763203 0.1668054808 0.1242495449 0.1561612786 0.1473798096 0.1577027272 0.1284676088 0.0998398922 0.1390083731 0.1562680483 0.1285286675 0.1231325759 0.1756736034 0.1272946505 0.1483706010 0.1467440478 0.1307054670 0.1134714742 0.1411159372 0.1263106474 0.1298249392 0.1895190768 0.1587759840 0.1578661738 0.1796668976 0.2892099674 0.4670231022 0.5501050513 0.6346399688 0.7673531959 0.8616329072 0.8508580965 0.7733182536 0.6639668611 0.5231775949 0.4310679719 0.3468966977 0.2275728444 0.1881501340 0.1751640601 0.1702985216 0.1702628480 0.1274297300 0.1269839999 0.1032328797 0.1287287540 0.1104038781 0.1425572535 0.1063171453 0.1282544082 0.1350503171 0.0990060820 0.1840491632 0.1658964725 0.1734022795 0.1214670493 0.1527726906
0.1304157592 0.1415101042 0.2168247387 0.1686754754 0.0671711925 0.1771542338 0.1764543078 0.1935039252 0.2774162178 0.3921237428 0.4947592618 0.6735720528 0.7381189927 0.8431397068 0.8049644653 0.8711292977 0.6626597906 0.5766419173 0.4174228530 0.3400543467 0.2694188967 0.1358743401 0.1722215490 0.1351505860 0.1005921970 0.1059913339 0.1171599962 0.1426987966 0.1257328868 0.1362177213 0.0363109586 0.1525389732 0.1585115247 0.0792741152 0.1420606001 0.1143516278 0.1392596297 0.1511260809 0.1106310508 0.1593990654 0.1611106761 0.1022823666 0.1075442045 0.1780825879 0.1898284918 0.2458623597 0.3319324301 0.3995944931 0.5139883494 0.6894789585 0.7732627953 0.7975571406 0.8351828749 0.7723427800 0.6736826110 0.5266126993 0.3911508118 0.3151997080 0.2690514622 0.2029084631 0.1495756615 0.1567167907 0.1361283489 0.1783619580 0.1696394570 0.1530461005 0.1625589259 0.1626570831 0.1166766755 0.1876531099 0.1270307373 0.1256912407 0.1796757434 0.1470637702 0.1636136300 0.1320627400 0.1367980639 0.1771014659 0.1149570382 0.1309233167 0.1114124454 0.1833474126 0.2069380274 0.2244124259 0.3211404243 0.3984136962 0.5360476023 0.6422462178 0.7742685082 0.8619492088 0.8127628339 0.8282113335 0.7010350358 0.5093581616 0.4478146501 0.2543326375 0.2340967875 0.2240996472 0.1706368762 0.1170678323 0.1580003994 0.0758641673 0.1781387289 0.1660716093 0.1311955267 0.1184246077 0.1571576443 0.1192886807 0.0788794224 0.1189250690 0.1267689882 0.0904456059 0.1227041640 0.1457128424 0.1469387616 0.2001563465 0.1494580144 0.1578606466 0.0971337006 0.1715551212 0.1951494591 0.2092520916 0.3013341694 0.3802095313 0.5208716676 0.6678163320 0.7897312903 0.8226575359 0.8419944845 0.8185946908 0.6921805208 0.5403731039 0.3542930157 0.3362700426 0.2187169912 0.1527175060 0.1474586426 0.1842382655 0.1129440366 0.1643455583 0.1814789936 0.1702035106 0.1661805714 0.1495064329 0.1709389025 0.1341297998 0.1697721341 0.1224514418 0.1090848689 0.1560500037 0.1659360801 0.1428551858 0.1687044608 0.1678444895 0.1072251932 0.1135732972 0.1631777876 0.1801673612 0.1614373071 0.2710323741 0.3185867126 0.3839019444 0.5383153407 0.6694523732 0.7863459712 0.8544488040 0.8514038925 0.7572000875 0.7107939141 0.5205850933 0.3803312867 0.3224544083 0.2531189307 0.1291022886 0.1354246721 0.1375357017 0.2073448911 0.1741083192 0.1476778671 0.1829977483 0.1445782819 0.1617338102 0.1610060582 0.1738109004 0.1426369803 0.1612570512 0.1126759759 0.1564576195 0.1330973806 0.1715600779 0.1873501520 0.1452702690
0.1339552777 0.1850643551 0.0812995891 0.0967762361 0.1011473579 0.1731989333 0.1751593285 0.2176101893 0.3257915606 0.3687491084 0.5467062583 0.6691810934 0.7708910399 0.8089291203 0.8458872009 0.8335809567 0.6805206529 0.4919804490 0.4264424877 0.2789657185 0.2133632764 0.2444944797 0.1513333281 0.1432843175 0.0999064992 0.1159410560 0.1665215617 0.1833550397 0.1361369786 0.1224767906 0.1252119546 0.1824029777 0.1488471052 0.1761435010 0.1556348669 0.1263157740 0.1873659493 0.1128593344 0.1492655652 0.1967708397 0.1078957716 0.1658081358 0.1433770589 0.1689716861 0.1811093379 0.2402320414 0.2997333913 0.4239149955 0.5500491109 0.6838794483 0.7646576519 0.8085647379 0.8453270955 0.7840287222 0.6945215833 0.5751909075 0.3896571204 0.3081917439 0.2433561356 0.2526312372 0.1613199537 0.1381927691 0.1706695431 0.1645037783 0.1634767955 0.1545660732 0.1158676349 0.0780093232 0.1574820127 0.1270208009 0.1454843387 0.1287547536 0.1391135468 0.1361426796 0.1775650519 0.1315919596 0.1573306794 0.0956375035 0.1125471678 0.1152452618 0.1713731284 0.1590486412 0.2227504270 0.2078600156 0.2816170426 0.3487940109 0.5671965484 0.6693321326 0.7504034388 0.8029430465 0.9105641154 0.8122332775 0.6758525644 0.4581014180 0.4011838851 0.3123197435 0.2469123953 0.1828428207 0.2139238785 0.1566357278 0.1830718985 0.1388882232 0.1584944317 0.1723653384 0.1021273508 0.1905059698 0.1708710523 0.0981144407 0.1233546394 0.1662918080 0.1560861588 0.1357721828 0.1844616980 0.1347869340 0.1644988539 0.1437019127 0.1347910759 0.2004658159 0.2086896602 0.1629839885 0.2481480549 0.1954874373 0.3261535056 0.4312107969 0.5961183420 0.6556501713 0.8032881775 0.8583427527 0.8174611804 0.8185455426 0.6759871962 0.5700731829 0.3891377472 0.3459016149 0.2587315739 0.1555105412 0.2260966044 0.1723188507 0.1435627712 0.1650428704 0.1647366050 0.1630437493 0.1326597664 0.1599313858 0.1375599110 0.1388495881 0.1367004870 0.1341588316 0.1346457614 0.1128114668 0.1609885034 0.1140258190 0.2254630718 0.1453805481 0.1730275733 0.1576749728 0.1291019599 0.1759379329 0.1439072402 0.2549924836 0.3407523660 0.4424482655 0.5312127071 0.6912778829 0.7917702811 0.8820353725 0.8374525693 0.7954727986 0.7536000333 0.5396452180 0.4266857481 0.2886984720 0.2607912863 0.2275578902 0.2082416254 0.1607212095 0.1600404600 0.1475085346 0.1556628740 0.1252064420 0.1850355970 0.1884713626 0.1792095125 0.1833053713 0.1824861021 0.1267906181 0.1716170922 0.2117870806 0.1823243276 0.1526838327 0.1803097545 0.0996196382
0.1659702339 0.1415336019 0.1602124248 0.1039273435 0.1445118232 0.1374613077 0.1857614135 0.1742979999 0.2684731758 0.4125425430 0.4943652251 0.6472066729 0.7811909165 0.8471123793 0.8092995407 0.8024478389 0.6772929742 0.5458049013 0.4092233541 0.2852932500 0.2295116709 0.2216986560 0.1635729472 0.1449194578 0.1388783244 0.1811553985 0.1004486261 0.1340435608 0.1623779858 0.1691786529 0.1695509978 0.1067715960 0.1478711319 0.1427668785 0.1509584130 0.1517874934 0.1696834065 0.1295237065 0.1372966140 0.1338155484 0.1646705313 0.2198037655 0.1336519449 0.1442429907 0.1794445732 0.2024296344 0.3590194119 0.4090291679 0.5328104204 0.7108987849 0.8000585898 0.8795939410 0.8494047777 0.8289743024 0.7199287305 0.5448703717 0.4442825464 0.3055834729 0.2585468248 0.2069168631 0.1213043341 0.1430106888 0.1458644932 0.1827149850 0.2141805857 0.2111607253 0.1551604161 0.1115859399 0.1155676155 0.1791008884 0.2003574389 0.1909578303 0.1604243142 0.1673189503 0.1476985148 0.1414172417 0.1300106797 0.1412026929 0.1055522120 0.1705102727 0.1918248058 0.1652306475 0.2303681115 0.2309240340 0.3157062817 0.4336741292 0.5556285913 0.6718974869 0.7977006679 0.8445667147 0.8651111601 0.8035950132 0.6895483738 0.5603663529 0.4187299121 0.2947238050 0.3046324967 0.2721487648 0.1875177655 0.1409120490 0.1580715265 0.1558684312 0.1489880295 0.1747681048 0.1125752715 0.1556138765 0.1318934749 0.1960626231 0.1771829077 0.1276957385 0.1818424016 0.1111479271 0.1407532353 0.1275460364 0.1507210816 0.1795428071 0.1736314022 0.1838691564 0.1424321968 0.1954033104 0.1908623216 0.2805083668 0.3584817501 0.4730131819 0.5542952039 0.7144956984 0.8164068031 0.8787700762 0.8530013128 0.7755673127 0.7008669888 0.5218873883 0.4123934883 0.3183057659 0.2284242707 0.1681714781 0.1789004830 0.1764060241 0.2021654978 0.1381406022 0.1434298487 0.1788485471 0.1341023042 0.1341618777 0.1861577359 0.1529028726 0.1321249765 0.1580709311 0.1031656213 0.1722028598 0.1534082167 0.1440051917 0.1558768004 0.1688325654 0.1747300073 0.1288559215 0.1448869009 0.1197022845 0.2348599470 0.2227686066 0.3853362904 0.4320268399 0.5449561459 0.7018051171 0.8748806662 0.8972010814 0.9276237161 0.8277904043 0.6991952131 0.5812519054 0.4262450924 0.3797297256 0.2401467695 0.2011511614 0.1556497582 0.1914145414 0.1937545905 0.1739645090 0.1878060079 0.1809021256 0.2419799849 0.1396188799 0.1689059283 0.1739577359 0.1580976025 0.2004718565 0.1827699148 0.1796987771 0.1857966771 0.1029336188 0.0960063736 0.2034850024
0.1296094216 0.1483408651 0.2052782438 0.1908736799 0.1577786947 0.1273347502 0.2366865645 0.2448737440 0.3313363429 0.3946021957 0.5314432617 0.6518795868 0.8020253033 0.8196804854 0.8661120306 0.8208442729 0.6860017233 0.5464613260 0.3847338277 0.2793492395 0.2129671140 0.2259560537 0.1327431544 0.1467380480 0.1404276595 0.1411633022 0.1686461551 0.1635722044 0.1302822538 0.1343557404 0.1700511017 0.1406375397 0.1527735805 0.1730216543 0.1777808518 0.1365795751 0.1613167254 0.1092862943 0.1879730353 0.1597377167 0.1427593733 0.1464095155 0.1738354262 0.1475541612 0.1701377695 0.2222413350 0.3203994706 0.4437034296 0.5573846881 0.6748281104 0.7871015920 0.8520003214 0.8864788833 0.7754881863 0.6448660010 0.5956870224 0.3948635843 0.3459136061 0.2304964288 0.1861145723 0.2012361082 0.1469487730 0.1340806358 0.1694904528 0.1219476915 0.1277044185 0.1594176891 0.1972673595 0.1809316595 0.1812074403 0.1359197399 0.1484294001 0.2303929502 0.1350313343 0.1728615793 0.1491210225 0.1719161529 0.1512073120 0.1752610039 0.1863278877 0.1653699031 0.1308734829 0.1524332323 0.2400747926 0.3527347162 0.4567869956 0.5711825617 0.6620039113 0.8233500472 0.8653684509 0.8755950535 0.8400876846 0.6380609064 0.5030761319 0.3975962766 0.2785149625 0.2760594547 0.1909240637 0.1475256352 0.1768510938 0.1484326412 0.1821217062 0.1720053620 0.2065266084 0.1616121173 0.2147181557 0.1987367460 0.1644853282 0.1396282954 0.1387484414 0.1583376890 0.1403718589 0.1557766579 0.1742665554 0.1776231310 0.2034927346 0.1394339937 0.1732034997 0.1786770220 0.1840122459 0.1833404956 0.2982896270 0.3719615020 0.4589505999 0.5582407186 0.7343870985 0.7436470402 0.9003456494 0.8443178594 0.8326747658 0.6804197400 0.5416259731 0.3916308906 0.3291282244 0.2278678801 0.1980457821 0.2426479610 0.1693720409 0.1277646061 0.1738838474 0.2075773263 0.1649927164 0.1611408163 0.1415551562 0.1794017714 0.1375351839 0.1952831729 0.1397486234 0.1655187264 0.1432528081 0.1901009607 0.2022933062 0.1758674691 0.2015121470 0.1817140264 0.1338127850 0.1127847050 0.1564676164 0.2280727326 0.2714951438 0.3421845638 0.4545024564 0.6354336639 0.7339329971 0.8078784285 0.9170011041 0.8805669436 0.8352393962 0.6869639817 0.5678352260 0.3783583981 0.2892733245 0.2399590070 0.2061916889 0.1890785415 0.1954235069 0.1843959558 0.1581764395 0.1586309168 0.1574978427 0.2008201334 0.2676760687 0.1851565861 0.1815407876 0.1854317059 0.1455331706 0.1457411896 0.1275024844 0.1816701073 0.1994471069 0.1575844129 0.2137741554
0.1138712275 0.1577231968 0.1318964753 0.1799694023 0.1550298697 0.1479485256 0.1978093630 0.2757574386 0.3501577327 0.4124160469 0.5526847699 0.6769761220 0.8516765946 0.8610967223 0.8632725776 0.7897877731 0.6244231166 0.5370530748 0.3944609092 0.3314138950 0.2240879632 0.1724490577 0.1879283462 0.1575792474 0.1462858571 0.1414614653 0.1602146567 0.2254122297 0.1568222581 0.1828375821 0.1185104891 0.1379726244 0.1333775345 0.1600385608 0.2168472685 0.1501067120 0.1887467791 0.1792214884 0.1915745183 0.1003121965 0.1511138417 0.1680010954 0.1219888315 0.1554091721 0.1402034110 0.2329090084 0.3324936846 0.4737386521 0.5783848503 0.6722519571 0.7676695272 0.8552269822 0.8589502758 0.7980915955 0.6648122050 0.5303091424 0.4325676728 0.3348433484 0.2456597587 0.1837264997 0.1498770487 0.2146120242 0.1420758807 0.1966007809 0.1880975400 0.1533556551 0.1757957577 0.1146963133 0.2088280214 0.1859472768 0.2100905331 0.1739092856 0.1514140556 0.1663252420 0.2038111015 0.2016622524 0.1704753904 0.1669235052 0.1484174299 0.1521829307 0.1539834750 0.1993908197 0.1760982184 0.2796874725 0.3174168521 0.4671817749 0.5955626915 0.6900007347 0.8671440010 0.8489812246 0.8514832472 0.8288100081 0.6925067443 0.5053321477 0.4179178913 0.2950750975 0.2676109832 0.1913771079 0.1825656639 0.1852792402 0.2408459040 0.1580776288 0.2020703675 0.1748639382 0.1149510492 0.1725653655 0.1473685428 0.1590862816 0.1567942825 0.2301947311 0.1805564430 0.1654550714 0.1547647612 0.1255456448 0.2109290640 0.1705509229 0.1883806936 0.2047866512 0.2220034146 0.1568689501 0.2634235307 0.2692641210 0.3658463897 0.4407893014 0.5915303437 0.7652200099 0.8171209055 0.8566492858 0.8613748578 0.7708552608 0.6358989945 0.5291519100 0.4135828825 0.3592690560 0.2509337101 0.1884119314 0.1792327005 0.1762476981 0.1326274042 0.2112181854 0.1757323191 0.1887521255 0.2108012166 0.1826551602 0.1247469354 0.1377811433 0.1935223195 0.1694302457 0.2362711201 0.1630737983 0.1802477913 0.1130324638 0.1416563356 0.2014221404 0.1722967727 0.2021254506 0.1595118615 0.2083794929 0.2342398147 0.2818169522 0.4259631881 0.4871231684 0.5760124388 0.7005558322 0.8188519127 0.8627537664 0.8903435046 0.8102861556 0.6607353160 0.5338789675 0.3713666260 0.3329160105 0.2479358940 0.2766160186 0.1548171713 0.2193195730 0.1915576501 0.2202895350 0.1793144414 0.1891228798 0.2154333986 0.1798869983 0.1722966474 0.1852872562 0.1912951661 0.1671496658 0.1837938755 0.1219103121 0.1861602525 0.1276840272 0.1996024331 0.1542142997
0.0977715368 0.1514539519 0.1721730864 0.1439135678 0.2121110963 0.1991627948 0.1584157366 0.2244059891 0.3109268753 0.4788834598 0.5424997844 0.7454653353 0.8159668234 0.8992787620 0.8277380298 0.8149177934 0.6441692552 0.5553066879 0.3906233688 0.3110349530 0.2261659487 0.2231909132 0.1956096645 0.1815894302 0.1732338032 0.1654769899 0.1429591998 0.1025734591 0.1247913359 0.1743992872 0.1753783504 0.1898789317 0.1450783798 0.1619860409 0.1608160304 0.1925047422 0.2178610296 0.1507779891 0.1580213140 0.1667766472 0.1278098734 0.1528341341 0.1904529144 0.2033206197 0.2591543365 0.2710718856 0.3433229620 0.4690429248 0.5735668332 0.6788811125 0.7880112313 0.8656363039 0.8508666358 0.7959702748 0.6624592789 0.5456231849 0.4837825632 0.3073809447 0.2400068369 0.2123721010 0.1710395277 0.1528980370 0.1683279829 0.1788333434 0.1811865522 0.1908174760 0.1464830448 0.1324423623 0.1750462807 0.1810299294 0.2254359176 0.1669579928 0.1493813265 0.1729319073 0.1350874581 0.1444868910 0.1507493986 0.1877434627 0.1409098971 0.2096729067 0.1428988328 0.1479034820 0.2449050331 0.3087708579 0.3036375879 0.4612445603 0.6217340154 0.7365569386 0.8074452312 0.8263479083 0.8426451107 0.7772787159 0.6910823098 0.5497777060 0.3926051321 0.3443280304 0.2635825663 0.2868247097 0.1486020917 0.1597169162 0.1622227227 0.1561473497 0.1688211420 0.1517973196 0.1442916755 0.1593470366 0.2000590064 0.1759454765 0.1874958573 0.1283101155 0.1362554163 0.2100343974 0.1458977311 0.1379749211 0.1183321304 0.1286534927 0.2007677178 0.2049384205 0.1297503041 0.1803898867 0.2297805145 0.3395036675 0.3351716556 0.4542218984 0.6366455924 0.7264102974 0.7807615051 0.8859808708 0.8924323552 0.8605461953 0.7356463552 0.6337442066 0.4496157623 0.3230616139 0.2730489335 0.2456062262 0.2031590185 0.1864518313 0.1683628827 0.1365855712 0.1918221893 0.1405460070 0.1778540730 0.2177595159 0.2019902151 0.1531286313 0.1746405597 0.2076889015 0.1390320821 0.1774223692 0.1824210185 0.1085297737 0.2431635533 0.2008029047 0.1480477780 0.2151658426 0.1742416912 0.2065253923 0.2282902636 0.2771134374 0.3689540124 0.4411861616 0.6043065925 0.7353266327 0.8433247801 0.9464569747 0.8707442108 0.8027762496 0.7055955635 0.5250364778 0.3754010190 0.2932075696 0.2888883939 0.2241114650 0.2603951979 0.1974208654 0.1957247553 0.1742715919 0.1862919788 0.1663376581 0.1609253956 0.1575680292 0.1291782016 0.1438872581 0.1827673701 0.1895045352 0.2320650839 0.1910969575 0.1697696381 0.1507870599 0.1787229238 0.2138923968
0.1250069673 0.1860679267 0.1915988706 0.1202434600 0.1594512681 0.1974707538 0.1996322362 0.2378894129 0.3520524706 0.4918256541 0.6123715941 0.6739272388 0.7885387703 0.8819794908 0.8878812484 0.7766421278 0.6850507779 0.5224536940 0.4443612746 0.2719349514 0.2810350271 0.1349271970 0.1821040937 0.1823661816 0.1523698741 0.1505453450 0.1879802264 0.1641363880 0.1941561591 0.1509256161 0.1671568141 0.1692134082 0.1581116213 0.1231023352 0.1761422901 0.2419179348 0.2235971776 0.1540161755 0.2091326838 0.1362497529 0.1389955073 0.1491463006 0.2209457352 0.1811862518 0.1965254155 0.2658381393 0.3715595136 0.4255272387 0.6278478687 0.7045760792 0.8407056008 0.8606657539 0.8890221789 0.8255471215 0.6230593882 0.5302276633 0.4116779236 0.3475374563 0.2697696649 0.2084979946 0.1811194972 0.1719755014 0.1687672423 0.1759785226 0.1773392991 0.1885309531 0.1876811539 0.1733239451 0.1490799737 0.2407931272 0.1486823625 0.1916504641 0.2016403773 0.1592089641 0.1986680737 0.1518770315 0.1426954241 0.1482880551 0.1855984784 0.1502468133 0.2010051296 0.2071169876 0.2296793809 0.2987984570 0.3264857631 0.4305432655 0.6105558762 0.7373951291 0.8146752695 0.9015709305 0.8869313242 0.7929091476 0.6760369593 0.5071077549 0.3828526436 0.2978638884 0.2370479058 0.2070758581 0.2208325871 0.1887291457 0.1465845078 0.1582868001 0.2185257247 0.1627549879 0.1781001667 0.1829604571 0.1270515104 0.1717388632 0.1573208180 0.1578271030 0.1680858986 0.2253487435 0.1875344966 0.1169507807 0.1808040999 0.1929505133 0.1775243280 0.2245540486 0.1383309735 0.1706494956 0.2408319108 0.2975157819 0.4036745542 0.4627685949 0.6230791672 0.7359133425 0.8644250374 0.8298140408 0.8716783421 0.7729671146 0.6859894741 0.5188676583 0.4733235305 0.2929655322 0.2553253100 0.2220331116 0.1997534799 0.1702616461 0.2124567701 0.2052752051 0.1278906512 0.2013541877 0.1770319051 0.1512755653 0.1589633728 0.2358236850 0.1467930290 0.2143936037 0.2028246807 0.1394241419 0.1419674348 0.1466912835 0.2071094817 0.2332939288 0.1967452900 0.1969105189 0.2171014208 0.2121789622 0.1941635776 0.2532630032 0.3977625383 0.4721548202 0.5730723771 0.7713191985 0.8351098825 0.9185411722 0.8700945548 0.8041179756 0.6903621792 0.5064144138 0.4771413949 0.2868894221 0.2961058858 0.1840953587 0.2457983227 0.2125465693 0.1796857972 0.0989766551 0.2148765169 0.2190123434 0.2268016260 0.1818968575 0.1676070964 0.1369015628 0.1762679699 0.1977694260 0.2170715472 0.1901902790 0.1743752293 0.1908246444 0.2028414628 0.1510884083
0.1223110946 0.1724378429 0.1663220059 0.1536783545 0.1641785283 0.2205193572 0.2153823908 0.2325032965 0.3138345001 0.4376856104 0.5599188831 0.7326517592 0.8227016094 0.8949545034 0.9067276756 0.7583754238 0.6614024667 0.5466089537 0.4028551361 0.3425942247 0.2466260348 0.1965980888 0.1581808497 0.1481051480 0.1943040852 0.1465331600 0.2019786576 0.1770068706 0.1619671274 0.1426032791 0.1495233608 0.1982572281 0.1499845786 0.0982856885 0.1794235775 0.1405109933 0.1537859156 0.1381617232 0.1684988746 0.1654749303 0.1744671485 0.1951377747 0.1552987691 0.1802133935 0.2873237821 0.2734711351 0.3179764432 0.4116502455 0.5773630596 0.7386145930 0.8766038453 0.9287313121 0.8648936266 0.7848765394 0.6141820761 0.5011672105 0.4169897597 0.3014366169 0.2974583527 0.2278308852 0.1523795105 0.1823833595 0.1774256776 0.1877583649 0.1802498450 0.1438012327 0.1426299974 0.1665726603 0.1886751313 0.1235829546 0.1807703021 0.1753038937 0.1624383892 0.2008779798 0.1962686121 0.1589821822 0.1521691593 0.1349856212 0.1625203594 0.1843203967 0.1498200865 0.1775944926 0.2114886101 0.2545312929 0.3939020105 0.4794343702 0.5828109172 0.7764155934 0.8278919069 0.8725892957 0.8934997231 0.7665068694 0.7052933281 0.5613513379 0.4098946398 0.3103259926 0.2165055944 0.2546463375 0.1733984918 0.1646113952 0.1481845261 0.1782384371 0.1265390283 0.1638547216 0.1465853023 0.1661413576 0.1621107108 0.2022946861 0.1556225985 0.2260453076 0.1883558339 0.1338456659 0.1235527712 0.1229802602 0.1433564170 0.2023829046 0.1698744094 0.1774065131 0.1911307767 0.1980519347 0.2164304068 0.3317296512 0.3590857812 0.4881792960 0.5947661526 0.7583953068 0.8275868603 0.8953849433 0.9072262299 0.7742224514 0.6383374123 0.5340757611 0.3918444010 0.3359357752 0.2047752764 0.1911783501 0.2155314446 0.2119489836 0.1644402253 0.2143856475 0.1781190314 0.1475707435 0.1165552377 0.2029562840 0.2449180640 0.2430270863 0.1818348592 0.2005043146 0.1723895496 0.1811102170 0.2027257054 0.1598717305 0.1232933974 0.1406364789 0.1810178470 0.2512654822 0.1707185318 0.1798442382 0.2418445408 0.2726886622 0.3648119505 0.5001232975 0.5885722644 0.7587510754 0.9116882512 0.8952103426 0.9149004630 0.8314343089 0.6748441440 0.4939583090 0.4637743750 0.3101308000 0.2284424334 0.2123279087 0.2081885849 0.1727385165 0.1436833649 0.1889890735 0.1420951497 0.1354819392 0.1823342965 0.1574535462 0.2261609459 0.1790182578 0.2022557741 0.1781931480 0.1796194901 0.2009757790 0.1383415204 0.2214350707 0.2265210055 0.1947056993
0.1423267971 0.1722668528 0.1302726234 0.1363023186 0.1594099253 0.1707267282 0.2044780520 0.2732821038 0.3486147688 0.4751317341 0.5928310757 0.6919943403 0.8182487088 0.8530051516 0.8432367549 0.7647202543 0.6358429125 0.5226117378 0.3750557332 0.3338016690 0.2121179515 0.1944843971 0.1748672798 0.1691317054 0.1490138745 0.1596121076 0.1718655251 0.1562814472 0.1441325603 0.1216230609 0.1236829536 0.1626607304 0.1632760894 0.1774433954 0.1649694976 0.1303441337 0.1243200722 0.1704336489 0.1739570598 0.1876889375 0.1227008672 0.1294608811 0.1392142154 0.1860171110 0.2728047456 0.2394203003 0.3489434162 0.4548400499 0.5999052440 0.7646860569 0.7864407055 0.8822180837 0.8658300505 0.7686157802 0.6708712421 0.5276768824 0.3926779865 0.2977479678 0.2541445312 0.2197350111 0.1689463477 0.1522533957 0.1355616158 0.2055874883 0.1111294147 0.1396854790 0.1460537903 0.1736777975 0.1358713680 0.1718550383 0.1310006967 0.2367433533 0.1751209971 0.1952336641 0.1958533242 0.1120332382 0.1560685236 0.1452363304 0.1587197565 0.1856307661 0.2249518103 0.1663651913 0.2457782473 0.2654698945 0.3148894415 0.4855434205 0.5929892695 0.7579164454 0.8414967951 0.9163920161 0.9296780258 0.7589591510 0.6862521675 0.5179189191 0.4315523516 0.2820262680 0.2569136792 0.2211751623 0.2044532439 0.1415292515 0.1739011505 0.1948853768 0.1530318775 0.1822767564 0.1405845816 0.1480113214 0.1908625705 0.1613611975 0.1743577683 0.1847608742 0.1993948836 0.1072267273 0.1118492753 0.1728236809 0.1508839514 0.1992227093 0.1660794027 0.1775340532 0.1322316495 0.2033094400 0.2587732454 0.2733560079 0.3470171947 0.4567655361 0.5759240560 0.7466877037 0.9019355839 0.9271723913 0.8654026759 0.7919054437 0.6915681560 0.5231104852 0.3904910090 0.3360756812 0.2005069243 0.2169345145 0.1383564815 0.1727806342 0.1809697756 0.2131712975 0.1371771404 0.1737782543 0.1771016464 0.1307928065 0.1946706727 0.1919156662 0.1935719916 0.1657181014 0.1876637651 0.1925063297 0.1538699180 0.2072145264 0.1380281477 0.1776718068 0.1738882298 0.1957256841 0.1914352946 0.1655640478 0.2494192861 0.2914503981 0.3657685676 0.5026532046 0.6193518490 0.7634576827 0.8881379477 0.9193175463 0.8926008920 0.7470971943 0.6401979649 0.5255744717 0.3635977517 0.3008827977 0.2392884925 0.2030615725 0.2219084418 0.1846313708 0.1589093459 0.1919339338 0.1821548394 0.1510017745 0.1626158978 0.1658641664 0.1450555336 0.1834629285 0.1350482827 0.1429176628 0.2244145550 0.1626131292 0.1838004760 0.2057067138 0.1887477710 0.1916920080
0.1981434300 0.1661233978 0.1731320213 0.1167914896 0.1790222367 0.1067196406 0.2705030536 0.2934612384 0.3340316316 0.4788075814 0.6200595153 0.6755304392 0.8151971792 0.9107077723 0.8121634440 0.7263531530 0.6397427935 0.5757454546 0.3839128732 0.3473302921 0.2183903910 0.1439647363 0.2274604936 0.1508383902 0.1850840676 0.1749097333 0.1115982202 0.2328674498 0.1055188889 0.1243842570 0.1497450567 0.1787808064 0.1708122152 0.1341575394 0.1574317867 0.1492480565 0.0973046978 0.1200389676 0.1671073684 0.1760496828 0.1457152278 0.1696986437 0.1726508246 0.1990274352 0.2298209799 0.2490528741 0.3514629917 0.4346735988 0.6348896114 0.7512369950 0.8087968880 0.9006957987 0.8743658105 0.7457640184 0.6136575996 0.5314020741 0.4198826119 0.2818100256 0.2400886799 0.1797421399 0.1921209177 0.2156205425 0.1606793418 0.1048723875 0.1310922105 0.1814243876 0.1751204001 0.1590970049 0.1455424394 0.1863484429 0.1037545033 0.1347591807 0.1854722146 0.1622937405 0.1286966418 0.1554144695 0.1469573526 0.1529712181 0.2349690666 0.1969176584 0.2036675644 0.1983883547 0.2338802265 0.2483433342 0.3896894331 0.4825142050 0.5787440111 0.7162083882 0.8384131364 0.9052634930 0.8671436537 0.8155605974 0.6613611577 0.5009585389 0.4072546701 0.3092342059 0.2028194671 0.1884513121 0.2029790640 0.1730499276 0.1487838225 0.1681330316 0.1524206671 0.1897930449 0.1944306026 0.1954805199 0.1472798342 0.1746186146 0.1711600085 0.1697016414 0.1642894713 0.1399130508 0.1385789855 0.1733095465 0.1553335848 0.1365121698 0.1250295491 0.1546668857 0.1545515707 0.1704027225 0.2463283824 0.2811513310 0.3622022332 0.4593178783 0.6335010443 0.7335192264 0.9171080533 0.9035597383 0.8246592051 0.7413043080 0.7021442276 0.5358268114 0.3621150714 0.3466394065 0.1884409510 0.1719642737 0.1528575126 0.1523092712 0.2150168797 0.1318399688 0.1941304381 0.1750883899 0.1504585425 0.1747320007 0.1439876211 0.1981899031 0.1964889931 0.1860053557 0.1938657549 0.1528941508 0.1052227306 0.1572388608 0.1489263292 0.1634090496 0.2164073028 0.1715931270 0.1506481951 0.1833401733 0.2418890731 0.3188137267 0.3676074043 0.4638614160 0.6278358758 0.7745185226 0.8630315175 0.8590996314 0.8687635094 0.7819406663 0.6294205101 0.5310478738 0.3646683069 0.2926528881 0.1875632541 0.1753306712 0.1767615369 0.1403536354 0.1366209867 0.2309153159 0.1575924118 0.1519476531 0.2021422425 0.1921088368 0.1486781987 0.1842028693 0.1810500148 0.1893989202 0.1693866112 0.1729173777 0.1619770618 0.1503798907 0.2109967813 0.1431939932
0.1325301661 0.1811864394 0.1570895493 0.1327026983 0.1392015697 0.1506960760 0.1555425803 0.2759980471 0.3066792787 0.4172149443 0.6186019268 0.7714435052 0.8547912689 0.8937891042 0.8380520577 0.8385227667 0.6416538397 0.4809152469 0.4092813898 0.3045388259 0.2581935675 0.2211994274 0.1751659585 0.1527288353 0.1222953524 0.1555867470 0.0995843305 0.1652348916 0.1493218673 0.0987004029 0.1310265948 0.1437788549 0.1749211266 0.2034617580 0.1925954424 0.1239739153 0.1904701328 0.0897258550 0.1381215910 0.1488707493 0.1536676553 0.1564726584 0.1223745731 0.1950344942 0.1600618755 0.2743638081 0.4035256218 0.4127962611 0.6084766792 0.7452665115 0.8135537431 0.8458489108 0.8158550204 0.7410987614 0.5953773189 0.4591964595 0.3480228632 0.3410371331 0.2687577583 0.2131675049 0.1058975340 0.1593797352 0.1924932828 0.2063848540 0.1428885122 0.1415202165 0.1300895204 0.1870311492 0.1137788068 0.1032016981 0.1853906357 0.1809505875 0.1236842994 0.1232138158 0.1618684611 0.1859389993 0.2083541929 0.1304778424 0.1561238314 0.1566724092 0.2455867526 0.1850555337 0.1999651644 0.3008285590 0.3363358688 0.4877392824 0.5974226044 0.7549774961 0.8689997834 0.8821557464 0.8585134868 0.7315755599 0.6501329049 0.5230066045 0.3661344935 0.2950456017 0.1947276919 0.1526642923 0.2153603017 0.1260882363 0.0978768650 0.1952434382 0.1781399632 0.1723337580 0.1921766123 0.1823299514 0.1698320725 0.1642186095 0.1119164642 0.1545703270 0.1214730086 0.1643866529 0.1504249139 0.1303117741 0.1567089246 0.1698523622 0.1598051926 0.1843670511 0.1378851610 0.1640423900 0.2341322084 0.2977560377 0.3881703780 0.4775838335 0.5937118431 0.8096134621 0.8376461779 0.8735822488 0.8336441863 0.7146173213 0.6332548087 0.4733406474 0.4218623243 0.2886261507 0.3053563780 0.1719267163 0.1347191676 0.1597206280 0.1541150111 0.1337332204 0.1407175499 0.2001782068 0.1646901097 0.1737199174 0.1703608247 0.1555664249 0.1256421527 0.1588929796 0.1415865118 0.2262042002 0.1413243207 0.1381801729 0.1753687593 0.2112857681 0.1824726878 0.1634787434 0.2021458454 0.1761791923 0.2087171615 0.3489094876 0.3712683159 0.5056477671 0.6471579179 0.7200415697 0.8454129549 0.8864925614 0.8424535952 0.7653150610 0.6526055205 0.4827425712 0.3648547496 0.2282306572 0.3284925471 0.2242959513 0.1569556297 0.1018291708 0.1338473751 0.1890925440 0.1761310279 0.1471049487 0.1185521955 0.1326851074 0.1493215690 0.1961367526 0.1820766927 0.1683897599 0.1694447660 0.1413412771 0.1603240501 0.1878262313 0.1796277158 0.1408521625
0.1224084574 0.1105761428 0.1268450161 0.1698563520 0.1328014047 0.1312416406 0.1435189737 0.2648729516 0.3350420006 0.4487783679 0.5858525084 0.6848252618 0.8246534245 0.8988274151 0.8804326854 0.7006841041 0.6212029297 0.5078899464 0.3941908400 0.3025767399 0.2403558571 0.1653071639 0.1438853745 0.1556643199 0.1968135178 0.1672956408 0.1462168396 0.1583260198 0.0939406510 0.1618491126 0.1159841639 0.1272273578 0.1267458380 0.0868778062 0.1864339888 0.1220178322 0.1793238847 0.1670939981 0.1656706299 0.1266236478 0.1900397819 0.1079583451 0.1741589371 0.1936401570 0.1825833408 0.2584205362 0.3701075437 0.4800873914 0.5991496961 0.7564314902 0.8752267530 0.8418055599 0.8354506900 0.7506425535 0.6186407689 0.5232868482 0.3414457897 0.2493822637 0.2405145146 0.2160375454 0.1570733991 0.1524271575 0.1514255642 0.1662576638 0.1785563654 0.1344357172 0.1547757018 0.0970812051 0.1260209022 0.1394222549 0.1417535612 0.1391508496 0.2036622764 0.2179543336 0.1855008995 0.1575246953 0.1559538023 0.1313537454 0.1479856156 0.1383580364 0.1726249307 0.1818286047 0.2125368767 0.2803504243 0.3478569037 0.4897591811 0.6171216679 0.7395305684 0.8573772146 0.8800757913 0.8398415781 0.7695717908 0.6521918832 0.4857952209 0.4011009816 0.2445984252 0.1669005333 0.1536217129 0.1676876495 0.1527357383 0.1387838524 0.1695870478 0.1638676862 0.1797191764 0.1509208911 0.1489076914 0.1257994750 0.1357248402 0.1635014611 0.1638041147 0.1157820911 0.1133885811 0.1587968862 0.1477940826 0.1424285386 0.1560157897 0.1799779078 0.1714935079 0.2007738180 0.1942276297 0.2365205298 0.2308962534 0.3997291753 0.5001992014 0.6239765162 0.7329629212 0.8174864093 0.8608661380 0.8353969659 0.7286899302 0.6042998009 0.5176329998 0.3877311252 0.3012692651 0.2776362079 0.1859542295 0.1566596140 0.1613868193 0.2129148181 0.1251030480 0.1361331925 0.1535715931 0.1435876603 0.1235276804 0.2017887020 0.1801127513 0.1948870752 0.1560924771 0.1623672922 0.1732918073 0.1499110430 0.1360022840 0.1533588497 0.1747240375 0.1760136966 0.2120663175 0.1761552848 0.2024439907 0.2737289375 0.2839394940 0.3608551194 0.5083320195 0.6620642210 0.7599858280 0.8049459529 0.8591050749 0.8183742832 0.8118674309 0.5914630877 0.4704704195 0.4043714818 0.2490616885 0.2593611255 0.1856697517 0.1249754010 0.2498671486 0.1745323372 0.1445705864 0.1650710025 0.1672335170 0.1411794407 0.1169940897 0.1447616568 0.1064605988 0.1425539724 0.1233878705 0.1997887450 0.2044624999 0.1713731681 0.1894678110 0.1385432425 0.1314574826
0.1324437546 0.0633437169 0.0906391889 0.1355810474 0.1197865043 0.1954124008 0.1881718394 0.2625120844 0.3333000513 0.5165311216 0.5842708883 0.6817084089 0.7794091283 0.8621809501 0.8236906426 0.7153862846 0.6144965251 0.5064316995 0.3501887847 0.3193045284 0.2073831042 0.1876169479 0.1901078726 0.1401129195 0.1526468131 0.1354784972 0.1160227314 0.1473702201 0.1808458259 0.1554613028 0.1083819630 0.1366873731 0.1721429160 0.1701603667 0.1382856882 0.1330968822 0.1475357957 0.1440873462 0.1749612013 0.1109870183 0.1414030865 0.2073647631 0.1268273022 0.2311809520 0.2624767250 0.2561588237 0.3614917680 0.4677956918 0.6590643327 0.7421103783 0.8537737636 0.8838068213 0.8268103908 0.7055362253 0.5814008786 0.5252673344 0.3751122632 0.3066427013 0.2534569159 0.1934911749 0.1057308396 0.1369512299 0.1700642965 0.1719265999 0.1206247765 0.1837189201 0.1556280425 0.1876056298 0.2024769814 0.0977159837 0.1460562046 0.1254201887 0.1601287550 0.1346354871 0.1587231768 0.1622930314 0.1330934171 0.1409701642 0.1852676166 0.1946542961 0.1518071195 0.1618191116 0.2378374047 0.2707317372 0.3520515243 0.5017090563 0.6025086485 0.7288962308 0.8986242255 0.8185791563 0.8596968813 0.8070486605 0.6333718330 0.4478058027 0.3031367952 0.2692389092 0.1856228481 0.1320205832 0.1642403832 0.1480583078 0.1686186454 0.1870839844 0.0786235976 0.1563710512 0.1264570344 0.1361923498 0.1476145167 0.2066643365 0.1860082544 0.1430175863 0.1313791203 0.1540604910 0.1394921215 0.1664657183 0.1421746539 0.1630033736 0.1423624628 0.1054065828 0.1464225627 0.2039160039 0.2114835384 0.2834554122 0.4265982296 0.4642410932 0.6053434195 0.8181596656 0.7801011829 0.9097855990 0.8325497306 0.7314061334 0.6002403486 0.4975947546 0.3610545126 0.2792785493 0.1819142630 0.2144327791 0.1553178077 0.1200230106 0.0855315499 0.1815186376 0.1406781222 0.1566240945 0.1658338147 0.1451275806 0.1682742176 0.1489906443 0.1099875994 0.1489062247 0.1910498575 0.1408064514 0.1243580461 0.1612530908 0.1294686819 0.1755138097 0.1791063663 0.1481937427 0.1790615414 0.2004694312 0.2177759208 0.2603610417 0.3561615538 0.4807531646 0.6807904446 0.7176401213 0.7870538513 0.8948442243 0.7965431622 0.6781022227 0.5937196902 0.4884842989 0.2977354287 0.2949523751 0.2016821666 0.2208428644 0.1459521386 0.1777940679 0.1570512159 0.1815925314 0.1485115571 0.1356396092 0.1620875081 0.2217376861 0.1541717506 0.1462949458 0.1706020984 0.1955775591 0.1968275630 0.1722598193 0.1738565375 0.1341221874 0.1288421049 0.1676461151
0.1301768604 0.0741725966 0.1473748856 0.1163529841 0.1413689499 0.1338177713 0.2104118260 0.2458313418 0.3853131353 0.4126626012 0.5916037577 0.6792326088 0.8059828562 0.8548906462 0.8320893569 0.7209598713 0.6008688817 0.5078456941 0.3883154160 0.2623683244 0.1588785853 0.2069019834 0.1341666477 0.1377390115 0.1274468785 0.0800740037 0.1321242555 0.1504076549 0.1362588701 0.1209508763 0.1541536261 0.1414741000 0.1710510290 0.1212012208 0.1265007893 0.1269719984 0.1693189372 0.1570875172 0.1398675462 0.1366606635 0.1380201238 0.1587149125 0.1424893801 0.1743528580 0.1974864130 0.2404820032 0.3298187156 0.4848963199 0.5991883535 0.6794206480 0.7961358891 0.9263513840 0.8298239202 0.6850005111 0.5725986151 0.4287454891 0.3875481686 0.2775069629 0.2036175351 0.1858366281 0.1868990903 0.1647876774 0.1498922441 0.1315013794 0.1759382782 0.1529735105 0.0986403262 0.1738205708 0.1265317552 0.1304725059 0.1682330783 0.0913613839 0.1303705710 0.2178993337 0.1783476731 0.1665283895 0.1593847031 0.1394560636 0.1231752072 0.1566482458 0.1828077893 0.2159868120 0.2305491565 0.2958514244 0.3886871371 0.4664518828 0.6245822175 0.7535687772 0.8065443870 0.9129955100 0.8102277947 0.7336128618 0.6205066901 0.4894725536 0.2517170807 0.2608788637 0.1931545542 0.1771348403 0.1780727620 0.1548726641 0.1701158800 0.1098841498 0.1389710383 0.2038561107 0.1304423807 0.1050712276 0.1080070127 0.1971454362 0.1630992966 0.1407663607 0.1557391988 0.1372673822 0.0848064048 0.1172150619 0.1069751898 0.0881146112 0.1645726546 0.1735171124 0.1815028001 0.1946882381 0.1902026577 0.2581413686 0.3755315172 0.5014839975 0.6461126356 0.7483420837 0.8163960107 0.8577557048 0.7762652055 0.7366377558 0.6301777303 0.4919311784 0.3250231939 0.2818638912 0.2050172058 0.1518426051 0.1449617030 0.1539188177 0.1955669291 0.1799156606 0.1505383350 0.1517715066 0.1785820311 0.1840986690 0.1876150678 0.1751122898 0.1256707072 0.1310072268 0.1240619163 0.1484568940 0.1475271786 0.1406161474 0.1405335441 0.1316841471 0.1744676163 0.1258312770 0.1729110021 0.1681689770 0.1843281419 0.2744732096 0.3660069009 0.4966950977 0.6161791375 0.7303630589 0.8442920854 0.8407775168 0.8069672365 0.7372773971 0.5940467436 0.4906475243 0.4082350661 0.2902853098 0.1823546666 0.1932083905 0.1505508287 0.1225567411 0.1550739508 0.1808438997 0.1913397757 0.1504462590 0.1527876585 0.1689412512 0.1135275080 0.1404830516 0.1654806222 0.1475364959 0.1392568120 0.1652019445 0.1472667150 0.1443123748 0.1657388360 0.1547139725
0.0564980371 0.1473635654 0.1550904721 0.1490408603 0.1690096736 0.1315048374 0.2274002291 0.2473767152 0.3447372963 0.4596246042 0.5691316394 0.7555508932 0.7910617558 0.8630489237 0.8381599307 0.7070588917 0.6264126537 0.4365394824 0.3461728593 0.2698111594 0.2028918337 0.1786573582 0.1131359409 0.1403186291 0.1408489460 0.1942660430 0.1022592238 0.1146027427 0.0804725653 0.1304091587 0.1586843352 0.1530124205 0.1586102404 0.1458075783 0.1403526237 0.1423085520 0.0506472775 0.1046226269 0.1794803729 0.1099876488 0.1235287282 0.1353215176 0.1866431622 0.1510620731 0.1528809668 0.2745570855 0.3370340479 0.4528898487 0.6148876233 0.7593051266 0.8200473163 0.8762511439 0.8261497353 0.7574633734 0.6016899266 0.4703114098 0.3332701825 0.2455825211 0.2465013401 0.1842731415 0.1468681037 0.0940785455 0.1435416621 0.1492502763 0.1225427289 0.1373583005 0.1274968054 0.1400472171 0.1242963020 0.1473855015 0.1659499685 0.1648844527 0.1184827322 0.1448171887 0.1133919965 0.1605370438 0.1441007990 0.1242804478 0.1416676458 0.1674860494 0.2301684702 0.2121898070 0.2008051283 0.3076019474 0.3613774858 0.4803538413 0.6485290238 0.7712784275 0.8568170091 0.8655443335 0.8244833971 0.7152793500 0.6236388981 0.4692287592 0.3336841250 0.2507807846 0.2411499148 0.1235910092 0.2154387501 0.1559438748 0.1458729897 0.1287370319 0.1281738049 0.1557227275 0.1237289780 0.1404925849 0.1080591023 0.1099278091 0.2076503922 0.1146951560 0.1055428481 0.1244814930 0.1616163261 0.1820854422 0.1111934682 0.1579163987 0.1279022455 0.1475069379 0.1548501830 0.1827586227 0.2091759197 0.2822428202 0.3797031626 0.4412227023 0.6391816056 0.7198444450 0.8907668255 0.9076182309 0.7953954488 0.6691503630 0.5623013825 0.4832624658 0.3893386548 0.2694335639 0.2241343821 0.1692589257 0.2081216629 0.1177417109 0.1449526803 0.1302995746 0.1839542349 0.1697818642 0.1931608105 0.1787040953 0.1458002035 0.1659251708 0.1406215724 0.1298577676 0.1581771062 0.1610108643 0.1159613671 0.1711567128 0.1241497914 0.1683055094 0.1060164887 0.2050148030 0.1632633821 0.2252383370 0.2264910675 0.2738603281 0.3527076404 0.5194316979 0.6474705378 0.7304149579 0.8402620664 0.8709607705 0.8240152463 0.7675736419 0.6470169463 0.4223214378 0.2995486794 0.2294945941 0.2082980012 0.1939858945 0.1922280386 0.1795066660 0.1764858007 0.1631935071 0.1558127032 0.1357003206 0.1696587131 0.1798337129 0.1183023126 0.1655470350 0.1178365849 0.1773256007 0.1277736683 0.1705027335 0.1560723013 0.1374777211 0.0681333312 0.1760856349
0.1703762974 0.1416552208 0.1353783233 0.1716067237 0.1391944955 0.1922638567 0.2193847109 0.2505175713 0.3666374648 0.4875749261 0.6133068186 0.8005254023 0.8332605604 0.8681746605 0.8632848694 0.7107188154 0.6449453922 0.4742602890 0.3606375195 0.2471535548 0.1377534493 0.1534466800 0.1171089967 0.1317996993 0.1300341391 0.1121922548 0.1463227003 0.1187340138 0.1007657542 0.1695342459 0.1349650039 0.0967556651 0.1129351915 0.1769217914 0.1532790403 0.1591949501 0.1484512478 0.1320307443 0.1724499720 0.1545106336 0.1241500049 0.1221966611 0.1274806817 0.2401049418 0.2106443537 0.2670383727 0.3568777875 0.5089923102 0.6357426568 0.7024664452 0.8316037028 0.8804726634 0.7876799467 0.7240111778 0.5959370580 0.4641095235 0.4044468063 0.2613573686 0.2611255956 0.1376331309 0.1136591249 0.1580750244 0.1357919839 0.1411457716 0.1405047192 0.1555581266 0.1074420048 0.1573515058 0.1564355848 0.1609965170 0.1079241643 0.1495278673 0.1664119761 0.1053325904 0.1798478887 0.1633817900 0.1306746718 0.0981009731 0.1714701855 0.1780716595 0.1469708995 0.1677415771 0.1944067827 0.2864535895 0.3491703445 0.5151881518 0.6601171086 0.7264723653 0.8687782008 0.8654215996 0.7882751990 0.7200910290 0.5366001305 0.3998680407 0.3876540399 0.2862984619 0.2057502746 0.1550303119 0.1839316914 0.1438217745 0.2012127550 0.2066931943 0.1882087889 0.1435359915 0.1296584206 0.1713864302 0.1533980395 0.1741569816 0.1162815996 0.1991365997 0.1267661950 0.1640203303 0.1636569832 0.1469830067 0.2170412025 0.1916843349 0.1069724015 0.2035493626 0.1388078625 0.1856737977 0.2124759169 0.2937203176 0.3399063842 0.5206385898 0.6593666310 0.7272457640 0.9017130148 0.8864746324 0.8122023793 0.7243783681 0.5775109428 0.4786443521 0.3377641982 0.3038938214 0.2449561134 0.1489240709 0.1332570570 0.1292810911 0.1213414607 0.1766820326 0.1508980727 0.1055757720 0.1116374674 0.1643240448 0.1370507399 0.1234791366 0.1988551435 0.1735862792 0.1541974103 0.1458936659 0.1635181823 0.1641130813 0.1000714684 0.1998583722 0.1465292731 0.1206521548 0.1523792197 0.1500927636 0.2029075227 0.3026962367 0.3718384437 0.5101302242 0.6296339339 0.7553715042 0.8391772339 0.8277392897 0.7972161593 0.7269516495 0.6222695004 0.4944483419 0.2949049508 0.2627657106 0.2400760567 0.2242947577 0.1674595832 0.1561571282 0.1837201093 0.1025780205 0.0847274373 0.1744387505 0.1628478722 0.1253980609 0.1528562015 0.1325473823 0.1822090798 0.1976716668 0.1184579744 0.1722959010 0.1154118995 0.1563141630 0.1566962586 0.1820224353
0.1342540218 0.1362389477 0.1174074283 0.1658763475 0.1852154409 0.1447781167 0.1979812672 0.3041486809 0.3873776578 0.4565515860 0.6366549016 0.7040504519 0.8418400783 0.9266138228 0.8058977008 0.7088612016 0.5841964574 0.4891388598 0.3067261841 0.2711685282 0.1776728003 0.2009142983 0.1856338985 0.1764241741 0.1173737666 0.1822899012 0.1695805577 0.1350099884 0.1417295290 0.1303189990 0.1517340686 0.1422342477 0.1471583345 0.1456079944 0.1673254503 0.0932139652 0.1072906976 0.1352052065 0.1324992863 0.1292478014 0.1961830876 0.1220597684 0.1639343779 0.1876756366 0.1616928076 0.2802009531 0.3235428223 0.4967711844 0.6292685055 0.7220201939 0.8535829627 0.8969654775 0.7982929620 0.7316112428 0.5881506219 0.5079568683 0.3562409379 0.2756977946 0.2203031238 0.1788816753 0.1164652681 0.1268523104 0.1772077859 0.1051973175 0.1518329283 0.1223675260 0.1168315739 0.1095445392 0.1547081198 0.1777323370 0.1107878595 0.1407247192 0.1434478639 0.1418164977 0.1103195120 0.1662913984 0.1624933725 0.1426305124 0.1417968119 0.1857248512 0.1713338467 0.1734889873 0.2593820291 0.3089135224 0.3516939243 0.4953291121 0.6610397075 0.7898678324 0.8612837689 0.8885621943 0.8031055813 0.7252377187 0.5906510293 0.4358103959 0.3383036961 0.2405575798 0.1619970073 0.1624032506 0.1591054330 0.2013122117 0.1673359644 0.1834273338 0.1249643732 0.1597933651 0.1205587941 0.1496926628 0.1302212224 0.1409565074 0.1948313209 0.1647143292 0.1814229299 0.1734957439 0.1520861139 0.1695713012 0.1448665527 0.1960342812 0.1746463451 0.1137842490 0.1586834927 0.1975270500 0.2558276979 0.3680203806 0.3622296381 0.5640604101 0.6213241394 0.7834366349 0.7872114554 0.8759304499 0.8278650447 0.7639315811 0.5714139994 0.4448837622 0.3856292999 0.2599452790 0.2461064577 0.2031932226 0.1558137591 0.1462413731 0.2005587871 0.1627041275 0.1495432479 0.1195447826 0.1602950077 0.1404698469 0.1342425033 0.1406083390 0.1598157129 0.1695168871 0.1686831607 0.1811731593 0.1751151469 0.1597854719 0.1482855071 0.1537634016 0.1184496960 0.1462798777 0.1548670102 0.1912268072 0.2033357610 0.3228431635 0.4171435790 0.4771552113 0.6642284171 0.7737856849 0.8492055116 0.9252503785 0.7834447540 0.7452871710 0.6182978356 0.4896344346 0.3622769010 0.2845208428 0.2084963329 0.1833228028 0.1639030177 0.1837119432 0.1662649815 0.1771157828 0.1409746995 0.1022869258 0.1452542954 0.1781669695 0.1680167742 0.1414782938 0.1984729411 0.1725471374 0.1409209873 0.1951192254 0.1764948975 0.1813383323 0.2369200708 0.1465643935
0.1809613249 0.1857482435 0.1491133959 0.1248855582 0.2018210272 0.1980814059 0.2400638226 0.2617336924 0.3402607717 0.4419236088 0.6282361931 0.7675665370 0.8524097012 0.8465108402 0.7846233486 0.7707896908 0.5518873204 0.5398341080 0.3478396371 0.2559877005 0.2749664134 0.1872339170 0.1622023882 0.1372879071 0.1340371599 0.1239847231 0.1086067308 0.1661355679 0.0748316376 0.1646177034 0.1431952464 0.1239368630 0.1498640411 0.1785540997 0.1773410584 0.2141052468 0.1119985310 0.1370283518 0.1462741489 0.1336682828 0.1391793451 0.1291817042 0.2185299268 0.1627290120 0.2087194240 0.3167169181 0.3733892449 0.5234953701 0.6497253983 0.7876356520 0.8988563328 0.9058625861 0.8570799760 0.7033401125 0.5951216853 0.4739768596 0.3504834684 0.3073184489 0.2077547207 0.2145072183 0.1523191117 0.1957352797 0.1446575709 0.1723669018 0.1641669035 0.1172865999 0.1304885030 0.1331553890 0.1596398367 0.1485377612 0.1598729784 0.1387178790 0.1917804658 0.1389946179 0.1878693833 0.1492601782 0.1109915887 0.1456005257 0.2185191963 0.1590182848 0.2064146393 0.1747575942 0.2490238811 0.3268822529 0.3598576288 0.5323590903 0.5889000524 0.7930955218 0.8234995444 0.8902514858 0.7900989840 0.6712870385 0.6006963850 0.4734599674 0.3097899539 0.2932657757 0.2121649830 0.1915186112 0.1513134458 0.1657534401 0.2072073180 0.1366314601 0.1454570569 0.2007109963 0.1456609139 0.1271486243 0.1251634271 0.1643093437 0.2108117690 0.1576489960 0.1801590110 0.1571356557 0.1283135092 0.1616604076 0.1263954466 0.2029876886 0.1926732604 0.1633674307 0.1488618651 0.1735915002 0.2720707308 0.3019865796 0.4118307119 0.4908702198 0.6782595893 0.7384610761 0.8807795025 0.8815010327 0.8425787946 0.7421946873 0.6150780775 0.4789517912 0.3704650861 0.2603601753 0.2582899166 0.1841114327 0.1421602426 0.1442769686 0.1446779337 0.1914286681 0.1782646962 0.1933056931 0.1657763794 0.1501767707 0.1501339489 0.1437312241 0.1630898742 0.1764691820 0.2142682057 0.1780315312 0.1700532788 0.1552640531 0.1904834341 0.1896682400 0.1299906030 0.1967150529 0.2360273421 0.2307576010 0.2651212495 0.2704396754 0.4138121953 0.5168888296 0.6727065786 0.7294062685 0.8116429485 0.8376311446 0.8086750472 0.7224057408 0.5744178085 0.4649171534 0.3968898920 0.2892135985 0.2337262339 0.2326890526 0.1972832748 0.1311700788 0.1915571759 0.1746925382 0.1798953682 0.1344891187 0.2081502257 0.1581412737 0.1773713785 0.1879890753 0.1386600340 0.2032733842 0.1568563420 0.1862395813 0.1461686784 0.1695419720 0.1853058131 0.1660713082
0.1216193838 0.1378349471 0.1778591785 0.1451106719 0.1612319163 0.1848027029 0.2067963595 0.2786082268 0.3724979693 0.4708329537 0.6429186549 0.7622887198 0.8536983213 0.8393594844 0.8143405564 0.7227838294 0.6268064525 0.4750147857 0.3385664720 0.2822955389 0.1825120182 0.1443917416 0.1966035060 0.1233141329 0.1827575773 0.1590353081 0.1450338978 0.1362629304 0.1750266523 0.1958137884 0.1602611777 0.1346977725 0.1712685105 0.1913182523 0.1408970844 0.1716919483 0.1541008074 0.1162142763 0.1356096341 0.1611935070 0.2051110398 0.1253413829 0.1689495946 0.1841069953 0.2245493421 0.2769103364 0.3953312941 0.5219089847 0.6680629182 0.7495499814 0.8327138538 0.8667756681 0.8048677576 0.7454602632 0.5931268985 0.4501381780 0.3637402573 0.2335831789 0.2008274254 0.1508618657 0.2090794493 0.1773940059 0.1557449143 0.1919628736 0.1589012094 0.1659707465 0.1767834289 0.2137740134 0.1421061768 0.1805084664 0.1736029804 0.1284850373 0.1760494938 0.1765118879 0.2095448038 0.1251022874 0.1287420297 0.1737864908 0.1336384610 0.1601272632 0.1299488568 0.2036890932 0.2889592909 0.3540132696 0.4349944887 0.5033935339 0.6487234269 0.7641796676 0.8581459603 0.8925984094 0.8015303999 0.7694726236 0.5716718623 0.4685092592 0.3233147511 0.3496550927 0.2150264149 0.1652333574 0.1871939646 0.2233705798 0.1455470733 0.1779497773 0.1524738147 0.1392563713 0.1610485953 0.1215676635 0.1794660318 0.1687861711 0.1906663620 0.1963372292 0.1875157548 0.1706471680 0.1629012867 0.1545096494 0.1802988856 0.1798677243 0.1386649711 0.1681034416 0.2181545211 0.2048752425 0.2805359027 0.2853638737 0.3944059649 0.5038759548 0.6612774622 0.8070032791 0.8899999964 0.9073954367 0.8058298360 0.7262926459 0.5435103355 0.4803894874 0.3774752402 0.2224310605 0.2025784761 0.1460040300 0.2000181445 0.1846235473 0.1929059650 0.1545133367 0.1854380457 0.1042743908 0.1232538679 0.1653933368 0.1681752287 0.2223277825 0.2163898426 0.1862613363 0.1657188661 0.1259498880 0.1638899464 0.2056369862 0.1583464199 0.1326938337 0.2030317062 0.2046037647 0.1806751281 0.1792652971 0.2363788632 0.3138528599 0.4539056210 0.6095999698 0.6946292577 0.7960381942 0.8974280653 0.9097137695 0.8243562056 0.6859890666 0.5441226484 0.4613581650 0.4712262677 0.2951120180 0.2479087641 0.1751847516 0.1716096684 0.1621052871 0.1788559321 0.1377333894 0.1834349728 0.2114363567 0.2000832376 0.1488857301 0.1608379182 0.1563492914 0.1559680722 0.2076944597 0.1884116952 0.1261102961 0.1817364704 0.1505922294 0.2106736857 0.2034363488
0.1570728208 0.1807970122 0.2002495727 0.1167544463 0.1453603334 0.1808573829 0.2189077569 0.3063804872 0.4115370275 0.4626993500 0.6270636736 0.7754538768 0.8495187776 0.8834869630 0.8315534092 0.7470621620 0.5525930719 0.4496249426 0.2982424086 0.2916322627 0.2123756236 0.1201075484 0.1947218983 0.2424509209 0.1928278353 0.1704227030 0.1489703554 0.1534414506 0.1807216485 0.1435946771 0.1503151616 0.1740646572 0.1799493866 0.2188230245 0.0965268502 0.2288204664 0.1514875812 0.1785095958 0.1769168022 0.1513317643 0.1804699714 0.1794373424 0.2230822593 0.2282901884 0.2253644162 0.2952207324 0.4565241691 0.4847938973 0.6806169267 0.8414083926 0.8289898009 0.9247786844 0.8632569646 0.7749406970 0.6349714749 0.5166604504 0.3255420415 0.2988267483 0.2038157895 0.2040018757 0.1381563682 0.1491060903 0.1392638656 0.1750818829 0.1522496330 0.2301966734 0.1974181314 0.1481480441 0.1991548209 0.1525586991 0.1651765248 0.1608465205 0.1839485119 0.1687354506 0.1522237601 0.1457703842 0.1632253074 0.1209268305 0.1709954534 0.1610663762 0.1716660995 0.1915742046 0.2662422745 0.3497930908 0.4299139490 0.5262852101 0.6603760436 0.7820559411 0.8875855965 0.8943793059 0.8543629148 0.7219388575 0.6217915349 0.4742925788 0.3237379269 0.2534121054 0.2053960341 0.1900416469 0.1697373001 0.1778249343 0.1594422949 0.1813319999 0.2256527828 0.1834929949 0.1843256021 0.1763489080 0.2037455441 0.1955813186 0.2022577169 0.1479404041 0.1883344099 0.1651660942 0.1198196916 0.1488703958 0.2320985309 0.1536229096 0.0927114280 0.2474107438 0.1832616337 0.1691830955 0.2671025195 0.3606586463 0.3716102240 0.5144838091 0.6963943467 0.8114365424 0.9029441896 0.9208310486 0.8287505915 0.7835880005 0.6127629538 0.4916373022 0.3338168540 0.2737585549 0.2417446453 0.2177934947 0.1452428617 0.2227103358 0.1836644211 0.1652333039 0.1362393077 0.1990672737 0.1855559414 0.1128715273 0.2213626557 0.1556540879 0.1842804322 0.2098374795 0.2219803084 0.1690509924 0.2106218223 0.1541934686 0.1678838291 0.2341201364 0.1555011986 0.1988324723 0.1934700610 0.1976282708 0.2302332582 0.3398019626 0.4341815792 0.5329109269 0.6591075385 0.7819534844 0.9145198440 0.8852634270 0.8195488457 0.7670178516 0.6427110017 0.4581161533 0.3389177742 0.2901690465 0.2523955191 0.2109669810 0.1367031057 0.1983342071 0.1978479565 0.1774512607 0.1854665517 0.2382854995 0.2032242580 0.1532305781 0.2128358342 0.1730088402 0.1752244831 0.1806302300 0.2185663371 0.1692385883 0.1783303267 0.1570607636 0.1828743375 0.1948286838
0.1527344091 0.1813451756 0.1605614621 0.1267450726 0.1256042271 0.1770475524 0.2141886917 0.3402413613 0.4028366516 0.5363955456 0.6911858867 0.8061327386 0.9248440539 0.8725482660 0.8498858120 0.7661843327 0.6255316303 0.4836019536 0.3304470099 0.3424049965 0.2344552294 0.1518743151 0.2169284403 0.1991434908 0.2023107966 0.1902228839 0.1706667121 0.1593812107 0.1979826925 0.1812979460 0.1775753430 0.2056767779 0.1318271173 0.1577549337 0.1791906317 0.2109680937 0.2235221397 0.1819348066 0.1656192520 0.1269887083 0.1819228389 0.1683635505 0.2144911668 0.2202650058 0.2568571537 0.3169265688 0.4132532494 0.5403568043 0.6477815449 0.7312661795 0.8449884300 0.8722712865 0.7960065690 0.7390749767 0.6164037544 0.4812819725 0.3708318915 0.2844195092 0.2223123435 0.1726599740 0.1219115951 0.2028043257 0.1823060758 0.1389291471 0.1294879961 0.2078351955 0.1844188080 0.1593856337 0.1752785993 0.1931220750 0.1348964217 0.1799337467 0.1712444471 0.1860269729 0.1710947857 0.1662381757 0.2194736097 0.1871391281 0.2259461044 0.1902724791 0.1773221219 0.2244495474 0.2648227994 0.2539331088 0.3898281904 0.5513296681 0.7281182508 0.7586576044 0.9195538932 0.8719948824 0.7774686842 0.6767326105 0.6166741962 0.4413063127 0.3471651696 0.3021404159 0.3066756350 0.1934790894 0.2145043483 0.1757932260 0.1957973094 0.2089879368 0.1914995755 0.1302573972 0.1652850439 0.1850860158 0.1626739923 0.1641577744 0.1736898791 0.1668317232 0.1523259592 0.1690148879 0.1969835854 0.2147185830 0.1704636586 0.1625485382 0.2627372920 0.1863319277 0.2061031428 0.2617359317 0.2109568437 0.3550723722 0.4365312507 0.5888791468 0.6755057791 0.8098916335 0.8750418490 0.8970969917 0.8450200831 0.6826026959 0.5873072843 0.4666100674 0.3846617216 0.2834733212 0.2167945754 0.2412168053 0.2102899022 0.1702364716 0.2014743731 0.1726135164 0.1938061103 0.2219590240 0.2186189567 0.1200023642 0.1798969741 0.2441187854 0.2026258993 0.2149466223 0.1833643188 0.2636853322 0.1795303492 0.2215303104 0.1365484339 0.1454523072 0.1909680926 0.2093018671 0.2242233548 0.2357020841 0.2909525997 0.3814221112 0.4173739838 0.5723022897 0.7044085775 0.7644957807 0.8913195669 0.8900112940 0.8229941638 0.7251345737 0.6269115039 0.4874229793 0.3119554921 0.2994310589 0.2506405913 0.2414173370 0.1149460665 0.1496171782 0.2060339755 0.1769589054 0.1979867711 0.1424637308 0.1997492429 0.2118621605 0.2096323080 0.2155477984 0.1981918722 0.1472320294 0.1793344888 0.2039610441 0.1344082360 0.1449784419 0.2248936211 0.1882211727
0.1396113349 0.1373402973 0.1237297551 0.1702102091 0.1638337901 0.2179021801 0.2709015445 0.3669983979 0.4215640046 0.5414501185 0.6203270615 0.7999560765 0.8093229380 0.9124776127 0.7969241110 0.7870831297 0.6022291021 0.4439010896 0.3789075076 0.2848948675 0.2524573209 0.2142678365 0.2079200155 0.1807776369 0.1795667235 0.2009302901 0.2086485916 0.1779229152 0.2187009445 0.2136283266 0.1901024604 0.1687917049 0.2198111501 0.2194125496 0.1637368151 0.1951316324 0.1146772023 0.1792295042 0.2203539189 0.1730766498 0.1499116093 0.1487880101 0.2259034855 0.1849823293 0.2409420668 0.2871861740 0.4336453439 0.5729061104 0.6709246588 0.8437450318 0.8620186179 0.8812013875 0.8860765710 0.6950447783 0.5392453373 0.4765609356 0.3545105002 0.2884145048 0.2358552061 0.1615699421 0.2100780484 0.1494375976 0.1769484922 0.1375756725 0.1784448245 0.1583224969 0.1843322742 0.1974086885 0.2264990100 0.2070159082 0.1799290793 0.1784891749 0.1545143566 0.1915986807 0.1065938928 0.2167502875 0.1953119656 0.1967649600 0.1968670491 0.2231970924 0.1772050456 0.2795332757 0.2563182489 0.3290215186 0.4012100240 0.5307993399 0.7484223711 0.8185258482 0.9035176547 0.9379372090 0.8842138051 0.7043168276 0.5704161289 0.4542777585 0.3603078911 0.3057868529 0.2327522362 0.1955474207 0.2012916074 0.1369052195 0.1777613819 0.2058210372 0.2139572631 0.1623156146 0.1732427775 0.1321841212 0.2075273514 0.2010054231 0.1974446325 0.2179991953 0.1850865664 0.1800964202 0.1769163067 0.1766419732 0.1965052141 0.2115933263 0.1720429765 0.1969127317 0.2551775971 0.2883769274 0.2401694691 0.3420830585 0.4503416232 0.5642726080 0.7069113258 0.7895627858 0.8930001493 0.8977618735 0.8271619705 0.7206477272 0.5759065511 0.4654025411 0.3121752179 0.2481238899 0.2371233325 0.2138952080 0.1911812590 0.2041439927 0.1888502591 0.2195187679 0.1762843486 0.2102601998 0.2254233402 0.2108830572 0.2024180556 0.2014816251 0.1726541546 0.2046963707 0.1923955729 0.2279154636 0.2162979293 0.2072633593 0.1700722613 0.2025142131 0.1667587072 0.2530635219 0.2538319852 0.2321395574 0.3040786076 0.3265455378 0.4574430985 0.5345948633 0.7252440028 0.7906352858 0.8702953276 0.8792913404 0.8055315425 0.7157030084 0.6255466973 0.5040445096 0.3321593030 0.3058250924 0.2077411424 0.2399221021 0.1990712381 0.1756634073 0.1802618344 0.1599011167 0.2215758311 0.1829848102 0.1811998679 0.1862954673 0.1376675232 0.2370497997 0.1949091245 0.2286479081 0.1804528030 0.1830586477 0.1747725936 0.1918066475 0.1975746148 0.2521998325
0.1772451110 0.1163250338 0.1727646352 0.1968368654 0.2245942941 0.2620268150 0.2198380928 0.2636982070 0.4368814544 0.5554359995 0.6858266144 0.8126413161 0.9074789569 0.9017704080 0.8268792328 0.7029349727 0.6540655897 0.4652946333 0.3792610268 0.2835498525 0.2358963575 0.2055675789 0.2408640031 0.1505836944 0.2022518615 0.1918442868 0.2092572934 0.2002673147 0.1298476726 0.1725309860 0.2289048575 0.1546087102 0.2458165708 0.1801754449 0.1762611759 0.1492089090 0.1873038450 0.1720954084 0.1931995188 0.2065479358 0.1526457198 0.1717834519 0.2129385961 0.1921936525 0.2628160577 0.2921917225 0.3939902388 0.5846263562 0.6206774434 0.8416144678 0.8911887769 0.8886065755 0.8690558781 0.7136713120 0.6271077289 0.4786917318 0.3463620435 0.2796694994 0.2430758575 0.2335259251 0.1711708473 0.1748801478 0.1768360083 0.1100996944 0.1737966361 0.2427060962 0.1330238572 0.1875860877 0.2075184069 0.1759357913 0.1967903741 0.2040149529 0.2062194501 0.1826347884 0.1945459389 0.2314216090 0.2114043203 0.1585179585 0.2019790503 0.1988358271 0.1960654467 0.2291539940 0.2440593767 0.2981612203 0.4527591117 0.5656320877 0.7355037071 0.8086522644 0.9149799171 0.8570782694 0.7800774405 0.7224944462 0.5868828776 0.4522799967 0.3306416310 0.3245048856 0.2163757452 0.2065340133 0.2225992228 0.2194835152 0.1871574008 0.2221878384 0.1775768238 0.2129105400 0.1580521387 0.1482497782 0.2118307246 0.2006366055 0.2077454037 0.1493008694 0.1859306401 0.2564154990 0.1906209937 0.1631089249 0.1600023357 0.1890405397 0.2099707550 0.2325100406 0.1725626449 0.2223648293 0.2850151948 0.3437539023 0.5071312046 0.5610362604 0.7117190540 0.8321624994 0.9697537027 0.8480715552 0.8711996793 0.7362375293 0.6278897688 0.4822182173 0.3812669758 0.3118819316 0.2293648343 0.1825660904 0.2002744113 0.1733856993 0.1476514709 0.1844808999 0.1783362083 0.1682963386 0.2317259828 0.1643624743 0.2222245461 0.1838311621 0.2232037048 0.1925360166 0.1763971902 0.1784560518 0.1937121014 0.2002994122 0.1941153394 0.1384960469 0.2163672132 0.2050273816 0.2243598412 0.2688735277 0.2890710661 0.3764473275 0.4716329597 0.6057320637 0.7719075956 0.8574922238 0.9423011143 0.8865254298 0.8447099265 0.7773063678 0.5555096183 0.4872162655 0.3520793166 0.3072395442 0.2961023368 0.2012740781 0.1865933949 0.2152555135 0.2180493198 0.2359079204 0.2309727574 0.1950755222 0.2312236127 0.1658461220 0.2429341123 0.2117408520 0.2029560952 0.2183178651 0.1981330216 0.1744847460 0.2549526170 0.2071162641 0.2216571933 0.1592683889
0.2016541609 0.1763922626 0.1876871343 0.2136879151 0.2171789627 0.2559894361 0.2643677098 0.3365005904 0.4107387745 0.5223773405 0.6758104426 0.8066786447 0.8737566248 0.8732484802 0.8006301170 0.7881089837 0.6260519580 0.4696342680 0.4106820821 0.3182592432 0.2454811291 0.1882249300 0.1680260276 0.2155359489 0.1684042812 0.1920693868 0.1780275494 0.2122421165 0.1832353305 0.1504052572 0.1794358908 0.2369197442 0.2150031921 0.1197564798 0.2029431356 0.1884983258 0.1825557014 0.1562024584 0.1884560210 0.1903339954 0.2235892167 0.2254678276 0.2126199589 0.2049557726 0.3001719633 0.3213561849 0.4237727637 0.6072102179 0.7234889878 0.7964337789 0.9022700129 0.8851475715 0.8966942024 0.7787147277 0.5796273795 0.4738585846 0.3489141147 0.2550776737 0.2995686053 0.2237605388 0.2224693393 0.1712672467 0.2216048143 0.2051609911 0.1747616276 0.1553024056 0.1880079738 0.2254682445 0.1543503770 0.1857536826 0.2019799355 0.1588891446 0.1807064739 0.2015506090 0.1827728779 0.2031726227 0.2026181145 0.2105077794 0.1626524064 0.2445148463 0.2000801593 0.1841286326 0.3004987781 0.3366687014 0.4539449957 0.6039452459 0.7358617010 0.8168014409 0.9323744883 0.8500979295 0.8507215567 0.7484883716 0.6009900094 0.4406648590 0.3426834060 0.3133137156 0.2502425284 0.2314143460 0.2158825022 0.1741592247 0.1509688002 0.1695683090 0.2170424157 0.2133879009 0.1719634761 0.1652726144 0.2213375293 0.1841773679 0.1382655766 0.1944817712 0.1680742477 0.1590299540 0.1526119472 0.2240198843 0.1851847998 0.2234964410 0.2088795581 0.2052283233 0.2365417629 0.2352178427 0.2779826526 0.3577803063 0.4629045287 0.5923367184 0.7136065472 0.8459170051 0.8877636234 0.8931075490 0.8153639595 0.7718657749 0.6209774933 0.4099937386 0.3742117265 0.3176097297 0.2559629380 0.2361410203 0.2307429532 0.2035495215 0.1709927811 0.1918618027 0.1830064313 0.1544736260 0.2310865345 0.2050186538 0.1621567119 0.1903093422 0.1781570156 0.1959878900 0.1483076372 0.1780628779 0.2258549132 0.1754343766 0.1716301308 0.2350887848 0.1739679663 0.1927239784 0.2371363861 0.2720043992 0.3049085854 0.4299756915 0.4462397425 0.6197021905 0.7256887165 0.7809058715 0.9419837826 0.8959891479 0.8743110537 0.7028811808 0.5801913876 0.4845530287 0.3937415194 0.3191057746 0.2299034658 0.1844213217 0.2623071641 0.2172035890 0.1714145575 0.1523524256 0.1574968438 0.2664137916 0.2127307265 0.1894807558 0.1494782045 0.2111683349 0.1639134920 0.2188909666 0.2451758061 0.2323951594 0.1883969725 0.1957551035 0.2028615516 0.1781173540
0.1727798214 0.1316551946 0.1805508160 0.2141269800 0.2102643276 0.2054056084 0.2531468135 0.3754936586 0.3755261106 0.5535407835 0.6762318731 0.8483581008 0.8657339871 0.8822781783 0.8263101385 0.7000320245 0.5839949457 0.4207647177 0.3955861801 0.2524906528 0.1904379948 0.1870933201 0.1759656254 0.2073424896 0.1887308993 0.1654375187 0.1845669635 0.1756233804 0.1515848359 0.1860940445 0.1404689883 0.1378035393 0.1343616181 0.2038192118 0.1754460800 0.1703767250 0.1516885533 0.1556777276 0.1769467444 0.1982171563 0.2041470772 0.2867434114 0.2202548536 0.2326314604 0.2482410017 0.3306021568 0.4389799989 0.5671326830 0.7104537078 0.8297825916 0.8956300203 0.8856627767 0.8095270545 0.7186771994 0.6230359692 0.4543716405 0.3313807233 0.2562061133 0.2720270531 0.2350905545 0.1608558687 0.1727759793 0.1474665962 0.1534443075 0.2069562441 0.1629356331 0.1954402116 0.1954184396 0.1494237929 0.1942695758 0.1943726842 0.1963856082 0.1898971801 0.1860370593 0.2371134296 0.1436656450 0.1760621254 0.1664173299 0.2049113761 0.2097037369 0.2034144479 0.2327519058 0.2499177948 0.3552387189 0.4180903030 0.6089798903 0.7257081606 0.7992782711 0.9355051371 0.9120249756 0.8211855094 0.7641348132 0.5821720814 0.4738233364 0.3673693939 0.2849728560 0.2403543436 0.2199669913 0.2313631274 0.2207881141 0.1804169693 0.1701314106 0.1593568376 0.2010806658 0.1758309900 0.2057027995 0.2037431966 0.1697556771 0.1870028131 0.1567998618 0.1832589116 0.1750859742 0.2360863612 0.1777436535 0.1435575759 0.2094506955 0.2540772195 0.2055494505 0.2310223065 0.2623441986 0.2409427408 0.2957774029 0.4747799707 0.5758023510 0.7362076552 0.8508260172 0.9342810640 0.8948951647 0.8245864747 0.7101595407 0.6180204021 0.4361954068 0.3413444678 0.2736141192 0.2111963038 0.1586805480 0.1760257981 0.1666776072 0.1819643587 0.2152673509 0.2326124968 0.2433137170 0.1947065845 0.1631085272 0.2062770253 0.2189931820 0.2110055640 0.2150850400 0.1586406810 0.2047684130 0.1778489525 0.1970615395 0.2292218729 0.1629855035 0.1837592150 0.1967996856 0.2296689935 0.2584345166 0.3111749391 0.4219370547 0.5199861859 0.5676531194 0.7673959918 0.8772375631 0.9136491162 0.8857219812 0.8698882749 0.7041176819 0.5335344527 0.4699448352 0.3508208563 0.2489488707 0.2988893011 0.1712574961 0.1946006317 0.2077842752 0.1999124739 0.1853350468 0.2171194082 0.1994294340 0.1636821858 0.2303239333 0.1951119674 0.1890248762 0.2213961899 0.2153353921 0.2474175813 0.1488442648 0.2548835269 0.1887279484 0.1870617040 0.1958688220
0.1746052418 0.2072643920 0.1532940124 0.1759898314 0.1807709255 0.2636509959 0.2593282170 0.2814957819 0.4595909324 0.5257317223 0.6832629779 0.8553917065 0.8649615974 0.8875220609 0.7972498269 0.6978255462 0.5593179860 0.4362716932 0.3699736875 0.2805178688 0.1824989910 0.2106556601 0.2262767230 0.1641998653 0.1781898562 0.1848264673 0.1335828680 0.1113365956 0.1789213963 0.1464885792 0.1871652785 0.1954846832 0.1356747339 0.1506976499 0.2001143914 0.1891717446 0.1418203668 0.1718939137 0.1770413195 0.1791867811 0.2350675514 0.1542692837 0.2068160055 0.2352645972 0.2569344933 0.3325011177 0.4475434652 0.5619910006 0.6962641315 0.8339203811 0.9147115090 0.9072512618 0.8089029047 0.7100424118 0.5634213462 0.4342357290 0.3841190827 0.2207459125 0.1924739073 0.1989344111 0.1587346062 0.1811965303 0.1865014018 0.1956114381 0.1787690324 0.1805587318 0.1398936115 0.1371299436 0.2229431055 0.2058103564 0.2154466917 0.1934431768 0.1476528160 0.1624166494 0.2163777519 0.1744333348 0.1935672942 0.2186934747 0.1825049427 0.2605353883 0.2081249380 0.2068055225 0.2945755001 0.3837324888 0.4628872292 0.6234784720 0.6825104802 0.8520021185 0.8604486210 0.8601708636 0.8013931044 0.7123724762 0.6003474248 0.4588996470 0.3612328851 0.2747106604 0.1769845982 0.2128859086 0.1974564241 0.1306434728 0.1722218544 0.1846519138 0.1705249065 0.1368893965 0.1853674645 0.1498758247 0.1860773964 0.1667532313 0.2160812697 0.1996360745 0.1886672725 0.1983681597 0.2100971628 0.1240340056 0.1995883523 0.2421503608 0.1484969678 0.1679768081 0.2063312788 0.2800279999 0.2631240485 0.3592995857 0.4502359656 0.6207832237 0.7169208790 0.8763243423 0.8851735828 0.9402046108 0.8188685962 0.7595505645 0.5586443101 0.4668316208 0.3036585540 0.3185556847 0.2279780514 0.2211007012 0.2058092640 0.1856730709 0.2454542421 0.1883619556 0.1789981651 0.1599497982 0.1892949591 0.2378423956 0.2180343728 0.1536294112 0.1979295480 0.1722492904 0.1811134974 0.1959118442 0.1911724485 0.2484905054 0.1635948284 0.1997134270 0.1875063709 0.1781531755 0.1704335023 0.2620216765 0.2587854243 0.3990177315 0.4752451963 0.6393657301 0.7538917668 0.8958735170 0.9035011794 0.9433060728 0.8724628971 0.7038081393 0.4915256574 0.5069170586 0.3200515520 0.2099221995 0.2371416942 0.2567525399 0.1651781170 0.2036192232 0.2210969885 0.2258163213 0.1909602408 0.1858697521 0.1885936048 0.1845390584 0.1928656068 0.1533322751 0.1952773732 0.1925432087 0.2085104464 0.1778856691 0.2258541011 0.1118272795 0.1838409205 0.1506941277
0.1512492464 0.1938092050 0.1540870868 0.1942612250 0.1752818169 0.2364316828 0.2915863049 0.3710859401 0.4247151249 0.5762877504 0.7307348568 0.8027941256 0.8876358399 0.9026652585 0.8221613971 0.7231685525 0.5855828815 0.4235877907 0.3626193361 0.2562412761 0.2408121460 0.1780952635 0.1587297035 0.1492586312 0.1256762443 0.1421852811 0.1280384419 0.1235154418 0.2241139219 0.1267767277 0.1981981028 0.1276749006 0.1629510587 0.1883482572 0.2093852709 0.1638270158 0.1811599111 0.1533225823 0.1729821542 0.1768320849 0.1675377832 0.1889560387 0.1750909134 0.2193601732 0.2714503378 0.3276683258 0.4146733360 0.5635691752 0.6918825313 0.8080163967 0.8747667323 0.8947032558 0.8293196360 0.7138473254 0.5353379947 0.4646919549 0.3927428874 0.3018414891 0.1934955034 0.1728249136 0.2032847597 0.1800643504 0.1699286411 0.1796145666 0.1604584551 0.1736506742 0.2186613197 0.1725692673 0.1774456336 0.1979238355 0.1908406551 0.2152149902 0.1916250875 0.2185229155 0.1918743042 0.1802566323 0.1840198835 0.2068071493 0.1876769468 0.1954060966 0.1841893547 0.1906510568 0.2712368277 0.3592775846 0.4496955941 0.6102750256 0.7338093771 0.8177699785 0.8374487312 0.8932849433 0.8219492720 0.6843129409 0.5908221481 0.4166243829 0.3249153732 0.2640121641 0.2012259455 0.1951703283 0.1995193068 0.1741233313 0.2367843849 0.1560249126 0.1410712076 0.1623333704 0.1886102885 0.1632435068 0.1983697796 0.1864011749 0.1566116643 0.1771221208 0.1738584577 0.2108318477 0.1978716077 0.1837207923 0.2347887910 0.1920318657 0.2413629975 0.1870312075 0.2217918753 0.2445930958 0.2919392529 0.3315441293 0.4897639139 0.6466873329 0.7255566050 0.8844541036 0.8752482756 0.8708199592 0.8582371520 0.6936346480 0.5027230979 0.4533183223 0.3267621024 0.3441027638 0.2464111443 0.2284280209 0.2341359910 0.1912089091 0.2102773507 0.1775533324 0.2113927500 0.1858104366 0.2307403041 0.1574276752 0.2235775680 0.2175292262 0.1984978440 0.1963509898 0.1912560885 0.1712435673 0.1994846756 0.2158707014 0.1587626010 0.1945533947 0.1940810640 0.1871469882 0.2458734494 0.2117364872 0.2435736238 0.3902178965 0.4702880045 0.6349240826 0.7417885440 0.8673144902 0.9205761195 0.9010917514 0.8307121832 0.7238029247 0.5808355653 0.4278148087 0.3370639415 0.3069997747 0.1987783422 0.2201029065 0.1325719983 0.1716681822 0.1608195678 0.1912383779 0.1811044984 0.2077058819 0.2212005248 0.2023541816 0.2383859763 0.2109454465 0.2311961213 0.1796649968 0.2219350200 0.2290843614 0.2083397170 0.1855922976 0.1547577993 0.2218457683
0.1252065508 0.1688405353 0.1877428103 0.2396300699 0.1637722403 0.2129122709 0.2846334518 0.3451236042 0.4094699443 0.5739175555 0.6935499943 0.7980178236 0.8901283794 0.8900492622 0.7724622234 0.6867110520 0.5762321036 0.4279405333 0.3257791217 0.2384922099 0.2235757017 0.2020338779 0.2219342822 0.1683849936 0.1469735003 0.2112098808 0.1689656791 0.1867157805 0.1678694689 0.1540905246 0.1992702393 0.1904775988 0.1764205819 0.1670695768 0.1506412681 0.1602767437 0.1719443070 0.1742675186 0.1691256189 0.2039466243 0.1679201017 0.1362872517 0.1538212742 0.2325598187 0.2145783853 0.3335529139 0.4312980851 0.5696646104 0.7332564406 0.8863398162 0.9310310949 0.8378205617 0.7878641908 0.7213559678 0.5465297886 0.4104327212 0.3347636196 0.2246419728 0.2349276977 0.2082074283 0.1637536718 0.1198638467 0.1691921365 0.1747689641 0.1221744702 0.1798142972 0.2018039230 0.1764647078 0.1900509606 0.2010339298 0.2165589589 0.1874724071 0.1822569864 0.2201924837 0.1427422751 0.1816825506 0.1853667147 0.1671034474 0.1789845102 0.1587086698 0.2147487934 0.2693979435 0.2764609861 0.3812256433 0.4937491143 0.5958878302 0.7481445877 0.7938778436 0.8492437458 0.8627610194 0.8472488178 0.6741165997 0.5494136037 0.4429421756 0.3116160016 0.2139411808 0.2464515052 0.1849003736 0.1592156164 0.1649543691 0.1695433274 0.2274581938 0.1764074393 0.2231949359 0.1703838512 0.1677216967 0.1297652432 0.1508261049 0.1918858432 0.1576308446 0.1566456673 0.1734332710 0.1727818829 0.2043232985 0.1693461418 0.1705496165 0.1432323491 0.2037888574 0.1663602403 0.2493158610 0.2489254778 0.3213863925 0.5076340094 0.5806427033 0.7352267787 0.8109656867 0.8173416747 0.9075173239 0.8155917679 0.6789755556 0.5253825010 0.4441022778 0.3380357574 0.3183854027 0.2421398323 0.2250812589 0.2144172332 0.2049870291 0.1711655080 0.1824962703 0.1210982175 0.1334051292 0.1861940558 0.1966024355 0.1376281222 0.1727022699 0.1655313724 0.2038635244 0.1684205207 0.1404325439 0.1630130126 0.1891761777 0.1808555629 0.2511044328 0.1783342989 0.2155382821 0.1909035940 0.1910710781 0.2560190132 0.3867785440 0.4512895616 0.6198275649 0.7648992540 0.8399410471 0.8950826016 0.9365464820 0.8529394629 0.7085226450 0.5727114525 0.4403354998 0.3051226742 0.2960822625 0.2274932802 0.1885572862 0.1817815659 0.2093615315 0.2248530214 0.1577673114 0.2371507561 0.1891988862 0.1914630096 0.1873016621 0.1550556126 0.1656230297 0.2080042996 0.1797857254 0.1582969219 0.1821734482 0.2118224097 0.1962691895 0.1298728858 0.2295891793
