0.1643538166 0.2485979284 0.4101198919 0.4774632131 0.6159699815 0.8226240168 0.8909483066 0.8932704325 0.7610373437 0.5759755831 0.4240270442 0.2986284611 0.2647113720 0.1491756680 0.1993114339 0.1754687082 0.1582080414 0.1560543207 0.2251706779 0.1308018582 0.1758513559 0.1429784403 0.1415163851 0.1720584618 0.1668480810 0.2172649386 0.1638209988 0.2028399830 0.2173759461 0.1713609761 0.1590895080 0.2008597893 0.1856677907 0.1392365298 0.2101883575 0.2076356846 0.1558131859 0.2734518055 0.3299632665 0.4710946017 0.6200319695 0.7904822613 0.8159655997 0.9259741041 0.8284144038 0.6840345916 0.4652347970 0.2976429119 0.2205271173 0.1927182148 0.1973649866 0.2372356557 0.1973330498 0.2137058920 0.1943406533 0.1622354306 0.1658535736 0.1531796334 0.1837950012 0.1637497347 0.1783265427 0.2053731769 0.1432381876 0.2021756132 0.2056577940 0.1656777156 0.2366749541 0.1882110544 0.1983215109 0.1970357471 0.2337483278 0.2341994875 0.1630640233 0.2576088489 0.2549876509 0.4036559990 0.5114767442 0.7601761435 0.8690948438 0.9305150788 0.8600035446 0.7365128813 0.5498738903 0.4102084666 0.3069209420 0.2548779845 0.1705736904 0.1884010311 0.2099320082 0.1912038299 0.1553162017 0.1581511883 0.1811839515 0.1843250200 0.1893797247 0.1714543992 0.2043787242 0.1411344529 0.1694743817 0.1896464890 0.2081989418 0.1740804163 0.1622039670 0.1472421785 0.1903434461 0.1908744019 0.1867224235 0.1883551811 0.2224955686 0.2473249727 0.2514015804 0.3806941346 0.5245915015 0.6842158936 0.8866709302 0.8989304599 0.8130195797 0.7946228825 0.5675926760 0.4094988194 0.2758252502 0.1952055766 0.2179357247 0.2402077351 0.2203527995 0.1591835670 0.1563545441 0.1730723915 0.2369177057 0.2288379830 0.2107241632 0.2045056679 0.2224054535 0.1724595686 0.1877689968 0.1733508657 0.1834142777 0.2076019189 0.1492212368 0.1683658928 0.1656562667 0.1854837660 0.1765594510 0.1878017066 0.2296322081 0.2277972707 0.2763586769 0.4008583173 0.4906822090 0.6614904949 0.8488283473 0.9223564803 0.8923413824 0.7610896009 0.6419520703 0.5116254397 0.3598753514 0.2756271222 0.2319797259 0.2315843263 0.2247267469 0.2156602578 0.2034295015 0.2052129641 0.1761907513 0.1789780685 0.1807293926 0.1540944252 0.1909889084 0.1932432475 0.1608619827 0.2021177880 0.1789293035 0.1568451208 0.2009908677 0.2218369674 0.2196485933 0.2101665620 0.2042898919 0.2481122127 0.2247118491 0.1962438869 0.2678132310 0.3662987354 0.4414508911 0.6063809869 0.8398549493 0.8598165725 0.9074215370 0.8272531608 0.6191551658 0.5305743106
0.2245809338 0.2869169645 0.3555246675 0.5435313692 0.6546841198 0.8056628079 0.8630887324 0.8814519621 0.7531024974 0.5448646124 0.4633645935 0.3334091966 0.2642637087 0.1579774635 0.2278210795 0.1953972946 0.1713147346 0.1777233562 0.1934719512 0.2342848455 0.1959600130 0.1760021092 0.1909998831 0.1844850621 0.1507457538 0.2162556615 0.1639296582 0.1960377328 0.1502645839 0.1635463025 0.1689569220 0.1767038596 0.2119690148 0.2327877298 0.1972305478 0.1939783986 0.2085967764 0.2656009957 0.3335936508 0.4507403488 0.6214571508 0.7884996992 0.9103026375 0.8573298088 0.7938449418 0.6511467261 0.4750166153 0.3946528641 0.2523196648 0.2054786397 0.2141980985 0.2073090545 0.2075175212 0.1753563286 0.2284585980 0.1942413652 0.2688034852 0.1724109286 0.1988667373 0.2096722138 0.2340111120 0.2201404713 0.2196614200 0.1651359822 0.1854588277 0.2129857771 0.1785822550 0.1758621130 0.1669144443 0.1876669334 0.2077093666 0.2677797964 0.2252224573 0.2222152416 0.2904052546 0.4242337574 0.5476829309 0.7697808760 0.8387544126 0.9348397495 0.8440133622 0.7282859238 0.5550568759 0.4458265812 0.2980323325 0.2872457110 0.2045329495 0.2186535998 0.2314858144 0.2219456638 0.2128881577 0.1778265567 0.2149911181 0.1570642019 0.1957825874 0.2128693425 0.1677872052 0.2207698935 0.1935506453 0.1796631884 0.1335346041 0.1884559901 0.1996660725 0.1801508127 0.1704510470 0.2337395677 0.2502023857 0.1841054751 0.1981434053 0.2473254869 0.3006835832 0.3777948399 0.5926486621 0.7125279940 0.8015083826 0.9153972110 0.9050661596 0.7580138242 0.5831106985 0.4371424112 0.2944533183 0.2690419052 0.1894653081 0.2139286097 0.1835851016 0.2169488680 0.1655432934 0.1758330667 0.2429915475 0.1715814866 0.1949614889 0.2572059124 0.1718878595 0.2062089226 0.2020525024 0.2098432510 0.2659220305 0.1920059692 0.2120651432 0.1673708831 0.1399384597 0.1570458703 0.1816359613 0.1930684151 0.2161059511 0.2348454009 0.2986577809 0.3497413270 0.4883545209 0.7243158756 0.8300081092 0.8740647784 0.9198284594 0.8407599830 0.6591469599 0.5481117416 0.3930673228 0.2587838316 0.2173111171 0.1788571598 0.1898162229 0.2056988165 0.2056551323 0.2186317473 0.2084542031 0.1802988814 0.1892998080 0.2049806051 0.2148259478 0.1545869025 0.1380390038 0.1738663773 0.2293765754 0.1668066957 0.1989382500 0.1271632607 0.1856003028 0.1686111626 0.2053334134 0.1887500827 0.2254691621 0.2529626145 0.2525061344 0.3383077407 0.4834675707 0.6087184713 0.8022403945 0.8706414156 0.8905873069 0.8317180553 0.6995135788 0.5775572962
0.2468186601 0.2532523923 0.3209878290 0.4709214126 0.6410977632 0.8430193279 0.9051024726 0.9060905746 0.7753997609 0.6505435201 0.4595415489 0.3481275123 0.2766096704 0.1894745678 0.1784433200 0.2234886502 0.1917533026 0.1725167623 0.1677953451 0.1720925785 0.1766691824 0.1821682251 0.1756485785 0.1802124158 0.2139802895 0.2126924212 0.2007290809 0.1461674514 0.2011452462 0.1836656332 0.1748947879 0.1770683330 0.1720260608 0.1893531915 0.1871343341 0.2037208145 0.1986737825 0.2266426946 0.3241115324 0.4580814402 0.6064011204 0.7972111823 0.9078571252 0.9127016888 0.8299668176 0.7145394214 0.5213328981 0.3828320411 0.2398447016 0.1914646817 0.1942675269 0.1689320471 0.1944227186 0.2041465513 0.1656112947 0.2115264953 0.1834297068 0.1719093560 0.2036720520 0.1847165694 0.1892170848 0.1831551803 0.2095054758 0.1693194033 0.1882116397 0.1641525770 0.1620594564 0.1516268263 0.2515917479 0.1983316757 0.1727978749 0.2339966248 0.2227042677 0.2416796532 0.2956731659 0.4382769705 0.5904558219 0.7524778760 0.8725303040 0.9124336619 0.8742539867 0.7246017018 0.5792232224 0.4363641986 0.2943596106 0.2475528021 0.2089111930 0.2211849344 0.2187820960 0.1947924867 0.1998513913 0.1581166276 0.1466598985 0.2341802985 0.1536945507 0.2145708456 0.2086547303 0.1719326378 0.2023848590 0.2193840527 0.1456999589 0.1069385239 0.1987180417 0.1859944103 0.2056022101 0.2012988500 0.2213378402 0.2199002701 0.2245257804 0.2097115896 0.2800778718 0.4132790466 0.5318104934 0.6675500291 0.8439310450 0.9030142892 0.8522849842 0.7464512078 0.6114583445 0.4456504268 0.3533264302 0.2378595470 0.2565759803 0.2324895148 0.2445571912 0.2051386981 0.1752874626 0.2177864227 0.1761486158 0.1880937354 0.2001237324 0.2040765614 0.1850431840 0.1951174860 0.2082151936 0.1748716866 0.2191104964 0.2080935499 0.1713549238 0.2093048145 0.2258680294 0.2047840520 0.1732077068 0.2526266444 0.2142707751 0.2862141484 0.2416057229 0.3350687737 0.5433793022 0.6966351314 0.8350972889 0.8909695182 0.9245004738 0.8212173850 0.6356373980 0.5036208357 0.3802651151 0.2944564499 0.2687478041 0.2297656506 0.1958457479 0.2302750668 0.2181023090 0.1987924071 0.1563237711 0.1366837031 0.1992545931 0.2054703607 0.2149280297 0.1631199172 0.2054880261 0.1561227396 0.1871635338 0.1779421692 0.2317092161 0.1953892926 0.1793686290 0.2427993662 0.1824649833 0.2256430495 0.1989764743 0.2762137195 0.2432929814 0.3117990619 0.4705447884 0.6191386147 0.7790540034 0.8893636174 0.9115610625 0.8976313442 0.7168931553 0.5766631972
0.2203235063 0.2678732190 0.3580989805 0.5273185050 0.6557221040 0.8238466659 0.8685942769 0.8597422157 0.7912147280 0.6522461181 0.5200123376 0.3431518745 0.2425536395 0.2610818599 0.2239611309 0.2626069871 0.2183930966 0.1938173251 0.1821996083 0.1601824232 0.1842981459 0.1992813407 0.1985155040 0.2173782545 0.2308431247 0.1750264464 0.2254624373 0.2106270910 0.1939807112 0.1426766988 0.2063342118 0.1874971901 0.1828624739 0.1848604109 0.2147640856 0.2399584162 0.1967184991 0.2064451275 0.3662015344 0.4263967322 0.5459472745 0.7946636291 0.8991245462 0.9291248917 0.8150051583 0.7071938388 0.5664217426 0.4504246323 0.2940487958 0.2037686368 0.2292906203 0.2188708687 0.2195874262 0.2189227103 0.1766554014 0.2115424680 0.1858052161 0.2046500525 0.2035147207 0.1867166873 0.1944359172 0.2416467659 0.2099611616 0.2218076747 0.1878189269 0.1974682082 0.1776764747 0.2087135426 0.2172504591 0.1714565630 0.1736782164 0.1753304380 0.2585486054 0.2900387666 0.3712002182 0.3897081859 0.5534256395 0.7232370092 0.8708848616 0.9487127901 0.9061621675 0.7564688395 0.5998745880 0.4133141790 0.3440091231 0.2374921192 0.2141721784 0.2331211878 0.1892499733 0.1870725823 0.1664506929 0.1920114659 0.1880337068 0.1499678543 0.2496599110 0.1631350379 0.2335709036 0.2590790474 0.2044003244 0.2324238635 0.2250859206 0.1762572750 0.1982162509 0.2690386270 0.2181128027 0.2369366021 0.2142503474 0.1978383251 0.1980180027 0.2784127735 0.2641322717 0.3767058341 0.4797738452 0.6705512837 0.7715204107 0.9600750479 0.8993081892 0.7824103020 0.6178235569 0.4571335008 0.3842442196 0.3279345387 0.2086728987 0.2282615480 0.2227068415 0.1909951276 0.1837886299 0.2003145491 0.2134378537 0.2720341333 0.1705020343 0.1935115602 0.1931665522 0.2358932302 0.2461266073 0.2318708502 0.2040225477 0.2204144869 0.1984287721 0.2486846432 0.1983715002 0.2531695274 0.1980360529 0.2056963590 0.2337864660 0.2222846227 0.2800081733 0.3470413117 0.4639509500 0.6974633796 0.8504038219 0.8871639281 0.9382336579 0.8801294474 0.6549701215 0.5680786274 0.3698658466 0.3153201488 0.2553342066 0.2218691771 0.2414202059 0.2231020009 0.2007202370 0.2060837882 0.2174457241 0.2230395428 0.2392330121 0.1877804134 0.1615874224 0.1994071865 0.1980265450 0.1841949732 0.2029334135 0.1992810355 0.2348927826 0.2228955421 0.1902736765 0.1838900808 0.1799691779 0.2134977050 0.2006678048 0.1987904142 0.2296645891 0.3312288471 0.4355830442 0.5952448095 0.7193036728 0.9222505546 0.9732175073 0.8334645874 0.7402280521 0.6290097549
0.2159417551 0.2681537047 0.3596283116 0.4910945597 0.6477828152 0.7686414549 0.8906504003 0.8483511644 0.8217122959 0.6369623484 0.4699444925 0.3718353148 0.2421554761 0.2296075674 0.2172087710 0.1641851336 0.2105589578 0.2249412431 0.1880530100 0.1921024937 0.2433145708 0.1927010620 0.1843574568 0.2098261248 0.1501638308 0.1762377346 0.2225553822 0.2203293035 0.2366061183 0.1820143790 0.1595463789 0.2222865492 0.2438756914 0.1596817695 0.1699558804 0.2062078451 0.2041756850 0.2416676290 0.3172385040 0.4246272825 0.5871045930 0.7370331761 0.8593651224 0.9329040154 0.8622229191 0.7471701701 0.5960566165 0.4367703334 0.2881465288 0.2462135463 0.2103191242 0.2442298077 0.1558890540 0.2462615279 0.1754019799 0.1680258475 0.1672735857 0.2090491278 0.1997686734 0.1713553139 0.1464712497 0.2056640952 0.1438052227 0.1326326018 0.2207754511 0.1858584866 0.2014835346 0.2373812150 0.2158942235 0.2218418016 0.1951916926 0.2288798568 0.1921655179 0.2563809150 0.2812704074 0.4013641445 0.5692091109 0.7361579602 0.8977046323 0.9849643191 0.8894900709 0.8103479094 0.6388377231 0.4567386113 0.3785508970 0.2192207493 0.2881530788 0.2229418832 0.1886586600 0.2065313520 0.2125201704 0.2304846103 0.1918496493 0.2185475593 0.2088047711 0.2045400948 0.1528686257 0.1983711199 0.2144322435 0.2007807074 0.1717237229 0.2236107151 0.2314468640 0.2516435916 0.2091281145 0.1865299162 0.2347726502 0.1672256551 0.2186853400 0.2399719400 0.2878608402 0.4081433010 0.5232008714 0.6552715687 0.8320025145 0.9229921782 0.9162460354 0.8035611358 0.6815419138 0.5292038535 0.3184473831 0.2487981847 0.2553845855 0.2433823482 0.2224821424 0.2196282830 0.1876582408 0.2071069482 0.2764830406 0.2008161978 0.2566834530 0.2443635298 0.1852624848 0.2233782367 0.2081385516 0.1752547035 0.2298096347 0.2452511901 0.2222311731 0.2231913596 0.2769294172 0.1675624164 0.1999358361 0.1888771581 0.2037884974 0.2648373086 0.2829590011 0.3790390584 0.4771658520 0.6463750788 0.8371275417 0.9021556602 0.9522055593 0.8340372057 0.6699187665 0.5223988533 0.3852102161 0.2939734060 0.2924108326 0.2233164216 0.2231813310 0.2262693664 0.1816889171 0.2172838127 0.2464345573 0.2329297557 0.1958166350 0.2075031754 0.2108745827 0.2102090608 0.2007470398 0.1876375641 0.1572879776 0.2123356857 0.1939452611 0.2593902674 0.2587753607 0.2291739341 0.1689997755 0.2158263250 0.2651844252 0.2923995996 0.2444149932 0.3620591203 0.4370840907 0.5927853577 0.7818577179 0.8654553022 0.9141655769 0.9366882595 0.7605757439 0.5893870919
0.2239247225 0.2008006085 0.3597529220 0.4378239316 0.6172416726 0.8075280728 0.9395162365 0.9201654096 0.8243728091 0.7031146827 0.5552749473 0.4362927733 0.2612125896 0.2611994673 0.2169142974 0.1632077672 0.1831123838 0.1818982235 0.1763949726 0.1842369330 0.2187808060 0.1599471791 0.1563026933 0.2035501746 0.2404174449 0.1592661577 0.2281447707 0.2056431306 0.2147576425 0.2311739880 0.1723510568 0.1887293309 0.2331149600 0.1893787174 0.2182057380 0.1846026295 0.1984635926 0.2066753622 0.3146556229 0.4390400729 0.5529443837 0.7315778415 0.8805739950 0.9584089667 0.8383267924 0.7318454711 0.5397318347 0.4276685947 0.3170017349 0.2443653195 0.2138148045 0.1723956848 0.1693403978 0.1437085593 0.1846795303 0.1902400262 0.2383670341 0.2093457272 0.1435230887 0.1962254166 0.1870580826 0.2858834690 0.1819980742 0.1738655563 0.2262159844 0.2062993823 0.2489275380 0.1983968873 0.1970234417 0.2030530340 0.2258344798 0.2165298622 0.1662577445 0.2722077404 0.2251783473 0.3682444932 0.5373880212 0.6969863487 0.8671355532 0.9350258496 0.9232682283 0.7334561495 0.6261540579 0.4186545750 0.3476297997 0.2762524064 0.2062267778 0.1768481013 0.2275814005 0.1909768185 0.2332634944 0.1735889769 0.2671263511 0.1948067554 0.1834881071 0.1635175164 0.1778263357 0.2165975024 0.1665174966 0.1716598151 0.1958732151 0.1737136769 0.1800663063 0.1726501054 0.2290836694 0.1945578196 0.1974565714 0.1589363565 0.2452906863 0.2784368356 0.2640945151 0.3602519206 0.5254153041 0.6576610980 0.8461280493 0.9272937494 0.8975486248 0.8349968447 0.6485568485 0.5628947993 0.3801204183 0.3231060167 0.2445309087 0.2420438721 0.1601718289 0.1830983424 0.1817546069 0.1725769756 0.2281718726 0.2135726875 0.1882909227 0.2095084269 0.2061145967 0.2201686677 0.2136171814 0.2782929304 0.2036375132 0.1603457353 0.1659721146 0.2037227538 0.1991123471 0.1901586435 0.2036940462 0.2186570727 0.1885678917 0.2350442840 0.2389163135 0.3297501808 0.4521341210 0.6516712404 0.7513370183 0.9143815895 0.9204456297 0.8149625888 0.7143551923 0.5345821228 0.3962734051 0.3294956198 0.2599134100 0.2345661756 0.2181856091 0.2376696445 0.2253358679 0.2239160525 0.2057365040 0.2359200313 0.1912129126 0.2077058720 0.1959642948 0.2507380962 0.2152345875 0.2259436785 0.2074918252 0.1949920610 0.2126046174 0.2368321260 0.2245708112 0.2398842974 0.2420212873 0.2144099362 0.2548062864 0.1915013581 0.3345312323 0.3498812938 0.4452621230 0.5726061500 0.7397172524 0.8636559799 0.9764532351 0.9308284548 0.7454467636 0.6195415543
0.1753947844 0.2586815485 0.3150884067 0.4705081928 0.6346167583 0.7463027691 0.8431642528 0.8764374190 0.8511960675 0.6969606181 0.5361956665 0.3696443663 0.2760456869 0.2774960163 0.1909856698 0.2046392930 0.1756055525 0.1479096140 0.2265744617 0.1515238782 0.1930349116 0.1914154444 0.1658498796 0.1808659080 0.1895968412 0.2084605237 0.2086376991 0.1555655717 0.2264943785 0.1749180539 0.1657614707 0.2208297329 0.2042863913 0.1960552413 0.1603942822 0.2284176947 0.2263034718 0.2551586423 0.3116074275 0.4357489705 0.5175645485 0.7628695553 0.8296293797 0.9292004794 0.8605172139 0.7375634144 0.5498579040 0.4369379289 0.2939941325 0.2839572333 0.1959464770 0.1826041315 0.1684014673 0.1877370752 0.1473867386 0.2024820853 0.1904868289 0.2021675810 0.1927674103 0.1829416468 0.1559599567 0.2229347859 0.2267445549 0.1849822069 0.2151082240 0.1905184665 0.1542618334 0.1431934862 0.1851796482 0.1347997092 0.2088378283 0.2079115407 0.1737397233 0.2519983252 0.2685163986 0.3489082129 0.5137850964 0.6956959307 0.8105906545 0.8741475647 0.8911041275 0.7540688388 0.6097116381 0.4754755446 0.3666609955 0.2897289152 0.2266666294 0.1725609418 0.2339773331 0.1923084132 0.2216555574 0.1286113012 0.1921307742 0.2051662299 0.1194695817 0.1726718863 0.1744418592 0.2432392227 0.1976638558 0.2344224260 0.1754482044 0.1561512098 0.1733299521 0.2151154596 0.1461507652 0.2050246010 0.1961068361 0.2005558152 0.1745574679 0.2097018437 0.2736811747 0.3397186918 0.4831573130 0.6490531122 0.8083340184 0.9196325997 0.9466387040 0.8422469179 0.6874638480 0.4826093423 0.3893954052 0.2737887698 0.1833311125 0.1910020086 0.1784371895 0.2754064995 0.2177077024 0.1814789325 0.1971517384 0.1729064714 0.1895227461 0.1954206235 0.1731950775 0.1743109171 0.2055842141 0.2412907469 0.2018960515 0.2089310750 0.2412777383 0.2105341010 0.2224913598 0.2012934991 0.1822989282 0.2465885564 0.2120029322 0.1759486626 0.3307254982 0.2802465939 0.4547977810 0.6061592302 0.7261574072 0.9390651693 0.8909528658 0.8716343539 0.7077151733 0.5931284344 0.4094001615 0.3129909866 0.2183429947 0.2960417371 0.1817499797 0.2071445350 0.2391842542 0.1881752435 0.1947134362 0.1701387278 0.1841663169 0.2177852503 0.2522969994 0.2159517873 0.2352505762 0.2008324600 0.2325874255 0.2204761412 0.1562288767 0.2757054793 0.1691166442 0.1745568679 0.2157368822 0.2227726534 0.2312743370 0.2494256886 0.2430159758 0.2692872425 0.3744960390 0.5137769958 0.7798220364 0.8690630811 0.9469154310 0.9030705192 0.7734668223 0.6496329033
0.2202401576 0.2606502483 0.3305893300 0.4183170604 0.5603202456 0.6889872126 0.8282649383 0.8454194752 0.8271297245 0.7422783390 0.5148862729 0.3947539266 0.2756185543 0.2034509065 0.2162577392 0.1477038693 0.1667117695 0.2000357910 0.1995199412 0.1782540729 0.2085759238 0.1250408466 0.1246850944 0.1646836523 0.1926604078 0.2033314734 0.1669057784 0.1994695298 0.2657817770 0.1892301850 0.1728953141 0.2385565257 0.1867219620 0.2145312170 0.1945685472 0.2020215610 0.2411498826 0.1728230711 0.2558254333 0.3968322602 0.5286341959 0.7023301128 0.8424253848 0.9188492978 0.8674931573 0.7506634241 0.6007992764 0.4480017079 0.3304633580 0.2237909624 0.2194185222 0.1803681710 0.1646433686 0.2348724365 0.2305900963 0.2219607760 0.2381285466 0.2062196916 0.1512414183 0.2038750857 0.1745778238 0.1633189889 0.1833922967 0.1655469918 0.2132965295 0.1750711475 0.1759934671 0.1393753356 0.1917063664 0.1227631755 0.1678487520 0.1970296190 0.2395462769 0.2482629285 0.2810608652 0.3935453723 0.5322673783 0.6249901929 0.7505703092 0.8619100340 0.8807753438 0.7944015358 0.6828939660 0.4905089826 0.3783670275 0.3042837576 0.1840152083 0.2107509743 0.2009346817 0.2031573798 0.2186184630 0.1817658914 0.1869165667 0.1933256588 0.2668876577 0.1717319427 0.2163581690 0.1889888953 0.2022820174 0.1757143069 0.2218812113 0.2108312707 0.2255754031 0.1737429545 0.2256712164 0.2487241390 0.2142404146 0.1943809132 0.2305025952 0.2626041002 0.2949193809 0.3371280768 0.4555515845 0.5906116189 0.7519356211 0.8848247585 0.9005538894 0.8310236332 0.6821409551 0.5249086506 0.3637309764 0.2887928977 0.2784501928 0.1991881833 0.2692340366 0.1916135448 0.2467581081 0.2113673290 0.1923062199 0.2098034170 0.1616244778 0.2059790673 0.1576675695 0.2250160645 0.1786314930 0.1825449677 0.2077809115 0.1755830723 0.1832654270 0.2300623170 0.2030155411 0.1848612972 0.1632230769 0.2045524240 0.2158946440 0.2534638926 0.2443503402 0.3061215125 0.4284894962 0.5849638975 0.8019544574 0.8778840126 0.9048662639 0.8637424992 0.7724779636 0.5954227642 0.4016639641 0.3878849894 0.2937631941 0.2575659374 0.2381924736 0.1974027556 0.1227787258 0.2038646054 0.2112369621 0.1765701768 0.2136367241 0.2039045212 0.1992779455 0.2220980750 0.1970949733 0.1481868290 0.2068959043 0.2331044304 0.1668828070 0.2403666011 0.2216691999 0.2128433845 0.1652318086 0.1723385677 0.2019764077 0.2053205162 0.2298067710 0.2898092342 0.4023842105 0.5371494186 0.7246004778 0.8048775624 0.8985337993 0.8577985917 0.8199430772 0.6186423701
0.2714673554 0.1955897249 0.2993311952 0.4092617360 0.5807639424 0.7642632292 0.8439449179 0.9051859576 0.8372391492 0.7276802250 0.5779992126 0.4254055152 0.3525026867 0.2348209640 0.2018361135 0.1383882157 0.1417143820 0.2271666936 0.1668604538 0.2350870906 0.1584383906 0.1778832703 0.1679072758 0.1708597836 0.1938940902 0.1601800086 0.1723663922 0.1611161709 0.2320758423 0.1936321214 0.2164151738 0.1929634164 0.1973912224 0.1324743816 0.2076343098 0.1749268344 0.1863241124 0.2198427391 0.2436758254 0.3816592690 0.5355596296 0.6765411013 0.8389516077 0.9046353958 0.8372949362 0.8007066241 0.6252222949 0.4097230256 0.3567548351 0.2369195978 0.2493611271 0.1870931390 0.2138355807 0.1780514136 0.1590778731 0.2376460822 0.2030558345 0.2162692059 0.1723885835 0.2043877517 0.1996346801 0.1597049594 0.1952793145 0.1922696077 0.1719251576 0.1923260172 0.1738190732 0.2217710092 0.1649350638 0.1811634763 0.2097948035 0.1964025700 0.2000948187 0.2009991092 0.2517359663 0.3522264252 0.4838866274 0.6479641359 0.7828466001 0.9214782243 0.8820137288 0.8117581371 0.6345452099 0.4677412824 0.3655511534 0.2451069391 0.2092044498 0.2125146360 0.2696397198 0.2019468987 0.1728507959 0.1590994315 0.1288418789 0.1322219597 0.1869552352 0.1648413852 0.2118378935 0.1463860986 0.1617926414 0.1825990803 0.1989604217 0.2016256366 0.1637267660 0.1546092938 0.2200388764 0.1489066978 0.1148489125 0.1849218886 0.1973635596 0.2131238344 0.2501644027 0.3555608506 0.4186595388 0.5738258107 0.7587094169 0.8794681843 0.9255918940 0.8370768374 0.6823904582 0.5313548857 0.3996736222 0.3301890175 0.3010850852 0.2485277608 0.2119651128 0.1950413176 0.1921005011 0.1884841953 0.2100724212 0.1747593199 0.2462602788 0.1838291534 0.1760941550 0.1321757991 0.1833087615 0.1779593515 0.1829292826 0.2058261605 0.1756565995 0.1758921249 0.2409066752 0.1715682499 0.1832757959 0.1856417998 0.1810160666 0.2677087840 0.2625781648 0.3598452254 0.4165451555 0.5799715461 0.7673355100 0.8972113788 0.9251351954 0.8672448264 0.7070834259 0.5747711522 0.4593709078 0.3374041306 0.2190857960 0.2085922395 0.2267006607 0.1967445258 0.1984314419 0.1922029722 0.1750238504 0.2168191306 0.1904369682 0.2144838345 0.2082473739 0.2019195436 0.2037782865 0.2044319403 0.1754644651 0.2047705676 0.1857092290 0.2242977063 0.1897181908 0.1758461069 0.1996186597 0.1599535673 0.2051418556 0.2702868934 0.2569616886 0.2527495900 0.3504984982 0.5608192023 0.7157891914 0.8699705274 0.9220984560 0.8872175363 0.8342569675 0.6011181055
0.2225305768 0.2301095049 0.3259069229 0.3835732084 0.5706741650 0.7097065378 0.8549140387 0.9075184070 0.8491138949 0.7296213657 0.5798083392 0.3878830378 0.2854514238 0.2668152427 0.2018307535 0.2094222910 0.2154574019 0.1725730896 0.1733674692 0.1770151877 0.1572776653 0.1346945994 0.1962466108 0.1496740316 0.1556797997 0.1793683083 0.1846928713 0.2102092644 0.1695859988 0.1412360949 0.1572689668 0.2253355115 0.1549159349 0.2450349494 0.1855701523 0.1803041995 0.2044373179 0.2153328445 0.2452626335 0.3958398183 0.4889640834 0.6456367631 0.8348785219 0.8910152604 0.8582749886 0.7878605786 0.5698915014 0.4322435321 0.3443998851 0.2360371449 0.2476608362 0.1718148119 0.1697984776 0.2082182819 0.2176113249 0.1753911506 0.1889947220 0.2056533570 0.1887747213 0.1716421228 0.2164078394 0.2061794657 0.1420526521 0.1729630089 0.1446510935 0.2213445700 0.2014912549 0.1807705692 0.1663047127 0.2055572452 0.1603975092 0.1941855654 0.1855462674 0.1852657209 0.2477573732 0.3844915946 0.4915401817 0.6623418290 0.8260092140 0.9226108606 0.8552616381 0.8771241518 0.5880644150 0.5410706275 0.4002322487 0.2608154929 0.2175830211 0.1630661537 0.2248626584 0.1398088955 0.1809213216 0.2260291850 0.2272454642 0.1703386502 0.2013480914 0.2194779976 0.1902216372 0.1412488571 0.1741867633 0.2006519309 0.1846249277 0.1512306805 0.1548203811 0.1921740443 0.2299605068 0.2410393404 0.1932185962 0.1548942978 0.2090270586 0.2030931853 0.2317294346 0.3576566008 0.4592342860 0.5288387589 0.7804410813 0.8673339211 0.9188486990 0.8182836937 0.7094462391 0.5299648499 0.3946480696 0.2924260848 0.2212071886 0.1978211983 0.2410886877 0.1731242592 0.1831795925 0.1939305329 0.1950966601 0.2044921073 0.2168420195 0.2080540785 0.2107537801 0.1944574735 0.2061514348 0.1409444976 0.2025345290 0.1836395557 0.2031905428 0.2520096102 0.1789751805 0.1571099319 0.1666944658 0.1723706756 0.2047241946 0.1948173995 0.2695771061 0.2783878246 0.3666476759 0.5379713274 0.7126982373 0.8300672235 0.8555731622 0.8961141188 0.7747969592 0.6006804912 0.4031930366 0.3075543429 0.2494265096 0.1976835113 0.2329718602 0.2141592343 0.1863809431 0.2047655440 0.1715450917 0.1236990029 0.2531703791 0.2691142698 0.1719009805 0.1439003005 0.2113320609 0.1841813498 0.1599023639 0.1735090232 0.2467546454 0.1944960389 0.1612221827 0.1824670809 0.1884144825 0.2088752876 0.1875774460 0.2013951506 0.1990530563 0.2684632999 0.3525839991 0.5114458009 0.6459430724 0.8364428225 0.9671118821 0.9038899220 0.7652932680 0.6152098567
0.2061574389 0.2013117327 0.2917317131 0.3660438246 0.5788503232 0.6530988135 0.8516368210 0.8839381339 0.8632076928 0.7130033490 0.5641080730 0.4019394029 0.3147579494 0.2340164158 0.2084750188 0.1751472911 0.1496647893 0.1955842949 0.2033654050 0.1626798861 0.1455188215 0.2021994242 0.0948476066 0.1307025854 0.1312705777 0.1993966577 0.1433367331 0.2343276115 0.2063033878 0.1644187811 0.1587227703 0.1394010936 0.1946654856 0.1563892857 0.1760095156 0.1746026785 0.2289263652 0.2232337889 0.2372146269 0.3454891391 0.5031417934 0.6296248097 0.7994195437 0.8778528287 0.8424315181 0.8094949097 0.6101434218 0.4380850362 0.3284378010 0.2488434101 0.2384123411 0.2112151030 0.1368231476 0.1507555599 0.1634365682 0.2488593174 0.2019871069 0.2044273532 0.1883585995 0.1782302589 0.1121308091 0.1380787029 0.1804565518 0.1908481798 0.1435234523 0.1752600437 0.1683932906 0.2002832466 0.1754825123 0.1952745940 0.2055258246 0.1784969328 0.2002437067 0.2316691435 0.2601305466 0.3204465163 0.3931913660 0.5741238412 0.7467115218 0.8348523864 0.8782749448 0.8302180558 0.6563838643 0.5302163816 0.3537641431 0.3373105414 0.2293830309 0.2275386896 0.1865178085 0.2334093758 0.1986848618 0.2276562562 0.1536316477 0.1376396515 0.1817083603 0.1685786975 0.2371115834 0.2042153705 0.1843086861 0.2092681971 0.1649431225 0.2232863974 0.1759134800 0.1312762051 0.2244292028 0.1895633675 0.2210126047 0.1932571783 0.2350485718 0.2146141728 0.2393013054 0.3059913539 0.4279150596 0.5498602913 0.6761850394 0.8668981430 0.8763465908 0.8295456049 0.7125250889 0.5358037819 0.3757354201 0.2328547569 0.2323353022 0.1978600609 0.2139298146 0.1706337345 0.1885664095 0.1806054762 0.1712994942 0.1764512868 0.1534745749 0.1965453985 0.1957139496 0.1757901371 0.1785235586 0.1844717762 0.1637185141 0.2085003132 0.1934215035 0.1361348481 0.2234255272 0.2154950047 0.2055909209 0.1877049131 0.1806021945 0.2441277816 0.1972475461 0.3432894211 0.3998329423 0.5661770508 0.7088763269 0.8228182366 0.9183915861 0.8605506359 0.7416922688 0.6122411338 0.4543121946 0.3183835662 0.2885220649 0.2229139767 0.1847878489 0.1935108333 0.1750511817 0.2131344307 0.1623651329 0.2100138611 0.2072964884 0.2002188167 0.1495014352 0.2001536513 0.1982433930 0.2236490107 0.1798748588 0.1902526588 0.1392810277 0.1702678761 0.1810294193 0.1832111331 0.2114136719 0.1230912640 0.1700995166 0.2528698854 0.2723007183 0.2620364214 0.3661754726 0.5382772372 0.6499421553 0.7824919411 0.9521303428 0.8877162849 0.8292729021 0.6589950944
0.1373149422 0.2012159465 0.2667525044 0.4057512874 0.4982239505 0.6392091204 0.7976705068 0.8602596979 0.8614971484 0.7157588664 0.5849491202 0.4550112049 0.3040095826 0.2160542521 0.2460754628 0.2061905902 0.1542981749 0.1925450846 0.1865582281 0.1971725835 0.1952927559 0.1476465368 0.1610454204 0.1406738431 0.1401522257 0.1973986005 0.1347760885 0.2191519223 0.1557989090 0.2136439779 0.1470871622 0.1765627644 0.1482115550 0.1905244201 0.1461587154 0.1732993485 0.1764875198 0.1939341899 0.2463555991 0.3662292226 0.4254156091 0.6499695672 0.8370501683 0.8612693158 0.8527066957 0.7498031653 0.6429790592 0.4930276084 0.3604955339 0.2859465844 0.1673029462 0.2041146946 0.2062958814 0.1992328551 0.2140111704 0.0900867001 0.1362131676 0.1555852429 0.1645445690 0.1978630541 0.1489673382 0.1310409034 0.1907663618 0.1324105143 0.1327109499 0.1605009864 0.1976891426 0.1663264112 0.1823021364 0.1929193437 0.1219275814 0.2252821378 0.1509593272 0.2687500996 0.2466181611 0.3152301523 0.4285295775 0.5761662538 0.7167207697 0.8740359398 0.8943044196 0.7983081324 0.6488252820 0.5168309869 0.3609779109 0.2900614474 0.2383910662 0.2145013123 0.2255170927 0.1628297164 0.1750455408 0.1828852250 0.1813051534 0.1653651269 0.1995959849 0.2060406544 0.1525778054 0.1750757504 0.1505143774 0.1535176612 0.2088944437 0.1919209866 0.1955814946 0.1702104097 0.1884163934 0.1750881210 0.1947588726 0.1379845970 0.1842699770 0.1830950894 0.2387643379 0.2474591716 0.4519410695 0.5267576726 0.6851216515 0.8550133268 0.9207824233 0.8586418852 0.7310007155 0.5780793510 0.4191412631 0.2782998609 0.2960633697 0.2032967044 0.2234380283 0.1973722777 0.1770524354 0.2099905407 0.2187468246 0.2177095484 0.1971343083 0.1642510510 0.1699781236 0.1725759086 0.1584921069 0.1348622404 0.1987643064 0.1841381813 0.1469830994 0.1681440668 0.1973851171 0.1833337338 0.1669227362 0.1745086816 0.1896124815 0.2341808782 0.2474662406 0.3080653450 0.4072617537 0.5130135044 0.7059248968 0.7884021163 0.8559898341 0.9031640722 0.7798086251 0.5824089344 0.4659113642 0.3586355873 0.2642305031 0.2196060096 0.1809170725 0.2008160606 0.2043374934 0.1818423388 0.1896916626 0.1405411560 0.1394242197 0.2249832199 0.1763105879 0.1281037509 0.1991005758 0.1662515544 0.2285282069 0.2018310762 0.1884319789 0.2038382544 0.2344379304 0.1764391781 0.1776560100 0.1949357502 0.1893148457 0.2550300186 0.2424591805 0.2769390185 0.3073030450 0.5031883658 0.6461491293 0.7166359672 0.9240635607 0.9142819711 0.8367205018 0.6243815791
0.1873868225 0.2295572718 0.2383391510 0.3500561454 0.5318766441 0.6744489907 0.8132088961 0.8799216959 0.8965012734 0.7933187957 0.6271408134 0.4480481654 0.3159960195 0.2625421803 0.2079339390 0.2354192413 0.1906929386 0.2011741967 0.1588920612 0.1687663691 0.1814646699 0.1439833793 0.1644904969 0.1384003266 0.1631991681 0.1947059963 0.1424802553 0.1822580194 0.1505131260 0.1593645630 0.2373029526 0.1860891119 0.1436568796 0.1309377635 0.1584721227 0.1627095445 0.1985800479 0.1996184697 0.2701771451 0.3352292464 0.4757676439 0.6031970547 0.7937358788 0.8323983741 0.8492215895 0.8371951905 0.6169067921 0.4549751440 0.3516748220 0.2534639835 0.1899976376 0.1708480649 0.2082502303 0.2114402959 0.2347194334 0.2023683516 0.1232656863 0.1460936566 0.1682166577 0.1334816201 0.1853984818 0.1515711986 0.1644072558 0.1861953199 0.1519559809 0.2352056082 0.1860345301 0.1671872209 0.1616537795 0.2020694062 0.1875439167 0.2036475348 0.1308162541 0.1882810569 0.2432873882 0.2872124578 0.4205564256 0.5624068184 0.7234361901 0.8134497655 0.8723936990 0.7893833495 0.7097475900 0.5699235807 0.3608435361 0.2914321735 0.2304872696 0.1564221944 0.1951818294 0.1956697406 0.1184529094 0.1586300423 0.1863167931 0.1069631366 0.2189889229 0.1927679254 0.1159568425 0.2310021437 0.1307023386 0.1831812842 0.1851100007 0.2175934218 0.1799957272 0.1577062753 0.2284188866 0.1604367621 0.2196263381 0.1492548010 0.1703200572 0.2385854860 0.3089688445 0.2746830445 0.3830625427 0.4805027410 0.6626832914 0.8328409806 0.9313717406 0.8577436533 0.7206086147 0.6024900860 0.4288136070 0.3495683856 0.2820934190 0.1968689575 0.2279599097 0.1895398947 0.2371898698 0.1868272893 0.2202919292 0.1756927605 0.1841497310 0.1466411318 0.1676434019 0.2052839232 0.1797849983 0.1755404600 0.1667059460 0.1850067358 0.1928437981 0.1819547894 0.1443864285 0.1638404692 0.2317955079 0.1907347649 0.1217571787 0.1754079647 0.1834223538 0.2343375651 0.3493881357 0.4832875550 0.6601822798 0.7964870857 0.9437013112 0.9414396427 0.7673437854 0.6083283657 0.4779923077 0.3316860179 0.2220974132 0.2050577069 0.1921783833 0.1825503000 0.2073010422 0.2033913253 0.2347016410 0.2158877268 0.2525128088 0.1789920917 0.1805540145 0.1513326393 0.1797357923 0.1996777877 0.1641663153 0.2155082361 0.2067729710 0.2093404460 0.1620362397 0.1988748920 0.1801110035 0.1887266684 0.1664674431 0.2001297511 0.2339583904 0.2431784975 0.3596792607 0.4324740552 0.6080183315 0.7782480696 0.8706829838 0.9159976949 0.8419528280 0.6638638334
0.1766597517 0.1481969238 0.2554391352 0.3182181316 0.4779232321 0.6644596505 0.7794110504 0.9213580264 0.8652247533 0.7700571925 0.5845124481 0.4539331660 0.2975391484 0.2540494759 0.1656136643 0.2022323915 0.1534122114 0.2138582993 0.2176644674 0.1334679875 0.1688157628 0.1643304689 0.1807091640 0.1842324313 0.1576326622 0.1711456878 0.1204434749 0.1084827502 0.1909794392 0.2070118781 0.1617669903 0.1689879737 0.1648792242 0.1616289820 0.1908426879 0.2001747387 0.1963166853 0.2147764325 0.2686592858 0.2778012878 0.4040514256 0.6236384028 0.7634015473 0.8399660505 0.8925904089 0.8185709392 0.6211661890 0.4649634556 0.3897106237 0.2764045609 0.1482723626 0.2127162849 0.1706051584 0.1413162873 0.1514038766 0.1926399128 0.1544457892 0.1046327245 0.2027411420 0.1363707126 0.1838577251 0.1393018459 0.1681068824 0.1828883061 0.1475830874 0.1283148619 0.1820747418 0.1853919181 0.1615352028 0.0992585245 0.1817084892 0.1778025136 0.2513401769 0.2306376000 0.2316328573 0.3192100974 0.4476920763 0.5795079389 0.7220640159 0.7893641087 0.8696103122 0.8045156703 0.7061461607 0.5723312904 0.4215968978 0.2698523887 0.2631236627 0.1738773532 0.2121256499 0.1779707754 0.1554534286 0.1435595581 0.1598820988 0.1810834923 0.2207767372 0.2358097928 0.1851743052 0.1446789010 0.1597098604 0.1634128420 0.2343008266 0.1750374551 0.2431683079 0.2042866086 0.1852002674 0.1558723520 0.1691942673 0.1863946012 0.2154705188 0.2207391774 0.2322784875 0.2995113682 0.3526098517 0.4889592867 0.7028065232 0.8046973580 0.8885493097 0.8656686758 0.7944939856 0.5829898949 0.4247020591 0.2601504665 0.2648128503 0.1626577354 0.2128991947 0.1268741298 0.1760901757 0.2434956464 0.2295304757 0.2185311549 0.1552624794 0.2023298274 0.1618660948 0.2201857754 0.1860490898 0.1796461178 0.1932840456 0.1575807145 0.2016053806 0.2251949114 0.1815783576 0.1717179217 0.1292912820 0.2401101733 0.1826066886 0.1998977282 0.1511874814 0.2592725120 0.3198971334 0.5088564515 0.6476168651 0.8435304389 0.8904542738 0.8665630274 0.7543120070 0.6791870780 0.4970024595 0.3200343314 0.2558496107 0.2353605846 0.1913233182 0.1564988460 0.1779116664 0.2022736055 0.2048710874 0.1745670300 0.1597444045 0.1889749866 0.1638022757 0.1711719079 0.2083413247 0.1832951777 0.2153255952 0.1928891163 0.1998181317 0.2251458368 0.1724525867 0.1541818976 0.1976369603 0.2121489501 0.1802171197 0.2252325788 0.2215557581 0.1908063517 0.3492518441 0.4389682069 0.5720469997 0.7787775481 0.8887751306 0.8857543803 0.8702570485 0.6793011562
0.1554054472 0.2303141068 0.2150790283 0.3733509043 0.5043802836 0.6472896935 0.7881735949 0.8488116726 0.8387391889 0.8053102114 0.6397105636 0.5053547386 0.3668690416 0.2558397351 0.1799737242 0.2122820554 0.1728097950 0.1774728865 0.1526075914 0.1614719505 0.1694249273 0.1301605882 0.1249356801 0.1665739284 0.1793194658 0.1786247240 0.1703680842 0.1585930502 0.1868135961 0.1568774158 0.2021655184 0.1992965757 0.2122056517 0.1818497013 0.2028691213 0.1974595653 0.2342006616 0.2066109817 0.1804569567 0.3134636066 0.4283157983 0.5679636580 0.7233405079 0.8903930294 0.8908262739 0.8154322071 0.6644916134 0.4993697534 0.3733483968 0.2941434126 0.2194660818 0.2078084048 0.1824440915 0.2116098686 0.2096590020 0.2052346107 0.1745742632 0.2164218721 0.1720212980 0.1323236993 0.1798055873 0.2232348015 0.2297704924 0.1434611115 0.1514918026 0.2074193579 0.1685681326 0.1679255973 0.1784247128 0.1535928811 0.1721716134 0.1901160092 0.2242617420 0.1933490057 0.2570828871 0.2946450859 0.3698582133 0.5272171184 0.7131585177 0.8685594738 0.8566993368 0.8566123517 0.6639842747 0.5385213065 0.3968583299 0.2828405838 0.2031580184 0.1923340308 0.1323944192 0.1692659460 0.1625360205 0.1520001017 0.1728200400 0.1986795303 0.1594125609 0.1606812666 0.2045514344 0.1752728695 0.1825586053 0.1836582378 0.2015004967 0.1539939748 0.1931779434 0.2326677876 0.1970323856 0.2029772664 0.1571610890 0.2199619688 0.1505245572 0.1937886364 0.2516574028 0.2840550549 0.3328144201 0.5059712523 0.6436180769 0.8115107362 0.9072245297 0.8907851375 0.7281645398 0.6329039863 0.4518771070 0.3416682998 0.2420011349 0.1922069078 0.1862728312 0.2088243596 0.2294047076 0.1229160533 0.2290665026 0.1844782083 0.1946801513 0.1217282742 0.1591263665 0.1709973082 0.2436332532 0.2199875926 0.2034542514 0.2063806395 0.1815879685 0.1930630938 0.2431366287 0.2069702938 0.1513070809 0.2020332012 0.1849060198 0.2020743993 0.2349703941 0.2874804289 0.3626264713 0.4352818171 0.6598588147 0.7668214928 0.9163177731 0.9072846243 0.8226098817 0.7044347924 0.5072232144 0.3904949610 0.2681750180 0.2511381160 0.1918052088 0.2088233173 0.1513912050 0.2003129667 0.1933792043 0.2390182963 0.1128766133 0.2108252988 0.2197834364 0.2090037751 0.2344536384 0.1656785835 0.1681667095 0.1813788833 0.2097743277 0.1912496464 0.1359759920 0.1909106951 0.2174240965 0.1913449261 0.2339885826 0.2073366419 0.2159180857 0.2519492054 0.3266770908 0.4439538573 0.5718247408 0.7611753873 0.8702525084 0.9055419359 0.8271663843 0.7041199127
0.1629923682 0.1636067661 0.2227930152 0.3136306408 0.4699969780 0.6477201276 0.7884175224 0.9052967129 0.8465233163 0.8018519482 0.6241218558 0.5202823361 0.3491238581 0.3047723295 0.2072989933 0.2217077456 0.1492262833 0.2208680461 0.1984052710 0.2076482051 0.1888926332 0.1893189604 0.1634055783 0.2084253595 0.1910825951 0.1711223789 0.1777576689 0.1954071485 0.1639641538 0.1440902028 0.1270525074 0.2224694712 0.1813588441 0.1327785010 0.2408743400 0.1806799758 0.1918757727 0.2177057320 0.2448898157 0.2945555117 0.4285270576 0.6269380458 0.7413547383 0.8746126995 0.8753575997 0.8408307897 0.7033127797 0.5308752753 0.4008101607 0.3210985108 0.2348037284 0.1928240638 0.1852676318 0.2049051014 0.2157233829 0.2039075421 0.2350558972 0.1660117820 0.1674014472 0.1961946890 0.1877890768 0.1999924052 0.2128641779 0.2138153734 0.1694566434 0.1401031288 0.2049742601 0.1880324992 0.1582845799 0.1820885686 0.2737657213 0.1823141746 0.2066138582 0.2288777429 0.2169807243 0.3040654324 0.3498725486 0.5408919045 0.7176218738 0.8554744504 0.9148098199 0.8299031278 0.7131486613 0.5392938633 0.4503556942 0.3125991715 0.2600709247 0.2595285317 0.1803387893 0.2268157256 0.1962640481 0.1964329267 0.1939577610 0.2067801336 0.1950280676 0.1468115484 0.1884717070 0.2021266424 0.2129613830 0.1725291081 0.1873090603 0.1640879508 0.1840317112 0.2300889897 0.1654866379 0.1481963781 0.1547614012 0.1807102860 0.2018185110 0.2265651516 0.2261621551 0.3563835062 0.3937657394 0.5496073708 0.6818136884 0.8070733979 0.9350072303 0.9249834274 0.7954044707 0.6718158618 0.4580462804 0.3958307966 0.2722681950 0.2003023860 0.2135839370 0.2220113472 0.1606517546 0.1796723530 0.1788608405 0.2028278008 0.2147196697 0.1911220547 0.1985389665 0.2140462708 0.1952878061 0.1789131441 0.2363183332 0.1747885867 0.2274775905 0.2319026396 0.2075051594 0.2390667499 0.2009874621 0.2258571397 0.1863869513 0.2045369329 0.2313906824 0.2532992091 0.3250315167 0.4462621296 0.6425028662 0.8116139672 0.9246822146 0.9153829706 0.7953139449 0.6908185471 0.5244927313 0.3799932997 0.2904123381 0.2096149113 0.2258679456 0.2148456273 0.1952668459 0.2299859514 0.1682069866 0.1950763129 0.2430699025 0.2084973444 0.2103262550 0.2022466759 0.2080096631 0.1740428408 0.2296635955 0.2075209959 0.1726610684 0.1704968925 0.2083344675 0.2209083492 0.1877059281 0.2396709504 0.2146033302 0.2178209797 0.2092477556 0.2352169505 0.3259184337 0.4614736833 0.5806020581 0.7749106495 0.8973894791 0.9330853457 0.8370445764 0.7319611640
0.1635962981 0.2206323433 0.2397492341 0.3667652027 0.4323170974 0.5997434386 0.7955594551 0.8754397517 0.8585687948 0.7841829109 0.6370538764 0.4941141047 0.3553919962 0.2429901609 0.2499861658 0.1590022133 0.2437208106 0.1607224863 0.1939748681 0.1635260771 0.1925519265 0.1607455122 0.1873198656 0.1821110544 0.2290739245 0.1755234038 0.1947234759 0.2212350001 0.1747319848 0.1902657758 0.1841235093 0.2043475912 0.2488464259 0.2337488421 0.1945426538 0.1806744171 0.1683939703 0.2041995695 0.2551578196 0.3462616018 0.3854012432 0.5891837912 0.7724416681 0.8144239815 0.9175137282 0.8220389968 0.7225285860 0.5170342748 0.3805282420 0.3486739046 0.2483488118 0.2372233782 0.2270452613 0.1515511139 0.1582163954 0.1678442001 0.2147085045 0.1677237651 0.1694590718 0.2352297271 0.1897967867 0.2197090018 0.2042466319 0.2394412510 0.1574486673 0.1210361669 0.2599940387 0.1610362481 0.1506509149 0.2043680509 0.2473836946 0.2124315982 0.1725217616 0.1595220634 0.1982056016 0.2454227366 0.4183634500 0.5111313538 0.7423341873 0.8297559174 0.8923693663 0.8839772292 0.7895001307 0.6273381841 0.4490734273 0.3212310611 0.2167271369 0.2014867301 0.2515093737 0.1752630533 0.2102740722 0.1292625315 0.1704843812 0.1509097129 0.2075583575 0.1673282901 0.1844186143 0.1889833324 0.1585863671 0.2492648800 0.1991372651 0.1700543190 0.2123949661 0.1849442137 0.1385038221 0.2308351679 0.1825417605 0.1888461303 0.2416985126 0.2146752192 0.2515294379 0.2436599216 0.3708491758 0.5188281630 0.6776149192 0.7791914000 0.9118042471 0.9106240552 0.8255656592 0.6584883742 0.5067356810 0.4095409970 0.2860596357 0.2801091222 0.2246648252 0.2641146841 0.2165105066 0.2090035658 0.1725385901 0.2106139027 0.2523172673 0.1840006987 0.1868967702 0.2021576123 0.1859834448 0.1986495038 0.2000589204 0.1907568030 0.2274902166 0.1900685276 0.2005456550 0.1819809175 0.1636426101 0.1840910497 0.1972609438 0.2053521577 0.2180382582 0.3008790776 0.2786600450 0.4504219467 0.6352330822 0.7945891813 0.9116535834 0.9248746098 0.8475515877 0.6395100507 0.5985705719 0.4003138308 0.3167996743 0.2468307942 0.2418640418 0.2661191786 0.2173698490 0.2407803801 0.2259677050 0.2160406128 0.2195043041 0.1758864891 0.1905747586 0.2226067223 0.1789732741 0.2102146977 0.2189244845 0.2072678883 0.2285892301 0.2323563355 0.1911619731 0.1887451169 0.1870019044 0.2046280618 0.2458161888 0.2181158829 0.2489834941 0.2712295086 0.3274506552 0.4419819428 0.5599241725 0.7656318411 0.9070875307 0.9295625800 0.8966727939 0.8032557813
0.2228089863 0.1955378041 0.2405443020 0.3574282688 0.4756761907 0.6478138344 0.8012662032 0.8974787934 0.9108837518 0.8546099554 0.6743327412 0.4909096288 0.3827937144 0.3219298780 0.1873562891 0.2881981361 0.1721137009 0.1791554755 0.1655130026 0.1894048526 0.1948893885 0.2420755547 0.2561162368 0.1569397642 0.1847217778 0.2376240527 0.1980896692 0.1547063050 0.2461513399 0.2296535193 0.1746752254 0.1963729847 0.2041723489 0.2138882577 0.2190451305 0.2067835424 0.2226290084 0.2662230504 0.2513661234 0.2692268410 0.5035362368 0.5774723624 0.7138328741 0.8683088054 0.9459950755 0.8429616676 0.7257661919 0.5282520920 0.3943102869 0.2619537382 0.2429427180 0.1611915556 0.2345978577 0.1947011146 0.2635354292 0.1771715830 0.2042296905 0.1846588768 0.2123773250 0.2196979865 0.2130157702 0.2258872979 0.2452197002 0.1634353588 0.1567677560 0.1841440330 0.1820065194 0.2288117497 0.1862873633 0.2479107131 0.2167454396 0.2022336779 0.2239395220 0.2050442335 0.2593939776 0.3003023959 0.4034405359 0.5599673581 0.6754634511 0.8200457309 0.9077797466 0.8894452171 0.7670298733 0.5901644497 0.4732409774 0.3601678767 0.2435591497 0.2452153202 0.2016937683 0.2307930929 0.2280593709 0.2058084114 0.1914822938 0.1874397690 0.2121643254 0.2500340229 0.2517174284 0.1703232057 0.2266406850 0.2008851098 0.2078100416 0.1480961982 0.2044461988 0.2027819136 0.2234904517 0.1528441877 0.2132876507 0.2775745809 0.2215700801 0.1999664352 0.2587188844 0.3164671171 0.3644866414 0.4822659171 0.6447966939 0.7949663573 0.8908705107 0.9412877433 0.8384139954 0.6439977693 0.5363964173 0.4117597496 0.3370564828 0.2692257282 0.2140019181 0.2328153659 0.1729547854 0.1977472921 0.1708916726 0.2185465351 0.1947068128 0.2479417007 0.2164853611 0.2122791407 0.1969012660 0.1859086495 0.2227632604 0.1592047696 0.2179354608 0.1776443476 0.1758123373 0.2574512483 0.2357354135 0.2326764478 0.2065238656 0.2473114546 0.2748143682 0.3171340872 0.3370849867 0.4318429291 0.6509248193 0.7496622587 0.9095371105 0.8710275183 0.9055236948 0.7651810094 0.6028580501 0.4438240670 0.2932757751 0.2383819941 0.2603316012 0.2077675189 0.2236833430 0.2388478835 0.1876388450 0.1942155029 0.2248833046 0.1887697731 0.1934457328 0.2112775318 0.2460860201 0.1626276130 0.1801461387 0.1768268322 0.1746838492 0.2134245192 0.2483053834 0.1877613531 0.2164886381 0.1769810966 0.1804078757 0.2502815198 0.1801586692 0.2754525066 0.3439672183 0.4112436501 0.5671827457 0.7772726777 0.8346099736 0.9470712389 0.9240396741 0.7195921354
0.2128555873 0.2479132133 0.2401343324 0.3368645244 0.4165727131 0.6500397561 0.8233890081 0.8841738996 0.9244128600 0.8204974238 0.7226926544 0.5702811433 0.3879476141 0.2985739846 0.2952622692 0.2119358322 0.1827154420 0.1582326748 0.1740458203 0.2439573842 0.2160681446 0.2156576791 0.2166655653 0.1640886791 0.1879218555 0.2073601633 0.2084168387 0.2025083657 0.1909852877 0.2111795722 0.2105868778 0.2461411526 0.1934364440 0.1977590178 0.2316570154 0.2638479973 0.2366752442 0.2443344503 0.2584118050 0.3247585149 0.4178715581 0.4976460665 0.7340155215 0.8898088596 0.9207712240 0.8844042580 0.7628580345 0.5677970489 0.4679872378 0.3102209538 0.2896288578 0.2204316837 0.2039113026 0.2137549392 0.1738228044 0.2047026766 0.2082309062 0.1893524546 0.1889126286 0.1864610610 0.2308739035 0.2453496707 0.2042601171 0.2195945705 0.2409692613 0.1908020344 0.2239590169 0.2131175225 0.2396652091 0.1968289410 0.2000104674 0.1814835415 0.2278411735 0.2219588780 0.2865798184 0.3340064384 0.4210307035 0.5603793785 0.7614198241 0.8329287486 0.9396720202 0.8923958363 0.8178410573 0.6968248563 0.4779748243 0.3947697334 0.2922457326 0.2494592029 0.2084951873 0.2017599497 0.2178515287 0.2122590441 0.1780530901 0.1905229103 0.1669249368 0.1854734681 0.2577048355 0.2306313275 0.2189117195 0.1779481298 0.1951778013 0.2349301883 0.1526568573 0.2036809946 0.2172991703 0.2239033451 0.2845164772 0.2211502198 0.2139681580 0.2598747099 0.2907314323 0.2491301761 0.3913564355 0.5051493563 0.6547493491 0.8085734790 0.9353293096 0.9481454680 0.8486073381 0.6833816281 0.5122819202 0.4253033115 0.3320816753 0.2343340845 0.2122510665 0.1856694230 0.2207117571 0.2299000048 0.1874723604 0.2051252452 0.3038591852 0.2418472884 0.2482524038 0.2369152493 0.2042875261 0.1930863497 0.1954593058 0.2462438749 0.1843711582 0.2396962398 0.2097204064 0.2096215546 0.2368713085 0.2369468658 0.2054072849 0.2297106514 0.1930191487 0.2357474970 0.3104328582 0.4771615311 0.5743747419 0.7548464804 0.8725106740 0.9338244748 0.8905988468 0.7452346995 0.6105714640 0.4638609774 0.3216474311 0.2944653998 0.2468527361 0.1980707522 0.2241587049 0.2469681331 0.2026067246 0.2731744971 0.2062258973 0.2177863465 0.1860371734 0.2149879593 0.2428974136 0.2237218258 0.2103418527 0.2189964365 0.2275686566 0.2106323728 0.2367704646 0.2208330073 0.2178371548 0.2102279336 0.1866269086 0.2315939812 0.2415130532 0.2601514692 0.3217445950 0.4339918857 0.5981511875 0.6600144251 0.8830362374 0.9188709801 0.9111129856 0.7685792956
0.2355169670 0.1533839364 0.2643721686 0.3781255565 0.4296960208 0.5689237696 0.7239480946 0.9563269455 0.9113158558 0.8935291565 0.7483356269 0.5691234870 0.4393675984 0.2982868537 0.2826079084 0.2218525113 0.2356568104 0.1784457238 0.1862875644 0.2326536099 0.1726917450 0.1935850734 0.1912802326 0.1651863395 0.2158530586 0.2063674254 0.1796332241 0.2146007459 0.2118102505 0.1916299375 0.2135834242 0.2018318556 0.2330017858 0.2583627310 0.2140353876 0.1814229409 0.2338091090 0.2244407177 0.2829896797 0.3413933622 0.4271560784 0.5879772400 0.7471441278 0.8868562231 0.9392018024 0.9199721801 0.8257324792 0.5762894291 0.4638413292 0.3469496564 0.2956349383 0.2346839356 0.2091314455 0.2188685246 0.1950143657 0.2888199958 0.1723959179 0.2249775921 0.2357933203 0.2026922888 0.1951083612 0.2072487030 0.2086751593 0.1775519183 0.2057045550 0.2009967624 0.2335097358 0.2043155078 0.2177428347 0.1953672326 0.1590760789 0.2289961437 0.2541529737 0.2111720367 0.2656985056 0.3119119110 0.3402017307 0.5195402880 0.6455653364 0.8075718771 0.9366010535 0.8754337548 0.8625722076 0.6742013589 0.5239210185 0.3542653955 0.3267500023 0.2582729919 0.2219775063 0.2696842881 0.1867564433 0.1333926429 0.2334590123 0.2357853775 0.2040384844 0.2154483898 0.2346149544 0.1978700266 0.1552661989 0.2473339355 0.2054297459 0.2203995953 0.2538018991 0.2021941351 0.1887036415 0.2471726908 0.2186731445 0.2294566973 0.1992700799 0.2406810104 0.2324385409 0.2648503005 0.3770056012 0.4890770126 0.6756771200 0.7723309514 0.9373186357 0.9455698975 0.8981832371 0.7896494136 0.5882100751 0.4327259558 0.3642430567 0.2457530029 0.2636881221 0.2212673434 0.2117754959 0.2197491821 0.2076334540 0.1975724491 0.2196294549 0.2100976344 0.1947446598 0.1974604071 0.2578264999 0.1998095852 0.2550203235 0.2255426044 0.2237427403 0.2427454321 0.2718035924 0.1773518242 0.2211365770 0.2310494026 0.2614106885 0.2464024360 0.2400206210 0.3092786674 0.3410073165 0.4614261439 0.5659104250 0.7457939722 0.8797858510 0.9609460027 0.9204310539 0.7337242960 0.6682065172 0.4829493083 0.3699360575 0.2400989742 0.2454107886 0.2356664428 0.1971278246 0.1920806987 0.2306236015 0.2512408244 0.2495807044 0.2489848430 0.2338289371 0.2715796474 0.2388405036 0.2050781057 0.2205224258 0.2892444500 0.2390790621 0.2176718345 0.2128101163 0.2473537895 0.2292737130 0.1678503565 0.2334824033 0.2207054330 0.2002498753 0.2376501625 0.3585719414 0.4282746609 0.5455884781 0.7353321959 0.8303202702 1.0000000000 0.9369345781 0.7927039199
0.1964205528 0.2142943219 0.2917198821 0.3281436400 0.4321768164 0.5520687383 0.7324132470 0.8755885621 0.9386289662 0.9208762375 0.7273249741 0.5919826231 0.4435715945 0.3483240341 0.3361183650 0.2562796697 0.1930605302 0.1606392479 0.1683080524 0.2631188251 0.1439950058 0.2290978219 0.1644773290 0.2132138522 0.1982763280 0.2476232819 0.1966304804 0.2005010797 0.1918842511 0.2356841446 0.2027367193 0.1856031828 0.2116939078 0.2490341544 0.2256741729 0.2405752902 0.2122949458 0.2138119316 0.2689454414 0.3697964296 0.4426526691 0.5298984080 0.7192538289 0.8727106360 0.9572757616 0.9136727475 0.7626606185 0.5791016948 0.4819119170 0.3721200500 0.3080909072 0.1841003635 0.1802907323 0.2126679012 0.2361778163 0.1850040489 0.2754108511 0.1421189649 0.2115460385 0.2025784143 0.2239542257 0.1942846896 0.1775157471 0.2165171650 0.2361712647 0.2153158483 0.1905685060 0.2035725029 0.2192860488 0.1658283717 0.2245116790 0.2142780898 0.1831593129 0.2312499058 0.2386536391 0.2987984992 0.3939752192 0.5218658933 0.7028785559 0.8672658326 0.9250045349 0.9338428114 0.8311364052 0.6647344574 0.5160408299 0.4319716601 0.3584344971 0.2207953367 0.2476408177 0.2524382736 0.2124789491 0.2445741395 0.2422418302 0.1519274557 0.2427408335 0.2094657832 0.2449172813 0.2138765540 0.2028906553 0.2219743161 0.1792701191 0.1733542108 0.2342319942 0.2099976363 0.2337008128 0.1719633012 0.1998666160 0.2713154064 0.1867006141 0.1863897298 0.2512490404 0.2719424123 0.3432090890 0.5152498582 0.6368212143 0.7987972495 0.8998550347 0.9525568887 0.8323309313 0.7339171296 0.5174476044 0.3622086792 0.3492985366 0.2726821854 0.2545345850 0.2523743088 0.2173091610 0.2201107414 0.2068401243 0.2032298317 0.2268944136 0.2145890863 0.1995321689 0.1497651672 0.2087864980 0.1848483929 0.2981221567 0.2392435123 0.1873525293 0.2061959243 0.2293314117 0.2019309818 0.2181848958 0.2547057239 0.1883897391 0.2124217117 0.2777118969 0.2902339670 0.3453322636 0.4580772881 0.6169013429 0.7384752945 0.9022722024 0.9518614315 0.8389970053 0.8241282915 0.6345079135 0.5048836216 0.3517380727 0.2577711526 0.2420207723 0.2732082574 0.2013224021 0.2602300784 0.2439093914 0.2541608182 0.2681239629 0.2966935451 0.2097448447 0.2092568215 0.2662063842 0.2381426982 0.1853939836 0.2523641761 0.1997400400 0.2416660846 0.1977289563 0.1948921606 0.2351942790 0.2416614556 0.2595122397 0.2272172389 0.3041164895 0.2858053883 0.2845382807 0.4517299937 0.5645601102 0.6834510599 0.8980889646 0.9135197617 0.8930243087 0.8167133380
0.1774930805 0.1839828862 0.2586270954 0.3473466691 0.4647229479 0.5848864615 0.7718106366 0.8657980476 0.9654520507 0.9009287451 0.7687558094 0.6339857656 0.4787720735 0.3350516680 0.2834228233 0.2509566125 0.2437572264 0.1991606730 0.2118300659 0.2207090055 0.1788393115 0.1883822103 0.1724570852 0.1485848284 0.2160745814 0.2102343249 0.2176803339 0.2048703347 0.2182622720 0.1641841363 0.2129887108 0.1684568859 0.2694050361 0.2070489288 0.2330247204 0.1841290259 0.2731631151 0.2550768679 0.2693335221 0.2522032005 0.4264834819 0.5169642079 0.7281812922 0.8720316193 0.9095028380 0.8944642410 0.7763316230 0.6507271520 0.4821948371 0.3091562014 0.2833595396 0.2699480671 0.2538294364 0.2101782882 0.2422635175 0.2272688741 0.2910794126 0.2277856716 0.2168569047 0.1684708830 0.1707972669 0.2095237221 0.2029957112 0.2098251577 0.2034813170 0.2548789083 0.2776788199 0.1976790567 0.2283471789 0.2476238292 0.1876149927 0.1899698920 0.2798872659 0.2737665353 0.2608517577 0.3291166161 0.4424028002 0.4928656835 0.6668600971 0.7937631321 0.9200773217 0.9142496516 0.8969922329 0.7084207139 0.5386119657 0.3754133011 0.3187505121 0.2832464068 0.3169194869 0.1894953712 0.2080475698 0.1631942837 0.2549248924 0.2632066025 0.2338672888 0.2192022761 0.2352197155 0.2138791646 0.2049222897 0.2141000678 0.2375483491 0.2185264617 0.2491385770 0.2644077071 0.1963826231 0.2891448043 0.2606053986 0.2308480394 0.2554208108 0.2328471073 0.2091059147 0.2748884415 0.3108335624 0.4315185791 0.6349783737 0.7958753292 0.9162914202 0.9305771028 0.8810765898 0.6969812634 0.5770698222 0.4279034839 0.3112949702 0.2722102080 0.2841166805 0.2234727578 0.2097935856 0.2390429847 0.2427242888 0.2115607695 0.2427300606 0.2108063202 0.2415538467 0.2332842576 0.2793539558 0.2426492464 0.2421995909 0.2721867599 0.2239166364 0.2157186067 0.1817515844 0.1814068503 0.1958018453 0.2038628178 0.2366727982 0.3051597515 0.2312094385 0.2455223487 0.3174453483 0.4674163245 0.5754682870 0.7718528066 0.8533826199 0.9751521377 0.9253079921 0.7971302365 0.6434514704 0.5030346920 0.3480541945 0.2539002142 0.2596255392 0.2969586992 0.2728569754 0.2186389853 0.2245532588 0.2442625682 0.2337392546 0.2187913255 0.2248861167 0.2614147555 0.2468045748 0.2346538573 0.2050743332 0.2300011072 0.2477453255 0.2118769432 0.1708325582 0.2466522737 0.2490669494 0.2235778303 0.2640664692 0.2112041415 0.2483496947 0.3031797115 0.2486370600 0.4265830742 0.5264741556 0.6895822523 0.8271626641 0.9141930157 0.9472298972 0.8258403097
0.2156432126 0.2080624323 0.2507476724 0.3200212129 0.4361917539 0.5861855707 0.6690500600 0.8461510435 0.9295230835 0.9370035918 0.7102193995 0.6349165269 0.4634425514 0.3312154421 0.2929448664 0.2446116577 0.2267564752 0.2363956997 0.2072315807 0.2159585772 0.2294285773 0.2305023575 0.1881856901 0.1779265631 0.2148361258 0.1786438216 0.1847070740 0.2721997689 0.2486136188 0.1945849632 0.2332650362 0.2254957621 0.2548773864 0.2187533323 0.2018945394 0.2631297293 0.2235600321 0.2137211091 0.2657994776 0.2939787714 0.4461628087 0.5074320591 0.6896075203 0.8266951764 0.8987245003 0.9025203682 0.8335941278 0.6731929973 0.5154689626 0.4077516815 0.2939156176 0.2546626363 0.2711663992 0.2097306741 0.2835823216 0.2023653063 0.2175316901 0.2140711991 0.2043022842 0.2150726450 0.2276793227 0.2288449373 0.2292020122 0.2514271106 0.2016070771 0.2510300374 0.1999050154 0.2369860771 0.2008320971 0.2122141105 0.2295884153 0.2499481561 0.2693976211 0.2312086843 0.2172688675 0.2351556132 0.3991297161 0.5020462287 0.6606688532 0.7979298939 0.9179259782 0.9212664105 0.7928583625 0.6938276266 0.5550825731 0.4306755556 0.3312497248 0.2741884465 0.2636580873 0.2082879103 0.2258147292 0.2813888901 0.1977435618 0.2155657036 0.2455342428 0.2249179735 0.2322735421 0.2356742752 0.2321941080 0.2278625566 0.2507189360 0.2254880942 0.2221662236 0.2481456311 0.2437845773 0.1927922679 0.2572244480 0.2436986741 0.2785369046 0.2966571768 0.2125759502 0.2974893953 0.3359499961 0.4564643859 0.5953215039 0.8110092676 0.8897707392 0.9173346429 0.9059461526 0.7631535846 0.5671786546 0.4482305710 0.3542857247 0.2635683285 0.2224935829 0.2398519079 0.1957463817 0.2446418323 0.2368573102 0.2173350468 0.2157620861 0.2109062781 0.1937563732 0.1862120061 0.2360119839 0.1640979822 0.2514426257 0.2361323823 0.2187591066 0.2597878233 0.2654002124 0.2401520079 0.2343998103 0.2030481826 0.2537973792 0.2561343693 0.2954158395 0.2000198289 0.3208063086 0.3900861736 0.5853698021 0.7408701338 0.9070330432 0.9510982180 0.9634176664 0.8121538012 0.6491441325 0.4872290223 0.3398896294 0.2657316870 0.2607370677 0.2318870201 0.2491335901 0.2879292355 0.2816532123 0.2339974260 0.2547684312 0.2756938364 0.2326240640 0.2401817721 0.2678193281 0.2067566901 0.2158216907 0.2353539124 0.2452495249 0.2405383544 0.2399811359 0.2200319963 0.2513457242 0.2349789446 0.1859079813 0.2461071204 0.2206051694 0.2517259270 0.2731263575 0.4134199851 0.5556796553 0.6894738008 0.8644282842 0.9209226789 0.9889733697 0.8231666318
0.2269306737 0.1925908267 0.2251523265 0.2788000183 0.4228891403 0.5423942799 0.7074156566 0.8606999137 0.9122973309 0.8999011214 0.8018000621 0.6495530016 0.4279751915 0.3592141011 0.2310061918 0.2882023003 0.2411844301 0.2342542008 0.1942750438 0.2295375281 0.2117334160 0.1913378389 0.2413387493 0.2076327093 0.2097132154 0.2421741824 0.1978058817 0.2306430417 0.1920470677 0.1832165627 0.2060348950 0.2224361837 0.2011590771 0.2261454892 0.2577862171 0.2305372422 0.2037007600 0.2626757980 0.1949709753 0.2543709819 0.3669810631 0.5017592868 0.6620514430 0.8101194965 0.9136717429 0.9394020390 0.8099071027 0.6606771530 0.5493494721 0.3973862191 0.2981640818 0.2608432726 0.2125669799 0.2199946231 0.1911761479 0.1969390424 0.1897707533 0.1983695978 0.2243997770 0.1894468349 0.2082584035 0.2332115320 0.1960080261 0.2577616432 0.2105920073 0.2240012604 0.1917441139 0.2393781225 0.1903810438 0.2141190161 0.1838314423 0.2291777909 0.2127716463 0.2268285356 0.2554377266 0.2766343603 0.3675692988 0.4404398392 0.6419912177 0.7886271639 0.9139166063 0.9110048910 0.8494660255 0.7006797458 0.5159538944 0.4325189059 0.3091801144 0.2602935209 0.2051306881 0.1924546025 0.2109350781 0.2322548340 0.1998187365 0.1857032100 0.1936686653 0.1997162757 0.1903835220 0.2602574655 0.2637885692 0.1957354106 0.2525786634 0.2227245685 0.2172997652 0.2448721584 0.1884782376 0.1660838462 0.1980519409 0.2229928203 0.2706369785 0.2372735130 0.2474709998 0.2551555714 0.3875321548 0.4431704198 0.5984820230 0.7768752206 0.8462465836 0.9590049541 0.9189285536 0.7847990959 0.6023904783 0.4899854831 0.3828254075 0.2786527498 0.2995143199 0.2069430749 0.1934388388 0.2048196410 0.2494638509 0.2379658485 0.2231827965 0.2228695500 0.2215894846 0.2271540884 0.2431544638 0.2335355831 0.2106889387 0.2732636522 0.2165370882 0.1896315079 0.2431129781 0.2262735909 0.2258704807 0.2132931260 0.2378042544 0.2950112274 0.3007856582 0.2642002152 0.2633357573 0.4067464183 0.5189896809 0.7304443783 0.8490730943 0.9345163256 0.9506737094 0.7806202494 0.6643542001 0.5198340165 0.3915566095 0.2830408671 0.2720334116 0.2651955628 0.2504694454 0.2282122328 0.2410456632 0.1707576324 0.2542618905 0.2130615166 0.2106785821 0.2138078923 0.2243799863 0.1784052498 0.2296312594 0.2509734529 0.2042389679 0.2558433570 0.2488560260 0.2439379629 0.2277899773 0.2337112160 0.2005167656 0.2457893031 0.2512987751 0.2911005997 0.2614101429 0.3579267990 0.5819934287 0.6617405220 0.8585324375 0.9234449824 0.9118942730 0.8269840786
0.2401938433 0.2176738764 0.2096215322 0.2811813988 0.4198136907 0.5713584267 0.7006660729 0.8592268864 0.9655219249 0.9250813493 0.7426134221 0.6303347581 0.4467265266 0.3885233135 0.2533847372 0.2331366919 0.1973055798 0.1900644950 0.2182813640 0.1830032468 0.2208278085 0.1866434067 0.1842920620 0.1885910638 0.1878058497 0.2138659041 0.1835009569 0.2138844276 0.2071656601 0.2548094813 0.2058171825 0.2143759654 0.1437828993 0.2276952464 0.1980234214 0.1867737403 0.2351767741 0.1740887530 0.2064590930 0.3029127942 0.4150272555 0.5071010929 0.6648367980 0.7959831484 0.9188105285 0.9625127014 0.7723364585 0.6813229235 0.5628403983 0.4158245334 0.3297733572 0.2647888853 0.2969189065 0.1599275051 0.2427236076 0.2088161686 0.2101379281 0.2015766111 0.2186510722 0.2262566743 0.2339397108 0.2061931093 0.2070897447 0.2116366667 0.1220535146 0.1084522971 0.2456620262 0.1590050167 0.2014838114 0.1755654906 0.2597299226 0.2093670986 0.2298913911 0.1658022110 0.2901350092 0.3197734907 0.3540691104 0.4668608608 0.6202284445 0.7875013674 0.9263847799 0.9214266109 0.8998728764 0.7704327436 0.5593638451 0.4170560951 0.2908351658 0.2609990893 0.2010324658 0.2123449082 0.2748327775 0.1722497748 0.1841023595 0.2168464590 0.2367065507 0.1903595667 0.1828511697 0.2567507132 0.2412176747 0.1915663094 0.1756858142 0.2116021672 0.2273670971 0.1923042221 0.2081327048 0.2257049042 0.1856388094 0.1808851892 0.1628736099 0.1847121696 0.2216611533 0.2438527284 0.3054928271 0.4716762000 0.6262381073 0.7117152763 0.9031603457 0.9452995717 0.9249086958 0.7654174888 0.6104371837 0.5128254979 0.3419194543 0.2935154070 0.2872426460 0.1953676735 0.1738227381 0.2286004791 0.1966159934 0.2072984442 0.2076810718 0.1932275579 0.2217375532 0.1970812230 0.2489101788 0.2048979992 0.2088648998 0.2446578633 0.2391285679 0.2499043994 0.2243119537 0.2236758644 0.2225423684 0.2127159208 0.2144791926 0.2546233905 0.2409566094 0.2380196652 0.2644358688 0.3586777035 0.6009335661 0.6722059138 0.7983370508 0.9497555044 0.9059645310 0.8284524746 0.6720729266 0.5523634274 0.3687282314 0.3141443968 0.2842412788 0.2794872228 0.2521615099 0.2361636107 0.2130293567 0.2476069725 0.2023389517 0.2483133965 0.2616444796 0.2279153714 0.2098922251 0.2525626874 0.2420948724 0.1940616023 0.2742482896 0.1762497936 0.2274296011 0.1937270662 0.2365468691 0.2523575543 0.2341916564 0.2526861140 0.2307217026 0.2025809061 0.3222762929 0.3198828986 0.5180545032 0.6919759258 0.8205174139 0.8956727647 0.9428928247 0.9028579513
0.2151359484 0.1670221092 0.2424973957 0.3298774022 0.3658460497 0.5186995828 0.6809018104 0.7937871981 0.9333514613 0.9000788211 0.7715993927 0.6837409168 0.5057330428 0.3733272074 0.3266209966 0.1984041954 0.2230215894 0.2125119919 0.1741792069 0.2179133515 0.2059358415 0.1932189209 0.2114190488 0.1670276881 0.2012799131 0.1840614055 0.1813615695 0.2049416000 0.1698426629 0.2362051539 0.2018614692 0.2142965369 0.2226129061 0.2189498358 0.2343106287 0.2168286956 0.2245415528 0.2137551024 0.2570798103 0.2714928407 0.3429149811 0.4564558894 0.6139574240 0.8061784628 0.9348241288 0.9044765048 0.8363133261 0.6778394142 0.5257434796 0.4128960075 0.3218591356 0.2534182860 0.1537871167 0.2310599831 0.2043844759 0.1744224523 0.1793066749 0.1972108913 0.2027120418 0.2307321622 0.1813778082 0.2251500121 0.2071718992 0.1863199817 0.1866397772 0.2006237603 0.1841902490 0.1435186728 0.2786798041 0.2271364137 0.2258391663 0.2749934002 0.2082984401 0.2211656690 0.2302281178 0.2903238504 0.3562870068 0.4522075724 0.6122762618 0.8057879066 0.9058279756 0.9273900639 0.8999992490 0.7897871233 0.5793286426 0.3883646844 0.2801520904 0.2861234309 0.2456635933 0.2057781000 0.1819746349 0.2026726273 0.2152061802 0.2030317500 0.2429197557 0.2332745781 0.1994358789 0.2041584984 0.2348648446 0.2052511527 0.2409148882 0.1992380102 0.1971818908 0.2138237542 0.2561708315 0.2431663045 0.2034314340 0.2448022749 0.2025855109 0.2464570255 0.1936712606 0.2414485158 0.3200243368 0.4395882405 0.5498714530 0.7240758580 0.8797197392 0.8702701437 0.9360541099 0.8346752492 0.6375270868 0.4377145544 0.3647340484 0.2656395878 0.2575720842 0.2287759090 0.1885772624 0.1814151245 0.1823732645 0.1751768147 0.2276637542 0.2407765866 0.1814012244 0.2680148761 0.1994183492 0.1854383972 0.2072985647 0.2736166612 0.1840088422 0.1481177734 0.1968985091 0.1641277239 0.1450932502 0.1660280308 0.2272676613 0.2285718342 0.2777490573 0.2358818811 0.2693802058 0.3572677822 0.5389290978 0.7182193374 0.8426061155 0.9059912023 0.9637208496 0.8619395073 0.6218918836 0.5202295106 0.3763030542 0.3509486212 0.2580140454 0.2524853141 0.2157802412 0.2012861474 0.2252262207 0.1866650218 0.2635872034 0.1979019332 0.2321655632 0.2057442594 0.2230713240 0.2217642708 0.2070959175 0.2362038205 0.2076318861 0.2386790500 0.2308795169 0.1941821082 0.2596109826 0.2182008154 0.2801944361 0.2471702028 0.2230093215 0.2402464346 0.2459280187 0.3689830191 0.4679433185 0.6402042814 0.7726248916 0.8553904561 1.0000000000 0.8566349945
0.2401864043 0.1921876799 0.2298722125 0.3077456737 0.3733040026 0.4824403375 0.6900255246 0.7870961901 0.9018844648 0.9501988467 0.8038795708 0.6616244601 0.4983085788 0.3382829635 0.2679911606 0.2584302383 0.1617198551 0.2126852414 0.1549042258 0.1906305224 0.1713130371 0.1663178932 0.2435753289 0.1731917110 0.1541748892 0.2201634970 0.2041366897 0.2055586428 0.1556044845 0.1577119883 0.2301426102 0.1529233890 0.1978536204 0.1994189561 0.2248483844 0.2380176308 0.2296920909 0.2116680047 0.2193016816 0.2477716053 0.3472891849 0.4597754191 0.6377032272 0.8142525434 0.8780246994 0.9322892259 0.8774292426 0.6974023669 0.5346606745 0.3718869595 0.2671024259 0.2274978011 0.2139956679 0.2216142517 0.2053876688 0.1822234540 0.1998930881 0.2025731161 0.1887809362 0.1912463773 0.2002221286 0.1998213860 0.1381963325 0.2274444060 0.1863755888 0.1826263345 0.2370337928 0.1889811004 0.2368443496 0.1754117979 0.2014832655 0.2115150576 0.1957547374 0.1838860438 0.2281910452 0.2453682027 0.3536634275 0.4166864594 0.6890513269 0.6939923081 0.8998857921 0.9424325255 0.8412020805 0.7502036458 0.5704468473 0.4531603456 0.3661785858 0.2490495103 0.1899261854 0.2409366116 0.1852250897 0.2035282819 0.1874934180 0.1841298738 0.1783685124 0.2305576112 0.2903645349 0.2057979298 0.2401469482 0.2266061766 0.2057025300 0.2260666746 0.2355574307 0.1853186180 0.1992810137 0.2149822218 0.2215053252 0.1781337411 0.2325264243 0.2074052736 0.2605213649 0.2520746723 0.2975677035 0.4094325877 0.5427469944 0.6874982197 0.8612259889 0.9579133619 0.9075801606 0.7893578827 0.6634037781 0.5404257445 0.3547237149 0.2499529470 0.2750438329 0.2025793550 0.1866663700 0.2391766759 0.2303206389 0.2043192018 0.1993486777 0.1867668266 0.1998205978 0.1635566036 0.2293281792 0.1905045625 0.2064014645 0.1786325370 0.2200436493 0.2167280223 0.2271425300 0.1569579054 0.1744329271 0.2166458582 0.2401821988 0.2046139937 0.1878336123 0.2150773999 0.2612017449 0.3727251593 0.5250902707 0.6242944546 0.8274452642 0.8734192420 0.9051052964 0.8496022864 0.6775610411 0.5234501891 0.3531212347 0.2886918626 0.2028106248 0.2677697633 0.2271079811 0.2137803141 0.2436929235 0.2126602207 0.2092894993 0.2176765466 0.2153850740 0.2362216757 0.2389545346 0.1625787379 0.2024074805 0.2171605202 0.2165083123 0.2399496625 0.2341697479 0.1833773892 0.2153373752 0.2156852825 0.1927661030 0.2065116756 0.1905691626 0.2115844893 0.2252149125 0.3917065429 0.4504391450 0.5670811830 0.7823206192 0.8776519922 0.9662288713 0.8995474277
0.1958235723 0.2649941934 0.2211264472 0.2491231687 0.2946909810 0.4681184084 0.6418630666 0.7110572188 0.8714933260 0.8672406494 0.8030713863 0.6136333816 0.4856169324 0.3570416354 0.2481921278 0.1702096163 0.1989683609 0.1708799329 0.2530672567 0.2102071366 0.1906954942 0.2478138425 0.1597241170 0.1669634039 0.1659606402 0.2162091706 0.1866479271 0.1685699270 0.1883318262 0.1652308744 0.1776944253 0.1927850586 0.2037158192 0.1815534140 0.1560870700 0.1629407735 0.1692022057 0.1821819774 0.1947022641 0.2365096071 0.3131022340 0.4381068911 0.5710950377 0.7421289864 0.8893252049 0.9044119419 0.9156592118 0.6845847898 0.5203198674 0.4195592349 0.2919520423 0.1783977587 0.2121220361 0.1873227243 0.2533661645 0.2488371344 0.2159976925 0.2116142748 0.2019358399 0.1205943757 0.2225353880 0.1520993075 0.1973175808 0.1992227630 0.2129518446 0.1986698459 0.1633259553 0.1898553408 0.1909754966 0.1721179719 0.1567231779 0.2006359883 0.2419170449 0.1423563340 0.2391220817 0.2635382445 0.3159213259 0.3959529507 0.5131583352 0.7191239512 0.8882442775 0.8813419056 0.8732531812 0.7285221180 0.5941072413 0.4472306647 0.3611569325 0.2762028842 0.1818362529 0.1791887906 0.1872451086 0.1869887212 0.1699632294 0.1527247094 0.1726484355 0.2061067810 0.1806531331 0.1501922496 0.1967308492 0.2237974451 0.1634164420 0.2015576031 0.2553277235 0.1553828530 0.1937080161 0.1795416670 0.1622629913 0.1677937659 0.2004707522 0.2358640790 0.2177204206 0.2222574639 0.3158259175 0.3769433064 0.5118642399 0.6459627460 0.8206208829 0.9127536643 0.8599024010 0.8151038218 0.6673460886 0.5497237803 0.3856022399 0.2988170872 0.2410292528 0.1816676981 0.1898681184 0.2256810850 0.1804807592 0.1807945091 0.2193113437 0.2422387519 0.2357974219 0.1261296971 0.1973292650 0.1794006264 0.1958491142 0.1886837666 0.2419244972 0.2147428976 0.1994367618 0.2412003069 0.1351627412 0.2193717043 0.1824996162 0.2032665739 0.2490379394 0.2637337463 0.3139163026 0.3502562158 0.4848483326 0.6300021899 0.8233824652 0.8858064614 0.9632087213 0.8524497894 0.6767381890 0.5253454149 0.4016567418 0.2746673993 0.1813303840 0.1986099179 0.2407619354 0.2172609719 0.2650745888 0.1719925292 0.2000626810 0.1979997988 0.1834594554 0.1958786359 0.2106608472 0.2861121432 0.1653293857 0.2116904966 0.1881655999 0.2380571219 0.2027057141 0.2206365606 0.1600019974 0.2387319204 0.2406144087 0.2157423959 0.2165266812 0.2161113212 0.2915737138 0.3800949758 0.4699717769 0.5975176668 0.7324760320 0.9061168272 0.9494837997 0.9010202452
0.1649236844 0.2075373741 0.2033263281 0.2549919391 0.2933615691 0.4791115980 0.6130640170 0.7334446730 0.8682602755 0.8974167587 0.7884871430 0.6102211740 0.5025290033 0.3863274092 0.2949144048 0.2215563437 0.1672147998 0.1864511610 0.2250345308 0.1808650720 0.1697346657 0.1700845058 0.2087143939 0.1775141055 0.2451529497 0.1878988631 0.1812550462 0.1803806224 0.1762433778 0.1885388538 0.1865343972 0.1878243768 0.1900703811 0.2183277868 0.2032645959 0.1787293672 0.2509985446 0.2378758319 0.1758423311 0.2581320886 0.3236002963 0.4257631516 0.5515072073 0.8226474036 0.8303113828 0.9159845896 0.8686212020 0.7251727272 0.5279920577 0.4048531683 0.2716855301 0.2420425038 0.2451216151 0.1854553844 0.2301957409 0.1598409523 0.1608930457 0.1739200293 0.2190883939 0.2134590691 0.1670575655 0.2474972277 0.1970695400 0.1163945283 0.1587272095 0.2201857105 0.1812547319 0.1959489402 0.1974380887 0.1705492775 0.1806246661 0.2204501663 0.1588784633 0.2010683252 0.2185819401 0.2350273517 0.3135908780 0.3719998651 0.5301486016 0.6573852434 0.8294353362 0.8772056632 0.9031732091 0.7931680645 0.5595179825 0.4907222803 0.3496285389 0.2549085977 0.2422943624 0.1978081799 0.2198192778 0.2301275563 0.1991233470 0.1848244270 0.1781666967 0.2115165493 0.1610641217 0.1981609510 0.2079543792 0.1792149254 0.2011868612 0.2061999274 0.2116251925 0.2124718546 0.1599151727 0.2441158045 0.2052076860 0.2244844207 0.1777858596 0.1924551041 0.2010213558 0.2869290007 0.3155421575 0.3764733868 0.4622993268 0.6547970226 0.7913511613 0.9483315276 0.9033902179 0.7923184691 0.7003737885 0.4665281022 0.3494004357 0.3002727400 0.2117137192 0.1825804878 0.2191016816 0.2438274651 0.2219356987 0.2407873759 0.1999140958 0.1625239773 0.1808047094 0.1846727027 0.2179954608 0.2473910848 0.2188955975 0.1897140923 0.2393042953 0.1964398787 0.2638812438 0.1592275964 0.2085088755 0.1661959091 0.1992802515 0.1887785471 0.2240857420 0.2353208182 0.2443752167 0.3275581398 0.4951420349 0.6228187561 0.7456639028 0.8444762482 0.9239256779 0.7970027381 0.7232350770 0.5399856356 0.4038725422 0.3292877759 0.2387001258 0.2308544176 0.2103260720 0.2262076062 0.2573733768 0.2355582014 0.2661903938 0.2034517694 0.2176628532 0.1979183037 0.2085722374 0.2504485421 0.2344417380 0.2136924267 0.2051281665 0.1940610869 0.1971514518 0.1882468958 0.1943315052 0.1787114200 0.1849150082 0.2031089541 0.2553274673 0.2513260761 0.2959177707 0.2730473301 0.4425281839 0.5683440442 0.7133908745 0.8596307423 0.9458101917 0.8780752189
0.2205329946 0.2142890311 0.1377870427 0.2521031235 0.3351735536 0.4454850696 0.6238512978 0.8295808962 0.8560569448 0.9656676361 0.8627291790 0.6995148334 0.5170073878 0.3948255227 0.2584330636 0.2200052338 0.2498834404 0.1204528654 0.1667636797 0.2049116805 0.1734302314 0.1768924860 0.2340178975 0.2121852034 0.1602704657 0.1645214817 0.2179327763 0.2202545209 0.1792607046 0.2227538719 0.2262832717 0.2121861357 0.1657026278 0.1965819241 0.1677646094 0.1927318752 0.1702429185 0.1746496076 0.1790959357 0.2055351247 0.2972832563 0.4028252128 0.5749980159 0.7460435995 0.8564959484 0.9145268183 0.8109091013 0.7205283175 0.5634670216 0.4244469177 0.3338809028 0.2306713342 0.2208392627 0.1912614895 0.1438882481 0.1765095380 0.1876870703 0.2458689840 0.2011969154 0.1550184927 0.1681365761 0.1896720697 0.1896470876 0.2082404633 0.2167524724 0.1430039646 0.1967179625 0.1936254347 0.1966828746 0.2331745946 0.1976695076 0.1955632943 0.2076567259 0.1924825528 0.1283716580 0.2026181500 0.2469675435 0.3762512976 0.5775409780 0.6423191599 0.8658538571 0.8914920047 0.8599030022 0.7719112371 0.6135111986 0.5030215246 0.3460094307 0.2805855969 0.2323702199 0.2101152605 0.1704199305 0.2450463447 0.2081980767 0.2156390065 0.2080244012 0.1853865078 0.1857474868 0.1890190868 0.1955090349 0.1698793885 0.1975844293 0.2318597665 0.2089919578 0.2137864356 0.1863201844 0.1761821267 0.1928591509 0.2093220650 0.2168271762 0.2023098144 0.1851369989 0.2191152047 0.2642144333 0.3769402775 0.5349855907 0.6300281871 0.8153617480 0.9260042343 0.9283264189 0.8596743301 0.6623664518 0.5225673201 0.3742033946 0.3057281028 0.2299898024 0.2442995793 0.2074421978 0.2434438877 0.2340843156 0.1688465278 0.2304450489 0.1424930786 0.2273870534 0.2403430178 0.2008896239 0.2487343897 0.1659582172 0.2503891602 0.2162341957 0.2152649094 0.1792826602 0.1619427271 0.2401368111 0.2345074262 0.1953420841 0.2387786591 0.2573283069 0.1828623131 0.2409048425 0.3412601962 0.4266979922 0.5687844713 0.8010643990 0.9034633058 0.9215564096 0.8400211431 0.7280014153 0.5560875889 0.4573059532 0.3482798562 0.1814402804 0.2563212989 0.2220845485 0.2240383449 0.2017631989 0.2103440055 0.1871991796 0.1948427404 0.1877843040 0.2148671400 0.2018510765 0.2034654862 0.2411588063 0.2367787986 0.2289660670 0.2211463339 0.2194364768 0.1770936965 0.2216744507 0.2183429362 0.1824037813 0.1635111107 0.2426224748 0.2247999989 0.2187300414 0.3346378002 0.4302085002 0.5324870743 0.7371144153 0.8464874017 0.9161945046 0.9290902346
0.1955545998 0.1932767477 0.1996708435 0.2379808417 0.3353939939 0.4304933284 0.6162549852 0.7401871739 0.8475723037 0.8838269985 0.7992977344 0.7404743902 0.5179576753 0.4171802809 0.2516787466 0.1967882809 0.1694943332 0.1431668350 0.2353777771 0.1981665848 0.1539019363 0.1973191807 0.1719830412 0.1259576477 0.2042240503 0.1848664712 0.1484364593 0.1671013496 0.1580630008 0.1655851704 0.1534014406 0.1859131040 0.1908579440 0.2181678138 0.2282803489 0.1345242704 0.1680345413 0.2534013505 0.2035262911 0.2191801291 0.2345076197 0.4036269256 0.5996701293 0.7533922974 0.8514140722 0.9391066690 0.8709985547 0.7014689640 0.5844395614 0.4241055277 0.2983940668 0.2500256682 0.2202001517 0.2189422761 0.1757204437 0.2370457742 0.1983666353 0.1866666707 0.1890472230 0.1875721594 0.2456582582 0.2122867730 0.1909706952 0.1968872835 0.2264219601 0.1763989437 0.1882730669 0.1694998896 0.1759322225 0.2148423529 0.2222852828 0.2124740958 0.2029758354 0.2195750746 0.2214797722 0.2354837020 0.2558824585 0.3982092884 0.4898720294 0.6775635796 0.8491704835 0.8433264818 0.8726666987 0.7487956763 0.6802165913 0.4649189006 0.3543542676 0.2426955416 0.2222978218 0.1752225448 0.2372498065 0.2172725677 0.1963589881 0.1900246069 0.1423714475 0.1857285731 0.1782292267 0.2582772145 0.1853521362 0.1882339633 0.1662532846 0.1851051335 0.2006143716 0.2617813651 0.2371896446 0.2121481122 0.1864382194 0.1514352662 0.2179369065 0.2180739588 0.1760941597 0.2552682501 0.2902229943 0.3337051502 0.4980556397 0.6511979196 0.8314094617 0.8945647607 0.9544052879 0.8109240756 0.7052264682 0.5120722730 0.3913376013 0.2969761249 0.2893251795 0.2404655167 0.2552981457 0.2120267240 0.1971514533 0.2069431721 0.1751297431 0.2175074708 0.1743333190 0.2364143107 0.1874142253 0.1370870742 0.1838174365 0.2140407189 0.2311300487 0.2019891418 0.1854245227 0.1605971884 0.1811455588 0.1892522665 0.2237523981 0.2138053643 0.2131438999 0.2416021746 0.2483379912 0.3241750183 0.4269164737 0.6125344413 0.7912771344 0.9098788277 0.8864148733 0.8455274021 0.7147664302 0.5896873024 0.4157126889 0.2779930591 0.2247973629 0.2342001291 0.1733810764 0.2438112670 0.2257544729 0.2369886026 0.1778715951 0.2289096625 0.2378467129 0.2186197335 0.2340418451 0.1856331555 0.1985454698 0.1816526444 0.1920748925 0.1844533199 0.1422799594 0.1581239329 0.1787875472 0.1887887251 0.1806013212 0.2002251361 0.1585186419 0.2323593130 0.2472194218 0.3337010138 0.4177953591 0.5424809960 0.7198256270 0.8507990228 0.9404311834 0.9048824015
0.1456702116 0.2081210476 0.1748480599 0.2205860032 0.2931629284 0.4074521143 0.6320811443 0.7740386615 0.8845039582 0.9007140365 0.8778466973 0.7075928811 0.4894406488 0.3697948535 0.2643876452 0.2623392791 0.2245830718 0.1787436690 0.1883114014 0.1799269749 0.2354348558 0.1969681828 0.1740013864 0.1988731759 0.1829002513 0.1463505520 0.1448766691 0.2341011479 0.1371478000 0.2073170429 0.1973367572 0.2275262146 0.2050072979 0.2291259485 0.1837206352 0.2174772166 0.1898462550 0.1976823709 0.2432634720 0.2087014820 0.3163679195 0.3885052404 0.5909670171 0.7203553769 0.8650803757 0.9308399657 0.8824513783 0.7891267406 0.6152887043 0.4181080693 0.3187710973 0.2940214399 0.2183653624 0.2049973008 0.2058532267 0.2074116803 0.1827271160 0.2283249509 0.1779151091 0.2000536795 0.2233081285 0.1662826957 0.2090192314 0.2069532400 0.2352987243 0.2134008392 0.2637791722 0.1895732666 0.1898126072 0.1917236434 0.2136596709 0.1901473887 0.1869213296 0.1859759824 0.2055419731 0.2690407350 0.2668788251 0.3839713641 0.5045822792 0.6199391854 0.7708090803 0.8930775376 0.9156842435 0.8490450165 0.5927773795 0.4578953827 0.2939372576 0.3426492943 0.2443524413 0.1560087370 0.2281605299 0.2447683958 0.1895863062 0.2030604138 0.1983441874 0.1707438584 0.2184389620 0.1754038208 0.1605023223 0.1941440535 0.1948868823 0.2096511226 0.1792678448 0.1529949059 0.2288101262 0.1797207838 0.2041350364 0.1973050822 0.2325953421 0.2133098487 0.2119430490 0.2182245795 0.2781464412 0.3846664209 0.4430504122 0.7021246262 0.7975698986 0.8997297467 0.9107042997 0.8420375402 0.6752196138 0.5723885715 0.4106417804 0.2899219990 0.2578793220 0.1953728052 0.1753756599 0.2035903466 0.1574813813 0.2151471332 0.2220902410 0.1804040508 0.2256774057 0.1747060247 0.2104034198 0.2002394046 0.2231602953 0.2106698081 0.2105041673 0.1889916983 0.2435272345 0.2161628464 0.2396019662 0.2100763511 0.2590314824 0.2586020586 0.1957059140 0.2576865564 0.2597843628 0.3588156167 0.4350097842 0.6016431027 0.7677253386 0.8317134393 0.9641114487 0.8860196294 0.7386712504 0.6232195336 0.3974278286 0.3404680618 0.2523792138 0.2086168698 0.1878465946 0.2088712224 0.2031188979 0.2007780777 0.2071720785 0.1971811446 0.2171484096 0.2299089207 0.1926816910 0.2364702155 0.2095365478 0.2036522759 0.2276405839 0.1901203785 0.1714359792 0.1887110928 0.2467611801 0.2132699137 0.1769390568 0.2545716866 0.2570178696 0.2027383465 0.3243002886 0.2722105349 0.4662506971 0.5054601177 0.7279669636 0.8601852677 0.8966536031 0.9325094205
0.1767993860 0.2424377640 0.2470101502 0.2731970016 0.3191776746 0.4928505024 0.5682648155 0.7623815077 0.8669323861 0.8927118963 0.9045039212 0.7444765384 0.5461960864 0.4151088589 0.3120304809 0.2495221387 0.1995899125 0.1689384827 0.1838792958 0.1751122934 0.2150662346 0.1941323842 0.2014601894 0.1933304939 0.2266801695 0.1272828335 0.1940686823 0.1678764592 0.1927408738 0.1966482580 0.2421391051 0.1963788608 0.1880288105 0.2108250131 0.1874975591 0.1689493799 0.1776694883 0.2421660701 0.2626191498 0.2343057284 0.2694649035 0.4128435347 0.5730353445 0.6731094482 0.8481928111 0.9372326775 0.9143385365 0.8006164380 0.5824502929 0.5195395590 0.3124269188 0.2822738316 0.2096359369 0.1990457509 0.1639270676 0.1587912891 0.2098411126 0.1890626719 0.2341882405 0.2005028285 0.2252703185 0.1719839474 0.2224287989 0.1474744619 0.1879659418 0.2419409935 0.1701908065 0.2062065791 0.2313463722 0.1646039461 0.1777893315 0.2263956744 0.2076602672 0.2268605667 0.2422023669 0.2454313834 0.2807071360 0.3677369110 0.5090347418 0.6594812375 0.7749373354 0.8592387380 0.9131512162 0.8115817246 0.6617260173 0.5716224318 0.4217067604 0.2928207885 0.2498285008 0.2223994992 0.2921462534 0.1978017791 0.2182826869 0.2168449219 0.1809357452 0.1955214328 0.2408837110 0.2469459716 0.2225037946 0.1999762325 0.2202647675 0.2013138508 0.2161923896 0.2311186661 0.1801671623 0.1862382165 0.2214653372 0.1560833739 0.1945697759 0.1986944955 0.1944642790 0.2319214989 0.2628107052 0.3222051199 0.4382935363 0.6399576565 0.8149254531 0.9238457117 0.8984203108 0.8632687847 0.7561543518 0.5483196201 0.3686790092 0.3040379304 0.2649366967 0.2317948341 0.1774696152 0.1996066107 0.2107730786 0.2246720336 0.2218358543 0.1991802062 0.2056234676 0.1749978753 0.1761425509 0.2461230365 0.2369878312 0.2482462103 0.2168787700 0.1982396796 0.2289098277 0.2138272517 0.1789272737 0.2399009306 0.1968719920 0.2069629390 0.2285610533 0.2435536729 0.3016860034 0.2919989860 0.4414681440 0.5970218681 0.7615778968 0.8582535684 0.9328895179 0.8985601450 0.7676147649 0.6136279374 0.4495175423 0.3515877291 0.2796722927 0.2213767598 0.2352280471 0.1527600222 0.2793144937 0.2400725028 0.2173536286 0.2203517020 0.1716855660 0.1907191988 0.2296740438 0.2130738353 0.1776292917 0.2432752425 0.1911606409 0.1727898624 0.2034638686 0.2070952219 0.2229291361 0.1557691803 0.2601935212 0.1928503119 0.2433364039 0.1856688045 0.2492499920 0.3153336019 0.4093392172 0.5784174090 0.6859649547 0.7985988457 0.9749905559 0.9266784354
0.2130341135 0.2306617251 0.2399573942 0.2453899711 0.3346597428 0.4836282148 0.5982771314 0.7200533195 0.8493767256 0.9223969419 0.9129972307 0.7207796908 0.5815209193 0.4659360518 0.3653785696 0.1906985402 0.2305625379 0.2061305589 0.1838525280 0.1623276432 0.2418835376 0.1950492585 0.2212438172 0.2111803936 0.1977070544 0.1637148871 0.1672044224 0.2413900341 0.1701704478 0.1818175569 0.2470575586 0.2214501344 0.1730735898 0.1387536462 0.2265636628 0.1746626989 0.2297593656 0.2368389347 0.1695883386 0.2030352194 0.3151603622 0.3424690212 0.5707744752 0.6898909904 0.8323655017 0.9442483715 0.9091387752 0.8177504681 0.6440459221 0.4983126709 0.3703294484 0.2910878052 0.2979622311 0.1989974701 0.2168978845 0.2101183258 0.1370590076 0.2327479727 0.1367315975 0.1965684861 0.2194692166 0.2079112015 0.2223469883 0.1931580179 0.1756223789 0.1921159756 0.2322358781 0.1781154871 0.1990862294 0.1990520925 0.2033885268 0.2014859949 0.2180986919 0.1928049047 0.2943513287 0.2187232109 0.3012308526 0.3512167578 0.5626141434 0.6259570827 0.8381810574 0.9045218197 0.9169185867 0.8533845436 0.6650211887 0.5377714776 0.3995559385 0.3509358352 0.2487903878 0.2379287467 0.2308818905 0.1972435676 0.2292216255 0.2191740446 0.2243964773 0.2671285855 0.1944680086 0.2573150158 0.2134745439 0.2066333734 0.1756351740 0.2299343326 0.1876817839 0.1727327364 0.2018694864 0.1641727824 0.1821372646 0.2365468145 0.1687420177 0.2176782210 0.2128460031 0.2687088480 0.3033358804 0.3356790264 0.4289805651 0.6539467435 0.7873734232 0.9242617408 0.9358756332 0.8850824349 0.7487873237 0.5698152513 0.4266417775 0.3216160718 0.2653751975 0.2517455062 0.2536481874 0.2041014733 0.1949980325 0.2410520450 0.2635643097 0.1711738402 0.2096502090 0.2696044204 0.2134826315 0.2102599091 0.2453949046 0.2418048139 0.2161008502 0.2537744167 0.1845790617 0.1963378037 0.1702780099 0.2238003296 0.2030674180 0.2103875307 0.2426854859 0.2739403447 0.2183969179 0.3441978881 0.4795952794 0.5649078952 0.7101456061 0.8676493840 0.9443262022 0.9298494086 0.8078618563 0.6128716222 0.4781178719 0.3441501548 0.2687855195 0.2015576309 0.1963998043 0.2136456884 0.2369220279 0.2031643479 0.2952140532 0.2108886110 0.1812002916 0.2083090077 0.1842015426 0.2120021061 0.2119601195 0.1974545525 0.2580011105 0.2611519786 0.2488181860 0.2711799974 0.2202477917 0.2673029515 0.2284861096 0.1803699492 0.2285782711 0.2402105063 0.3118489661 0.3140240020 0.3914654336 0.4970161227 0.6734704081 0.8737171261 0.9771184812 0.9061628827
0.1964190968 0.1819188506 0.2715457621 0.2722819897 0.2942404837 0.3781029012 0.6111728149 0.7622811434 0.8893674659 0.9860773456 0.9122650990 0.7860159914 0.6400655267 0.4531011538 0.3496432076 0.2498840323 0.2566439157 0.1981498271 0.2593221129 0.1763226770 0.2291619988 0.2076206146 0.2085638871 0.1835743581 0.1814080802 0.2362283373 0.2240718806 0.2077814469 0.2175183500 0.2328721033 0.2502568208 0.2455822282 0.2236125323 0.2337144801 0.1980829639 0.2058888443 0.2203482663 0.1826190302 0.2599497001 0.2861619664 0.2878311549 0.3979942166 0.5806918898 0.7271971751 0.8204865202 0.9447297122 0.9140192284 0.8238873148 0.6372877485 0.5675353818 0.3462595946 0.2831718840 0.2213359052 0.2591386712 0.2503453114 0.1691348204 0.2239008500 0.2511904859 0.2147318997 0.2208970843 0.2225276753 0.2075069369 0.1780743051 0.2324556006 0.1990909601 0.2454638389 0.2266900273 0.2500631283 0.2527957235 0.2924236501 0.2432456962 0.2108075110 0.1916344983 0.2483582496 0.2446414832 0.2601445077 0.2384415582 0.3697293258 0.4969149367 0.6745330551 0.8630137389 0.9198939659 0.8830977455 0.8734367270 0.7335687200 0.5298478289 0.4041450978 0.3181035089 0.2751551411 0.2105783324 0.2207463533 0.2067496819 0.2273535630 0.2138603607 0.2520718549 0.2424195751 0.2128255832 0.2382642167 0.2330399744 0.2240075877 0.2296237101 0.2421988063 0.2211132269 0.1888768189 0.2293571285 0.2157920167 0.1485200605 0.2523430734 0.1839071310 0.2724508205 0.2694506010 0.2968964849 0.2774411836 0.3322244723 0.4270480196 0.5936912908 0.7838463397 0.9189830584 0.9098304751 0.8650953952 0.7891081555 0.5971274559 0.4638516691 0.3251156808 0.3087313649 0.2453312637 0.2772256507 0.2284057602 0.2576620630 0.2422029356 0.1926101073 0.2048255508 0.2201291284 0.2451713207 0.2324101759 0.2189018331 0.2877550411 0.2404288394 0.2253011766 0.2405986521 0.2223174436 0.2094480545 0.2146871359 0.2536123931 0.1811821264 0.2543884975 0.2555106047 0.2484125849 0.2913281699 0.3083467426 0.4064238205 0.5700348208 0.7075218080 0.8855711333 0.9475757170 0.9223130042 0.8059849102 0.6000951285 0.4735529734 0.3857393773 0.2928980835 0.2313680059 0.2424344952 0.1804294813 0.2415545238 0.2024067234 0.2257979995 0.2879573484 0.2066904624 0.2199880912 0.2232437773 0.2136180344 0.1931722001 0.2481380071 0.2516678429 0.2292020191 0.2032136177 0.1805974448 0.2077076369 0.2131910970 0.2488721392 0.2352353505 0.1937916033 0.2376369854 0.2426163446 0.3462129335 0.4224187748 0.4980611171 0.6942943870 0.8398563836 1.0000000000 0.9808126221
0.1803601936 0.2007968309 0.2338517509 0.2362190925 0.2385552333 0.3846809637 0.5478352543 0.7195873676 0.8826723177 0.9540127688 0.8958436779 0.7894425854 0.6720626227 0.4511524707 0.3135488824 0.3054588939 0.2188684385 0.2206513642 0.2206506612 0.2241438132 0.2136041791 0.1817601426 0.2452397739 0.2172219781 0.2099427573 0.2238157087 0.2167805522 0.1973397582 0.1869382458 0.2382689124 0.1992201960 0.2328048659 0.2133381154 0.2218209873 0.2374645808 0.2343582371 0.2473575381 0.2740439939 0.2288620102 0.2850932629 0.3197448383 0.4079571658 0.5269420053 0.7072322546 0.8857145617 0.8628267293 0.8856850918 0.8458411859 0.6902903159 0.5082651247 0.4139513554 0.3143143392 0.2769684755 0.2180601693 0.2590542521 0.2469576510 0.2614455178 0.2292993448 0.2273309634 0.2084749970 0.2988136636 0.2007248648 0.2452990597 0.2485844260 0.2487918264 0.2247548951 0.2214926247 0.2322727112 0.2901995616 0.2645793213 0.1940292733 0.2159003183 0.2183967678 0.2635443688 0.2215213309 0.2632885101 0.2775545592 0.3635433602 0.4716215111 0.6199934118 0.7928050179 0.9169835766 0.9291755297 0.9084443102 0.7250931296 0.5635269139 0.4494111551 0.3450991738 0.2790237089 0.1802459017 0.2324870284 0.2235551963 0.2110071266 0.2183103664 0.2605154393 0.1897685422 0.2065864182 0.2367569906 0.2098463381 0.2318179443 0.2545197112 0.2133117437 0.2284218026 0.2439147659 0.2108300913 0.1841650126 0.1848714446 0.2292997970 0.2085352703 0.2414176169 0.2387536081 0.2492717480 0.2648344461 0.3131052893 0.3837287521 0.5756149531 0.7719304490 0.9003670162 0.9778399640 0.9258447619 0.7918188269 0.5905304337 0.5239274201 0.3165572243 0.2995071592 0.2360396229 0.2532552475 0.2591175470 0.2420822353 0.2515320229 0.2201763178 0.1908036810 0.2309389441 0.2355670629 0.2635901023 0.2384284844 0.2177112025 0.2603638250 0.2104969871 0.2645206035 0.2599335232 0.2092201708 0.2210219171 0.2523691650 0.1798316113 0.2285024526 0.2263596012 0.2227386418 0.2570880011 0.3274796495 0.4278974307 0.5959539040 0.7139985093 0.8662525169 0.9366712279 0.9049635586 0.8184370939 0.6611320483 0.5624052611 0.3859876127 0.2979700032 0.2462476767 0.2499073119 0.2614542368 0.2464803988 0.2692615666 0.2302467587 0.2369749419 0.1881932872 0.2041366797 0.3025778575 0.2312883427 0.2525499849 0.2530079384 0.1983987682 0.2306529786 0.2170460856 0.2272360309 0.2308574358 0.2250901032 0.1946153912 0.2678189163 0.2358736984 0.2465576424 0.2447912665 0.3216350653 0.4004698331 0.5362936774 0.6576749748 0.8467993492 0.9638846135 0.9913381541
0.2303444613 0.2319151837 0.2515380008 0.2752734484 0.3518736965 0.4243590443 0.5676445882 0.7017567815 0.8408464549 0.9165364302 0.9164198129 0.7577112964 0.6440598137 0.5120919987 0.3790515719 0.3169794895 0.2856337551 0.2426481851 0.2068839345 0.2668734818 0.2289224318 0.1943422464 0.2559941855 0.2284691589 0.2527215001 0.2585249602 0.2928314294 0.2209821948 0.2144697811 0.1929413889 0.2377660519 0.2178076102 0.1992731693 0.2742180192 0.1624289083 0.2146235237 0.2561990247 0.2237092834 0.2354957501 0.3208533243 0.2654023741 0.3965007578 0.5568081830 0.6498255385 0.8190858379 0.9126542916 0.9286990458 0.8582465834 0.6676288155 0.5406262074 0.4118219708 0.3518852425 0.3064276736 0.2206341270 0.2571278383 0.2604635985 0.1996071784 0.2267654067 0.2347583515 0.2991862875 0.2303222580 0.2010786653 0.1979541566 0.2300239903 0.2563430418 0.2291195794 0.2449573841 0.2537092962 0.1972440575 0.2286135594 0.2657516894 0.2024408762 0.1558920298 0.2000220634 0.2385470720 0.2934775558 0.3414956495 0.3439916738 0.4502915538 0.5886482602 0.8088513008 0.8774965825 0.9308671223 0.8920976863 0.7138802357 0.6274835829 0.4850828635 0.3331916699 0.3562963282 0.2543740195 0.2486380696 0.2071629783 0.2349214034 0.2231735155 0.2236523462 0.2116627078 0.2291935140 0.2665360319 0.2375080068 0.2593163870 0.2893512462 0.2234203253 0.2369861519 0.2354728694 0.2679828738 0.2499508884 0.2509883719 0.2496171183 0.2293353148 0.2437002590 0.1912402902 0.2744453903 0.2842682588 0.3056111183 0.4988094734 0.5922872640 0.7704980616 0.9151701935 0.9757339133 0.9157001376 0.7596857578 0.6458413164 0.4605648599 0.3702371654 0.2635712905 0.2473850249 0.2623880595 0.2148119727 0.1666481690 0.2503410443 0.2336215600 0.2720265710 0.2647083205 0.2706580611 0.2708746702 0.1976640029 0.2357481233 0.2335208903 0.2468459062 0.2098225750 0.2309159738 0.2056064439 0.1795018282 0.2163372829 0.2715490382 0.1829488459 0.2046602652 0.2071022481 0.2706109648 0.3304576386 0.4591232688 0.5553229634 0.6938367248 0.8431817403 0.9471520960 0.8805667415 0.9197964027 0.6736630455 0.5341731164 0.4099214384 0.3422833166 0.2850002640 0.2623097916 0.1825998784 0.2197476869 0.2296165975 0.2607916575 0.2467250565 0.3015920317 0.2235221018 0.2444356453 0.2482941923 0.2779729981 0.2187913674 0.2935572633 0.2527166425 0.2412732436 0.2195768774 0.2113546208 0.1947968138 0.2258398801 0.2088440273 0.2610689041 0.2778290690 0.2905472507 0.2867497963 0.3909039208 0.4888019704 0.6528355294 0.7856257520 0.9166766167 0.9710557764
0.2911975850 0.1794454994 0.2231540495 0.2917808552 0.3284295551 0.3816037283 0.5588211609 0.6688755018 0.8616653876 0.9248618344 0.9273136725 0.8114583324 0.6453533820 0.5069284894 0.3654114133 0.3212768368 0.2784307612 0.2485036060 0.1994760349 0.2080407293 0.2043206771 0.2561968161 0.2733698652 0.2551900892 0.1902330838 0.1905899221 0.2354475782 0.2487649844 0.2322292111 0.2041012254 0.1991643733 0.1933150454 0.2208460382 0.2064911275 0.2473414390 0.2046476262 0.2168542608 0.2103635098 0.2173243504 0.2959067636 0.2739562552 0.4118677956 0.4832855115 0.6611473082 0.8053449888 0.9196129567 0.9019899247 0.8730168228 0.7077513108 0.5375591093 0.4410399499 0.3233516134 0.3226899481 0.2444228029 0.2548177430 0.2412815698 0.2175703298 0.2346285804 0.2002014966 0.2103502342 0.2034390945 0.2252544818 0.2255758770 0.2458628130 0.2207543478 0.2128375436 0.2105380245 0.2613173292 0.1937145712 0.2974272730 0.2288181275 0.2231568992 0.2627130913 0.2553033486 0.2556721362 0.2716409862 0.2283880237 0.3449342425 0.4953283823 0.6009554715 0.7944258855 0.8618592854 0.9735162078 0.8529292072 0.7843928852 0.6183201534 0.4592769872 0.3357958819 0.2676958245 0.2791765261 0.2438584743 0.2705512188 0.2396738581 0.2423242814 0.2462319389 0.2261375149 0.3021545585 0.2062023709 0.2389264342 0.2408273320 0.2420078148 0.2701242400 0.2705039469 0.2139423425 0.2723343013 0.2443143302 0.2158104965 0.2180159211 0.2293895829 0.2377917966 0.2408711389 0.2634593790 0.3060133346 0.2904956345 0.4725311090 0.6037430903 0.7324380469 0.9359976798 0.9343628644 0.8788926163 0.7569485949 0.6795065819 0.4980654549 0.4310717350 0.3279463626 0.2680835914 0.2226561562 0.2377750267 0.2552476143 0.1995441789 0.1850257733 0.2360568226 0.2218329188 0.2238157850 0.2214889862 0.2079657837 0.2439217392 0.2222486270 0.2235738120 0.2449392666 0.2445763745 0.2564734612 0.2292081369 0.2525335456 0.2272172343 0.2264934195 0.1980719844 0.2923598469 0.2817351320 0.3532429810 0.3838850416 0.5706015700 0.7253366727 0.8802565375 0.9449394726 0.9474213852 0.8658919663 0.7390647216 0.5114338606 0.4317553903 0.2881136821 0.2837261633 0.3067723730 0.2780110851 0.2417858228 0.2480304583 0.2527458351 0.2787319552 0.2369214052 0.2241230419 0.2361406081 0.2695884013 0.1681838405 0.2646680915 0.2673282320 0.2372177239 0.2648428265 0.2668756229 0.2178352145 0.2132871024 0.2240163365 0.2535208598 0.2648272892 0.2809738257 0.2890682530 0.3311574670 0.3961858057 0.4748892310 0.6794540178 0.8195350559 0.9495299616 0.9618259991
0.2341745936 0.1981326149 0.2483159713 0.3043200425 0.3128026750 0.3983181748 0.5180378158 0.6750102706 0.8234110023 0.8908070425 0.9280085879 0.8034836793 0.6509352861 0.5264040372 0.3693194478 0.2879859593 0.2661300439 0.2806194126 0.2281039360 0.2457067304 0.2639354804 0.2714125892 0.1986150380 0.2078497052 0.2149955856 0.2546710270 0.1738365908 0.2275526337 0.1868143573 0.2680987175 0.2213487549 0.2123539390 0.2109246776 0.2170181106 0.2139166949 0.2074214570 0.2458644709 0.2643329118 0.2506576374 0.2683585286 0.2950614129 0.3772253297 0.4903999086 0.5999027998 0.8216814765 0.9403064272 0.9232423104 0.8424155387 0.7433858324 0.5497621513 0.4084697023 0.3419494845 0.2131628333 0.2873774742 0.2501688586 0.2857648162 0.2396463347 0.2342323650 0.2431025908 0.1690981288 0.2137942312 0.2292465019 0.1971240910 0.3075128989 0.2371492574 0.2370698635 0.2044947479 0.2406756782 0.2341857616 0.1929296853 0.2546689428 0.2860897654 0.1966896458 0.2056395092 0.1891807503 0.2917667456 0.2857258729 0.3798067152 0.4812779846 0.6094478601 0.7191041078 0.8953604197 0.9866737881 0.9118484389 0.7595502011 0.6075313834 0.5114101664 0.3839766998 0.2860951105 0.1876644529 0.2353230373 0.2299932049 0.2822157974 0.2122767612 0.2390667208 0.2629461574 0.2361425052 0.2184992045 0.2495693808 0.1908386236 0.2085940349 0.2607700967 0.2773657054 0.2220318078 0.2466894148 0.2481294235 0.1949436768 0.2791383279 0.3007218574 0.1857233735 0.2294738937 0.2271325065 0.2913919187 0.3277070393 0.4078429709 0.5577775246 0.6967112024 0.8739086293 0.9291261358 0.9400316582 0.8347551091 0.6611656097 0.5431399638 0.3880552838 0.2615606439 0.2344623652 0.2804858284 0.1984540262 0.1829405242 0.2286708926 0.1762979547 0.2151768336 0.2622325334 0.2155348222 0.2254761544 0.2376781534 0.2548505525 0.1735428626 0.2353219916 0.2346893293 0.2105642381 0.2539845471 0.2626009014 0.2644045629 0.2287653287 0.2573456959 0.2741275541 0.2784761286 0.3224841946 0.3707354420 0.4103427774 0.5424265106 0.6835376115 0.8510166158 0.9458181618 0.9550848269 0.8862641697 0.7156400933 0.5500104113 0.4190654218 0.2984172171 0.3478129868 0.2354075153 0.2681079166 0.2421611403 0.2715611596 0.2421381776 0.2707845103 0.2440283322 0.2505935489 0.2315458741 0.2771413581 0.2087678546 0.1885427485 0.2108375248 0.2853455912 0.2101969141 0.2366434178 0.2563509069 0.2505724957 0.2150124889 0.2404479006 0.2206962736 0.2674153994 0.2994388117 0.2991710808 0.3854521985 0.4369550128 0.6118435732 0.8054790716 0.9394705474 0.9606347242
0.2563149660 0.2079588715 0.2249932659 0.2623677320 0.3002911086 0.3681197274 0.5078331685 0.6701174349 0.8160586334 0.9278822889 0.9024867879 0.8718363780 0.6851388610 0.5465927138 0.3766884699 0.3225560052 0.2591856848 0.2491537956 0.2297557144 0.2038342429 0.2487244230 0.2164042235 0.1936185470 0.1987598294 0.2445046366 0.2480403319 0.2276984531 0.2084183497 0.2350765154 0.2608845047 0.1918729218 0.2746684122 0.2345008027 0.1966327915 0.2148305139 0.2270545799 0.2256157093 0.2644795777 0.2421251469 0.2675861282 0.3119457450 0.3702789657 0.4295044940 0.5888832497 0.7792018312 0.9009463044 0.9640783115 0.8570017886 0.7456721780 0.5651439446 0.4533066148 0.3055706261 0.3155264634 0.2399643653 0.2420552970 0.2207886518 0.2345359660 0.2215080002 0.1954380267 0.2159035235 0.2265727471 0.2618509441 0.2431022652 0.2229498002 0.2003243956 0.2082065070 0.1807017709 0.1712722990 0.2206016293 0.2279222364 0.2479132912 0.2614603081 0.2818815242 0.2852635863 0.2335616108 0.2477738360 0.2801859403 0.3234982153 0.4536700624 0.6262193776 0.7242007114 0.9176866899 0.9958437118 0.9124226108 0.8040304949 0.5982001577 0.4786177700 0.3488999309 0.2311212363 0.2609214247 0.2822428804 0.2207208165 0.2457572001 0.2372142858 0.2050899788 0.2468130277 0.2118810125 0.2306768387 0.2382598206 0.2291954661 0.2360840568 0.1855868990 0.2363671621 0.2373455743 0.2407950097 0.2692759259 0.1956516145 0.2485158786 0.1836854509 0.2481750811 0.2364174402 0.2685679702 0.2821701131 0.3950570075 0.3951683087 0.5292407459 0.7786427613 0.8511477089 0.9676475048 0.9457314918 0.8592095990 0.6894012682 0.4966825074 0.3917872061 0.2806328615 0.2727863385 0.2116884101 0.2092688430 0.2413352203 0.2072610166 0.2366983987 0.2307044022 0.2628295305 0.2390844237 0.2473199364 0.2402536708 0.2082087906 0.1994753950 0.2679280719 0.2109004859 0.2574785167 0.1852971175 0.2015792755 0.2692827562 0.2603844323 0.2088169691 0.2263594961 0.2311609766 0.2841860046 0.2857354777 0.3666421030 0.4953396382 0.6923909761 0.8551441998 0.9245652688 0.9382041900 0.8916632238 0.7572682075 0.5284666532 0.4560789114 0.3988501180 0.2752472926 0.2724289384 0.2464920162 0.2267951972 0.2235026189 0.2288626327 0.2782846885 0.2520523043 0.2280113421 0.2931156728 0.2588253205 0.2538410754 0.2277174557 0.2291895235 0.2154918828 0.2222164498 0.2513103557 0.2239843580 0.2309734718 0.2187474661 0.2436150201 0.2355624107 0.2917007361 0.2680087467 0.3400524065 0.3616869278 0.4888975989 0.5970066909 0.8135983602 0.9071909548 0.9524376044
0.1963476520 0.2512041945 0.2000676816 0.2229330827 0.2633855103 0.4088115615 0.4753767727 0.6839749311 0.8057425690 0.9239747071 0.9331092189 0.8376438718 0.7171477903 0.5490612965 0.4172374783 0.2823551364 0.2620111558 0.2718954646 0.2480668250 0.2326874459 0.1820551394 0.2469451880 0.2262818367 0.1872289941 0.2728486035 0.2218446331 0.2672098787 0.2094698006 0.2324858949 0.2306152726 0.2267490117 0.2049525602 0.2141043325 0.1925807812 0.2263615095 0.2202499610 0.1961297109 0.2123785523 0.2170354811 0.2696736492 0.2261151564 0.3054476689 0.4493555240 0.5551115354 0.7832301535 0.8432348734 0.9169135023 0.8541795323 0.7328920821 0.5442658429 0.3834925022 0.2908192514 0.2946824837 0.2849520500 0.2968338363 0.2375681692 0.2516161877 0.2253750428 0.2249689809 0.2183154040 0.2381072970 0.2207898612 0.2246809446 0.2138196096 0.2395421188 0.2047706045 0.1841878562 0.2501665771 0.2564736774 0.2231830736 0.2676646768 0.1950079084 0.2704670023 0.2307116234 0.2475154506 0.2323011543 0.2757489771 0.3318954914 0.4419392178 0.5668727683 0.7721081950 0.8112995673 0.9619879918 0.8969486098 0.7999132159 0.6596494066 0.4679133826 0.3534162393 0.2973699580 0.2376093419 0.2607258045 0.1911671549 0.1968731534 0.2395036937 0.2068955202 0.2218340282 0.1672272423 0.2576950081 0.2361894244 0.2397920290 0.2305321687 0.2200066357 0.1979338578 0.2863846275 0.1886422334 0.2039162235 0.1865916537 0.2543076065 0.2166804817 0.2095670775 0.2355899188 0.2490802483 0.2404796204 0.2845778680 0.4196219377 0.5523604025 0.7042596166 0.8243591121 0.9921835896 0.9027830229 0.9085653912 0.6753106813 0.5436721698 0.4183376474 0.3136274053 0.2998499963 0.2320166037 0.2184474497 0.2148532669 0.1960902445 0.2483008276 0.2429639482 0.2102587100 0.2252002491 0.2070687435 0.2127074320 0.2981578227 0.2324635378 0.2475468367 0.2158601723 0.2004426636 0.2753410091 0.2212098411 0.2265476699 0.2372662733 0.2810548385 0.2768895355 0.2293213506 0.2606692740 0.2929556831 0.3426382181 0.4814778278 0.6088984250 0.7716328134 0.8855937696 0.9310990244 0.8714134537 0.7438444865 0.5573551963 0.4067671025 0.3347118364 0.2519600063 0.2769743835 0.2811615801 0.2365376762 0.2493788648 0.2537066862 0.2365830242 0.2724400351 0.2059295694 0.2294273611 0.2166969027 0.2513513298 0.2057874148 0.2243363379 0.2631228333 0.2298469371 0.1892417936 0.1813149916 0.2593550265 0.2164216391 0.1765618570 0.2370478317 0.2524017432 0.2449429777 0.2902453475 0.3847362717 0.4408281018 0.6322525762 0.7648716689 0.9330146614 0.9411743804
0.1778354066 0.2257591992 0.2682810430 0.2983692183 0.2651766059 0.3579008986 0.5314152135 0.6517359480 0.7672084189 0.8811668743 0.9510516145 0.8439647910 0.6975356860 0.5477277865 0.4563030479 0.3027091462 0.2454008497 0.2307176970 0.1968571262 0.2025982482 0.2346849233 0.2441429286 0.2681820858 0.2314628062 0.1804109033 0.2291215723 0.2434851461 0.1810295270 0.2505907361 0.1662440829 0.1669073657 0.2219283262 0.2397086537 0.1746869847 0.2388606797 0.2925485529 0.1591529081 0.2292555850 0.2305567487 0.1999281103 0.2720116423 0.3781029178 0.4347896402 0.6087936662 0.7727424929 0.8857198621 0.9059977953 0.8874104323 0.7588694642 0.6371057042 0.4292266259 0.3791961163 0.2606455878 0.2393813481 0.1788867409 0.2452751610 0.2384410828 0.2187158608 0.1910016535 0.2185456799 0.2084000814 0.1718681401 0.1925821885 0.2782017412 0.1453215269 0.2787962896 0.2440760371 0.2182642854 0.1889970966 0.2209581067 0.2137159319 0.2537873018 0.2747683990 0.2579544564 0.1690918587 0.2412525263 0.2390397917 0.2618692173 0.3951071121 0.5488273028 0.7025717291 0.8814635780 0.9614739520 0.9163632895 0.7852133302 0.6691591992 0.4826785119 0.3241679094 0.3114366491 0.2399141011 0.2383966020 0.2332176716 0.2470472232 0.2323122880 0.2617652113 0.2569653046 0.2161844187 0.2195327822 0.2295278452 0.1739779009 0.1929273463 0.2037303277 0.1972744507 0.2312749028 0.2192232097 0.2046715429 0.2450231467 0.2184630855 0.2450026564 0.2693514960 0.1975256028 0.2543920597 0.2090950009 0.3009647675 0.4074255182 0.5124498242 0.6592434757 0.8505586260 0.9634561578 0.9013971471 0.8733647889 0.7297978934 0.5026769251 0.4013256892 0.3347706032 0.3158119340 0.2228795765 0.2551870256 0.2052804962 0.2548449817 0.2221564906 0.2032343090 0.2522125697 0.3030398295 0.2340825323 0.2328503279 0.2100639217 0.2500145016 0.2432699765 0.1915090045 0.2208222503 0.2245868398 0.2276508021 0.2564619182 0.1908628957 0.2195909672 0.2259985134 0.2190575211 0.2653303320 0.2922075372 0.3524111481 0.4435996857 0.5884216517 0.7889713424 0.9409954704 0.9380911938 0.8998302103 0.7629998284 0.5768498352 0.4372599404 0.3391075570 0.2590264961 0.2429958736 0.2753698763 0.2097217357 0.2034936267 0.2269652838 0.2333138969 0.2444531232 0.2204011243 0.1878758724 0.2196973825 0.2595332936 0.2062060327 0.2153207051 0.2281633442 0.2039231425 0.2642810049 0.2453590846 0.2542370245 0.1918995629 0.2519939531 0.3286130760 0.2593053072 0.2550933529 0.2737363754 0.3556219789 0.4329877408 0.6903389609 0.7584277056 0.9213751084 0.9914563109
0.2198205775 0.2360399627 0.1819154697 0.2049482335 0.2773582379 0.3322747433 0.4248812347 0.6121429502 0.7597736939 0.9034101601 0.9174899453 0.8358146742 0.7052492539 0.5416292062 0.4348092480 0.3360667615 0.2603515794 0.2128390144 0.1832867440 0.1485231447 0.2001379230 0.2026344522 0.2134903157 0.2509011844 0.1374654125 0.2377364214 0.2005450710 0.2404216225 0.2207766909 0.2071284781 0.2367407251 0.1630825641 0.2038645675 0.2303133355 0.2358687563 0.2403944321 0.2242205791 0.1783574358 0.1864194406 0.1911473349 0.2634849626 0.3426226407 0.4582315806 0.6068159567 0.7592964855 0.8903261043 0.9128430048 0.8788657258 0.7460602088 0.5757989328 0.4827466165 0.3333839784 0.2727202285 0.2088861603 0.1825367061 0.2302970145 0.2335393723 0.1944675041 0.2183920042 0.2645891476 0.1926138057 0.2586595761 0.2089986738 0.2094621254 0.2158445366 0.2199659472 0.2011278996 0.2112176539 0.1647804648 0.2002319554 0.2181323237 0.2160567634 0.2490043749 0.1840534053 0.1978597529 0.2442086563 0.2322719257 0.3455997126 0.4022351719 0.4884947213 0.7230403757 0.8142870584 0.8969478519 0.9306250340 0.8271206535 0.7124073908 0.4799184519 0.3880851821 0.3139463168 0.3183641149 0.2259900639 0.2378067697 0.2391176360 0.1966500305 0.1763824853 0.1894162670 0.1555449785 0.1887840930 0.2335624319 0.2204888851 0.1622258635 0.2211769051 0.1710926006 0.2146120949 0.2370573022 0.2423305806 0.2171660229 0.2787908617 0.2285116899 0.1980284608 0.2310693067 0.2664292486 0.2327505342 0.3114434118 0.3556049141 0.5396293612 0.6649692242 0.8127404218 0.9346696639 0.9544641461 0.8277383217 0.6669781822 0.5628336926 0.3646311065 0.2944827680 0.3135927966 0.2106005656 0.2176194130 0.2049881494 0.2337855885 0.2323828034 0.2312751481 0.2170465111 0.2239072373 0.2536544773 0.2170695477 0.2218255662 0.2783813977 0.2251872842 0.1789762610 0.2317090738 0.2501500141 0.2250133341 0.2294739941 0.2167790185 0.2026096209 0.2244477489 0.2077631700 0.2395672521 0.3046350441 0.2814428263 0.4624007495 0.6380969032 0.8002492358 0.8929301965 0.9548859337 0.8696256383 0.7722050337 0.5587155754 0.4899307196 0.2962206373 0.3248345904 0.2448423676 0.2340685241 0.2387882365 0.1979477887 0.2288453949 0.1901363073 0.1942208545 0.2386175910 0.2037276048 0.2382665599 0.2001649887 0.2075099753 0.2532604112 0.2388596354 0.2041675126 0.2184554170 0.2072589762 0.2342920026 0.2309624861 0.2200460016 0.2089982586 0.2019141808 0.2601310835 0.2498822360 0.3207227930 0.3935875903 0.6046175466 0.7139507755 0.8887843202 0.9596274428
0.2427109627 0.1822436695 0.2201675995 0.2313569303 0.2575030120 0.3441047164 0.4045907332 0.6532193418 0.7480821590 0.8620479060 0.8722324145 0.8815157327 0.7465974211 0.4966631914 0.4218624414 0.3083238347 0.2356786075 0.1897112104 0.2293443649 0.2516474925 0.2035200966 0.2271969778 0.1515976657 0.1655106369 0.1809198410 0.2592777646 0.2158965414 0.2051705781 0.1894007823 0.1963207227 0.2031879905 0.1646918042 0.1791412589 0.2208126479 0.1833638847 0.1702301625 0.2388733159 0.2185410384 0.1594710258 0.1938706377 0.2187734893 0.2642697897 0.3775504302 0.5472783910 0.7035453098 0.8718477460 0.8967449355 0.8161645875 0.7713655232 0.5650415889 0.5273324291 0.3611152130 0.2954989826 0.2667135118 0.2170654352 0.2219615852 0.2136598685 0.2282132662 0.2512734503 0.1934826501 0.2101233971 0.2163891600 0.2337444439 0.2427566434 0.1878306685 0.2123812174 0.2092292015 0.2112559170 0.2074259144 0.2024757729 0.1692431859 0.2272501148 0.1825336383 0.2285418239 0.2074088040 0.2151928804 0.2802100732 0.3025628324 0.4146026619 0.5156308386 0.6767237222 0.8419604169 0.9292366470 0.9358525809 0.8196747052 0.6863124108 0.4908193508 0.3962720941 0.2836394617 0.2674531638 0.2128834881 0.1636535051 0.2275522362 0.2262385494 0.2118479594 0.1773841243 0.2462470876 0.2295614361 0.2713016331 0.1847934355 0.2175326413 0.1887220778 0.2586752505 0.1764582006 0.2372456905 0.2357237333 0.1833463994 0.2232386733 0.1775351815 0.2334616042 0.1628292953 0.1677422874 0.2486656127 0.3077669187 0.3553285598 0.5238424442 0.6513420108 0.7509457021 0.9047567870 0.9100206516 0.8668083609 0.7334109439 0.5749318422 0.3400982855 0.2952832889 0.2907299870 0.2787497931 0.2265875921 0.1688261108 0.2432661754 0.2146861913 0.1897605996 0.1959105423 0.2467999148 0.2118385626 0.2053399888 0.2331954379 0.1989534239 0.2136122514 0.1879112734 0.2045461067 0.2407244424 0.2496211538 0.2186040807 0.2095609603 0.2115050484 0.2101192087 0.2104666247 0.2268176374 0.2233043816 0.3311189402 0.4297123575 0.5868887008 0.7671083419 0.9047647956 0.9903734835 0.8984409437 0.7487179025 0.5954119504 0.4730280393 0.3384281792 0.2245125093 0.2257465908 0.2145809530 0.2250706256 0.2211912695 0.2387589836 0.2041664530 0.2389108349 0.2005076956 0.2249466953 0.1939731887 0.1882134182 0.1862293159 0.2519733033 0.2471139145 0.2173947465 0.2297091687 0.2262056988 0.1789291542 0.2678941477 0.2204560943 0.2689946698 0.2055449935 0.2316836550 0.2718494244 0.3271699454 0.3995042544 0.5519340267 0.6951124623 0.8509643104 0.9204227416
0.2177694795 0.2720485089 0.2046708111 0.2352256606 0.2793182244 0.3339083699 0.4186878553 0.6306402366 0.7160721464 0.8695866983 0.8896968242 0.8869594751 0.6981185589 0.5495106084 0.3993272627 0.3492099839 0.3265895805 0.2649396858 0.2140335599 0.2004995569 0.1821864173 0.2343588748 0.2211911517 0.2582383605 0.2275672586 0.1909021767 0.1687927441 0.2067085407 0.1988451851 0.2340532811 0.2182759807 0.2238240940 0.2646463113 0.2322526680 0.1824550121 0.1527502207 0.1907004829 0.2169520874 0.1540557260 0.2417627624 0.2372570107 0.2773785413 0.4155705580 0.5484277980 0.7282977349 0.8276102039 0.9198920483 0.8901673519 0.7786350078 0.6443093255 0.4854481278 0.3008140113 0.2226986445 0.1968148539 0.1574976742 0.1674871021 0.1731057567 0.2290797024 0.1645986985 0.1681166890 0.1945443608 0.1975245931 0.2013859936 0.1453376399 0.1633685379 0.1702169753 0.1758804715 0.1993488808 0.1896641815 0.1739621264 0.2215978578 0.1857249714 0.2107486614 0.1624593364 0.2253731548 0.1832063770 0.3121423201 0.2699365839 0.3339979367 0.4901247588 0.7312723880 0.8174839050 0.8817017554 0.9028323664 0.8535732478 0.6536404502 0.4724796277 0.4146088094 0.3047887980 0.2642569445 0.2226198252 0.2008681835 0.1958397940 0.2520499849 0.2212499170 0.1813517196 0.2153752823 0.2327774619 0.1765787839 0.1816576370 0.1970792018 0.1525529039 0.1551764254 0.2316042965 0.1712091518 0.2003265245 0.2354082092 0.2300935139 0.1944354255 0.2407366263 0.2258103727 0.1897393739 0.1972673367 0.2903096989 0.4102037620 0.4282753054 0.6370133805 0.7614456819 0.9271971252 0.9695571448 0.8582755225 0.7540093055 0.5806664889 0.4440747661 0.3186107028 0.2977188633 0.1966885629 0.1966945291 0.2070975907 0.1903267069 0.2213234357 0.1920389985 0.2371069371 0.1697287053 0.1802134163 0.2369880415 0.2798491680 0.1902550905 0.2278695448 0.2202647061 0.2293974313 0.2693659831 0.1907617648 0.2124104640 0.2301009319 0.2414800782 0.2059528777 0.2296334855 0.2551222804 0.2372052981 0.3315354109 0.4257499224 0.6124370186 0.7167112215 0.8589455214 0.9157644540 0.9440488485 0.8157158613 0.6327717164 0.4564887603 0.3171688366 0.2451397921 0.3095548268 0.2009484671 0.2435683900 0.2307008872 0.1838100245 0.1999027045 0.2133909015 0.2373494505 0.2058076502 0.2144481894 0.1899569002 0.2052132496 0.2365032928 0.2275234013 0.2458179694 0.2637489777 0.1447099957 0.2418865590 0.1873585941 0.1931633319 0.2127783468 0.1945366865 0.1866421828 0.2235075155 0.3054106096 0.4238808266 0.5569805404 0.6633038316 0.8549892905 0.9323264200
0.1434025148 0.1521383482 0.1600935903 0.1842758462 0.1972872254 0.3153973167 0.3852206345 0.5580230778 0.7075354235 0.8467198186 0.9158578461 0.8423766182 0.7371933506 0.5941096759 0.3874473055 0.3162907770 0.2257174920 0.1960927488 0.2433536340 0.2513034049 0.1555467725 0.2245401516 0.2262318964 0.1726927711 0.2647731133 0.1807865576 0.1587083773 0.1752890384 0.1951130919 0.1717642446 0.2321573689 0.1898912760 0.1978087642 0.1847161425 0.1956884028 0.2389290075 0.2413203409 0.2224688490 0.2085884613 0.2247158153 0.2406553349 0.2983683987 0.3636973366 0.5373236129 0.6855791791 0.8085523109 0.8915806679 0.8627471248 0.8200905543 0.6136005984 0.4476645684 0.2949302653 0.2424379714 0.2158731714 0.2557549477 0.1982929063 0.1924952514 0.2026823109 0.1653848333 0.2424257928 0.2217892578 0.1626688692 0.2095169058 0.2248726869 0.1727302235 0.2276717813 0.1795415644 0.2088705549 0.1708637072 0.1772251430 0.2117318206 0.2065219659 0.1905279267 0.1663526887 0.2059708647 0.1950391572 0.2347424894 0.2855349476 0.4100430196 0.4735442180 0.6484630900 0.8394039509 0.8955065547 0.9585073398 0.7767640810 0.7417939060 0.5371884291 0.3788771412 0.2822905560 0.2129632979 0.2219498920 0.2126215285 0.2353755482 0.2011824876 0.2163430895 0.1971185599 0.2566851789 0.2118619442 0.2006617697 0.2086779467 0.2161078798 0.1466211465 0.1602862197 0.1997568888 0.2040191463 0.2564997101 0.2088446966 0.2769540128 0.1770752505 0.2622963979 0.1954645279 0.1816876451 0.2498355759 0.2502848259 0.3339513666 0.4381569772 0.5647581423 0.7843661470 0.8753150472 0.9643079325 0.8871148925 0.7501447959 0.6006037841 0.4333332571 0.3191814584 0.2052508212 0.2594102703 0.2015423644 0.1962512682 0.1987737432 0.2040025724 0.1600021966 0.2403756013 0.2121100933 0.2089875555 0.1428992524 0.2314907133 0.1613420324 0.1837175502 0.1866549157 0.2031726115 0.1952616762 0.2043872451 0.2300496947 0.2325214091 0.2488296389 0.1842343248 0.2275017879 0.2561808960 0.2844571903 0.3423922241 0.4003017571 0.5242540589 0.7333587300 0.8164610929 0.9318229792 0.8819074269 0.7548598331 0.5897399993 0.4226146547 0.3440492997 0.2664371086 0.2722307174 0.2470613798 0.2146112098 0.1952315354 0.2451561556 0.1813360728 0.2583505217 0.2472050673 0.1911525010 0.1810974594 0.1920682825 0.1817286537 0.2327269723 0.2722072647 0.1931698094 0.2633921146 0.1900764111 0.2190787915 0.2522499806 0.1999325952 0.2149540218 0.2383598948 0.2920191214 0.2546008377 0.2464781615 0.4158214369 0.5266676850 0.6285572619 0.7924621786 0.9139059336
0.1714539683 0.2004723082 0.2229969023 0.2119376383 0.2787366261 0.2917899610 0.4035000713 0.5705718513 0.7455757223 0.7950082743 0.9391655797 0.9207570920 0.7245792877 0.5915369587 0.4939374010 0.3669170994 0.2515031351 0.2160419855 0.1809671401 0.2399883567 0.1908634578 0.1888691097 0.2070798562 0.1578539711 0.1527468141 0.1956037090 0.2117127440 0.2299748348 0.1698663762 0.1779806345 0.1958268409 0.1789066123 0.2143079273 0.2616550090 0.2682441838 0.1809858834 0.1714856679 0.1761599340 0.1449776832 0.2076463094 0.2541021798 0.3191809320 0.3696379236 0.5190318943 0.6697938715 0.8275587196 0.9485289776 0.8880237797 0.7497345050 0.6967090183 0.4622453648 0.3154900499 0.2726401989 0.2484795225 0.1972750375 0.1704407334 0.2002204302 0.2161613746 0.2387375758 0.1956703281 0.2112727475 0.1850423556 0.2231404611 0.1660545519 0.1613998322 0.2239244328 0.2101506596 0.2187948056 0.1885366865 0.2433973058 0.1597726235 0.2170846267 0.1488016347 0.1794660305 0.2409650528 0.1768935912 0.2013266980 0.2617952910 0.2907634169 0.4577075861 0.6047726768 0.7637667402 0.8804060561 0.9698256602 0.7987063017 0.6730276786 0.5265803583 0.3904917565 0.2941641173 0.2365100895 0.2134946645 0.2258493621 0.2874666251 0.2129005722 0.1666341103 0.2052984901 0.2190561287 0.2256582554 0.2175519565 0.2104579505 0.2445987827 0.1991299515 0.2068276691 0.1654001979 0.1629281219 0.1702191971 0.1883853945 0.2283140482 0.1780512762 0.2152391284 0.2145603751 0.2111255852 0.2155397858 0.2403210991 0.2761525638 0.4161538514 0.6345378330 0.7475882447 0.8861548779 0.9032706572 0.8853581262 0.7703913661 0.6104498090 0.4374194115 0.2831532957 0.2727781455 0.2670095423 0.2216569633 0.2104123886 0.2091244286 0.2208978429 0.1155188504 0.2058937041 0.1960391410 0.1537535891 0.2333118311 0.2303356931 0.1571386207 0.1737420160 0.1992233518 0.2312816398 0.2074666534 0.1658993806 0.2038107705 0.2148475518 0.2099014675 0.2430170567 0.1890258941 0.2605541970 0.2054781131 0.2535293460 0.3605283482 0.5141850961 0.6835056919 0.8871162996 0.9665941781 0.8695418232 0.8312214788 0.6441225238 0.5117704380 0.3460902035 0.2986429726 0.1914019065 0.2729025474 0.2237858663 0.1369750697 0.2171879495 0.1932454015 0.2016097729 0.2037140810 0.1946199360 0.2369672049 0.1937244919 0.2424430218 0.1715280764 0.2260288620 0.2181080903 0.2604549221 0.1918534272 0.2192274365 0.2353486419 0.2218879839 0.2313861454 0.2078743741 0.2145599196 0.2580498209 0.2984879966 0.3272104863 0.4910978553 0.7308282815 0.8628598997 0.9490266532
0.1750319812 0.1773810605 0.1972777498 0.2279376997 0.2255315762 0.2722571652 0.4289619622 0.5188686391 0.6840688536 0.8280592926 0.8759335756 0.9544492713 0.7536762992 0.5563411121 0.4609129531 0.3334819205 0.2728434185 0.1653173443 0.1704418766 0.1838336048 0.1959410396 0.2153793569 0.1933972686 0.1894770581 0.2616193337 0.1961774659 0.2034164452 0.1904723779 0.1677644648 0.1449220052 0.2397889991 0.2223759092 0.1708519956 0.1537717716 0.1756665467 0.1352283602 0.1751408597 0.1874653778 0.2098027204 0.2206136137 0.2824351188 0.2874368679 0.3492116483 0.4972595248 0.6507783483 0.7768521207 0.8776182239 0.8579462104 0.7925851362 0.6392203194 0.5167236701 0.3852009130 0.2783792161 0.2381873139 0.2039730657 0.2076901715 0.1960154028 0.2204951355 0.2088179969 0.2471390269 0.2601421671 0.2113316498 0.2117719934 0.1786914511 0.1954349334 0.2083288094 0.1526112382 0.2470528662 0.1617118017 0.2195333112 0.2149219737 0.1935253172 0.1785710854 0.2354309989 0.2064527429 0.1942787050 0.2311317740 0.2387723670 0.3314946201 0.4805707667 0.6211009098 0.7951828760 0.8720416538 0.9273420637 0.8387560101 0.6799277625 0.5921496201 0.4415540147 0.2911328497 0.2262681490 0.2211299737 0.2007358041 0.2301271812 0.2154778057 0.2198997231 0.1991681672 0.2426147180 0.2554803995 0.1610305632 0.2415641377 0.1824062860 0.2068859212 0.2392605494 0.2140784469 0.2445250654 0.2767202404 0.1654135586 0.1759023582 0.2183931338 0.2003679197 0.2195116955 0.2703682840 0.2179559748 0.2811904671 0.3358679937 0.4089242517 0.5877152075 0.7249839760 0.8880152282 0.9461659852 0.8789956898 0.6931204140 0.5864116114 0.4916716616 0.3295650281 0.2339678280 0.2177102904 0.2182911142 0.2362274977 0.2621692050 0.2269941910 0.2301366790 0.1799008696 0.1988601698 0.2362545054 0.1743871808 0.1486933504 0.1938134650 0.1972487491 0.1935258997 0.1838263577 0.1904518612 0.2149992326 0.1985675095 0.2013080104 0.1941859475 0.2369811624 0.1766439823 0.2479536117 0.2006663759 0.2850407071 0.4215529181 0.5227169089 0.6897707182 0.8196373217 0.9584264365 0.8990867082 0.7647893186 0.6840886261 0.4407329648 0.3749683123 0.2860461312 0.2559639207 0.2033608855 0.2038029771 0.2046735483 0.2074741037 0.1978192039 0.2296643202 0.2190408622 0.1457195391 0.2320769495 0.1822802428 0.1811780394 0.2130241552 0.2588019063 0.2786853798 0.2299641685 0.1961291977 0.2194862279 0.1925432223 0.2277150593 0.2081898727 0.1731411198 0.2388022955 0.2633363754 0.2860810806 0.3319547595 0.4401425198 0.6237593583 0.7518894723 0.9270694181
0.2051451791 0.1575696289 0.1700068503 0.2683880735 0.2675778144 0.2374651315 0.3801134388 0.5208348914 0.6789992709 0.8021489151 0.8893082204 0.9162502493 0.7563030659 0.6834644596 0.4849384391 0.3741201289 0.2503672358 0.2483891122 0.1831671567 0.1842163519 0.1876518739 0.2060444292 0.2179932885 0.2118081200 0.1669530884 0.1807245260 0.2098979280 0.2294049235 0.1935318796 0.1826959692 0.1917857068 0.2181000449 0.2088526968 0.2070272546 0.2390538897 0.1748570572 0.2228733009 0.2266463012 0.2763347392 0.2195569116 0.2351390449 0.2735759445 0.3739707276 0.4825668124 0.6100372701 0.7953895844 0.9309621786 0.9350780724 0.7925149901 0.6438491732 0.5143158268 0.3776795349 0.2733667736 0.2396717865 0.2228480910 0.2065210731 0.2212309803 0.1843226941 0.1919146694 0.2018914961 0.2056489048 0.2442282770 0.2202848698 0.2641788936 0.2070939553 0.1943465381 0.1597569541 0.1775418339 0.1339766039 0.1845832473 0.2560919766 0.2215114175 0.2027755118 0.1791873063 0.1872293760 0.2078204807 0.1816409848 0.2170639069 0.3082440888 0.5034683997 0.5565547253 0.7616484998 0.8898053423 0.8939230764 0.8597176956 0.7141768694 0.5923814464 0.4076121562 0.3199226637 0.2587475513 0.1785481836 0.2141402274 0.2071824519 0.1765090428 0.1950938592 0.1987917711 0.2159289027 0.1726460064 0.1850578059 0.1955469747 0.2049575116 0.2046791157 0.2257138421 0.2139568362 0.2120145259 0.1845101000 0.2386889746 0.2407541562 0.2322922268 0.1680820221 0.2052837676 0.2082871830 0.2248373713 0.2213459150 0.2991440028 0.3901771102 0.5335288739 0.7089466626 0.8148114574 0.9254961703 0.9397483561 0.7879571462 0.6129243372 0.4578976010 0.3157990287 0.3001034733 0.2282826765 0.1819357502 0.2571218285 0.2013639789 0.1965216766 0.1414075861 0.2378944041 0.1853408465 0.2011963824 0.2434397885 0.1964678903 0.2277542363 0.2168379958 0.2068056589 0.1711807054 0.2096602016 0.2299756294 0.2109406779 0.1999706464 0.2394396046 0.1468945411 0.2011983260 0.1987713546 0.2469266139 0.3385290690 0.4048239074 0.4707326928 0.7046079901 0.7902383739 0.9192023761 0.9150633360 0.8119243832 0.7048099192 0.4971999293 0.3514735927 0.2594806463 0.2970545657 0.2611855784 0.2154834768 0.1948487954 0.2148587297 0.2053705755 0.1882971607 0.2478794760 0.2249396151 0.2139150566 0.1936499272 0.2382328417 0.1293920467 0.2178450982 0.1984801255 0.2423438605 0.2130588686 0.2065520585 0.1950292409 0.2443692017 0.2318751622 0.1867543509 0.2354106766 0.2309241581 0.2914731085 0.3438452251 0.5281716215 0.6458204673 0.8232890087 0.8954124839
0.2516008761 0.2248198086 0.2025510505 0.2001290180 0.2478728019 0.2535049845 0.3315464473 0.5048982924 0.6857051256 0.7906383718 0.9354844278 0.9137301489 0.8020445356 0.6632086204 0.4803898098 0.3624699040 0.2345430137 0.2056706201 0.2107084228 0.2597333207 0.1859612187 0.1519639564 0.2435535373 0.2176975648 0.2575359565 0.1429348735 0.2114692766 0.2008323943 0.1168839464 0.2196979995 0.1180747634 0.2040316537 0.2259067729 0.1535638906 0.2433274702 0.2238575340 0.2150007078 0.1601887907 0.2155325256 0.1988026963 0.2156533786 0.2339624121 0.3759565609 0.4547435021 0.5991325596 0.7307300029 0.8641396932 0.8897922278 0.8027938419 0.6925772774 0.5685061512 0.4075394640 0.3037794663 0.2836557856 0.2392690959 0.2066433290 0.2287095808 0.2006460102 0.1695879187 0.1694924593 0.1686951355 0.1936792786 0.2170305514 0.2479973182 0.1587506509 0.1998953267 0.2297216944 0.1958787962 0.2667312663 0.1861212123 0.2092998124 0.2451910132 0.2012360423 0.2412833975 0.2493575236 0.2284254150 0.1908494504 0.2397679630 0.3335556231 0.4651958116 0.5515720954 0.7544705946 0.8862811648 0.9545966215 0.8652303912 0.7637544976 0.5714518311 0.4130583763 0.3468449034 0.2402806036 0.2482351692 0.2540348009 0.2004991095 0.1844007163 0.1691308427 0.2124415062 0.2489055599 0.2377633506 0.2350944250 0.2339078133 0.2260768975 0.2293290918 0.2102102744 0.2250748285 0.2424614360 0.1944996534 0.2052435649 0.1915411887 0.2528192357 0.2098934139 0.1616152374 0.1731955316 0.2761447838 0.2383870159 0.2890335754 0.3963020844 0.5010889337 0.7114102634 0.8905438787 0.9166195086 0.8831367776 0.8222367865 0.5863288744 0.4883124352 0.3402021103 0.3362204360 0.2258613127 0.2482812513 0.2189099874 0.1931373687 0.2465161798 0.1797923919 0.2379439377 0.2433689236 0.2193911132 0.2141425328 0.2323283084 0.2426879270 0.2717899898 0.2338584505 0.2868772830 0.2034704674 0.2677702388 0.2014919691 0.2526020484 0.2272068136 0.2074812896 0.2599523578 0.2124039032 0.2182656554 0.2657453993 0.3930158506 0.4946769460 0.7080730319 0.8257500568 0.9638498812 0.8831767159 0.8356414353 0.7114703729 0.5151908150 0.4292874881 0.2735304281 0.2716857797 0.2287321982 0.2077132513 0.1840026369 0.2155811784 0.2237742690 0.2216108521 0.2219513424 0.1903565327 0.1969884646 0.2181929378 0.2956147978 0.2672091173 0.1988858798 0.2499162998 0.2619735931 0.2027347521 0.2197449401 0.2185831704 0.2511015887 0.2305886832 0.2980445359 0.2593185558 0.2301104180 0.3059058435 0.3416511135 0.4839504004 0.6178991882 0.8011787744 0.9505712104
0.1889718160 0.2282152719 0.2163895409 0.2153093005 0.2109040683 0.3271603177 0.3967342403 0.4574499740 0.6548198927 0.8777983864 0.8781624130 0.9067250236 0.8445867721 0.6611783731 0.4911344912 0.3617890856 0.3065434762 0.2297313247 0.2010424552 0.2247004705 0.2277897979 0.2438002065 0.2100828247 0.2021552081 0.2346967332 0.2366556623 0.1680101221 0.2274168986 0.2054250595 0.1724400651 0.2065647036 0.1796295248 0.2119396506 0.2411373292 0.2024318913 0.1740979205 0.1951103760 0.2276052554 0.2270678837 0.2458320243 0.2793182864 0.2921532604 0.3532687974 0.4444349625 0.6162572781 0.8487081502 0.9294494640 0.9665304960 0.8234974599 0.7048747946 0.5422373625 0.4437834368 0.3159543061 0.2544643218 0.1836752604 0.2126249201 0.2103003733 0.1966388833 0.2243768084 0.1911747644 0.2178760104 0.1985636450 0.2553502146 0.1979493940 0.2317122064 0.2255921995 0.2211009516 0.2098441205 0.1942778198 0.2729520495 0.1687757522 0.2435132048 0.2299932464 0.2239172878 0.2208598525 0.1957923691 0.2680844100 0.3129463359 0.3504063027 0.4582768432 0.6160684379 0.7505903834 0.8869108733 0.8967752946 0.9109115973 0.7370230984 0.5735854277 0.5090738274 0.3058816876 0.2646647124 0.2503937540 0.2074865935 0.2377046241 0.2048144962 0.1842660172 0.2622718190 0.1802533208 0.1959040520 0.2307023629 0.2104256400 0.2283492851 0.2126869940 0.2547180081 0.2360062582 0.2341736694 0.1684914904 0.1818347695 0.2364948708 0.2170245008 0.2353556538 0.2230253518 0.1812210856 0.1985595939 0.2980751697 0.3279026225 0.4403958585 0.5390463569 0.7300295206 0.8418239287 0.9498771278 0.9408117630 0.8102231258 0.7048820626 0.5124192823 0.4066974837 0.2763517737 0.2318361259 0.2553489335 0.2119261642 0.2293106491 0.2577363030 0.2660667874 0.1737949104 0.2377577355 0.2556190275 0.1827194516 0.1753511093 0.1739019699 0.2612319377 0.2471747105 0.2464827436 0.2356012561 0.2244700039 0.2281539448 0.2171040754 0.1895153879 0.2795619290 0.2595647336 0.2356220808 0.2219994554 0.2894661152 0.4135744732 0.5070431520 0.6783280780 0.8010215208 0.9104399402 0.9012092184 0.8357545520 0.7632552858 0.5027660477 0.4014053074 0.3559363218 0.2955381240 0.2338578996 0.2259637194 0.1816867198 0.2432725265 0.1846431146 0.1894954627 0.2807238405 0.2403728116 0.2819930294 0.2413041835 0.2672305549 0.2862985076 0.2212625010 0.2175040019 0.2592487986 0.2576750779 0.2491976834 0.2678655842 0.2238519009 0.2511353446 0.2527130478 0.2272517664 0.2625696321 0.2963295526 0.4030485499 0.5095507629 0.5905770273 0.8081769429 0.8946238190
0.2225872265 0.2137346589 0.2058023567 0.2402286379 0.2125559251 0.2810797110 0.3793216288 0.5299351018 0.6570098176 0.8387674582 0.9004474079 0.9065859300 0.8310150554 0.6841168544 0.5296692726 0.3536623130 0.3276085619 0.2329471536 0.2573279626 0.2234203336 0.2306485310 0.1854672526 0.1758615598 0.1933001113 0.1888684719 0.2359758257 0.1953002158 0.2401485647 0.2469298438 0.2087741508 0.1971540730 0.2098377091 0.2066948494 0.2089615995 0.2310025648 0.2456632738 0.2112022295 0.2259113472 0.2258449848 0.1944837962 0.2511792639 0.2733802407 0.3555626969 0.5079737281 0.5580108526 0.7834395517 0.9121739926 0.9554012683 0.8832317436 0.7441779551 0.6181413252 0.4312253442 0.3589047664 0.2433369551 0.2236438911 0.2492988096 0.2305210895 0.1549522274 0.1750465587 0.2137304091 0.2307203963 0.2375425375 0.2388851778 0.1673571625 0.2497609048 0.2116875661 0.2201375302 0.2315639258 0.2361114633 0.2205006086 0.2499981446 0.2334560516 0.2269062606 0.2220862136 0.2449226266 0.2028858600 0.2528563852 0.2834816083 0.3195787904 0.4000401718 0.5921952659 0.7028183633 0.8966443202 0.9505119559 0.8247849267 0.7800521883 0.6633427873 0.5215060842 0.3193977081 0.2709529867 0.2358678018 0.2211656084 0.2012714118 0.2651346465 0.2281774272 0.2128108090 0.2144992601 0.2222292526 0.2180853469 0.2444784784 0.2193534071 0.2523472411 0.2396149376 0.3026664113 0.2258131822 0.3024612692 0.2289629502 0.1979522965 0.2430671340 0.2471609709 0.2572538710 0.2152854053 0.2088701332 0.2656867881 0.2879256100 0.4452678137 0.5489386514 0.7363815100 0.8656937274 0.9451215951 0.9640314135 0.8276943995 0.6780547150 0.5599731234 0.3761117241 0.2602880613 0.2711311135 0.2162454757 0.2206516329 0.2260106125 0.2484722040 0.2350196991 0.1995739450 0.2004362986 0.2369237071 0.1794621746 0.2455241385 0.2428658222 0.2450750490 0.2432151213 0.2522502510 0.2543655401 0.2421719561 0.1783781569 0.2519826276 0.2450644598 0.1685076674 0.2271489822 0.2134647403 0.2922803159 0.4093748459 0.3111526412 0.5196523499 0.6284691150 0.8372049384 0.9637757257 0.9706238453 0.9007585642 0.7142677387 0.5973408398 0.4246624621 0.3042953541 0.2661379487 0.2597341660 0.2367718224 0.1862541165 0.2595723001 0.2272106003 0.2149063070 0.2669208761 0.2027550802 0.2215353717 0.2598531007 0.2273230262 0.2366407775 0.2413599537 0.2609652810 0.2366374359 0.2451669637 0.2301803412 0.2537206409 0.2500912938 0.2411623880 0.2629125070 0.2574544883 0.3045774269 0.2691863778 0.3768679352 0.4601478974 0.6184130291 0.7785512116 0.9369440890
0.2164041666 0.1432667479 0.2168400227 0.2178567775 0.2787513592 0.2628992460 0.3272988839 0.4710046852 0.7140874515 0.7796060503 0.8702228646 0.9104901342 0.8579004114 0.7162786650 0.5632434383 0.3625665248 0.2879060509 0.2672614231 0.2034208636 0.2682752259 0.2606235168 0.2167831429 0.1823901107 0.2173643826 0.1762587901 0.2230992707 0.2257349924 0.2495935817 0.2342307103 0.2536148062 0.2468792849 0.2248650218 0.1879089733 0.2999911553 0.2208401302 0.2648594397 0.2068616262 0.2202346603 0.2726715375 0.2317301889 0.2683269667 0.2360927504 0.3618229994 0.4685456675 0.6384948186 0.8114529459 0.8494362323 0.9752105554 0.8983965333 0.7540186000 0.5774193222 0.4558327217 0.3151812898 0.2827180857 0.2339032223 0.2284474307 0.2245416584 0.2218673644 0.2626782242 0.2615873832 0.2434433886 0.2413037015 0.2601791987 0.1873334217 0.2343186401 0.2285995686 0.2660390223 0.2014233531 0.2337415611 0.2601481311 0.2509565803 0.2392555992 0.2283593974 0.2625150125 0.2478621565 0.2237128098 0.2617342381 0.2816878437 0.3286786049 0.4593338234 0.5993705461 0.7591165488 0.8829163765 0.9514818031 0.9426762852 0.7703748405 0.6461110252 0.4493892998 0.3768135847 0.2771031066 0.2233120721 0.2394040279 0.1972731791 0.2591464236 0.2940985142 0.2520760693 0.2010194395 0.2272045839 0.2578842278 0.2225792933 0.2358861325 0.2184424308 0.2289931188 0.1880332856 0.1788010665 0.2266000242 0.2384984474 0.2437210104 0.1978449384 0.2616265423 0.2326284292 0.1782769453 0.2260993617 0.2627552806 0.3514814985 0.4148201468 0.5415463884 0.6558880113 0.7865946420 0.9206419331 0.9410160843 0.8650061018 0.6967593566 0.5387411477 0.3764699433 0.2760068733 0.3473302650 0.2646857304 0.2198221781 0.2339917811 0.2503929374 0.2497954841 0.1986989107 0.2174588000 0.2391365435 0.2738244941 0.2001696072 0.2323888021 0.1914941301 0.2107281096 0.2510582150 0.2590700424 0.2327012897 0.2724659916 0.2616233546 0.2479456542 0.2444080687 0.2259643979 0.2696061400 0.2619712342 0.3121034496 0.3873344864 0.4971766253 0.6738014717 0.7967717554 0.9473757257 0.9557321781 0.9027130929 0.7615126600 0.5495450074 0.4355491154 0.3285302346 0.2762068491 0.2775202273 0.2534419077 0.2304169267 0.2619076477 0.2694852796 0.2643818446 0.2726683209 0.2037584907 0.2007504681 0.2600946807 0.2534473592 0.2664757099 0.2047553962 0.2732305628 0.2426429158 0.2006172662 0.2886888873 0.2246733569 0.2524237563 0.2935280239 0.2043563855 0.2497023270 0.2749581500 0.3293450883 0.3726600265 0.4804833493 0.6150083446 0.7409905519 0.8690833785
0.2426568710 0.2158481880 0.2085759729 0.2386651527 0.2155670836 0.2710811795 0.3498570980 0.4584826353 0.6998724356 0.8099328405 0.9296407350 0.9593865142 0.8911961032 0.7335673078 0.5732201704 0.3799364729 0.3403389119 0.2523828393 0.2491971103 0.2429170893 0.1917138643 0.2148162266 0.2370503017 0.2129277406 0.2323678209 0.2398564884 0.2340340538 0.2301702619 0.2360567720 0.2420733032 0.1563272530 0.2370203861 0.1814810339 0.2342801626 0.2745085370 0.2323766485 0.1903328170 0.2550780913 0.2456089909 0.2234712857 0.2804560337 0.2819753738 0.3778816191 0.3965236615 0.6016996976 0.7370588457 0.8974996710 0.9743185951 0.9507894176 0.7737304588 0.5782536455 0.4541722081 0.3405273078 0.2726712752 0.2864218892 0.2785280815 0.2099230270 0.2424809922 0.2650070101 0.2087669050 0.2927465722 0.2204238612 0.2354365093 0.2051915671 0.2417493124 0.2563301834 0.2065439873 0.2751239454 0.2965774682 0.2099005404 0.2106924793 0.2734173920 0.2439770377 0.2232965855 0.2763403839 0.2249608148 0.2731182632 0.2607363741 0.3217628770 0.3886712648 0.5749286553 0.7019654434 0.8887637033 0.9094457675 0.8854421814 0.8389470131 0.6508653624 0.5637497659 0.3781863731 0.3152997181 0.2700929310 0.2281949436 0.2618751820 0.2312611613 0.2240055073 0.2151530477 0.2068113570 0.1756247135 0.2003872414 0.1951526696 0.2459223109 0.2307019178 0.2449842924 0.2949546439 0.2268542304 0.1897449230 0.2195360274 0.2082510372 0.2622970967 0.2537023865 0.2475269709 0.2459221674 0.2304986821 0.2486325158 0.2518322067 0.4129018569 0.5663811677 0.6753164443 0.8059288519 0.9581350050 0.9401001288 0.8685128900 0.7005561978 0.5749291295 0.4295721404 0.3447396403 0.2631634012 0.2551125156 0.2172918103 0.2831993553 0.2527418374 0.2472593862 0.2078901084 0.2630795476 0.2193836040 0.2735204124 0.2195752473 0.2412652312 0.2386471395 0.2904712796 0.2927813699 0.2490507503 0.2745332745 0.2522273783 0.2328023577 0.2456328160 0.2551837599 0.2507744183 0.2392831897 0.2420247607 0.2886654092 0.3899525118 0.5253953893 0.6299347536 0.7698021515 0.8824092905 0.9907363571 0.9180715664 0.7883408639 0.6038319987 0.4319086437 0.3776611838 0.2669789268 0.2395757455 0.2936423428 0.2062416077 0.2806181531 0.2836642851 0.2140087871 0.2273549628 0.2184817441 0.2258710862 0.2740411629 0.2387838691 0.2453665995 0.2572505110 0.1988258049 0.2672568134 0.2464526074 0.2265603983 0.3106715317 0.2632031124 0.2231135046 0.2914306684 0.2621215373 0.3209531095 0.2718911699 0.3625233379 0.4641565421 0.6100137032 0.7282476552 0.9121010261
0.2061495415 0.1778631009 0.2939221190 0.2718532669 0.2445649251 0.2997381408 0.3512737798 0.4656497028 0.5946592537 0.7992888573 0.9135447793 0.9690356022 0.8990625986 0.7455743857 0.5864404300 0.3906942553 0.3260818549 0.2677553196 0.2565773061 0.2117297784 0.2042646951 0.2074821210 0.2018338172 0.2525396738 0.2490027163 0.2302353874 0.1911055474 0.2275112853 0.2292012874 0.2115446769 0.2259703881 0.2587182668 0.1985204659 0.2097933038 0.1657263107 0.1938066263 0.1716505688 0.2382903970 0.2369524835 0.2402829114 0.2439268741 0.2900114715 0.3292044680 0.4141611616 0.5424546039 0.7200613513 0.8942188436 0.9618958388 0.8496465254 0.7762861460 0.6285819256 0.5001941631 0.3677578608 0.3159166050 0.2672740430 0.1887268877 0.2435536572 0.1959824220 0.2205256040 0.2861210422 0.2766236343 0.2376285755 0.2549486191 0.2393753169 0.2484360903 0.2214655147 0.2533718572 0.2532984753 0.2426655547 0.2278431586 0.2809730553 0.2037667457 0.2439861536 0.2296701462 0.2224649978 0.2833341416 0.2204176659 0.2888282765 0.3697506821 0.3828497538 0.5525562497 0.7156632702 0.9110070210 0.9564984788 0.9386759366 0.8515567089 0.6930553562 0.5138952558 0.3847007988 0.2834629888 0.2446867202 0.2205637094 0.2342523466 0.2835834118 0.2447298842 0.1967142118 0.1731507767 0.2551438193 0.2635799557 0.2044250668 0.2536294524 0.2781533083 0.2528170045 0.2567668808 0.2501163374 0.2829478201 0.2772621007 0.2335383668 0.1742401445 0.2192849393 0.2213961625 0.2058203987 0.2497831724 0.2249426568 0.2649585702 0.3690982376 0.4827838005 0.6738042100 0.8126504390 0.9666695488 0.9401607412 0.8849206032 0.7794489183 0.5834502490 0.4305102339 0.3840977367 0.2713026822 0.2157556085 0.2600758791 0.2285677358 0.2158544932 0.2039932870 0.2253192942 0.2075955265 0.2198946812 0.2393670496 0.2592928043 0.1969449336 0.2255867155 0.3089243892 0.2538673964 0.2536552644 0.2390327950 0.2213931162 0.2395255469 0.2581364059 0.2552223023 0.1808973180 0.2213432885 0.2815425266 0.3669790459 0.3807228670 0.4875571327 0.6291130752 0.7767612118 0.9498924706 0.9425529756 0.9301549599 0.7930456580 0.6010532779 0.5106507183 0.3534259702 0.3236246545 0.2595554816 0.2591366310 0.2625717673 0.2792114086 0.2389355991 0.2423236515 0.2470309847 0.1967911685 0.2011852657 0.2418121181 0.3013045039 0.2177897083 0.2705092631 0.2409989449 0.3066596999 0.2373561376 0.2449454491 0.2285853901 0.2090117927 0.2138407381 0.2505221698 0.2855745016 0.2610503962 0.2482945336 0.3501725070 0.4913223377 0.6124239503 0.7334987895 0.9283168409
0.2129015333 0.2372594238 0.2170125378 0.1933586713 0.2929095533 0.2889621771 0.3858608219 0.4597729740 0.5967312313 0.7771111634 0.9206410684 0.9689569134 0.8927647199 0.8015235754 0.5463219336 0.4066354088 0.3512862778 0.2424116343 0.2550320262 0.2466794367 0.2623330296 0.2393320727 0.2492737333 0.1940380697 0.2102423654 0.2409317967 0.2240363837 0.2435048365 0.2324522576 0.2199007023 0.2444363175 0.2409917646 0.2280161712 0.2693549153 0.1988681785 0.2123502228 0.2542242206 0.2308978764 0.2425594989 0.1968656458 0.2697105083 0.2754066220 0.3651255245 0.4246176051 0.5900849813 0.7795489362 0.8840521860 0.9001999106 0.9395994076 0.8204704463 0.6827128162 0.4909385438 0.3863975413 0.2408705106 0.3086246041 0.2632139512 0.2383424530 0.3151916126 0.2453647825 0.2161650790 0.2272922612 0.2432535265 0.2196948622 0.2211156126 0.2796493294 0.2614010965 0.1667101865 0.2495535792 0.2757431831 0.2269763612 0.2384018714 0.2230158288 0.2369380067 0.2181834757 0.2855710050 0.2367746787 0.2231847548 0.2757167426 0.3553255679 0.4385964394 0.5440971040 0.7155365735 0.8430597157 0.9535859842 0.9658738527 0.8736160338 0.7558993574 0.5456991013 0.4085858915 0.3161818238 0.2934576637 0.2727927215 0.2138239694 0.2736332511 0.2363589337 0.1992945770 0.2780459225 0.2489021796 0.2547102826 0.2598413477 0.2262228685 0.2139232283 0.2231982244 0.2279112137 0.2617590891 0.2489328640 0.2580068384 0.2834513726 0.2228074678 0.2372240721 0.2828098039 0.2513034931 0.2752964206 0.2674699702 0.3313931450 0.3554428445 0.4906032091 0.6761739498 0.7704071780 0.8838269419 0.9097100931 0.8820665710 0.7633490010 0.5752171330 0.4651290829 0.3761423522 0.3055303113 0.2497899854 0.2813165657 0.1896667921 0.2661967234 0.1975305067 0.2935974152 0.2736099075 0.2171796001 0.2465733476 0.2691848650 0.2323519424 0.2679647102 0.3051821167 0.2237453893 0.2237888375 0.2182176161 0.1863834281 0.2407339483 0.2036158531 0.2231913866 0.2688843277 0.2378135444 0.2254446761 0.2636405740 0.3230903939 0.4744417658 0.6330852831 0.8027343693 0.9372995105 0.9646440642 0.9611145111 0.7927140646 0.6024164705 0.5037207215 0.4402003710 0.2739653578 0.3078607605 0.2558941502 0.2371912146 0.2518705086 0.2666402250 0.2472671441 0.2521704565 0.2359790186 0.2792480305 0.2644116878 0.2436493256 0.1836178624 0.2137851696 0.2098344683 0.2015424731 0.2826405505 0.2237286545 0.2510807684 0.2604976521 0.3043293597 0.2626330651 0.2384935918 0.2534357749 0.3319298130 0.3152879746 0.4566725573 0.5739406617 0.7010522379 0.8651103197
0.2043770926 0.2685610832 0.2694325096 0.2057281369 0.2137726263 0.3249379279 0.2887497264 0.4388837099 0.6064714934 0.7835309307 0.9109206523 0.9260618606 0.9118641943 0.6973484314 0.5953492236 0.5144182917 0.3861176115 0.2734234187 0.2937942212 0.2141778008 0.2613523582 0.2393953472 0.2395335210 0.2274257961 0.2147390949 0.2194104599 0.1784849205 0.2477098211 0.2530471521 0.1951004943 0.1908370025 0.2050219760 0.2652953608 0.2767674405 0.2952131281 0.1806699650 0.2061955791 0.2385534694 0.2422403344 0.2202128879 0.2570493912 0.2558652868 0.3840256400 0.3793416390 0.5869457601 0.6994231874 0.8813237297 0.9779860656 0.9107943084 0.8432902129 0.6424630939 0.5272886433 0.3593885760 0.2824779421 0.2048044807 0.2537656384 0.2452560714 0.2433846018 0.2334695051 0.1810760115 0.2521647614 0.2540340728 0.2272098950 0.2364314791 0.2640581229 0.2915407403 0.2148795616 0.2819419337 0.1854110060 0.2650602627 0.2079044714 0.2263382494 0.2161743668 0.2511748666 0.2396730327 0.2505813605 0.2843010849 0.2401292172 0.3377828285 0.3352160097 0.5301364808 0.7001736564 0.8323390653 0.9574526746 0.9210174813 0.8380146972 0.6855489259 0.5047540024 0.3902968453 0.3510904032 0.2309892641 0.2747983788 0.2645972149 0.2397426916 0.1897884598 0.2352774859 0.2477100398 0.2367370415 0.2487799721 0.2543323389 0.2222365777 0.2188663332 0.2788064574 0.2182875624 0.2503467069 0.2088727557 0.2730515467 0.2457585669 0.2353173432 0.2849436909 0.2085281749 0.1658620799 0.2236800224 0.2494793225 0.2832985250 0.4271358651 0.4601549070 0.6640433943 0.8442957611 0.8684210397 0.9545370599 0.8672773889 0.6913132195 0.5603013034 0.4572013507 0.3710381242 0.2563736596 0.2111176245 0.2454331906 0.2758572544 0.2226612982 0.2360267935 0.2073982125 0.2261391133 0.2176714214 0.2178491321 0.2778378690 0.2605833452 0.2642575614 0.2776467868 0.2131774094 0.2106724311 0.2318675501 0.2234997256 0.2782040454 0.2205061029 0.2816159230 0.2400844906 0.2426899360 0.2651694308 0.2769952269 0.3492049468 0.4637959134 0.5875532267 0.7407835526 0.9265359774 0.9356011495 0.9696667047 0.7905029664 0.6472096491 0.5029637982 0.3857694576 0.3378403856 0.2317693343 0.2149401373 0.2716545241 0.2353770706 0.2451243286 0.2728113180 0.2477714760 0.2617654162 0.3148205877 0.2496438445 0.2661732123 0.2498590725 0.2250022873 0.2768412712 0.2053175827 0.2522855189 0.2504901622 0.2605639936 0.2288089923 0.1727658675 0.2889983968 0.1877776318 0.2901963579 0.3223932672 0.3327098535 0.4399687332 0.5297832307 0.6692913934 0.8298525884
0.2182225597 0.1938539983 0.1904069430 0.2042744761 0.2486638549 0.2879529564 0.3240964227 0.4207798004 0.6391815487 0.7877106009 0.9444795563 0.8817417020 0.9040974011 0.7927986352 0.6272333801 0.4731056452 0.3669699147 0.2672071109 0.2343109583 0.2134918134 0.2245716859 0.2610034077 0.1960535876 0.2013716140 0.2178804102 0.2851153390 0.2141879159 0.2785174253 0.2065891866 0.2040142747 0.2260976200 0.1955772813 0.2191977435 0.2064132574 0.2204519023 0.2365923089 0.2230845533 0.1818468095 0.2909578299 0.1896948084 0.2723853917 0.3131688582 0.2958344402 0.4046336575 0.5711085468 0.6922130519 0.8487486002 0.9614074888 0.8621046484 0.8145890179 0.6558075240 0.5260267362 0.3571197535 0.2525174039 0.3029235165 0.2366461013 0.2497057363 0.2206016356 0.2222729402 0.1939029289 0.1861823903 0.2097236395 0.1926005267 0.2456381985 0.2518770099 0.2226484555 0.1990025474 0.2233166796 0.2636312129 0.2492793012 0.2173353718 0.2250550584 0.2168721841 0.2390372199 0.3018583778 0.2377262320 0.2440925730 0.2864720108 0.3270049016 0.3913068569 0.5270899355 0.6985955927 0.7749498003 0.9156045875 0.9361859318 0.8986421911 0.7500941610 0.5285201265 0.3583332214 0.3599727183 0.2724034233 0.2389889898 0.1569316226 0.1838682294 0.2099246050 0.2446483374 0.2832370371 0.2160457228 0.2271858604 0.2569924576 0.2538487485 0.2277278180 0.2715547304 0.2314729915 0.2075145676 0.2117038963 0.2659067236 0.2037578950 0.2284812816 0.2396948435 0.2520578772 0.2350248332 0.2565747100 0.2571646906 0.3100449337 0.3647009636 0.5046561844 0.6104733246 0.7967716882 0.9196190511 0.9384808444 0.9018182306 0.7220812195 0.5615207595 0.4837547671 0.3733123769 0.2691264438 0.2844302078 0.2368266082 0.2620430738 0.2645690209 0.2628423536 0.2745333656 0.2799006365 0.2466147076 0.2215679826 0.2618827102 0.2169237233 0.2507781361 0.2383980705 0.2493083144 0.2362140407 0.2337878653 0.2268978328 0.2141933928 0.2237629150 0.2427694972 0.1793723657 0.2341844938 0.2785753451 0.2956553849 0.3235417452 0.4365408646 0.5945018246 0.7865734564 0.9042846370 0.9601818067 0.9396081626 0.8241906782 0.6516755257 0.5001697324 0.4054733045 0.3067774369 0.2376797919 0.2031623498 0.2569249292 0.1980434787 0.1899218438 0.2403456582 0.2618491707 0.1997360485 0.2744894960 0.2466702140 0.2319128730 0.2706187417 0.2244103893 0.2868119490 0.2257562879 0.2745439593 0.2364004559 0.2435685200 0.2645857270 0.2312258647 0.2155530838 0.2153698180 0.2526988592 0.2871567905 0.3254461886 0.4121531127 0.5386479966 0.6836735908 0.8775606946
0.1766118212 0.2408448654 0.1930277628 0.2126449283 0.1904440760 0.2681512330 0.3072241208 0.4362854243 0.5498660023 0.7475060727 0.8281813218 0.9222740131 0.8904220483 0.8193493542 0.6119196476 0.4219923692 0.3757647045 0.2295106019 0.2142260040 0.2315988094 0.2206554816 0.2115601968 0.2115053549 0.2067673640 0.2160843397 0.2525073006 0.2466891557 0.1921660543 0.2610998076 0.2165532733 0.2299023839 0.2747736616 0.1621772344 0.2232906024 0.2343553503 0.1772064547 0.1818127943 0.2395395328 0.2176577721 0.2238573220 0.2770303821 0.2588125806 0.3373150540 0.4011546565 0.4878392541 0.7260784360 0.7965811121 0.8770720039 0.9130325243 0.8827744128 0.6187677751 0.4638873144 0.4058551530 0.2875484005 0.2143050311 0.1960960463 0.2215977844 0.2562380407 0.2158265149 0.2143178642 0.2125765668 0.2504231989 0.2217156571 0.2289864987 0.2465640667 0.1606604654 0.2776360209 0.2559272635 0.2034759743 0.1711791769 0.1811253966 0.2306058089 0.2207309723 0.1960187957 0.2637239377 0.2129506869 0.2329374195 0.2412064776 0.2744922392 0.3605131111 0.4843519575 0.6368922729 0.8126223425 0.8885367417 0.9570702587 0.8812395011 0.7299447476 0.5720337986 0.3823003642 0.2838997113 0.2268363656 0.2337873347 0.2204780696 0.2474965098 0.2258360232 0.2355717159 0.2316997890 0.2610023596 0.2022756195 0.2145699463 0.1780620805 0.2411220525 0.2138779836 0.2202326438 0.1615061604 0.2088116306 0.1800420950 0.2192449672 0.2105091410 0.2235802753 0.1862472434 0.2265345715 0.2283523903 0.2539495883 0.2668820067 0.3750613904 0.4387450589 0.6055914259 0.7169859563 0.8934788009 0.9903460659 0.9084771167 0.7620164061 0.6265276909 0.5104113903 0.3477679561 0.2803936909 0.1951360592 0.2410013077 0.2505332859 0.2734069900 0.2107840894 0.2616694265 0.2505301219 0.2123612074 0.2319399632 0.2062212963 0.2052329261 0.2839719299 0.2389304317 0.2645797589 0.2819728699 0.2084891162 0.2259353873 0.2045459486 0.1858283576 0.1847940330 0.2262388180 0.2530836170 0.2218896701 0.2259538775 0.2644356297 0.3450236475 0.6005413085 0.6888269247 0.8608468579 0.8796862370 0.9253839323 0.8163868598 0.6792751068 0.5068304034 0.3906509058 0.3088778450 0.2457494480 0.2499703575 0.2009150703 0.2262916978 0.2733627265 0.2500720353 0.2878738815 0.2082693333 0.2305946819 0.2572930172 0.2064296083 0.2562012106 0.2403276139 0.2499344963 0.2192165845 0.1962872373 0.2268696792 0.2289965566 0.2189724050 0.2266415013 0.2080723724 0.1885723286 0.2169017932 0.2522793950 0.3173786776 0.4089707153 0.5368000472 0.6436285968 0.8640902775
0.1728593234 0.1781935061 0.2153277096 0.2290973634 0.2197531726 0.2522835089 0.3336622269 0.4394846788 0.5538751413 0.7170558599 0.8268638934 0.9031322907 0.9117502887 0.8321048550 0.5864449719 0.4782464538 0.3828252223 0.2266956699 0.2816501449 0.2002151558 0.2061738363 0.1783279271 0.2211635263 0.1924299896 0.2139548153 0.1687577304 0.2275409304 0.2280078844 0.1548273469 0.2189474919 0.1846095754 0.1806337188 0.1739829464 0.1830091789 0.1891448136 0.2008241865 0.1728864873 0.1537178209 0.2563779481 0.2369991649 0.2457595006 0.2954679131 0.2661163939 0.3780566516 0.5051269568 0.6627510538 0.8435443749 0.9196540337 0.8957515596 0.8664000652 0.7160266862 0.4974009582 0.4269208096 0.2974226549 0.2782119327 0.2368969691 0.1952922098 0.2520075517 0.2347003877 0.2406528476 0.1423708011 0.2082543283 0.2089905179 0.2207459026 0.2485637407 0.2020232388 0.1996111599 0.1886611466 0.2154673112 0.2252575227 0.1733395904 0.2167028342 0.2524800289 0.2050199356 0.2522031937 0.2255432986 0.2128967524 0.2328522155 0.2681460341 0.4143675292 0.4579035642 0.6394483286 0.7904857662 0.8530600163 0.9373634675 0.8492116089 0.7362144515 0.5718678514 0.4422210575 0.3054102913 0.2420523669 0.2394398840 0.2265743047 0.2487866210 0.1814462104 0.2310429196 0.2101216048 0.2186870788 0.2661318175 0.2394180479 0.2293598984 0.1992873691 0.2352233407 0.2134596763 0.1819357177 0.2448585830 0.2418915443 0.2268392810 0.2562316960 0.2408068953 0.1695590853 0.2144655738 0.2133779961 0.1809637481 0.3076515688 0.3657240665 0.4235382022 0.5465019983 0.7612824332 0.8788484430 0.9195118985 0.8600138633 0.7876042120 0.6495854427 0.4551931483 0.3911407991 0.3019345707 0.2431975065 0.2052187098 0.1819860694 0.2218937835 0.2057698109 0.2221193737 0.2388113982 0.1848918787 0.2583930264 0.2325395133 0.1928259947 0.2262399547 0.2383065650 0.2412736316 0.2633831382 0.2346146154 0.2567047214 0.2633357184 0.2515462050 0.2612852231 0.2016545897 0.2851583803 0.2614575702 0.2504690326 0.3043884809 0.4096473355 0.5696722929 0.6745525310 0.8152394391 0.9319569193 0.8928964304 0.8433887883 0.6676130187 0.5341914180 0.3713914411 0.3303422565 0.2192119482 0.2613212169 0.2223190911 0.2476045778 0.2835643471 0.1620775961 0.1636374578 0.2341098611 0.2628803665 0.2544621375 0.1789645600 0.2420956475 0.1644037934 0.2954934456 0.3017415556 0.2615825881 0.1687856618 0.2655790198 0.2249773161 0.2554970210 0.2528597978 0.2118300890 0.2932360259 0.2359282513 0.2944512395 0.3867807630 0.4783899517 0.6790783557 0.8229233260
0.2171733534 0.1930246538 0.1704238101 0.2257446332 0.1697829363 0.2399095715 0.3165536669 0.3564680698 0.5063486463 0.6677502483 0.8730027476 0.8774600424 0.8805290267 0.8019872024 0.5930912305 0.4533462223 0.3170335054 0.2813957887 0.2137746335 0.1989124407 0.2159465939 0.1901973396 0.2260724080 0.2330337082 0.2071430149 0.1834448027 0.1754234070 0.1981419134 0.2449035150 0.2304412787 0.1932007156 0.1932579557 0.1936321231 0.1933367086 0.1947316290 0.2179408208 0.1998040181 0.2145246202 0.2631575576 0.1683279002 0.2232569958 0.1771774285 0.2997618557 0.3536741705 0.4781372137 0.6434833986 0.8000184197 0.8417451327 0.9625548909 0.8252601160 0.6684563929 0.4853576575 0.3834008342 0.2781722147 0.2091258272 0.2234419913 0.2256377997 0.2268619230 0.2417194891 0.1923227066 0.2088480517 0.2420051480 0.2143410095 0.2301660425 0.2193695241 0.2109801883 0.2268010662 0.2898580224 0.2691380288 0.1491615873 0.2122462643 0.2430672853 0.1946657356 0.1674471719 0.2096998727 0.1903969737 0.2374912606 0.2648276736 0.2975080984 0.3204832229 0.4409473513 0.6359052271 0.7542048924 0.8145690300 0.8791337410 0.8507608119 0.7558483227 0.5723280560 0.4549232987 0.2865614125 0.2565233390 0.2306859280 0.2390015384 0.2000945632 0.2235379961 0.2313628159 0.2493391702 0.2126841728 0.2219750281 0.1897161282 0.1972661444 0.2255876222 0.1949769935 0.2073233675 0.2206613858 0.1736553557 0.2223140426 0.2079202044 0.2714753930 0.1836764881 0.2018172496 0.2427204811 0.2427113072 0.2311940454 0.2767100004 0.2668572218 0.4549369332 0.5662543808 0.7244143760 0.8607348566 0.8950095437 0.9388640435 0.7739622950 0.5797244852 0.5110310134 0.3089466362 0.2390109841 0.2529098737 0.2209075001 0.1801724366 0.1959878341 0.1683350183 0.2527133064 0.2062106502 0.2124289169 0.2026286223 0.2750457036 0.2108666113 0.2223085275 0.2089331612 0.2228883884 0.1582244892 0.2430903179 0.2248870069 0.2506082667 0.1916127679 0.2325694975 0.1814322775 0.2351700303 0.2544462007 0.2999437341 0.3128554195 0.4311503642 0.5023612015 0.7131467597 0.8414745273 0.8864339106 0.9626089978 0.8512596708 0.6549049413 0.4989196724 0.3712506652 0.3210211174 0.2788093241 0.1946505619 0.2376739636 0.2008937747 0.2041970588 0.2013670149 0.2420627214 0.1698025434 0.2955304200 0.2220566891 0.2790172365 0.1872384956 0.2152983596 0.2418146807 0.1840204916 0.2321838977 0.2734961793 0.1850072512 0.2245880618 0.1594170783 0.2103843543 0.2228384601 0.2244733306 0.2311914202 0.3225457993 0.3587114480 0.4945903483 0.6394302863 0.7668121404
0.2191361979 0.2013914520 0.1427434259 0.2244015292 0.2045975641 0.1733568375 0.2392341482 0.3625403795 0.4791874583 0.6639804068 0.8024384039 0.8830441660 0.8573599017 0.7745072639 0.6354203237 0.4651155835 0.3673733047 0.2969577794 0.2649772876 0.2174948407 0.2005687788 0.1587311258 0.1702277642 0.1783693145 0.2063509780 0.1975924140 0.1925361117 0.1673228427 0.1988894314 0.2182820427 0.1724627360 0.1772507515 0.1722211144 0.2156821486 0.2066279736 0.1639341541 0.1941112254 0.2315175247 0.1577041646 0.1558450092 0.2113925343 0.2425043490 0.2999854880 0.3326859409 0.4442808025 0.6746484621 0.7503258564 0.8536600394 0.9388095350 0.8423101399 0.6888828117 0.4847880079 0.4389144153 0.2950919172 0.1561261432 0.1998322628 0.2088820990 0.1729337896 0.1956359691 0.1995899365 0.2294147198 0.1619192783 0.2159803110 0.1562833683 0.1911639388 0.1654568221 0.2237772125 0.1493802757 0.2595045233 0.2067454418 0.1959509439 0.2486349977 0.2443890644 0.2194278562 0.2101940959 0.1825674789 0.2180852158 0.2268094887 0.2543976901 0.2927083027 0.4007295580 0.6236335496 0.7577042697 0.8730895080 0.9142903212 0.8725479275 0.7316140712 0.5721770182 0.4610956239 0.2918066236 0.2847618946 0.1878383308 0.2265777250 0.2626168093 0.2270035179 0.1988865929 0.1966671567 0.2320797252 0.2063229431 0.1586652970 0.2158044236 0.2493371033 0.2322224769 0.1951076519 0.2449477908 0.2095154001 0.1765425699 0.2461082788 0.1704028775 0.2395594516 0.2827339308 0.2167430531 0.1617828109 0.2249818063 0.2572409647 0.2340581608 0.3512709650 0.5471106504 0.6741200109 0.9050399540 0.9463802173 0.9163704767 0.7596466958 0.6215558519 0.4652712376 0.3490747808 0.2775619830 0.2787894287 0.2501364942 0.2545761752 0.2342811180 0.2424890668 0.2222531332 0.1895723949 0.1954245596 0.1937117544 0.2250460091 0.1687392164 0.1848798257 0.2653315710 0.2056766960 0.2053056631 0.2238737591 0.1962005759 0.2593403174 0.2257605410 0.1719981136 0.1530834428 0.2337449955 0.1981235193 0.2427436665 0.3282970732 0.3671343026 0.5161607098 0.6454749194 0.8163556441 0.9230814275 0.9665061105 0.8408186776 0.6491711468 0.5625221388 0.3693863930 0.3043572217 0.2439358464 0.2537558527 0.2421711478 0.1951304829 0.1925043594 0.1827914671 0.2564931811 0.2012900139 0.2533107556 0.2701091224 0.2652175070 0.2083116661 0.1630092907 0.2338721361 0.2016443904 0.1860931433 0.2157237640 0.1950254973 0.2008632275 0.2079622354 0.2370328389 0.1693387188 0.2098664865 0.2518737238 0.2991638698 0.3541859494 0.4252737774 0.6392422504 0.7765378378
0.1489355871 0.2305663405 0.2015157107 0.2135471656 0.1734940877 0.2394800173 0.2905550292 0.3282068936 0.5033883317 0.7131042665 0.8636514793 0.9070312480 0.9132450797 0.8081442328 0.6429165518 0.4628941194 0.4034745672 0.2940610495 0.2382051012 0.1955722127 0.2012205222 0.1952752017 0.1914409224 0.1695040240 0.1504976006 0.1765557273 0.1623992669 0.1522223837 0.2301048193 0.1839515757 0.2283250551 0.1918547107 0.1693220972 0.1887842348 0.1787395855 0.1672301308 0.1916457352 0.2175759335 0.1955540349 0.2023179700 0.1439948525 0.2175962554 0.2229802167 0.3604573746 0.4717906113 0.5760885972 0.7830271468 0.9084980342 0.9101252454 0.8027649735 0.7285065472 0.5613034996 0.4439644757 0.2673257007 0.2524420839 0.2441856310 0.1855225247 0.2342214021 0.1593279930 0.1895893486 0.1645272214 0.1530947156 0.2263588302 0.1647080349 0.1926652152 0.2294307018 0.1965947148 0.2016674174 0.2287607349 0.1809191781 0.1710352383 0.2262124515 0.1591237847 0.1837164301 0.1794993640 0.2421402403 0.1425796048 0.2048959368 0.2883526325 0.3004120936 0.4336217845 0.5657368455 0.6811380861 0.8705926105 0.9497495868 0.8856478527 0.7403036845 0.5825560337 0.4485660406 0.2981598343 0.2400277721 0.1883593642 0.2398420675 0.1746824410 0.1888460978 0.2541458394 0.2713639773 0.1939420509 0.1395049278 0.2169029911 0.2071604924 0.2281128270 0.1589609266 0.1864803682 0.2273361741 0.1848588368 0.2317697556 0.2296958400 0.2285942400 0.1861215592 0.1724240561 0.2021999103 0.2106178462 0.1987381366 0.2450559549 0.3272591537 0.3698851672 0.5772705768 0.7082302552 0.8141490818 0.8808456087 0.9380793196 0.7785847451 0.6257232001 0.4927822519 0.3100472849 0.3232112114 0.2297209665 0.1842724516 0.2135000835 0.1862197921 0.2616659387 0.1846778282 0.1926588992 0.2041752079 0.2443577349 0.1849159838 0.2149465413 0.2195941529 0.1687560275 0.1630559933 0.2024571440 0.1926098148 0.2143541419 0.2660084315 0.2096489827 0.2119395394 0.2170805823 0.2074330890 0.2240788170 0.2160475337 0.3081483480 0.3738278815 0.4727819766 0.6685454235 0.7953181967 0.9176960398 0.9102986753 0.8120755520 0.6909328675 0.5532093960 0.3687810985 0.2638766710 0.2327447926 0.1997864827 0.2623286799 0.1681696450 0.1544000981 0.1900185448 0.2198400764 0.2352706180 0.2186767889 0.2182142906 0.2019851646 0.1996260212 0.2727539678 0.2311072962 0.2244232657 0.2276879807 0.1732258340 0.1971202846 0.1784829465 0.1932827639 0.2437978836 0.2080126095 0.2131215574 0.2623500035 0.2386661906 0.3569758734 0.4107013423 0.6011455561 0.7733479995
0.1981111309 0.1797826010 0.2090542568 0.1901643836 0.2316391347 0.1832401039 0.3221944756 0.3798287773 0.4840790890 0.6286697118 0.7774840718 0.8545405228 0.9244662088 0.8519183458 0.6712144365 0.4329877186 0.3422871118 0.2878089354 0.2249546957 0.2404064887 0.2421226260 0.1779114024 0.1838133864 0.1571486999 0.1717896655 0.1921858304 0.1672757836 0.1947995583 0.1745541622 0.2343539626 0.1487652987 0.1578706239 0.2146398878 0.1800578129 0.1886747964 0.2046475744 0.2232065995 0.2057060474 0.1523141409 0.1907034338 0.1792452382 0.1974104067 0.2556637106 0.2625510090 0.4165045927 0.5966673578 0.7856225733 0.8752337926 0.9390289166 0.8689236136 0.7766172902 0.5230740047 0.4010347340 0.2545761592 0.2362953237 0.2260793377 0.1945056156 0.1628927163 0.2105313783 0.1776299737 0.1539113306 0.2115601149 0.1722638408 0.1761925137 0.1489196140 0.1562708416 0.2328323922 0.2295509947 0.1830600016 0.2068757886 0.2322446664 0.2040282214 0.2078407665 0.1340809163 0.1939939594 0.1678305491 0.1839943107 0.2165675306 0.2305646080 0.2917498416 0.4169139189 0.5778968294 0.6932052206 0.8887737954 0.9373349336 0.8684483148 0.7361500595 0.5990043287 0.4617948006 0.3300777235 0.2529376924 0.2394954939 0.2165345461 0.1854169896 0.1903328952 0.2182554781 0.1571204542 0.1911719112 0.1194376182 0.1757102868 0.1929508829 0.1751478627 0.1758781706 0.1785143747 0.1856643319 0.2345806990 0.2087939524 0.1826451072 0.1619340842 0.2158847207 0.1926272237 0.1937428704 0.2234052816 0.2319308271 0.2513782400 0.2957251217 0.3634739350 0.5183212016 0.6781855031 0.8130353252 0.9056152345 0.8775371516 0.8202108455 0.6519307206 0.4416785525 0.3848903163 0.3326177999 0.1793816807 0.2387233458 0.1898685689 0.2234492878 0.2151765192 0.2095620790 0.2367205317 0.1564785021 0.2082542885 0.1700208038 0.2148906581 0.2149839024 0.2059749870 0.1781327987 0.1760670796 0.1665670050 0.2337394207 0.1866280579 0.2269929740 0.2012004889 0.2186816056 0.1882080253 0.1789059768 0.2832971536 0.2110303848 0.3193212874 0.4627816189 0.6938223322 0.8256534194 0.9086024818 0.8873054591 0.7758168293 0.6707075633 0.5567522961 0.4331699871 0.2844237909 0.2698497097 0.2190816655 0.2465070762 0.2180028107 0.1998142956 0.1442999881 0.2164219987 0.2438918801 0.1787538664 0.2280224949 0.2307932367 0.2238649260 0.2104829977 0.2010387944 0.2189388282 0.1940411829 0.1818995675 0.1555829166 0.2624712831 0.1631299260 0.2294716023 0.1972137635 0.2374141233 0.2124648591 0.2585020378 0.2823884337 0.4053997088 0.5642795572 0.7887667548
0.1955967433 0.1554390057 0.1877284219 0.1875374752 0.1898597645 0.2307994931 0.2713374226 0.3743151568 0.4532890033 0.5948584658 0.7637002119 0.8814053250 0.8818235029 0.7883051152 0.6631802010 0.5103032435 0.3514929854 0.2799675020 0.2607969630 0.1826265105 0.2058448977 0.2239934733 0.1786022171 0.1799638028 0.1855766735 0.1885700220 0.1909494954 0.2454435020 0.2389277677 0.2185386277 0.2055236967 0.1402030973 0.1848241910 0.1723070898 0.1986887818 0.1828927786 0.2169061932 0.1620625861 0.1930813649 0.2180518007 0.1884554406 0.2105610439 0.2688633623 0.2936594795 0.4167875488 0.5808369496 0.6692685005 0.9116951729 0.9545282346 0.8589391857 0.7292711562 0.5705843817 0.3813890406 0.2912914421 0.2070658134 0.2069938564 0.2027231100 0.1757850370 0.1976895563 0.2006687819 0.1737984089 0.1969195640 0.1599593698 0.1789131016 0.1743480620 0.2271103815 0.1344418303 0.1648304021 0.2076177934 0.2229080887 0.1873695278 0.1850824221 0.2185970299 0.2156362818 0.1742673329 0.2190428733 0.2025613371 0.1614703368 0.2302566377 0.2925682601 0.3915023236 0.5457891175 0.7610652187 0.8413573182 0.8887722490 0.8528119359 0.7680933504 0.6091815020 0.4652303653 0.3416254294 0.2140937964 0.2103402541 0.2180118206 0.2414832064 0.1702132114 0.1955128289 0.2301262442 0.1610527193 0.2011853049 0.2061789114 0.2365336709 0.1906575632 0.2022062367 0.1769578729 0.1965433677 0.2736088123 0.2195751643 0.2303490429 0.2368958099 0.2432605283 0.2337376053 0.2432437396 0.2515324596 0.1934716249 0.2211319527 0.2607479043 0.3987958274 0.4903103973 0.6666651673 0.8305098479 0.8847274743 0.9096051250 0.8129238263 0.6573103112 0.4785240228 0.3671947653 0.2601210947 0.2227435172 0.1998946278 0.1931566366 0.2064618112 0.1762334045 0.2189140312 0.1747328235 0.2031794778 0.1731478647 0.2656426807 0.2042085139 0.1620167812 0.2156947373 0.2057304989 0.2427774020 0.2221355417 0.2361891276 0.2152526720 0.2564372561 0.1892736917 0.2020534999 0.2267461950 0.2307597714 0.2299539912 0.3340243999 0.3487126633 0.4897124795 0.5805827703 0.7677739835 0.8451904274 0.9147890045 0.8660958890 0.6862195439 0.5321013049 0.4276342441 0.3134042365 0.2518359089 0.2350143696 0.1830730635 0.1725218293 0.2168947615 0.1875988227 0.2161549397 0.2117009520 0.2273367484 0.1623463781 0.2346340574 0.1934786862 0.2179466979 0.2310214660 0.2093340935 0.2026954140 0.2198772470 0.2143046902 0.1955480343 0.2226368401 0.2438262604 0.1875336096 0.1924996104 0.2573564457 0.2656921102 0.3038296343 0.4100291311 0.5766308404 0.7297234246
0.1926784781 0.1959225277 0.2009911272 0.1918171156 0.1939558466 0.2395068182 0.2475495006 0.3961453799 0.4651584394 0.5895436232 0.7914463608 0.8732556221 0.9241824639 0.8405328484 0.6890785747 0.5510648923 0.3559745602 0.2391867042 0.2614386696 0.2517177580 0.2056839277 0.2034837166 0.2279763197 0.1713673992 0.1926649832 0.2142746839 0.2003565797 0.1946989367 0.2060729733 0.1849676001 0.1539114654 0.2204866404 0.1721502182 0.1772692789 0.1784558797 0.2509054695 0.1512393596 0.2253073598 0.1428090697 0.1424917418 0.2075052030 0.2077638858 0.2973697024 0.3076137277 0.4474300203 0.5525169319 0.7811769215 0.8716072588 0.9196480842 0.8375219060 0.7441256880 0.5329601920 0.4228351536 0.3101106118 0.2519876439 0.1943031422 0.2535969675 0.1877504300 0.1619193418 0.2056003599 0.1594207737 0.1488891735 0.1999775752 0.1540639754 0.2128543684 0.2320750579 0.1854613639 0.1618792686 0.1641670031 0.1799268898 0.2175007630 0.2041057335 0.2161801030 0.1534696105 0.2171179596 0.1995752493 0.1944010902 0.2191480811 0.1743022614 0.3240885074 0.3522936702 0.5464401303 0.6786101668 0.8438242772 0.8960772800 0.8561150989 0.7666429682 0.6263884638 0.4563054532 0.3636916407 0.2831611418 0.2298965144 0.1828628467 0.2368658131 0.1463458057 0.2337440507 0.1943982773 0.1370740617 0.2235056042 0.1886908618 0.1703984549 0.2454039856 0.2004644495 0.1909763224 0.2320953656 0.1752528313 0.2000214956 0.1928068560 0.1923444705 0.2204021110 0.2302536393 0.2025805255 0.2299950720 0.1953833741 0.2315860347 0.2689909509 0.3244517895 0.4702326412 0.6411637746 0.7910280145 0.9059039735 0.8948000799 0.8959233606 0.6517412387 0.5350088950 0.3998138631 0.2970908715 0.2432796155 0.2351009545 0.2167272123 0.2163069215 0.1728539362 0.2035596870 0.1948602913 0.1931958312 0.2329231271 0.1940272549 0.1973828329 0.1474797953 0.1672861610 0.2243025248 0.2166128093 0.1981498244 0.2402769775 0.2081227260 0.2110575599 0.1987934575 0.2484828269 0.2057013578 0.2017072630 0.2409569231 0.2345315388 0.3798962711 0.4899204292 0.6070251433 0.7645312519 0.8802363939 0.9025824021 0.8749375485 0.6840608136 0.5409094102 0.4292119247 0.2968371073 0.2046808210 0.1989284536 0.2432000364 0.2074563163 0.2402841490 0.2187476813 0.2556558885 0.2556477196 0.2203327973 0.1564416806 0.1557931083 0.2638918617 0.2121134536 0.1831202790 0.1851450446 0.1510993559 0.1804365180 0.1963027164 0.1402485817 0.2287796278 0.2264875944 0.2720839911 0.2257582455 0.2364480572 0.2816510112 0.3274884648 0.3921164165 0.5502766520 0.7174226127
0.2225030040 0.2028446715 0.1900662658 0.1741745642 0.2224255244 0.1830990377 0.2726147403 0.2651067904 0.4804001448 0.5888998829 0.8082859611 0.8362342418 0.9130458488 0.7940376622 0.6732654194 0.5484079606 0.3667204460 0.2795035410 0.2886424324 0.2257796774 0.1618862800 0.1185984212 0.2133446959 0.2137046039 0.1859973631 0.1928315873 0.2250505584 0.2094806057 0.2222885019 0.2435221377 0.2546663753 0.2038827571 0.1983734376 0.2091480958 0.2075702256 0.1385013386 0.2103552167 0.2361628775 0.2006275706 0.1992864967 0.2071699149 0.2290451670 0.2261366250 0.2799835259 0.4177048063 0.5253175953 0.7293727703 0.8731670605 0.9640791509 0.8548182473 0.7707514499 0.5943530781 0.4398319635 0.2851054795 0.2308762664 0.1881319218 0.2378954432 0.1951334392 0.1969435005 0.2148054775 0.2185567081 0.1620638454 0.1422125981 0.1629027818 0.2273647296 0.2378283764 0.2165924050 0.2167380663 0.2152977840 0.1979225592 0.2417377056 0.2126133907 0.1785402947 0.2349771262 0.1453920538 0.2057301054 0.2203790859 0.1957904712 0.2530901850 0.3140136726 0.4495391056 0.4731421870 0.6504746522 0.7664918906 0.8690009152 0.9100680498 0.8431798354 0.6545308108 0.4782607650 0.4100387058 0.3073037824 0.2163700930 0.1982098148 0.2363304413 0.1486578008 0.1952858903 0.2014721423 0.2487934722 0.2444233995 0.2363149967 0.2013894696 0.1862931947 0.1787452162 0.2073888153 0.2279853180 0.2407461860 0.2130594301 0.2060690082 0.2150752506 0.1726589276 0.2720601666 0.2195332903 0.2218784962 0.2019611986 0.2495326735 0.2879560868 0.3702167242 0.4885326719 0.6320744968 0.7623870921 0.9109478856 0.9471880060 0.8095272690 0.7059887541 0.5411173611 0.3710502178 0.2785897278 0.2727415751 0.2197727683 0.1900202026 0.1974753786 0.2220966659 0.2210691908 0.2037961795 0.1966407348 0.2364606691 0.1826011891 0.2108210555 0.1926183038 0.1791869033 0.2154695254 0.2268571459 0.2504754410 0.1779056595 0.1876876545 0.2252464133 0.2243340171 0.2343170114 0.2174405703 0.2450541589 0.2303616865 0.2300523606 0.3250410782 0.4156170992 0.6194384463 0.7619078369 0.8522463363 0.9401064824 0.9232773308 0.7175161152 0.5950073650 0.4431241111 0.3375957915 0.2942763608 0.2363814504 0.2330158086 0.2340996401 0.2344236117 0.2020373718 0.2393324924 0.2295179520 0.2363196053 0.1892103688 0.2097682220 0.2596393496 0.2239421411 0.2099016732 0.2566582486 0.1606886113 0.2406373744 0.1978633604 0.1776821310 0.2106482564 0.2142700571 0.2557224377 0.2373942645 0.2583625569 0.2726319413 0.2721902526 0.4028223673 0.6034135489 0.7327515340
0.2630409757 0.1826195212 0.1996925762 0.2098475105 0.2416408143 0.2257368315 0.2657947411 0.3214122963 0.4451390750 0.6303142103 0.7702617122 0.8548906395 0.9466746153 0.8435696822 0.7399833106 0.5225003248 0.3911772827 0.3159633049 0.2603152464 0.2295297595 0.1926560779 0.1693382214 0.1870290506 0.1980701523 0.1838174540 0.1994814260 0.2150813418 0.2204763679 0.1845835640 0.2328353428 0.2136986124 0.1983959167 0.1933990361 0.2024194591 0.2023612397 0.1809283858 0.2213624841 0.1426579530 0.2024187108 0.1897070133 0.1867059653 0.2108808269 0.2853468250 0.2688384241 0.4055216659 0.4892515586 0.7267441358 0.8644518919 0.9663419048 0.9315409276 0.7932618931 0.6847027375 0.4533568874 0.3771635770 0.3201248445 0.2232380206 0.2088477583 0.2486879413 0.1722812275 0.2005836369 0.2481869680 0.1919756117 0.2097590842 0.2063815162 0.1851609389 0.2339443589 0.2115121216 0.1940840774 0.1805070309 0.2221514981 0.2258910950 0.1622443332 0.2351801133 0.1940664305 0.1923245495 0.1999499353 0.1714702724 0.2357745344 0.2928793745 0.2897398014 0.3794242715 0.4719696853 0.6855647469 0.8365575610 0.8938664180 0.9037004854 0.8150860997 0.6749761986 0.4804801246 0.4269646286 0.3008228394 0.2546062347 0.2393094049 0.2278082011 0.2423392542 0.2137390800 0.1787336701 0.2030751828 0.1855589249 0.2153318892 0.2520678898 0.2068031753 0.1805713182 0.2490912693 0.1823197425 0.1905612129 0.2062456344 0.2114921232 0.2632923283 0.2048979481 0.2136639764 0.2379881922 0.2100164324 0.2704885744 0.1590162345 0.2769269112 0.3224774153 0.4732234361 0.6661407753 0.7816056546 0.9252800019 0.9313977759 0.8205644963 0.7194285137 0.6195026388 0.4280849337 0.3241692849 0.2885211647 0.2435863573 0.2392455962 0.2117525083 0.2393888403 0.2267422905 0.1486516737 0.1768341636 0.1962604998 0.2359714517 0.2605308721 0.2204083982 0.2582421302 0.1939864787 0.2234112004 0.2354269527 0.1819340039 0.2172594973 0.1949479986 0.2156652419 0.2190805722 0.2212332527 0.2318281984 0.2262267281 0.3034888449 0.3192531488 0.4795834709 0.6101217373 0.7611517413 0.8884672974 0.9107901065 0.8924828830 0.7901644710 0.5880792246 0.4666048187 0.3305797708 0.2512813312 0.2475173714 0.2484509701 0.2049201557 0.1968704893 0.2334957963 0.1762879858 0.2796590822 0.2090412263 0.2645519591 0.1596625181 0.2094013246 0.2302080168 0.2663495513 0.2482364724 0.2232072748 0.2088928445 0.2323205843 0.2478114063 0.2554789124 0.2105335743 0.2028833185 0.2676443766 0.2888217369 0.2349921060 0.3569173846 0.4163609629 0.5108212269 0.7403205171
0.2278397128 0.2285906338 0.2237620451 0.2038594006 0.1669598347 0.2008009065 0.2848143552 0.3851276528 0.4694011915 0.6049882699 0.7615847165 0.8760896965 0.8734531510 0.8852246655 0.7145523580 0.6093381235 0.4072938451 0.3376906660 0.2400680346 0.2250168204 0.2336981987 0.2273433077 0.2316743010 0.2162757592 0.2003140791 0.2118175260 0.1960823931 0.1451130900 0.1933442741 0.1617086716 0.1896803083 0.1614819984 0.2405228607 0.2195612350 0.1887455192 0.1981124276 0.2037094969 0.2018557270 0.2243208141 0.1930472825 0.2388029636 0.2087111682 0.2520863737 0.3047959816 0.3662894943 0.5824687275 0.6926099548 0.8332218906 0.9380642550 0.9399093964 0.7526862017 0.6514947630 0.4493728454 0.3498601408 0.2594536675 0.2024235224 0.2274500946 0.2110985437 0.1850441391 0.1733681636 0.1833456984 0.2140705809 0.2166830177 0.1986504526 0.1529626840 0.2250568179 0.1913381137 0.2020297874 0.2074645870 0.2183506429 0.1900207462 0.2090238136 0.2038837574 0.2041939336 0.2089632190 0.2064217191 0.2407039619 0.1848602069 0.2455944085 0.3110935479 0.3771871018 0.5437615257 0.6785981539 0.7761716733 0.9415026730 0.9005770603 0.8139407512 0.6631734052 0.5039126737 0.4376028054 0.2768984455 0.2595213435 0.2038351418 0.1847936532 0.1600992301 0.2096005958 0.2123964058 0.2375771121 0.1963745776 0.2113029295 0.2387026963 0.2179463119 0.1982427030 0.1433166419 0.2412240443 0.2558684842 0.2284769539 0.2274496411 0.2170255053 0.2035436047 0.2258020444 0.2188158559 0.2292979751 0.2237146377 0.2847133593 0.2521397871 0.3262749062 0.4241229882 0.5883805533 0.7871850067 0.8588880234 0.9325097201 0.8340051957 0.7452775595 0.5548804202 0.4602252745 0.2831691014 0.3098405412 0.2608070851 0.2537875534 0.2034743064 0.1936820874 0.1907392086 0.1967129889 0.1966169757 0.2480269743 0.2068787828 0.2017194434 0.2005615722 0.2631264333 0.2557274520 0.2063830145 0.2212191835 0.2110554759 0.2306652296 0.2184163656 0.2612147295 0.2575360859 0.2617130689 0.2005621787 0.2574763761 0.2517218711 0.3197334399 0.4221828223 0.6223766559 0.7854736763 0.8418329797 0.8999819503 0.8746920524 0.7803696270 0.5536727718 0.4464814835 0.3083034391 0.2764176753 0.2186649516 0.2538032998 0.2412692177 0.1922428067 0.2338770749 0.1543707797 0.2201779929 0.2108649953 0.2488606442 0.2025331887 0.2507496686 0.2502612429 0.1762951096 0.2076765001 0.2340460866 0.2726327575 0.2063391758 0.2292690376 0.2103761086 0.2335829365 0.1869611546 0.2414782649 0.2686090938 0.2756890910 0.3010875043 0.3896666560 0.5503243240 0.7656762613
0.1880818728 0.1562692632 0.2722517290 0.1998169068 0.1596843198 0.2087487530 0.2499713005 0.3444005875 0.4520751646 0.6059760012 0.7424466795 0.8762366864 0.9295080225 0.8911549554 0.7961540492 0.5995003803 0.4648848635 0.3353711880 0.3043913496 0.2348990455 0.2242595598 0.2131423793 0.2010463674 0.2589800292 0.2382185421 0.2203844741 0.2419488517 0.1734957179 0.2005059426 0.2332537184 0.2365478944 0.1893143873 0.2256768723 0.1814773918 0.1899409362 0.2268972603 0.2247911665 0.2062524787 0.2051150813 0.2549923563 0.2311924035 0.2163345297 0.2134860661 0.2891924383 0.3306471741 0.5264460623 0.6951415453 0.8532169772 0.9311723226 0.9522606862 0.8028009949 0.6172271723 0.4985501846 0.3726386249 0.3004285502 0.2681838283 0.2318969426 0.2433389422 0.2007973562 0.2143690307 0.2011576210 0.2413358834 0.2125002785 0.1771024963 0.2225587981 0.1857614254 0.1781937011 0.2405316279 0.2241682174 0.2356680339 0.2493535013 0.2347313615 0.2073076916 0.2355430814 0.2408111689 0.2549142968 0.1748638290 0.2610150861 0.2723984963 0.2779152877 0.4315496005 0.4800782661 0.6215436789 0.7841977881 0.9265770191 0.9650315916 0.8429313840 0.7149036728 0.5865411234 0.3827000671 0.3337363130 0.3028129795 0.2480721374 0.1769956819 0.2215539736 0.2050598797 0.2733479079 0.2047409699 0.1900410979 0.2389834376 0.1874459347 0.2537980134 0.2764720050 0.1847663813 0.2245006010 0.2115485225 0.2164361667 0.1797993983 0.2205100344 0.2356765005 0.2244289294 0.1982747620 0.2341461272 0.2332265039 0.2119391365 0.2519637139 0.3374502171 0.5227519737 0.6398645175 0.8654821730 0.9083763423 0.9069117405 0.8712304229 0.7887668691 0.5815588210 0.4613324499 0.3405732900 0.2600488971 0.2836095041 0.2268977609 0.2112703704 0.2116697461 0.2305892996 0.1911372896 0.1941364429 0.2388031360 0.2156962878 0.2304228964 0.2542264224 0.2490160309 0.2573821175 0.2136667765 0.2399619101 0.1725700287 0.2042099968 0.2344217295 0.2486214143 0.2339914013 0.2111469518 0.1970430768 0.1998268400 0.2520216133 0.2928192367 0.4214809633 0.5579065585 0.6857703370 0.9091150633 0.9709888848 0.9286153663 0.8242042236 0.6223917576 0.4769135291 0.3716848164 0.3046464354 0.2197611383 0.2415078751 0.2204188788 0.2191338275 0.2670716407 0.2137954797 0.2197827076 0.2335135953 0.2191231008 0.2103296600 0.2110213766 0.2236066929 0.2441046044 0.2888112853 0.2223044115 0.2117647742 0.2187670761 0.2564282383 0.2073527841 0.2299307517 0.2503606546 0.2273158912 0.2312582184 0.2716478092 0.3314065082 0.3627584359 0.4992170078 0.6518542924
0.2694976859 0.2284743880 0.2170323116 0.2612043215 0.2450004588 0.2504073231 0.2775405776 0.2684291980 0.4127421517 0.5524286077 0.7491073459 0.8984030791 0.9882177158 0.8918627378 0.7953752528 0.5983064601 0.4907354044 0.3354733192 0.2698074779 0.2583916298 0.2216944881 0.2296714327 0.1851585853 0.1834287776 0.2061002338 0.2219577388 0.1947848890 0.1778121717 0.2095545310 0.1655743241 0.1711588422 0.1927036054 0.2141374940 0.2121913845 0.2009559365 0.1808506586 0.1904917174 0.2346710426 0.1567803588 0.2265990925 0.2464136883 0.2018709642 0.2669796901 0.2866003447 0.3910431642 0.4946486666 0.6894418378 0.8195564955 0.9393740062 0.8948930801 0.8532429207 0.6971761237 0.4762142907 0.3507853444 0.3269405289 0.2792072340 0.2431906296 0.2352121587 0.2194645779 0.2173788627 0.2277816397 0.2199720452 0.2452517920 0.2521692751 0.1341675602 0.2191518882 0.2515694742 0.2116902742 0.2553171179 0.2089003049 0.2339274699 0.2396609250 0.2661785532 0.2190956248 0.1753130384 0.1888163209 0.2666014441 0.2158312614 0.2204099402 0.3107892946 0.3872836408 0.4699027908 0.6697781676 0.8236714966 0.9557241369 0.9834578251 0.8169403980 0.7589976745 0.5649249725 0.4418221750 0.3296878989 0.3236507793 0.2437991975 0.2686553349 0.1850005754 0.1975547476 0.2625605379 0.2504460617 0.2256801959 0.2184277107 0.2684207299 0.2586087468 0.2309531373 0.2270413502 0.2366225749 0.1770540714 0.2425085859 0.2249354291 0.2332711413 0.2944895385 0.2757012506 0.1821187946 0.2809113090 0.2618679487 0.2571559027 0.2777965400 0.3646031929 0.4593818492 0.5840944683 0.7822881013 0.9616389906 0.9835041246 0.8994748826 0.7963719581 0.6028753630 0.4845973197 0.3350136280 0.2985582920 0.2772818243 0.2358151865 0.2422377758 0.2033939409 0.1981140333 0.2287159317 0.2257762393 0.2047712467 0.2149332515 0.2140099259 0.1930315630 0.2106224732 0.2329863393 0.2213756867 0.2655854262 0.1681194997 0.2483076077 0.2104293258 0.2216751349 0.1836733135 0.2683451160 0.2211972738 0.2534185528 0.1852108337 0.3119761243 0.4253049313 0.5538846696 0.7090078403 0.8469544853 0.9376976571 0.9109786062 0.7738206565 0.6114315491 0.5043261292 0.2985548697 0.3656654850 0.2770346446 0.2656998199 0.3064941555 0.2376520539 0.2637743971 0.2196349753 0.2113932481 0.2129431276 0.2531181098 0.2268881843 0.2653861723 0.2431023317 0.2205203993 0.2282156754 0.2492051687 0.1975907876 0.2235221059 0.2804375730 0.2552217250 0.2009483341 0.2149418591 0.2257238249 0.2560952799 0.2468861283 0.2744779944 0.4000085096 0.5067505952 0.7084533852
0.1983289816 0.2276436380 0.1973658164 0.2285046429 0.1960582856 0.2399844274 0.3194403622 0.3516870302 0.3722483499 0.5216453958 0.7582135730 0.8881377332 0.9175126681 0.9145086822 0.7904269666 0.6945917800 0.4818606382 0.3454022224 0.2932261308 0.2621741041 0.2213242917 0.2664076441 0.2063968928 0.2508779992 0.1856231456 0.2559507262 0.2292189144 0.2297082802 0.2399508123 0.1893502713 0.2569445373 0.2590210071 0.2169063809 0.1804659959 0.2145056758 0.2172342640 0.2310141117 0.1965745439 0.2401437250 0.2139500807 0.2582229057 0.2632882819 0.2694476812 0.2660923147 0.4174074221 0.5307246198 0.6961192778 0.7695926742 0.9353495699 0.9082125702 0.7941112684 0.6501189079 0.5389032434 0.3942158740 0.3238717967 0.2736373542 0.1950193017 0.2524279311 0.2145826071 0.2281953502 0.2582511175 0.2104496454 0.2287200813 0.2452845187 0.1995808131 0.2096889927 0.1769378200 0.2532040904 0.2043697833 0.2188272540 0.2417076152 0.1676000498 0.2360161339 0.1957540813 0.2030734321 0.2064155083 0.2114364778 0.2433684546 0.2561105318 0.2620490223 0.4077787645 0.5303569134 0.6782972878 0.7730403128 0.9358997772 0.9596050598 0.8718682663 0.7478556704 0.5581267219 0.4198610413 0.3557372227 0.2703540799 0.2807695427 0.2637426219 0.2346991862 0.2648330024 0.1499970072 0.1681387063 0.2761657652 0.2370593427 0.2360776946 0.2189455031 0.2588495212 0.2228208761 0.2828706160 0.2188825151 0.2009910787 0.2309074642 0.2007244481 0.2171124253 0.1850752421 0.2883816162 0.2610949998 0.2073562175 0.2590347709 0.2474081187 0.3222062961 0.4086660073 0.6383894541 0.7659737406 0.8604856025 0.9243818909 0.9011532861 0.8207547221 0.6563537331 0.4977308505 0.4069837707 0.2955323607 0.2464239536 0.2407816001 0.2971267709 0.2150091570 0.2543033698 0.2335400242 0.1509524997 0.2238053553 0.2462483750 0.2573049256 0.2397842787 0.2111671351 0.2436828640 0.2189941379 0.2641363940 0.2123046629 0.2563012867 0.2227950423 0.2758548175 0.2478120818 0.2345208063 0.2421637801 0.2383695907 0.3009485149 0.2818289597 0.3903007449 0.5454379103 0.6852382012 0.8357195122 0.9314070447 0.9057909252 0.7401571064 0.6418816029 0.5508871175 0.4117439602 0.2835237132 0.2929939718 0.2247894339 0.2790516522 0.2976103803 0.2176053674 0.2108132692 0.2419001368 0.2196200611 0.3075929780 0.2045999549 0.2566088005 0.2392003575 0.2695507692 0.1982948585 0.2089027052 0.2051960054 0.2699412788 0.2589663609 0.2638467967 0.1762472603 0.2520493064 0.2140490066 0.2258728011 0.2570925306 0.3354758739 0.4150274760 0.5416596680 0.6962198120
0.2633981822 0.2328621091 0.1880028201 0.2524795432 0.1960712387 0.2646685337 0.2624129067 0.3288299359 0.3699862884 0.5275906384 0.7315266005 0.8617585152 0.9244890720 0.8888574638 0.8811931434 0.7060045988 0.4754287667 0.3402198725 0.2790618591 0.2509085560 0.2368774968 0.2436712182 0.2407582834 0.1774129931 0.1838968594 0.2304426023 0.2090856650 0.1981398222 0.2098780283 0.2093068313 0.2419562434 0.1565709587 0.2424971180 0.1869952083 0.2299217864 0.1983538164 0.2637914226 0.1944143039 0.2661739274 0.1521425973 0.2328340366 0.2383049078 0.2282485518 0.2563761359 0.3499609331 0.4933215896 0.6453911976 0.8090303309 0.9172178679 0.9117950425 0.8329199855 0.6677643931 0.4885955171 0.4087595822 0.3088987962 0.2326139077 0.2691429437 0.2131743344 0.1866076149 0.1892158248 0.1992722403 0.2525087615 0.2349180325 0.2444101590 0.2543977273 0.1726297149 0.2195299721 0.2676036751 0.2274927996 0.2005615642 0.2133245293 0.2240566708 0.2450833231 0.1549569297 0.2154162858 0.1974121700 0.2711323353 0.2511880043 0.2962020167 0.3094508828 0.3604428523 0.4503663968 0.6284494914 0.8183797987 0.8442767783 0.9728902965 0.8908720589 0.7633019016 0.5679137275 0.4533282893 0.3470966050 0.2136244427 0.2929430854 0.2457721843 0.2323937130 0.1917052197 0.2504276443 0.2496874888 0.2048905795 0.2338346303 0.2494789340 0.2488514617 0.2300028212 0.2437404948 0.2194480322 0.1879098532 0.2084976920 0.2120936913 0.2634822036 0.1373489204 0.2441696871 0.2267874395 0.2598284163 0.2954817691 0.2275756871 0.2209073478 0.3202736380 0.4144213608 0.5578844178 0.7590128237 0.8537780017 0.9651889392 0.9046493874 0.7766544084 0.6493222746 0.4697563292 0.3684002955 0.3340026710 0.2446994727 0.1890643996 0.2646660466 0.2448085273 0.2373344911 0.2269014306 0.2138055733 0.2735275438 0.2035000790 0.2845860197 0.2721851126 0.2838667744 0.1962697307 0.2554715039 0.2854044525 0.2179085938 0.2438217959 0.2239614312 0.2891310047 0.2317645539 0.2978609001 0.2534237769 0.2338080349 0.2419729492 0.2983238607 0.3928772431 0.4986684790 0.6857468860 0.8381879320 0.9104715207 0.9232959877 0.8480939761 0.6709435620 0.5353791294 0.4030116958 0.3496838112 0.2371337651 0.2014694935 0.2407880264 0.2562147575 0.2378699525 0.2187382512 0.2316865202 0.2355284961 0.2130654909 0.2568929951 0.2668932197 0.2294406237 0.2648956401 0.2631361976 0.2777452615 0.2186157040 0.2448234408 0.2244985934 0.2249484023 0.2794809764 0.2156768387 0.2012273655 0.2826247740 0.2755416859 0.2708473598 0.4046791579 0.4680425224 0.6310059896
0.2503418019 0.2628301301 0.1777839431 0.2056489999 0.1669680307 0.2730294971 0.2360550618 0.3152741926 0.3866591511 0.5543634741 0.6429018474 0.8072095492 0.8914310291 0.9068650683 0.8030951652 0.6303278918 0.5108461854 0.3332728548 0.2722016542 0.2379838015 0.2238709354 0.2370014322 0.2280971061 0.2065280073 0.1885553507 0.2328569616 0.2002798039 0.1976677623 0.2107315763 0.1692476693 0.2321780493 0.2212660261 0.2328016424 0.2188366012 0.2048363088 0.1727785508 0.1967553693 0.2198731068 0.2133763603 0.2335384618 0.2808326131 0.2150790793 0.2761445700 0.2252182047 0.3872172922 0.5121263682 0.6456570478 0.8341850375 0.9482688592 0.9174830104 0.8367423328 0.6650457633 0.5527015663 0.4915917707 0.2754392835 0.2396679453 0.2312123723 0.2062391756 0.2402792823 0.1863479995 0.2009670095 0.2875893453 0.1857804539 0.2231549171 0.1671694977 0.2227034398 0.2049324903 0.2120225462 0.2563020233 0.2443370467 0.2269307915 0.2057747166 0.2188918387 0.2184596621 0.2456198732 0.1899367127 0.2614567779 0.2498888826 0.1734376578 0.2849891563 0.3558548780 0.4501672233 0.6302570514 0.7376836657 0.8568268172 0.9010190599 0.9239721349 0.7215881218 0.6124680250 0.4753328334 0.3082129565 0.2767066999 0.2148997497 0.2054145620 0.2253569890 0.1950065400 0.2212116688 0.2101321768 0.2383279604 0.2264924810 0.2109328318 0.1425127441 0.2205272518 0.2292779525 0.2054699982 0.2282206350 0.2143018141 0.1959346418 0.2146530667 0.1975290002 0.2315717621 0.2082613955 0.2376695945 0.2622111404 0.2079635812 0.2783279433 0.3167965932 0.4418166062 0.5531999811 0.7296608246 0.8629104094 0.9834770515 0.8796824640 0.8759003267 0.6594267376 0.5116536393 0.3608753292 0.2697392632 0.3164458301 0.2274276584 0.2550563239 0.2471650033 0.2483902564 0.2477119586 0.2499692530 0.2182584064 0.1650346182 0.2694318314 0.2542516132 0.2399899666 0.1761325968 0.2402540642 0.2462789641 0.2020261369 0.2713467869 0.1713538039 0.2320833129 0.2011477426 0.2079412445 0.2285425193 0.2639698460 0.2674738375 0.2830778156 0.3818558954 0.5241001245 0.6950226968 0.8187636599 0.9078409564 0.9562382745 0.8352630666 0.6878834397 0.5207947256 0.4375213852 0.3401260840 0.3292145099 0.2551024092 0.2144532170 0.2085540070 0.2607422932 0.3017720813 0.2702198673 0.2420477910 0.2209589912 0.2186967401 0.2324103379 0.2640766637 0.2103566561 0.1968777626 0.2593408726 0.2030159438 0.2106877226 0.2652694533 0.2388401149 0.2536478719 0.2473793357 0.2030768150 0.2644381702 0.2873530638 0.3079865440 0.3644467075 0.4706149277 0.6370919764
0.1448956088 0.2310220398 0.1860838651 0.2189472812 0.1972423558 0.2339770575 0.2307126365 0.3166279607 0.3222812101 0.5151317638 0.7191079598 0.8215954843 0.9076850322 0.9371904547 0.8429084987 0.5863476840 0.4530409881 0.3294123293 0.3151870674 0.2622289596 0.2288290416 0.1762070534 0.1812989507 0.2087697763 0.2309803068 0.1916116638 0.1938643753 0.2065929037 0.2363371049 0.2050461546 0.2200119168 0.2099644425 0.2221641499 0.1861607183 0.2177682197 0.2250475779 0.1997490631 0.2505270693 0.2039309489 0.1829201635 0.1886518806 0.2264294233 0.2738211237 0.2977500901 0.3577005097 0.4776234914 0.6228930394 0.7965607240 0.8346241260 0.9277489878 0.8644958915 0.6834928432 0.5565062837 0.4271468890 0.3270728208 0.2392159095 0.2232472210 0.2049243269 0.2203315027 0.2613341798 0.2241582744 0.2175138734 0.2284093140 0.2563119944 0.2197783999 0.2236456744 0.2124531039 0.2236368032 0.2202044599 0.1966584049 0.2068218335 0.2205147492 0.2307930372 0.2165198242 0.2058725593 0.2433822047 0.2441739517 0.2378063622 0.2113681217 0.2374666335 0.3328532270 0.4401636568 0.5485980714 0.6996879970 0.8873103749 0.9342327036 0.8904845890 0.7881427956 0.6212774132 0.4376274827 0.3081221097 0.2334115334 0.2131141550 0.2564930105 0.1996937396 0.2266405995 0.1765317825 0.2164896314 0.1963739148 0.2154286157 0.1664878415 0.2201981328 0.2306528237 0.2198381741 0.2591893801 0.1864637586 0.2200446984 0.2241030366 0.2020374560 0.2188923939 0.1727784229 0.2096259139 0.2567864509 0.1812544622 0.2296725987 0.2795489304 0.3345241682 0.3900305437 0.5368870250 0.7162524002 0.8999421476 0.9766865584 0.9370334787 0.7855400545 0.6495077321 0.5283771126 0.3867550836 0.3372436049 0.2636573983 0.1802368234 0.2057160012 0.2821024374 0.2119406710 0.2562208535 0.1992052760 0.1967501930 0.2102241617 0.2191886331 0.1758129203 0.2040383373 0.1955840932 0.1948081172 0.2251632456 0.2593376933 0.2657183805 0.2322597087 0.2306978642 0.2318203095 0.2246731238 0.2321323790 0.2634752281 0.2555496511 0.3048925345 0.3808285924 0.5273897582 0.6733304539 0.8473375374 0.8789938139 0.9282483571 0.8725821186 0.6970195868 0.5807780732 0.4228914910 0.2474862186 0.3122430762 0.2553009874 0.2240122208 0.2631433039 0.2301814041 0.2116845205 0.2715194152 0.1994533332 0.2363937895 0.2248298145 0.2271673283 0.1677347481 0.2141721336 0.1738129655 0.2054860849 0.2509900472 0.2490150668 0.2446399313 0.2449577072 0.2080207780 0.1800746174 0.2601859779 0.2119692909 0.2283964259 0.3276066348 0.3178267745 0.5246002537 0.6005201829
0.2624331944 0.1732289583 0.2145157299 0.1485080433 0.2098173599 0.2028828776 0.1762261544 0.2655994570 0.3426775862 0.4873036193 0.6242842249 0.7386346012 0.9353607564 0.8822327384 0.7829032828 0.6597213530 0.4801679238 0.3864592725 0.3022459914 0.2435333402 0.2615475087 0.2017225132 0.1703381618 0.1587409347 0.1599206242 0.2196825896 0.2214317388 0.2227082902 0.1700259445 0.2279278834 0.2295043947 0.2738611416 0.2182073899 0.2066250000 0.2028144920 0.2071306269 0.2047978973 0.1937502974 0.1600160714 0.2389337310 0.2138208831 0.1966268606 0.2000091088 0.2362393640 0.3264762712 0.4675013141 0.6008099155 0.7588243443 0.9179249256 0.8703899342 0.8604580273 0.6868435341 0.5753160885 0.4163056921 0.3320761703 0.2316431692 0.2584435555 0.2173358241 0.1975191804 0.2072530630 0.2273911231 0.1655814008 0.2083382239 0.1932816581 0.2317069294 0.1847754914 0.1528013867 0.2416262754 0.2231176976 0.1910384974 0.1705140469 0.2383493572 0.2194998592 0.2202046445 0.2142153295 0.2526467010 0.2268779363 0.2208755949 0.2462816712 0.2535330122 0.3368365070 0.4049159717 0.5782601403 0.7639596194 0.8452628479 0.9354358368 0.9068955880 0.7996218364 0.6508175995 0.4692038112 0.3176233737 0.2431731240 0.2095702366 0.2108486531 0.2027347115 0.2040732632 0.2331254458 0.1738723251 0.1974578948 0.2118841820 0.2297860030 0.2127925405 0.1836664451 0.1868433636 0.2229141820 0.1851297347 0.2357875056 0.1651612789 0.2059775189 0.1778754031 0.2402754572 0.1771642036 0.1944708106 0.2089693725 0.2292901030 0.2435349159 0.2956190180 0.4070619336 0.5248438124 0.6748702526 0.7837751143 0.9329464543 0.9157087697 0.8455895074 0.6309995282 0.5406309268 0.3403178455 0.2947742506 0.2526299786 0.2072283515 0.2024234413 0.2133001574 0.1534822415 0.2248584852 0.2083452561 0.2346133980 0.1940854385 0.2640539194 0.2357364569 0.2512755821 0.1895854241 0.1696687948 0.2025604994 0.2262098265 0.2099452765 0.2440523479 0.2339867926 0.1954277153 0.2084857098 0.2290036871 0.2475626134 0.2855232629 0.2634338699 0.3884033846 0.5113036586 0.6602705579 0.7953891163 0.9014253720 0.8925929749 0.8817667016 0.7144756299 0.5714304056 0.4550010126 0.3043445238 0.2478229643 0.2438880351 0.1880376742 0.1808185921 0.1742824233 0.2263105321 0.1650500578 0.2144543822 0.2406112572 0.1894875030 0.2509714295 0.2335542455 0.2282342705 0.2161183364 0.2385307370 0.2046796955 0.1689549991 0.2016748146 0.2631760258 0.1950747613 0.2922658715 0.1877684109 0.1819996086 0.2078391934 0.3098252802 0.2877814941 0.4615868474 0.6223293341
0.1756169950 0.1908470046 0.1274516381 0.1690332700 0.2303481670 0.2268670874 0.2270864564 0.2850381576 0.3365044055 0.4588897604 0.6202744908 0.7417247137 0.9173823898 0.8998107946 0.8771625261 0.6306538781 0.5222822292 0.4042542893 0.2682320188 0.2439849356 0.2234926834 0.2010616422 0.1135110676 0.2269932698 0.1877674060 0.2646064808 0.1922159541 0.1950601670 0.1597388450 0.1924432435 0.1850268464 0.1704118906 0.1879394610 0.1297455197 0.1618692048 0.2124332240 0.1701091656 0.1775018875 0.1956383739 0.1826733916 0.1682768929 0.2533280969 0.2111882250 0.2723084689 0.2762286162 0.4394064851 0.6143947984 0.7213968327 0.8521671332 0.8925255936 0.8380018726 0.6626874077 0.5707442134 0.4292181888 0.3274941109 0.2012168518 0.2287043881 0.1897616984 0.2078253303 0.2525452512 0.1663477210 0.2828981618 0.2461664480 0.2328652235 0.2433168793 0.1498474821 0.1725789144 0.2054671891 0.1663828145 0.2290522794 0.1593910568 0.1732492639 0.1543080238 0.2145231512 0.1913717001 0.1931534482 0.2275093453 0.1902358553 0.2287690549 0.1853056045 0.3164693757 0.4423809600 0.5614276579 0.6973027004 0.8724997911 0.9224655345 0.8844452050 0.7427463692 0.6012191840 0.4624182624 0.3303231845 0.2779413334 0.2067024842 0.1913284859 0.2178182497 0.2058225281 0.2403255717 0.2236331195 0.1810740303 0.2304903733 0.2430963012 0.1935606506 0.2189666919 0.1939083191 0.2398953256 0.1837766969 0.1734612293 0.2080609995 0.1721560129 0.2063104775 0.1929018056 0.1322223757 0.2114822390 0.2651391334 0.1881575805 0.2439740486 0.2614805577 0.3463963388 0.4946809131 0.6694646886 0.7792519373 0.8864360706 0.9395106641 0.8502192177 0.6885464389 0.5374890818 0.4296179062 0.3356733630 0.2295713028 0.2147208000 0.2357593767 0.2023247598 0.1961272687 0.2483414062 0.2347217714 0.1909513531 0.2086397367 0.1813053599 0.1835962669 0.1902175418 0.2196594784 0.1785931870 0.2404300583 0.1901301974 0.2090204011 0.1962189183 0.2062780477 0.2116350547 0.2656145965 0.1703352844 0.2299552260 0.2935898181 0.2697054435 0.3157798533 0.4748934137 0.6613483151 0.7629630056 0.8970258575 0.8957312150 0.8705040445 0.7342207664 0.5411835754 0.4249222892 0.3914946929 0.2759187538 0.1975099559 0.2342358229 0.1477567397 0.1982206001 0.1588837318 0.1566171656 0.2314959736 0.2414462162 0.2206711753 0.2147768637 0.2598039156 0.1831606089 0.2154760368 0.2303349903 0.2144097733 0.2115320188 0.1427574551 0.1670623270 0.2474693379 0.2463711297 0.1748269936 0.2196905961 0.2272414990 0.2331149623 0.3624524253 0.4237845168 0.5981272353
0.2286223680 0.1508254638 0.1755571808 0.1851489215 0.1715480773 0.2400811443 0.1980121689 0.2456998676 0.3543592457 0.4188539282 0.5948898245 0.7265182337 0.8758468941 0.9570950985 0.8535963918 0.6806838249 0.5304772941 0.3910510021 0.2283445028 0.2434853021 0.2123428234 0.1594692168 0.2097163658 0.2071529661 0.1917593506 0.1876166899 0.1780457822 0.1845459373 0.1910248833 0.1772202870 0.1738873435 0.2077495108 0.1886696538 0.1859820258 0.1569656329 0.1874418487 0.2193511007 0.1681500452 0.1476533498 0.1539101828 0.1656920066 0.1978142463 0.1925961910 0.2994456494 0.2515446107 0.3858014712 0.5166352619 0.7187729549 0.8880336887 0.8856042360 0.8599033089 0.7874109287 0.5711350099 0.4160085223 0.2875746767 0.2417298824 0.2312798582 0.1677937352 0.2653602323 0.2358804148 0.2156251103 0.1868697735 0.1844390401 0.1904004880 0.1435283410 0.1624776157 0.2363208970 0.1716993420 0.1546293850 0.2037202020 0.1650957899 0.1794834863 0.1794092051 0.2162176302 0.2051773461 0.2287324898 0.1620451198 0.1733404271 0.2632970724 0.2284619197 0.2226819696 0.3637510913 0.5192383069 0.6988322393 0.8256471668 0.9025444013 0.9147801308 0.8043892955 0.6269160693 0.4482456607 0.2966305221 0.2713519409 0.1782421980 0.2223532364 0.1841433268 0.2186516547 0.2174540910 0.2180074968 0.1996813687 0.2243806442 0.1809220400 0.1840311424 0.1886650211 0.2520133277 0.2390026320 0.2666873169 0.1798615552 0.1733059148 0.2226117014 0.2000632314 0.1848580454 0.2135938593 0.1854542972 0.2200286092 0.1811957816 0.1871776509 0.2541009585 0.3020737507 0.4684502640 0.6439635649 0.8135132512 0.9309655152 0.9118436265 0.7920383691 0.6156622626 0.5100061616 0.4173318203 0.2796574672 0.2152522452 0.2300419695 0.1710080835 0.1825149124 0.2285723786 0.1732754856 0.2229660561 0.1579596593 0.2391445430 0.2625218278 0.1421316484 0.2283843666 0.1938286635 0.2830114900 0.2080884572 0.2460918555 0.1546185072 0.1844114795 0.1886758761 0.1841520849 0.2392748364 0.2180096824 0.2254674973 0.2435144869 0.2784717753 0.3096667831 0.4719768839 0.6004257785 0.7899101478 0.8931884178 0.9030404458 0.8992892891 0.6582806903 0.5880229093 0.3968165900 0.3259676340 0.2375380754 0.2348502089 0.1933054043 0.2724189683 0.2414165780 0.1461280244 0.1722691582 0.1643778676 0.2068032160 0.1840238829 0.1963126246 0.1869087754 0.1874172362 0.1909624114 0.1930258313 0.2315497846 0.2074256476 0.1709217304 0.1706736997 0.1974369736 0.1879435920 0.2177343852 0.1843495442 0.2080685734 0.2001754666 0.2870567627 0.4243362175 0.5451121717
0.1882207289 0.1791727104 0.1909624303 0.1363866018 0.2065022994 0.1541582020 0.2339853526 0.2187666823 0.2897211099 0.4139000316 0.5715193171 0.7033982097 0.8440204463 0.9001378278 0.8477656022 0.6716189893 0.5454854871 0.4086583500 0.2790719110 0.2402316834 0.1421816350 0.1704349813 0.1864939784 0.1774620370 0.1910911218 0.1706894090 0.1788064531 0.1370462348 0.1820246328 0.1803837909 0.1620655673 0.1684716234 0.1627363713 0.1767603971 0.1947580988 0.1589013178 0.2033627102 0.1511386761 0.1541446144 0.1611500080 0.1916832428 0.1736214471 0.1522297706 0.2220439709 0.2910848461 0.4496429301 0.5257451679 0.6793179324 0.7783923899 0.9325439046 0.8606338375 0.7510317983 0.5938258201 0.4411974752 0.3358912319 0.2199095517 0.2234475147 0.1523088104 0.2696984214 0.1558576838 0.1750032552 0.1853089947 0.2020856451 0.1421526567 0.1704241134 0.2312407557 0.1867304927 0.1888289761 0.1489767493 0.1953656999 0.1694761684 0.1846023692 0.1791997220 0.1561580070 0.1999952287 0.2117423585 0.1595727811 0.1627114155 0.1968336685 0.2036747564 0.2528258353 0.3677806952 0.4758115975 0.7128546913 0.8151127004 0.8964281604 0.9058816688 0.7824555826 0.6523303644 0.4948491619 0.3840049692 0.2834917870 0.2146691525 0.1709625098 0.1947379611 0.2431880960 0.2067516922 0.2280301383 0.1543816017 0.2207347972 0.2046680398 0.1782409340 0.2381867824 0.2004141913 0.1827093607 0.1625172378 0.1765920604 0.1846765677 0.1851297190 0.2010711914 0.1814151130 0.2308885816 0.2147528071 0.2329300801 0.2206995780 0.2242997702 0.2514414305 0.2911547067 0.4393631079 0.6235143207 0.8127261783 0.8875893786 0.8952169903 0.8238177682 0.6203928836 0.5018592214 0.3862449634 0.3153707662 0.2867846884 0.1747791485 0.2405412174 0.2075644970 0.1988176462 0.2082665502 0.2462765470 0.1860601604 0.2114199802 0.1824067754 0.1999476430 0.1855044685 0.1835191195 0.1535712768 0.1708807437 0.1951843121 0.2033962040 0.2069570714 0.1636963779 0.1810106086 0.1828380721 0.2361291090 0.2167380461 0.2283895192 0.2110095419 0.3238599351 0.4404584656 0.6468076995 0.7687615881 0.8726441847 0.9461577780 0.8451254381 0.6998145134 0.5968977224 0.4354436144 0.2658536087 0.2612992142 0.1826191143 0.1921679202 0.1927425693 0.1905560377 0.1827371419 0.2492916845 0.1779033738 0.2219185955 0.2219666112 0.2522204900 0.2072507968 0.2175814557 0.2109399879 0.1530590771 0.1834076427 0.2405540934 0.1908981686 0.2041944854 0.2604927655 0.1806120346 0.2006836332 0.2518520716 0.1964300531 0.2225709053 0.3063903266 0.3876087241 0.5496243683
0.1743388764 0.1789714937 0.1420476431 0.1796194541 0.1648469220 0.2082809363 0.2099021141 0.2448337303 0.2748225392 0.4289171464 0.5609736399 0.7634515688 0.8458677380 0.9324633904 0.8802088477 0.7312656008 0.5170873446 0.3672726309 0.2986174857 0.2100987362 0.2117507926 0.2053370690 0.1617924846 0.1694854047 0.1801228414 0.1543157859 0.1591473479 0.1667710385 0.1983988338 0.1821137840 0.1587073093 0.1899917570 0.1889499647 0.1436241517 0.0793859593 0.1672849222 0.2159451540 0.1309228454 0.2065982903 0.1878728275 0.1874309273 0.1911340665 0.1606160898 0.2439773582 0.3129733280 0.4225407131 0.5132909454 0.6633244905 0.8275114288 0.9214902645 0.8714040837 0.7451724178 0.5711492871 0.4464796606 0.2830227163 0.2504526164 0.1864663483 0.2107164344 0.1838244859 0.2083333356 0.1422742891 0.1538547252 0.1940632183 0.1983765437 0.1303441457 0.1573272372 0.2381219813 0.2293427853 0.1200868337 0.1696202313 0.2035240146 0.1598078913 0.1839769141 0.1862825784 0.1868259609 0.2134188782 0.1617569523 0.1984265308 0.2274964695 0.2149569751 0.2179732264 0.3644067273 0.5438366485 0.6480700666 0.7784132590 0.9302688818 0.8763844778 0.7587217240 0.5836836100 0.4297518124 0.4050508142 0.2016338907 0.1519771432 0.1880087632 0.1849472203 0.1299358914 0.1617586698 0.1867021356 0.1825297561 0.1856287967 0.2430985281 0.2236598888 0.2390489845 0.1704749588 0.1286717086 0.1844187098 0.1630064514 0.2044568083 0.2001725767 0.1922094764 0.1332273781 0.1565645049 0.1735896741 0.2197733988 0.1862553824 0.2159579697 0.2872415734 0.3152597265 0.4777730939 0.6232012655 0.7488309268 0.8829656431 0.9287533669 0.8636129273 0.7369474105 0.4809765188 0.3979697068 0.2339185234 0.3117522726 0.1985887115 0.1940410320 0.1736862915 0.2085589750 0.1706809604 0.2030911738 0.1799476142 0.2331196174 0.2147498440 0.2323490425 0.2264303104 0.2186591272 0.2283071217 0.1840618906 0.2076241521 0.0987794088 0.1920791616 0.1832969571 0.2346726718 0.2102408479 0.2041648663 0.2328588176 0.2317627747 0.2415240287 0.2908184671 0.4168712147 0.5304948257 0.7365859039 0.8535127894 0.9474070484 0.8527693209 0.7112109396 0.5789890047 0.3879872957 0.3438920012 0.2163607632 0.2130801095 0.1987256190 0.1798450844 0.1768935843 0.2091917388 0.1849137991 0.1945196446 0.2438068901 0.1919221299 0.1505922449 0.2142089031 0.1908845304 0.2390021103 0.2154693985 0.1874644081 0.1873951363 0.1909918678 0.1935272466 0.1656097324 0.1904372274 0.2123183961 0.2084662982 0.1745286122 0.2615159389 0.2538120111 0.3541694331 0.5341841945
0.2190589321 0.1397797197 0.1666746144 0.1662681579 0.1728958729 0.1559230200 0.2355738570 0.2238384048 0.2825674281 0.3744538296 0.5842675926 0.6964164014 0.8373622926 0.8553554068 0.8583871877 0.7170840134 0.5438703365 0.4464168039 0.3007567101 0.1693222650 0.1841818149 0.2084617826 0.1382076504 0.1523544385 0.1935618871 0.2020854839 0.2176498482 0.1131747669 0.1816825220 0.1659733983 0.2020303112 0.2072902874 0.1612118307 0.1619902903 0.1436375079 0.1783181944 0.1547473096 0.1686470117 0.1340341709 0.1600354493 0.1754063077 0.1602587935 0.1824682752 0.2529988551 0.2771802266 0.3805638281 0.5247651924 0.5812861927 0.8555905399 0.9072410385 0.8116321012 0.7912754949 0.5569400557 0.4459709902 0.2563306224 0.2385568516 0.1813950910 0.1731656109 0.1781554261 0.2203977881 0.1516529787 0.1683913340 0.1868607396 0.1270865721 0.1895373424 0.1801284179 0.1396569584 0.1843087602 0.1802420636 0.1993853144 0.1763998428 0.1488570024 0.2161966313 0.2111568388 0.1417845253 0.2475740286 0.1802746585 0.1338788691 0.2149000360 0.2373446539 0.2228253302 0.3442940431 0.4678438828 0.6055373892 0.7738389026 0.9145293077 0.9263528425 0.8449916492 0.6484778500 0.4678151818 0.3533152727 0.3276471625 0.1620145641 0.1827970354 0.1644219570 0.1657557109 0.1537900203 0.2391160379 0.1982544121 0.1569022513 0.2133890834 0.1513673340 0.2261546254 0.1818677593 0.2231571233 0.2079449501 0.1655549839 0.2171488520 0.1718670420 0.2083126071 0.2136681141 0.2249046050 0.1571519777 0.1939460585 0.2115936460 0.2347548575 0.2351235751 0.3121503267 0.4471708177 0.5946612244 0.7037740852 0.8400833915 0.8789669502 0.8958541737 0.6960562314 0.5124777863 0.4196739424 0.3021688827 0.2257253240 0.2208273503 0.2105657374 0.2218335204 0.1540888424 0.1836529790 0.1999624747 0.2081377391 0.1980117246 0.2269847617 0.1894265558 0.2333937274 0.1753008677 0.1608379808 0.1861498966 0.1572240087 0.1762347655 0.2156190177 0.1996034675 0.1740404028 0.1862263131 0.2151608917 0.1827591475 0.2398079955 0.2197838510 0.3048216570 0.3860601393 0.5026989407 0.7170529096 0.8296679737 0.9318597932 0.8390533263 0.6896126016 0.5712683463 0.4446018246 0.3023384028 0.2340476457 0.2380749067 0.1773577257 0.1538979729 0.1642554983 0.1467763568 0.1966097002 0.1698658523 0.2049593731 0.1636104831 0.2050224587 0.2404003840 0.2160171334 0.1603853234 0.1506778354 0.1908173515 0.1853540232 0.1428846330 0.1773373605 0.1792990070 0.1777640726 0.1408101032 0.2038227336 0.1964907559 0.2439040792 0.3170941939 0.3723835045 0.4927259072
0.1866827374 0.1231310086 0.1727252196 0.1712580010 0.1827353884 0.2193985209 0.1882677666 0.2713887702 0.2733489732 0.4214068523 0.5711689575 0.7354150235 0.8239708101 0.9094368762 0.8728263764 0.7197819185 0.5211774851 0.4473107795 0.2808685675 0.2244851942 0.1800292319 0.1629820207 0.1277987502 0.1482344392 0.1634054094 0.1549294130 0.1342809368 0.2177795311 0.1481845107 0.1783450006 0.1619946861 0.2102233755 0.2052062911 0.1954599157 0.1585784704 0.1256235354 0.1287797666 0.1844938065 0.1705419958 0.1913766792 0.2414354174 0.2433470637 0.1902039693 0.2646910451 0.2698696656 0.3857154154 0.5334190351 0.6510523531 0.7902493353 0.9249593030 0.9174661810 0.7270742053 0.5821213032 0.4431866199 0.3072885845 0.1996804384 0.2237268097 0.2011016496 0.1607698185 0.1812791638 0.1200508910 0.1824435979 0.2429150432 0.1323560379 0.2040037167 0.2001321413 0.2019704751 0.1762713309 0.1522249645 0.1545162071 0.1351496331 0.1013270198 0.1739402977 0.1835661348 0.2097503862 0.1481990944 0.1826913222 0.2355507693 0.1770119628 0.2041916082 0.2673787510 0.2853977005 0.4223298006 0.6372287515 0.7849113061 0.8989126374 0.8800640495 0.8280221872 0.6297435400 0.5199204446 0.3759018752 0.2480734369 0.2053680766 0.2294500303 0.2331564975 0.2184360161 0.1659326463 0.1332825816 0.1556994663 0.2187434124 0.1798342275 0.1812545271 0.2348925376 0.2078540279 0.1576698473 0.2110033050 0.0982671502 0.1815483685 0.1233607553 0.2175754723 0.1799691351 0.2011587725 0.1831080200 0.2055460584 0.1730828450 0.1913616490 0.2996595171 0.3029717025 0.4008146867 0.5902085138 0.7600436605 0.8503982775 0.8866485452 0.8310562387 0.7196350875 0.5312395207 0.4203825764 0.2910255614 0.2206968581 0.2104992140 0.1756240039 0.1669265356 0.2099942351 0.1913096121 0.1892598926 0.2015835242 0.2020102468 0.1122937473 0.2025988212 0.2030747163 0.1804699849 0.1292975162 0.2301907634 0.1862166091 0.2003619671 0.1735051674 0.1864819244 0.2360305585 0.1878625815 0.2355613670 0.2264269570 0.1726117155 0.2356558764 0.3063881662 0.3727443282 0.5246293247 0.7193178828 0.8447791706 0.8733703811 0.8791855096 0.7695612508 0.6220441846 0.4298159181 0.2816031488 0.1966878386 0.1815110831 0.2085408545 0.1975690945 0.1812849316 0.1732311258 0.2440977330 0.1954939568 0.1960061273 0.1660500776 0.1929770462 0.1991556442 0.1457418392 0.1751570185 0.1885203318 0.2125371366 0.1684656771 0.2408201373 0.2044134459 0.1814663212 0.1998904148 0.1746653984 0.2204721494 0.2607628046 0.1985821379 0.3359181209 0.3740850537 0.5449938624
0.1931602725 0.1914006092 0.1813597350 0.1390947732 0.1814746422 0.1669867821 0.1680096850 0.2225456652 0.2696490980 0.3802178272 0.5412195280 0.6463066398 0.8421079546 0.9122717363 0.8395424844 0.7349694374 0.5371844534 0.4280970438 0.3153846672 0.2321735330 0.2082936322 0.2030662305 0.1362502466 0.1457039813 0.1569091356 0.2373419421 0.1800294179 0.2210682798 0.1879394473 0.2024547597 0.1300024746 0.1586137595 0.1910383428 0.2237663810 0.2307163295 0.1949459674 0.1790183453 0.1647063780 0.1575382298 0.1689826965 0.1723621987 0.1974032826 0.1776364040 0.2224910233 0.2443699645 0.3202242632 0.4729011140 0.6897284323 0.7929016677 0.8608720646 0.8688896306 0.7940048316 0.6550269048 0.4412017052 0.3079067303 0.2283164571 0.2182288742 0.1417164171 0.2228606035 0.1665101188 0.2359859313 0.1777490389 0.1590656256 0.2057383064 0.1495620714 0.1651498087 0.1947336333 0.1700038776 0.2210963439 0.2230101207 0.1983020122 0.1784553495 0.2027638140 0.1868156785 0.1591132201 0.2286172090 0.1787924891 0.1664479337 0.1532896761 0.2204568959 0.2339641195 0.3317901257 0.4579277917 0.5881862048 0.7592826427 0.7888718858 0.9273275149 0.8191717662 0.7042624323 0.4845489496 0.3390996728 0.3176803070 0.2424782104 0.2030977301 0.1726858456 0.1189128624 0.1830250389 0.1721245798 0.1691438435 0.2526255333 0.2067935963 0.1718766731 0.1949521945 0.2084807197 0.2345673009 0.1655902547 0.1396882128 0.1426129278 0.1907604714 0.2059353095 0.1896463795 0.1659474073 0.1700322790 0.1850719371 0.1468690362 0.2365394794 0.2179527716 0.3348605327 0.3986374675 0.5466696182 0.7660469152 0.8707693834 0.9075915545 0.8737944514 0.7575550044 0.5363909285 0.4517916122 0.3813902841 0.3223594432 0.1746662798 0.2006734310 0.1510485197 0.1952304783 0.1443463457 0.2038785263 0.1772609012 0.1667343205 0.1530082884 0.1417764722 0.2059655866 0.1717692843 0.1584887412 0.1774997900 0.2192973040 0.2250080054 0.1451344564 0.2143031355 0.1715871017 0.2117997548 0.2022971064 0.2472497934 0.1621435640 0.2554216493 0.2868824196 0.4007711019 0.4982480210 0.6383255332 0.7843890108 0.8984539259 0.9290222531 0.7833240357 0.6456136708 0.4515573247 0.3501123483 0.2844112831 0.2424859009 0.2228271466 0.2149768740 0.2170595070 0.1973750403 0.2099675221 0.1580457664 0.2266763052 0.1830003752 0.2288913953 0.1697162304 0.1989649734 0.1793806890 0.2207613856 0.1697711854 0.2024261408 0.2096258063 0.1958175642 0.2241983684 0.2116529704 0.2047191224 0.2482705917 0.2422395145 0.1971528718 0.3097994106 0.3858045460 0.5375227329
0.1541418488 0.1934598690 0.2548894494 0.1817331223 0.1282430147 0.2160890305 0.1786457604 0.2340577546 0.2900512367 0.3979132439 0.4938879305 0.6140174759 0.8555734775 0.9125894280 0.8804365306 0.7808699169 0.6099242301 0.4365492873 0.2849477032 0.2615728821 0.2066253331 0.1699007520 0.1692257912 0.2035309218 0.1753243413 0.1870756978 0.1858120367 0.1336633642 0.1870631834 0.1835083570 0.1689400195 0.1545644183 0.1734193292 0.2056500768 0.2110471069 0.1704126333 0.1938150689 0.1556515214 0.2339503886 0.1229391274 0.1362893703 0.2072662554 0.1760043100 0.2261926670 0.2788732693 0.3145561968 0.4638299674 0.6274965881 0.7547171465 0.8868045849 0.8909718908 0.8558328840 0.6501384087 0.4739367013 0.3612553930 0.2879760058 0.2499962408 0.2072641158 0.1693843474 0.1938750775 0.2363948864 0.1853025432 0.2065187908 0.1700932773 0.1861336445 0.1576881308 0.2094699721 0.2275137360 0.1747843779 0.1972130118 0.2079198514 0.1863765116 0.1748843122 0.1418282661 0.1382337639 0.1866039602 0.1866480236 0.1610047439 0.1903471474 0.1872186584 0.2625860811 0.3561542600 0.4249498601 0.5611424194 0.7435276120 0.8994501082 0.9323833592 0.8417371323 0.7079249080 0.5654265133 0.4021451233 0.3322322774 0.1363613004 0.2058829949 0.1840590482 0.1819503769 0.1526833325 0.1768087695 0.2200385638 0.1932930606 0.1708027616 0.1684021605 0.2041920885 0.1253949683 0.1918098274 0.1637368154 0.2568600710 0.1912392542 0.1758261915 0.2395958803 0.2072701000 0.2002544564 0.1362713611 0.2143657352 0.1944629672 0.1949514826 0.2548975890 0.3253301726 0.4092046155 0.5880704570 0.7017939211 0.8144384786 0.8952133393 0.8462168188 0.6994489327 0.6125412916 0.4388034952 0.3229227371 0.2781761610 0.2037604398 0.1755705957 0.1777803467 0.1913997094 0.1848105285 0.1684966507 0.2144047513 0.2237937445 0.2089896607 0.2087232503 0.2253142300 0.2355855443 0.1834823447 0.2044395234 0.2381726741 0.1712419010 0.2133599942 0.2154254680 0.2156224781 0.1686940419 0.2504973016 0.1811908142 0.2348788886 0.2733890095 0.3187382067 0.3564053181 0.5049044640 0.6926744749 0.8030604503 0.9233894779 0.9128847391 0.7590263158 0.6596179743 0.4412724738 0.3492344589 0.2256664249 0.2304275614 0.2179782073 0.2139254265 0.2572628695 0.2077537064 0.2113816634 0.1819741716 0.2260867255 0.1935833932 0.1877932952 0.1805580723 0.2010478599 0.1899653613 0.2735928275 0.2635140177 0.2191123105 0.2068402987 0.2586106471 0.2173357525 0.2228101739 0.2467462194 0.2011424628 0.1909249147 0.2509865011 0.2511794334 0.3572444490 0.5111553063
0.1798724280 0.1578933253 0.1552006695 0.1285376378 0.1360646412 0.2291204160 0.1959997325 0.2122558521 0.2889618637 0.3174915252 0.4403273323 0.7008970672 0.8436769564 0.8918645569 0.8525359418 0.7787818916 0.6237291696 0.4575520414 0.2909534962 0.2270033034 0.1838034163 0.1809269322 0.1790283560 0.1675838294 0.2349272546 0.1892664015 0.1730479498 0.1999564660 0.1856524455 0.1682745076 0.1537550807 0.2289333595 0.1971581850 0.2299999124 0.1845176654 0.1700333734 0.1998221919 0.2164484938 0.2103839560 0.1463941112 0.1647186696 0.2058565289 0.1923081557 0.1995249627 0.2767268893 0.3609569342 0.4660969809 0.6097152716 0.7654235573 0.8573129954 0.9340426096 0.8188433859 0.6633629729 0.4971762578 0.3499682221 0.2623731151 0.2213077536 0.1959880069 0.2111303460 0.1921787864 0.2154742713 0.1620500985 0.1569423126 0.1767311994 0.2437643988 0.1729517674 0.1669096522 0.1432215414 0.1783097736 0.1601548711 0.1591990869 0.1440747481 0.1878307491 0.1711652355 0.1941244582 0.1826952892 0.1782637373 0.1964662295 0.2221376166 0.2154407931 0.2794318610 0.3066742940 0.4488122359 0.5771805552 0.7785809892 0.8680785263 0.9307523197 0.8432394730 0.6960279919 0.5357374409 0.4159272333 0.2664895421 0.2383083657 0.2537240927 0.2106884504 0.2112846695 0.1539166489 0.1946648842 0.1862981779 0.1550683408 0.1987578331 0.2244231921 0.1950119622 0.1438597370 0.2348890091 0.1771130119 0.1840499560 0.2498390221 0.1936478524 0.2128020840 0.1524862734 0.2236671053 0.2384301763 0.1599633158 0.1875076741 0.2028602222 0.2285515607 0.2705401904 0.3895704632 0.5441771335 0.7118487986 0.8698265742 0.9218798725 0.8881978391 0.8207325599 0.5933795317 0.4039094298 0.2854113879 0.2826329497 0.2214710020 0.1318467397 0.2053182179 0.1725877662 0.2045715547 0.2287900540 0.1793308094 0.2149487992 0.1460563095 0.2198025056 0.1963891923 0.2298110509 0.1846528806 0.1865469231 0.1920472843 0.1570281620 0.1871964473 0.2168933546 0.1976862005 0.1757031020 0.1804066174 0.1770703177 0.2593183779 0.2769919693 0.2229863534 0.3551599988 0.4945043213 0.6829032167 0.8282329354 0.9008996118 0.9340622682 0.8062781562 0.6871417286 0.4793825509 0.3718928953 0.2966029286 0.2252670486 0.1890737587 0.2270152352 0.2038268847 0.1684648954 0.1920027455 0.1936779115 0.2014293587 0.2230192985 0.2056038769 0.1609002603 0.2505976585 0.2032956580 0.1820596304 0.1693462668 0.2426524723 0.1981699012 0.2421566708 0.1990335888 0.2446625044 0.1859730491 0.2060261155 0.2035722020 0.2576071239 0.2560553764 0.3648210315 0.4528252387
0.1478094787 0.1815892996 0.2131742955 0.2030710317 0.1843213649 0.1769471501 0.2209337506 0.2068269908 0.2880747905 0.3120931002 0.4659736018 0.6853812437 0.8204481323 0.8886448372 0.8868783114 0.7562695395 0.6520613214 0.4714138503 0.3023716395 0.2054753326 0.2126293651 0.2547510062 0.1688831491 0.2102640074 0.1933092166 0.1484349000 0.1727291123 0.1511874425 0.1651082450 0.2046459770 0.1441100797 0.2408617343 0.1779542577 0.1508869083 0.1909878550 0.2172572466 0.1978103544 0.1896508697 0.1467036667 0.1562417024 0.1964385716 0.1844038024 0.1996138109 0.2099759760 0.2483444483 0.3264041505 0.5138205591 0.6211785761 0.7735165958 0.8813159145 0.9142744473 0.8558074058 0.6598978537 0.5299799750 0.3853492670 0.2930523344 0.2265950692 0.1746303255 0.1593827598 0.2303128498 0.2236252306 0.1798905038 0.1812360199 0.1759881417 0.1884296551 0.2042505817 0.1710896579 0.1456403806 0.1249902995 0.1861449999 0.1643392855 0.2189022525 0.1823110269 0.1825839422 0.2406139973 0.1844736546 0.1893299573 0.2184910379 0.2124959518 0.2082699109 0.2317120627 0.3156446417 0.4346872285 0.5975823571 0.7231141014 0.8401779598 0.9244247790 0.8558221566 0.7022301367 0.5866318983 0.4392322964 0.2409953019 0.2099305243 0.2343909564 0.2901926285 0.1890458306 0.1879198453 0.2270318177 0.1724351644 0.2360334560 0.2519669517 0.1968855955 0.1970793966 0.2299178992 0.1759021440 0.2097217930 0.1837777858 0.1957151754 0.1981351899 0.1975523685 0.1692851359 0.2292509045 0.1941135855 0.2222322665 0.1588418245 0.2165239609 0.2664223539 0.3011474145 0.4151582565 0.5270585577 0.7398759731 0.8739302391 0.9324534756 0.9270746910 0.7368867409 0.5892371229 0.4122421149 0.3461069565 0.2961523437 0.2054136612 0.1865583127 0.2108286669 0.2307099678 0.2609055486 0.1855068711 0.2162516395 0.1874817637 0.2196324915 0.2298133442 0.1871093689 0.2161210168 0.2324719892 0.2472034018 0.2169950780 0.1896740949 0.2375634517 0.2068623556 0.2161931121 0.1655484352 0.2164956682 0.1653861554 0.2330012194 0.2923567949 0.2860352346 0.3431455681 0.4935261928 0.6275903344 0.8165404759 0.9057629587 0.9192690685 0.7954540150 0.6997811025 0.5375208476 0.4152436387 0.2654403677 0.2546861861 0.2413240804 0.2406762977 0.2273591318 0.2338606017 0.1717332608 0.2599386360 0.1543124614 0.2141051576 0.2294829984 0.1788425000 0.2277464907 0.1931515208 0.2299214524 0.2781322162 0.1807071765 0.2165695986 0.2029590484 0.2357582066 0.2090712523 0.2006866466 0.2414002843 0.1896941915 0.2137306194 0.2508089556 0.3090955182 0.4413363586
0.1508078268 0.2633401004 0.1572557469 0.1851367248 0.2132939065 0.2130745812 0.1984221532 0.2472131095 0.2708619695 0.3194133376 0.4536891776 0.6579277847 0.7575111511 0.9056625049 0.9130155665 0.7997535654 0.6364344575 0.4737990733 0.3749173971 0.2663285682 0.2282093623 0.1927849959 0.2136069219 0.2255556092 0.2154506254 0.1708570265 0.2068399236 0.1824947863 0.1897802618 0.1722939855 0.2002550877 0.1772401390 0.1997039574 0.1924427072 0.1854269354 0.1864780021 0.1949169945 0.2034521410 0.1592327330 0.2000809208 0.2325448452 0.1977803079 0.2149112201 0.2543308470 0.2771108149 0.3123054247 0.4419711074 0.5985660600 0.7670145759 0.8637140406 0.8701519910 0.8517395616 0.6353454809 0.5775177662 0.4796892777 0.2678157250 0.2866258357 0.2226068465 0.1879175830 0.2234164337 0.2440291171 0.2092597726 0.2089877378 0.2251074066 0.1950048607 0.2508819412 0.2554674910 0.2305265202 0.2471516059 0.2179755087 0.2146230068 0.2116723516 0.1919723900 0.2301331807 0.1980253714 0.2467709551 0.1916631559 0.2306002818 0.2090718014 0.2451849598 0.2683248080 0.3230806426 0.4152493186 0.5762313672 0.7524349679 0.8874226512 0.9048774755 0.8916275314 0.7712725254 0.5403744476 0.4115593779 0.3397085165 0.2384010795 0.2161472425 0.2010757773 0.2414713231 0.2100986468 0.1777253804 0.2056017600 0.2233054089 0.2387446886 0.2400833422 0.1782796689 0.2282904393 0.2258978611 0.1941034024 0.1995176145 0.1569590843 0.1674246613 0.2091286358 0.1365780393 0.1849125081 0.2325494210 0.2326782075 0.1956591527 0.2149204346 0.2097359786 0.3033458789 0.3804452284 0.5283266887 0.7221173113 0.8275812933 0.8846537180 0.8508172566 0.7577476330 0.6605706262 0.4935837559 0.3564328292 0.2415210423 0.2027084347 0.2081868625 0.2459234267 0.2491513653 0.2216616895 0.2076193151 0.1815397543 0.1802008924 0.1590159822 0.1974256840 0.2034207685 0.1762841562 0.1795949533 0.2035586594 0.2014596536 0.2332740170 0.2312947149 0.2751065041 0.2451756100 0.1647647913 0.2337432245 0.2182823168 0.2136843666 0.2006747438 0.2941478663 0.4069831646 0.4930076282 0.6120742510 0.7744555771 0.9112898905 0.8753502414 0.8352488456 0.6750642983 0.4852280434 0.3879630883 0.2638575633 0.2497728516 0.2421641336 0.1680393035 0.2317641843 0.2140321946 0.2204176668 0.2172735038 0.2785679413 0.1493634830 0.1945718390 0.2145688609 0.2221087304 0.2280238920 0.2350964504 0.2358777324 0.2056412092 0.2118753527 0.1845898267 0.1920163513 0.1812574649 0.2295202036 0.2329702122 0.2303504637 0.2513274560 0.2608233891 0.3131271755 0.4758632904
0.1760216148 0.1429905598 0.1842887917 0.2281163691 0.1801726207 0.1598863975 0.2577912540 0.2449878604 0.2243974339 0.3076856038 0.4770028406 0.6449085413 0.7332612192 0.8670312448 0.9117320755 0.8084844219 0.6956508358 0.4626383194 0.3875915502 0.2797434618 0.2491505317 0.2161645686 0.2523765057 0.1777166992 0.2022304825 0.2187671358 0.1676334414 0.2119610853 0.1987422374 0.2076299918 0.2047119073 0.1716716595 0.2159345712 0.1605961330 0.1630273977 0.2031853293 0.2110531824 0.2357223413 0.2298008714 0.1736810364 0.1905294666 0.2374236277 0.1940797989 0.2019861820 0.2355053882 0.2609044906 0.4125969019 0.6305683587 0.7489210796 0.8611282870 0.9253224222 0.8722056805 0.7033057858 0.5481392184 0.4192399593 0.2828578990 0.2297460412 0.2150049759 0.2351600347 0.1971742129 0.1745871663 0.1964251090 0.2414773950 0.1745403671 0.1900310362 0.1891691081 0.1772632789 0.1851384607 0.2113971713 0.1428732652 0.1962778898 0.1334339749 0.2276944791 0.2134955969 0.1981405561 0.1852766131 0.2208393503 0.1717363184 0.1958192873 0.2598125187 0.2854105527 0.3645077122 0.4519155304 0.6250465877 0.7337431001 0.8666823109 0.9138342725 0.9090047228 0.7907365779 0.6089192572 0.4855815732 0.3766473866 0.2897598379 0.2394052259 0.2096521487 0.2299152032 0.2227223374 0.2257864866 0.1866803403 0.1962173616 0.1896847129 0.1489207965 0.2449705900 0.2161045066 0.1693041847 0.2572628182 0.2612710502 0.2127689657 0.1808379513 0.1850799314 0.2631023855 0.1684142367 0.2436278108 0.1911138157 0.2317912587 0.2371042767 0.2753179796 0.2697243175 0.4175889535 0.5144180111 0.7175160237 0.8190755480 0.9536705337 0.9596999967 0.8225107745 0.6974702789 0.4785441864 0.3778284815 0.3063096398 0.2438979939 0.2230822926 0.2370338168 0.2534612159 0.1934369797 0.2539042932 0.1894037171 0.2185161008 0.2452703200 0.2099755807 0.1966498459 0.2252212464 0.2499464811 0.1951075384 0.2241166623 0.2323602988 0.1766351367 0.2178331055 0.2497940415 0.2235610050 0.1923966635 0.1971933506 0.2332075628 0.2302719712 0.2659558961 0.3142417910 0.4620608054 0.6303897007 0.7871137514 0.9101882525 0.9449096651 0.8480516357 0.7120441000 0.6007567020 0.4193885251 0.3351088834 0.2602344059 0.2430802150 0.2436533197 0.1674778811 0.2083198364 0.1963916939 0.2667077062 0.2015970239 0.2294952906 0.1608399442 0.2181702938 0.2445636886 0.2513167786 0.2167602826 0.1837436020 0.2434489480 0.1530835999 0.1820871297 0.2140005078 0.1943073230 0.1911144557 0.1854861027 0.2254314706 0.2231237101 0.2656385272 0.3317734364 0.4779021979
0.1663729553 0.2113203061 0.1936906900 0.1905973638 0.2024669268 0.2185005747 0.1574574616 0.2469920886 0.2866251638 0.3601434988 0.4744089908 0.6039362380 0.7877777753 0.8427868363 0.9024704126 0.8980024119 0.6901494598 0.4441562359 0.3954207942 0.3606614781 0.2553757802 0.2310686746 0.2026045005 0.1888922162 0.1971808648 0.2016731159 0.1849990202 0.2703139705 0.1853264176 0.1963388788 0.1940671125 0.2141674300 0.2261834383 0.1936801063 0.2331166568 0.2070234792 0.1984818050 0.1734624098 0.1881227140 0.1988777138 0.1576547164 0.1738650528 0.2076466237 0.1528145916 0.1840752692 0.3535859926 0.4636921012 0.5305772464 0.7548917542 0.8922303133 0.9466226804 0.9376910265 0.7002274325 0.5937763488 0.4658885706 0.2945076345 0.2432334862 0.2746568731 0.1762965675 0.1695241458 0.2097772128 0.2152549585 0.1921111606 0.2118204699 0.1885328401 0.2303690935 0.2042433132 0.1833195197 0.2489271418 0.1890422970 0.2085586194 0.2435603578 0.2435527601 0.1935197304 0.1755517315 0.1918110806 0.1913840606 0.2084489166 0.2589080121 0.2604050267 0.2115340189 0.2767477817 0.3912293495 0.5494247998 0.6780778045 0.7884533032 0.8990712396 0.8795791962 0.7370041781 0.6136634450 0.5017771051 0.3290692784 0.2668001144 0.2596692015 0.2113346083 0.1823351645 0.1619783417 0.2132603611 0.1922692756 0.1910341058 0.2116911270 0.2436012045 0.1784230372 0.2459403817 0.2279476301 0.2136552168 0.1917790416 0.2668110590 0.2142147462 0.2089671200 0.2539197540 0.2434051869 0.1882238861 0.1803747350 0.2012148527 0.2345305173 0.2461701571 0.2786427476 0.3607515707 0.4762838007 0.6347308599 0.8316371409 0.8969701884 0.9375730294 0.7860735362 0.7270746637 0.4985994431 0.3801415952 0.3107784821 0.2799325722 0.2252701707 0.2312569413 0.2014917233 0.2290885902 0.2016501436 0.2240589673 0.2167763716 0.1510655323 0.2186813305 0.1714328758 0.2362595133 0.2171393906 0.2151292587 0.2683854757 0.1822048256 0.2004714947 0.1828706436 0.1993220695 0.2381177948 0.2256172579 0.2160519737 0.2219739429 0.1660982917 0.2581560436 0.3746632295 0.4452179659 0.5935975038 0.7900588661 0.8809065203 0.9730697171 0.8570276665 0.6846537536 0.6017538894 0.4836073680 0.3662190334 0.2495293823 0.2365694620 0.2405018642 0.2634276867 0.2087979139 0.2270236892 0.1981732243 0.2122771628 0.2023603556 0.2380376309 0.2250021326 0.2320662988 0.1849225608 0.2603050491 0.2340055728 0.1728034757 0.1980074657 0.1790523005 0.2623476629 0.2818367340 0.1611398088 0.2103989734 0.2329348636 0.2157792143 0.3142940775 0.3637041866 0.4353904946
0.1952540454 0.2089121978 0.2139025258 0.1771640669 0.1441258912 0.1734895992 0.2330740929 0.1855831906 0.2391004816 0.3071468552 0.4616686573 0.6379398996 0.7673542854 0.8814550399 0.9244156017 0.8552391777 0.6631533617 0.5417890038 0.3982579362 0.3237493246 0.2592267770 0.2229166580 0.1850552242 0.1547703135 0.1849037054 0.2159675347 0.1873910332 0.2135456308 0.1936466592 0.2203879102 0.1968153315 0.1913617343 0.2102626750 0.1978643643 0.1982848034 0.1640728822 0.1840836594 0.2064763768 0.1583935829 0.2341764917 0.2094773486 0.1992997852 0.2283236939 0.2004559648 0.2910721110 0.3618901675 0.4250638550 0.6353159539 0.6786642458 0.8495573778 0.9406933299 0.9086594477 0.7494226348 0.5793564240 0.4203416234 0.3352207956 0.2899713196 0.2372326989 0.2063240694 0.1911422857 0.2238752490 0.2031253775 0.1847171208 0.2143279237 0.1628141877 0.1939567432 0.2553751883 0.2444112951 0.1491514102 0.2169803579 0.1891652205 0.1876670615 0.2211185907 0.1963222002 0.2077009372 0.1901935544 0.2286276916 0.2039556726 0.2123795321 0.2223812757 0.2150267078 0.2744386831 0.3852267586 0.4715587136 0.7345325328 0.8189015218 0.9226008340 0.9078340620 0.7776142550 0.6470795803 0.4686468582 0.3670630021 0.3109275174 0.2474628380 0.2809678876 0.2122082202 0.2076272535 0.2037981603 0.2223113616 0.2380044085 0.2301134166 0.2010537899 0.1581143362 0.2294557186 0.1738280032 0.2047521586 0.2161285208 0.2231980145 0.2124065010 0.2066287218 0.2002576279 0.2241167532 0.2275886797 0.2101254359 0.2112371131 0.2494173602 0.2224178173 0.3058723073 0.4089481338 0.4825471096 0.6248497126 0.8126491020 0.9118660349 0.9460866880 0.8037858442 0.7073419403 0.5612649836 0.3571108614 0.2912916524 0.2257053627 0.2677523120 0.2146532734 0.2134556273 0.1318480758 0.2222242602 0.1976442765 0.2085922742 0.2028510451 0.1777203904 0.2399374034 0.2091467392 0.2257435338 0.2165880534 0.1922656154 0.1816999809 0.1796982467 0.2777422207 0.2098445261 0.2106200296 0.2124425149 0.2074473426 0.2103285879 0.2762250163 0.2596428093 0.3504821259 0.4752943369 0.6049610912 0.8011062001 0.9314329317 0.9368770689 0.8534917214 0.7605214540 0.5313249064 0.4151346706 0.3829738882 0.2747244538 0.2553064397 0.2652089888 0.2046075435 0.1659897811 0.2103985107 0.1859786545 0.2041298424 0.2092873511 0.2109821718 0.1994229634 0.2418425116 0.2042059004 0.2538030216 0.2346261231 0.1938788594 0.1970267425 0.2067051126 0.1710576949 0.2102628182 0.2289419953 0.2013327880 0.2370879132 0.2709179475 0.2561002849 0.3069842968 0.3880850173
0.1996706906 0.1723495636 0.1712904122 0.2139625750 0.2224651353 0.1624480768 0.1941202229 0.2061025354 0.2367794756 0.3253324436 0.4395566956 0.5371320028 0.7048865822 0.8756071325 0.8489505677 0.8315964784 0.7124685342 0.5741123139 0.4352535181 0.3266594871 0.1903816215 0.1837623371 0.1592400767 0.1795044191 0.1936763881 0.2100352395 0.1630901137 0.1332196014 0.1883664547 0.1768945365 0.2285376041 0.1709051725 0.1833062607 0.1596417995 0.2128728533 0.1275082863 0.2244416439 0.2680584072 0.1769066681 0.1925352133 0.1813082536 0.2142155556 0.2238179196 0.2231316395 0.2347017108 0.3437954398 0.4210861854 0.5370175694 0.7370108114 0.8531050284 0.9108499555 0.8620076920 0.7725399935 0.5959869437 0.4394678981 0.3043498191 0.3020820584 0.2118287600 0.2432683116 0.2422275578 0.2135408495 0.1971027574 0.2046709470 0.2297563934 0.2104576614 0.2019697644 0.2127071814 0.2232610158 0.1944545270 0.1885957828 0.2240977091 0.1994967244 0.1994456205 0.2423319071 0.2068361980 0.2207517715 0.1560228777 0.2523863214 0.1523216304 0.2716086177 0.2956089867 0.2159824781 0.3691334164 0.5245204461 0.6828652530 0.8505364623 0.9575765734 0.8991738775 0.8401116061 0.6571285319 0.4574964748 0.3821077951 0.2403504453 0.2487682975 0.1714337115 0.2099034907 0.2321246068 0.2426149282 0.2091191964 0.2125420884 0.2535740593 0.2179841669 0.2423578900 0.1781795708 0.2049570200 0.2008879055 0.1863662955 0.1799510453 0.1738904876 0.1889752245 0.1747436411 0.2125665662 0.2213913748 0.1958178157 0.1885549527 0.2549541994 0.2607706178 0.3103364971 0.3630800494 0.5171596742 0.6773272292 0.8036800370 0.8620344358 0.8992081591 0.8438455635 0.7234586698 0.5412742803 0.4057953851 0.3064192786 0.2594099326 0.2413390894 0.2186371116 0.2180047045 0.2285951918 0.2043898019 0.2129825926 0.1927168176 0.2209417511 0.2105659068 0.1899755647 0.2116063507 0.1217023900 0.2341814503 0.1528874434 0.1927085688 0.2262988283 0.1701428729 0.2323098090 0.2219503856 0.2404924913 0.2086101913 0.2192131508 0.2404215762 0.2416629091 0.3136250432 0.3796515735 0.5658540573 0.7747404142 0.8661059290 0.9171694234 0.8829310856 0.7717350674 0.5461905773 0.4233019634 0.3264948479 0.2997722530 0.2719137952 0.2447305259 0.2454048935 0.1853604052 0.2000214593 0.1774537075 0.2541381656 0.2066338291 0.2436784046 0.1963947679 0.3039203624 0.2169382760 0.2088557754 0.2125134781 0.2239776902 0.2067503575 0.2530370623 0.2188561523 0.2373354805 0.1878157963 0.2770881389 0.2369200811 0.2588801773 0.2740984990 0.3171322657 0.4064911382
0.2114761534 0.1868450431 0.1639196233 0.1732632100 0.2013664424 0.1665902205 0.1955226657 0.2197310216 0.2394221805 0.2606203539 0.4363649640 0.5762569604 0.7532828611 0.8900029098 0.8948707717 0.8653003290 0.7155802234 0.5456033001 0.4116157072 0.3137381293 0.2620836213 0.2280427924 0.1717326710 0.1815380077 0.1619479473 0.1393675728 0.1628816914 0.2002943907 0.1975402200 0.1519243310 0.1638220504 0.1956783286 0.1891728343 0.1762851971 0.1926940808 0.2376936493 0.2030687142 0.1769353426 0.2127692196 0.1964710289 0.2068662172 0.1942821914 0.1779769021 0.2328157007 0.2421029339 0.2883797291 0.4351538057 0.5309446561 0.7188574591 0.8798686858 0.9379052924 0.8606945107 0.7450041944 0.6173954335 0.4693067004 0.3577487553 0.2644229660 0.2211308576 0.2176800133 0.1836127846 0.1641458781 0.2013953567 0.1528389236 0.1808549394 0.2299799350 0.1869051401 0.1633931404 0.1574173089 0.1518713715 0.1974596487 0.1584815325 0.2213374800 0.2147195617 0.1943566210 0.2211587156 0.2071813079 0.2331139012 0.1967704466 0.1771095666 0.1669762728 0.2517676440 0.2799184874 0.3669832393 0.4696695036 0.6346264273 0.8197110526 0.9178885607 0.8687523678 0.8101955918 0.6650598656 0.5002638219 0.3826601435 0.2621288142 0.2278694568 0.2049178100 0.1905483305 0.2177239110 0.2179262865 0.2062780749 0.2034886736 0.1837548707 0.1816114338 0.2175691201 0.1535093891 0.2252891927 0.1906767892 0.2024415698 0.2222705055 0.1679928390 0.2469170298 0.2263601453 0.1964329331 0.2110001179 0.2218411276 0.1604141982 0.1984533354 0.2440338333 0.2617628545 0.3709927803 0.4430658634 0.6570066695 0.7303519062 0.9031827054 0.9306067120 0.8560371529 0.7382035441 0.4989868713 0.3553104838 0.2796546936 0.2693183580 0.2130259962 0.2492584107 0.2186927586 0.1774983050 0.1907048852 0.2082361186 0.2432368097 0.2087352316 0.1891743489 0.1807519625 0.2017979388 0.2043632391 0.1827750654 0.1732585027 0.2158960575 0.2406883381 0.1785396857 0.2061366615 0.2327335737 0.2155109000 0.2074846378 0.2079947986 0.2318169115 0.1939204824 0.3275653864 0.4231472056 0.5460027298 0.7674989078 0.9115732139 0.9126417205 0.9151700023 0.7530318753 0.6347217448 0.4502208747 0.3189657965 0.2553604036 0.2065731062 0.2229962092 0.1690604241 0.1711202391 0.2077476635 0.2245902851 0.1982899285 0.1845180924 0.1582841502 0.2257600950 0.2255786859 0.1801337624 0.1730150833 0.2342633878 0.2504704729 0.2093597802 0.2671326343 0.1906482840 0.2318595424 0.2205711169 0.1910445878 0.1937355550 0.2534002193 0.2620511860 0.2897459504 0.4336826137
0.2102452225 0.1939545734 0.1868341373 0.1714197769 0.1671874676 0.1774628409 0.1976378922 0.1804132933 0.2412770762 0.3228905006 0.4241853016 0.5295414672 0.6829612421 0.8017895722 0.8738019878 0.8551981082 0.7481519966 0.5428703641 0.4363829303 0.3032946581 0.1986167419 0.2224881906 0.2117965781 0.1783853632 0.1662446596 0.1579692276 0.1994347480 0.1831739055 0.1795447727 0.2084027554 0.1709229363 0.1747862657 0.1628731249 0.1532426886 0.1855872984 0.1765218834 0.2290837101 0.1913848481 0.1996381455 0.1394907731 0.1905860433 0.2078553294 0.2210936611 0.1872076480 0.1922980511 0.2787559130 0.3537223475 0.4892166351 0.6805629834 0.8369535459 0.8737669960 0.8809670886 0.7685230556 0.6356258993 0.4368794802 0.3339218874 0.2570669188 0.2389211851 0.1988026136 0.1807441992 0.2685966056 0.1701090153 0.1796387123 0.1998700204 0.1882439723 0.2112632929 0.1408754047 0.1894916641 0.2163857772 0.1871976249 0.1579283392 0.1814158816 0.1632605388 0.2279444931 0.1664967418 0.1542129351 0.1584321272 0.2019894991 0.1953557344 0.1838424074 0.2525143474 0.1937538388 0.3303730331 0.4658006202 0.6294497470 0.8133103513 0.9051274708 0.8715362539 0.7872383447 0.6604047436 0.4834203965 0.3570346752 0.2611507747 0.2233090427 0.2473803652 0.1634815692 0.1899267464 0.2187230500 0.2142497981 0.2126207191 0.1952712775 0.1814237076 0.1249673355 0.1781008852 0.2249130091 0.2278420497 0.2152668982 0.1904185396 0.2232876849 0.1710735667 0.2447453086 0.1797981864 0.2169616802 0.1736108723 0.1913752738 0.2397150254 0.2210583099 0.2019931120 0.3111981666 0.4507509348 0.5972313402 0.7330391160 0.9047566281 0.9364403740 0.8955488072 0.7417655139 0.5456259189 0.4369983476 0.2968186406 0.2450418920 0.2329339332 0.1827605810 0.2060833710 0.2155543855 0.1649918716 0.2015038086 0.1927936873 0.1736213302 0.2080584685 0.2120348749 0.2036151109 0.2294499335 0.2300749189 0.2526575411 0.1987263865 0.1988506355 0.2098342996 0.2497179853 0.2085842905 0.2118098050 0.1862106010 0.2351560325 0.2089062243 0.2462438759 0.2935455785 0.3632984090 0.5454622147 0.7494541413 0.8073095807 0.9622619685 0.8782695046 0.7661480298 0.5901309297 0.4454684980 0.3683217727 0.3080108438 0.2672666000 0.2134298570 0.1712355644 0.1755631195 0.2129555070 0.1768059204 0.2203631391 0.2487742352 0.2014530924 0.1761047965 0.2129926435 0.2059752526 0.2170117746 0.1980404349 0.1726603214 0.1959032163 0.1936146979 0.2428840749 0.1649586330 0.1721152176 0.1827522221 0.1968743020 0.2318303972 0.2133483852 0.2952419138 0.3362834082
0.1848145728 0.1970633400 0.1917659134 0.2123199159 0.1698125023 0.1889157285 0.1295101016 0.2111412065 0.2068137688 0.2948473587 0.4198429610 0.5136374159 0.6940599934 0.7881181040 0.8813871601 0.8714182430 0.7683447131 0.5666650140 0.4471419882 0.3009650285 0.2276973718 0.2489910062 0.1551730037 0.2107034494 0.2078883883 0.1971393244 0.1283898977 0.1636246063 0.2143723206 0.2048674844 0.1547127183 0.2114577343 0.1653204695 0.1654510545 0.1632476603 0.1845151046 0.1643289671 0.1704076054 0.1951503355 0.1795253593 0.1920310333 0.1826594178 0.2163925889 0.1941819644 0.2075379946 0.2868211833 0.3321051057 0.5163528355 0.6327920034 0.7635283694 0.8833258183 0.8664035485 0.7621740738 0.5998183921 0.5035435676 0.3455782314 0.1903064105 0.2215100511 0.1775038262 0.1695306747 0.2051383985 0.1317609585 0.1226148586 0.1912987044 0.1763794379 0.1752463802 0.1910108591 0.1541755497 0.1602719641 0.1555793073 0.1967500949 0.1573247034 0.1805772511 0.1666382304 0.1874650806 0.1732636414 0.2326141238 0.1728912306 0.2096025853 0.1846078820 0.1659289448 0.2576435885 0.3145246741 0.4192378807 0.5817271074 0.7863308560 0.8859127735 0.9140939913 0.8042406920 0.6513189020 0.5113146962 0.3712538862 0.3023090650 0.2412584874 0.2135042481 0.1778481158 0.1924344083 0.2204563449 0.1561560033 0.2427088017 0.2494174451 0.1948357987 0.2233571085 0.1844955285 0.1908315031 0.1953332180 0.1862664947 0.1786962128 0.1352155643 0.1828816046 0.1763167300 0.1856239982 0.2053256465 0.1665683640 0.1711495603 0.1559709807 0.2486938778 0.2391097043 0.3590571342 0.4211845945 0.5676667457 0.7367609077 0.8524827525 0.9208765350 0.8501304146 0.7061889848 0.6119058617 0.4820666701 0.2876325888 0.2668414330 0.2178076246 0.1785303058 0.1769303548 0.1797565116 0.2327769242 0.1814694066 0.1855605535 0.1938419121 0.1535534792 0.2211548561 0.1666911767 0.1785102856 0.1879748413 0.2130639392 0.1687658143 0.1930066130 0.2246428805 0.1662314508 0.2012520997 0.2344440140 0.2043360955 0.1617774149 0.2195497710 0.2346551491 0.3313356176 0.3602445635 0.5053927248 0.7599840172 0.8605669714 0.8437296515 0.8676054163 0.7191317165 0.6271220248 0.4957380948 0.3625429132 0.3377331822 0.2058725817 0.1531560132 0.1706125832 0.1995045423 0.1745627776 0.2061436115 0.2434840949 0.1668252527 0.2185172766 0.1167643822 0.1981680521 0.1689762842 0.2040090102 0.2282390067 0.2039541631 0.1853304296 0.2127550550 0.2003411890 0.2190017733 0.1811242652 0.1822308462 0.2241516656 0.1928623729 0.3048267237 0.3135715931 0.3193100307
0.1771738027 0.1480731154 0.1547666926 0.2140439957 0.1826331336 0.1772965730 0.1963095978 0.2096833399 0.1824429493 0.2914965156 0.4290098181 0.5796991823 0.6474143019 0.8633104210 0.8724619029 0.8151642464 0.7550432795 0.5842067424 0.4452761836 0.3402892012 0.2256444187 0.1128176998 0.1882970591 0.1659650756 0.2026026485 0.1423324327 0.2013481013 0.1766906727 0.2075723813 0.1609583594 0.1305468342 0.1470215616 0.1569811206 0.2013050666 0.1737339938 0.1631023529 0.1869001300 0.1398302459 0.1734621345 0.1793512765 0.2218319578 0.1609059334 0.1727341763 0.1293301636 0.2259991950 0.3302586490 0.3715891593 0.4532649761 0.6777451084 0.8215484343 0.8781901462 0.8755531336 0.7596598147 0.6244040157 0.4395554775 0.3780291181 0.1946295511 0.1799921974 0.1648423826 0.1879901601 0.1211089172 0.1835793674 0.1825995691 0.1275291016 0.2037499140 0.1792258101 0.1443910803 0.1622982342 0.1703550195 0.1557562318 0.1824671255 0.1744672149 0.1612742863 0.1662281115 0.1802002874 0.1441694317 0.2018015029 0.1243148350 0.2072315934 0.1695146661 0.2505610691 0.2706527267 0.3330086750 0.3549618885 0.5928520641 0.7653971355 0.8987706508 0.9079998492 0.8082815044 0.6963279716 0.4909125510 0.3763640811 0.2656229300 0.2257622121 0.1679938817 0.1651772495 0.1530627580 0.1746146598 0.1669418347 0.2018200979 0.1565903573 0.1654165836 0.1844991488 0.1329929331 0.2052494598 0.2258195374 0.1320913936 0.2133452565 0.1420169350 0.2129914327 0.1683190732 0.1537126615 0.2243168577 0.1907261234 0.2254446745 0.1486824164 0.2028688154 0.2276056084 0.3131922037 0.3864793652 0.5683875418 0.7001560876 0.7984835941 0.9273627536 0.8454736114 0.7025885777 0.5262880255 0.4342426963 0.2450452500 0.2394682350 0.2054660373 0.1741192391 0.1966846988 0.1808874132 0.1895136638 0.1324952024 0.2086229883 0.2524485474 0.1809973944 0.1660001795 0.2022999547 0.2052863956 0.1862635278 0.1555588665 0.1944238249 0.2055092598 0.1617179001 0.1610813762 0.1641010508 0.1839934270 0.1770161125 0.1624961796 0.2588404259 0.2426612580 0.3083289756 0.3583602249 0.4535700819 0.6628952505 0.8319097051 0.8835502432 0.8609449242 0.7800463842 0.5942606795 0.4485233406 0.3454175045 0.2190558312 0.2194859454 0.2435559654 0.2499540164 0.2509764716 0.1651868113 0.1887003804 0.2187467329 0.2038586943 0.2045712852 0.1503494456 0.1808966487 0.1806479930 0.1966780502 0.1743991431 0.1863840882 0.1630104067 0.1923711037 0.1873834986 0.1834898841 0.1680487911 0.2349218216 0.2121492408 0.2293733259 0.2056915836 0.2072243758 0.3516653666
0.1145470603 0.1263865615 0.1486988887 0.1407238540 0.1846141423 0.1536485689 0.1516282917 0.2149492030 0.1564039846 0.2311850485 0.3678907768 0.4548356241 0.6881617211 0.7947586654 0.8880168984 0.8543745415 0.7496250848 0.6052726600 0.4466285727 0.3051355540 0.1490880025 0.2183664590 0.1494607963 0.1726975575 0.1638772580 0.1458147483 0.1961684603 0.1557275228 0.1578869820 0.1603015361 0.1997009665 0.1689215676 0.1834163707 0.1929220672 0.1874015642 0.1609138232 0.1934535128 0.1833142246 0.1407324513 0.1703041467 0.1292038777 0.1406222324 0.1404737861 0.1853491640 0.2282925890 0.2537055699 0.3288869032 0.3958819163 0.5539159426 0.7369315054 0.8527569908 0.8390431034 0.8347909793 0.6373516725 0.4320386867 0.3701188806 0.2658505665 0.2647529482 0.1551757194 0.1182149407 0.1218375947 0.1499102394 0.1295256333 0.1764667166 0.1492783696 0.1657022369 0.1625371156 0.1759750784 0.1791129126 0.1528897617 0.1760908219 0.1839492835 0.1303896859 0.1743610237 0.1568838819 0.2008716526 0.1189282536 0.1704486636 0.1553685908 0.1760278277 0.1838623141 0.2386036564 0.3030848058 0.4011132830 0.5986952531 0.7309158110 0.8161501638 0.8969035374 0.8151237526 0.6641697401 0.4897084462 0.3688788769 0.3080237691 0.2030076585 0.1881390323 0.1512468399 0.1460517565 0.1704092110 0.1582683175 0.2447426182 0.2226579419 0.2134026046 0.2066405244 0.2026485500 0.1775208315 0.1861811421 0.2117527371 0.1985196538 0.1971272318 0.1695221879 0.1740292425 0.1720888900 0.1837039299 0.1672162066 0.1912702282 0.1832946694 0.1982982135 0.2522493642 0.2978407712 0.3965065335 0.4521504054 0.6456588500 0.8177071762 0.8675979667 0.8491785242 0.7271833320 0.5498382229 0.4097708317 0.3113811243 0.2413020447 0.1923731220 0.1408502613 0.1936010058 0.2232651172 0.1789996293 0.2037719779 0.2253209088 0.2043398189 0.1664168338 0.1761180462 0.1463175821 0.1818810671 0.1641323541 0.1899201770 0.1842164831 0.1286958221 0.1778435313 0.2226211182 0.1418716884 0.1844048397 0.2144435011 0.2025575677 0.2662949835 0.2351178053 0.2461537566 0.3357140037 0.4711796703 0.6783875677 0.8000056716 0.9146425916 0.8761311102 0.7481727211 0.5939347262 0.4714908223 0.3405031212 0.2604496879 0.1890787058 0.2136082660 0.1799939790 0.1808959332 0.1465547278 0.1473335640 0.1532615172 0.1730868911 0.1271889829 0.1938927406 0.1780017420 0.2091208490 0.1454135934 0.1749674785 0.1566130746 0.1280559323 0.1591572782 0.1162670823 0.2176314243 0.1373490032 0.1736392052 0.2169088401 0.1483736101 0.2214301317 0.2762756179 0.3483128185
0.1439779995 0.1349035193 0.1646521980 0.1526730451 0.1564660654 0.1641586042 0.1711277825 0.1985208897 0.1761983438 0.2359087356 0.3523868288 0.4294102901 0.6297819901 0.7893470085 0.8703883247 0.8407046310 0.7092942395 0.5743397742 0.3841387275 0.2951111366 0.1981568098 0.1983587120 0.1442608818 0.1503964352 0.1423777161 0.1557497333 0.1072612640 0.1402649820 0.1389776653 0.1643053194 0.1254974420 0.1652460474 0.1541918671 0.1580498902 0.1277379941 0.2058427987 0.2157436618 0.1318545662 0.2009537741 0.1505176322 0.1508578961 0.1863103216 0.1608064038 0.1397315792 0.2721926102 0.2552536670 0.3400823145 0.4072491370 0.5518089137 0.7583751719 0.8583480664 0.8972212191 0.7779804277 0.6329620935 0.4839675273 0.3153041689 0.2335695584 0.1840421759 0.1676253495 0.1397090905 0.1317563075 0.1727264152 0.1615767353 0.1914164591 0.1842872322 0.1537174233 0.1701062637 0.2095792255 0.1814836935 0.1782117766 0.1674970999 0.1583199088 0.1640650354 0.1473537223 0.1552087727 0.1473934515 0.1260604413 0.1762209991 0.1910779817 0.1794771169 0.2070241872 0.1952805682 0.2798596844 0.4234479288 0.5467632091 0.7034663835 0.7839104886 0.8799125838 0.8155537500 0.7067931485 0.5254671726 0.4170140881 0.3525993868 0.2250902933 0.2261243757 0.1755632172 0.1019843144 0.1629692142 0.1386569857 0.2251777412 0.1927908792 0.1891736554 0.2037210374 0.1333871164 0.1045478835 0.2086286422 0.1484581918 0.2165840330 0.2186795359 0.1691979898 0.1708812029 0.1655369928 0.1911042119 0.1846833576 0.1823617831 0.2031405742 0.1567587309 0.1890346429 0.2713938802 0.3454179447 0.5445677239 0.7056477643 0.8226567349 0.9060118810 0.8599668281 0.6575001631 0.5600789761 0.4586746882 0.3459082616 0.2602375576 0.2365893943 0.1945834911 0.1770487901 0.2015703599 0.1465033368 0.1607277883 0.2094714667 0.2252883415 0.1547320759 0.1573014893 0.1968966529 0.1060777890 0.1547400779 0.2154298705 0.1763460580 0.1153991170 0.1782238611 0.1120791006 0.1813733864 0.1981924854 0.1548793074 0.1572343246 0.2506877019 0.2417263079 0.2752073871 0.3513870236 0.4840169906 0.6560882347 0.8162365876 0.8740821788 0.8599372846 0.7781217620 0.6527016488 0.4153717213 0.3441035518 0.2457774104 0.2170406990 0.2025911396 0.2517525400 0.1624153811 0.1607391398 0.1594467002 0.1919691146 0.1528290080 0.1996704474 0.1086349065 0.1643513449 0.1929931424 0.1226311800 0.2014576315 0.1890358694 0.1993389866 0.1642779702 0.1746399346 0.1409883798 0.1386769557 0.1609808121 0.1273484612 0.1821247416 0.2182088748 0.2206883498 0.3013930942
0.2028799172 0.1553771503 0.1868636665 0.1262789755 0.1764326955 0.1519896661 0.1364806377 0.1390039734 0.1941293234 0.2353233149 0.3249369491 0.4628213595 0.6448747025 0.8008341921 0.8311945739 0.8175270437 0.7819374110 0.6469705629 0.4364827305 0.2647108915 0.2282406876 0.2098110040 0.1386799864 0.1528040657 0.1984191565 0.1836698057 0.1402888108 0.1448742449 0.1509672549 0.1453740076 0.1331320359 0.1418227411 0.2189234196 0.1671585791 0.1760466640 0.1407346741 0.1657931474 0.1845781126 0.1440539763 0.1416771483 0.1619105693 0.1738899948 0.2026693865 0.1644038292 0.1338406958 0.1799583611 0.3168259296 0.3546345170 0.5671617236 0.7019247148 0.8295375819 0.8634084091 0.7792317043 0.6020725421 0.4989707325 0.2954343239 0.1975944008 0.2582631883 0.1546829746 0.1234842925 0.1165211587 0.1865380484 0.2021078975 0.1821778850 0.2186888451 0.1504888746 0.1223571671 0.1846049577 0.1574667105 0.1398694565 0.1506168872 0.1757892234 0.1760179610 0.1390892083 0.1638698615 0.2018603486 0.1438809479 0.1654015479 0.1597834697 0.1783322580 0.1616508362 0.1837707938 0.2329582927 0.4195045441 0.5723930342 0.7354813352 0.8362352330 0.9033894698 0.8208020935 0.6913609694 0.5246731553 0.3936237347 0.2824982000 0.2361357803 0.1795567623 0.1445845133 0.1408283865 0.1936048556 0.1711145421 0.2252300655 0.1940477163 0.1388422432 0.1709810298 0.1961939358 0.1680573529 0.1950312293 0.1821242595 0.1379734730 0.0970880958 0.1642678879 0.1815192363 0.1513061726 0.1082526290 0.1423539135 0.1876375725 0.2012002152 0.1535140076 0.2227773605 0.2981183830 0.3531996947 0.4961962419 0.6472445251 0.8298071482 0.8996296935 0.9165232710 0.7377140312 0.6262897363 0.3773726294 0.2921774557 0.2505901679 0.2052887096 0.1850151415 0.1435447288 0.1603038666 0.2315764179 0.1725044679 0.1849212328 0.1581417563 0.1968475247 0.1523397609 0.2078744056 0.1953162802 0.1913459716 0.1903550752 0.1695661695 0.1834400121 0.1351552477 0.1773935977 0.2266209866 0.1751078905 0.1867530142 0.1507474057 0.2026317496 0.1851160719 0.2492177005 0.3227114316 0.4316409186 0.6262433937 0.8051592439 0.8609558493 0.8500782536 0.7620557870 0.6348627179 0.4853219138 0.3213418959 0.2878418565 0.1978506094 0.1532844430 0.1549040013 0.1785235540 0.1857732034 0.1682962226 0.1406787898 0.1879088665 0.1799011469 0.1834857382 0.1736076458 0.1759029966 0.1673973836 0.1766853378 0.1124718940 0.1997535447 0.1350882181 0.1364105943 0.1601879199 0.1849747052 0.1518605228 0.1961001564 0.1528343741 0.2157837494 0.2010087342 0.3160716635
0.1207965908 0.1545311535 0.1164354603 0.1376883072 0.1336863436 0.1336399551 0.1588475206 0.1891141667 0.2073312097 0.2613431233 0.2981094181 0.5056274266 0.5795999389 0.7840538830 0.8680502431 0.9095673511 0.7257628624 0.6161006722 0.4316912690 0.3382134740 0.2470674666 0.2116087220 0.1675160952 0.1524650884 0.1242115865 0.1343787271 0.2027329633 0.1388153604 0.1344223103 0.1603063986 0.1340175485 0.1021177572 0.1198960725 0.1803048807 0.1671109785 0.1761461760 0.1181538723 0.1246712436 0.1919708486 0.1677067161 0.1490341334 0.1653242042 0.1339344104 0.1402346201 0.1696736189 0.1781283044 0.3157805097 0.4003957058 0.5266227059 0.7070544454 0.8376536373 0.8646190174 0.7826326378 0.6455610270 0.5185471532 0.3731607500 0.2953869921 0.2123369102 0.1461843326 0.2004603257 0.2213918074 0.1576686428 0.1573466354 0.1489235344 0.1469825382 0.1681084135 0.1483815060 0.1607967101 0.1596027076 0.1605664150 0.2307621395 0.1916409937 0.1907723531 0.1604807820 0.1336327590 0.2024586805 0.1866480407 0.1292365065 0.1994707422 0.1669403078 0.1645561281 0.1989245473 0.3037754978 0.3574137285 0.4863616910 0.7195668827 0.7897177619 0.8934774696 0.8623384038 0.7398960536 0.5303085978 0.4171744897 0.2638708552 0.2667324819 0.1500303502 0.1545387507 0.1456886681 0.1700540796 0.1314137952 0.1541262098 0.1174865099 0.1890073503 0.1607917523 0.1682797646 0.1367582519 0.1602611280 0.2196203660 0.1729621742 0.1414022978 0.1951590034 0.1898874256 0.1628654022 0.1595319876 0.1849755934 0.1684331258 0.1543736321 0.2163719536 0.1804657075 0.2478252116 0.3675292296 0.4928002036 0.5970312204 0.8144766474 0.8820153414 0.9085226674 0.8025753097 0.5723156005 0.4612330082 0.2677928483 0.1970099048 0.2181879813 0.2143491153 0.1518374913 0.1110875153 0.1678343291 0.2035638940 0.1258830875 0.1810408651 0.2044011247 0.1593617062 0.1901367229 0.1405560018 0.2266188659 0.2065108088 0.1863698336 0.1585264830 0.2183536904 0.1246771428 0.1553315090 0.1556054269 0.1374376406 0.1526677457 0.1766207066 0.2092101161 0.2857088238 0.3347818273 0.4573119831 0.6001764275 0.7918494661 0.8324916205 0.8842431160 0.7940299552 0.6854106287 0.4837404982 0.3340909853 0.2598932482 0.2307392774 0.1531280259 0.2103813689 0.1471966444 0.1831365394 0.1511142317 0.1268829085 0.2311088770 0.1488618736 0.1853419425 0.1996184678 0.1745877447 0.1837949774 0.1895539643 0.1705348255 0.2054356868 0.1148273560 0.1561281900 0.1427007061 0.1669459274 0.2162629180 0.1261589993 0.1794036128 0.2452382397 0.2086440540 0.2913362064
0.1698569902 0.1514223446 0.1317253147 0.2206256174 0.1528379722 0.1635354040 0.1519296055 0.1229788550 0.1646077795 0.2376230101 0.3708511855 0.4998606533 0.5746560357 0.7587552219 0.8632034206 0.8395070346 0.7337255483 0.6383296074 0.4620873114 0.3436079391 0.2345516189 0.2214770371 0.1456312291 0.0975148285 0.1501484298 0.1335867709 0.1609220427 0.1388730890 0.1505889283 0.1495322177 0.1500914535 0.1433951203 0.1333836462 0.1525486163 0.1629427123 0.1861074365 0.1501707754 0.1634271109 0.1993375808 0.1477303737 0.1392591227 0.1833801988 0.1944728915 0.1220421310 0.1113423679 0.2476187298 0.2653337213 0.4194051243 0.6097105703 0.7200057295 0.8603628643 0.8715355418 0.8198732617 0.6654757607 0.5287867834 0.3984176960 0.2508032377 0.1749471131 0.1862988248 0.1922681273 0.1739696351 0.1518274584 0.2076003519 0.1857231455 0.1547296689 0.1806003385 0.1458506421 0.1978545863 0.1386334508 0.1582925552 0.1148024844 0.1502276491 0.1782930716 0.1181764312 0.1689274202 0.1419760668 0.1524574894 0.0901161731 0.1848385720 0.1876381544 0.1595605682 0.2113768767 0.2605215746 0.3822939596 0.5065215755 0.6846021417 0.8288942573 0.8912544326 0.8022616593 0.7210635030 0.5767798107 0.3929523868 0.2908838535 0.2226482432 0.2148323612 0.1859183546 0.1676666219 0.1918180250 0.1689344506 0.1913026651 0.1338539029 0.1364588063 0.2046498328 0.1758717024 0.1439952086 0.1629743760 0.1445220196 0.1629641199 0.1906184352 0.1257149556 0.1689708176 0.1898762607 0.1253585807 0.1980178507 0.2013468386 0.1862418315 0.1768444765 0.1852405132 0.2479142103 0.4057688142 0.4725177478 0.6423258717 0.7948097257 0.9010700183 0.8304683516 0.7204043597 0.6508926988 0.4894025850 0.3557116528 0.2257829881 0.1826948025 0.1559287047 0.1751191376 0.1359219378 0.1640457372 0.1643334055 0.1514769494 0.2206535500 0.1759546928 0.1630056852 0.1475984627 0.1703965335 0.1689004433 0.1890100604 0.1579010164 0.2088059353 0.1329063403 0.0920110723 0.1635670899 0.1378107580 0.1439056522 0.1551661640 0.1815482302 0.2028425004 0.2694398306 0.3578352002 0.4712231205 0.5717521287 0.7167094790 0.8788071169 0.8629091439 0.8153995270 0.6393379642 0.4976992844 0.3683690756 0.2870416398 0.1928996327 0.1464797708 0.1575789179 0.1749621664 0.1537638935 0.1812056620 0.2011053769 0.1712271105 0.2048749582 0.1600717145 0.1828709358 0.1688258208 0.1888468639 0.1575160807 0.1498585936 0.1498012938 0.1539767701 0.1896754063 0.1613686491 0.1684780258 0.1581974494 0.2566862390 0.1742000657 0.2691138760 0.2642645189 0.3039705755
0.1541869806 0.1662874843 0.1797265861 0.1521854394 0.1776240283 0.1503548137 0.1462264885 0.1374995736 0.2282553085 0.2843627931 0.3079277255 0.3947540355 0.5859263436 0.7842589302 0.8942943375 0.8722561906 0.7862344548 0.6249247804 0.4694909710 0.3534944258 0.2776994073 0.1811614584 0.1927807505 0.1737178601 0.1353268154 0.0617386375 0.1492856944 0.1210158888 0.1626052001 0.1729729080 0.1682114129 0.1960765274 0.1698549192 0.1504509697 0.1554426195 0.1884791376 0.1564323034 0.1789103835 0.1382325424 0.1295122423 0.0911660871 0.1800251326 0.1814242888 0.1479018208 0.1441009900 0.2521671816 0.3335032689 0.4096895901 0.5531745907 0.7528952879 0.8554067976 0.8354874181 0.8186698007 0.6922339880 0.5168809308 0.3937704097 0.2680962918 0.1907041637 0.1755934089 0.1583110735 0.2092895374 0.2024930585 0.2316457892 0.2099658430 0.2097556037 0.2106028451 0.1162294614 0.1506480675 0.1491786390 0.1922663995 0.1978244039 0.1652125781 0.1382240200 0.1946220533 0.1452662634 0.1511120710 0.1612222715 0.1690099269 0.1343772075 0.1894870536 0.1973405577 0.1641767842 0.2291777160 0.3375569188 0.4569272456 0.6715556318 0.7552109739 0.8723884416 0.8873478501 0.8079962773 0.5606358904 0.3651726676 0.3346450130 0.2480719733 0.1938538748 0.1591590818 0.1380125035 0.1792761653 0.1634066625 0.1760956273 0.1927282646 0.1872086033 0.1748891167 0.1648534404 0.1827196112 0.1997433672 0.1716602444 0.1547956992 0.1825812640 0.1481477901 0.1579241669 0.1808302067 0.1631425390 0.2369264492 0.2006104605 0.1664419065 0.2287643030 0.2011609766 0.1987548299 0.3150301149 0.4290980363 0.6337778592 0.8220843581 0.8796578521 0.8606881371 0.7877811450 0.6121037952 0.5017536163 0.3633177591 0.2877564536 0.1490789830 0.2239340431 0.2102288051 0.1845387002 0.1799115300 0.1774075561 0.1638086400 0.1959284097 0.1253629025 0.1761347591 0.1797919861 0.2208626097 0.1660638775 0.1395984075 0.1757751935 0.1828689759 0.2225329526 0.1883297962 0.1362828676 0.1938925036 0.1772812849 0.1131069587 0.1644244204 0.1855679578 0.2566657544 0.3060516871 0.4425066998 0.5548413137 0.7761105746 0.8721339346 0.9023176783 0.8324043745 0.7299783418 0.5276063553 0.4020271462 0.2474339725 0.2158322205 0.1824463087 0.2255371306 0.1649857342 0.2089705679 0.1521673481 0.2134987824 0.1916624744 0.2103096544 0.1293761400 0.1570617907 0.1771958502 0.1428264061 0.1451974011 0.2060479308 0.1642726578 0.1586851658 0.1829306207 0.1361460123 0.1951499905 0.1527314578 0.1719790508 0.1914576478 0.1914616169 0.2247875770 0.2161716474
0.1490810848 0.1902117882 0.1648175696 0.1268897351 0.1462745853 0.1187721963 0.1510957593 0.2047303043 0.1976429259 0.2656278567 0.3381037764 0.4025727210 0.5906265645 0.7323132265 0.8704694243 0.9059759152 0.8262452683 0.6714879371 0.4737963917 0.4199732369 0.3018403728 0.1465268324 0.0946474701 0.1780643804 0.1429041633 0.1258504736 0.1727965427 0.1963122423 0.1779532346 0.1421272809 0.1616172656 0.1526184268 0.1430356582 0.1792659015 0.1889856719 0.1877684989 0.1651655671 0.1735336754 0.1446609356 0.1622694708 0.1578515504 0.1458513903 0.1422625360 0.1547625105 0.1544517633 0.1938151214 0.2677182790 0.4031063489 0.5347150108 0.6824910835 0.7717414650 0.9723332651 0.8063809406 0.6549880187 0.5150311724 0.3964803801 0.2886987861 0.2006898342 0.1889508755 0.1477545694 0.1749583582 0.2022299016 0.1644046732 0.2010431628 0.1564310234 0.1356246409 0.1498466435 0.1687236882 0.1686527226 0.1533122207 0.1950416906 0.1902312180 0.1641613032 0.1487842947 0.2178594978 0.1642066521 0.2050589387 0.1761821721 0.1669676810 0.1310587030 0.1918913959 0.2102373426 0.2817201393 0.3552309723 0.4973525408 0.6622894981 0.8044339099 0.8791595571 0.8631549287 0.7473909028 0.6090170393 0.4203441905 0.3386032353 0.2333987736 0.2127592062 0.1423091271 0.1687036925 0.2056246493 0.1858757170 0.1889318060 0.1795301547 0.1458112894 0.1750600713 0.1578741549 0.1539810484 0.2006284066 0.1474479459 0.1033903134 0.1592658618 0.1801101829 0.2016623714 0.1963239379 0.1720191346 0.1700614038 0.2052739375 0.1921592683 0.1916722138 0.2339721084 0.2310102770 0.3086437217 0.5184284452 0.6306766172 0.7688382616 0.8544226541 0.9134400821 0.7891111610 0.6884313257 0.5058152082 0.3711295548 0.2737395346 0.2532040809 0.1733938605 0.1846830011 0.1912729496 0.2042727363 0.2149447070 0.1474723754 0.2008463275 0.1606859742 0.1621241864 0.1619199116 0.1642283158 0.2062913660 0.2080548676 0.2220278999 0.1562485361 0.2002236817 0.1875691948 0.1691625628 0.2070622628 0.1812133337 0.1796320889 0.1641980810 0.1814602448 0.2013709471 0.2716203869 0.4418107723 0.5504036943 0.7290305727 0.8764007558 0.8594899174 0.8429119706 0.6807737595 0.5448106809 0.4466384917 0.2520079030 0.2313266747 0.2175812359 0.1798117139 0.2140727411 0.2271937420 0.1597901016 0.1571791630 0.1537947749 0.2631434276 0.1647611442 0.2323108608 0.1820138279 0.1476345227 0.1864003575 0.1986036116 0.2305070585 0.1731522317 0.1878986872 0.1773533113 0.1815646683 0.1606760778 0.2015745892 0.2171374767 0.2026532482 0.2705277432 0.2583165618
0.1763796470 0.1893268245 0.1667337858 0.2289920038 0.1939333484 0.1363941222 0.1608761147 0.1794239097 0.1705848873 0.1812096557 0.2438870079 0.4450566595 0.5257827021 0.7562040365 0.8057191924 0.8765089774 0.8048727706 0.5930619506 0.5377658510 0.3709743345 0.2955553021 0.2023277729 0.1853536030 0.2174455155 0.1470141396 0.1711119875 0.1326260027 0.1286174390 0.2102737931 0.2164820767 0.2037714020 0.2107442714 0.1632213885 0.1780565772 0.1900059167 0.1591328060 0.1511141844 0.1482763714 0.1633498453 0.1761045425 0.1759676565 0.1542238436 0.1855185265 0.1762820386 0.1568997337 0.2277462378 0.2588785225 0.3682171950 0.4771912691 0.7038841965 0.7932541049 0.9072267452 0.8969315863 0.7553464287 0.6109805745 0.3895733813 0.3408000559 0.1905806755 0.2256527722 0.2011108461 0.1846157124 0.1611926808 0.1945023933 0.1585756984 0.1520723123 0.1366409664 0.1834237686 0.1278349383 0.1879151592 0.1954774348 0.1883300783 0.1885703006 0.1885747838 0.1407287347 0.2225975783 0.1845391589 0.1015157343 0.1952420843 0.2013941606 0.1531116380 0.1841132277 0.3058716221 0.2593739251 0.3692210450 0.5228654382 0.6004176755 0.8131179936 0.8744402514 0.8733787411 0.7882600106 0.6067387416 0.4842075037 0.3461998337 0.2334317614 0.2431366650 0.2115320131 0.2130854499 0.1981522608 0.1558379844 0.1769592249 0.1595603904 0.1154405691 0.1596731656 0.1572471438 0.1937923805 0.1691923544 0.1504006623 0.1525569086 0.1585894586 0.1963773692 0.1585564547 0.1900930287 0.2279906153 0.1880648077 0.2012031604 0.1949330214 0.2500144650 0.2294101342 0.2611163936 0.3320236168 0.4408440466 0.6119097942 0.7171588650 0.8710799405 0.8887445543 0.8452604949 0.6609365509 0.5476792407 0.4054691183 0.2789107998 0.2143312408 0.1912064792 0.2103405906 0.1703658486 0.1446873055 0.1407208611 0.1945209843 0.1399730646 0.1884384275 0.1865560861 0.1944798716 0.1776266516 0.1248421013 0.1756824984 0.1869136846 0.1997249050 0.1496262845 0.1867767420 0.2088522321 0.2087526134 0.1702293985 0.1663412199 0.1728500315 0.1969734780 0.2008532262 0.2748112826 0.4106181164 0.5904682859 0.7810966975 0.8425824392 0.9221524724 0.8306765958 0.7061392418 0.5646684240 0.3808166506 0.3739009176 0.1944457896 0.2116405729 0.2092384855 0.2060496900 0.1670843258 0.1737456621 0.1488175634 0.1761341140 0.2026839349 0.1776102325 0.1723711191 0.2227999796 0.1509690715 0.2080500158 0.1425654516 0.1939085668 0.1848167594 0.1783501665 0.1868482321 0.1702899921 0.1969391492 0.2392517569 0.2435545562 0.2301918535 0.2557532821 0.3278404485
0.1362677406 0.1841975980 0.1865699887 0.1892562625 0.1631257278 0.1667012429 0.2036830692 0.1545350836 0.1900928518 0.2356393692 0.2904161715 0.3747129273 0.5357104483 0.7201289664 0.8978582076 0.8556993362 0.8444010138 0.7169836212 0.5462064946 0.3878222341 0.3506625915 0.2190473461 0.1729030485 0.2055011987 0.1297162230 0.1615061840 0.1656042238 0.1588574700 0.1751799438 0.1816709940 0.1485639279 0.1836170200 0.1797011308 0.1772449886 0.1875473312 0.1290615934 0.1848552331 0.1514368770 0.1814321520 0.2057744206 0.1880167355 0.1934617903 0.2137388231 0.2006520289 0.2139693732 0.2092583876 0.3002358633 0.3527586963 0.5133580003 0.6593152910 0.8685709733 0.8983113765 0.8582784747 0.7615393297 0.5812084541 0.4577834494 0.2977828947 0.2441347031 0.2440602214 0.1905601432 0.1244122740 0.1410080773 0.1396349777 0.1845711942 0.1520551278 0.1756914817 0.1272298867 0.1597798144 0.1714816202 0.1988443158 0.1950367793 0.1746081066 0.2142322243 0.1898070504 0.1500172801 0.2146255016 0.1632930996 0.1630921879 0.2280379663 0.1782872411 0.1544819801 0.2045606937 0.2989906633 0.3353138231 0.4996745637 0.6211874866 0.7514095549 0.9293014356 0.8599932597 0.7839336325 0.6367635761 0.4932992378 0.3654329704 0.2382090068 0.2192591743 0.1421248700 0.2074930039 0.1833052945 0.1324249028 0.1955105691 0.2686248658 0.2019601344 0.1821984974 0.1906125400 0.1325206332 0.1458449603 0.2198756937 0.1855712607 0.2165082482 0.1701925765 0.1964581522 0.2195465174 0.1813312926 0.1987045295 0.1744665580 0.1959267138 0.2204565626 0.2078705597 0.2761932857 0.3367501174 0.4967284257 0.5583834659 0.7780777439 0.9119773086 0.9260015526 0.8165077329 0.7044783984 0.5421728775 0.3806745448 0.3002440899 0.2553579130 0.2381794618 0.2007829600 0.1496104835 0.1450638930 0.2018669122 0.1808648425 0.1760173251 0.1595132344 0.1770669535 0.1533563928 0.2088044664 0.1782676236 0.2151157893 0.1760781052 0.1926470729 0.2253034741 0.2033065608 0.2072428403 0.1740841287 0.1738662005 0.1493240926 0.1939677584 0.1887109724 0.1743856706 0.3229023014 0.4377028654 0.5992591310 0.7107542135 0.8614968627 0.9121131047 0.8896268332 0.7408624208 0.6034843621 0.4143905176 0.3407132916 0.2449932910 0.2423162731 0.2744769745 0.1483270409 0.2048128864 0.1892245671 0.1957607918 0.2472948183 0.2244517766 0.1912500317 0.1764474737 0.1559228463 0.1795605642 0.2088127476 0.2075602841 0.1852403120 0.2041394684 0.2098465023 0.2315734507 0.1923771136 0.1958656215 0.2203997640 0.1913216515 0.1922795196 0.2193613362 0.2765140900
0.1829687801 0.1470093332 0.2410140289 0.1505414206 0.1942021009 0.1400889123 0.1974582720 0.1560962895 0.2546171338 0.2167038305 0.2350339733 0.3430595162 0.5826615780 0.6938232668 0.8785406741 0.9173971103 0.7921787081 0.7734780796 0.5469896668 0.4328353779 0.2962757850 0.1959119442 0.1627652933 0.1210871775 0.1343977900 0.1858751850 0.2209554971 0.2360370161 0.2059863370 0.1205104250 0.1426376559 0.1130168049 0.1735771278 0.1868296416 0.1792058122 0.1855779062 0.1402746762 0.2333106774 0.1510219522 0.2009620343 0.1598481182 0.1980466028 0.1644186696 0.1570568622 0.2136519752 0.2555151202 0.2714482010 0.3938954258 0.4884669090 0.6549535346 0.7765059679 0.9019099733 0.8476583050 0.8008228154 0.6310658984 0.4091528839 0.3540214332 0.2504753659 0.2207460415 0.1839669384 0.1389138465 0.2098646251 0.1901212217 0.1799632847 0.1272664585 0.2007153997 0.1886060292 0.1996520661 0.1768392860 0.1905565800 0.2123135276 0.1580150898 0.1212636050 0.1696504800 0.1687329665 0.1848455673 0.1858503849 0.2066947339 0.1624870203 0.2100244527 0.2057956337 0.2319980377 0.2477718931 0.3126524247 0.4831677822 0.6051636333 0.7878140784 0.8783241686 0.8766207850 0.7834588455 0.6657388666 0.4609983923 0.3356733584 0.2620626843 0.2359421148 0.1958730387 0.1891050697 0.2156156630 0.2333107596 0.1538967271 0.1485814340 0.1802723645 0.1813628493 0.1672122208 0.1800637418 0.1899209791 0.2224334275 0.1787136023 0.1979632063 0.1403740642 0.1777800521 0.1609735402 0.1731489714 0.1795731063 0.2211443423 0.1556239042 0.1207834796 0.2165334717 0.2228567623 0.3813957250 0.4242766890 0.6472649395 0.7867049676 0.8513448926 0.8903936153 0.8472535863 0.7202652846 0.5268506055 0.3695459073 0.2622897522 0.2787174203 0.2420708014 0.1795713025 0.1777275217 0.1781413786 0.2025595667 0.1937590248 0.2051713661 0.2175545647 0.1964830209 0.1820594755 0.1733632206 0.1642164678 0.1368861209 0.1797909734 0.2294515591 0.2008794253 0.2630276741 0.1477259627 0.2024533352 0.1985861175 0.1887248883 0.1843668048 0.1753185072 0.2739394549 0.3167516184 0.3819268529 0.5426129001 0.7490001437 0.8597763670 0.8650847452 0.8410832450 0.7784526991 0.5977133292 0.4459477676 0.3312751961 0.2172161694 0.2558523436 0.1931662111 0.1699058382 0.2025109598 0.1823384591 0.1913081844 0.2191062510 0.2121775022 0.1492580131 0.2541799154 0.1904965214 0.2128421094 0.2131779954 0.1715280237 0.1708192533 0.1984808015 0.2229699726 0.2231741545 0.2216313340 0.1535680155 0.2195520923 0.2070664190 0.2221214150 0.2511242100 0.2751757886
0.1442746469 0.1713163780 0.1104771240 0.1883915933 0.1943989028 0.1924977496 0.1993014276 0.1653838474 0.2393151577 0.2541917395 0.2724150731 0.3971495157 0.5482106880 0.6967898199 0.8175452813 0.9390022690 0.8643826961 0.7283786029 0.5654102256 0.4275791429 0.3257784074 0.2166204674 0.2532224162 0.1592151281 0.1892811325 0.1676313058 0.1574010582 0.1734618541 0.2308985077 0.1115247300 0.1655779797 0.2041287013 0.1672329806 0.1506273994 0.2137029135 0.2060313271 0.2242717656 0.2014036690 0.1992725640 0.2158166597 0.1626182865 0.1651530412 0.1236069141 0.2195183988 0.1965132813 0.2177206526 0.2638759582 0.3590892298 0.4907863764 0.6865394783 0.8112629614 0.9380936794 0.9414835150 0.7812299039 0.6515343971 0.4446775788 0.2991160996 0.2498896005 0.2226065078 0.1593878617 0.1782970113 0.1587838431 0.1578088762 0.1822238170 0.1328941201 0.1683646854 0.2162658545 0.1504057724 0.1698807889 0.1837549596 0.1716616459 0.1669693843 0.2345396441 0.1772314665 0.1675101458 0.2154530538 0.1642838029 0.1845336278 0.1938188528 0.2075066418 0.1564983233 0.2596797844 0.2477995390 0.3447185710 0.4444204146 0.6110596204 0.7659987765 0.8868013676 0.9346201061 0.8456523325 0.6786953327 0.4624514472 0.4238573565 0.2788784428 0.2456892690 0.2275620728 0.2239119504 0.1836118353 0.1877813824 0.1659692570 0.0931514038 0.2070965109 0.1779669797 0.1388431042 0.1944901884 0.1822985364 0.1953818132 0.1595469563 0.1667536159 0.2131576889 0.1840100630 0.2051832272 0.2272642409 0.2010377940 0.2182681778 0.2359074040 0.1734275647 0.1750333940 0.2643658255 0.3142593512 0.4153343715 0.5417383246 0.7772976259 0.8876018193 0.9129248672 0.8433097263 0.7870210002 0.5586237552 0.3837638763 0.3282672427 0.2468125909 0.1738698023 0.1847248649 0.2196618729 0.1898103951 0.2071672336 0.1578934730 0.2354865030 0.1414119856 0.1709160320 0.1921574228 0.1723639243 0.1766398228 0.2004892775 0.1560935175 0.2589087986 0.1808378807 0.1397325637 0.2231467821 0.1489193098 0.2001667266 0.1713150734 0.0981230309 0.2283182217 0.2497386272 0.3427560361 0.4083917216 0.5403680460 0.6906573403 0.8848280660 0.9451531808 0.8996160818 0.7402131678 0.6456168480 0.4683653190 0.3787069331 0.2105760848 0.2000279117 0.1648424570 0.1846189008 0.2076446945 0.2458809443 0.2132674369 0.2100968962 0.1819659580 0.1436798201 0.1902842149 0.1785415441 0.1820073494 0.2236442121 0.2032519985 0.1937653356 0.1416128633 0.1835571509 0.2254473823 0.1402903821 0.1757696789 0.1962849379 0.1896272485 0.2217522357 0.2397624141 0.2827796009
0.1907067381 0.1709904455 0.1491501616 0.1883035589 0.1582008735 0.1429679390 0.1312989102 0.2092184665 0.2093146265 0.2355422199 0.2560136147 0.4141677032 0.5555613481 0.7121215824 0.8611039942 0.9403570094 0.8368511677 0.7536409302 0.5380342912 0.3564345303 0.3155456080 0.2035549986 0.1433790131 0.1901703320 0.1634538311 0.2158051388 0.1492888428 0.2331469163 0.1773103253 0.1645655114 0.1628541038 0.2107623301 0.1937638395 0.2194172956 0.2118234405 0.1494930329 0.1439967463 0.1312671533 0.1691457407 0.1872766642 0.2006005703 0.1819013057 0.2217452641 0.1271976810 0.1697298782 0.2324127628 0.2339228409 0.3890540965 0.4855326961 0.6636267772 0.7925874720 0.9045126789 0.9326516565 0.8156199938 0.6622297474 0.5311079355 0.3480499005 0.2870146931 0.2340608067 0.2121407169 0.1894006385 0.2002126662 0.1555395019 0.1826917064 0.1931311714 0.1502107024 0.1747507278 0.1464543299 0.2006337901 0.1635619566 0.1596252370 0.2061695725 0.1835572996 0.1846185008 0.1464533418 0.1736990680 0.1604218769 0.1862441255 0.2060331712 0.2244289342 0.1934411477 0.2061746474 0.3033520512 0.3065383512 0.3949264770 0.5829379256 0.7625186881 0.9053869250 0.9452186434 0.7899212074 0.7218724207 0.5180439290 0.4138546144 0.3035209405 0.2460730636 0.2196034342 0.2096078209 0.1823826410 0.2043658219 0.1560913150 0.1697245105 0.1845511453 0.1759268843 0.1628651497 0.1950280553 0.2375164593 0.1917464974 0.1811650988 0.1641781091 0.1973171013 0.1734368295 0.1733257232 0.1387727818 0.1806320632 0.2113677584 0.1666282086 0.1904395552 0.2158683019 0.2683140543 0.3053471008 0.4109844246 0.5797831939 0.7524450668 0.9015908389 0.9068666427 0.8518263555 0.7341166606 0.6051908959 0.4021705617 0.2529405011 0.2366614203 0.1670562620 0.1877398545 0.1925804041 0.2143454460 0.1991499234 0.1699321272 0.1601133162 0.2281125832 0.1869872584 0.2099681673 0.1571733273 0.1984541966 0.1778128431 0.2030008881 0.1464940473 0.1665874541 0.2255420632 0.1688607475 0.1983302515 0.1639234198 0.2106626819 0.2569824628 0.2442171892 0.1994428994 0.2908302120 0.3713463642 0.5045539208 0.7204194427 0.8324677142 0.8997255130 0.9005683211 0.7758118005 0.6575309896 0.4855139828 0.3572959303 0.2933176649 0.2447092207 0.2313466168 0.2405842393 0.1864065632 0.1805166361 0.1781038187 0.1710103289 0.1852171761 0.2036245963 0.1310923819 0.1278630195 0.1826316880 0.1685469610 0.1867532253 0.1838182761 0.2082183158 0.1792840556 0.1917296261 0.2196145471 0.2181683905 0.1696060610 0.1437973978 0.2048120482 0.2416673573 0.2734109746
0.1103571812 0.1480814669 0.1991082398 0.1928415267 0.1654780350 0.1904343865 0.1777426554 0.1852387839 0.2158752663 0.2575444751 0.2825666061 0.3838892192 0.5346909917 0.6723284753 0.8351765931 0.8694514606 0.8635772109 0.7671951165 0.5960561367 0.4564447960 0.3679341579 0.2395727910 0.2021103436 0.2090766852 0.1601727908 0.1742476556 0.1485727276 0.1310389159 0.1172744546 0.1805810738 0.1207572115 0.1626702182 0.1714367879 0.1367572346 0.2029395904 0.1668039814 0.1490615814 0.2456834381 0.1898042854 0.1731094149 0.1892210295 0.1354894978 0.1818876913 0.1700793093 0.2033521855 0.2563048040 0.2627508419 0.3402379958 0.4592811238 0.6230037703 0.7801956175 0.8996279267 0.8829400840 0.8356020944 0.7072621910 0.4863467186 0.3200285898 0.2955745523 0.2192343809 0.1895292504 0.1367834928 0.1616346574 0.1880405231 0.2128822352 0.1432134030 0.1369024479 0.2122181573 0.2183411478 0.0993045458 0.1874298656 0.1852405758 0.1824984388 0.1691736201 0.1358513207 0.1309037781 0.1907331731 0.1727788906 0.1387063341 0.1784791526 0.1491273557 0.1684452049 0.2041747964 0.2355677541 0.3291930274 0.4326736300 0.5579014273 0.7493660399 0.8670937914 0.9281797127 0.8062227308 0.7130549889 0.4939965104 0.4315697055 0.2779581338 0.2062030002 0.2017919065 0.2026912939 0.1991382490 0.2422511615 0.1813375371 0.2067458956 0.1916098158 0.1860879250 0.1760842091 0.1608876960 0.1893316324 0.1269639737 0.2130669803 0.2087704103 0.2063680289 0.2219503317 0.1278963103 0.1865886759 0.1996997651 0.2263929704 0.1931748011 0.2128374509 0.1835497215 0.2367609120 0.3369832792 0.4116331134 0.5937936816 0.7118368426 0.8791815673 0.9207874505 0.8334760513 0.7160969725 0.5539196447 0.4555256952 0.3684434004 0.2380098000 0.2257880954 0.1658326692 0.1695820442 0.1757630633 0.2545887383 0.1993037676 0.1656388148 0.2059917332 0.1981179572 0.1884859385 0.1570160120 0.2509697642 0.2385890113 0.1356636849 0.1675541476 0.1228970906 0.1774320429 0.1940528839 0.1451833142 0.1728121039 0.1933791850 0.1786758926 0.1507335796 0.2443508297 0.2853173442 0.3515882286 0.4917260248 0.6689890038 0.8510260754 0.8787359018 0.9184389668 0.7502468357 0.6230717682 0.4907344035 0.3788010679 0.2797774230 0.2135896029 0.1879231677 0.1757818153 0.1720537555 0.1534337542 0.1799285144 0.2517570432 0.2134476239 0.1756952179 0.2150511663 0.1967434494 0.1407457644 0.1555442075 0.1853893548 0.2110835574 0.2230068696 0.2329995765 0.1906421662 0.1897273068 0.2153583437 0.2097439018 0.1666797654 0.1953392602 0.2091252492 0.2677584756
0.1546589433 0.1634165299 0.2204605483 0.1532373026 0.1385806684 0.2156095210 0.1514768341 0.1879843283 0.2561074705 0.2052757609 0.2376773437 0.3292003344 0.4260219569 0.6450102999 0.7874542695 0.9412418313 0.9204682716 0.7684351218 0.6659006546 0.4313425589 0.3560758463 0.1567264054 0.2067469076 0.1648245561 0.1580515008 0.1124651628 0.1795361707 0.1699514637 0.1699655500 0.1214887810 0.1853900655 0.1701151590 0.1352454562 0.1318205830 0.1784694690 0.1099895456 0.2297149232 0.1685845824 0.1688786905 0.1483176464 0.2060108201 0.1415724185 0.1340059055 0.1135409401 0.1451242425 0.2331439645 0.2447187190 0.2778249272 0.4583275265 0.6542444688 0.7869722149 0.8653549963 0.8855144970 0.8202340228 0.6514041749 0.4752360889 0.3350967096 0.2877379660 0.1939783982 0.1721259472 0.1808138158 0.1820343182 0.1563630601 0.1743306420 0.1383487677 0.1383527045 0.1832018878 0.1539208225 0.2011173104 0.2077205933 0.1727008110 0.1988937252 0.1967247131 0.1671787224 0.2061016345 0.1556124960 0.1641218516 0.1748972506 0.1425222071 0.1729260943 0.1939922682 0.2326429701 0.2623331034 0.2781883615 0.4021123201 0.5733190805 0.7345567572 0.8333268284 0.8808676955 0.8256306636 0.7122702966 0.4799749639 0.3968694329 0.2977332282 0.2320030028 0.1425720601 0.1754433729 0.1799990906 0.1645482935 0.1916178709 0.1681543252 0.1960133611 0.1857934308 0.1711301933 0.1659715428 0.1530998923 0.1757402817 0.1563622607 0.2387829338 0.1572676832 0.1952318343 0.1662117342 0.1691617013 0.1439181693 0.2270910777 0.1998840856 0.1832179603 0.1864170464 0.1968016988 0.2894357762 0.3368049471 0.5312984414 0.7112239868 0.8419781822 0.9122091743 0.8914931879 0.7103266561 0.5674997536 0.3900223080 0.3635631343 0.2456623032 0.2361850284 0.1909163135 0.2066606548 0.2060825026 0.1465612156 0.1634145189 0.2029852522 0.1607183512 0.2092944357 0.1674197369 0.1610525082 0.1814336375 0.2214644358 0.1982032880 0.1828260632 0.1883757051 0.1535953221 0.2247819252 0.1587091154 0.1792850280 0.1588198012 0.1906352501 0.1670556014 0.2373455947 0.2497036912 0.4031077755 0.5170667859 0.6290751624 0.7855096840 0.9180701330 0.9211749147 0.8021936132 0.6359262232 0.4904940414 0.3739542262 0.2976870767 0.2492165800 0.1465143219 0.1956866537 0.1953217904 0.1973164474 0.1783461533 0.1623960569 0.2214105274 0.1874571901 0.1933587642 0.1916387517 0.1660316250 0.1307105420 0.1878350948 0.1736343245 0.1768991897 0.1495502235 0.2118340585 0.1904554006 0.2288075585 0.1768587666 0.1799276440 0.2063567761 0.1631108052 0.2668273894
0.1807895646 0.1658910045 0.2141865882 0.1527431130 0.1441726660 0.1657724473 0.1643849794 0.1880865176 0.1856375683 0.1917443910 0.2131972926 0.3493870317 0.4206478712 0.5981879603 0.7987090660 0.8428574242 0.8867455829 0.7430702573 0.6029678044 0.4249775717 0.2676571869 0.2576484495 0.2025217425 0.1569254957 0.2195795514 0.1760717606 0.1508670126 0.1785286981 0.1539879399 0.1388721667 0.1582566276 0.1913528941 0.1624716696 0.1864752572 0.1568870531 0.1491204115 0.1925801519 0.2058894319 0.1518380837 0.1923331544 0.1872892567 0.1811631284 0.2166713744 0.1226024771 0.2386438037 0.1924955189 0.2700515384 0.3164678682 0.4512216316 0.5909944226 0.7296296558 0.8153135033 0.8591698611 0.8566497389 0.6534103227 0.4875406491 0.3400063350 0.2929710252 0.1966366039 0.2191089915 0.1959127366 0.1589358110 0.1727689968 0.1940932327 0.1849362738 0.1934460368 0.1715449687 0.1484147375 0.1661845670 0.1717431021 0.2040032849 0.1744645066 0.1849359886 0.1362140092 0.1752880805 0.1443616791 0.2004732312 0.1659709401 0.1949030037 0.1832798025 0.1427109229 0.1834628567 0.1867955313 0.3245959441 0.4179459727 0.5747912834 0.7721712470 0.8708945022 0.8949424346 0.8150499381 0.7033903355 0.5080384258 0.3832412555 0.2878782747 0.2435117675 0.2203820374 0.1909702644 0.1480225183 0.1699660966 0.1547750138 0.1363638209 0.2189121086 0.2042805484 0.1918923138 0.1330993824 0.2402288290 0.1365703635 0.1646441031 0.1189391631 0.1881968000 0.1656459586 0.1744390898 0.2259310389 0.1004712498 0.1757905886 0.1910715874 0.2012718482 0.2060558727 0.2332359437 0.2901752762 0.3572361748 0.5559789217 0.6504591256 0.8495539146 0.8797764912 0.8321507606 0.7261295422 0.6209907060 0.4129123315 0.3194008501 0.2400518072 0.2057355311 0.2090851569 0.1612753436 0.1804893059 0.1889146841 0.1351369796 0.1667284782 0.1415478705 0.1573753213 0.1536135220 0.1573628066 0.2097813613 0.1342356044 0.2020027716 0.1643401772 0.1690440395 0.1921065587 0.2053787639 0.1696894664 0.1351737075 0.1854243308 0.1916277734 0.1918785386 0.1943563709 0.2681050556 0.3364161016 0.4498899564 0.6246847594 0.8088130511 0.8455170532 0.8861957495 0.8032088924 0.6508094482 0.5128002032 0.3521500773 0.3192921299 0.1880368654 0.1976843325 0.1788677204 0.1565821622 0.2056467142 0.1611844844 0.1402744507 0.1988128025 0.1434875173 0.0973492252 0.2322720445 0.1820107035 0.1639406358 0.1896845803 0.2051712060 0.1906717641 0.2273444997 0.1723641096 0.2063782010 0.2161667994 0.1757232327 0.1883460973 0.1924416456 0.2684854836 0.2124818214
0.1649384867 0.1097702069 0.1523266886 0.1191276349 0.1866595469 0.1355916636 0.1259202170 0.1478956581 0.1837775637 0.1782017574 0.2329212598 0.3091330964 0.4332801193 0.6074958179 0.7572524762 0.8769861223 0.8580896766 0.7237917062 0.6138206598 0.4291419262 0.3378753695 0.2249774657 0.1624009319 0.1715587578 0.1708784862 0.1582523220 0.1250628422 0.1323364483 0.1665130551 0.1291660527 0.1746737013 0.1370315569 0.1730032026 0.1408723892 0.1638887298 0.1351322286 0.1458163470 0.1286899694 0.1432350391 0.2319790022 0.1525651031 0.1637749265 0.1718543752 0.1658271385 0.2121610019 0.1346834761 0.2270088020 0.2595306413 0.3650645159 0.5760960759 0.6928686471 0.8643085883 0.8048952362 0.7718957510 0.6459918176 0.4911241781 0.3981350675 0.2614993293 0.2160291028 0.0725904481 0.1376664110 0.1784741545 0.1369613690 0.1573627952 0.1549683397 0.1510250460 0.1496648100 0.1721790784 0.1750786713 0.1406783638 0.1574980637 0.1720630670 0.1509163721 0.1300313884 0.1375548909 0.1600268577 0.1616957573 0.1584352247 0.1590470820 0.1599741300 0.2066570228 0.1468827878 0.2417717043 0.2985825355 0.3613670626 0.5352541864 0.6449354542 0.8829826424 0.8637514969 0.8415404981 0.7291635021 0.5601674022 0.3699508012 0.2888351802 0.2414085408 0.1998204024 0.1362597667 0.1760832356 0.1868957192 0.1573322485 0.1858072839 0.1794825645 0.1365659613 0.1220141799 0.2220650159 0.2059423674 0.1691216499 0.1922172335 0.0692510363 0.1550882845 0.1267021939 0.1030799375 0.1647293384 0.1290070858 0.1418253288 0.1608741960 0.2083186721 0.1847610769 0.2227052405 0.3145121915 0.3630253452 0.4615180850 0.6425876402 0.8033391491 0.8904215874 0.8741790352 0.7422433348 0.5979715635 0.4562139311 0.3633096534 0.2659912038 0.2249711628 0.1349965098 0.1545976114 0.1954285194 0.1596708226 0.1558718483 0.2096710405 0.1592906413 0.1837975583 0.1892125403 0.1437904055 0.1687984860 0.1468969966 0.1543402542 0.1413400467 0.1708148645 0.1685218534 0.1845920826 0.1370920443 0.1715875835 0.1669089146 0.1767279687 0.1592786135 0.1779906675 0.2319531085 0.3273958043 0.4403305657 0.6039853659 0.7547481718 0.7996146552 0.8467333349 0.8177698504 0.6495922633 0.4323870315 0.3848879206 0.2540479454 0.2016204348 0.2225254610 0.1681580444 0.1908353612 0.1714952268 0.1441503476 0.1984109594 0.1340777579 0.1499699875 0.1648681915 0.1480314112 0.1728903675 0.2212524947 0.1912850599 0.1554737983 0.1777077039 0.1891570874 0.1473497154 0.1767744591 0.1705828724 0.1653700792 0.1523058479 0.2058574815 0.2009025572 0.2781848575
0.1551284147 0.1269865518 0.1670025397 0.1565324104 0.1164587317 0.1850102570 0.1370022581 0.1167052239 0.1119554860 0.1702478806 0.2045721717 0.2972588548 0.4231265532 0.6013042047 0.7587538798 0.8592911686 0.8690505411 0.7231359874 0.6050848968 0.5166906347 0.3117296659 0.2165240091 0.1524974762 0.1268376138 0.2245275164 0.1454220367 0.1576501149 0.1256971355 0.2128676321 0.1172047240 0.1256694760 0.1410347620 0.1927069175 0.1587365855 0.1399000968 0.1203008518 0.1155759880 0.1591563578 0.1305309693 0.1715498667 0.1017069159 0.1785967038 0.1583846861 0.1243063147 0.1634994635 0.1606882225 0.2092140747 0.2949849609 0.4050476866 0.5145617783 0.7171009863 0.8759420830 0.8709863647 0.8048146906 0.6204543432 0.5066817922 0.3760813743 0.2898374776 0.2143787840 0.2056812777 0.1305561462 0.1904331487 0.1441836461 0.1746205780 0.1397314924 0.1462754996 0.1066720280 0.1456998524 0.1786266444 0.1769592117 0.1565517801 0.1031139590 0.1629530072 0.1524006198 0.1523142226 0.1270818300 0.0976568850 0.1216944415 0.1155093609 0.1341093914 0.1269349087 0.1464483960 0.2157701627 0.2581410490 0.4056657366 0.5017508580 0.6730739757 0.8220652481 0.9023745287 0.8693222772 0.6977246984 0.5707740876 0.4272662263 0.2872301038 0.2047764559 0.1953920964 0.1556515850 0.1379434952 0.0976161897 0.1808388619 0.1392000642 0.1120950520 0.1581641833 0.1112923804 0.1584887039 0.1714703644 0.1698881378 0.1731368958 0.1693440385 0.1170531256 0.1425590648 0.1520107674 0.1559543968 0.1589633834 0.1328822364 0.1515914485 0.1659941711 0.2068425887 0.1472628630 0.2884187731 0.2912904635 0.4695058501 0.6133875212 0.8240532667 0.8414133679 0.8855593876 0.8354349769 0.5989700401 0.4713796781 0.3107273683 0.2347780164 0.2445680259 0.1448753622 0.1351102117 0.1637982086 0.1684259016 0.1641716107 0.1388867508 0.1337671915 0.2098300945 0.1150211234 0.1085423560 0.1403762766 0.1145821258 0.1276444489 0.1596789106 0.1313376558 0.1188442538 0.1281840428 0.1684707631 0.1818937318 0.1684564281 0.1968578274 0.1830084977 0.1342711644 0.2820152269 0.3103745087 0.4281519509 0.6196729028 0.7572163794 0.9187005773 0.8804220830 0.8405465873 0.6573038735 0.4795419156 0.3184905341 0.2350571222 0.1908567894 0.1409917566 0.1694456874 0.1383788779 0.1652336166 0.1726482768 0.1641758791 0.2078489472 0.2346112072 0.1448532974 0.1291601836 0.1795122517 0.1508152421 0.1021103895 0.1609315775 0.1477972389 0.1955749673 0.1679717842 0.1852685612 0.2109193643 0.1387595826 0.1688972870 0.1871208336 0.1951823496 0.2924170720
0.0794478249 0.1349721301 0.1392043281 0.1101622885 0.1169212101 0.1455295500 0.1186599989 0.1258172015 0.1094555164 0.1697834672 0.1706273207 0.3042209156 0.3945436807 0.5311860075 0.7073976530 0.8584734180 0.8606710049 0.7336443079 0.6293345787 0.4247098910 0.3402813940 0.2378073626 0.1886094828 0.1459708794 0.1580377149 0.1020022723 0.1324535911 0.1354369071 0.1559460114 0.0867628164 0.1578632501 0.1393036555 0.1211620312 0.1239108701 0.1312041746 0.1470549167 0.1231131499 0.0907420504 0.1648260158 0.1553367801 0.1148497025 0.1037461577 0.1783601579 0.1460022125 0.1412606219 0.1699158161 0.2016134790 0.2309698575 0.4038119891 0.5413949941 0.6670304375 0.7801758817 0.8104511778 0.8134039789 0.6502144942 0.4929021767 0.3584049637 0.2527819016 0.2335700359 0.1775612909 0.1682760719 0.1290715745 0.1524032952 0.1506391857 0.1310146118 0.1256616320 0.1236343296 0.1745145869 0.2067042461 0.1174412556 0.1201888860 0.1592374762 0.0739685208 0.1793150142 0.1331219862 0.1445529232 0.2066119279 0.1184521726 0.1868780909 0.1470536881 0.1664295247 0.1651412007 0.2418370469 0.2589878294 0.3624845124 0.4887428882 0.6568034688 0.7767586231 0.8861715557 0.8680120294 0.7005276960 0.5961041756 0.3547554237 0.2960023081 0.2288245092 0.1406306894 0.1796229568 0.1767077407 0.1306662458 0.1550068609 0.1320785562 0.1479374583 0.2062425852 0.1209649508 0.1690839190 0.1359009000 0.1244916971 0.1199093690 0.1620256694 0.1789248404 0.1134759632 0.1225580367 0.1106272555 0.1727125189 0.1373443561 0.1395025602 0.1643469828 0.1696206786 0.1901157391 0.2158184013 0.2875039996 0.4750938979 0.6249404111 0.7483966081 0.8541319280 0.8765403798 0.7777952873 0.5625699783 0.4801764026 0.3458101784 0.2938815487 0.1553954182 0.1790416820 0.2009954762 0.1458651795 0.1531187098 0.1314989098 0.1786029557 0.1615645057 0.1237644337 0.1274566503 0.1588672252 0.1369574775 0.1661059083 0.1376873173 0.1349073073 0.2060335890 0.1281437762 0.1455547453 0.1518671246 0.1919913717 0.1803263542 0.1797006474 0.1705617794 0.1662740886 0.2039966091 0.3137585631 0.4155508162 0.5961834669 0.7248832221 0.8527254887 0.8527547887 0.8387821217 0.6543178180 0.4416353374 0.3422038441 0.2246966612 0.2142696239 0.1275599783 0.1943909907 0.1223150703 0.1594475881 0.1466440927 0.1352693625 0.1893532963 0.1804833257 0.1663553076 0.1385113022 0.1167756285 0.1186236897 0.1491579394 0.2364728756 0.1631156630 0.1769931738 0.1638541037 0.1739558532 0.1609542776 0.1097434304 0.1392944270 0.1395216184 0.1643736437 0.2360637909
0.1409055930 0.0906125702 0.1738151681 0.1492250463 0.1248052036 0.1273915894 0.0965551684 0.1467401120 0.1541568773 0.1385336689 0.1420112175 0.3336449754 0.4047696717 0.5629389875 0.7268446334 0.7716224709 0.8632852991 0.7922781634 0.6485242928 0.4252125215 0.3327429172 0.2373989560 0.1531083783 0.1619552496 0.1543638236 0.1936006398 0.1251475586 0.1285553833 0.1270197256 0.1393495386 0.1357642278 0.1019498042 0.0754916672 0.1453767710 0.1855341107 0.1420897431 0.1006613442 0.1734141252 0.1590819277 0.1581476205 0.1705267337 0.1571322899 0.1214610284 0.1605155351 0.1327225622 0.1401680981 0.1546848963 0.2698694399 0.3739192061 0.4933132789 0.6910234790 0.7805764334 0.8103642351 0.8516740682 0.7000518596 0.5075765490 0.3994695940 0.2809395095 0.1584590829 0.1897980348 0.1158315066 0.0991497726 0.1618056940 0.1578516709 0.1397146019 0.1216347733 0.0923823728 0.1119956841 0.0991954811 0.1537255601 0.1326603816 0.1261095402 0.1729066051 0.1328162775 0.1062811149 0.1249778762 0.1339189022 0.1448376825 0.1839523684 0.1384851905 0.1083059242 0.1733109637 0.1704706814 0.3152098900 0.3812780514 0.4344643285 0.6121915999 0.7994542304 0.8772643334 0.8168589440 0.6944090564 0.5714489098 0.3874538873 0.3282129688 0.2314915893 0.1615890488 0.1166530145 0.1405890145 0.1734802064 0.1790213243 0.1015103874 0.1597341632 0.1404165697 0.1563559456 0.1867613250 0.1197813940 0.1441556275 0.1793991300 0.1780551734 0.1806574221 0.1390409987 0.1731618574 0.1848267378 0.1389401420 0.1224181351 0.1800884634 0.1374220101 0.1662391354 0.1934486176 0.2197712258 0.2824284874 0.4192690933 0.5664806776 0.7516759858 0.8481457394 0.9253838847 0.7651608728 0.6245423643 0.4980890211 0.2992515230 0.2803279894 0.1994535872 0.1534643881 0.1183398469 0.1141642820 0.0825722269 0.1308922489 0.2092705435 0.0992432528 0.1475658831 0.1273027983 0.1309589418 0.1700906348 0.1239021483 0.1774144716 0.1001504052 0.1171866699 0.1874431437 0.1606297316 0.1712733760 0.1323149018 0.1449299046 0.1390767252 0.1382872254 0.1515924014 0.2144874919 0.2548867508 0.3440415739 0.6105262584 0.6867893697 0.7842040902 0.8937118804 0.8700097550 0.6942913407 0.5194897600 0.3372859744 0.2944083433 0.2552920713 0.1513635294 0.1672398040 0.2021153766 0.1267182115 0.1012198303 0.1912912514 0.1361136983 0.1129619044 0.1623139454 0.1354636784 0.1678920162 0.1260085025 0.1468480862 0.1752505560 0.1263004420 0.1595589957 0.2065279655 0.1607195339 0.1328882381 0.1120063504 0.1517974079 0.1012392855 0.1884302219 0.2487826135
0.1037555959 0.1392717728 0.1262813974 0.0633801647 0.1505042380 0.1279323668 0.1357060773 0.1155979621 0.1347983082 0.1661165243 0.1910575950 0.2731442435 0.3293450812 0.5681036586 0.6994824451 0.8143096093 0.8466773318 0.8468014184 0.6514609269 0.4836963502 0.3861616276 0.2338956440 0.1925762909 0.1510020471 0.0971346603 0.0906133279 0.1292106346 0.2040029649 0.0962161922 0.1571446426 0.1295497146 0.1322540381 0.0920210686 0.1384037670 0.1149217457 0.1012422805 0.1413758951 0.0742188393 0.1007018638 0.1252158189 0.1250545451 0.1452289816 0.1497915000 0.1025046150 0.1651153201 0.1427557564 0.2267363942 0.2505676483 0.3442883821 0.4488790503 0.6457008112 0.7773419264 0.8589851897 0.8136055858 0.6687668956 0.5029935929 0.3551167236 0.2636043100 0.1533831337 0.1574664007 0.1154256443 0.1736009657 0.1658426112 0.1034351500 0.1212494785 0.1746746326 0.1409137325 0.1890376340 0.0948800667 0.1458421305 0.2129416517 0.1357595387 0.0895763715 0.1679773638 0.1365929778 0.1186613317 0.1663318298 0.1009947927 0.1318620969 0.1391279166 0.1437716633 0.1424133521 0.2133079488 0.2654354880 0.3010457657 0.4501081558 0.6182232976 0.7514126061 0.8276849263 0.8865547330 0.7314086452 0.5681707377 0.4097053285 0.3054067240 0.2065948266 0.1546755217 0.0927417070 0.1496525561 0.1484050743 0.1641726150 0.1630649223 0.1619608588 0.1277106477 0.1242484618 0.1070299117 0.1358667909 0.1336569438 0.1633998042 0.1976946189 0.1303989151 0.1543079902 0.0921675305 0.1449480735 0.1209594758 0.1451080193 0.1568716428 0.1421345718 0.1369857459 0.1674227811 0.1945115501 0.3387990206 0.4157082022 0.5730895077 0.7078626356 0.8640660816 0.8598231728 0.8042636836 0.6304501416 0.4487518621 0.3506445880 0.2024034970 0.2200366777 0.2102308033 0.1413516954 0.1098936240 0.1549147590 0.1697014183 0.1613233865 0.0984182614 0.1366338816 0.1353232376 0.1359121699 0.1258181228 0.1347910110 0.1350782552 0.1580531695 0.1786732836 0.1093088714 0.1621972979 0.0961399853 0.1446092572 0.1754600600 0.0987932859 0.1744986046 0.1981574352 0.2379904018 0.3524430959 0.3486854621 0.4911906090 0.6829915304 0.8325112159 0.8801019281 0.8267394838 0.6990732855 0.5279003096 0.3991087905 0.2814608622 0.2384263947 0.1929452935 0.1995905180 0.1449341667 0.1726355047 0.1033657069 0.1294869609 0.1639218946 0.1884803906 0.1672061934 0.1179317430 0.1752810356 0.1921378080 0.1567565416 0.1740449534 0.1300767156 0.1559860833 0.1607888904 0.1981112681 0.1593483913 0.1863606732 0.1487200163 0.1836344068 0.1643496095 0.1971389556
0.0987576924 0.1264620575 0.1200594938 0.1351596660 0.1431600952 0.1454280472 0.1158817347 0.1380695214 0.1483243282 0.1608782895 0.2290002981 0.2232771892 0.3435762910 0.5368833363 0.6862326485 0.7678046495 0.8428640609 0.8260643492 0.6965669092 0.5244666071 0.3674830285 0.2327199586 0.1722412052 0.1996854617 0.1258131063 0.1493484849 0.1525245757 0.1351388445 0.1126823829 0.1076490819 0.0821206803 0.1582444426 0.1296624746 0.1453217734 0.1254458928 0.1532013497 0.1275569425 0.1129161498 0.1047872563 0.1892814712 0.1595552420 0.1261362961 0.1225080497 0.1120212215 0.1604362707 0.1781612266 0.1946124778 0.2541434873 0.3089719983 0.4680725442 0.6146921848 0.7585831970 0.8768667994 0.8320622647 0.7103428357 0.5484948125 0.4090708282 0.2957986190 0.2064070887 0.1921912118 0.2237649885 0.1714003462 0.1334548844 0.1329070517 0.1733323189 0.1015576317 0.1572879734 0.1858093095 0.1232337655 0.1320737196 0.1545375373 0.1419637815 0.1131316928 0.1149142171 0.1241656845 0.1596623683 0.1662043772 0.1153455491 0.1255282650 0.1579831695 0.1560475916 0.1227711983 0.1754835991 0.2426683278 0.2923085510 0.4820911026 0.6197525899 0.7629946055 0.8687025614 0.8397213446 0.7752873188 0.6119915284 0.4769315145 0.3303497017 0.2290522131 0.1642813899 0.1519154805 0.1766974240 0.1338908300 0.1007781419 0.1783860864 0.0937167993 0.1625351115 0.1418401366 0.1270694760 0.1373838588 0.1542614829 0.1460724737 0.1292306644 0.1528117726 0.1437746790 0.1076856776 0.1510090992 0.1391434079 0.1402853584 0.1543177662 0.1465850327 0.1028931740 0.1703361013 0.2068331795 0.2819024538 0.4342348996 0.5046650542 0.7371287423 0.8292297243 0.8605565487 0.8327956996 0.6709811808 0.5113969318 0.3367705493 0.2907421748 0.2103265741 0.1525414242 0.1488053148 0.1308076109 0.1693179344 0.1531002128 0.1328425502 0.1384179459 0.1713696587 0.1470390537 0.1274229294 0.1463300406 0.1094667951 0.1051892631 0.1414896483 0.1805079397 0.1486542169 0.1388583616 0.1248969139 0.1976947166 0.1362195568 0.1429563514 0.1767601765 0.2299204438 0.1902176752 0.2990454191 0.3852000933 0.5248115034 0.7039418324 0.8186214468 0.8835036808 0.8697872351 0.6727912561 0.5545986709 0.4437554248 0.2576765649 0.1428219040 0.1436629748 0.1550384985 0.1269364764 0.1500993564 0.0780279430 0.1552776358 0.1351618080 0.1860039383 0.1675983045 0.1662516976 0.1891578427 0.1724206359 0.1398171345 0.1800598515 0.1202772258 0.1328218447 0.1189367227 0.1142024632 0.1752377181 0.1579749439 0.1324552549 0.1563673408 0.1651676936 0.1774890525
0.1922458596 0.1191249313 0.1060767184 0.1094227939 0.1072299632 0.1006848876 0.1047189781 0.1511739317 0.1575622432 0.1912480789 0.1332808195 0.2672890567 0.3663937042 0.4784722284 0.6781386019 0.7793148427 0.8521994916 0.8150077708 0.6530199248 0.5144880182 0.3552091796 0.2724924545 0.1916235323 0.1830582818 0.1236745790 0.1654364261 0.0925502460 0.1608631619 0.1203480979 0.1310452510 0.1337711581 0.1181843273 0.1170076974 0.1069725326 0.1028034432 0.0859817576 0.1180013832 0.1270377554 0.1152303743 0.1180933621 0.1231413119 0.1353300893 0.1035730184 0.1447273173 0.1511091935 0.1403485872 0.1669730266 0.2041797772 0.3543078729 0.4691902320 0.6449710882 0.7488472834 0.9351324601 0.8464673278 0.7492212375 0.5700918982 0.3960847613 0.3225247986 0.2100903244 0.1611815481 0.1561128944 0.1134897435 0.1725592408 0.1594596476 0.0969028358 0.1197317937 0.1473490487 0.1807421250 0.1462438403 0.1108778313 0.1509806693 0.1521524104 0.1444861866 0.1168129436 0.1575810656 0.1437920306 0.1175697234 0.1473550147 0.1456172967 0.1783109814 0.1146184367 0.1782631340 0.1754911582 0.2176778402 0.3316933757 0.3932835195 0.5617106723 0.7501565981 0.8786966475 0.8641802598 0.7617475222 0.5588809312 0.4734534141 0.3468296404 0.2218856501 0.1596027061 0.1707648937 0.1785200491 0.1297412237 0.1169596850 0.1575110754 0.1421915268 0.1358785152 0.1498818083 0.1389649496 0.1305281285 0.2181373699 0.1287494383 0.1406465287 0.1355299322 0.1486148080 0.1993799643 0.1357559667 0.1179171551 0.1582624815 0.1665963053 0.1364318782 0.1509231604 0.1576549119 0.1890868921 0.2683774364 0.3393349611 0.5049636163 0.6700660156 0.8245867171 0.8670390210 0.8019097799 0.6878150904 0.4898748786 0.3717207647 0.2593295740 0.2305069355 0.1584210553 0.1511160714 0.1461855561 0.1230785725 0.2198063973 0.1521469295 0.1437795572 0.2615363654 0.1464788937 0.1375819998 0.1822759800 0.1637430907 0.1681266894 0.1965486665 0.1742909896 0.0979878858 0.1393209922 0.1600033897 0.1387538273 0.1123253395 0.1970872600 0.1385982278 0.1569879399 0.1789874817 0.2612585258 0.3644451073 0.4807899185 0.6585053643 0.7708229266 0.8980860859 0.8444591308 0.6995266131 0.5575664213 0.4334847078 0.3028382430 0.2485456219 0.1923491694 0.1836201923 0.1787824711 0.1604956109 0.1497998237 0.1271254240 0.1229354204 0.1449662906 0.1790964064 0.1536815658 0.1269413454 0.1423177882 0.1473879332 0.1399182257 0.1537417015 0.1305335176 0.1671960541 0.1145884492 0.1581602519 0.1886909094 0.1854304264 0.1757299891 0.1736356049 0.2145126010
0.1222915600 0.1669707569 0.1373685028 0.1484706035 0.1732919802 0.1850214582 0.1164976440 0.1589370354 0.1602833145 0.1692795311 0.2672976311 0.2410987505 0.3637441794 0.4973891669 0.6938895628 0.7545912718 0.8813766196 0.8274022418 0.6734478759 0.5138141692 0.4027994360 0.2913023428 0.1916371931 0.1092521957 0.1439809553 0.1464427155 0.1538533444 0.1262565945 0.1231457833 0.1254786985 0.0947659520 0.1621575981 0.1780293896 0.1329869830 0.1129164391 0.1937566528 0.1721140542 0.1923389868 0.1070879405 0.1228555097 0.1623652943 0.1346707980 0.1838834056 0.1237890448 0.1329983323 0.1422628618 0.1626195695 0.2124868373 0.2841315514 0.4671553497 0.6211744899 0.7769953053 0.8426899488 0.8308799495 0.7464774159 0.6126741903 0.4885151614 0.2748874946 0.2479382313 0.1946211231 0.1640551311 0.1519631555 0.1225416309 0.1155498058 0.1968938212 0.1617076413 0.1650225368 0.1659606836 0.1562505556 0.1610035527 0.1268092811 0.1744994942 0.1343275621 0.0665635347 0.0999900367 0.1105626623 0.1577185071 0.1441112858 0.1443631628 0.0887532100 0.1671509528 0.1286172424 0.1881033165 0.1924191260 0.2653804445 0.4638685859 0.6048915947 0.6885867814 0.8438446291 0.8630110985 0.7868950452 0.5840988806 0.4592960249 0.3539528440 0.2684363679 0.2659592794 0.1845149277 0.1318365287 0.2078907450 0.1285906289 0.1424609732 0.1260690138 0.1225585418 0.1650762081 0.1168493950 0.1945192715 0.1077474336 0.1256659350 0.1677526084 0.1589973089 0.1315875746 0.1521118071 0.1112882162 0.1231400163 0.1601098323 0.1663918827 0.1179527832 0.0998887651 0.1820985378 0.2045479808 0.2932562961 0.4606077775 0.5347017776 0.7125771739 0.7793675769 0.8873652216 0.8540634538 0.6274363764 0.5438332736 0.3912089281 0.2411110255 0.2334138910 0.1371033280 0.1566149368 0.1344833694 0.1882389032 0.0896547612 0.1954939147 0.1470459686 0.1287825474 0.1778984288 0.1212853693 0.1536038397 0.2028417734 0.1469760684 0.0885812290 0.1751774481 0.1388016778 0.1538072296 0.1682859703 0.1851854791 0.1514818951 0.1427693327 0.2118270425 0.1756624130 0.2098925099 0.2465735657 0.3581337126 0.4895796581 0.7104716688 0.7860195895 0.8747742224 0.8289837628 0.7172585111 0.5893291562 0.4281181303 0.2654898314 0.2493569138 0.2067454296 0.1772194493 0.1109736906 0.1488675943 0.2410921939 0.1344673409 0.2048105788 0.1762390076 0.1771551819 0.1889322560 0.1719309204 0.1883692434 0.1309351050 0.1674456827 0.1151097009 0.1233430021 0.1430593753 0.1628202617 0.1663148088 0.1963791486 0.1016845940 0.1560026335 0.1467749598 0.1876358369
0.1212689010 0.1756317536 0.1130065864 0.1644939556 0.0893653480 0.0902420981 0.1398587354 0.1783646318 0.1526085268 0.1329748517 0.1571061449 0.2613519248 0.3594549862 0.5080180831 0.6557975072 0.8152451947 0.8478218477 0.7816276300 0.7365786873 0.5350027283 0.3604049338 0.2442592097 0.2677886161 0.1440263748 0.1297869063 0.1194518708 0.1334806541 0.1730866331 0.1750104148 0.1647592799 0.1435128679 0.1307475491 0.1470741977 0.1217106132 0.1880046702 0.1605011031 0.1280649500 0.1388947630 0.1134996871 0.1754793239 0.1272260574 0.1618016581 0.1646982408 0.1010771936 0.1535339880 0.1593842962 0.1745657773 0.1652485227 0.3049231446 0.4605708984 0.5941501476 0.7198099853 0.8489841885 0.8443364917 0.8459899208 0.5943618319 0.4510687493 0.2816352195 0.2388530127 0.1504516862 0.1403619489 0.1345557530 0.1396815342 0.1303579076 0.1397597210 0.1594834279 0.1326332641 0.1360614203 0.1466227539 0.1312044535 0.1326530271 0.1365368110 0.1772757656 0.1519976155 0.1228669146 0.1467862084 0.1005184723 0.1950771938 0.1658603018 0.1849850090 0.1194972484 0.2298731319 0.1416688519 0.2081965202 0.2810994533 0.4119112500 0.5728256350 0.7013608456 0.7958440064 0.8715589706 0.8190135233 0.6198746262 0.4954868469 0.3418189769 0.2706565558 0.1793371563 0.1732201885 0.1954578807 0.1406009418 0.1547692665 0.1339654957 0.1550018859 0.1179236153 0.1186977485 0.1496759872 0.1237380830 0.1884189381 0.1761172589 0.1153925866 0.1958305607 0.1055581139 0.1535728432 0.1232629744 0.1675804671 0.1138664252 0.1014527022 0.1708484538 0.1163920363 0.1955989127 0.1631386266 0.2398997099 0.3868806537 0.5341150736 0.6703393705 0.8591357357 0.8523977339 0.8129993159 0.6856141179 0.5837065388 0.3912451780 0.2893300938 0.2094115711 0.1695806299 0.1729840125 0.1292961924 0.1408109913 0.1308514348 0.1370493622 0.1117723095 0.1056470680 0.1654731703 0.1695281969 0.0849073760 0.1548679063 0.1362180913 0.1600163294 0.1670249457 0.1348064719 0.1646738369 0.1640925036 0.1774855843 0.1695391583 0.1710878528 0.1250748314 0.1485743355 0.1719627430 0.2611762806 0.3522017772 0.4358303076 0.6491731836 0.7708468387 0.8492745585 0.8720582666 0.7224259368 0.6055925798 0.4600516723 0.3016165408 0.2629032052 0.2152706261 0.2006586009 0.1327376842 0.0967375287 0.1640789978 0.1945899382 0.2272337522 0.1573670701 0.1745493501 0.1650843773 0.1582341403 0.1437848965 0.2060995944 0.1767839522 0.1501938685 0.1706830379 0.1866064064 0.1654614173 0.2064318931 0.1631883644 0.1368424102 0.1753622257 0.1504760164 0.1933342162
0.1175907042 0.1189585116 0.1767022773 0.1262703727 0.1704783104 0.1432490683 0.1300621381 0.1037018954 0.1249257539 0.1531239284 0.2330612698 0.2683775291 0.3260292830 0.4456397026 0.6247127462 0.7890509659 0.8520406499 0.8483284828 0.7764220625 0.5916115894 0.4684209932 0.3093334856 0.1988540610 0.1565454045 0.1677543468 0.1408768949 0.1549692200 0.1526330160 0.1339135604 0.1031381017 0.1265135037 0.1250447009 0.1412701155 0.1684860619 0.1458253659 0.1446825967 0.1427941452 0.1405258151 0.1510631379 0.1830623036 0.1055105566 0.1214386222 0.1850993852 0.1680198538 0.1537110374 0.0967030399 0.1627043381 0.2435353685 0.3218958335 0.4405849590 0.6241239102 0.8222607973 0.9060369382 0.8517849323 0.7570169473 0.6465843033 0.4642234245 0.3319266460 0.1982423461 0.2083905506 0.1829696543 0.1454720314 0.1158747364 0.1886865780 0.1689614420 0.1239545444 0.1879845272 0.1769141777 0.2133983660 0.1307903737 0.1240797264 0.1871485531 0.1497573126 0.1124735091 0.1992098344 0.1306828377 0.1104291861 0.2035732273 0.1246247413 0.1549348707 0.1737788055 0.1848571088 0.1818452851 0.2171082763 0.2645909488 0.3963336772 0.5556180898 0.7021586950 0.8531713876 0.8806022855 0.7728174939 0.6883835542 0.5697692292 0.3682534167 0.2389961450 0.2326791118 0.2089013804 0.1928576936 0.0964041310 0.1728469220 0.1911730252 0.1676408543 0.1949153412 0.1315384993 0.1355380561 0.1650115981 0.1687380038 0.1768423435 0.1745049333 0.1264370874 0.1522860188 0.1517908529 0.1788302988 0.1180498324 0.1403012625 0.1208771023 0.1249972663 0.1406636544 0.2182476905 0.1662158284 0.2276684315 0.3927106367 0.4989342271 0.6990640963 0.7850029641 0.8725996791 0.8354030540 0.6740498820 0.5595149437 0.3984259679 0.3482470870 0.2324736227 0.1709284229 0.1220137354 0.2422754118 0.1575167051 0.1165695124 0.1357628520 0.1431651251 0.1624938901 0.1223466187 0.1821486009 0.2067867991 0.1647136926 0.1168107871 0.1962173120 0.1170911759 0.1717967013 0.0994746654 0.1336281230 0.1843167430 0.1562806121 0.1727188567 0.1579561476 0.2053328270 0.2082746717 0.2249397707 0.3288095675 0.4853244480 0.6443497646 0.7619397253 0.8590538903 0.8860752321 0.7883667969 0.6534482721 0.4524777984 0.2954940367 0.2003019998 0.2169659295 0.1652801942 0.1562254167 0.1387171274 0.1409692094 0.1737008132 0.1619144005 0.1692511684 0.1781283000 0.1741035826 0.2356812002 0.1584719879 0.2289768318 0.1746474900 0.1185309558 0.1560148828 0.1375776478 0.1578793856 0.1509623108 0.2317475389 0.1834877713 0.1597498143 0.2110878494 0.1874814441
0.1674940394 0.1530450380 0.1296161426 0.1475851224 0.1581726235 0.1304048705 0.1485597304 0.1193841813 0.1695092096 0.1448408559 0.1694184121 0.2640327781 0.3548421855 0.4698946465 0.5786333955 0.7788747209 0.8954423805 0.8944681757 0.6701216706 0.6307439006 0.4880277131 0.3285730902 0.2464375694 0.2201530881 0.1986365269 0.1257407601 0.1548268681 0.1871145681 0.1529854191 0.1470579725 0.1884927964 0.1471760906 0.1325399962 0.1350815282 0.1509481074 0.1396902937 0.1980923149 0.1886756470 0.1464651525 0.1655570286 0.1306542966 0.1537196030 0.1337512411 0.1887907743 0.1295715697 0.1718475416 0.1441872785 0.2472689025 0.3246084763 0.4289412199 0.5917187074 0.7708504940 0.8872878663 0.8494057568 0.8180704218 0.6745752909 0.4755089758 0.3962728523 0.2507357220 0.1902736354 0.1880316625 0.1801787004 0.1544526277 0.1709705753 0.1520199602 0.1548852046 0.1698436695 0.1557631967 0.1842565869 0.1880041606 0.1836745531 0.1876278326 0.1912278079 0.1655547288 0.1775241010 0.1709061238 0.1559910979 0.1694599137 0.2117692411 0.1620483652 0.0970239630 0.1636867574 0.1895986047 0.2104716128 0.3024664642 0.4456499946 0.5411341805 0.6910281280 0.8249248257 0.8984349798 0.8529899111 0.7071875407 0.5764118252 0.3798268259 0.2821188078 0.2243203686 0.1447486740 0.1706039028 0.1854995831 0.1794674937 0.1454541131 0.1015011567 0.1417385823 0.1823181628 0.1456489851 0.1770983833 0.1944156949 0.1749680717 0.1369742185 0.1801030904 0.1639867713 0.1346420406 0.1702904201 0.2095726569 0.2277734901 0.1990605694 0.1781076889 0.1378922395 0.2189670768 0.2266447840 0.2393180959 0.3687477440 0.5514353141 0.6806283834 0.8471376822 0.9214669982 0.8288835752 0.7725445225 0.6027703389 0.4387644016 0.3335013464 0.2438779872 0.1869240370 0.1711054325 0.1667326270 0.1775059656 0.1705159917 0.1318558033 0.1324284713 0.2252897528 0.2021506238 0.2214708471 0.2101007736 0.1345054550 0.1400979619 0.1382666971 0.1755830462 0.1842682988 0.1886197074 0.1580394458 0.1712239183 0.1315059252 0.1545630079 0.1773526578 0.1783408261 0.2740759517 0.2701266331 0.3551658699 0.4992078641 0.6531843653 0.7570824230 0.8900467692 0.8538242937 0.7488378035 0.6066446105 0.4475816648 0.3083653753 0.2554880568 0.2215722903 0.2463920870 0.1860724694 0.2034320386 0.1688140965 0.2191514243 0.1674120473 0.1871633973 0.2163712604 0.1434906883 0.2273918960 0.1889824187 0.1355515974 0.1772083165 0.1476970488 0.1289958144 0.1253718468 0.1713379361 0.1284148193 0.1974172152 0.1722106901 0.1997422090 0.2120199675 0.1710664889
0.1668143217 0.1371847143 0.1648463191 0.1234644902 0.1725233200 0.1644155651 0.1730526499 0.1411874398 0.1313060702 0.1773083393 0.1971342916 0.2521739235 0.3129413447 0.4850729951 0.5943730571 0.7555562969 0.8767683508 0.8458113779 0.7604244587 0.6377247301 0.3983318558 0.2711352472 0.2294468172 0.2276461783 0.1611548671 0.1403441134 0.1423545718 0.1886347121 0.1773263538 0.1300116602 0.2166493311 0.1393683006 0.1784242761 0.1626185428 0.1825777531 0.1638738704 0.1539146011 0.1876231605 0.1413035845 0.1592065261 0.1118390594 0.2080552698 0.1388111439 0.1324418200 0.1377445121 0.2162725258 0.1941106101 0.2244903613 0.2316792384 0.4753485771 0.6233191622 0.7456520917 0.8622443949 0.8520953703 0.7999421935 0.6162354264 0.5124138305 0.3428930166 0.2699871760 0.2308629450 0.1771701888 0.2203530051 0.1569066676 0.1914214025 0.0911070522 0.1664024793 0.2025314213 0.1802705424 0.1785236447 0.2067275952 0.1655683850 0.1674564095 0.1463243794 0.1965223356 0.1918348591 0.1818849832 0.1219414236 0.1651187008 0.1011527622 0.1803949533 0.1772941180 0.1771577003 0.1471274855 0.2191376669 0.2933869968 0.3670823546 0.5710109381 0.6872076102 0.8229724142 0.9334092044 0.8336638479 0.7734011982 0.5065986435 0.3434302111 0.3150031636 0.2206771016 0.1849217213 0.1452652811 0.1023933806 0.1730904545 0.1670477590 0.1521206058 0.1544382756 0.1407134274 0.1628891460 0.1847940181 0.1301106968 0.2095924021 0.0976509273 0.1987168774 0.1453174783 0.1762425977 0.1556098807 0.1824190534 0.1738988671 0.1306485006 0.1491196993 0.1758134990 0.2314452708 0.2570520517 0.2204163311 0.3774624848 0.5227795693 0.7082995997 0.7896739874 0.8820525280 0.8491704124 0.7517466497 0.6300795799 0.4116167584 0.3662194622 0.2348422849 0.1969926254 0.1461537932 0.1861227354 0.1761143433 0.1842061087 0.1359176813 0.1687015294 0.1482722975 0.2004932034 0.1538227767 0.1774820283 0.1741796310 0.1260139671 0.1640238886 0.1829138818 0.1912635621 0.1869436410 0.1820081497 0.2163045357 0.1820833942 0.1956310520 0.1934247476 0.2190976044 0.1670402776 0.2174571916 0.3810231072 0.3940876359 0.6348071046 0.8044582072 0.8494772883 0.8489740198 0.7835636439 0.6315437129 0.4439110139 0.3705911598 0.2329427651 0.2247166246 0.1666159825 0.2198877668 0.1670452353 0.1706552665 0.1629842815 0.1879542691 0.1585903056 0.2114860842 0.1968399618 0.1674755252 0.1466135249 0.1337465622 0.1853165801 0.1592401822 0.2198486268 0.1845597269 0.1581424711 0.2227482000 0.1519619759 0.1987246365 0.2011963874 0.2054621241 0.1947924796
0.1700260164 0.1329983419 0.1155296391 0.1515526128 0.1431827653 0.1103662217 0.2270270282 0.1301504567 0.1575302313 0.2366634580 0.2286028998 0.2046211598 0.3303019981 0.4500095716 0.6234300555 0.7392977607 0.8322767406 0.9114410838 0.7999027887 0.6359309010 0.4452188729 0.3378281027 0.2288719681 0.2321489672 0.2054358634 0.2105251365 0.1511345529 0.1944996741 0.1928096960 0.1368291772 0.1437598965 0.2160851639 0.1567328651 0.1496081082 0.2073116400 0.1458968315 0.2050426678 0.1846364250 0.1475909437 0.1535072395 0.1388841784 0.1843193314 0.2239960272 0.1928890982 0.1600100819 0.1710807939 0.1704870958 0.2195839363 0.2870145544 0.4336996885 0.5893184253 0.6865657241 0.8606625476 0.8911651283 0.8060641540 0.7410609009 0.5147066423 0.3809108747 0.2509116278 0.1876498918 0.1813555236 0.2239391455 0.1699655615 0.1266635559 0.1963209202 0.1447950176 0.1798375939 0.1666714931 0.1589195728 0.1420651517 0.1385873716 0.1812033787 0.1990025587 0.1719798796 0.1590466560 0.1944003915 0.0970340579 0.1277878287 0.1524674383 0.1714719179 0.1952069147 0.1826413367 0.1602917018 0.1997262777 0.2688799907 0.3792146424 0.5446826273 0.6888303595 0.7916866050 0.9382816017 0.9229912628 0.7146053241 0.6116772195 0.3970106821 0.3272263009 0.1762443773 0.1804997864 0.1618147188 0.1774881899 0.1877505132 0.1973148780 0.1268809736 0.1574922210 0.1572617578 0.1974169587 0.2197322954 0.1782945196 0.1801661391 0.1626403942 0.1893402618 0.1932063115 0.2021833203 0.2215778066 0.1729101563 0.1528115060 0.1882341555 0.1943435198 0.2109920192 0.2138491708 0.1990359938 0.2843807488 0.3501971100 0.4669605313 0.6972394546 0.7949599887 0.8807466471 0.8935306206 0.7683269320 0.6324855716 0.4807816938 0.3251311881 0.2095226401 0.1469811125 0.1148572066 0.1579658760 0.1635075411 0.1680213504 0.1517175335 0.1555722919 0.1211470156 0.1439894185 0.1873958622 0.1524657710 0.2506111291 0.1648269829 0.1747136367 0.1399152968 0.2073947885 0.1714287271 0.2096871015 0.2107433497 0.1330584130 0.1757791681 0.1976892559 0.1972701456 0.2096481146 0.2356962666 0.3158057215 0.4477263472 0.6474174577 0.8383541100 0.9582532687 0.9019479161 0.7957219210 0.6838640648 0.4922776742 0.3654988992 0.3040684887 0.2157908222 0.1693363673 0.1721206085 0.1604615778 0.1508801160 0.1803111959 0.2074847968 0.1973788525 0.1976147511 0.2085231863 0.2091933442 0.1475883294 0.1544466997 0.2153597280 0.1833488377 0.1836528862 0.2204224302 0.1965250579 0.2115248811 0.2186612516 0.2244019371 0.2262926557 0.2035320941 0.2309689860
0.1447952367 0.1313379105 0.1445512404 0.1317113015 0.1453648644 0.1714157592 0.1732887188 0.1718660157 0.1303106986 0.1544401667 0.1809410519 0.1922401492 0.2563087085 0.4588132421 0.6181733084 0.7726863771 0.8572934755 0.8828894680 0.7755738929 0.6492393039 0.4467163104 0.3438551897 0.2199361606 0.1881782737 0.1425123074 0.1720835378 0.1606351706 0.1082630558 0.1419717573 0.2047675087 0.1521538499 0.1173908413 0.2418526194 0.1103470653 0.1103824720 0.1681629813 0.1265791395 0.1876467036 0.1566454126 0.1573262319 0.1267073984 0.1826293727 0.1385624478 0.1626289452 0.1495461421 0.1389928922 0.1056033424 0.2381281665 0.2658282507 0.4368795628 0.5406675777 0.7351622334 0.8334108630 0.9275552257 0.8440322743 0.6853690204 0.5001136921 0.4156233445 0.2712271427 0.2180858267 0.2275427681 0.2086213080 0.1399904897 0.1746091212 0.1590102304 0.1736098770 0.1897801186 0.1828484361 0.1459547355 0.1262008215 0.1551361101 0.1542087501 0.1943615347 0.1643689167 0.1829083953 0.1591500093 0.1638570433 0.1628038311 0.1263531963 0.2038826909 0.2034795166 0.1696115004 0.1721890460 0.2030998912 0.2683672199 0.4040395349 0.4929674183 0.6670278932 0.8308295122 0.9269117402 0.9029761870 0.7418726823 0.5419088827 0.4029581196 0.2728384032 0.2293082716 0.2034335511 0.2253536890 0.1655381142 0.1239176232 0.2212471261 0.1672127486 0.2270165896 0.1838534876 0.1798308423 0.1309595585 0.1609405507 0.1484407370 0.2277092412 0.1877784613 0.1923868333 0.1559641597 0.1853352358 0.1910991820 0.1317678774 0.1979127481 0.1422985731 0.1613607079 0.1532916546 0.1983773956 0.2627875918 0.3053555459 0.4711593751 0.5903637550 0.8296887173 0.8728430233 0.8858844864 0.7951216789 0.6207092649 0.4043679921 0.3580262216 0.2376063703 0.2306734381 0.2303570071 0.1643286455 0.1060523537 0.1722979338 0.2245985955 0.1687521583 0.1547868412 0.1956909794 0.1983670198 0.1382704260 0.2025464779 0.1896581300 0.1674030962 0.1886974515 0.1334404172 0.1556771805 0.1402632108 0.1584257718 0.1844278647 0.1992795713 0.1702774108 0.1917277188 0.1628268085 0.2209833369 0.3364080855 0.4411733336 0.5935659997 0.7720449724 0.8527286686 0.9146661644 0.8765559886 0.7193040697 0.5470759981 0.3530136160 0.2557417965 0.2328164475 0.1166882137 0.2007109313 0.1508728343 0.2385149111 0.2079040553 0.2091128596 0.1908025524 0.1995767995 0.2066127574 0.1937491112 0.2541735467 0.1381494837 0.1704160849 0.1744147921 0.1474093679 0.1777898291 0.1681244864 0.2151701289 0.1780919413 0.1509093087 0.1788886228 0.1592044324 0.1665656898
0.1245346471 0.1496942317 0.1429232739 0.1337738407 0.1285060736 0.1856357199 0.1368492470 0.1126576313 0.1662411394 0.1696934192 0.1646846986 0.2365090146 0.3255756108 0.4474245538 0.6127863620 0.7111207857 0.8744884211 0.9060630238 0.8061398210 0.6078774535 0.4102256608 0.3520056582 0.2621583997 0.1860579002 0.2146243333 0.1470925003 0.1315135820 0.1292200709 0.1950151611 0.1278200866 0.2139210391 0.1674944719 0.1420424925 0.1882982433 0.1552089886 0.1891241256 0.1420245015 0.1824354610 0.1429377281 0.1286915944 0.1640486078 0.1878348017 0.1668804314 0.1332018297 0.1670430734 0.2176668018 0.1825443438 0.2371917080 0.2686800346 0.3659667515 0.5551615172 0.7109649463 0.8464794645 0.8627021078 0.8207778053 0.6820207889 0.5463365878 0.3889611526 0.3056090729 0.2044553774 0.2186185025 0.1625188813 0.1385125343 0.1341148845 0.1365921881 0.1611508458 0.2006014110 0.1728476105 0.1682164519 0.1737827300 0.1243203922 0.1742172481 0.1828491372 0.1644327511 0.1796587980 0.1718947577 0.1490091400 0.1080912159 0.1437077987 0.1497365694 0.1591323997 0.1742409561 0.1577674186 0.1596324461 0.2891597773 0.3899152417 0.5106571057 0.6422949286 0.8015896104 0.8318173877 0.8499921083 0.7930972616 0.5638852886 0.4293061817 0.2650040226 0.2116552883 0.2187756367 0.1578451748 0.1635003696 0.1368482047 0.1829229437 0.1962797668 0.1877492913 0.1837013176 0.1634809680 0.1718169346 0.1879725388 0.1571676043 0.1631100836 0.1730065758 0.1794251902 0.1551020858 0.1223945627 0.1764798296 0.1469713657 0.1739524974 0.1586473215 0.1592359118 0.1879572911 0.1690940632 0.2477365896 0.3200139511 0.4565092813 0.6034599407 0.7794852440 0.8820732551 0.8456940537 0.8031646353 0.6472539355 0.4518414442 0.3319567066 0.2623738776 0.2009455863 0.1702519030 0.2103747112 0.2152401657 0.1753472557 0.1817777295 0.1439058725 0.1572075474 0.1538871210 0.1947820720 0.1652746719 0.1828224240 0.1198755773 0.2029522171 0.1981190141 0.2014447824 0.1574245392 0.1764238742 0.1682755366 0.1424979786 0.1441095686 0.1468994279 0.1669578461 0.1706503317 0.2510397908 0.3021394020 0.4715332746 0.5393154451 0.6695386396 0.8687417852 0.8787813801 0.8150139159 0.6869285225 0.5065830989 0.4038383171 0.2958242265 0.2173588915 0.1854862690 0.1607305521 0.1612490345 0.1410433943 0.1429996856 0.2163438026 0.1590046805 0.1877815923 0.1824590069 0.2031165642 0.2107196591 0.2373507252 0.1822336107 0.1403287050 0.2064833108 0.1800824071 0.1718709877 0.2077938107 0.1258655076 0.2030418973 0.1635122641 0.2107590720 0.2031014607
0.1563032245 0.1476494989 0.1835764244 0.1268064537 0.1933407171 0.1794297850 0.1129484750 0.1300974823 0.1630842963 0.1343830816 0.1342270485 0.1316039949 0.3018734995 0.4192702491 0.5371574566 0.6826689559 0.8441851917 0.8560982788 0.7395584666 0.6334873774 0.4890929475 0.2896958826 0.2019718395 0.2223010892 0.1186489781 0.1164143822 0.1806818209 0.1854955267 0.1206137930 0.1758864204 0.1495735935 0.1206551908 0.1479868212 0.1910829873 0.1224644283 0.2098894411 0.1233387797 0.2004768838 0.1448617223 0.1895152417 0.1689168742 0.1379866077 0.1475817864 0.1604072890 0.1307714582 0.1683673209 0.1908281424 0.1703886597 0.2778877086 0.4105657071 0.5106835085 0.6972191092 0.7798810181 0.8938189461 0.8602978147 0.6887941693 0.5627545923 0.3704608681 0.2539555821 0.2490061586 0.1990844368 0.1440633002 0.1848224857 0.1963763795 0.1407259519 0.1190896330 0.1249618981 0.1498458677 0.1387548004 0.1971808442 0.1561072443 0.1408683944 0.0957513855 0.1219022016 0.1351667084 0.1447525795 0.0828451406 0.1913182353 0.1051438729 0.1702722133 0.1216743708 0.1885040563 0.1651041178 0.1750131156 0.2378117754 0.3671069779 0.5126148857 0.6591907642 0.7806535759 0.8757797265 0.8652421105 0.7343487624 0.5841746413 0.3816887865 0.3204248058 0.2275338529 0.1825180185 0.1441092032 0.1830754683 0.1707639106 0.1334329430 0.1497266293 0.2238331734 0.1462937377 0.1395525268 0.1929530380 0.1674571515 0.1717036154 0.1322593998 0.1244612269 0.1234634761 0.1790692254 0.0981932183 0.1606729588 0.1261401330 0.1699053653 0.1554400432 0.1420033005 0.2015372265 0.1810345063 0.1891821892 0.3363761348 0.4364518490 0.5627210871 0.7737445467 0.8652299738 0.8602657656 0.7669867776 0.6757929214 0.4695173025 0.3397575579 0.2486744517 0.2212639728 0.2053830383 0.1957497315 0.1365463277 0.1584798962 0.1688954183 0.1915173612 0.1634577867 0.1759835948 0.1662892420 0.1586885926 0.1593824180 0.1484638320 0.1591028312 0.1728488453 0.1471922044 0.1131877954 0.1764433376 0.1743199375 0.2125070458 0.1414105880 0.1696707987 0.2046778447 0.2022883211 0.2474297986 0.3306352922 0.3678652109 0.5421453056 0.6902047031 0.8291323418 0.9186452272 0.8215392599 0.6848291651 0.5116983386 0.3466731879 0.2211599160 0.1940146548 0.1475487258 0.1888530519 0.1794457541 0.1459728296 0.1407405560 0.1561667167 0.1934298414 0.1331832608 0.1884896164 0.1782629794 0.1608576091 0.1739559341 0.1706508472 0.1914867139 0.1824675580 0.1269114132 0.1821536785 0.1857117607 0.1738391372 0.1254806711 0.2173665573 0.2289908381 0.1837624682
0.1532392428 0.1270449854 0.1623490043 0.1615494485 0.1352241927 0.1347800004 0.1340819661 0.1060777485 0.1045928016 0.1175648879 0.1992244553 0.2179134417 0.2861255620 0.4026154149 0.5579214265 0.6506667189 0.8536679514 0.8911508259 0.8027252403 0.6397745330 0.4982666741 0.3623910244 0.2677955458 0.2010459292 0.1416882935 0.1286122528 0.1524157919 0.1479345395 0.1684613815 0.1867986107 0.1414074703 0.1785856785 0.1229428223 0.1125029481 0.0909624342 0.1270584846 0.1485749634 0.1548933159 0.1245974343 0.1371412570 0.2082204280 0.1480257514 0.0772875522 0.1751387480 0.0952317640 0.1349093125 0.1401114381 0.2024893724 0.2333689668 0.3751116805 0.5028443437 0.6502497528 0.7932449881 0.8969808238 0.8868599069 0.6620794453 0.5104849426 0.3931210985 0.2396688561 0.2111460225 0.1630589548 0.1729841055 0.1794734525 0.1856126145 0.1516558348 0.1960163915 0.1930597433 0.1613704532 0.1864942738 0.1426338791 0.1701633020 0.1684538593 0.1874763233 0.1628076743 0.1494542762 0.1436051832 0.1561231312 0.1564185040 0.0983301155 0.1972766834 0.1204908138 0.1668060502 0.1385662805 0.1632199204 0.2246901203 0.3728214719 0.4300647149 0.6364308401 0.7278829529 0.8614989538 0.8531472374 0.7588332832 0.5224618979 0.4066516208 0.3154434668 0.2318269494 0.1850726869 0.1987997750 0.1241345553 0.1725398619 0.1511791346 0.1645383417 0.1541125652 0.0934966644 0.1394117421 0.1425622217 0.1523078200 0.1952874442 0.1449986790 0.1878846664 0.1365834828 0.1903983749 0.1662466322 0.1609963156 0.1840127813 0.1688165460 0.1487863728 0.1255829453 0.2080704868 0.1852992107 0.2065767735 0.2585951380 0.4300632039 0.5836982415 0.7631097269 0.8743147767 0.8285447964 0.8177219493 0.6698120501 0.4698089736 0.3746355462 0.2534109566 0.1800053503 0.1416134281 0.1575195397 0.1612557657 0.1721599091 0.1628784007 0.1513309483 0.1693709027 0.1263766709 0.1837099770 0.1965423496 0.1588423967 0.1596941650 0.1509957488 0.1051655201 0.1657310764 0.0960937870 0.1249498927 0.1699172983 0.2014500378 0.1383729893 0.1645700375 0.1758759841 0.1812317859 0.2005912910 0.2847301492 0.4371683803 0.5605680667 0.7263716477 0.8189940245 0.9027183876 0.7913586094 0.7261744757 0.5598834104 0.3733363576 0.2794400761 0.2348726189 0.1292875678 0.1690679188 0.1726457871 0.2147645022 0.1142977991 0.1827483188 0.1500861199 0.1808650759 0.1544981447 0.1619854808 0.0940654060 0.1028613427 0.1133045617 0.1286735277 0.1411174927 0.2076565252 0.1562557358 0.1340493065 0.1323790808 0.1270012508 0.1975808947 0.1875509547 0.2010217256
0.1515331755 0.1857043443 0.1532998479 0.1117584106 0.1499667008 0.0984728847 0.1521981737 0.1336841062 0.1299271430 0.1724761363 0.1245047247 0.1992114573 0.2619846895 0.3325113460 0.5378846317 0.7162849615 0.8214827381 0.8616655299 0.7983423154 0.6491052789 0.5223553274 0.2973150360 0.3039436475 0.1952893962 0.1688436279 0.1046033061 0.1551930593 0.1596719489 0.0907931023 0.0950399496 0.1011473897 0.1498877727 0.1901896748 0.0444163339 0.1297791289 0.1645180397 0.1336221978 0.1626696996 0.0921451037 0.1843707308 0.1337870062 0.1722197859 0.1554271865 0.1431226997 0.1579239781 0.1734907718 0.1687176197 0.2244339627 0.2397004137 0.3344669952 0.4372097173 0.6024547488 0.7651549799 0.8726815196 0.8148040937 0.7360761838 0.5034615640 0.4368242083 0.2654484452 0.2502784924 0.1600941537 0.1049835253 0.1321382490 0.1400792401 0.1682265479 0.1468067590 0.1911952249 0.1320450040 0.1652106287 0.1792612847 0.1300860531 0.1335432713 0.1785126801 0.1233698285 0.1317001403 0.1558065038 0.1415107871 0.1061252955 0.1830246109 0.1173002681 0.1195620668 0.1843746717 0.1017420363 0.1843792305 0.2262168886 0.3081308876 0.5009696040 0.5610718198 0.7626512566 0.8589150712 0.8961449723 0.7869412447 0.5738334648 0.3906378672 0.2721899217 0.2220427517 0.1874608689 0.1771334771 0.1173262905 0.1659923422 0.1478452763 0.1072025640 0.1615687740 0.1152029746 0.1436692155 0.1424546154 0.1450416098 0.1663982612 0.1629449283 0.1086245844 0.1336609509 0.1338723645 0.1718030506 0.1174596060 0.1903285116 0.1366557603 0.1418102810 0.1589003510 0.1752019964 0.1488400014 0.2094031365 0.2664795872 0.3673027873 0.5178345012 0.6938647997 0.8324683262 0.9073821018 0.7904487059 0.6389409877 0.5295101644 0.2775563758 0.2086352431 0.2057108848 0.2142603052 0.1321551060 0.1765355280 0.1526672913 0.1314958989 0.1634623200 0.1713655315 0.1507002086 0.1574950210 0.1433449996 0.1617580600 0.1485034093 0.1354927399 0.1504991401 0.1536918463 0.1458973000 0.1582145242 0.1444741747 0.1602475879 0.1797718730 0.1520980166 0.1883611708 0.1598975587 0.2156301305 0.2325510030 0.3682631905 0.5345373434 0.6212922341 0.7964176052 0.8426030642 0.8503187754 0.7210713108 0.5067369456 0.4030739826 0.2766362341 0.1930357216 0.1998194077 0.1556598328 0.1826490811 0.1942721827 0.1812469972 0.1685491480 0.0990480341 0.1399251087 0.1639573812 0.1351777869 0.1747602107 0.1730432357 0.1728373037 0.1768333455 0.1933553721 0.1145724779 0.1589196120 0.1406922431 0.1269488305 0.1823296998 0.1365874724 0.1831438774 0.1189553041
0.1646725598 0.1390147785 0.1223543085 0.0606385805 0.0766598432 0.1128388188 0.1192756918 0.0940598106 0.1448955881 0.1326499364 0.1590241801 0.1907329232 0.2478657054 0.3548028914 0.4895210106 0.6599974392 0.8168914890 0.8479800908 0.7744754185 0.6571711705 0.4933250443 0.3242748017 0.2388412892 0.2051415786 0.1509698177 0.1538585792 0.1353645906 0.0730821631 0.1502271514 0.1179139358 0.1231195932 0.1107545305 0.1361802862 0.2017333045 0.1252388692 0.1105563828 0.1517490049 0.1638725314 0.0638476132 0.0885195661 0.1581168764 0.1373181749 0.0989411197 0.1421577338 0.1276901275 0.1725580550 0.1642943255 0.1527422976 0.2405331153 0.3098668749 0.4422548432 0.5927960790 0.7608496838 0.9047910590 0.8869118184 0.7386684501 0.5731974535 0.3926837035 0.3173453631 0.2224628836 0.1260419765 0.1862635225 0.1730278099 0.1258168073 0.1417535360 0.1475292967 0.0478236272 0.1392811649 0.1178643689 0.1376607940 0.1679288118 0.1131439354 0.1422189798 0.1430978110 0.1591761770 0.1471642814 0.1274292927 0.1256805977 0.1819352409 0.1270130550 0.1083191397 0.1769299742 0.1612563600 0.1709780242 0.2713538785 0.3175165815 0.4007433166 0.5787746522 0.7353227090 0.8181370393 0.8803205350 0.8005546907 0.6077970310 0.4531364025 0.3474194440 0.2210574993 0.1673401471 0.1123287602 0.0880244616 0.1399883794 0.1387972374 0.1713330541 0.1475334389 0.1236640643 0.1844060218 0.1624972413 0.1900027767 0.1200381785 0.1211552259 0.1533313971 0.1853793001 0.1581053561 0.1374316925 0.1752265640 0.1692127953 0.1542774309 0.1056103609 0.1731777925 0.1310629444 0.1729558712 0.2576781019 0.2541521398 0.3716212950 0.5401757134 0.6454782768 0.8209409579 0.9071345667 0.8155265007 0.6696689165 0.5193184298 0.3503848596 0.2673998137 0.2376684334 0.1536986719 0.1703597087 0.1080924043 0.1444637364 0.1485684514 0.2492532180 0.1766998993 0.1407904264 0.1819528069 0.1651203423 0.1201320970 0.1154106298 0.1292212259 0.1410881697 0.1700600659 0.0778211469 0.1415396878 0.1051732631 0.1425918557 0.1530340544 0.1356464726 0.1956763064 0.1163383230 0.2124586820 0.2821688093 0.3159129064 0.5387716982 0.6269912076 0.7654708456 0.8468228678 0.7956556782 0.7278078262 0.5115080477 0.3784775716 0.2861351577 0.2280540105 0.2254108604 0.1876201385 0.1687402449 0.1272568569 0.1752047307 0.1661263005 0.1074980849 0.1468455910 0.1256931106 0.1510810739 0.1247457489 0.1551995771 0.1777076633 0.1753291466 0.1848791413 0.1655069086 0.1369660395 0.1037167661 0.1459620864 0.1521984427 0.1414265582 0.1451301370 0.1420641575
0.0660753926 0.1838972645 0.0705571057 0.0930665263 0.1556279479 0.0971521034 0.1451559313 0.1296093775 0.1068180562 0.0958269550 0.1248566056 0.1621192623 0.2484228475 0.3283611376 0.4737178531 0.6009209401 0.7493663322 0.7922287074 0.8261444223 0.7014313838 0.5464598856 0.4123593340 0.2602149900 0.2023906701 0.1282625292 0.1118966450 0.1294223438 0.1201084376 0.1447671380 0.1085116643 0.1222042693 0.1172297273 0.1268738430 0.1598638444 0.1248953169 0.0920246747 0.1349750664 0.0770937978 0.1144095510 0.1964675649 0.1456409524 0.0925082411 0.1128870677 0.1457471647 0.1769605420 0.1255519257 0.1130733963 0.1823970272 0.1890615293 0.3022920389 0.4377439387 0.5609740639 0.7499020095 0.8683206420 0.8061693732 0.6915768836 0.6254578410 0.4584814462 0.2324648067 0.1781841240 0.1950806002 0.1505353507 0.1293353947 0.1123250062 0.1183718987 0.1322175134 0.1260248719 0.1488481882 0.1132410369 0.1175883506 0.1016895384 0.1108593306 0.1009686920 0.1430295030 0.1012027309 0.0947538402 0.1168139779 0.1261859798 0.0981323070 0.1338398249 0.1321758477 0.0990859308 0.0937077655 0.1319621296 0.1987161876 0.3295125912 0.4002092906 0.5340101157 0.7197182322 0.7867019334 0.8284304105 0.7819873425 0.6451023274 0.4270690574 0.2999813712 0.1763256449 0.1901085123 0.0805790456 0.2089760795 0.0911274678 0.0885238487 0.1303724706 0.1996566442 0.1626116644 0.1692179261 0.0436892328 0.1516263671 0.1006050154 0.1254266342 0.1341198811 0.0947866875 0.1655779129 0.1426140372 0.1452693074 0.1196895165 0.1746761481 0.1010753996 0.1417779477 0.0634181105 0.1912731359 0.1919995461 0.2522538877 0.3731560695 0.5223963099 0.7313066869 0.8104395710 0.8756263850 0.7701147383 0.6950856972 0.5030023359 0.3532510805 0.2240834206 0.2070160215 0.1665520625 0.1730840467 0.1139129272 0.1244772136 0.1438530409 0.1267854310 0.1573838962 0.1568666249 0.1170498564 0.1279912772 0.1213514221 0.1444320848 0.1797758047 0.1638009186 0.1534343171 0.1697659551 0.1486022006 0.1650468985 0.1421428341 0.1474548335 0.1366327100 0.1371036968 0.1210898734 0.2099798466 0.2262193674 0.3412811555 0.4465038075 0.6278955064 0.8096575898 0.8682784483 0.8591333833 0.6812106303 0.5294062963 0.4040311252 0.2889837035 0.2090683417 0.2007641267 0.1424313687 0.1393563898 0.0975522387 0.1241458650 0.1462849966 0.1733729006 0.1322526560 0.1662124013 0.1427920078 0.1653879500 0.1699768948 0.1561740863 0.1300076881 0.1160703496 0.1562219111 0.1836582679 0.1421268054 0.1802396857 0.1598436680 0.1382262371 0.1033327102 0.1943548211
0.1218916877 0.0942227641 0.1410832959 0.1100808965 0.0825856332 0.1412157578 0.1452228347 0.1418834092 0.1425940602 0.1192258048 0.0978339374 0.1503580935 0.2534120691 0.3540224064 0.4471703355 0.6355225115 0.7751450527 0.7843986734 0.7847890317 0.7242597841 0.4979369557 0.3531417130 0.2762669364 0.2302972938 0.1226003236 0.1278447671 0.1795954278 0.1293851475 0.1153413643 0.0930993081 0.1292496080 0.1421112050 0.1213860299 0.1045663488 0.0742818816 0.1242273221 0.1707820003 0.1472780189 0.1274085613 0.1615883897 0.0762906489 0.0796538705 0.1591840304 0.0699441539 0.1075482462 0.1261042416 0.1050404419 0.1724373515 0.2575817515 0.2736248870 0.4639472459 0.5829298860 0.7104237680 0.8017143616 0.8231814609 0.7091952600 0.5965844768 0.3981868718 0.3267775318 0.1787625797 0.1196038472 0.1510884762 0.1449525573 0.1659129832 0.1344647761 0.0965672108 0.1242288048 0.1150890607 0.1031200405 0.1652252081 0.1214672440 0.1171360678 0.1031573216 0.1508986879 0.1827282273 0.0631589850 0.1279362635 0.1481203870 0.1132006245 0.1426506073 0.0836630185 0.1839143827 0.1358278010 0.1714151441 0.1706044329 0.2338617674 0.3843914278 0.5867291048 0.6477000865 0.8419138023 0.8438758883 0.7822861403 0.6150675588 0.3838241828 0.3145674785 0.2473785512 0.1964622143 0.0986871850 0.1306594200 0.1168807544 0.1906376137 0.1272985979 0.1328031614 0.1511994483 0.1235785733 0.1285233238 0.1445907956 0.1478808079 0.0786699050 0.1600936059 0.1422908041 0.1470434774 0.1138094954 0.1187780535 0.1371655513 0.0990067293 0.1513836524 0.1537258724 0.1179662001 0.1370051205 0.2092423123 0.2377686698 0.3686700842 0.4909111328 0.6867872220 0.8207234674 0.8493887381 0.8241105614 0.7096547492 0.4786771818 0.3609684180 0.2274052260 0.2479470571 0.1284705876 0.1461793315 0.1202754989 0.1071990422 0.1241191788 0.1514436468 0.1653250688 0.1351712365 0.1329452611 0.1476454137 0.1458244670 0.1458254176 0.1183760474 0.1509904961 0.1541294994 0.1652075982 0.1312907758 0.1396368271 0.1732723746 0.1321345864 0.1324892134 0.1231254875 0.0829534565 0.1696959140 0.2030368278 0.3143750621 0.5029991575 0.6523961357 0.8442424856 0.8265133466 0.8234339016 0.7045760287 0.5964094993 0.3950997598 0.2264921761 0.1944938527 0.1664239986 0.1601332473 0.1368993928 0.1364500516 0.1391153825 0.1433691255 0.1394227979 0.1458556563 0.1185600176 0.1586930825 0.1497617409 0.1857797763 0.1506503313 0.1363605531 0.1502150641 0.1263979117 0.1456791286 0.1346190780 0.2233720282 0.1299861463 0.1630355835 0.1302895050 0.1850362091
0.1313639971 0.1247920269 0.0869796963 0.1315710063 0.1085962476 0.0948056243 0.0785878458 0.0752069498 0.1022938751 0.1199100022 0.1824024237 0.2111574880 0.1762986851 0.3392503323 0.4123489565 0.6096974594 0.7183767928 0.8996074669 0.8172585257 0.7150379292 0.5116118574 0.3709664662 0.2140427819 0.1765775671 0.2154153154 0.1467320628 0.1189298234 0.1579761539 0.1111876414 0.1169169581 0.0577971448 0.1227072654 0.1221313344 0.0873020899 0.1200877228 0.1152411611 0.1241423791 0.2052136385 0.1417278651 0.0986712236 0.0886607899 0.0648512047 0.1533669208 0.1071446093 0.1056521063 0.1180689457 0.1186345186 0.1342667970 0.2008846743 0.3079162903 0.4021700750 0.5924640069 0.7286070954 0.8171367661 0.8254012793 0.7445797839 0.5813101787 0.4379871052 0.3148843151 0.1927131006 0.1876176392 0.1597493571 0.1103268129 0.1363204907 0.0929657544 0.0773420536 0.1032350001 0.0990733405 0.0972985305 0.1456476005 0.1285381900 0.1425815699 0.1093295700 0.0615330638 0.1474110836 0.1286674242 0.1804349963 0.1228917999 0.1719780198 0.1111962200 0.1496512880 0.1036884268 0.1538246584 0.1540642827 0.1422438048 0.2874405461 0.3101225292 0.4944524650 0.6989956181 0.8222304719 0.8612526055 0.7971704736 0.6753577098 0.4341174881 0.3391616709 0.2230554054 0.1803066803 0.1259440087 0.2025146935 0.1674350234 0.1323137331 0.0824515703 0.0986833915 0.0655008538 0.1419169641 0.1440712433 0.1375799453 0.0736295367 0.1413180907 0.1587305936 0.1306711573 0.1282304306 0.1337538880 0.1783527287 0.2010426426 0.1569963800 0.1251507525 0.1184174884 0.1352854352 0.1054260966 0.2404456129 0.2631575696 0.3304154129 0.5281374369 0.6209085926 0.8470828065 0.8741261439 0.8533606829 0.7083631800 0.5236732320 0.3367597467 0.2614996862 0.1874646117 0.1259088320 0.1865645856 0.1607103123 0.1550815527 0.1531572025 0.1409049304 0.1722406314 0.0917432325 0.1384915904 0.1475142709 0.1174750653 0.1205365470 0.1713223642 0.0901123305 0.1288582560 0.1275188361 0.1382370211 0.0922054369 0.1475351155 0.1357879311 0.1478277374 0.1291917880 0.1170719255 0.1198979277 0.2284553063 0.3286204649 0.4684766229 0.5857516617 0.7278492457 0.8355115652 0.8803912608 0.7163704235 0.5946356805 0.4168496504 0.2198773659 0.1974135830 0.1482472283 0.1515770508 0.1687679323 0.1584992148 0.1325369689 0.1603912982 0.1286672109 0.1257313642 0.1110266309 0.1607475936 0.1480961851 0.1152633804 0.1748808938 0.1209372075 0.0776103992 0.1019387187 0.1460055254 0.1524336352 0.1723316662 0.1537051622 0.1250997541 0.1166883970 0.1496454059
0.1094582524 0.1071816955 0.1378801169 0.1516684552 0.1371818647 0.0787637226 0.1628043172 0.1186477376 0.1105916735 0.1514099239 0.1043691368 0.1616030473 0.2383056966 0.2754204801 0.4453919256 0.6356944686 0.7519017199 0.8163159206 0.8346593123 0.7076237885 0.5161538984 0.3844480866 0.2660568806 0.1660040261 0.1117409123 0.1417045591 0.1349782577 0.1135006753 0.0959895873 0.0988819394 0.1716406206 0.0925254368 0.0788359957 0.1051771682 0.1060021251 0.0827298286 0.1364359941 0.1245364017 0.1156160780 0.1537511337 0.1148309102 0.1111200136 0.1297573889 0.1439627646 0.1596214948 0.1188712707 0.1663318072 0.1681867404 0.1815176538 0.2884052019 0.3820337364 0.5362051474 0.7339809028 0.8632264117 0.8552935033 0.7591197971 0.6014710772 0.4294169844 0.2832696899 0.2789099111 0.1761211904 0.1257121654 0.1381290781 0.1563488551 0.1030678903 0.1644334753 0.1590468518 0.0858056963 0.1198056962 0.1346967604 0.1351319623 0.0802471830 0.1205133632 0.1050906200 0.1005221758 0.0240188029 0.1229568628 0.1409604462 0.1248889304 0.1153994030 0.0961730185 0.1331954833 0.1444577856 0.1930439341 0.2234601572 0.2791227422 0.3789451738 0.5004546196 0.6764024382 0.7933696249 0.8727206494 0.8127121646 0.6452931102 0.4722744624 0.3605284085 0.1942641894 0.1531143017 0.1320923657 0.1793088246 0.1438185998 0.1432105038 0.1075991266 0.1426158028 0.1104135821 0.1558936833 0.1203916172 0.1440788789 0.1173714731 0.1383245506 0.1363604226 0.1622900423 0.1355446484 0.1609948713 0.1270341938 0.1303282141 0.1062555273 0.1394172714 0.1350729931 0.1780629312 0.1489682600 0.1927566342 0.2116429496 0.3415325159 0.5027292886 0.6392282423 0.7573259883 0.8699157850 0.8317798323 0.6634024863 0.5465594900 0.4148374758 0.2875076754 0.2109097633 0.1476764638 0.0994056930 0.1638148887 0.0888765240 0.1021729869 0.1212332329 0.0857315019 0.1298446684 0.1302718543 0.1440894144 0.1928464171 0.1230296243 0.0879180779 0.1385760708 0.0899183381 0.1344818516 0.1698218931 0.1183777926 0.1593929532 0.1438935837 0.1505497939 0.1382162218 0.0998696173 0.1764291093 0.2209696908 0.3218102520 0.4234494822 0.6544611172 0.7745916511 0.8350852570 0.8549725068 0.7121248629 0.5979414939 0.4194799402 0.2888709783 0.1886071756 0.1690033284 0.1582611401 0.1448015669 0.1409135464 0.1557544250 0.1419509576 0.1588775700 0.1017824520 0.1389492954 0.1295039054 0.1350588045 0.1158090207 0.1133671333 0.1612762634 0.0972258512 0.1636300268 0.1477767754 0.2230924379 0.1712027141 0.1123976984 0.1379885800 0.1030649530 0.1656123289
0.0966839176 0.1078892907 0.1178868932 0.1334917022 0.0952428864 0.0742793904 0.0805882548 0.1602558076 0.1531921997 0.0981677821 0.1360448910 0.1201351116 0.2163487755 0.2564325029 0.3872710741 0.5517757120 0.7157992250 0.8396763695 0.7831000409 0.6674033720 0.6047275637 0.4251805339 0.3125629489 0.2419026121 0.1502801823 0.1931050270 0.0930850763 0.1240807578 0.1384936716 0.1048489815 0.1185446574 0.1446852830 0.1565168439 0.1235956770 0.1023978175 0.1166115303 0.1356136577 0.0641851348 0.1116337364 0.1687649786 0.0920901330 0.0741249747 0.1541387507 0.1140522812 0.1068557638 0.1331531798 0.0913743272 0.1600499595 0.1825252150 0.2995123947 0.4289955441 0.5852694398 0.6916895219 0.7881528377 0.8702001034 0.8029883208 0.6379644563 0.4879918876 0.2862196904 0.2670856706 0.1330629079 0.1517043064 0.1233546031 0.0932885209 0.1419809137 0.1300083170 0.1635395906 0.1059345425 0.1683126628 0.1309690555 0.1273488253 0.1442335735 0.1440968085 0.1131950602 0.1097687201 0.1098764407 0.1583635931 0.0979425415 0.1210222298 0.1561238602 0.1111533741 0.1618933149 0.1567604321 0.1767658726 0.1761772865 0.2161884280 0.3504594272 0.4983792162 0.6439250010 0.8294340144 0.8614930754 0.7540309334 0.6551996156 0.5468231866 0.3301974591 0.2995819942 0.1788622863 0.1520790494 0.1381781806 0.1512197676 0.1309361557 0.1200680165 0.1442081840 0.1577432487 0.0977280058 0.1564077072 0.1733830198 0.1578252231 0.1474486491 0.1254012292 0.1185183682 0.1244775554 0.1184713199 0.1718673959 0.1479334561 0.1766581566 0.1288619730 0.1401388492 0.1756036950 0.1577019821 0.1631616605 0.2364110492 0.3407947857 0.4012020576 0.6344009482 0.7276265585 0.8766863373 0.8450309129 0.7091335530 0.5645902598 0.3805977768 0.2587895524 0.2174142598 0.2171782053 0.1640310646 0.1178123467 0.1686012071 0.0916949297 0.1235145435 0.1157083705 0.1652273837 0.1622784816 0.1389611847 0.1291500675 0.0904489702 0.0870678481 0.1155335284 0.1429388155 0.1316840188 0.0831650501 0.0303186146 0.1327063016 0.1625832913 0.1263656966 0.1334570032 0.1893133403 0.2056645218 0.1989157052 0.2641671182 0.4084455556 0.5914809882 0.7354867050 0.8457137481 0.8397667358 0.7250851983 0.6115961342 0.4530148437 0.3178445401 0.2207782614 0.1634698445 0.1730078762 0.1443279517 0.1331812603 0.0957357827 0.1094406711 0.1385444693 0.1354128272 0.1426444624 0.1169210689 0.1172989976 0.1595921017 0.1213311484 0.1743115444 0.1133662780 0.1263267361 0.1476403983 0.1894855138 0.1180080522 0.1249355276 0.1122821153 0.1348572821 0.1619348330
0.1093541511 0.0941573975 0.1232014358 0.1099494572 0.1646307815 0.1093297192 0.1387783083 0.1271728249 0.0964559135 0.1255307319 0.1235204856 0.1736022181 0.1614525012 0.3247911464 0.3808500768 0.5854905675 0.7225263123 0.8280953462 0.8147855154 0.7777956839 0.6289772760 0.4085037420 0.3598080420 0.1994177253 0.1808994757 0.1134148628 0.1647993019 0.1032049098 0.1571786065 0.1132620016 0.1512786929 0.0823167455 0.1333561647 0.1382602143 0.1265819735 0.0987724002 0.0933097906 0.1014691483 0.1112032406 0.1773995044 0.1213215377 0.0967150890 0.1170730851 0.1760008586 0.1388954974 0.1301428688 0.1209278211 0.1658512527 0.2336960899 0.2378201948 0.3975462446 0.5423648533 0.6973528787 0.8084222576 0.8330456517 0.8199112416 0.6173702034 0.4893118541 0.3306363355 0.2387268873 0.1095794481 0.1914092064 0.1824858895 0.1188922251 0.1396804671 0.1529216482 0.1193409777 0.1361093239 0.1624768402 0.1031125149 0.1432996813 0.1887683253 0.1064392764 0.1630758268 0.1309318000 0.1005823461 0.1040199411 0.1071455805 0.1117316358 0.1269539356 0.1380209418 0.1369573614 0.1676375836 0.2115030022 0.2584459844 0.2282819522 0.3662689081 0.5211623132 0.6520072604 0.8083968565 0.8627301482 0.7916350398 0.6815862097 0.5129036240 0.3647977123 0.2763416980 0.2021251365 0.1484895152 0.1554798450 0.1223124994 0.1448332528 0.1450986659 0.1587638810 0.1598422434 0.1374484693 0.0788656292 0.0868648193 0.1032177515 0.1355371847 0.1736809266 0.1254796500 0.1809513998 0.1201134118 0.1751987745 0.1286230071 0.0904198835 0.1268964119 0.1557781806 0.2038883519 0.1681268319 0.2000306569 0.2393301141 0.3089657555 0.4459324620 0.6528421145 0.7737168153 0.8320544761 0.8700959147 0.7273697830 0.5750392308 0.4482181386 0.2362272260 0.2102523461 0.1135855751 0.1778466944 0.1487065667 0.1727803062 0.1662928443 0.0974206632 0.1237158939 0.1100909908 0.1099829304 0.1192859066 0.1169392513 0.1986635398 0.1100721249 0.1282748963 0.1515998130 0.1236738814 0.1049453774 0.1232163017 0.1615030648 0.0950959810 0.1791687582 0.1726008420 0.1340860589 0.1389128527 0.2523619782 0.3108705995 0.4416720384 0.5846900288 0.7730494550 0.8327236808 0.8452140205 0.7620265463 0.6351011059 0.4613049017 0.3741290053 0.2258790928 0.1821333056 0.1793595166 0.1389113573 0.1216858442 0.0879138725 0.1622445919 0.1425555474 0.1140264591 0.1742520879 0.1474381771 0.1059905661 0.1309013152 0.1315150344 0.0825125530 0.1144450046 0.1402775402 0.1642366150 0.1296445183 0.1771340126 0.1450051812 0.1207107089 0.1018176529 0.1573844392
0.1441688656 0.1609131091 0.1115713208 0.1710186309 0.1528740150 0.0940701636 0.1502428315 0.0954954390 0.1351475563 0.1205825687 0.1217340689 0.1547159766 0.2115750062 0.2789934627 0.4067038375 0.5739161315 0.6901666151 0.8514243384 0.8854154555 0.7343903689 0.6026964514 0.4448265513 0.3280349342 0.1716974949 0.1289402912 0.1418637479 0.1103248599 0.1316480293 0.1125767704 0.1148960635 0.1103797638 0.1561296230 0.1287269708 0.1643346120 0.1382952800 0.1514849287 0.1413026779 0.1372690951 0.1959338076 0.1773272855 0.1611726855 0.1316149491 0.1564700515 0.1736209460 0.1262825923 0.0827642905 0.1338193684 0.1372302201 0.1789240702 0.2832619546 0.3658456137 0.4676946058 0.6592302539 0.7946627135 0.8151228876 0.7807822392 0.6776358758 0.4829300069 0.3640707023 0.2948603669 0.1902718152 0.1535989320 0.1565489763 0.1545298985 0.1293941710 0.1155691780 0.1883686964 0.1411592673 0.1396561658 0.1532684236 0.1188579313 0.1424112581 0.1138582575 0.1224914163 0.1099349781 0.1487495039 0.1171290293 0.1248490278 0.1950443330 0.1472503814 0.1685110019 0.1479454074 0.1095004730 0.1326574400 0.1949428224 0.2538192823 0.3621558791 0.4985076465 0.6448636968 0.8324280467 0.8617295277 0.8518657278 0.7267820056 0.5672644554 0.3760290072 0.2372569074 0.2016370971 0.1447143766 0.1843123908 0.1398541059 0.2006247296 0.0889953116 0.1915848560 0.1630813512 0.1125482904 0.1477111952 0.1810670267 0.1289756687 0.1321178340 0.1076354544 0.0997762051 0.1598381581 0.1340740930 0.1287449792 0.1132748520 0.1140516731 0.1080143601 0.1922588093 0.1405739680 0.1812954968 0.1679845617 0.1957947090 0.3014309976 0.4760663586 0.6095232254 0.7726282984 0.8465871124 0.8455518115 0.7459472049 0.5660517270 0.4339761327 0.2965831055 0.2243836942 0.2026064177 0.1604985542 0.1808549479 0.1853723182 0.1796433256 0.1320738506 0.1283982049 0.1504382251 0.1225843656 0.1097517331 0.1119381388 0.1626449037 0.1116409646 0.1394659230 0.1920114343 0.1462745617 0.1356988864 0.1642439757 0.1399956942 0.1243627251 0.1429637439 0.1150363973 0.1286158735 0.2021288715 0.2224778192 0.2926402181 0.3995664499 0.5473063584 0.7468960861 0.8307304026 0.8121298779 0.7928404406 0.6600374174 0.4401608744 0.4205828588 0.2647249165 0.1919096736 0.1060725046 0.1645620596 0.1654799445 0.1432747242 0.1637094803 0.1564201072 0.1333337011 0.1510266752 0.1957877631 0.1839267000 0.2032531711 0.1121899628 0.1621085693 0.1207408510 0.1836482984 0.1438481467 0.1672853339 0.1668551502 0.1242425757 0.2172112870 0.1768289777 0.1642569194
0.1604274197 0.1603503237 0.1000649157 0.2015774813 0.1545607307 0.1120567562 0.1292568154 0.1650910402 0.1326547898 0.1195544591 0.1601896542 0.1625291718 0.1967565023 0.2632372204 0.3885443163 0.5885623897 0.6881347756 0.8327563229 0.8122392795 0.7983577951 0.6464350803 0.4875852577 0.3483809495 0.2279163038 0.2306064021 0.1727673025 0.1365851189 0.1237648433 0.1374471129 0.1276090908 0.1713788339 0.0815921743 0.1734067997 0.1794273336 0.0926783736 0.0952768511 0.0981645550 0.1660949756 0.1448436551 0.1448140335 0.1445058396 0.1788538056 0.1713556620 0.1449587896 0.0891592436 0.1301367792 0.1645456784 0.1907985742 0.1973026555 0.2562623147 0.3482842661 0.5433194656 0.6985840227 0.7869748311 0.9223743786 0.7712016453 0.7044205143 0.5073903225 0.3537752030 0.2790308318 0.1817303977 0.1301093980 0.1422404730 0.1069703166 0.1690387694 0.1487030477 0.1375997935 0.1552488938 0.1211842202 0.1127107554 0.2044452305 0.1951300131 0.1522523806 0.1132701476 0.1507213157 0.1660485658 0.1564858402 0.1659460826 0.1194661341 0.1393449291 0.1483337907 0.0881041602 0.1373544099 0.1484699258 0.1864116347 0.2154361770 0.3727045747 0.5019751064 0.6401183947 0.7545616685 0.8739020358 0.8056372151 0.6839736382 0.5271089169 0.4585695786 0.2898105445 0.2044605306 0.1341723573 0.1833771106 0.1670168703 0.1201257290 0.1144816614 0.1553363789 0.1496350020 0.1572914512 0.1290888491 0.1284801490 0.1462039416 0.1630944626 0.1311504003 0.1541456109 0.1749637691 0.1930544628 0.1637801145 0.1493974833 0.1194804052 0.0818320311 0.1389589905 0.1484687682 0.1635089031 0.1452343119 0.2284371229 0.2777289199 0.4694067935 0.6076650781 0.8002693169 0.8483096469 0.7982581803 0.7284369745 0.5930878645 0.4858942386 0.3254976715 0.2283826835 0.1967353090 0.1627437896 0.1469381756 0.0936130833 0.1450087321 0.1369948980 0.1800008946 0.1475528202 0.1074600416 0.1755289729 0.1807114199 0.1734431845 0.1740475169 0.1631328566 0.0997904688 0.1200297475 0.1530547914 0.1514116285 0.1344059811 0.1707457035 0.1365439693 0.1248025292 0.1889380573 0.1673056160 0.1937453533 0.3066811656 0.3839270413 0.5742392061 0.7586100761 0.8563499013 0.8369940723 0.8497379149 0.6263946437 0.5896070047 0.3611464960 0.3091995016 0.1810714379 0.1360545005 0.1913135727 0.1615024796 0.1446302681 0.1264062039 0.1773258507 0.1505108252 0.1739797875 0.1845391154 0.1662324265 0.2074215943 0.1589514343 0.1872941018 0.1524672575 0.1836212641 0.1391730282 0.1561020009 0.1978956715 0.1762563696 0.1857041162 0.1681631362 0.2048765798
0.1373484724 0.1299648070 0.1519152864 0.1477977514 0.1377058350 0.1537031670 0.1775934363 0.1493201627 0.1795877801 0.0905968941 0.1164220665 0.1512307447 0.2234194062 0.3073084332 0.4029374765 0.5819797691 0.7430567327 0.8069633810 0.8747333591 0.8112285914 0.6394895322 0.5331036616 0.3298621443 0.2579451563 0.1333395057 0.2008002680 0.1482221302 0.1387245147 0.1810753248 0.1699049523 0.1215768479 0.1814440838 0.1170397429 0.1497051428 0.1324392654 0.1646683373 0.1810180458 0.1548983990 0.1568766353 0.1571835778 0.1443457481 0.1491025110 0.1222501306 0.1365792910 0.1408734727 0.2081858278 0.2071958662 0.1824949420 0.2498635966 0.2506798574 0.3353868182 0.5189866424 0.6180592221 0.8398775151 0.8192576832 0.8598876007 0.6586406701 0.5773752167 0.3989338047 0.3062171298 0.2219546147 0.1848792965 0.1814386744 0.1598098957 0.1589625030 0.1279890702 0.1298470844 0.1339838873 0.1238274447 0.1206867199 0.1783583372 0.1075506524 0.1766993750 0.1647714621 0.1793915600 0.1637462956 0.1577765251 0.1741414861 0.1445970935 0.1743924634 0.1430709432 0.1703121600 0.1664446992 0.1273107352 0.1899750862 0.2887109739 0.3097939228 0.4632916979 0.6120682586 0.8211877149 0.8037279626 0.8034473703 0.7481650534 0.5456973067 0.4343393573 0.3176325792 0.2748172830 0.1709367050 0.1342485551 0.1231441303 0.1373125221 0.1006954653 0.1686129127 0.1025100960 0.1404768647 0.0847648077 0.1857004190 0.1468796747 0.1619416529 0.1246271981 0.1293859178 0.1942862718 0.2087680207 0.1538536757 0.1526021554 0.1292392422 0.1251438035 0.1218280595 0.1422619682 0.1854412023 0.2224671874 0.2012153948 0.3346564397 0.4924351857 0.5617357927 0.7584410975 0.8718410899 0.8890921537 0.7571109812 0.6438363471 0.5000639570 0.3145370895 0.2649397008 0.1566603327 0.1605538661 0.1782886934 0.1088184846 0.1798747316 0.1363342917 0.1533631613 0.1416131512 0.2517114987 0.1534989536 0.1806440545 0.1832173050 0.1609135412 0.1482779757 0.2122892538 0.1200705599 0.1616654124 0.1265654512 0.1874484572 0.1830661529 0.1009604463 0.1343074652 0.1752369112 0.2039872153 0.2667790736 0.2693057934 0.3801058957 0.5737992383 0.7213475859 0.8527078122 0.8675981456 0.8384443922 0.6509009376 0.5265789898 0.3633482192 0.2806984888 0.2434901942 0.1688927743 0.1897942010 0.1564409573 0.1787649548 0.1936938299 0.1609060671 0.1440710898 0.1413640137 0.1637881223 0.1295199724 0.1768958480 0.1898533037 0.1682132772 0.1617935423 0.1780933377 0.1095533237 0.1629641750 0.1708054775 0.1224026172 0.1132793272 0.2079927299 0.1866357380
0.1462169019 0.1386316252 0.1494219150 0.1925189296 0.1784722168 0.1471618139 0.1517976958 0.1386496814 0.1716856649 0.1423762746 0.1510326736 0.1883202205 0.1855775509 0.2348665030 0.4445288020 0.5742174154 0.7339336284 0.8731810177 0.8559744793 0.7749100979 0.6796423330 0.4976854932 0.3279021416 0.2364004717 0.1958967863 0.1455894284 0.1453465811 0.1192182414 0.1754999050 0.1480506689 0.1245204982 0.0993723431 0.1421688615 0.0996520545 0.1964087124 0.1724397085 0.1353760671 0.1718290251 0.1650401942 0.1345247818 0.1624830458 0.1247791727 0.1045870276 0.1540293821 0.1311265848 0.1701955892 0.1715644205 0.0901295234 0.1559895925 0.2353419583 0.3401570435 0.4930947032 0.6752087423 0.8216232040 0.8968353513 0.8344066616 0.6915032160 0.5891666592 0.4086230636 0.3413566622 0.1729233819 0.1699763801 0.1444985120 0.1349797267 0.1312230090 0.1106567582 0.1729435846 0.1228544718 0.0905609133 0.1077177875 0.1636592683 0.1321662915 0.1047043075 0.1564586077 0.1507192746 0.1832486503 0.1211704566 0.1506546937 0.1983071092 0.1296315339 0.1579226805 0.1448279650 0.1517888272 0.2076208026 0.1820428751 0.2810639166 0.3244215187 0.5089587700 0.6106981205 0.7977741733 0.8640042765 0.8865511128 0.7797400771 0.6408986430 0.4754628942 0.3070827269 0.2622369092 0.1421038411 0.1568283398 0.1637974734 0.1675360630 0.0863330823 0.1609319812 0.1539147267 0.1667054501 0.0861460048 0.1675524976 0.1246948400 0.1434760560 0.1938531200 0.1284754964 0.1020319929 0.1520300058 0.1162032591 0.1264695603 0.1294409367 0.1397045149 0.1578323449 0.1837220340 0.2007624370 0.1390924713 0.2172407259 0.2964116718 0.3984482847 0.5584079204 0.7689392760 0.8320846706 0.9326416284 0.7992681949 0.6483002647 0.4618246331 0.3746008800 0.3154428919 0.1911657894 0.1409071133 0.1589516240 0.1714205320 0.1066646525 0.1689673906 0.1633586217 0.1418791502 0.1323382892 0.0793000563 0.1851731389 0.1419267520 0.1888298926 0.1634441300 0.1578572579 0.1637549840 0.1466593682 0.1792442625 0.1470670189 0.1595166476 0.1376002817 0.1400642981 0.1719350436 0.2348569737 0.2300284578 0.3089387333 0.4079360009 0.5837613901 0.7045916770 0.8658240694 0.8662679217 0.8647062451 0.7020772080 0.5585132530 0.3788908771 0.2934248177 0.2334671012 0.1930742074 0.1563079386 0.1799234006 0.2084608488 0.1854530132 0.1132644999 0.1446431153 0.2161569701 0.1515712547 0.2126497907 0.1192799783 0.1698596990 0.1635270397 0.1532105124 0.1524619639 0.1977711709 0.1731768074 0.1681279405 0.1863438437 0.1573119153 0.1663627969 0.2287315514
0.1318052567 0.1370682676 0.1594747671 0.2117724465 0.1437441779 0.1766892099 0.1302207820 0.1241616671 0.1737510925 0.1469685333 0.2205153786 0.1541898599 0.2035081434 0.2426183138 0.3832682619 0.5114575870 0.6844204082 0.8442790049 0.8443908937 0.8092972877 0.7004654259 0.5097792036 0.3584639846 0.2014748998 0.2137374353 0.1858162468 0.1565854165 0.1567994908 0.1435213303 0.1782277136 0.2040906381 0.1515163004 0.1462536930 0.1553758856 0.1119409176 0.1422061845 0.1130705237 0.1556690967 0.1171322414 0.1454873526 0.1466239656 0.1538486811 0.1865573044 0.1195279875 0.1491694793 0.1720296707 0.1605403261 0.1332028869 0.2104029353 0.2643046535 0.3756821899 0.4751116616 0.6332000822 0.8148186517 0.8368949873 0.8324540219 0.7459405618 0.5666839407 0.4030459424 0.3121298631 0.1895305654 0.1951427764 0.1738593118 0.1689594233 0.1669745247 0.1063524428 0.1254516961 0.1634970488 0.1728792872 0.1599308911 0.0876685807 0.1670755399 0.1548601760 0.1916131788 0.1333055666 0.2024515589 0.1412814712 0.1487928133 0.1592533018 0.1780208351 0.1415644561 0.1716230622 0.1691680232 0.1279746362 0.2267663414 0.2250496672 0.3041078617 0.4709186249 0.6057014977 0.7537905722 0.8876097622 0.8422069196 0.8023275581 0.6340951722 0.4674375789 0.3134022363 0.2380055786 0.1998242683 0.1560892831 0.1757852648 0.1338210885 0.2178540916 0.1767573999 0.1852772934 0.1460630049 0.1029976955 0.1483653578 0.1899767050 0.1843024454 0.1420456695 0.1519479434 0.1158489617 0.1732127748 0.1969018018 0.1881146686 0.2035054291 0.1728751720 0.1748713922 0.2239694033 0.1566118378 0.1456192267 0.2158709656 0.2960735475 0.4644861410 0.5956216546 0.7031252338 0.8652983761 0.8508599558 0.8178643877 0.6484379463 0.5712243450 0.4052130861 0.2734387001 0.2079259913 0.2244560614 0.1500251583 0.1268029862 0.1661304408 0.1721676266 0.1732825378 0.2182004951 0.2134611166 0.1807508309 0.1911612268 0.2019824018 0.1607309608 0.1468603264 0.1615313029 0.1863383943 0.1694669042 0.1756142377 0.1484973906 0.1601536867 0.1840182797 0.1968108786 0.1742038932 0.1687974538 0.1882853615 0.2548885041 0.3614146745 0.5718090972 0.6385606264 0.8289183136 0.9327118343 0.8341958105 0.7345955882 0.5626154080 0.3800003495 0.2894325391 0.2013340408 0.2223184164 0.1986449966 0.1516246257 0.1762030162 0.1591778081 0.1835764733 0.1976367410 0.1920101888 0.1454883524 0.1590607519 0.1828418693 0.1291856309 0.1758138642 0.1725464057 0.1732277254 0.1895361957 0.1741964190 0.1492301343 0.1411200172 0.1594008915 0.2226636500 0.1790529964
0.0581710618 0.1525027513 0.1606492441 0.1518525113 0.0771235097 0.1284988716 0.1720945480 0.1331894501 0.1626293172 0.1649348589 0.1113316337 0.2176350264 0.1886717317 0.2642588834 0.3294114891 0.4794702514 0.6247761696 0.8118970975 0.8499284282 0.8021262395 0.6853312023 0.5132125373 0.3608862088 0.2638571251 0.2210894405 0.1113218956 0.1865733120 0.1387884391 0.0998937287 0.1640657893 0.1796891491 0.1191977092 0.1460015534 0.1150255028 0.1319165656 0.1516595744 0.2057780346 0.1420328021 0.1224178128 0.1226850319 0.1927462188 0.1333724899 0.1909315093 0.1536999911 0.0990666973 0.1695748274 0.1714272190 0.1474919104 0.1536126685 0.2702251822 0.3385511456 0.4863421059 0.6413082848 0.7703335060 0.8260183359 0.8690076619 0.7240297870 0.5783609340 0.3679920677 0.2879549436 0.2208926413 0.2153662181 0.2146147823 0.1201903322 0.1451338485 0.1841491012 0.1684712265 0.1742925915 0.1780879002 0.1278833132 0.1707016590 0.1034210010 0.2117328137 0.1837938832 0.1568543930 0.1225302582 0.1428479209 0.1879240855 0.1493427542 0.2079716332 0.1664558865 0.1437090895 0.1418449887 0.1316113642 0.2265620489 0.2090902720 0.3323671702 0.4527498956 0.6077029259 0.7361567107 0.8945444547 0.9127102465 0.8101299048 0.6052335539 0.4755725833 0.3438117495 0.2383014939 0.1832487030 0.1480485531 0.2053695122 0.1774340872 0.1345739529 0.1028455627 0.1480142771 0.1887548224 0.1800620090 0.1068528116 0.1174333432 0.1094620359 0.1297743609 0.1689477116 0.1488395307 0.0773366096 0.1759023780 0.1484155438 0.1567402087 0.1542941332 0.1882768346 0.1345329889 0.1609443662 0.1709861833 0.2247922481 0.2047336993 0.4381402879 0.5312932291 0.7141781436 0.8400209000 0.8979559465 0.8232602138 0.6628224665 0.5541151349 0.3691552994 0.2670868348 0.2617424606 0.1740340192 0.1966721431 0.1250139582 0.1608546504 0.1343686342 0.1441311681 0.1402251558 0.1374831585 0.2174168464 0.1533207669 0.1059711035 0.1310424176 0.1633231318 0.1786515085 0.1868084750 0.1603655125 0.1247973120 0.1497744340 0.1513196009 0.1895038924 0.2175588034 0.1424800052 0.1913572116 0.2116042908 0.2630067299 0.3838509290 0.5486037197 0.6561646937 0.8435722459 0.8967168494 0.8512584196 0.7296397690 0.6261343520 0.3889301153 0.2585663775 0.2342316774 0.1932044539 0.1805796909 0.1370565667 0.1533113061 0.2119698425 0.1504705605 0.1870251706 0.1354459602 0.2196841834 0.1776926906 0.1401872983 0.2034734806 0.1869864190 0.1459010135 0.2011852243 0.2445163935 0.1886901792 0.1651336157 0.1960878851 0.1750650658 0.1691815075 0.1365687246
0.1247641433 0.1867705592 0.1276119646 0.1348527370 0.1373701155 0.1395285858 0.2183462346 0.0876225047 0.1453755385 0.1849622593 0.0768648549 0.1881731812 0.2009150620 0.2913478477 0.3122295251 0.4738463332 0.6339361777 0.7774527748 0.8643867192 0.8519875282 0.7381863035 0.5606984184 0.4304586857 0.2955278917 0.1809538674 0.1433771542 0.1904457511 0.1410689831 0.1150995339 0.1306623748 0.1391679008 0.1026440882 0.1096405479 0.1386538961 0.1472971174 0.1811454270 0.1090968680 0.1491425425 0.1550715865 0.1605765950 0.1041615652 0.1469512299 0.1734284342 0.1536817082 0.1637217048 0.1387593388 0.1841076997 0.1499746156 0.1956104425 0.2023643164 0.3577314634 0.4529567309 0.6477759780 0.7412900950 0.8426435894 0.8678791001 0.7524457089 0.6038254331 0.4658054229 0.3172057794 0.2556966646 0.1833412302 0.2027546197 0.1622771294 0.1870960175 0.1503547412 0.1243790614 0.1319705420 0.1562716177 0.1588051556 0.0993884811 0.1587598017 0.2243269440 0.1726559370 0.1913737297 0.1850507225 0.1058383918 0.1251234899 0.1117898458 0.1762942876 0.1658792567 0.1336300581 0.1684591812 0.1922159411 0.2352926328 0.1880938973 0.3531545806 0.4559812824 0.5489467919 0.7630228436 0.8462533280 0.8551249676 0.8433163843 0.5886807577 0.4768659920 0.3031888748 0.3045028929 0.2179171182 0.1561782706 0.1918241488 0.1358860635 0.2018077667 0.1827874741 0.1818502317 0.1312958845 0.1393487998 0.2043271132 0.1704843813 0.1847887899 0.1519121433 0.1374883808 0.1069608694 0.1679798746 0.1574594452 0.1486325765 0.1102881162 0.1558280127 0.1310094289 0.1651683832 0.1634154822 0.1818923897 0.1919543601 0.3348480441 0.3499344933 0.5557970165 0.7555971939 0.8549426321 0.8317764102 0.7932461780 0.6843004406 0.5689977303 0.3738322176 0.3243613123 0.2041003732 0.1733488489 0.1896033619 0.1816703395 0.1548654943 0.1683151278 0.1818029124 0.1451437971 0.1832929877 0.1741956494 0.1460302937 0.1411186005 0.1589160112 0.1739684949 0.1303006889 0.1918821087 0.1344943514 0.1520333304 0.0970498410 0.1624119863 0.0966248410 0.1836679938 0.2108506748 0.1692458711 0.1513803647 0.2992714385 0.3439046400 0.4805449589 0.6917882298 0.8002548274 0.8968739430 0.8661649537 0.7289032364 0.5744559917 0.4544745028 0.2923119409 0.2232266945 0.1979434428 0.1275897331 0.1533817884 0.2108132409 0.1660941801 0.1592412033 0.1731486630 0.1594311316 0.1037055028 0.1208229398 0.2012530926 0.1564854041 0.1757823007 0.2019485887 0.1706438886 0.1786610508 0.0945193528 0.1389485557 0.2118843539 0.1480361102 0.2129728907 0.1955124006
0.1474822995 0.1561831821 0.1846084339 0.1894806874 0.1348865099 0.1275176663 0.1298606882 0.1346584582 0.1847615475 0.1436454778 0.2282876774 0.1711790136 0.1775954015 0.2220775298 0.3725344316 0.5550521241 0.6646400354 0.7989813933 0.8623926166 0.8646903855 0.7171263236 0.5945809570 0.4365823923 0.3140058166 0.1793641164 0.2096740895 0.1866897234 0.1848770955 0.1769992488 0.1263847811 0.1391111417 0.1123488291 0.1649270683 0.1475711965 0.1472122176 0.1078701510 0.1577632203 0.1286756341 0.1041098809 0.1153948101 0.0841424124 0.0983580491 0.1743103180 0.1385657797 0.1391909778 0.1131498936 0.1421428833 0.1629146146 0.2021529639 0.2618611817 0.3467554162 0.4392621660 0.6434158034 0.7747285458 0.8795903187 0.8401868654 0.7427759749 0.6047652483 0.4681865852 0.3029135252 0.2662005583 0.2311738979 0.1450865750 0.1557466966 0.0849882112 0.1001339548 0.1896462358 0.1417269830 0.1744255338 0.1434405175 0.0827375834 0.1314505951 0.1625291825 0.1989210397 0.1994933658 0.1542742420 0.1588815529 0.0950885284 0.1356290705 0.1639265406 0.1582961587 0.1569646359 0.1404852060 0.1263277062 0.2590774985 0.2798259609 0.3397149881 0.4206450727 0.5285799397 0.7468815900 0.8320424449 0.8518179173 0.7855414481 0.6704452809 0.5340764755 0.3432705917 0.2593897509 0.2277599752 0.1610421354 0.1763452840 0.1667117016 0.1546739406 0.1665920771 0.1876162514 0.1215160924 0.1301878208 0.2316142491 0.1651123913 0.1812949861 0.1499761718 0.1615329655 0.1394137184 0.1579654864 0.1606549958 0.1745328553 0.1899749919 0.1389114689 0.2023631283 0.1677749944 0.1447714977 0.1779963450 0.1998551492 0.2802999729 0.3844077811 0.5112593763 0.6900869334 0.8488277752 0.8531091879 0.8663994715 0.7289027406 0.5587463725 0.4006111853 0.2586383090 0.2364587977 0.2330648118 0.1625213784 0.1757438666 0.1519064508 0.1655603103 0.1803879123 0.1143154628 0.1498024905 0.1338751822 0.1302860742 0.1561562253 0.1240475802 0.1812971088 0.1312574790 0.1692371844 0.2709352774 0.1442538542 0.1686884645 0.1873759519 0.1730585694 0.1978758176 0.1207709988 0.1762452383 0.1806223789 0.2302216202 0.3827325487 0.4933728392 0.6288398366 0.7661997072 0.8521674639 0.8870779348 0.7246484407 0.6300592275 0.4366389549 0.3916110900 0.2148012684 0.2252638419 0.2202594103 0.1530962130 0.1946746046 0.1408207284 0.1301162419 0.1428742581 0.1578429903 0.1572352392 0.2328598851 0.1613912971 0.1554016129 0.2133218523 0.1549109030 0.1525968536 0.1374515680 0.1840803925 0.1596422621 0.2252090628 0.1381483255 0.1560691033 0.1648708504
0.1853202020 0.1214516011 0.0691755522 0.0944245566 0.1250523414 0.0877158685 0.1383617520 0.0920556315 0.1402135553 0.1681123356 0.1411437485 0.1457113396 0.1755161376 0.1994617888 0.2983290364 0.4561601874 0.5770225114 0.8013981488 0.8855607868 0.8445101186 0.7349264819 0.5545579420 0.4585378305 0.2773445423 0.1974345347 0.2183434687 0.1081970031 0.1712551362 0.1460461980 0.1814238295 0.1529200398 0.0856911475 0.1663207208 0.1537788549 0.1070202785 0.1309063856 0.1145870085 0.1638159350 0.0971754065 0.1705805487 0.1296054103 0.1716213386 0.1483219088 0.1073123834 0.0729904721 0.1004712575 0.1783639129 0.1688564718 0.1639316038 0.3018082623 0.3245975626 0.4169255822 0.5751166031 0.7780045677 0.8566315733 0.8697679441 0.7866998179 0.6031469445 0.4809004399 0.2646550125 0.2185553125 0.1850031703 0.1584291283 0.1508710138 0.1100711919 0.1159518840 0.1638876686 0.1306365472 0.1297583014 0.1298995198 0.1303676465 0.1149133345 0.1257176834 0.1404029287 0.1514038563 0.1417322992 0.1164251021 0.1303965417 0.1814524415 0.1757221483 0.0461455757 0.1549636416 0.1623565376 0.1945430235 0.1599453446 0.2196072058 0.2773365123 0.3907996865 0.5071299431 0.7127970615 0.8839907004 0.8641900728 0.8006792278 0.7098875873 0.4766120597 0.3565280655 0.2303792661 0.2029620474 0.1939117671 0.1963689380 0.1105370843 0.1661318717 0.1962368477 0.1764776126 0.1206877856 0.0968730170 0.1201241676 0.1412661298 0.1586601910 0.1484829006 0.0829062567 0.1698727512 0.1262102571 0.1441146070 0.1683482800 0.1597756034 0.1365107701 0.1166971243 0.1584239843 0.1115194687 0.2064370209 0.2163541685 0.2619925154 0.3365851186 0.5629152631 0.6171096741 0.7786727633 0.9143214833 0.7795539579 0.6889766078 0.5449974096 0.4055620369 0.3267069473 0.2379066960 0.1303708587 0.2048595834 0.1826551547 0.1887521813 0.1518994893 0.1934837166 0.1434768341 0.2011741779 0.2109940792 0.1334850107 0.1220672194 0.1786572279 0.1427409567 0.1384863721 0.1660330669 0.1712475524 0.1581308091 0.2080531187 0.1742754096 0.1399403762 0.1439577354 0.1630573819 0.1689624087 0.1925602376 0.2416767377 0.3373067708 0.4663193417 0.5891620868 0.7584494008 0.8572499527 0.8593215362 0.7565891307 0.5467498900 0.4409060707 0.2769519168 0.2460342034 0.1666555509 0.1264494804 0.1358618380 0.1764717055 0.1920823939 0.1839306458 0.1547562406 0.1293662643 0.1600244179 0.1491546820 0.1639216772 0.1742369686 0.1708377947 0.1815949387 0.1687163321 0.1689167604 0.1580622054 0.1766692771 0.1039372742 0.2180977780 0.1935710435 0.1013776060
0.1019126593 0.1413457791 0.1232558598 0.0842166812 0.1477490746 0.1475186825 0.1141467668 0.1604838806 0.1496744975 0.1134170216 0.1214287568 0.1085576475 0.1658352174 0.2047872861 0.3130416415 0.4245408109 0.5902376182 0.7329945888 0.7988496518 0.8570085886 0.7225869845 0.5756620969 0.3805436173 0.2900562924 0.2091587262 0.1652222242 0.1024321650 0.1468362289 0.1481867708 0.1174691787 0.1161056941 0.1133230022 0.1156419176 0.1292202601 0.0938171127 0.1287529203 0.0938544337 0.1312231322 0.0978296849 0.1352099869 0.1228443318 0.1392591232 0.1498154144 0.1535905352 0.0453063294 0.1761667785 0.1352943603 0.1498971071 0.1598045749 0.1886516471 0.2651693990 0.3810887713 0.5318162350 0.7919996428 0.8656516650 0.8528938913 0.7684895629 0.6333855028 0.4486019228 0.3498216648 0.1985797677 0.1430330201 0.0874372910 0.0819562401 0.1602417986 0.0971219673 0.0935218934 0.0859622075 0.1338036156 0.1430977725 0.1168672915 0.1269816765 0.1220858941 0.1437486575 0.1386151238 0.1343201684 0.1640896295 0.1704631697 0.1013828630 0.1562564947 0.1486555912 0.1027024419 0.1303924174 0.1144436278 0.1304377394 0.2291928201 0.2884990790 0.3821887475 0.5101901985 0.6905469929 0.8583895558 0.9358506195 0.7789319310 0.5920160426 0.4902489407 0.3476013059 0.2812153337 0.1730924858 0.1699944626 0.1429461199 0.1530384202 0.1545732040 0.1204748744 0.1547794266 0.1377077548 0.1370554727 0.1453359571 0.1658212465 0.1722461271 0.1426830714 0.1517116825 0.1451851600 0.1574084494 0.1028418702 0.1261129188 0.1295139752 0.1564377271 0.1262578617 0.1740580120 0.1244800994 0.1717235462 0.1948261389 0.2528319397 0.3435986230 0.5116159251 0.6423350970 0.7641222586 0.8816255636 0.8211204897 0.7292641959 0.5663639338 0.4236872329 0.2849014098 0.2248963877 0.1714345350 0.1686409924 0.1470018859 0.1134009018 0.1196282438 0.0676927302 0.0861451953 0.1734875438 0.1890704041 0.1361361219 0.1677844038 0.1462313792 0.1886356390 0.1180343434 0.1363674229 0.1125247483 0.1210233251 0.1789342613 0.1288739214 0.1162747158 0.1549323221 0.1934985832 0.1522255998 0.2190455631 0.2445614626 0.3460369830 0.4969433327 0.5413005351 0.7610043614 0.8308623370 0.8447979575 0.7737290563 0.6451741721 0.4255109432 0.3208998275 0.2087633963 0.1852819656 0.1803098421 0.1503408154 0.1597452989 0.1878946360 0.1293982750 0.1351550497 0.1373432396 0.1529515729 0.1528857474 0.1523284861 0.0885842284 0.1323333419 0.1481450216 0.1633377786 0.1543984932 0.1228983111 0.1451142332 0.1677102329 0.1594328435 0.1483673654 0.0966776508
0.0754285505 0.1458805639 0.0842796079 0.1470558107 0.1083963539 0.1529600427 0.1445130516 0.1421504431 0.0461432466 0.1369880224 0.1663599747 0.1477646398 0.1308911368 0.2009125471 0.2605571325 0.4858559697 0.5651024982 0.7542405756 0.8182052435 0.8559798664 0.7405228858 0.5426129443 0.4169401392 0.2596445501 0.2321955969 0.1471821749 0.1114002754 0.1175620551 0.1066337496 0.1075268684 0.0927230630 0.1653959484 0.1306828104 0.1230210921 0.0946946373 0.1690074803 0.0772157455 0.1283932893 0.1244582264 0.1590107270 0.2000052025 0.1522869834 0.1131141600 0.1420747230 0.1063789203 0.1232683410 0.0896195854 0.1922558004 0.1207471854 0.1891607027 0.2518521464 0.3554857980 0.4738583511 0.6732112800 0.8112705125 0.8362340657 0.7688627792 0.5991066671 0.4587542269 0.2829268842 0.2785675775 0.2001219306 0.1789609711 0.1245235007 0.1160812804 0.0542556307 0.1188771819 0.0817891690 0.0991709474 0.1236226487 0.1328925480 0.1427286768 0.0970729255 0.0880520741 0.1584181361 0.1087695607 0.1332773040 0.1676329600 0.1933541899 0.1197812415 0.1051914662 0.2162080959 0.1630059923 0.1527353916 0.1830609932 0.1963379649 0.3011798802 0.3634745611 0.4952842387 0.6589970620 0.7713145213 0.8370619161 0.7788873813 0.6462981701 0.5378686870 0.3834660374 0.2232595110 0.2421188510 0.1909491202 0.1485331303 0.1697905401 0.1448421204 0.1279516278 0.1000281774 0.1254631066 0.1062331272 0.1481037759 0.1012614548 0.1594893846 0.0856873560 0.1624839039 0.1297192983 0.1623446319 0.1115686163 0.1001324817 0.0768318039 0.1734156546 0.1403454322 0.0959106726 0.1132296432 0.1639528373 0.1938824249 0.2258004406 0.3703408730 0.4745751996 0.6459624761 0.7933434906 0.8462712260 0.8598356648 0.7773431023 0.5487093581 0.3806130569 0.2785151737 0.2260810418 0.2023523537 0.1051713343 0.1334411702 0.1386285356 0.1183801957 0.0869446978 0.0994807433 0.1156048631 0.1421448938 0.1857530449 0.1274996869 0.0735801747 0.1377668982 0.1596630407 0.0747896913 0.1165877522 0.1199939959 0.1368853810 0.1473649225 0.1180697027 0.1290022821 0.1549500322 0.1613496401 0.1890048050 0.1897039771 0.3241152741 0.3981129172 0.6302048777 0.7685527845 0.8033279030 0.8744046472 0.7740007467 0.6497479699 0.4733911383 0.3133574235 0.2629492100 0.1641635795 0.1543368996 0.0938005299 0.1439920509 0.1194441781 0.1218865564 0.1341443518 0.1487723323 0.1209747735 0.1477515397 0.1669817215 0.1571076576 0.1551070163 0.1335066189 0.0894845463 0.1554837647 0.1224168504 0.1734093808 0.1246724806 0.1521167894 0.1028079131 0.1587695474
0.1021251050 0.1179364108 0.1321475739 0.0711520983 0.0950718892 0.1045969821 0.1312893793 0.0839575491 0.1267586344 0.1298615691 0.1327545942 0.0831936784 0.0960864271 0.1602578702 0.3218907727 0.4200163727 0.5788062691 0.7264668167 0.7852931687 0.8617619922 0.6783364072 0.5663399603 0.4058786371 0.2885220871 0.2085809974 0.1708000730 0.1613344730 0.0809701439 0.1025341356 0.1253732362 0.1630104693 0.0807048285 0.1088128523 0.0372968325 0.1109392496 0.1234902098 0.1093561087 0.1340993191 0.1939753712 0.1260169470 0.1112866330 0.1261784704 0.1535140895 0.1176079034 0.1497219695 0.1222108753 0.1418573389 0.1558365206 0.1253732498 0.1968897735 0.2467883216 0.4011510681 0.4994804913 0.7002387465 0.7627073590 0.7652516246 0.7816067663 0.6254622356 0.4975563039 0.3122492527 0.2091816772 0.1034676818 0.1454381171 0.1337179608 0.1366403926 0.1254671836 0.1429084957 0.1416510175 0.0964844072 0.0673149568 0.1253862566 0.0771492289 0.1102202476 0.1222562660 0.1112567631 0.1128867341 0.1579698235 0.1200786107 0.1423595207 0.1177518070 0.1014202703 0.1462548252 0.1568128889 0.1715830820 0.1695938568 0.2499975734 0.2531686883 0.3434928561 0.4992896031 0.6660314839 0.8276597291 0.8217279640 0.7945829199 0.6553288190 0.5120685795 0.3962754342 0.2457579381 0.2518606480 0.1403316153 0.1241034671 0.1433583767 0.1281069522 0.1587730592 0.1250840749 0.1526855729 0.1584446213 0.0970699413 0.1490610447 0.1308923634 0.0762756078 0.1446210737 0.1247453573 0.1650608696 0.0797632830 0.1107566642 0.0995037240 0.1336392614 0.1223093713 0.1117405461 0.0895354975 0.1763294075 0.1519121854 0.2213102312 0.3319309898 0.4523318585 0.5932482952 0.7380814486 0.8456438840 0.8655783943 0.7297909043 0.5785747509 0.4355325997 0.2464901514 0.1462407270 0.1118836517 0.0845655317 0.1042756037 0.1659269909 0.1470261310 0.0862693940 0.1575909883 0.1176317711 0.1307838780 0.1540111196 0.1908292109 0.1116062335 0.1459646081 0.1488199722 0.1516073580 0.1148104321 0.1014513114 0.1059592739 0.1141286585 0.1523358666 0.0725381890 0.1322680484 0.1449033903 0.1421524333 0.2120658944 0.2544205301 0.4263203981 0.5355023923 0.6822756894 0.8309535091 0.8890357247 0.7215290881 0.6898433548 0.4939396769 0.3459658954 0.2407667794 0.1867659937 0.1548130845 0.2265302950 0.1413600083 0.1547160843 0.1382184216 0.1233396666 0.1445943834 0.0852567074 0.1678423218 0.1737900093 0.1371165002 0.2091685264 0.1825486170 0.1730504639 0.1469507807 0.0983316121 0.1247838914 0.1839729147 0.1082042605 0.1139852507 0.1493997504
0.1099115239 0.0943474825 0.1307724343 0.0871612238 0.0806268897 0.1438879388 0.1469680625 0.0745102663 0.0692039791 0.0785784451 0.0794027427 0.1590433381 0.1880008351 0.1747158530 0.2977467841 0.3456850366 0.5934500044 0.7082675149 0.8337732852 0.8066494803 0.7445828732 0.6284672626 0.4345836512 0.3089304897 0.1805735766 0.1201878693 0.0735468721 0.1044560409 0.1176889497 0.0789300423 0.1225869815 0.1312863422 0.1046484328 0.0843369988 0.1354531386 0.1191532896 0.0538616974 0.0681229221 0.0924925041 0.2040104157 0.0648775527 0.0812715399 0.0817036243 0.1437099731 0.1444185493 0.1382974799 0.1275755355 0.0980641261 0.1608920857 0.2200575398 0.2798222466 0.3814541216 0.5007847483 0.6273112546 0.7557838292 0.8379042315 0.7821541395 0.6467775569 0.5679155066 0.2820877140 0.2441845883 0.1612286167 0.1901367052 0.1238993652 0.1378775602 0.1007772923 0.0800990092 0.0850071866 0.1216274061 0.1133294270 0.1226597312 0.0836516994 0.1214872164 0.1827210938 0.1565186616 0.1850059029 0.1042802682 0.1674904715 0.1562642971 0.1572161032 0.1079909466 0.1566949184 0.1103829937 0.1729316610 0.1111083434 0.2381379929 0.1675653598 0.3521255972 0.5049444014 0.5709933222 0.7822902215 0.8495882129 0.8571802506 0.6805809193 0.5303090364 0.4082675239 0.2845004303 0.1473483461 0.1330615671 0.1176478174 0.1301351145 0.1237081693 0.1319605636 0.1659218678 0.1079252359 0.1132442411 0.1022843151 0.1493863075 0.0999010387 0.1747647520 0.1262824402 0.1240624555 0.1190501508 0.1265312313 0.0957668565 0.1376676070 0.1525785493 0.1151109346 0.1007953808 0.1384031914 0.0806906952 0.1772280706 0.2186513389 0.2898934710 0.4966441699 0.5531153496 0.7629574315 0.8246350313 0.8052933210 0.7228460996 0.5814476474 0.3575031303 0.3083083606 0.1517142052 0.2064775370 0.0836339787 0.1132899642 0.1558662869 0.1499760688 0.1223106958 0.1262980649 0.1739666248 0.1550868055 0.1329381467 0.1267883963 0.1371525698 0.1474271088 0.1038812474 0.1392908379 0.1150390108 0.1157562298 0.1378546784 0.1152887528 0.1000656508 0.1280559882 0.1027768274 0.1175704212 0.1368487383 0.2334139483 0.2812745963 0.4160358094 0.5069165241 0.6602684328 0.8459733398 0.8654030357 0.7441638873 0.5865737018 0.4777545897 0.3210226581 0.2063970048 0.1574421108 0.1777700461 0.1449313765 0.1254366314 0.0956408146 0.1407473749 0.1592099300 0.1506307258 0.1504259150 0.1317643366 0.1332251599 0.1722161952 0.1041495559 0.1574719313 0.0827693223 0.1160755345 0.1444492562 0.1396497461 0.1246575856 0.1869339329 0.1305471363 0.1273176088
0.1779531730 0.0686648348 0.0577855679 0.0935153951 0.0974367341 0.1035276135 0.0866720304 0.1065143583 0.0797666990 0.1228036316 0.1333830886 0.1325482876 0.1431581925 0.1492430236 0.2364168634 0.3922599703 0.5469434966 0.6650847181 0.8130005319 0.8089740204 0.7161391125 0.6119291161 0.4688732028 0.2859831432 0.2077052952 0.1712380438 0.1262052106 0.0683271058 0.1038026849 0.1154223757 0.1744231661 0.1311409831 0.1690650843 0.0768720171 0.1131780870 0.1237769854 0.0881657910 0.1307618964 0.1512156055 0.1381245141 0.1431694809 0.1464897756 0.1005933067 0.1046344191 0.0885623827 0.1456959280 0.1885437332 0.1544451871 0.1007024439 0.1980976296 0.2245078402 0.3602793730 0.5439524970 0.6534583958 0.7843831182 0.8449640635 0.7208498593 0.6545449317 0.4702460142 0.3765037572 0.2128479237 0.1598577963 0.1359688215 0.1076639364 0.0628535072 0.0821727629 0.1620032704 0.1454759475 0.1010327410 0.1004133296 0.1223913792 0.1568944609 0.1524423392 0.1268267953 0.1461077242 0.0981565654 0.0966279607 0.0995611477 0.1668548271 0.1164663325 0.1073926336 0.1461734244 0.1146922898 0.1449274498 0.1367201956 0.1561116616 0.1952702441 0.3426109062 0.4529955645 0.6428399664 0.7812357830 0.8483646577 0.8110537827 0.7346830251 0.4899717819 0.3789962664 0.2649779503 0.2037207840 0.1500643953 0.1372416124 0.1604277242 0.1760144599 0.1092828951 0.1331310595 0.1120473489 0.0953715483 0.1278521242 0.0937171181 0.1214099458 0.0963507485 0.1451380799 0.0925870679 0.1737679432 0.1702744349 0.0924866380 0.1078952073 0.0954950420 0.1128035846 0.1242937827 0.1295243311 0.0800524197 0.1587007294 0.2401962812 0.2732893754 0.4220790081 0.5776962281 0.6901875333 0.8713963643 0.8438737972 0.7281405426 0.6164114471 0.3969549013 0.3082397655 0.2134225159 0.1611317638 0.1473957563 0.1264751956 0.1278150203 0.1404760500 0.1078122818 0.1285009088 0.1185807616 0.1790273787 0.1404635289 0.1328528217 0.0822545364 0.1360012078 0.1190425204 0.1062486106 0.1050942518 0.1331812174 0.1902475258 0.1728162675 0.1459603176 0.1382392493 0.1865478416 0.1397995839 0.1284078855 0.1980784363 0.2520360640 0.3914300643 0.5159252111 0.7042716420 0.8036687834 0.8191619072 0.8036138003 0.6378458318 0.5441070386 0.3357318818 0.2660457589 0.1762316087 0.1200541373 0.1650583467 0.1529999854 0.1030711196 0.0976640065 0.1267960782 0.1502022656 0.1882492091 0.1464346614 0.1030216096 0.1128658654 0.1343742702 0.0853845687 0.1475847954 0.1730888263 0.1432775053 0.1591387805 0.0821682351 0.1418017189 0.1516144491 0.0944448932
0.0902391891 0.1441088029 0.1638433572 0.0996446649 0.1107262854 0.0993450211 0.0904684895 0.1228507596 0.1279249656 0.1268629930 0.1196400504 0.1065919573 0.1381585700 0.1843163716 0.2509071280 0.3749536200 0.4790963502 0.6544532904 0.7783231114 0.8668123692 0.7739149867 0.5768940938 0.4506210282 0.3087690720 0.2219102740 0.1719617072 0.1542385068 0.0791977480 0.1139263091 0.1244047167 0.1052734934 0.0840401583 0.1106235026 0.0578495397 0.0735478297 0.1483446761 0.1183638582 0.1140639687 0.1129620861 0.1406369479 0.1540814966 0.0993264229 0.1244465413 0.0825056078 0.1084307495 0.1212895311 0.1064111077 0.1438546958 0.1579148887 0.1475281219 0.2204567031 0.3580521933 0.4464120124 0.6482686430 0.7971036880 0.8449747942 0.7514444847 0.6616302671 0.5199594523 0.3707037229 0.2288115938 0.2370811902 0.1095970778 0.1430887364 0.1009283317 0.1270577323 0.1436276604 0.0902530088 0.1003069242 0.1423164406 0.1405563065 0.0759535162 0.1012143949 0.1053046232 0.1430589397 0.1492198036 0.1202571745 0.1390139430 0.1543073498 0.1373359900 0.1300204379 0.1076163312 0.1360277260 0.1703608205 0.1648147604 0.1990310680 0.2270656605 0.3039258193 0.5139319401 0.6049238172 0.7240114606 0.8625266236 0.8109070791 0.7213207038 0.5497392959 0.3632838515 0.2649994700 0.1746347717 0.1866064570 0.1250558654 0.1120224125 0.1435451968 0.1216813115 0.1284452851 0.1401225435 0.0695017006 0.1592766373 0.1695698721 0.1345207894 0.1775814984 0.1374265145 0.1256742866 0.1288786356 0.0942030861 0.1171233568 0.1035898953 0.0800966726 0.1271590676 0.1278391396 0.1208971602 0.1405313803 0.1292373091 0.1726064919 0.3184543132 0.3847846238 0.5790897156 0.7085278689 0.8138146479 0.8577674288 0.8019993975 0.6374237287 0.4959827328 0.3280874396 0.2329131739 0.2133355459 0.1316703580 0.1683022189 0.1100586792 0.1109938199 0.1157234564 0.1713453594 0.1249559933 0.1400247779 0.1071080368 0.1094339794 0.0817616666 0.1066936201 0.1413985091 0.1278860461 0.1109540781 0.1375326433 0.1151571561 0.1292317658 0.1580309704 0.0896939940 0.1191111260 0.1058996226 0.1384275947 0.1891629127 0.2584201056 0.3755229141 0.5857505770 0.6654789209 0.8059172683 0.8717299543 0.7812031391 0.5970136747 0.4592999264 0.3298815892 0.2289142681 0.2032120635 0.1694635911 0.1197625624 0.1249197499 0.1712678437 0.0967314495 0.1440616156 0.1407967579 0.1785381845 0.1820979279 0.1599193548 0.1060828060 0.1191764860 0.0902545737 0.1431963129 0.1580982660 0.1136532909 0.1067018877 0.1154098339 0.1070056184 0.1408269344 0.1302499689
0.1145685493 0.1127203843 0.1700424802 0.0536169254 0.1080586356 0.1017294401 0.1543354771 0.0762813250 0.1338349228 0.1342693322 0.1457685436 0.1567277956 0.1479617316 0.2149426452 0.2519679083 0.4025410917 0.5363675459 0.6524670155 0.8398022863 0.8650990296 0.7499809453 0.6206063504 0.4700605398 0.3275487209 0.2478309541 0.1761613892 0.1725932798 0.1313776789 0.0921517454 0.1603213303 0.1277070147 0.1261779716 0.1566288731 0.1327299558 0.1760863412 0.1045491638 0.1351727165 0.0955472454 0.1043355152 0.0778852318 0.0864703131 0.1557346234 0.1388246030 0.0778369996 0.0959862293 0.1206974871 0.1568725327 0.1370760347 0.1215971535 0.1064092724 0.2545437776 0.3227460925 0.4624253632 0.6337336501 0.7517091330 0.8168807988 0.8228061362 0.7633322608 0.5465856124 0.3750416806 0.2762231987 0.1928047878 0.0802665288 0.1070121484 0.1228146892 0.1546606477 0.1592626673 0.0386524188 0.1413309775 0.1611281910 0.1329570021 0.1364883572 0.1083676343 0.1081473747 0.1567435264 0.1701545798 0.1236163161 0.1614777991 0.1832014588 0.0489683622 0.1451170211 0.0711378700 0.1499466062 0.1500157065 0.0895861487 0.1144803111 0.2691145351 0.2803553163 0.3967945471 0.5629055589 0.7595400857 0.8386334966 0.8363296475 0.6841138529 0.6118702837 0.4152902172 0.2463429053 0.2427262389 0.1538728626 0.1113196426 0.1676141609 0.0628497975 0.1314739367 0.1046260990 0.0889597501 0.1155501242 0.1053982334 0.1380097629 0.1572233162 0.1156611992 0.1062303221 0.1676369095 0.0729581461 0.1478715488 0.0897272492 0.1555913552 0.0663012567 0.1531605674 0.1315638400 0.1449598861 0.1091075479 0.1474566564 0.1805652251 0.2395987991 0.3631688182 0.5305156368 0.6741833539 0.8190765452 0.8343061823 0.7799309948 0.6175784412 0.4534603170 0.3075342661 0.2153003160 0.2377595543 0.1583297468 0.1548835683 0.1373489087 0.1726416873 0.1207314410 0.1520479542 0.0988418856 0.1117580774 0.1419504328 0.1363982382 0.1193101647 0.1178106560 0.1264157211 0.1355004759 0.1286015448 0.1034483338 0.1399486357 0.1432750233 0.1508469046 0.1121805629 0.1592222842 0.1875461972 0.1172877739 0.1958985102 0.2365122879 0.3519893686 0.5094562295 0.6646346392 0.7690628438 0.8512768761 0.8208943302 0.7103283899 0.4704893611 0.3890983781 0.3025256119 0.2288615600 0.1786192772 0.1395636831 0.1002702350 0.1440666284 0.1455616475 0.1460868472 0.1304070168 0.1340621880 0.1244137909 0.2385334193 0.1187616456 0.1122243387 0.1618905012 0.1425725550 0.1294737532 0.1469611074 0.1219163925 0.1377543253 0.1836441528 0.1464185551 0.1519365065
0.0959550945 0.1251582071 0.1169144136 0.1258786720 0.1554123097 0.1326673755 0.0824062304 0.1538832345 0.0983054051 0.1800565589 0.1628653152 0.1136626923 0.1029202685 0.2010011614 0.2693599659 0.3514498409 0.5446936134 0.6651053835 0.7890925980 0.8479109777 0.8281213520 0.6004668531 0.5008911226 0.3313002062 0.1860556256 0.1825118649 0.1279505690 0.1390099428 0.1081209513 0.1010177754 0.0884093450 0.1059880063 0.1521256378 0.0819240346 0.1344542779 0.1365888451 0.1927001347 0.1616516845 0.1349961691 0.1127912846 0.1581866177 0.1607625315 0.0894696317 0.0922104159 0.1037051577 0.1508632284 0.1163253355 0.1658846204 0.1501473817 0.2082287601 0.2172546771 0.3678158892 0.4312530785 0.6155242680 0.8025899230 0.8629957840 0.8491728300 0.6997726353 0.5143601447 0.4001233420 0.2067843661 0.2229926536 0.1609473289 0.1420560238 0.1591809281 0.1552456284 0.1115541937 0.1393158971 0.1348210801 0.1741659638 0.1083718990 0.1462263117 0.1633847907 0.0976407942 0.1076160912 0.1072172105 0.1262782739 0.1089474902 0.1674240351 0.1312835772 0.1464307640 0.0863705639 0.1213734158 0.1303455944 0.1692658665 0.1767856496 0.2118158329 0.2933378259 0.4078602546 0.6126133021 0.8000814132 0.9036953456 0.8906153757 0.7724995676 0.6057125608 0.3998647499 0.2904285842 0.2130409990 0.1787327918 0.1786504964 0.1643729754 0.1279544337 0.1126127978 0.1659799360 0.1620972154 0.1616326578 0.0966303849 0.1210073424 0.1275807344 0.1432623541 0.1381835519 0.1844590446 0.1378539266 0.1501858019 0.0707065531 0.1221146509 0.1629904233 0.1329844905 0.1063378094 0.1549140798 0.0942974665 0.1722080777 0.1909136601 0.2256361182 0.3672038152 0.5658518757 0.7514241962 0.7925626089 0.8822779195 0.7676607796 0.6532364065 0.4860615624 0.3391199227 0.2527663437 0.1990331995 0.1599280643 0.0906606512 0.1267217678 0.1695113258 0.1242667437 0.1572005506 0.1743056545 0.1982573274 0.1248428658 0.1164142864 0.1662602397 0.1012895958 0.2122020624 0.1333175313 0.1733083874 0.1521695974 0.1564733752 0.1711742478 0.1503428461 0.1278512860 0.1793629351 0.1387667106 0.1530306203 0.2135161215 0.2031362987 0.3678479960 0.4614719928 0.6384049801 0.7998465133 0.8571584490 0.8183305722 0.7243130954 0.5275099063 0.3944230819 0.2577341856 0.2342659725 0.1608482543 0.1746641401 0.1770697003 0.0877906415 0.1677555917 0.1728394844 0.1590786439 0.1685426704 0.1352388283 0.1473071484 0.1287044291 0.1203247446 0.1045389593 0.1764385542 0.1628378214 0.1938915910 0.1588026114 0.1589129536 0.1623848981 0.1478421823 0.1237103177
0.1368344424 0.1467367843 0.1180743851 0.1184602717 0.0784068037 0.1147762975 0.1227260871 0.1449216761 0.1688111183 0.1299992976 0.1588673998 0.1395594731 0.1834735390 0.1463356843 0.2252049134 0.3751831171 0.4651503113 0.6762706127 0.8478902890 0.8503711500 0.8276379484 0.6921817438 0.5585065729 0.3477603542 0.2584897580 0.1793284342 0.1371058755 0.1641420851 0.1495390876 0.1040181570 0.1403326177 0.1603903687 0.1509962195 0.1799305680 0.0916549741 0.1747956095 0.1483405571 0.1171999150 0.1464873923 0.1577451416 0.1274123881 0.1991487073 0.1366656963 0.1521103445 0.1423529897 0.1430188205 0.1394672263 0.1936851486 0.1786911695 0.1557368035 0.1814149172 0.3092707996 0.4802347016 0.6249994380 0.7977436565 0.8916756358 0.8559420081 0.7393226251 0.5889565566 0.3886511806 0.2977221259 0.1892476262 0.2055670209 0.1571484018 0.1221603062 0.1116030760 0.1304016980 0.1377984016 0.1328350147 0.2148326969 0.1370614535 0.1455280881 0.1079826136 0.1756241644 0.0977119820 0.1085929506 0.1610766114 0.1419554094 0.1556164961 0.1363906297 0.1534468312 0.2180917240 0.1526228699 0.1371316140 0.1826632145 0.1558503250 0.2435778135 0.2681517439 0.4437236291 0.5757139648 0.7522898849 0.8224920807 0.8694092959 0.7241211644 0.6214277335 0.4550906239 0.3152802048 0.1990350854 0.1926780154 0.1559186352 0.1654737784 0.1326079134 0.1579694360 0.1256784585 0.1342491855 0.1468220567 0.1672696923 0.1143143725 0.1582819235 0.1239685109 0.1663151729 0.1253455445 0.1105519488 0.1278824053 0.1800581642 0.2200230520 0.1499678160 0.1696324279 0.1952578827 0.1475899995 0.1047809824 0.1809308988 0.1444334466 0.2782381233 0.3725686826 0.5610907922 0.7064923840 0.7819739024 0.8786577959 0.7497633808 0.7246044465 0.4903483128 0.3390679234 0.2185196667 0.2062693747 0.1852868900 0.1240514046 0.1718604620 0.1488642119 0.1178831164 0.1904934672 0.1505623034 0.1204897240 0.1223170593 0.1722999916 0.1304756360 0.1709370927 0.1031517646 0.1388288904 0.1752151127 0.1327423403 0.1784547307 0.1298137843 0.1464397703 0.1603223261 0.1679308294 0.1529472928 0.1388549357 0.2164907072 0.2851491454 0.3316928975 0.5556005586 0.6125954933 0.7610045059 0.8674183401 0.7960037920 0.7398379585 0.5753905555 0.3543893530 0.2808175382 0.1728072250 0.1374367313 0.1701000612 0.1643799058 0.1755860300 0.1487465957 0.1880586216 0.2023364987 0.1365016579 0.1516053280 0.1508604699 0.1427787747 0.1431196602 0.1192382312 0.1264726851 0.1492182291 0.1227103821 0.1134233703 0.1590766245 0.1685441214 0.1295312856 0.1814870547
0.1827760937 0.1316893288 0.1426864839 0.1081355862 0.0922324023 0.1306615683 0.1765521107 0.1620215844 0.1528818723 0.1178430426 0.1801335709 0.1731030068 0.1631961615 0.1883207204 0.2407591873 0.3314690160 0.4811510161 0.6117456938 0.8202730473 0.7945161715 0.8264969604 0.6877383171 0.5550864277 0.4396343411 0.2616017641 0.1729283984 0.1952534033 0.1435747484 0.1933730629 0.2033152352 0.1282829124 0.1718439722 0.1137173941 0.1206697515 0.1694870945 0.1070669897 0.1490261551 0.1749490587 0.1172428930 0.1735741818 0.1705816990 0.0981396733 0.1405765578 0.1446540875 0.1401237537 0.1745687076 0.1279227836 0.1274967906 0.1063490132 0.1840249109 0.2243877171 0.3359737628 0.5331944289 0.6468505831 0.7793487167 0.7962979519 0.8264368713 0.7423148338 0.5782218113 0.4057281896 0.3141510104 0.2402747703 0.1846952860 0.1784309030 0.1980244941 0.1458659321 0.1660932402 0.1298697949 0.1508833933 0.1875824641 0.0888259680 0.1831486061 0.2166623121 0.1578752094 0.1534754349 0.1552498728 0.1304505834 0.1802973071 0.1218416160 0.1098825127 0.1344891487 0.0857682635 0.1002554900 0.0865407384 0.1515893260 0.1923589595 0.2106217529 0.2691212502 0.4426843654 0.5660432795 0.7072379466 0.7993292706 0.8571899264 0.7738843568 0.6190578228 0.4784691768 0.3959341722 0.2043360902 0.2054634318 0.1838673681 0.1766230174 0.0986082559 0.1611422389 0.1496042451 0.1218078755 0.1849102463 0.0957411167 0.1652893357 0.1638132221 0.1190303570 0.1683615122 0.1189121136 0.1372107256 0.1141429717 0.1292808137 0.1411205382 0.1649220337 0.1689658874 0.1448121850 0.1463573393 0.1528495731 0.1830099372 0.2521196486 0.2848505217 0.3760696845 0.4919674039 0.6334168410 0.8140420661 0.8702640131 0.8323395780 0.7100844592 0.5252327062 0.3551819440 0.2161480286 0.2376363999 0.1761069802 0.1734518129 0.1725749939 0.0904703734 0.2012701278 0.1942240315 0.1286499173 0.1211075750 0.0827469639 0.1055268995 0.0975422989 0.1666904161 0.1701610853 0.1458850367 0.1228494266 0.1628681852 0.1692843411 0.1652599255 0.1902626839 0.1642953556 0.1776321652 0.1837976594 0.1423637180 0.2284893809 0.2521841895 0.3034354801 0.5185838187 0.6258479416 0.7467007284 0.9024664987 0.8441365400 0.7396068052 0.5873658120 0.4846406266 0.3111554893 0.2810447397 0.2408128797 0.1683134304 0.1491755888 0.1586208372 0.1423118022 0.1228133694 0.1498076509 0.1558178594 0.1292113784 0.1649139842 0.1316585157 0.1478757509 0.0578609747 0.1609549196 0.1770086018 0.1299148447 0.1586963891 0.1606938748 0.1140815025 0.1592038473 0.1733584771
0.1280966124 0.1737105141 0.1233226358 0.1126799195 0.0800924677 0.1604020374 0.1584485759 0.1491058127 0.1393659481 0.1517139461 0.1582223850 0.1897635986 0.2174964507 0.2003067726 0.2065513306 0.3797595188 0.4387234430 0.6465813755 0.7692455340 0.9006917313 0.8268127098 0.6848577538 0.5301328053 0.3989119313 0.2878862914 0.2288718840 0.1650195227 0.1071964613 0.1413124267 0.1431562618 0.1654623506 0.1461194029 0.0638248856 0.1632588001 0.1644266543 0.1634374949 0.1154443050 0.1679557825 0.1294067880 0.1078774627 0.1019131166 0.1697450055 0.1483783823 0.2028478827 0.1974267546 0.2164537378 0.0923104289 0.1350094086 0.1631154390 0.1874422217 0.1983656326 0.3219967046 0.4168463619 0.6333194217 0.8071449634 0.8440596229 0.8295565188 0.7701657511 0.6007842187 0.4502517057 0.2894046594 0.2765093304 0.1795861898 0.1206248025 0.1287899519 0.1144677901 0.1782021601 0.1622515544 0.1824506087 0.1263215999 0.1620495556 0.1127700492 0.1247994222 0.1505378164 0.1313806783 0.1147706562 0.1772945127 0.1233616003 0.1619441042 0.1408610340 0.1839256002 0.1937526112 0.1274417784 0.1844279072 0.1497405277 0.1634385315 0.1718537692 0.2358396737 0.4061852283 0.6404937619 0.7158998673 0.8509050097 0.9251184312 0.7885106165 0.6800466013 0.4259926515 0.3437170110 0.2381141602 0.1704599011 0.1538223472 0.2214381521 0.1550098344 0.1701898411 0.1741822469 0.1461118610 0.1508495549 0.1296013083 0.1454919307 0.1267125288 0.1868051535 0.1099718561 0.1589180094 0.1626306360 0.1853841351 0.1788619105 0.1794916660 0.1811853590 0.1767960073 0.1673785174 0.1256920539 0.1541507458 0.1392659243 0.1913749179 0.3210639494 0.3672917642 0.4725348877 0.6928790981 0.8182975575 0.8819717507 0.7975528989 0.7421318807 0.5460777509 0.3792703901 0.2917879514 0.2288672092 0.2076003878 0.2007939598 0.1342499862 0.1451890519 0.0889226005 0.1439941613 0.1764841178 0.1431171286 0.1409603804 0.1469743019 0.1421201223 0.1141728532 0.1553850993 0.1109675529 0.1759331536 0.1574272387 0.1833693711 0.1437320169 0.1770566484 0.1961611335 0.1925218989 0.1494737136 0.1160222115 0.2071064325 0.2306927165 0.3091288626 0.4669004205 0.6946521455 0.7992671711 0.8641166197 0.8624504327 0.7922682137 0.6029420843 0.4364680289 0.3351460634 0.2514044908 0.2264396052 0.2029727290 0.1481684393 0.1683384500 0.1526955471 0.1695103991 0.1601379939 0.1458961076 0.2009285694 0.1704447488 0.1800695070 0.1645815888 0.1642239197 0.1587184320 0.1364463704 0.2242417895 0.1849131346 0.1384706060 0.1777930447 0.1567496829 0.1360295982
0.1399934613 0.1331810962 0.1690981842 0.1660885964 0.1752579027 0.1788115567 0.1205641871 0.2041625939 0.1652668882 0.1259565923 0.2125302393 0.1774876389 0.1773161994 0.2757142361 0.2241914560 0.3140143400 0.5322001365 0.5808826649 0.8033192489 0.8857045170 0.8673129650 0.7267705661 0.6138187001 0.4337811432 0.2920015827 0.2179361388 0.2365938930 0.1822013212 0.1866417960 0.1315507417 0.1449040296 0.1825417989 0.1362631883 0.1787072010 0.1830473990 0.1485536675 0.1893327676 0.1690840066 0.1633395787 0.1384652753 0.1287664243 0.1481569951 0.1535763882 0.1420174426 0.1553216666 0.1620732579 0.1380792582 0.1629623997 0.2455371956 0.2255049656 0.2402242035 0.2993766984 0.4938152609 0.6301859126 0.7277142106 0.8251545417 0.8606077796 0.7402896128 0.6433208440 0.4450797527 0.3223914525 0.2692018622 0.1883823444 0.1704366930 0.1162534833 0.1312976800 0.1669816766 0.1505081102 0.1763567100 0.1792189495 0.1112498086 0.1383303540 0.1326679884 0.2018190507 0.1571294363 0.1131183020 0.2022901494 0.1513719210 0.1900271626 0.1820501032 0.1618980667 0.2003507974 0.1636925805 0.1295255780 0.1793825514 0.1551331996 0.2204438113 0.3017062830 0.3924616796 0.5758262612 0.6523613844 0.8774125710 0.8543612093 0.8145653320 0.6383965119 0.5284090488 0.3598609708 0.2353028572 0.1824393466 0.2198609322 0.1357457854 0.1652245778 0.1753063370 0.1411204909 0.1177764315 0.1655147543 0.1564535838 0.1137555636 0.1507381595 0.1676956937 0.1235868357 0.1816107059 0.1485951278 0.1633831144 0.1983086898 0.1816006408 0.1498151795 0.1460668472 0.1640472024 0.1437337571 0.0852949530 0.1512795515 0.2608693619 0.2610590017 0.3744130649 0.5515092111 0.6348838081 0.8022680041 0.8873602229 0.8748564147 0.6985920189 0.6050871141 0.3544715813 0.2938568955 0.1698391395 0.1906482176 0.1731884874 0.2021245072 0.1479516224 0.1783892291 0.1714859404 0.1630536089 0.1765242740 0.1735464090 0.1891920488 0.1600230550 0.1862785399 0.1815876545 0.1983302527 0.1769246705 0.1617541948 0.1890702218 0.1696284396 0.1921882758 0.1640270311 0.1600864258 0.2049162453 0.1790741013 0.2036542249 0.2950834098 0.3565874338 0.4576222978 0.6678354428 0.7805200551 0.8888944522 0.8732442343 0.7810987638 0.5993242183 0.4855130890 0.3138560099 0.2676677955 0.1888812510 0.2052867467 0.1533883822 0.2239338488 0.1265072107 0.1996812884 0.1312099592 0.1603322125 0.1701987815 0.1524866370 0.1511755662 0.1187933208 0.2161116055 0.1535269138 0.1409616628 0.1770737602 0.2067645378 0.1760288681 0.1614020116 0.1794066477 0.1797369776
0.1585189255 0.1460787070 0.1064967320 0.1492673926 0.0798261801 0.1361782934 0.1737464967 0.1758146733 0.1278976746 0.1063531559 0.1278398769 0.2038018852 0.1523686449 0.2043757771 0.2795703789 0.2794334459 0.4955055595 0.6561649444 0.7462750029 0.8421856669 0.8319256062 0.7299184974 0.5560998646 0.4323321767 0.3077130365 0.2369134811 0.1842557260 0.1622370018 0.1412435661 0.1582956836 0.1699533033 0.1507859002 0.1082252520 0.1195606819 0.1205431743 0.1536429920 0.1302166580 0.1719757631 0.2116997986 0.1371548927 0.1474067793 0.2146650705 0.1589600186 0.1713139411 0.1414331936 0.1628755015 0.1903821320 0.1647907280 0.1626337863 0.1386735971 0.2314386108 0.3463353623 0.4447254836 0.5878542359 0.7279536129 0.8825701587 0.8581640328 0.7979985892 0.6797613291 0.5037263309 0.3690894268 0.2519113672 0.2030758387 0.1796842062 0.1398129514 0.1421931009 0.1953210520 0.1229406009 0.1241784463 0.1516376946 0.1377577545 0.1858337926 0.1608386844 0.1611736717 0.1417872017 0.1745739324 0.0946377009 0.1713716135 0.1424084812 0.2042625902 0.1431173787 0.1689608343 0.1944199679 0.1694173264 0.1585208034 0.2009735824 0.2292081544 0.2902090061 0.3977849262 0.5433303312 0.7279386115 0.8781281735 0.8679798110 0.8043514237 0.6903033937 0.5163706801 0.4195553910 0.2724793503 0.2327272883 0.2044504599 0.1420080535 0.1814229983 0.1828007008 0.1818306579 0.1743743653 0.1688176379 0.1389051689 0.1834309921 0.1903059807 0.1807033845 0.1749487364 0.1168637309 0.1885818993 0.1536100726 0.1616275505 0.1566750784 0.1618532502 0.1868626246 0.1984985590 0.1658850421 0.2222565763 0.1355845506 0.2108680335 0.2408466738 0.3656680380 0.4982943612 0.6968756827 0.7732509665 0.8873215505 0.8543032661 0.7869390279 0.5681995951 0.4169864354 0.2865098089 0.2145179984 0.1971806510 0.1748756050 0.1815913912 0.1526776573 0.1883323632 0.1360367243 0.1389023922 0.1657772132 0.1589067585 0.1185487196 0.1644719114 0.1477041736 0.1487476475 0.1797893518 0.2230287686 0.1273537703 0.1503395465 0.1731975341 0.2119333013 0.1487868062 0.1634242139 0.1675239698 0.1881742250 0.2485509842 0.2681722923 0.3212243537 0.4532151486 0.6112096283 0.7958557239 0.8715915820 0.8540678472 0.8033131254 0.6354890454 0.4608452698 0.3841349049 0.2471289752 0.2257116241 0.1754008037 0.1481773823 0.1949239381 0.2090646862 0.1674869576 0.1688749346 0.1744426394 0.1301116523 0.1541556641 0.1886556219 0.1717621426 0.1141232913 0.1947676382 0.1756591145 0.1504014284 0.1755462848 0.1861617102 0.1725269994 0.2047055277 0.1593332258
0.1731531604 0.1714605910 0.1173202481 0.2024302782 0.1614727061 0.1964459294 0.1763149106 0.1008813880 0.0679747109 0.1456530956 0.1686463264 0.1422595847 0.1845686102 0.1682573209 0.2188122018 0.2986132902 0.4413845790 0.6002016761 0.7602086405 0.8822404745 0.8442647516 0.7567725892 0.5852712979 0.4209809411 0.3267564326 0.2261458682 0.1822276304 0.1101169407 0.2201232672 0.1603573891 0.1306426584 0.1512074053 0.1538973698 0.1983010373 0.1099166404 0.1324353754 0.1887913324 0.1619632968 0.2085219373 0.1608219965 0.1585174633 0.1375131637 0.1203023644 0.1584893978 0.1293349826 0.1695253327 0.1536530370 0.1343547751 0.1819214551 0.1648198064 0.1753357554 0.3006559911 0.4248005974 0.5916860034 0.7460222758 0.8520671808 0.8787713188 0.7881426221 0.6965792157 0.4748068433 0.3243113102 0.2511100686 0.2172803603 0.1583626990 0.1849034655 0.1749945887 0.1619889051 0.1447689883 0.1876380163 0.1439642161 0.1622658032 0.1707282796 0.1526479458 0.1663811891 0.1054161937 0.1868018313 0.1200499230 0.1514393820 0.1319563596 0.2193770347 0.1343935427 0.1763929311 0.1276950016 0.1636012820 0.1545370875 0.1517778046 0.2045920971 0.2918524652 0.4192888655 0.4793931121 0.7366882005 0.8477466628 0.9099438111 0.8298353688 0.6859436966 0.5464089639 0.3869392962 0.2494525019 0.2027922925 0.2013512428 0.1301082156 0.2272466108 0.1164279050 0.1573009272 0.2008454720 0.1717766526 0.1328925686 0.1613958149 0.1468539667 0.1279257524 0.1208637915 0.1675788200 0.1478347742 0.1765977038 0.1175433048 0.1772165043 0.1615802970 0.1343921053 0.1835011166 0.1968639733 0.1431912689 0.1831481894 0.1229472965 0.2841548035 0.3006297577 0.5481928610 0.7219056574 0.8356205910 0.8859419060 0.8555700337 0.7693876137 0.6190175466 0.3770210768 0.2936531044 0.2167054248 0.1891239430 0.2189386261 0.1562499376 0.1806423969 0.2214478344 0.2026155640 0.1861636866 0.1962000826 0.1173895778 0.1791163216 0.1208366235 0.1500234431 0.2036886842 0.1670334081 0.1390551691 0.1785996464 0.1378399980 0.1706712180 0.1583654856 0.2083574109 0.1929495604 0.1759181935 0.1784618291 0.2186792957 0.1920951887 0.3791935847 0.4625167293 0.5813803978 0.7865039983 0.8535890892 0.8751890839 0.7972948487 0.6632562653 0.4494612854 0.3187613248 0.2808278960 0.2499439541 0.1931683840 0.1931611850 0.1528198221 0.1661004215 0.1874012477 0.1366448091 0.1395445325 0.1361692309 0.1667678819 0.1738890440 0.1580402523 0.1676914186 0.1794901957 0.1895130346 0.1857147462 0.1287717046 0.1720480923 0.2063941436 0.1705194986 0.1743587999
0.1229841723 0.1108769192 0.1548668862 0.0811559627 0.1157459572 0.1539546761 0.1331101739 0.1767441064 0.1717496522 0.1330441067 0.1342875329 0.1911258177 0.1605403060 0.2391364910 0.2070425087 0.3461133712 0.4775633742 0.5801540497 0.7588855454 0.8300089661 0.8687422921 0.8135439977 0.6486127294 0.4623340085 0.2803034739 0.2366021352 0.1914638336 0.2147617587 0.1450105704 0.1377471412 0.1747297835 0.1166004801 0.1030217688 0.1661801037 0.1329763102 0.1289642124 0.1294211648 0.1474249203 0.1239704360 0.2043201436 0.1067602260 0.1708043105 0.1633934908 0.1604099097 0.1526947196 0.1198847020 0.1630215901 0.1516755805 0.1567319381 0.1590010266 0.1973191809 0.3127816155 0.3398106381 0.5908453267 0.6850756919 0.8428551252 0.9146764902 0.8108954735 0.6988632273 0.5623339200 0.2781945682 0.2884797664 0.2324261912 0.1907113945 0.1578073168 0.2013651055 0.1827973403 0.1363903988 0.1105210217 0.0892945108 0.1928453360 0.1670075003 0.1363952655 0.1746027125 0.2130222059 0.1619780116 0.1921552023 0.1323850856 0.1005530931 0.1870918673 0.1463697883 0.2083266544 0.2231019675 0.1775330458 0.1723321497 0.1882756603 0.1659702519 0.2760571900 0.3450826022 0.4976191809 0.6699229129 0.8620808445 0.8688473825 0.8483158772 0.7111816608 0.5802981733 0.3766909856 0.2867488154 0.2088989827 0.2179488616 0.1567189520 0.1514030797 0.1470547985 0.1406033812 0.1137940176 0.1681573374 0.1676788747 0.1624508069 0.0924565905 0.1551822531 0.2042542640 0.1319945104 0.2133040019 0.1082303370 0.1530083595 0.1777309908 0.1453188425 0.0958087229 0.1925250453 0.1855013047 0.1517565317 0.1304753195 0.1955892496 0.2276220394 0.3241573781 0.4597929668 0.6638707898 0.7373922033 0.8729182762 0.8702798137 0.7608653518 0.5650852724 0.4499437071 0.3295937466 0.2124542621 0.2040935991 0.1126527069 0.2083598035 0.1708782655 0.1638153295 0.2171017600 0.1637855060 0.1831792834 0.1617769988 0.2127932458 0.1481779930 0.1228790141 0.1400840924 0.1693468088 0.1618050231 0.2111387946 0.1755232269 0.1639778047 0.1671587346 0.1224878098 0.1467892284 0.2351432672 0.1535333488 0.2034322666 0.2230741410 0.3233478292 0.4200250016 0.6414379297 0.7380792363 0.8414263525 0.8598900802 0.8129036416 0.6464786681 0.5148103260 0.3697905186 0.2735567756 0.2231667817 0.1498199305 0.1867004717 0.2132247125 0.1852043051 0.1803856559 0.1882304778 0.1551187794 0.2268236762 0.1821102621 0.1454085774 0.1824160503 0.1685384863 0.1350637800 0.1615633975 0.1900833251 0.1451611318 0.1711175996 0.2184300047 0.1172394645 0.1843268604
0.1769663910 0.1687632805 0.0975871514 0.1429488613 0.1619950736 0.1256312131 0.0993765958 0.1103813775 0.1490035564 0.1062670907 0.2068516522 0.1391058587 0.1302590398 0.1520758069 0.2312405541 0.2798541816 0.3885256887 0.6052594229 0.7820831743 0.8350533951 0.8974303375 0.7545236599 0.6692526465 0.4418892165 0.3421180194 0.2143728832 0.1958030186 0.1225704516 0.0970884234 0.1674846361 0.1203218380 0.1113094805 0.1143051623 0.0787305829 0.1101536513 0.1177594974 0.1719299826 0.1246127469 0.1816672165 0.1439294488 0.1108333452 0.1496221542 0.1611129606 0.1169920401 0.1229637875 0.0944613175 0.1894910502 0.1502205460 0.1595285852 0.1950937553 0.2700183273 0.2531583532 0.3780229508 0.5185731238 0.6839982703 0.8112636240 0.8813032925 0.8181432623 0.6501168306 0.5211909312 0.3501548357 0.2959173251 0.2319063554 0.1953899347 0.1402165003 0.1538394925 0.1093943016 0.1419677029 0.1749313505 0.1109585753 0.1320592100 0.1397892686 0.1766418517 0.1452768722 0.1694757188 0.1266916518 0.1883240792 0.1761440442 0.1610407253 0.0999374179 0.1739090886 0.1343666545 0.1603371563 0.1677198234 0.1652278339 0.2144170189 0.2339649664 0.2737178631 0.3562826955 0.5348235114 0.7037099973 0.8286219449 0.8484216027 0.8382459035 0.7218388365 0.5821677075 0.4478742572 0.2569216079 0.2290568208 0.1833630497 0.1739936434 0.1370121692 0.2010265171 0.1624687038 0.1247031352 0.1154869266 0.1403237421 0.1308834262 0.1393511746 0.1216194766 0.1532830661 0.1526727486 0.1615319655 0.1663371240 0.1740153224 0.1481618469 0.1609612169 0.1840515432 0.1739029290 0.2117390364 0.1767517732 0.1382086327 0.2138722754 0.2440123445 0.2951874101 0.5359949928 0.6374119234 0.6872019279 0.8507212669 0.8709553242 0.7205276737 0.6325130228 0.4363355511 0.3409388112 0.1970891266 0.1585904875 0.1587284594 0.1450514941 0.2157494406 0.1470757351 0.1664276084 0.1774371269 0.1572549126 0.1942310818 0.1270915752 0.1425093863 0.1849650578 0.1637585827 0.1826358833 0.1517946275 0.1131693802 0.1646590267 0.1754471834 0.2271824316 0.1772617716 0.1551319194 0.1571173843 0.1825678383 0.1561662849 0.2484086883 0.2906801988 0.4078165038 0.6013196467 0.7532026797 0.8344926452 0.8423339591 0.8198450603 0.6712915632 0.4911260301 0.3260721837 0.2950158368 0.1890930443 0.1959446225 0.1717245406 0.2057269843 0.1445043487 0.1765407389 0.1573341856 0.1364295660 0.1688671566 0.1911856656 0.1918197109 0.1636219314 0.1831250585 0.1629726552 0.1747796765 0.1610475899 0.2073814009 0.1677880708 0.2324568768 0.1886974229 0.2099790566
0.1292206269 0.1294942757 0.1261009946 0.1262430298 0.1413828929 0.0780683772 0.1634425108 0.1233906923 0.1229958620 0.1379684053 0.1187443192 0.1490696426 0.1651832780 0.1814573806 0.2231662428 0.2568657801 0.4220961089 0.5265710218 0.7358823390 0.8486596500 0.8655094473 0.7940864279 0.6410613796 0.4851805440 0.3864532770 0.2691490305 0.2049031103 0.1037236534 0.1707584288 0.1253030003 0.1240437411 0.1595039716 0.1661298360 0.1385902002 0.1490929144 0.1387522369 0.1912970530 0.2142240768 0.1757878943 0.1428614466 0.1773563630 0.1133886455 0.1959667394 0.1401925795 0.1257275870 0.1444272135 0.1249127719 0.1320449949 0.1215248670 0.1445969593 0.1927258552 0.2773317615 0.3930056728 0.5003941633 0.6824159364 0.7932464113 0.8599406908 0.8069376233 0.6796512417 0.5320410525 0.3998628975 0.2324589681 0.1681206096 0.1516506438 0.1739778806 0.1196164676 0.1708434790 0.0892945916 0.1171253307 0.1734199883 0.1337668627 0.1139617586 0.1433669328 0.1391970438 0.1125090936 0.1111572917 0.1538841938 0.1663400830 0.1494726259 0.1794059368 0.1347628763 0.1596972196 0.1261775627 0.1663118351 0.1356299293 0.1895284418 0.1651703776 0.2860599527 0.3522069944 0.5116013309 0.5767218104 0.8351263313 0.8932210303 0.8342281756 0.7426435856 0.5242011319 0.3983746082 0.3180949723 0.2520481601 0.1687185092 0.1952781015 0.1959539218 0.1490516598 0.1766512388 0.1145661422 0.1407346765 0.1338766386 0.1479993171 0.1911578280 0.1259588342 0.0764311580 0.1381349320 0.2125756712 0.1410838400 0.1708279113 0.1270018402 0.1244070830 0.2123862291 0.1518585119 0.1410058060 0.1281036629 0.1711059750 0.1848137869 0.2708277145 0.2975761176 0.4689202068 0.5920851257 0.7596713977 0.8853996333 0.8903052150 0.7868450331 0.6142938765 0.4749007218 0.3288720146 0.2525322956 0.2206299273 0.1422096875 0.2235420515 0.1700931965 0.1743399916 0.1609122784 0.1938356373 0.1340369162 0.1671892325 0.1674137837 0.1641159371 0.1116604963 0.1269613924 0.1349794230 0.1441302510 0.1347767797 0.1630648389 0.1636966733 0.1958031048 0.1968521321 0.1360907566 0.0937527002 0.1795408704 0.1823546953 0.2271981103 0.2917652371 0.4276585935 0.5445833238 0.6985822260 0.8990242638 0.8669884240 0.8109588117 0.6631209809 0.4727410444 0.4164058791 0.2358895248 0.1808914658 0.1830181843 0.1418986439 0.1609043592 0.1241864076 0.1662016183 0.1609569555 0.1388227472 0.1933675221 0.1644899592 0.1552499087 0.1592708751 0.2096064039 0.1773428947 0.1707169265 0.1811839989 0.1889511375 0.2204787229 0.1549089573 0.1411648661 0.1535801217
0.1683909846 0.1308677726 0.1881765274 0.1589273147 0.1318242123 0.1308460001 0.1676318280 0.1182937949 0.1569768028 0.1327776589 0.1358496810 0.1535705548 0.1630764238 0.1528943982 0.1902197343 0.2709310268 0.3930958385 0.5303390659 0.7209361185 0.8167700539 0.8507456437 0.7952115871 0.6998607937 0.4625571493 0.3770687202 0.2561121073 0.2334184296 0.1489883210 0.1731753263 0.1569407655 0.0592988224 0.1106456303 0.1250878605 0.1062943971 0.1361241072 0.1326641970 0.1893200181 0.1471098695 0.1200475797 0.1405802405 0.1411723213 0.1286465304 0.0954184630 0.1277677847 0.1589833095 0.1423527018 0.1417672361 0.1458456046 0.1718150669 0.1789823253 0.1965288602 0.2067576886 0.3881220628 0.5116605717 0.7107587317 0.8202213979 0.8392495659 0.8349997896 0.6773829298 0.5097647609 0.4197859573 0.2771854313 0.1767226748 0.1990383260 0.1528897214 0.1693910624 0.1485857244 0.1304129249 0.1445194876 0.0741996622 0.1211575990 0.1421074622 0.1338251167 0.1690424946 0.1217848971 0.1208669147 0.1440273009 0.1399984947 0.1575079124 0.1468108059 0.1338202167 0.1707275880 0.1747220118 0.1867111308 0.1257059048 0.1861192725 0.1954792876 0.2478527794 0.2924162026 0.4837655343 0.6336165171 0.7872994860 0.8681158119 0.8534603046 0.7081368947 0.5688085773 0.4150910091 0.2820602217 0.2213336454 0.1854602538 0.1465538445 0.1655331725 0.0895514479 0.1291762005 0.0917749763 0.1374022257 0.1349320259 0.1132572581 0.0974551393 0.1689470311 0.1660676796 0.1073576692 0.1225225136 0.1472807122 0.1674034299 0.1374858868 0.1074361071 0.1685021737 0.1705626646 0.1929497904 0.1263577977 0.1809474595 0.2135098838 0.2244904083 0.3290936419 0.4247614772 0.5678226052 0.7186088694 0.8526134928 0.8556112049 0.7490785110 0.6339864056 0.4849393906 0.3292592421 0.2150429729 0.1845177897 0.1665548088 0.1522855786 0.1472513751 0.1531894914 0.1354997102 0.1515701196 0.1427079001 0.1519028762 0.1518760340 0.1595375785 0.1389079874 0.1362389091 0.0920270484 0.1774293611 0.1642751940 0.1343650250 0.1555258687 0.1258202895 0.1651937100 0.1589393734 0.1517057163 0.1438209206 0.1871852762 0.1975800132 0.2997167891 0.3914253613 0.6160289931 0.6855315318 0.8622698009 0.8506538153 0.7732633168 0.6727797063 0.4911126079 0.3683674439 0.2744446112 0.2522058597 0.1712134018 0.1339605522 0.1264233974 0.1467397486 0.1427902380 0.1393287970 0.1807793036 0.1884897577 0.1510199335 0.1786007464 0.1393180864 0.1272631984 0.1341746875 0.1488304919 0.2079534460 0.1494232125 0.1776190283 0.1085180347 0.1431654179 0.1669154271
0.1517161723 0.1496432443 0.1273315199 0.1412223571 0.1808654733 0.0911740218 0.1160799063 0.1380544649 0.1501750821 0.1627599030 0.1533555749 0.1224618064 0.1075184144 0.1776508569 0.1831742355 0.2452829628 0.3774412903 0.5182505507 0.7069898134 0.8296431885 0.8750559715 0.8255922639 0.6248753384 0.4857414245 0.3082772464 0.2120157590 0.1587007705 0.1559514235 0.1663620097 0.1636975067 0.1676171188 0.1080741692 0.1460085079 0.1439329495 0.0954071271 0.1431441763 0.0977184087 0.1560928892 0.1511648980 0.0732596204 0.1197020465 0.1309789369 0.0919848280 0.1751390907 0.1376555651 0.1861361980 0.0964404972 0.0729578171 0.1251274418 0.0879635603 0.1777027124 0.2190702423 0.3494646714 0.4564892832 0.6333289060 0.7790476698 0.8508286044 0.7951113238 0.6688284026 0.5008390721 0.3346148857 0.2939360555 0.1675922911 0.1360438339 0.1486732505 0.0585193558 0.1300615259 0.1354015450 0.0620770995 0.1375744291 0.1334785437 0.1203668868 0.1598129397 0.1452689688 0.1094636233 0.1762385031 0.1470873911 0.1635834873 0.2013614091 0.1344354102 0.0745108258 0.1746346839 0.1195398724 0.0743087352 0.1803292113 0.0985958921 0.1541810662 0.2230489634 0.2761222197 0.4641371009 0.6500804981 0.7453428470 0.8701669799 0.8536120887 0.7080574572 0.5658012683 0.3970322695 0.3421020627 0.2692059000 0.1541521572 0.1526256385 0.1068854838 0.1340363022 0.1227441030 0.1691768885 0.1350494146 0.1617249479 0.1142415335 0.1175995788 0.1412031442 0.1747739373 0.1178272321 0.1140433325 0.1502013841 0.1305365589 0.1471594194 0.1419872564 0.1096914046 0.1292281202 0.1212847226 0.1596918451 0.1754947632 0.1239099284 0.2550299290 0.2535901156 0.4512561552 0.5636902718 0.7466593238 0.8692412399 0.8335278505 0.7876440460 0.6149528644 0.4855890340 0.3311937061 0.2360681048 0.2435214911 0.1627161736 0.1234950223 0.1636768069 0.1433746346 0.1807940509 0.1641858624 0.1592390593 0.0871870990 0.1242175822 0.1523828214 0.1463096677 0.1617079430 0.1065666149 0.1406186971 0.1510666243 0.1332077856 0.1787854337 0.1653111884 0.1085304600 0.1374839703 0.1351466738 0.1489168674 0.1608691226 0.2067880374 0.2602158325 0.3561946733 0.5320405323 0.7097576166 0.8152778707 0.8347149482 0.8017928168 0.6694436830 0.5497850542 0.4220233156 0.2308899048 0.1801269836 0.1409436325 0.1125673367 0.1721866395 0.1963612964 0.1648394787 0.1671846922 0.1653825672 0.1507419414 0.1590377803 0.0918644958 0.1553641470 0.0923265933 0.1822497040 0.1401663487 0.0848704394 0.1753302248 0.1250642551 0.1857107595 0.1684410705 0.1448212055
0.1035603276 0.1625670008 0.1416487302 0.1019769336 0.1263029859 0.0915477386 0.1226793149 0.1269203365 0.1413244122 0.1075055543 0.1215376170 0.1609294920 0.1597346977 0.1308778249 0.1856562845 0.2441654128 0.3221412086 0.4874933643 0.7097488280 0.7453065314 0.7997941561 0.7875629579 0.6848460689 0.4726495118 0.3512528667 0.2347550340 0.2211334864 0.1338183244 0.1736487764 0.1564240225 0.1236412698 0.1206675515 0.1682296434 0.1740034055 0.1235270230 0.1000814198 0.1515032008 0.1915197377 0.1673259690 0.1178204827 0.1280469681 0.1200724032 0.1308788456 0.1045658918 0.1722595534 0.1157532913 0.1118340330 0.0801404781 0.1553717042 0.1317628739 0.1644318746 0.2463904539 0.2849992523 0.4505000997 0.5968818527 0.7553154788 0.8777104269 0.7855254873 0.6915014460 0.5136022146 0.3863089344 0.2646327471 0.1873281319 0.1880942588 0.1486699680 0.1227022536 0.1566083599 0.0984495979 0.1717561475 0.1447262498 0.1185369121 0.1445574386 0.1329962107 0.1603157650 0.1279353181 0.0981872944 0.0978874693 0.1596590365 0.1657165239 0.1349611373 0.1642284318 0.1222392811 0.1346368658 0.1014672438 0.1611353087 0.1586737865 0.1339460946 0.2489274760 0.2643803032 0.4417998295 0.5157391218 0.7831898491 0.8282819833 0.8232724067 0.7249464027 0.5602546117 0.3952340106 0.2881456428 0.1818706555 0.1439091943 0.1338217649 0.1789822819 0.1767831725 0.1550680128 0.1334175083 0.1698586251 0.1194830567 0.2102702442 0.1582012667 0.1690973462 0.1242527805 0.1159973314 0.1906367790 0.1761890493 0.1730315028 0.1533994768 0.1409766711 0.1402967186 0.1483900110 0.1745874670 0.2162395861 0.1559790053 0.1499559663 0.2028749252 0.2144355256 0.4122463707 0.5850605940 0.6857799136 0.8170558936 0.8594899026 0.7914572589 0.6730332916 0.5252930556 0.2872855353 0.2688022971 0.2040470046 0.1897711574 0.1579842767 0.1368696070 0.1442698716 0.1258127732 0.1373655720 0.1007961888 0.1386552460 0.1139729650 0.1322464095 0.1264393698 0.1038888932 0.1131983711 0.1635938378 0.1341076235 0.1212109226 0.1248847853 0.1561123513 0.1799411782 0.1143693908 0.1732988518 0.1568261498 0.1441016663 0.1959575913 0.2541013533 0.3878925085 0.4824660447 0.6869758789 0.8541907509 0.8185211933 0.8188792060 0.6865240366 0.5035687157 0.3966878224 0.2649422797 0.1566668038 0.1638061298 0.1929481540 0.1821348071 0.1443920345 0.1397922723 0.1120943114 0.1124218581 0.1392141824 0.1643691103 0.0937835093 0.1149083146 0.1428930828 0.1788296557 0.1507097127 0.1305566982 0.1398367572 0.1301710576 0.1802240121 0.1345910912 0.1969958948
0.1763527241 0.1175483425 0.1281046109 0.1265374758 0.1128806962 0.0814381403 0.1353216549 0.1616321396 0.0453950165 0.1444341361 0.1266243888 0.1157464804 0.0918000593 0.1325782644 0.1397925074 0.2666538681 0.3358474406 0.4570348315 0.6888794731 0.7680803686 0.8634179971 0.7801447220 0.6783110305 0.5273440911 0.3969031229 0.1790196827 0.2086417989 0.1651198917 0.1570690750 0.1375920726 0.1790690992 0.1160561969 0.1265819165 0.1315798267 0.1237034258 0.1487212738 0.1456578824 0.0873323393 0.1156960994 0.1652666154 0.1485812050 0.0951769721 0.1183424854 0.1307688271 0.0801497181 0.1560200772 0.1178003131 0.1304287789 0.1646207363 0.1140941026 0.1804653548 0.2190212020 0.2770898698 0.4501532719 0.6210514348 0.7547146768 0.8139206088 0.8468097032 0.7014108232 0.5331569743 0.4135748521 0.2740718679 0.1721932938 0.1176244232 0.1507079609 0.1230551673 0.0979910331 0.1014912984 0.1499114574 0.1429726633 0.0940695856 0.0850066256 0.0927377927 0.1143939497 0.0829975705 0.1342646582 0.1608397984 0.1008925756 0.1432663766 0.1653310778 0.1215683261 0.1177038372 0.1348538218 0.1166037986 0.0988476972 0.1605609621 0.1954387839 0.1469034931 0.2613626722 0.3935197135 0.5898078742 0.7207067245 0.8420366975 0.8732458062 0.7663116701 0.6279297357 0.4318564651 0.2695900876 0.2271560475 0.1362110239 0.1450502389 0.1187421642 0.1716132759 0.1436066264 0.1367328474 0.1116579005 0.1389906031 0.1008635001 0.1197579610 0.1539014485 0.1565622123 0.1403543977 0.1132435155 0.1340940953 0.1342424316 0.1395568419 0.1512417973 0.0975918908 0.0939117979 0.1487045242 0.1306521163 0.1484349432 0.1587301434 0.1701344070 0.2508364465 0.3698245389 0.4739357574 0.7118018002 0.7897652522 0.8213854763 0.7659169205 0.6829928841 0.4575175344 0.3606917122 0.2207106486 0.2271655284 0.1223746647 0.0864025723 0.0905913485 0.1293337345 0.1788489348 0.1633821318 0.1265631650 0.1253608995 0.0999862244 0.1419047921 0.1483051425 0.1468997605 0.0916388231 0.1293223743 0.0985517757 0.1312444933 0.1226457073 0.1526691841 0.1740736217 0.1282160706 0.1324702209 0.1737397821 0.1712307461 0.2146471796 0.2447724153 0.3472527171 0.4807540026 0.5970640735 0.7569085255 0.8931578112 0.8110299295 0.7331606971 0.5027392700 0.4055486908 0.2534027354 0.1596220831 0.1439611799 0.1505525442 0.1922342815 0.1595370518 0.1320094160 0.1651484242 0.1254944779 0.1098659256 0.1564678291 0.1532849212 0.1779198507 0.1268003451 0.1479071620 0.1397734646 0.1546440211 0.1853622234 0.1239777701 0.1528187236 0.1329424004 0.1579747650
0.1148589042 0.1369721009 0.0895516924 0.1049915919 0.1426950819 0.1193583349 0.1302765264 0.0607047417 0.1603185592 0.1289880005 0.1242608392 0.1489490189 0.0718359698 0.1466141466 0.2321711110 0.2278718404 0.3781227592 0.4795837985 0.6255716237 0.8144420371 0.8215528123 0.7896090797 0.6523847036 0.5433180777 0.3317638402 0.2339452503 0.2088544432 0.0912344541 0.1747276453 0.1116432897 0.0931152256 0.1148273999 0.1156136397 0.1653429210 0.1417619260 0.1612814951 0.1258581001 0.1208854346 0.1055579449 0.0943291835 0.1107074671 0.1529897834 0.1003761581 0.0817175572 0.0665757121 0.1271876970 0.1027256073 0.1380189718 0.1138842241 0.1866813118 0.1491247877 0.2202570364 0.2782529688 0.4424975711 0.6106102288 0.6936788010 0.7970776870 0.8535506968 0.7755065831 0.5969247340 0.4178571327 0.3092417411 0.2190304925 0.1773666831 0.0884804409 0.0975427855 0.1218925712 0.1321707043 0.0976942018 0.1600860190 0.1462412375 0.1017964744 0.1076801197 0.1143559844 0.1347317779 0.1767036489 0.1229832856 0.0987195178 0.1308184813 0.1539830101 0.1090477429 0.1455797713 0.1283840528 0.1568685913 0.1744490862 0.1498576136 0.1490381987 0.1956082268 0.3284740224 0.3989861233 0.5454514979 0.7141804870 0.8228305274 0.9005479364 0.7149077763 0.6284857496 0.4337086807 0.3400554710 0.2151283967 0.1633227536 0.1188728234 0.1138285316 0.1585200491 0.1475565447 0.1509294484 0.1376284054 0.0978780943 0.1247824397 0.1047312491 0.0807252024 0.1708071512 0.1280087179 0.1152448432 0.1682682762 0.1387469271 0.1371895947 0.1455180581 0.1174288932 0.1298239448 0.1659465120 0.1790130709 0.1874277898 0.1345368091 0.1514689430 0.2115968905 0.3614707736 0.4647285509 0.6764144440 0.8016183768 0.8579848070 0.8273554482 0.6543626537 0.4941700057 0.3950575334 0.2416136124 0.1528578098 0.1367590839 0.1069732972 0.1135701979 0.1220406598 0.1494419935 0.1651773051 0.0915415413 0.1509447029 0.0827882506 0.1629808294 0.0987265140 0.1716529976 0.1238920033 0.1387595526 0.1649839385 0.1473941853 0.1330233544 0.0998297465 0.1031339990 0.1472187190 0.1419057498 0.1161927280 0.1669818950 0.2255390775 0.2702489292 0.3562098446 0.4472141042 0.6595275056 0.7740284630 0.8654220002 0.8299246828 0.7169854184 0.5263340260 0.4379783361 0.3046870097 0.2191419031 0.1707712174 0.1897636530 0.0735273908 0.1393567338 0.1846741300 0.1288042970 0.0948288331 0.1504614187 0.1479309995 0.1355347860 0.1374676040 0.1584773692 0.1056798835 0.1439634004 0.1766203605 0.0830952205 0.1330207088 0.1140037191 0.1728007290 0.1483044609
0.1295476978 0.1885391181 0.1253975443 0.1162730974 0.0853690259 0.0906891640 0.1264247136 0.1245442996 0.1054638027 0.1086827506 0.1324575498 0.1200997796 0.1622210038 0.1257373507 0.1773754889 0.3038659122 0.3165524685 0.4494956778 0.6298157578 0.7108065212 0.8129659286 0.8233364728 0.7004851731 0.5150279629 0.3597636457 0.2322239323 0.2291071077 0.1363226719 0.1011084882 0.0785075382 0.1104495828 0.1799674785 0.1000821150 0.0762272445 0.1370387401 0.1192450767 0.1455972380 0.1358328655 0.1518537085 0.1236210888 0.1402186020 0.1042597940 0.1029163947 0.1173175207 0.1042272857 0.1059341884 0.1316255801 0.1256691505 0.0776528951 0.1839392518 0.1559846490 0.2133599915 0.3331013796 0.4785624081 0.5567236195 0.7559633794 0.8296015111 0.8236099758 0.7803411662 0.6268914486 0.4149479050 0.2860412614 0.2409406492 0.1775692373 0.1669511495 0.1419527501 0.1540261273 0.1295950914 0.1064931179 0.1295203924 0.1673433667 0.0984447696 0.1422168411 0.1191083842 0.1739369522 0.1102675726 0.0890493408 0.0988762473 0.1916138290 0.0788429204 0.1733121706 0.1090893241 0.1247144958 0.1252402656 0.1669039140 0.1493530807 0.1965271055 0.1595109646 0.2711730516 0.3923530199 0.5485264114 0.7247660235 0.8154519255 0.8459571354 0.8268997531 0.6032989750 0.4573590284 0.3163254724 0.2717423725 0.1694989845 0.1682286541 0.1273766447 0.1407169397 0.1434275805 0.1148655400 0.1104435480 0.1123254582 0.1291292521 0.1289159259 0.1809558989 0.1562955961 0.1857803498 0.1596558628 0.1168933539 0.1033052328 0.1035701339 0.1044351988 0.1452292319 0.1282530433 0.0894393876 0.1161656299 0.1829951712 0.1385324604 0.1980770726 0.2450628676 0.3805495954 0.5314364160 0.7221973616 0.8260258602 0.8285379231 0.8259466795 0.6759799798 0.5155466977 0.3362803853 0.2268361186 0.2272827405 0.1609450076 0.1194457866 0.1483000960 0.1698307514 0.1614875761 0.1623241446 0.1368722894 0.0827924080 0.1212271013 0.1938633650 0.1018516489 0.1488741620 0.1558009996 0.1449919051 0.1025075297 0.1509606426 0.2257642248 0.1221782253 0.1564032434 0.1301279265 0.1194305077 0.1406724937 0.1528966703 0.1649627847 0.2321843219 0.3050114736 0.5030444642 0.6032993072 0.7656766078 0.8369359037 0.8087333720 0.7388773949 0.6341290588 0.3839361774 0.2904756867 0.2210305154 0.1971382399 0.1539895696 0.1294186183 0.1682300887 0.1252392412 0.1314286040 0.1693278489 0.1395373533 0.1308321565 0.1324753700 0.1393156826 0.1442767941 0.1094745133 0.1038384735 0.1167861168 0.1244002712 0.1454677986 0.1125327610 0.1571065886 0.1537097608
0.1075572345 0.1207003529 0.0906412314 0.1547312198 0.1242789070 0.1431653683 0.1307711777 0.1523017034 0.1587696152 0.0948074382 0.1447804524 0.1552332155 0.1261065521 0.1808855390 0.1369052136 0.2254478953 0.3057521254 0.4551589137 0.6628674371 0.7475064542 0.8671381355 0.8100246710 0.7140566810 0.5781102477 0.3293576817 0.2704867610 0.2200218638 0.1303427815 0.1448915192 0.1010386004 0.0951016918 0.1297787700 0.0777221429 0.1363563547 0.1362436361 0.1498190142 0.1437141724 0.1292192937 0.1769318795 0.1631327085 0.1250094230 0.0645954784 0.1421505503 0.0871589468 0.0897493290 0.0641435420 0.1542486163 0.1493104748 0.1084091963 0.1664827209 0.2089744674 0.2099084870 0.3171180790 0.4092850474 0.6098379757 0.7091621188 0.8261811405 0.8111179430 0.7374169515 0.5819961421 0.4378955604 0.3255218693 0.2401037560 0.1573122054 0.1502121888 0.1514274607 0.1279499591 0.1549294235 0.1522143341 0.1417233778 0.1217875350 0.0880151648 0.1628867540 0.0676755739 0.1243170017 0.1687117849 0.1202466893 0.1576291901 0.1575417434 0.1707088290 0.1098226882 0.1317313360 0.1237622274 0.1237033470 0.0903949166 0.1581496580 0.1238017450 0.2029546920 0.2639130132 0.3975586803 0.5317438625 0.6307235556 0.7961810162 0.9011229844 0.8206349531 0.6714922369 0.4611327877 0.3210246632 0.2456407173 0.1915815083 0.1752252551 0.1728987429 0.1189565423 0.1153712447 0.1283797400 0.0882565791 0.1318364422 0.1601432573 0.1407096769 0.1735240230 0.1659278115 0.2187313287 0.1366146990 0.1262090177 0.1669113732 0.1872324778 0.1518651545 0.1955439201 0.1232934449 0.1203934674 0.1924717052 0.1068508053 0.1481196552 0.1792875737 0.2173089860 0.3414638787 0.4774831603 0.6951962883 0.7880510574 0.8950946142 0.7925289797 0.7390045371 0.4938757989 0.4342972902 0.2824089286 0.2466565109 0.1606824681 0.1434897803 0.1499030362 0.1289761106 0.1157762942 0.1638050236 0.1155828656 0.0757563685 0.1774600723 0.1410270994 0.1759677513 0.1560418713 0.1551812641 0.1746107571 0.1555252727 0.1355714136 0.0869835680 0.1598658245 0.1041321921 0.1621170701 0.1484431551 0.1936978461 0.0776650131 0.1617007607 0.1878039578 0.2871252315 0.4528044338 0.6196145903 0.7814220787 0.8527326951 0.8974664644 0.7533900015 0.6032441417 0.4662136336 0.2975301964 0.2476545667 0.1913291108 0.1530925707 0.1403290051 0.1526298193 0.1062205856 0.1948427575 0.1368483390 0.1575122346 0.1234350603 0.1096644509 0.1392106121 0.1579644290 0.0965866064 0.2025242271 0.1455746412 0.1686170552 0.1457479966 0.1757824389 0.1389064970 0.1408227962
0.0876503766 0.1511164092 0.1587649147 0.1243814238 0.1574459548 0.1711442275 0.1434309458 0.1122949520 0.1291896773 0.1443337008 0.1116504644 0.1034055311 0.1124210898 0.1076945033 0.1435990591 0.2036950007 0.2929996779 0.3981462948 0.6510614183 0.7943834876 0.8269498001 0.8297212349 0.7274471239 0.5541008812 0.3881265532 0.2646888991 0.2322774324 0.1588098716 0.1287690708 0.1383990589 0.1847457352 0.2014108521 0.1322376671 0.1532855425 0.1092121296 0.1194125670 0.1632136565 0.1053657066 0.1338090233 0.0984028400 0.1038218889 0.2200216233 0.1340878472 0.1163832877 0.1509115498 0.1385842635 0.1058775067 0.1488658444 0.1006215345 0.1582047566 0.1725314335 0.2364752187 0.2942504510 0.4326267220 0.5637013863 0.7289373848 0.8495050548 0.8197428466 0.7703260002 0.6326736056 0.4617328119 0.3188018435 0.2359452665 0.1942131693 0.1471996999 0.1028311849 0.1442577080 0.1496533527 0.1554260732 0.1340724055 0.0929595173 0.1253360296 0.0922172247 0.1409035753 0.1402431564 0.1838693574 0.1257892920 0.1031792618 0.1665621121 0.1378418996 0.1644185563 0.1357985856 0.1311366995 0.1108933620 0.1117576455 0.1687642061 0.1757218076 0.2153132446 0.2585210374 0.3595062002 0.5161045355 0.7519486276 0.7732390972 0.8530790249 0.8076649688 0.6408241716 0.4295556779 0.3998863361 0.2715856681 0.2683747265 0.1704427575 0.1513575908 0.1999904660 0.0970663887 0.1700897462 0.1389935043 0.1672404691 0.1666547340 0.1031926047 0.1616428026 0.1345188334 0.1908841347 0.1347412406 0.1714070762 0.1766177341 0.1607745375 0.1954518591 0.1413269166 0.1518626298 0.1683352286 0.1521208647 0.1178620948 0.1276591504 0.1827641207 0.2458403447 0.3837558117 0.4610276430 0.6831492971 0.8240585320 0.8623642837 0.8535664868 0.6860667273 0.5407513457 0.4367282409 0.2624920317 0.2159167802 0.1644969841 0.1574851786 0.1564655720 0.1811530251 0.1055558220 0.1865855911 0.1315841545 0.1639796017 0.1707604919 0.1615952569 0.1138420155 0.1293939774 0.1414223302 0.1594441553 0.1403636209 0.1225139004 0.1264351018 0.1127266977 0.1031259710 0.1537389240 0.1742984847 0.1514724070 0.1895095355 0.2154464307 0.2309074318 0.3596964809 0.4385312908 0.6327644437 0.6953347847 0.9014984609 0.8366532117 0.7366850994 0.5797253421 0.4652842488 0.2738400428 0.2380789612 0.1758283377 0.2175297950 0.1315583751 0.1156028665 0.1602307896 0.1534745428 0.1732882420 0.1736471300 0.2114325910 0.1423490334 0.1697183031 0.1135554496 0.1711129124 0.1661950579 0.1703584659 0.1600842934 0.1793572667 0.1513154738 0.1928156982 0.1779341557
0.1731411257 0.1675420923 0.1297778779 0.1202771268 0.1521293603 0.1164136928 0.1286511072 0.1436920859 0.1687876985 0.1245072702 0.1196086244 0.1662792745 0.1348655243 0.1610759475 0.2224998796 0.1716557355 0.2867724795 0.4682700847 0.5900584194 0.7699841514 0.8676091740 0.8608223793 0.7417005696 0.5831433872 0.4075519915 0.2946390931 0.2075597571 0.2085956131 0.1565055808 0.1755370165 0.1614635177 0.1401339542 0.1172422965 0.1736988704 0.1406556497 0.1138749995 0.1598090036 0.1630877553 0.1228562865 0.1010145665 0.1105145969 0.0975691933 0.1533181139 0.1323292209 0.1358869997 0.1481340615 0.1661396665 0.1415128717 0.1375096385 0.1454584023 0.1237110265 0.2446143124 0.3331548721 0.3901322570 0.5620665247 0.7271698142 0.8305609862 0.8197165048 0.8248231567 0.6627634734 0.4416153280 0.3299416898 0.2557871031 0.1663360478 0.1583404512 0.1388955477 0.1460337883 0.1898266732 0.1813703026 0.1559736742 0.1770128957 0.1677632398 0.1955467377 0.1429617219 0.1382161454 0.1018033429 0.1196752334 0.1874421880 0.1561388228 0.1499213864 0.1584861923 0.1114014521 0.1441913084 0.1757384045 0.1233230898 0.1106452989 0.1692529206 0.1990707964 0.2304150029 0.3955384896 0.4889111109 0.6949825848 0.8380713633 0.8887728543 0.8330646020 0.7000343365 0.5475626849 0.3772025219 0.1891161984 0.1976062760 0.1814057051 0.1559220421 0.1491124942 0.1927242438 0.1670339224 0.1082630731 0.1865674452 0.1766270975 0.1738844780 0.1322350301 0.2083721559 0.1421219317 0.1336801067 0.1683268242 0.1903569876 0.1642655309 0.1564860102 0.1388477048 0.1864460174 0.1948016649 0.1567358484 0.1867853288 0.1778167376 0.1727294586 0.1811449589 0.3697223418 0.4464137761 0.6391627577 0.7878729851 0.8602472670 0.8546611789 0.7469177280 0.6133387374 0.4498073386 0.2962508193 0.2591037689 0.1366192491 0.1615005333 0.1439095217 0.1275083294 0.1626897917 0.1767710581 0.1741716703 0.1492018659 0.1856947083 0.1766754072 0.1248225146 0.1532786212 0.1758231420 0.1092498883 0.1739739135 0.1285886026 0.1493369863 0.1935657205 0.1846591752 0.1917943255 0.1527655480 0.1503030430 0.1659935544 0.2062139150 0.2633542209 0.3481804332 0.3976683467 0.6017768315 0.7744191848 0.7998418947 0.9092362278 0.8225229126 0.6678986934 0.4668397258 0.2957787612 0.2592233390 0.1821150302 0.1981423569 0.1801753264 0.1542047128 0.1618882281 0.1782315918 0.1459470980 0.1242752265 0.1351709272 0.1898466909 0.1246899991 0.1577943466 0.1476430974 0.1487939590 0.1563095952 0.1995494767 0.2035695312 0.1458316688 0.1639108922 0.1730499002
0.1180340115 0.1711216046 0.1067822290 0.1811928507 0.1411463183 0.1139663543 0.1560895834 0.1342081550 0.1051471994 0.1307286000 0.1329875196 0.1353491972 0.1446476491 0.1766213347 0.1981481984 0.2629578612 0.3015239879 0.4765994936 0.6278952316 0.7967722803 0.8561658717 0.8588936238 0.7349431577 0.6045173041 0.4681184507 0.3375178187 0.2320891835 0.1650462431 0.1673767779 0.1473627164 0.1320477079 0.1268817827 0.1051614921 0.1650987939 0.1842524051 0.1488529487 0.1535274470 0.1555732615 0.1335138255 0.1509256916 0.1661918894 0.1520722888 0.1610437269 0.1679566186 0.1898617006 0.1757441787 0.1372614775 0.1736974115 0.1109444865 0.1719914666 0.1649073912 0.1781475303 0.2973725920 0.4198215984 0.5437631234 0.7552364527 0.8443437337 0.9113602695 0.8343863194 0.6504270924 0.5469823081 0.3634151871 0.3255955631 0.1816252875 0.1789695024 0.1584141125 0.1951989654 0.1851739269 0.1354377627 0.2025756703 0.1461020073 0.1507217301 0.1444241315 0.1545954512 0.1814137527 0.1231051312 0.1493501315 0.1181708174 0.1462648964 0.1842842848 0.1460332380 0.1516338792 0.1452532909 0.1483965750 0.1061867458 0.1722585401 0.2055296478 0.2494691530 0.2866719646 0.3452899202 0.5160109963 0.6847526519 0.8340522033 0.8588359765 0.8600968482 0.6899030023 0.5727858205 0.4027471167 0.3442295124 0.2106942869 0.2110132818 0.1658293252 0.1705533480 0.1189099438 0.1535532223 0.1660303662 0.1585631173 0.1531015544 0.1478267642 0.1780454851 0.1261224902 0.1389687987 0.1277254867 0.1647981889 0.1411721350 0.1794147642 0.1606594176 0.1818908713 0.1592295928 0.1807240848 0.1808263516 0.1987051416 0.2360659000 0.2596417914 0.2492384750 0.3945449980 0.4733151933 0.6407577105 0.7541301103 0.8857654629 0.8303009644 0.7081580809 0.5826345810 0.4486613311 0.2993823572 0.2589245864 0.1972353632 0.2096530083 0.1898738259 0.1750448285 0.1462602326 0.2191909193 0.1692467131 0.1671246869 0.1530070847 0.2098048670 0.1593635273 0.1901473104 0.1807246741 0.1727835940 0.1027786893 0.1878107885 0.2071408581 0.1586482473 0.1107230792 0.1618040831 0.1486652486 0.1720788315 0.2423868723 0.1989927390 0.2610675419 0.3063256516 0.4365038990 0.5916709156 0.7738235446 0.8709429976 0.8416276946 0.8030525498 0.6097144074 0.5400330063 0.3141483007 0.2767138143 0.1961519598 0.1956181889 0.2129418864 0.1931513012 0.1600188618 0.2114473685 0.1891825506 0.1603995594 0.1859768508 0.1951384241 0.1789043985 0.1795451342 0.1884102911 0.1364283453 0.1901234127 0.1338460660 0.1850946934 0.1646395306 0.2151684435 0.1506683903
0.1168725607 0.1427532135 0.1213438620 0.1870408855 0.1506969174 0.1348544569 0.1396333262 0.1299272011 0.1440511026 0.1488277937 0.1484675721 0.1819593803 0.1831441035 0.1822847140 0.1915870437 0.2595691055 0.2850551747 0.4153861556 0.6047307331 0.7418396989 0.8664921925 0.8618743893 0.7891233594 0.6278872417 0.4959375899 0.3245802031 0.2236167881 0.1926731442 0.1387175705 0.2094424951 0.1362253985 0.1163947301 0.1307355365 0.1452673945 0.1436890758 0.1469661222 0.1490720143 0.1770297782 0.1804828960 0.1414944041 0.1619792667 0.1963872203 0.1348110246 0.1670206863 0.1892811285 0.1417877251 0.1463040040 0.1899713933 0.1264102948 0.1256596337 0.1807706509 0.1975068861 0.2821349563 0.4337455056 0.5294548186 0.7171441757 0.8089473544 0.8357316628 0.8450294754 0.7125181104 0.5238511055 0.3950518848 0.2959345261 0.1833814604 0.1824009421 0.2364160473 0.1405627616 0.1762302852 0.1875764084 0.2035452785 0.1531128219 0.1725771292 0.1422991554 0.1772523577 0.2574377830 0.1519614924 0.1796613513 0.1912590322 0.2026907847 0.1851921680 0.1642747906 0.1582248431 0.1456063093 0.1911541480 0.1834044975 0.1318815974 0.2142028016 0.2203796150 0.2395814588 0.4255494080 0.5488958331 0.6628874776 0.8378619928 0.9077928777 0.8542226548 0.7567788465 0.5728317268 0.4474971273 0.3769837109 0.2093992311 0.1729630132 0.1403522235 0.1585611076 0.1807768397 0.1769539997 0.1787654663 0.1574084859 0.1585276578 0.1543479642 0.1534398077 0.1460480615 0.1169764605 0.1445526153 0.2436265623 0.1562503247 0.1900671775 0.1771168307 0.1683769561 0.1364241880 0.1899322501 0.1580176182 0.1698667576 0.1846466577 0.1708608615 0.2625253800 0.3333378954 0.4783984064 0.6642272673 0.8186715476 0.8771903727 0.9157656930 0.7961892092 0.6063050442 0.4833962750 0.3029035485 0.2375090409 0.1909056220 0.2287438946 0.1737370748 0.1461191881 0.1711008761 0.1844466717 0.1735403801 0.1987038484 0.1755055662 0.1722665797 0.2119168744 0.1934892859 0.2168181764 0.1355883951 0.2085406928 0.1943068048 0.1280640087 0.1905995140 0.1540243421 0.1191661930 0.1635284474 0.1737206211 0.1650369893 0.1629286796 0.2469417824 0.2503736438 0.4149774984 0.6020922522 0.7915156588 0.8123803503 0.8899825671 0.8286910064 0.6670990006 0.5535616487 0.4144939570 0.3128212686 0.1857112413 0.2163713913 0.1198114192 0.1711596302 0.2057067314 0.1153305448 0.1650942736 0.1308128946 0.1743004712 0.1684998527 0.1647325601 0.1774720643 0.1342857898 0.1205396656 0.1477863282 0.2015070526 0.2288074781 0.1699898112 0.1748804703 0.1693047960
0.1972767439 0.1562967103 0.1268812420 0.1975777108 0.1217273367 0.1931272661 0.1299597176 0.1838673132 0.0912909403 0.1300461121 0.1979710471 0.1882399857 0.1588571456 0.2138307176 0.1955376774 0.2503217664 0.2785897355 0.4412857617 0.5900279224 0.7330650946 0.8003149463 0.8805032955 0.7885866693 0.6399078803 0.4918751629 0.3850731681 0.2236531575 0.2282769999 0.1571121280 0.1875485112 0.1656018797 0.1458195419 0.1932543855 0.1802917734 0.1881129229 0.1177469595 0.1263619848 0.1571874509 0.1409815888 0.1985552631 0.1273033042 0.1472998555 0.1581364835 0.1779078905 0.1752755809 0.1756359093 0.1526650025 0.1935543593 0.1374500493 0.1649489246 0.1590646472 0.1837092296 0.3355384823 0.3855923349 0.5734924521 0.6714922992 0.8213281093 0.9076565927 0.7583086939 0.6948226327 0.4918695903 0.3774413986 0.3119078390 0.2201281270 0.1899651839 0.1709285990 0.1977592057 0.1796156975 0.0918664438 0.1351743072 0.1309448433 0.1772104619 0.1326446449 0.1409294681 0.1522999136 0.1503142742 0.1404172907 0.1773989812 0.1696655826 0.1292606407 0.1813063669 0.1516614363 0.1270507554 0.2102817421 0.1680645398 0.1612183860 0.1794766539 0.1896885965 0.2654913941 0.3862937400 0.4747903831 0.6990595124 0.8004728566 0.8848258477 0.8539891928 0.7488312669 0.6169316903 0.4087285157 0.3014099207 0.2238026646 0.2180024493 0.1379291816 0.1231083949 0.1841199258 0.1914765847 0.1885764839 0.1348625284 0.1383131071 0.1960902497 0.1808565045 0.1586886364 0.1030520714 0.1732071347 0.1622047010 0.2106186593 0.1712000503 0.1532935086 0.1861709242 0.2002394510 0.1792194043 0.1623997968 0.1614787929 0.1921888014 0.2030344785 0.2093653360 0.3367882551 0.4549795572 0.6575636215 0.8010198114 0.9300677308 0.8805073591 0.7614454627 0.6306289767 0.4677189173 0.3626569845 0.2467287078 0.2171713025 0.1681610086 0.2056902988 0.1834476038 0.1223343101 0.1636322624 0.2040748275 0.1848331937 0.1748078687 0.2056176201 0.2202922957 0.1644965546 0.2097969079 0.1828673939 0.1705012580 0.2117306309 0.1773573755 0.1692936327 0.1896482534 0.1690776645 0.2214047525 0.1660183748 0.2292602347 0.2183121218 0.2202715087 0.3024757349 0.3924149473 0.5917606209 0.7163536780 0.8808594475 0.9142493128 0.8281066439 0.6657408836 0.4915047011 0.3173388998 0.2502076534 0.2963683297 0.2333781716 0.2325949735 0.2114758863 0.1297256004 0.1697509091 0.2116670439 0.1350078190 0.2502592332 0.1704668038 0.1846696665 0.1509851526 0.2074181693 0.2228587281 0.1785801449 0.1553872795 0.1858076016 0.1736560881 0.1369702976 0.1776298853
0.1631412378 0.1975689949 0.1901070426 0.1671262025 0.1531329366 0.1643491589 0.1263025950 0.1500604586 0.1676211871 0.1498955162 0.2066919415 0.1511718086 0.1841977016 0.1924877581 0.2056796111 0.2625143264 0.3364312340 0.4424202774 0.6028518765 0.7314340197 0.8596485559 0.8475005930 0.7985974672 0.6430982521 0.5167411764 0.4057443871 0.2926954468 0.1951759056 0.1467476013 0.1524498345 0.1089102246 0.2022831632 0.1820769914 0.1889038874 0.2101093513 0.1917511198 0.1561123618 0.2234864664 0.1931632632 0.2174601696 0.1829537192 0.2051570118 0.2173496438 0.1119528843 0.1286612799 0.1964934983 0.1893039918 0.1339496782 0.1626413266 0.1192140013 0.1876746204 0.2523945471 0.2692353928 0.3867045087 0.4754660210 0.7106824548 0.8546104070 0.9026662932 0.8232871814 0.7619172564 0.6020169293 0.4217804961 0.3155056750 0.2848789180 0.1983676363 0.1680599182 0.1378157233 0.1545403389 0.1499337836 0.1513525508 0.1543950198 0.1861509879 0.1725068686 0.1563670866 0.1837882891 0.1240482721 0.2194780841 0.1138691561 0.2038031129 0.1975781562 0.1926696802 0.1435392243 0.1651581613 0.1704800204 0.1566117072 0.1829556488 0.1887584720 0.2233441652 0.3100747380 0.3737971228 0.4385666992 0.6275544163 0.8124001655 0.9290120550 0.8340033606 0.7772101855 0.5750127249 0.4739150347 0.3308413460 0.2301607259 0.1904403170 0.2082857960 0.1559623572 0.1368138005 0.1701365956 0.1957011654 0.1858103995 0.1440314473 0.1745153552 0.1438919558 0.2174757125 0.2186322264 0.1740894596 0.2203740118 0.1532920457 0.2212308977 0.1859183816 0.1698401602 0.1745265455 0.1986235371 0.1628298148 0.2015451198 0.2287533333 0.2230222876 0.3308440838 0.3035432257 0.4258426574 0.6562715221 0.7478826847 0.9066378142 0.9104010032 0.8526557284 0.6637573846 0.4779816439 0.3842689491 0.2628511040 0.1428931193 0.2120305804 0.1807609482 0.1919582819 0.1978749183 0.1967056793 0.1909060630 0.1999218502 0.1748073384 0.1404145967 0.2307886317 0.1843431491 0.2140255872 0.2204623059 0.1140080098 0.1640550913 0.1777263898 0.1740342403 0.1924793627 0.1853756269 0.1534652447 0.1663686339 0.1777445588 0.1714782643 0.2342385446 0.2797408883 0.3924062766 0.5228066132 0.7882910514 0.8346478264 0.8407326637 0.8622934130 0.6869796713 0.5140140470 0.4018263781 0.2746603979 0.2437172093 0.1829258348 0.2042012051 0.1985745756 0.1725989711 0.1547249131 0.1791078329 0.1905493959 0.1805533918 0.1888923632 0.2130991869 0.1578019905 0.1742279851 0.2029469050 0.1575125954 0.1671084982 0.1884538250 0.1358010391 0.1172337000 0.2115547426
0.1591919701 0.1194068379 0.1640781834 0.1410561571 0.1715497081 0.1844113296 0.1785752094 0.1391198397 0.1530706006 0.1425887931 0.2025067232 0.1603104111 0.1463298552 0.1482514872 0.2078904238 0.2291875427 0.2880069526 0.4018753234 0.5619288973 0.6824655522 0.8485723985 0.9056499420 0.7766167987 0.7391075005 0.5379842243 0.4263524424 0.2641719263 0.2364485654 0.1386160400 0.1538901806 0.1416895103 0.1911605263 0.1734207753 0.1674017038 0.1735068703 0.1268755461 0.1564327066 0.2187474593 0.1677919611 0.2200722570 0.1934052112 0.1558813419 0.1945615141 0.1786223079 0.1527351635 0.1564033498 0.1598142660 0.1655725392 0.2017718334 0.1678539366 0.1678935403 0.1969222066 0.2546477447 0.3744850373 0.4583230113 0.7026876287 0.8331590802 0.9263095130 0.8597640599 0.7543830387 0.5743481784 0.3944284448 0.3287986837 0.2338899156 0.1609974803 0.1845105579 0.2136786571 0.1486675968 0.1214759752 0.1419846333 0.1850796621 0.1958644482 0.1735767622 0.1589360858 0.1602583478 0.1771733214 0.1662650767 0.1787254155 0.1507419655 0.1725799244 0.1970087171 0.1717048654 0.1599839026 0.1535672366 0.1770390926 0.1317122852 0.1853359938 0.2086012346 0.2392537523 0.3615267023 0.4947196605 0.6649161784 0.8355703429 0.9156564923 0.8830202351 0.7741450273 0.6417145539 0.4675114252 0.3500441481 0.2400915213 0.2344010934 0.1127237554 0.1468507454 0.1770498068 0.1580656121 0.1685110161 0.1838302392 0.1871554932 0.1953852172 0.1681952563 0.1919049837 0.1838825524 0.2015672658 0.2368509776 0.1816060598 0.1381951619 0.2047957344 0.2163047791 0.1236913254 0.1893284032 0.1849061206 0.1620223999 0.1666681554 0.1971189805 0.2056811319 0.3793199764 0.4778612341 0.5568870462 0.7366114273 0.8711779912 0.9230750673 0.8266300020 0.6825389781 0.5428215508 0.3573425943 0.3043655248 0.2172174696 0.2116821297 0.2022043254 0.1861416612 0.1710047616 0.1762721046 0.2230534281 0.1718206141 0.2007157402 0.1860957121 0.2328466084 0.1802089640 0.2093948607 0.1953425297 0.1968890542 0.1525023421 0.1481001758 0.1857108645 0.1650893467 0.1707620763 0.1688890053 0.1477864434 0.2035237099 0.1752017949 0.2034083683 0.2754954790 0.3890123185 0.5748697193 0.6961596452 0.8793484455 0.9171143061 0.8774381579 0.6932663100 0.5791036794 0.4223548958 0.3064911424 0.2655800040 0.1905345501 0.1603218356 0.1927414610 0.1687719098 0.2117791096 0.1615732491 0.1619460588 0.1906839889 0.1801606883 0.1537114057 0.1885639993 0.2137792245 0.1988441733 0.1765744949 0.1749701265 0.1655854299 0.2181166068 0.2018642927 0.1548386120
0.1659074502 0.1633884115 0.1611569109 0.1962894592 0.1863033902 0.1351481907 0.1811570288 0.1423209673 0.1670267152 0.1667119780 0.1415567611 0.1481518888 0.1815127376 0.1650633041 0.2034846837 0.1833946803 0.2460068159 0.4276074692 0.5006885609 0.7436843723 0.8528674075 0.8495565939 0.8461453172 0.7371827937 0.5067567561 0.3220988057 0.3413041443 0.2043427458 0.1477993612 0.1559150117 0.1512696730 0.1564152785 0.1831115275 0.1922300166 0.1604018226 0.1627159918 0.2331495055 0.1496843861 0.1943508417 0.1771756003 0.1683116395 0.0985940377 0.1824626155 0.1682756726 0.1492648720 0.1839812772 0.2278584704 0.1453151908 0.1887336959 0.1907204389 0.1858790090 0.1880584592 0.3060113691 0.2999610582 0.5289587616 0.6872899414 0.8111043989 0.8880542606 0.8484901578 0.7406039291 0.6042849587 0.4431467479 0.3536202912 0.2092994932 0.2067144488 0.1767872632 0.1746228714 0.1843282094 0.1854527014 0.1518801120 0.1626031724 0.1211407506 0.1861686441 0.1647265007 0.1676498385 0.1546354831 0.1643867892 0.1738065397 0.1832689449 0.1778803908 0.1504816576 0.1647777510 0.1691321817 0.1638206538 0.1776967472 0.1340992410 0.1751875835 0.1927825130 0.2730244806 0.3325613291 0.5067930614 0.6501030785 0.8077509310 0.8967355438 0.9032129458 0.7987384877 0.6231812815 0.4335615246 0.3276583495 0.2494700183 0.2172586478 0.1930559872 0.2080780558 0.2024084020 0.2168826819 0.1689519884 0.1926870776 0.1750399084 0.1669268466 0.1760736919 0.1905806249 0.1398228201 0.1830488522 0.2175433228 0.1812147702 0.1849115200 0.1894860889 0.1798174367 0.2223307699 0.2116483582 0.1586866382 0.2287868942 0.1759174413 0.2174947747 0.2372084903 0.3645739623 0.4659413484 0.6162698554 0.7763601584 0.8214324302 0.8691849805 0.8314582704 0.7139684939 0.5520876663 0.3877860473 0.2634096101 0.1702393837 0.1885120490 0.1714684154 0.1447058426 0.2156959059 0.1421514360 0.1595953255 0.1561430854 0.1606842874 0.1681998194 0.2217250516 0.1720213075 0.1531387866 0.1354658122 0.1649434527 0.1616248498 0.1432603459 0.1829467271 0.1911121073 0.2147654533 0.2174521792 0.2018267635 0.2057289139 0.2127153493 0.2337904888 0.2325334074 0.3745028577 0.5683229231 0.6874223071 0.8729338737 0.8683691734 0.8419825129 0.7801518043 0.5605035823 0.3830694433 0.3206374976 0.2078643505 0.2357318652 0.2103345980 0.2006649210 0.1682304154 0.1749770325 0.1359139483 0.2094590771 0.1549568539 0.1874000813 0.1709181031 0.1342562268 0.1621724263 0.2216374961 0.2316265390 0.2006002659 0.2375552286 0.2102522834 0.2206111236 0.1870345535
0.1639206378 0.1638883842 0.1925419217 0.1642317759 0.2278094353 0.1625765026 0.1391994677 0.1846049432 0.1455443793 0.2201357692 0.1024844524 0.1667279801 0.1681021490 0.1932018192 0.1749325521 0.2149960394 0.2860363903 0.4277654907 0.5052372322 0.7097326227 0.8456570724 0.8362663069 0.8466280723 0.7221804605 0.5473468660 0.4191326930 0.3026683361 0.2355911572 0.1780383545 0.1729097672 0.1465812772 0.1182941367 0.1820051342 0.1941065973 0.1702986065 0.1799881204 0.1811795860 0.2203124474 0.1487439023 0.1746364551 0.1456185404 0.1427643656 0.1798511487 0.1715188600 0.1470285394 0.2021720280 0.1607500835 0.1900488169 0.1934692784 0.1491987439 0.1428634247 0.2482978091 0.2572179662 0.3776576787 0.4752130403 0.6400053240 0.8048081304 0.8826754570 0.8986625616 0.7404864834 0.6133300271 0.4543286769 0.3189311712 0.2462186312 0.2119175289 0.1467361089 0.1708509402 0.2001794909 0.2173801466 0.1859563269 0.1857076226 0.1714227720 0.1361535679 0.1917766899 0.1579788888 0.2113086168 0.1727657224 0.1143227173 0.1978082398 0.1734247714 0.1550656362 0.2193946150 0.1780589766 0.1755768821 0.1647278353 0.1599679334 0.1615709429 0.2251728613 0.2254648497 0.3350684328 0.4382990120 0.6165611498 0.7678392743 0.9191963317 0.8838230136 0.7879247821 0.6297939722 0.5501738717 0.3473143034 0.2565525046 0.2525276158 0.1655901796 0.1701184935 0.1831983831 0.1704379757 0.1468635618 0.1980491159 0.1876329531 0.1432008345 0.2091073614 0.1905580526 0.1548296000 0.1542098021 0.1751255407 0.1836162696 0.1544193014 0.1711864910 0.1818012002 0.1487875385 0.1836505686 0.1636932930 0.1924237533 0.1807949356 0.2333291399 0.2673511352 0.3009296414 0.4628805905 0.4925512932 0.6859113167 0.8317538298 0.8955310146 0.8786283194 0.6732086911 0.5513454357 0.3912234777 0.2828753677 0.2457767059 0.2016747998 0.1703272935 0.1600137760 0.2072059743 0.1573901862 0.1823125696 0.2081070705 0.1879241288 0.1787164211 0.1742089781 0.1785753733 0.2290497176 0.1543832030 0.1678195606 0.1645938068 0.1556852380 0.1669335625 0.1973923007 0.1739241495 0.2167430134 0.1569325665 0.1677643885 0.1502232033 0.2347890631 0.2498293693 0.4095729418 0.5613548269 0.6986761139 0.7802241250 0.8712087782 0.8749631962 0.7242007675 0.6799939319 0.4499202012 0.3437748448 0.2461504992 0.2202692181 0.1980300617 0.1268510084 0.1958626763 0.1584442243 0.1586601975 0.1892404523 0.1824740566 0.1881992178 0.2194291727 0.1499761023 0.1469887983 0.2155961299 0.2194112789 0.1982981937 0.2277689266 0.1516543490 0.1547012821 0.1528521701
0.1593852421 0.1573005913 0.1363837937 0.1752331247 0.1494702995 0.1217778692 0.1561559523 0.1354953183 0.1737866893 0.1839085318 0.1177786845 0.1601365497 0.1668186846 0.1194896593 0.1872092119 0.1956616867 0.2159051109 0.3539033400 0.4901714522 0.6604914515 0.8498605712 0.8390526167 0.8347697118 0.7326114584 0.5605472376 0.4257779635 0.2643049627 0.2355346581 0.1688265995 0.2109408957 0.1466845806 0.1651152057 0.1642641095 0.1626885826 0.1866068541 0.1878743231 0.1343460113 0.1761652611 0.1712947529 0.1927214701 0.1696593702 0.1870617211 0.1833885861 0.1928906294 0.1498279216 0.1749150277 0.1189746551 0.1676663804 0.1784969619 0.1679148209 0.1856302049 0.2079126448 0.2898912770 0.3410376651 0.4698645205 0.6738567365 0.8134542854 0.8551598164 0.8827249621 0.7750265917 0.6354638621 0.4613060579 0.3807764852 0.2317065426 0.2195135712 0.1357413087 0.1809968169 0.1760595156 0.1365524737 0.1861936969 0.1525051471 0.1980254518 0.1119954898 0.1736278400 0.1879359069 0.1593360502 0.1831941037 0.1268414286 0.1195025886 0.1507673795 0.1966446650 0.2161652039 0.1559241246 0.1654427457 0.1813340749 0.1492224047 0.1659994167 0.1932519285 0.2118370219 0.3090993908 0.4382807495 0.6194116227 0.7237289288 0.8414478138 0.9020097425 0.8422691479 0.6631061551 0.4817395399 0.3574882578 0.2703770302 0.2003444843 0.1590138608 0.2275741874 0.1821209198 0.1824355794 0.1221573762 0.2120548672 0.1959052599 0.1838373068 0.2038575595 0.1754813870 0.1650117020 0.1802452461 0.1680113497 0.1316760604 0.1220070861 0.1363842372 0.1590194554 0.2068791835 0.1755401455 0.1547228581 0.1732471197 0.1553661680 0.1901532129 0.2034259065 0.3305993231 0.3825420515 0.5759571618 0.7031257664 0.7996141371 0.9170771826 0.8569873580 0.7076108669 0.5419068437 0.4221273018 0.2989030401 0.2548040657 0.1846617361 0.1865641411 0.1580669395 0.1995425110 0.1509764851 0.1402121098 0.1754424330 0.1757818106 0.1730396940 0.2060754777 0.1859590732 0.1660111763 0.1734082593 0.2052807316 0.1289569872 0.2089594652 0.1730398182 0.1524296981 0.1770475216 0.1859856272 0.1873005990 0.1847693130 0.1871722572 0.2326670081 0.3274429445 0.3696537339 0.4639062198 0.6175995494 0.8093776667 0.8854119395 0.8881607566 0.7369090389 0.5604603752 0.4293307777 0.3087021785 0.2409322966 0.2284698766 0.2014453037 0.2566765204 0.1835312987 0.1808326405 0.2170919519 0.1389298071 0.1948475167 0.1855874998 0.1343652194 0.1396656296 0.1224107377 0.1632105870 0.1660401557 0.1387102484 0.1623672835 0.2348560193 0.1977509293 0.1435180006
0.1120790312 0.0856055548 0.1652839962 0.1725011876 0.1626891785 0.1876715152 0.1630564009 0.1389364004 0.1445111912 0.1370207006 0.1275628300 0.1387223338 0.1577976238 0.1411291219 0.1874046089 0.1986917305 0.2775918808 0.3348862861 0.5291820915 0.6645305321 0.8055853526 0.8774978996 0.8622256624 0.7652121018 0.5734824422 0.4060755728 0.3417066858 0.2496112960 0.1796714981 0.1394942202 0.1763123980 0.1344728276 0.1845354234 0.1776809023 0.1385557372 0.1824368514 0.1525154949 0.1460853188 0.1835180858 0.1540698818 0.1774907170 0.0967808146 0.1680491897 0.1587075921 0.1831349663 0.0537451961 0.1440007630 0.1478869644 0.1441030605 0.1919754721 0.1503014365 0.1918612936 0.2809551754 0.3259281155 0.4960308402 0.6381118798 0.7677408056 0.8143676649 0.8425338396 0.7722150896 0.6471793248 0.4835295464 0.3327172890 0.2334470145 0.2182348014 0.1910862184 0.1568660507 0.2101447862 0.1611200115 0.1956615400 0.1565270690 0.1774991437 0.0968643519 0.1390562954 0.1519443757 0.1694735593 0.1579789065 0.1318529755 0.1519733625 0.2161708353 0.1157960094 0.1956476892 0.1261662676 0.1601139571 0.1920570862 0.1593429404 0.1669900206 0.1647108468 0.2558845472 0.3033780618 0.4270330928 0.5878167203 0.7368968195 0.8827657078 0.8768291356 0.8197682278 0.6916142799 0.5599145005 0.3672163892 0.3009805794 0.1362066899 0.1835145373 0.1643602911 0.1216999926 0.2102320360 0.1418737463 0.1039751241 0.1600541870 0.1870998805 0.1446861082 0.1674733941 0.1552325517 0.1261083690 0.1953885282 0.2104111221 0.1257578125 0.1570600738 0.0938413533 0.1761074220 0.1653961867 0.2051878677 0.1772207663 0.1946564986 0.1443450819 0.2153890063 0.2746486609 0.3726862533 0.5134872655 0.6858873599 0.8284544870 0.8937078699 0.8061674375 0.6927338859 0.5659893174 0.4341580530 0.2913839390 0.2306025842 0.2161005239 0.2124530627 0.1745965558 0.1867879977 0.1576449283 0.2036250408 0.2032281238 0.1836662865 0.1586863752 0.1087815133 0.1296887102 0.2179058125 0.1504884902 0.1977463679 0.1716088695 0.1566370278 0.1756841794 0.1546335226 0.1804530428 0.2098123707 0.1843007110 0.1651265710 0.1553212780 0.2401033130 0.2880345355 0.2914404064 0.5048096910 0.6373221752 0.7980716796 0.8846991552 0.8742928645 0.7718282855 0.5895976970 0.4492864780 0.3194892114 0.2099857957 0.2051322488 0.1904072055 0.1473790083 0.1507455866 0.1729066334 0.1693081949 0.1266201019 0.1619758338 0.1834801794 0.1957666425 0.2159643424 0.1318963684 0.1926763627 0.1895010279 0.1824530440 0.1839063162 0.1592411707 0.1900668051 0.1120831557
0.1354218917 0.1450514385 0.1705776681 0.1695144671 0.1443100784 0.0980958831 0.1615119031 0.1754042553 0.1279759592 0.1513054011 0.1887407804 0.1454744293 0.1958243895 0.1499543357 0.1506332556 0.2285075233 0.2255961059 0.3640628333 0.4504166758 0.6514539259 0.8309567142 0.8502296179 0.8107124331 0.7161055565 0.5615761089 0.4346269775 0.2750491859 0.2602338257 0.2353952726 0.1647560685 0.2224551116 0.1843698788 0.1305917553 0.1299928929 0.1766272126 0.1279615494 0.1694750033 0.2019900399 0.1808119256 0.1836847524 0.1232758358 0.1393010776 0.1500550945 0.0840844967 0.1901588754 0.1480565167 0.1166472906 0.2184471523 0.1138663269 0.1796317708 0.1581410246 0.1611385828 0.2135731622 0.3056388110 0.4440996269 0.5716140501 0.7887055390 0.9348920399 0.9001094830 0.7576615609 0.6146457964 0.5093653081 0.3461090912 0.1538814685 0.1610356695 0.2020066267 0.1832900178 0.0992479903 0.1353006632 0.1882440667 0.0914963942 0.1339223683 0.1617826206 0.1423069908 0.1405739931 0.1833950746 0.1427485540 0.1441169095 0.1324210239 0.1826489426 0.1071477009 0.1384459570 0.1222423649 0.1497444076 0.1114674961 0.1401185696 0.2099812070 0.1772148230 0.2677269591 0.2565423415 0.3724835429 0.5770861640 0.7320015140 0.8527408112 0.8765850126 0.7786926661 0.6824524123 0.5109113162 0.3911565833 0.2636519396 0.1979085200 0.1675806457 0.1994167283 0.1720961573 0.1875508966 0.1512420993 0.1924727013 0.2007287153 0.1991188348 0.1847503566 0.1846478300 0.1232790663 0.1490123507 0.1669331273 0.1378493381 0.1542351931 0.2122993093 0.1707562668 0.1598099220 0.1518061992 0.1018334509 0.1282160838 0.1791878664 0.1703126461 0.2513710984 0.2655734003 0.3630088151 0.5174137772 0.6600125505 0.8263004985 0.9059426365 0.8533145174 0.7490885297 0.5813322401 0.3636611889 0.3157401667 0.1852079581 0.2582484223 0.1994325880 0.1867199258 0.1453623867 0.1450950960 0.1907073878 0.1452936057 0.1429383750 0.1847529544 0.1626891695 0.1771740832 0.1705859039 0.1585114174 0.1451060826 0.1766557382 0.1672501069 0.1389222562 0.1599352150 0.1755903971 0.1971047752 0.1804040116 0.1284478316 0.2038264568 0.1694239516 0.2493346839 0.3479478324 0.4557231689 0.6438474425 0.7553577781 0.8857652601 0.8647107478 0.7990230369 0.6341954287 0.5013093611 0.3057723999 0.2361878833 0.2307919975 0.1269476107 0.1687789765 0.1455007037 0.1529103478 0.1520898169 0.1911910495 0.1991028673 0.1563260623 0.1956928145 0.1627600308 0.1669215977 0.1620642986 0.1576717106 0.1740262242 0.1283896526 0.1692404007 0.1644371089 0.1964407394
0.1104780769 0.1723289815 0.1537934459 0.1365598284 0.1162911540 0.1344922470 0.1526623537 0.1320110240 0.1410980822 0.1408018236 0.1011854608 0.1709881071 0.0957790089 0.1345205079 0.1591004799 0.2111088118 0.2376440525 0.3273929699 0.4718363314 0.5963292339 0.7732193329 0.8503490280 0.8660841861 0.7253525188 0.6321632501 0.4248574867 0.2759835340 0.1844729254 0.2137200950 0.1814518440 0.2023023488 0.1968735286 0.1299139176 0.1811549862 0.1367961549 0.1500964068 0.1209112117 0.1235350126 0.1563036710 0.1675831861 0.1229929782 0.1369425100 0.1568377079 0.0963400891 0.1466841535 0.1371007505 0.1538728121 0.1361747706 0.1000513065 0.1543242118 0.1516186910 0.2035167599 0.2290114834 0.3024234992 0.4444332578 0.5271061580 0.7143600093 0.8374807405 0.8766885313 0.8105920144 0.6100362604 0.4765087873 0.3236895886 0.2615755570 0.1970752096 0.1864206250 0.2118942656 0.1381374611 0.1094746073 0.1053247171 0.1735717590 0.1516303559 0.1380167087 0.1416565828 0.1984671655 0.1429309364 0.1733602741 0.1528700271 0.2143644450 0.1195769419 0.1835926496 0.1124596242 0.1356814616 0.1391700388 0.1213876077 0.1323739054 0.1905480716 0.1683484999 0.2425986741 0.2620310167 0.4002097837 0.5609906018 0.7424391517 0.8001939310 0.8682824325 0.8611588685 0.6922215832 0.5482389657 0.4150823301 0.2766341441 0.1892427285 0.1530987468 0.1395020863 0.1472366673 0.1736816867 0.2184676891 0.1371004940 0.1511561564 0.1768623860 0.1269341367 0.1296972060 0.1814082498 0.1629872531 0.1293280216 0.1521510617 0.1663908714 0.1672259989 0.1562373262 0.1474855976 0.1403542925 0.1477030854 0.1528956148 0.1649963340 0.1521973103 0.1922717189 0.2423618597 0.3433365650 0.4294695226 0.6526682069 0.8246384341 0.8591152542 0.8720954099 0.7228833731 0.5724966000 0.3972332165 0.2828135849 0.2474257754 0.2256965843 0.2018393993 0.1668783143 0.1737527841 0.1407015856 0.1304447775 0.1094965592 0.1793823182 0.1528409336 0.1372949584 0.1470751092 0.1785004069 0.1475047554 0.1911023313 0.0987346348 0.0968023832 0.1348967446 0.1681573308 0.1977531701 0.1226590382 0.1458307736 0.1354488553 0.1464786314 0.1381139312 0.2225005541 0.3409632506 0.4741317594 0.6471772484 0.8059137178 0.8903546586 0.8702075435 0.7749901742 0.6654816257 0.4814107774 0.3748076769 0.2168606835 0.1771376837 0.1998417411 0.1648920558 0.1795232009 0.1960508238 0.1056778132 0.1489596227 0.1345688851 0.2156406126 0.1336554877 0.1687215746 0.1788932445 0.1423839071 0.1532703253 0.1437958489 0.1836601512 0.1542474280 0.1788258347 0.2073488635
0.1015703575 0.1158053992 0.1347589610 0.1440102942 0.1048001753 0.1623600514 0.1499998567 0.0794620832 0.0782211549 0.0974537411 0.1121676734 0.1368148980 0.1210801169 0.1367619245 0.1464224673 0.2159940577 0.2115524109 0.3174616364 0.4619342444 0.5682191705 0.7443759925 0.8720216408 0.8429085639 0.7520826342 0.5822056555 0.4669974399 0.3080683826 0.1638941973 0.1764631920 0.1406562003 0.1069058223 0.1430926514 0.1795497221 0.1070552696 0.1266887949 0.1215294841 0.1558220743 0.1389476727 0.1523758780 0.1459650441 0.1439793272 0.1720182239 0.1391593513 0.1821227776 0.1675870085 0.1039437334 0.1068663984 0.1302620764 0.1808160709 0.1932237025 0.1790921871 0.1545045938 0.1774793429 0.3254811074 0.3882816008 0.5220609344 0.7004330932 0.8399128677 0.8483844724 0.7979829043 0.6621979146 0.5332088877 0.3429471927 0.2600694454 0.1773408504 0.1504043795 0.1392506650 0.1246044287 0.1728804558 0.1459162550 0.1236864093 0.1338812442 0.1546502599 0.1209035557 0.1612683660 0.1391078263 0.1708226626 0.1439776208 0.1386779725 0.1650005570 0.1517931469 0.1567436073 0.1989626052 0.1572684584 0.1394490680 0.1515371543 0.1628422043 0.1350267402 0.1639187265 0.2135342974 0.3479356896 0.5394641978 0.6467499742 0.8228861237 0.8901202391 0.8080189199 0.7225215533 0.5393676008 0.3669551604 0.2620256394 0.1973319097 0.1631647692 0.1382990062 0.1368105935 0.1413592757 0.1348210065 0.1418941701 0.1523083026 0.1420073124 0.1676864358 0.1648101006 0.1339582580 0.1725854694 0.1327788051 0.1801418315 0.1281714351 0.1477871152 0.1083325601 0.1635461857 0.1485403951 0.1542824835 0.1686381249 0.1687324602 0.1672663922 0.1779207198 0.1925583941 0.3634807854 0.4811875482 0.6640795499 0.7879106387 0.8918926475 0.8524263814 0.7380642543 0.5649896950 0.3964561691 0.2927017010 0.2318741520 0.1887707924 0.1552510010 0.1337892472 0.1845352806 0.1390635224 0.1125800059 0.1545568130 0.2352321974 0.1249225534 0.1852108163 0.1104610942 0.1173960923 0.1444427842 0.1844580596 0.1528377327 0.1966425870 0.1977740722 0.1486145979 0.1610661937 0.1294933079 0.1749415393 0.1391672151 0.1861898969 0.1792345761 0.2271398293 0.3392444174 0.4785051916 0.5827430743 0.7875602968 0.8347933422 0.8515521533 0.7596388045 0.6408120640 0.4414505005 0.3529769708 0.2629360278 0.1430038573 0.1572490361 0.1851498131 0.1320319309 0.1369444160 0.1354402653 0.1896013309 0.1709266233 0.1617768141 0.1594378057 0.1796032414 0.1639460654 0.1641488155 0.1470945618 0.1117615927 0.1767708118 0.1598667189 0.1544008962 0.1737643607
0.1195134221 0.1366904574 0.2031879103 0.1338852388 0.0960890770 0.1185942401 0.1554332477 0.1131708285 0.1532858227 0.1546678390 0.1415302921 0.1643298378 0.1741052791 0.1734589772 0.1632112374 0.1276200177 0.2260807435 0.3490918877 0.4187225483 0.6141482790 0.7085895380 0.8693041727 0.8029810730 0.7160823162 0.6302800992 0.3917129898 0.3232558282 0.2714119807 0.1916431852 0.1465228194 0.1391453071 0.1229502324 0.1590430657 0.1503234584 0.1585433405 0.1740443208 0.1374847388 0.1687831540 0.1352251643 0.1568018945 0.0911596810 0.1524481436 0.1246081655 0.1508597799 0.1157771979 0.1681376414 0.0978732190 0.1047681567 0.1133803128 0.1264661304 0.1677414705 0.1724875736 0.2188425263 0.2666715380 0.4013715632 0.5781937687 0.6992018793 0.8243754863 0.8733617080 0.7844610136 0.6821137563 0.4649051179 0.3673134457 0.2099932743 0.1671974064 0.1736431508 0.1528180459 0.0767907023 0.1528805952 0.1694612353 0.1629712669 0.1449435825 0.1128955670 0.1123475266 0.1227335911 0.1560160477 0.1579943100 0.1637019678 0.1291428114 0.1424231701 0.1765295184 0.1637564196 0.1318724641 0.1333069803 0.1361253319 0.1497762753 0.1414854054 0.1888701948 0.2146711626 0.2725146453 0.3769692809 0.4761582269 0.6561866859 0.8336176648 0.8547815618 0.8184338510 0.7422391076 0.5757062224 0.3966022504 0.2984764549 0.2129318281 0.1870964940 0.1535156878 0.1299277493 0.1755580433 0.1792314014 0.1600366492 0.1282684842 0.1376372901 0.1472087199 0.1269217969 0.1342321681 0.1623292529 0.1560579837 0.1573242494 0.1150739406 0.1616985263 0.1533645828 0.1397909648 0.1556133182 0.1360983569 0.1402357627 0.1860624347 0.1817301627 0.1967879962 0.2102856694 0.3179405217 0.4471812773 0.6339181976 0.8106161697 0.8215940157 0.8251698985 0.7641594727 0.6027637270 0.4197174776 0.2848960162 0.2460068964 0.1316040429 0.1645745607 0.0840419471 0.1652735614 0.1613504525 0.1827828927 0.1586182050 0.1216677469 0.1628105823 0.1087426122 0.1606505164 0.1624944957 0.2204703692 0.1353643772 0.1742805107 0.1456447751 0.1266520807 0.1101883580 0.1823420067 0.1696141503 0.1687128889 0.0957092287 0.1165791995 0.1954470913 0.2636858530 0.2958008993 0.4508932896 0.5777092020 0.7286813890 0.8527273957 0.8903472434 0.8251517542 0.6503119771 0.5108336508 0.3473135183 0.2366357818 0.2143538556 0.2007130703 0.1629521409 0.1683339170 0.1364609941 0.1401873283 0.1580192443 0.1042953776 0.1748505870 0.1252798999 0.1751542308 0.1500357268 0.1693434038 0.1585727523 0.1445857547 0.1595281348 0.1601941575 0.1394311838 0.1340031273
0.1231686936 0.1143015549 0.1454172536 0.0989695520 0.1017485617 0.1389671815 0.1213281511 0.0784099716 0.1879417582 0.1413763915 0.1535425881 0.1272356291 0.1186575978 0.1595017540 0.1703155334 0.1799154714 0.2115702587 0.3219351979 0.4410954373 0.5652733407 0.6907273250 0.8479516050 0.8229543723 0.8026819713 0.6461299356 0.4423805626 0.2531611041 0.2293633969 0.1840531545 0.1664006816 0.1267822528 0.2162883397 0.2235760773 0.1210504911 0.1918194482 0.1130826240 0.1766162317 0.1568645590 0.1615589546 0.1644895880 0.1451595126 0.1145883398 0.1819337666 0.1706932712 0.1466844008 0.1297106097 0.1556317682 0.1599006850 0.1660338851 0.1960302203 0.1302183061 0.1550930494 0.1742346543 0.2591819312 0.4181886823 0.5464185585 0.7533725005 0.8098640476 0.8534940068 0.8086738217 0.6844795844 0.5248577555 0.3532974474 0.2595971446 0.1666717239 0.1739879083 0.1693242481 0.1279940881 0.1284216997 0.1617024420 0.1133237117 0.1057469784 0.1328357702 0.1766209681 0.1467326941 0.1556829235 0.1920507904 0.1344533334 0.1659842816 0.1752919422 0.1743594495 0.1620211195 0.1409078441 0.1420235998 0.2102341066 0.1816239368 0.1437996988 0.1467894624 0.1993787374 0.2447277661 0.3631678477 0.4830491087 0.7075845521 0.7317706036 0.8331517532 0.8301594599 0.7320546190 0.5407355561 0.4100594489 0.3234627239 0.2605243826 0.1808636878 0.1252331930 0.1610386772 0.1414757756 0.2084271163 0.1990947623 0.1534373692 0.1773832841 0.1277374718 0.1854453276 0.2014678470 0.1401649219 0.1153674765 0.1400904318 0.1306785320 0.1902662250 0.1570655424 0.1590854442 0.0970773278 0.1620428033 0.1290227198 0.1765728914 0.1588435252 0.2030430438 0.2625530391 0.3247618650 0.4388334211 0.6250219826 0.7446253841 0.8106698395 0.8798529523 0.7935549747 0.5907792256 0.4389710863 0.3288627665 0.2640970107 0.1375050327 0.1532333920 0.1164395036 0.1848742654 0.1608591209 0.0825565624 0.1573391461 0.1651721884 0.1767553870 0.1528069642 0.1488861201 0.2003493128 0.2080209007 0.1573526412 0.1378813854 0.1366813584 0.1264338128 0.1727016026 0.1323414721 0.1654916112 0.1375930824 0.1668579091 0.1912537841 0.2005137436 0.2721061641 0.3115714609 0.4094188914 0.5689489171 0.7388161240 0.8562273553 0.8692884985 0.7754764146 0.6096948965 0.5229003825 0.3678668860 0.2589254223 0.2226853282 0.1561468049 0.1767390572 0.1877670355 0.1554631554 0.1314121808 0.1737521977 0.1530394936 0.2024419117 0.1674944329 0.1578793442 0.1821685313 0.1988751921 0.1765048629 0.1842168188 0.1968167080 0.2092351494 0.1579321366 0.1754742195
0.1660705862 0.1456758519 0.1131298168 0.1401946518 0.1405801286 0.1308500400 0.1369449616 0.1358000813 0.1345510137 0.1579433774 0.1453584607 0.1502334526 0.1225326092 0.1196534450 0.1085864914 0.1563228269 0.1689067361 0.3025050769 0.3987031959 0.5973529043 0.7177511007 0.8643776395 0.8672756004 0.7579528890 0.6662468019 0.4485225808 0.3146795939 0.2324214696 0.1349195905 0.1846572714 0.1925732412 0.1634946453 0.1736912159 0.1289431354 0.1587437373 0.1470532005 0.1522325827 0.1553897752 0.1313754720 0.1472118501 0.1662067049 0.1876810169 0.1751899126 0.1162185252 0.1986111224 0.1647863009 0.1625533706 0.1287085538 0.1403247925 0.1442038335 0.1293385156 0.1869176469 0.2349634476 0.2692504679 0.3677158891 0.5100704235 0.7088289563 0.8374338555 0.9178014064 0.8139577696 0.6844423850 0.5290853526 0.4043586538 0.2106912363 0.1799849042 0.2162585975 0.1409752639 0.1891260486 0.1716153222 0.1481174318 0.1298765803 0.1655263328 0.1571635796 0.1558172380 0.1420999761 0.1204554582 0.1716278964 0.1483125555 0.1450005550 0.1306268156 0.1609244900 0.1364492912 0.2612029216 0.1815920250 0.1452668585 0.1106460204 0.1589749077 0.1776078143 0.2162119107 0.2631928740 0.3815183738 0.5043541815 0.6479680741 0.7548756052 0.8986229273 0.8303066168 0.7559795779 0.6266919724 0.4167413028 0.3053866577 0.2587885699 0.1804071417 0.1674718787 0.2113821775 0.1757811178 0.1770127046 0.1905690320 0.1236022458 0.1462994010 0.1711743949 0.1780977208 0.1838953753 0.1812093586 0.2181582917 0.1440964121 0.1740233180 0.1625968405 0.1622645446 0.1726031807 0.1094906059 0.1650958526 0.1458128867 0.1756389274 0.1753740025 0.2332063112 0.1747519351 0.3060641441 0.4773145312 0.6093646156 0.7459415921 0.8489334828 0.9521503959 0.8100265982 0.6222981336 0.4638717511 0.3140602195 0.2510587514 0.2401604332 0.2127378349 0.1772276606 0.2082508498 0.1758134920 0.1557207218 0.1804697809 0.1634733593 0.1717064546 0.1603449907 0.1773674504 0.1466688141 0.1048124515 0.1805740645 0.1938109380 0.1393183862 0.1792209625 0.1605410349 0.0826247332 0.2067666786 0.1591640984 0.1650266667 0.1327700627 0.2133170300 0.2448322865 0.3095328253 0.3827135047 0.6224001345 0.7592923028 0.8187978347 0.8823006355 0.8238091131 0.6587854076 0.5588530978 0.3874071123 0.2314618495 0.2100046085 0.2045995775 0.1555638127 0.1728429296 0.1856127051 0.2037863533 0.1304912454 0.1685128657 0.1423252638 0.1259094324 0.1899621585 0.1880948007 0.1768535699 0.2001482464 0.1412107591 0.1477462900 0.1981998299 0.1628194945 0.2187945682
0.1722401529 0.1822026643 0.1083737867 0.1290730347 0.1873094562 0.1360858521 0.1438819163 0.1649581661 0.1027740160 0.1169001617 0.1510509705 0.1710799711 0.1024323516 0.1113275742 0.1445023019 0.1968299320 0.1975555187 0.3016388515 0.3956246160 0.5259780954 0.7285373765 0.8567158946 0.8879335723 0.7534585340 0.6200551834 0.5030156753 0.3678790259 0.2551314553 0.2051816603 0.2112383605 0.1761554813 0.1272539843 0.1665547355 0.1434709555 0.0630202975 0.1629445811 0.1282864127 0.0949649635 0.1727517173 0.1014684927 0.1631621970 0.1722904681 0.2476178260 0.1620245078 0.1207867092 0.1186154829 0.1851032673 0.1800368352 0.1534122356 0.1232399643 0.1935267870 0.1935581359 0.2233725506 0.2957506741 0.3576619115 0.6050155253 0.6530644414 0.7822893147 0.9114912550 0.8369679388 0.7648034373 0.5646842175 0.4249493508 0.2613891545 0.2226868058 0.1678497061 0.1918449937 0.1707208885 0.2097745234 0.1540534147 0.1253311938 0.1901079269 0.1561731297 0.1477531239 0.1949555737 0.2028782012 0.1869002880 0.1812692784 0.1783156778 0.1381525289 0.1163671967 0.1855341728 0.1805787222 0.1585765468 0.1460284109 0.1742536994 0.1784186487 0.1579764516 0.1876894721 0.2743013892 0.3763732945 0.5157522844 0.6584051820 0.8098840186 0.8462635375 0.8917154411 0.7195925883 0.6094101610 0.4325424134 0.3359595725 0.2733388396 0.1813182182 0.1749837964 0.1609702859 0.1786500235 0.2387650780 0.1684718273 0.1691717026 0.1233092200 0.2153620469 0.1504009281 0.1606085315 0.1825289013 0.1908010869 0.1542662023 0.1136537970 0.1478132107 0.1298969494 0.1264098683 0.1617971275 0.1627650825 0.1904012485 0.1637511578 0.1749443562 0.1795770315 0.2249158177 0.3260823177 0.4516188166 0.5866553130 0.7776481289 0.8550272283 0.8367766052 0.7650828641 0.6910422682 0.4873573588 0.3706471813 0.2886592357 0.2304474769 0.1702897936 0.1909957495 0.1273281357 0.1418955543 0.1791229005 0.1561581781 0.1803614315 0.1851624602 0.1392091764 0.1495111379 0.2170100473 0.1559485113 0.1882911498 0.1704016463 0.1737695479 0.1527034903 0.1907650554 0.2169753941 0.1670541671 0.1451700722 0.1532973078 0.2048908346 0.1907597130 0.2316844696 0.2547727135 0.4185953414 0.5650982609 0.7510659672 0.8027847076 0.9264993270 0.8032080850 0.6969368591 0.5312923376 0.4369570167 0.2427227292 0.2285191951 0.1738833882 0.1727164179 0.1394896659 0.2043022975 0.2401457721 0.2353355432 0.1833764497 0.1594817340 0.1725808227 0.2032723389 0.1665288623 0.1411669860 0.2170756464 0.1591021702 0.1879027213 0.1902907918 0.1964154024 0.1539105065
0.1946361823 0.1181574521 0.1811809674 0.1446858452 0.1418578932 0.1693936393 0.1374342033 0.1364857722 0.1707398730 0.1578137334 0.1863362974 0.1381603032 0.1668928829 0.1659783403 0.2177141666 0.2387547726 0.2091633558 0.2581025855 0.4138763567 0.5445681248 0.8129627293 0.8452733373 0.8758954679 0.8077527842 0.7109183586 0.4995525185 0.4113298351 0.2789852429 0.1896776808 0.2020318271 0.1706046602 0.1993539202 0.1400155395 0.1304965515 0.1933653844 0.1884679464 0.2221421394 0.1408604881 0.1348633111 0.1452762026 0.1652764199 0.1460974255 0.1347216780 0.1571927730 0.1535776697 0.1669120286 0.1412944752 0.1469300535 0.2001866965 0.1626827012 0.1858313829 0.1296362227 0.1991854415 0.2630767644 0.3690779764 0.4969653088 0.7119547930 0.8201926356 0.8530160740 0.8356539474 0.7114783184 0.6582822381 0.4097630812 0.3079997358 0.2394794314 0.1525168117 0.2076458985 0.1378225128 0.1714597648 0.1131968000 0.1718608790 0.2467677999 0.1909580816 0.1336240816 0.1737374970 0.1744679715 0.1582874357 0.1756753732 0.1799672590 0.1431683196 0.1909188145 0.1269543468 0.1649979749 0.1718923741 0.1475628681 0.1785702919 0.1566244549 0.1985225721 0.1966596140 0.2403873426 0.3266887198 0.4649578042 0.5834252942 0.7833318447 0.8679899491 0.8392756726 0.7556402433 0.6135701890 0.5035939890 0.3652993864 0.2813045155 0.1678509345 0.1673867739 0.2166039707 0.1847743643 0.1935040098 0.1765751275 0.1923379793 0.1556793175 0.1532582172 0.1647204066 0.2062051388 0.1524655264 0.1527652900 0.1598914709 0.1524402324 0.1786199462 0.1836327453 0.1955996267 0.1395651648 0.1978523295 0.2269217207 0.2000286331 0.1540208299 0.2481947632 0.2667975150 0.2886593980 0.4672320933 0.5914872245 0.7123776292 0.8758101508 0.8377174657 0.7491768674 0.6846073425 0.5433224358 0.3514834023 0.2651967903 0.1914731104 0.2093391885 0.1937090122 0.1780808485 0.1912551832 0.1563594086 0.1720431556 0.1952299218 0.1380210347 0.1868085316 0.1929408672 0.1943488914 0.1455151537 0.1690217603 0.1885814567 0.2176227133 0.1411457083 0.1601136730 0.1552361228 0.2110560136 0.1593530949 0.1754774274 0.1935303147 0.1908260111 0.2148841567 0.2652763362 0.3569496011 0.5421298051 0.7096116015 0.8077338665 0.9038909511 0.8878185501 0.7211872739 0.5632852170 0.4484376490 0.2758342066 0.2781436543 0.1422860607 0.2095741616 0.1725604236 0.1847185363 0.1748495402 0.2479362810 0.1805130939 0.2118473198 0.2256953811 0.1614710956 0.1185509950 0.1573706939 0.1997005205 0.1255707979 0.1855963677 0.1823713295 0.1917039608 0.1874679867
0.1597048914 0.1953175215 0.1384126901 0.2062191590 0.1597110254 0.1741086715 0.1547465919 0.1896140877 0.1337450640 0.2162486017 0.1496693679 0.1200702117 0.1655617396 0.1417408401 0.1776184037 0.1982384329 0.2271282996 0.2276392624 0.4290542419 0.5530794400 0.6908275253 0.8445698156 0.8857493811 0.8615510189 0.7571997515 0.5720827707 0.3671344921 0.2409407363 0.2143085664 0.1986222988 0.2043921643 0.1953152476 0.1664353923 0.1841806123 0.2068735783 0.1946837351 0.1992805073 0.1597132892 0.1894554745 0.1954913565 0.2022514008 0.1760984022 0.1802403176 0.1617710538 0.1625216690 0.1555236045 0.2130508775 0.1585962188 0.1758967011 0.1635000793 0.2160242685 0.2032052687 0.2541949168 0.3188487456 0.3299376262 0.4471805352 0.6390806117 0.8068413730 0.9005040128 0.8480142916 0.7288701797 0.5973104101 0.3941344957 0.3264778904 0.2612248417 0.1841907303 0.1648637934 0.1988005936 0.1719447017 0.1596373281 0.1750589374 0.1390115383 0.1660092449 0.1995671974 0.1910758838 0.1367605776 0.1809458486 0.1493458993 0.1720171236 0.1568987990 0.1902559354 0.1606024292 0.1576246040 0.2067898750 0.1961665536 0.1920210638 0.1444294616 0.2082216725 0.2631268143 0.2432151046 0.3079115366 0.4468314864 0.6407401222 0.7613369544 0.9142104388 0.8260723997 0.8018999370 0.6576992539 0.4967843156 0.3614509898 0.2905949360 0.2229065308 0.2043566660 0.1827974426 0.1862371382 0.1691325167 0.1924900713 0.2045568660 0.1830627747 0.2169693043 0.1641397428 0.1648564489 0.1999267363 0.1328615795 0.2122022592 0.2150308615 0.1584611321 0.1577296849 0.1629826067 0.1453744810 0.1499644747 0.2551843595 0.1736917720 0.2736343937 0.1789702064 0.2343742454 0.3129217009 0.4180253209 0.6070210356 0.7489531950 0.8113399127 0.9271963982 0.8797573358 0.7059616458 0.5013428751 0.4203049264 0.2802821026 0.2018855731 0.1891391873 0.2104382070 0.1846172638 0.1994276810 0.1928948129 0.2169512352 0.2188734567 0.1680689394 0.1765255975 0.1523622635 0.1435036186 0.1399665189 0.1785269665 0.1492718697 0.1245070534 0.2139497546 0.1371395886 0.1602889575 0.1467570817 0.1334955489 0.1776243501 0.1860748728 0.2335138683 0.2904941126 0.2556211263 0.4403653011 0.5795561820 0.7055464400 0.7897985373 0.9189591752 0.8938581385 0.7707846441 0.6215158222 0.4186432709 0.2845769285 0.2791477877 0.2184450010 0.1772172599 0.1531769062 0.1834263385 0.1993263884 0.1873873546 0.1436738497 0.1995030167 0.1615675803 0.2113939346 0.1569604301 0.1921954625 0.1771654337 0.1743840447 0.1509982047 0.2811224752 0.2159609324 0.2295635994
0.1372575527 0.1971507460 0.1320731513 0.2314496817 0.1881721747 0.1463588088 0.1323533599 0.1829068523 0.1286109637 0.1979235104 0.1578592686 0.2015266794 0.1983503316 0.1599799424 0.2192499836 0.2206146140 0.2211992240 0.2432219009 0.4227403433 0.5149902346 0.6812864092 0.8405238224 0.8871765072 0.8607494904 0.7362128311 0.5808922569 0.4436506137 0.2811060445 0.2322609122 0.1787753290 0.2249338541 0.1874916391 0.1838371454 0.1917924819 0.2394674942 0.2473741941 0.1960245718 0.2071285833 0.1680967044 0.2164980458 0.1937265276 0.1913731422 0.1751042943 0.1603374779 0.1834663382 0.1585282221 0.1217565148 0.2092387711 0.1856589041 0.1721841275 0.1722514141 0.1644815430 0.2358175723 0.2334206631 0.3580183019 0.4922897272 0.6181259992 0.8002111958 0.8721643210 0.9358913814 0.7668872776 0.5851959854 0.5027675718 0.3283379055 0.2709296404 0.2076065732 0.1973674832 0.1786904265 0.2186946231 0.2304651951 0.2681336492 0.1640675457 0.1789544133 0.2158576494 0.2107219666 0.1618996224 0.2279871664 0.1612259585 0.2137471207 0.1326918668 0.2394906829 0.2174494772 0.1580287902 0.1930098697 0.2049794151 0.1975093108 0.2169007758 0.1843200482 0.2551236472 0.2454082295 0.3454457479 0.4381101007 0.6827629805 0.7559062522 0.9104860332 0.9192144750 0.7785828901 0.6564991963 0.4769645895 0.3150523009 0.2961025718 0.1713536346 0.1843127310 0.2126401669 0.2096727559 0.1204808079 0.1881912890 0.1541500597 0.2196025759 0.1896846394 0.1589653259 0.1941417200 0.1972169105 0.2011903259 0.2372907738 0.1680155776 0.2016066171 0.2024177538 0.2417932598 0.2096376418 0.1645582517 0.1519424827 0.1916044226 0.1644035522 0.2565568612 0.2422404822 0.3264874646 0.4152231337 0.6273888697 0.7285508517 0.8688692184 0.8637984991 0.8431388222 0.7455579628 0.5668496954 0.3812189530 0.2559403546 0.2097518210 0.2269424489 0.2291001191 0.2077211232 0.1809374542 0.2326437761 0.1980774657 0.1995559611 0.2054201244 0.1986744151 0.2073152073 0.1773776933 0.1987391017 0.2387035318 0.1933704164 0.1845204064 0.2166989885 0.1591544208 0.1890622108 0.1655742537 0.1818734093 0.1699397053 0.2511532155 0.2146153353 0.2764530361 0.3423777606 0.3919174622 0.5047830259 0.7186608928 0.8114541610 0.9285051496 0.9083597007 0.7742009615 0.5529674805 0.4137189750 0.3557638688 0.2440183064 0.2120573046 0.1993106784 0.1586078178 0.1676555852 0.1666512912 0.2009487531 0.2028131616 0.2031169488 0.1773025079 0.1769539972 0.1916465685 0.2498654895 0.1439605236 0.1948411480 0.2278093032 0.2185307137 0.2038657805 0.1742141493
0.1957854199 0.2411113477 0.1952474270 0.1799399946 0.1926815332 0.2147745726 0.1815519868 0.2368488965 0.1762432618 0.1935598026 0.1389484630 0.1668267347 0.2119516382 0.1595357750 0.2258057578 0.1822178939 0.2214075160 0.2708326895 0.3478439852 0.5372045081 0.7077418042 0.8314727607 0.8894348120 0.8379000790 0.7784506101 0.5541270659 0.4470401184 0.3439747158 0.2341834344 0.2014280232 0.2073653083 0.2159405766 0.1982443328 0.2129420193 0.1227274797 0.1773853332 0.2158519748 0.2477094058 0.1845428259 0.1927262418 0.2307181283 0.1464885074 0.2013569801 0.2078022147 0.1614048564 0.1754271872 0.1594030128 0.2201672449 0.1614111388 0.1594319575 0.2015747755 0.2196889797 0.2075791867 0.2895756816 0.3157728503 0.5076695725 0.6496736536 0.7792817488 0.9276518713 0.8678891673 0.7541892421 0.6302432288 0.4769285300 0.3653401683 0.2594195374 0.2070669822 0.2061186044 0.1940497192 0.2165262116 0.1956816390 0.1408343646 0.1853336741 0.1894366554 0.1911824847 0.1825157342 0.2158763857 0.2204292283 0.2078235370 0.1647433009 0.1753099413 0.2160171866 0.1917473346 0.1585120819 0.1524147084 0.2099823130 0.1820486151 0.1953643321 0.1819713472 0.2350213387 0.2072095135 0.3451738550 0.4722415915 0.5867249400 0.7753725155 0.9033357495 0.9607489291 0.8509801165 0.7162605372 0.5507379009 0.4301679772 0.2776219207 0.2101997054 0.1755445893 0.1320963041 0.2504225688 0.2381151271 0.1891499684 0.1949009141 0.1841351213 0.2055224191 0.2646530747 0.1538530212 0.1696367979 0.1728506087 0.2093830378 0.1311607847 0.1582577476 0.1859125432 0.1276265063 0.1608626385 0.1997483620 0.1733574465 0.2028639894 0.1615325687 0.1849024102 0.2663716723 0.2682721079 0.4209859846 0.5301632187 0.7406072209 0.8498454364 0.8998067698 0.8710096721 0.7462803919 0.5620418615 0.4217981985 0.3186439017 0.1877250353 0.2300195059 0.1812947146 0.2060039446 0.1755492828 0.1708236416 0.2103036026 0.1836723329 0.1777997442 0.1949713843 0.1706779381 0.1706066396 0.1947037318 0.2036988360 0.2440657557 0.2182358176 0.1969637936 0.2141030571 0.2353221717 0.2183650969 0.2018930104 0.1926209487 0.2339820286 0.2084003294 0.1920646003 0.3256740721 0.3756220999 0.5614686534 0.6768329472 0.8366826110 0.9337932742 0.8746087279 0.8430670194 0.6487824889 0.4420412503 0.2921493518 0.3150544518 0.2719859934 0.1719150252 0.2441828157 0.1345288105 0.1974152919 0.1702670322 0.2700521613 0.1775730048 0.2399152239 0.1743050110 0.2308731576 0.2435995292 0.1872330553 0.2087700761 0.2074826670 0.1688669049 0.2227520342 0.1123829380
0.1893042551 0.2027908725 0.1822220844 0.2155072940 0.1975353304 0.2504914169 0.2297297916 0.2333959628 0.1650837207 0.2006715866 0.1633319420 0.2448177885 0.1973220101 0.1622316536 0.1534933782 0.2116177967 0.2716106499 0.3077722259 0.3550559659 0.5017739981 0.6887392944 0.8152164308 0.9063780201 0.8917961732 0.6961239214 0.5931344327 0.3979561687 0.3180771590 0.2686564612 0.2212821287 0.1658837192 0.1680562954 0.1861645611 0.1822162001 0.1978207456 0.1328247190 0.2232762431 0.1652869221 0.1516312766 0.1897678088 0.1738794220 0.2067118042 0.1707750188 0.1768686208 0.2114326847 0.1772701739 0.1933579546 0.2248921831 0.1722524589 0.1826006748 0.1946355968 0.1322444752 0.2172654405 0.2545460734 0.3597139897 0.5136486340 0.6770054111 0.7868361071 0.8928306203 0.9010409289 0.7829609223 0.6727028959 0.4743250551 0.3696438402 0.2955532117 0.2382016614 0.2673274243 0.2179176838 0.2123150098 0.1785108476 0.2146242499 0.2018847013 0.1886473389 0.2085008056 0.1875902495 0.1893030631 0.2427165627 0.2208228411 0.2273683986 0.1967637682 0.2306937063 0.2042939324 0.2093364793 0.1656617580 0.2057989586 0.2538293308 0.2185195451 0.1938439757 0.1951446147 0.2647428149 0.3688507444 0.4847956234 0.6251531928 0.7728320761 0.8817693962 0.9009957820 0.8666339498 0.7135871427 0.5174532781 0.3861654261 0.2555773048 0.2028685974 0.2104199752 0.2265874575 0.1891350516 0.1837745054 0.1978476980 0.2046809812 0.2171455200 0.1494413434 0.2679633507 0.2229458897 0.2199851868 0.1959489216 0.2020657481 0.2066182567 0.1424467611 0.1902725976 0.2208310841 0.1912134619 0.1907406279 0.1870043961 0.2006425985 0.2915711501 0.2184388803 0.2059112440 0.3242859961 0.3690699688 0.5442614693 0.6828263336 0.8289352450 0.9855656875 0.8885002059 0.7319450764 0.5535972189 0.4572625039 0.3364235104 0.2651771616 0.2558079523 0.2239439878 0.1760380119 0.1996375795 0.1912701520 0.1873865002 0.1893408177 0.1840393151 0.1779003419 0.1631779155 0.2348057625 0.2004247715 0.1743728265 0.1824443212 0.2066882702 0.2507941188 0.2267518485 0.2345987161 0.2421912199 0.1813340159 0.2255445785 0.2238658010 0.2275456394 0.2005805935 0.3102934151 0.3576509871 0.4775077123 0.7123036198 0.8005360860 0.8767066769 0.9011744691 0.8025761578 0.6585553918 0.5034527533 0.3772970143 0.2952403996 0.2461229632 0.2004035584 0.2319092545 0.2219014154 0.2327621536 0.1914008946 0.2590467145 0.1781526501 0.2197044958 0.2669847397 0.2165098378 0.1686159419 0.2418908228 0.2383388799 0.2416555172 0.1721093814 0.2101913440 0.1958935734
0.1490993449 0.2334212852 0.2264368531 0.1504289696 0.1075937589 0.2148346423 0.1616573241 0.2029542489 0.1667474706 0.2205034977 0.1485384113 0.1639003684 0.1914385194 0.1712193996 0.2017406766 0.1412740545 0.2584809730 0.2860933737 0.3660716029 0.5029213219 0.6682989954 0.8467758820 0.9758775168 0.9212889539 0.7634168107 0.6115005261 0.4186675516 0.3905868665 0.2660684559 0.2304561877 0.2441311297 0.2210887422 0.1981663148 0.2150784957 0.1981006291 0.1539047381 0.1923927893 0.1510301121 0.2358587078 0.1967906615 0.1943014713 0.1832779000 0.1791376506 0.1408240673 0.1808909376 0.2371138737 0.2078263907 0.1305299109 0.1727122872 0.1693511177 0.2419864745 0.1741228999 0.2213708235 0.2914785668 0.3409821168 0.4376929726 0.6368163352 0.7688744586 0.8958431103 0.8578613122 0.8430987709 0.6753385344 0.5346842460 0.4280336995 0.2841174863 0.2475127603 0.2186795670 0.2004301241 0.2041237026 0.1942213200 0.1326626653 0.1247779884 0.2180946695 0.1793922261 0.1507166498 0.1950076340 0.2148106221 0.1783025109 0.1694029029 0.1610255960 0.2138906429 0.1770080577 0.1777542196 0.2134394422 0.2616053072 0.1954758699 0.1376750779 0.1574956477 0.1808324961 0.2369714972 0.3765329361 0.4563764805 0.5993118099 0.7830823003 0.8548553874 0.9094523895 0.8138701084 0.7127735393 0.5672550589 0.3782867196 0.3151792297 0.2141992526 0.2155235664 0.1669150129 0.1225576888 0.1804789906 0.1943101573 0.2282749357 0.2239063001 0.1628680435 0.2209241215 0.2041966539 0.1964900037 0.1821056774 0.2130842792 0.2368613337 0.1864869668 0.2881831977 0.1677736729 0.2179651728 0.2272836842 0.1906170056 0.2344537370 0.2133379909 0.2358693046 0.2799788603 0.3112535423 0.3850402204 0.5525091627 0.7462341882 0.8551464668 0.9212226810 0.8607387853 0.7719956871 0.5768114756 0.4123466255 0.3100950164 0.2637644644 0.2153230378 0.1607297582 0.1875143763 0.1763907107 0.1709739886 0.2442954602 0.2097027971 0.1740074562 0.2104220685 0.1358987697 0.2522392337 0.1755327148 0.2046752289 0.1857223948 0.2175198072 0.2020608758 0.2265434038 0.2296577263 0.1977625971 0.1711639611 0.2483413840 0.2395819125 0.1819805204 0.2457973190 0.3201440067 0.4114979113 0.5126345290 0.6518940501 0.8258636438 0.9564407995 0.9042380997 0.8082481632 0.6210170441 0.5179941679 0.3229749643 0.2284449922 0.2434533752 0.2085097482 0.1504995185 0.1950360906 0.1627923619 0.2008862519 0.1966096821 0.1996589793 0.1824851929 0.2234210797 0.2220816181 0.2438482966 0.2008782214 0.1465835211 0.1501361183 0.2356501352 0.2373820245 0.2033005749
