0.3706592570 0.4918958886 0.6743954806 0.7983845801 0.9176742541 0.8033299205 0.6439558506 0.5035179937 0.3641380930 0.2712868531 0.1911968635 0.1769514744 0.1905633190 0.2299351413 0.1439736193 0.1961002129 0.1619678859 0.1870001438 0.1412844900 0.2162562879 0.1449690475 0.1727570971 0.1302322464 0.1682560355 0.1895075523 0.1858824582 0.1909053033 0.1945712734 0.1540916860 0.2090628189 0.1427677793 0.1917903676 0.1623884774 0.1404530605 0.2429169490 0.2924382487 0.3976326752 0.5130346754 0.7292494799 0.8212908051 0.9273426747 0.8380693754 0.6821625527 0.5169428033 0.3562407096 0.2336333813 0.2329183251 0.1674917315 0.1265399882 0.1411716873 0.2063814807 0.1752327692 0.1235307141 0.1945213169 0.1186673352 0.1916621942 0.1842464331 0.1867067609 0.1478393138 0.1964263976 0.1747053423 0.1776286221 0.1852902330 0.1522175644 0.2007593699 0.1969877976 0.1667720182 0.0962963814 0.1856734133 0.1775175180 0.2312852552 0.2992891704 0.4438476074 0.5577635422 0.7093033948 0.8655265028 0.8987708580 0.7759807952 0.7015418319 0.4895861298 0.3898027087 0.2616243249 0.1874932146 0.1859606260 0.2293131984 0.1803617917 0.1533490830 0.1779101473 0.1523613624 0.1510944600 0.1324920710 0.1177122378 0.1334110884 0.1909333188 0.1639790407 0.1629122038 0.2008989347 0.2334263197 0.1940760925 0.1472766615 0.1952326418 0.2194704518 0.1635651769 0.1559715018 0.2028878392 0.1902084681 0.2449716600 0.2534419183 0.4088554001 0.5647740291 0.7080575860 0.8321594345 0.8666445312 0.8460597634 0.7091488350 0.5159866074 0.3692067801 0.3047784497 0.2151715309 0.1913690475 0.1741002990 0.1656254337 0.2167032366 0.1923483946 0.1358578135 0.1601524018 0.1826745281 0.1568392244 0.1719958082 0.1773800156 0.2431403461 0.1693790540 0.1802984310 0.1812897511 0.2374989521 0.1837059325 0.2053578855 0.2309115732 0.2134792363 0.1947936556 0.1955210826 0.1889369489 0.2070097323 0.3028353905 0.4054924165 0.5989270208 0.7571850971 0.8549165287 0.9374750171 0.8151283893 0.6571608129 0.5511214232 0.3650402085 0.2481553398 0.2573996211 0.1416731505 0.2093391142 0.2045669282 0.1761417848 0.1427585618 0.2307492991 0.1954267384 0.1415707283 0.2063822744 0.1685283476 0.1537552391 0.1880737781 0.2118878076 0.1608081666 0.1634084764 0.1982761857 0.1984313165 0.1959537354 0.1940846979 0.2210801725 0.1879387514 0.1930153519 0.2048221812 0.1992100455 0.2932874269 0.4422571840 0.5703955195 0.7839622080 0.8580032690 0.8760766307 0.8300983076 0.7020845949 0.5298450666 0.4293265120 0.3115757784 0.2093318035 0.2441560260
0.4079500263 0.5316679197 0.6575928116 0.8083855647 0.8437180512 0.7788050116 0.6721962729 0.5389808237 0.4329197879 0.2619564698 0.1506992024 0.2023384025 0.1558690466 0.1359448529 0.1653605403 0.2046878681 0.1602517607 0.1565261718 0.1972220884 0.1810400636 0.1183974963 0.1960412459 0.1322801431 0.1514139360 0.1716601945 0.1399287016 0.1574508200 0.1885780921 0.2056361132 0.2052856530 0.2022293872 0.1988791540 0.1839628769 0.2222911591 0.2620793083 0.2621118300 0.4093225339 0.5770394764 0.7549343617 0.8603876506 0.8737379176 0.7981269459 0.7696949104 0.5511815671 0.3845193675 0.2673660175 0.2069010954 0.1879094541 0.2186723982 0.2216541490 0.1694703099 0.1889121037 0.1964847938 0.1675673560 0.1657143161 0.1899800028 0.1580237447 0.1874887946 0.1875966780 0.1980431263 0.1917683118 0.1830521461 0.2032179498 0.1400849857 0.2073150680 0.2060474844 0.1906488340 0.1286354385 0.2182396230 0.1885986342 0.2139749127 0.2885310586 0.3713951092 0.5839830764 0.7362099260 0.8266845059 0.8905982134 0.8702516674 0.7271707756 0.5445787985 0.3714709087 0.3275343067 0.2755555351 0.1351137834 0.2195829996 0.1770294905 0.1709877555 0.2357274933 0.2009979468 0.2554144211 0.1611495870 0.1316592034 0.1460475795 0.2090779954 0.1953763495 0.1887143817 0.2169558720 0.2131726222 0.1394100557 0.2118652413 0.1860472646 0.1498963866 0.1791812669 0.1981456240 0.2222141256 0.1986529235 0.2033191849 0.2475295562 0.4080723011 0.5078833006 0.7736801047 0.8215911405 0.9387407836 0.8406561423 0.7095241892 0.5622837560 0.4052818380 0.3103467347 0.2007633897 0.2349249183 0.2030211270 0.1887646853 0.2184751734 0.1900409866 0.1957576134 0.1958842062 0.2221705204 0.2025932800 0.1769400546 0.1684906379 0.1699231567 0.1946890355 0.2173601441 0.2197783134 0.1672720347 0.1943459814 0.1849406639 0.1925746372 0.1853274303 0.1998038919 0.1834730899 0.2569149210 0.2531724147 0.2708006010 0.4220738216 0.4955517078 0.7172339828 0.8714856419 0.9302400543 0.9084055973 0.7519685347 0.5101966576 0.3911050118 0.3107782578 0.2387320922 0.2123831865 0.1827679195 0.2923733038 0.2023547023 0.2182573514 0.2238718060 0.2243487564 0.2258985306 0.2235367602 0.1672854710 0.2654303461 0.1613510145 0.2131923367 0.2055142282 0.1841578522 0.2275503003 0.2088269135 0.1348879771 0.2114376749 0.2039707729 0.1784628372 0.1732483903 0.2447133063 0.2384544250 0.2859800297 0.4247132132 0.5658574197 0.7495375273 0.8743144674 0.9416777994 0.8981219230 0.7220016701 0.5592274504 0.4100484896 0.3123200324 0.2631224808 0.1772875026
0.3668951187 0.5253808877 0.6989373592 0.8895300774 0.8704171266 0.8436610211 0.7398697072 0.5196082688 0.3971989710 0.2733553533 0.2377426413 0.1448093398 0.1891764213 0.1713160073 0.1537752924 0.1930512811 0.1539522207 0.1623114003 0.1641508290 0.1661889875 0.1977455013 0.1690275082 0.1894588880 0.1549330885 0.1786396557 0.2553629694 0.2072456305 0.2284990263 0.1934799337 0.1881885778 0.2163997753 0.1960321970 0.1858220234 0.1649627379 0.2379263121 0.3371075299 0.3245918360 0.5649974049 0.7306160743 0.8257298847 0.8871952720 0.8732972267 0.7338967498 0.5686183111 0.3935457740 0.3153972295 0.2463005414 0.2372484350 0.1900130193 0.1627122825 0.1758466122 0.2070374766 0.2076584782 0.1727687164 0.2058504725 0.2120837607 0.1542275283 0.1200769209 0.1367505565 0.2296397518 0.1906986601 0.1781812502 0.2070899403 0.2248515869 0.1917980262 0.1557106142 0.1910189382 0.1671737644 0.1554992874 0.2174631382 0.2576168158 0.2997703166 0.3641428787 0.4802105382 0.6812343791 0.8765924402 0.9015499988 0.8297464577 0.8040452932 0.5471493185 0.3973529052 0.3424420059 0.2808899562 0.2043077377 0.2492407983 0.1390712552 0.1497197188 0.1365033036 0.2508600657 0.1846830856 0.1682060090 0.1878334561 0.1916494505 0.1898644095 0.2171130467 0.1945154225 0.1846889136 0.1977747606 0.2063860841 0.1938633204 0.1740321271 0.1752554703 0.2070994091 0.1688920599 0.1632196271 0.1844180560 0.2488607388 0.3201608029 0.3523916388 0.5476524208 0.7046203437 0.8692344036 0.9210874379 0.8726926038 0.7476143256 0.6070086923 0.4688766309 0.3168984648 0.2133627825 0.1644360602 0.1887267481 0.1717879027 0.1805291377 0.1773097487 0.1947837038 0.1726238838 0.2140900243 0.1612816516 0.1840349863 0.1974214102 0.2318956046 0.2193920296 0.1507951223 0.2377844062 0.1460860447 0.2389480854 0.1817361635 0.2332485672 0.1720718961 0.2321791577 0.2120538160 0.2334939149 0.2301179090 0.3308012100 0.4167370412 0.5603412037 0.6696300831 0.7863376825 0.9004769908 0.8798553356 0.7520708906 0.5795253772 0.4193559324 0.2691330240 0.1731706025 0.2358679219 0.1964702685 0.1810831472 0.2327745204 0.2456004252 0.1685839788 0.1993382747 0.2248750024 0.1900551408 0.1993827783 0.1915675805 0.1695901241 0.2042763860 0.1922845165 0.2079012885 0.2068415896 0.2121949272 0.2567828403 0.1735379413 0.1834160851 0.2215113743 0.2187007626 0.2049390407 0.2046456136 0.2628060900 0.3702658152 0.5817269308 0.6915604580 0.8720129891 0.9295678732 0.9212887793 0.7857123632 0.5791804162 0.4633501132 0.2839342863 0.2543444428 0.1803558105
0.3499035541 0.4835233528 0.6591342998 0.8513679050 0.9011867273 0.8841119134 0.7767632663 0.5901766682 0.4336512011 0.3160243619 0.2687812454 0.1763083249 0.1913930827 0.1589677658 0.2153952152 0.1881625804 0.1469983435 0.1813082062 0.1847154817 0.1891688804 0.1852709731 0.1499650750 0.1745298404 0.2017389227 0.2212426523 0.2024697337 0.1302399606 0.2011968530 0.1937605228 0.1997331081 0.1828285875 0.1901907139 0.1431970216 0.1981696244 0.2733452922 0.2412431783 0.3499012348 0.5482932098 0.6722493675 0.8172665237 0.8967290230 0.8787943987 0.7308979935 0.5483471756 0.4382032425 0.3035319433 0.2463100061 0.2462627457 0.2346441850 0.1688764286 0.1823275900 0.1888332042 0.1924526679 0.1799923170 0.2069715720 0.1654470339 0.2161192577 0.1800328252 0.1665592128 0.1961549171 0.2075381237 0.1664339208 0.2019358884 0.2311353476 0.1627717470 0.2079916185 0.1912378518 0.1676965782 0.2311024711 0.1836555634 0.2412129553 0.2430623660 0.4085430095 0.5017105688 0.6561941868 0.8275800631 0.8562022097 0.8983829034 0.7663248826 0.5770387886 0.4266932868 0.3013836840 0.2915663663 0.1827636969 0.2336569144 0.2145896618 0.1981658000 0.1912126876 0.1808897333 0.1642794929 0.1765525398 0.1964261292 0.1882465356 0.1452584789 0.1845316914 0.1970141684 0.1569147554 0.2260952159 0.1563356468 0.1908845212 0.1731107957 0.2090053093 0.2107688301 0.1515932068 0.1984878740 0.2720825728 0.2443755310 0.3122385274 0.3662716003 0.5191502540 0.7348591192 0.8908152713 0.9252561057 0.8979437668 0.7429337571 0.6183491074 0.4186235670 0.3204476631 0.2442398376 0.1974411393 0.2058784587 0.2317699977 0.2425335596 0.2161593586 0.1866522932 0.2124687175 0.1760348041 0.1774485636 0.2002562151 0.2340426111 0.2069416989 0.2179304465 0.2056351635 0.2165603965 0.1975468434 0.2160851355 0.1924644547 0.2017000895 0.2331859163 0.1887708757 0.1867957914 0.2043612989 0.2523413458 0.2687355770 0.4015123639 0.5425466425 0.7131160836 0.8732862250 0.9390566811 0.8963882484 0.7905460877 0.5822747471 0.4735530074 0.3733353137 0.2377276457 0.2241234895 0.2111236329 0.2141339836 0.2097087936 0.1852295477 0.2061253021 0.1876254764 0.2596558017 0.2177768371 0.1786708110 0.1945925156 0.2312300729 0.2191074294 0.2590879977 0.2589121277 0.2050935656 0.2408893305 0.2651859945 0.2140070344 0.1692081524 0.1966948326 0.2607205957 0.2015365215 0.2224622015 0.2695378331 0.3830342529 0.5014225822 0.6741658891 0.7816741500 0.9749665064 0.8874004956 0.7963841146 0.6074164179 0.4779958054 0.3091413190 0.2807976208 0.2497538079
0.3795263954 0.5220416597 0.6686469782 0.8172450806 0.8944473496 0.9244145753 0.8283577725 0.6011217253 0.4966218029 0.3223906559 0.2199773391 0.2012646947 0.1882771059 0.2000300549 0.2104347644 0.2108852967 0.1473372163 0.1906627411 0.1883209484 0.1969966135 0.1939007176 0.1608058808 0.1951164981 0.2514722070 0.1837180752 0.2401744238 0.1391498393 0.2025986453 0.1921260020 0.1898103142 0.1527432181 0.1908773444 0.2064543128 0.1968710176 0.2389869626 0.2390168151 0.3677228059 0.5098057370 0.7158882894 0.8417748366 0.8989990539 0.9018377558 0.7273401979 0.6217857479 0.4411408420 0.3848982966 0.2217548406 0.1635930144 0.1734393678 0.2049691319 0.2485926212 0.1661069858 0.2079476064 0.2135512215 0.2175191538 0.2363397778 0.1988544270 0.1880946979 0.1996143975 0.1833750745 0.2128235378 0.1982764530 0.2386657363 0.1636234633 0.1908349792 0.1666345848 0.1915976131 0.1985657097 0.1575158066 0.1975245483 0.2195435738 0.2845569792 0.3962902057 0.5566195375 0.6520674555 0.8094175818 0.9015114218 0.9223090403 0.7471236203 0.5706531070 0.4834130456 0.3308367351 0.2671028409 0.2450956504 0.2471251974 0.2240710465 0.1879704736 0.1787559063 0.2587601494 0.1931494831 0.1987918741 0.2020230358 0.2206560386 0.2168804009 0.1954466615 0.1911393025 0.2489452521 0.2085746286 0.1836712760 0.2142252455 0.2090217947 0.1957811569 0.2110046760 0.2368723615 0.2035722873 0.2238095756 0.1953319825 0.3080932269 0.3611690153 0.5531807664 0.6680707416 0.8356742231 0.8770603052 0.9375140395 0.8441023358 0.6331668977 0.5188532789 0.3404408301 0.2712344154 0.1937127914 0.2374669022 0.2158788040 0.2036312369 0.2149537317 0.1798683913 0.2229253917 0.2666063911 0.1841098297 0.1943680289 0.1906210262 0.2228664018 0.1911591885 0.2768562952 0.2273884525 0.2473842080 0.1943417758 0.1877522149 0.2239619674 0.2150082717 0.1868080318 0.2085386779 0.1819201935 0.2328892830 0.2766076391 0.3680615612 0.4868654549 0.6972283471 0.7997665631 0.9010371777 0.8973705263 0.8059806781 0.6528392665 0.4435428812 0.3351562142 0.2591320878 0.2488556473 0.2093698080 0.2266496120 0.2047403946 0.2694073273 0.2294649132 0.2120071289 0.2348718391 0.1801632058 0.2308100198 0.1797828262 0.2058879617 0.2316604449 0.2664476115 0.1556140182 0.1962759726 0.1489682178 0.2029967955 0.2106533439 0.2014252288 0.2069599251 0.2228702144 0.2328099433 0.1848262576 0.2521086100 0.3740607719 0.4987185345 0.6411207349 0.8113581319 0.9515352295 0.9252083426 0.7678730496 0.6617744454 0.5065445501 0.3271626755 0.2759530805 0.2196061673
0.3707537168 0.5020924437 0.6618215364 0.7844261030 0.9277404402 0.8963649814 0.7501001513 0.5845510040 0.4953680723 0.3454131389 0.2065936954 0.2188423595 0.2280120725 0.2185443405 0.1648043179 0.1528831799 0.2198803782 0.1646699709 0.2090121409 0.1772942911 0.2082532615 0.1531660367 0.1953246124 0.2336522355 0.1870433514 0.1598613203 0.2409748912 0.1897605931 0.2121886451 0.1869045343 0.1641189672 0.2297740312 0.1813155552 0.2005106298 0.2455039573 0.2690907997 0.3558165186 0.4926727252 0.6745253765 0.8081708293 0.8891321680 0.9380698725 0.7642589285 0.6757326838 0.4440511108 0.3644180918 0.2696784963 0.2433350647 0.2391961645 0.2333190415 0.2011647632 0.1744728522 0.2027961638 0.1812695224 0.2217607923 0.2236280018 0.1746385916 0.2271264965 0.2084693324 0.2398039399 0.1864862223 0.1871602073 0.2312653134 0.2258689238 0.1983437605 0.1777134297 0.1694826107 0.1897407307 0.1380389595 0.1713116154 0.2122666517 0.2530743334 0.3800610664 0.4889287027 0.6233355947 0.7843030858 0.9378625851 0.9249524746 0.7962187315 0.6368736119 0.4533252452 0.2837685011 0.2713503298 0.2119238638 0.1707469030 0.1835333782 0.1684452941 0.2136601947 0.2058701934 0.2191901054 0.1854259992 0.1863811615 0.2183112217 0.2624604835 0.2436265208 0.2328861825 0.2139409803 0.1374027954 0.1711801971 0.2840435107 0.2211766227 0.2072662528 0.2534500911 0.2071912942 0.2119793374 0.2450820821 0.2583181087 0.2953447744 0.3801470462 0.4983756066 0.6327888741 0.8399203441 0.9173075086 0.9465484115 0.8442372000 0.6542677500 0.4577617797 0.3473573993 0.2252549576 0.2782568209 0.1631824899 0.2139472112 0.2216034809 0.2376468475 0.2247450687 0.1743260549 0.2750811339 0.2088413851 0.2139829252 0.2394952409 0.2058436226 0.2149398567 0.2234733088 0.1864994706 0.2125500384 0.2180328872 0.2161786971 0.1602004034 0.2241677901 0.2558986496 0.2072236372 0.1921738349 0.2287056049 0.2747051157 0.4247219780 0.4708476759 0.6685780941 0.8458492761 0.9496689390 0.9464719915 0.8035169190 0.6349905857 0.4700337803 0.3478548381 0.2746379152 0.2464533352 0.2254581524 0.2105851482 0.1887717950 0.2280146046 0.1549209810 0.1910993781 0.1956312056 0.2013985641 0.2625701126 0.2442715398 0.2345217082 0.2078696721 0.2157051011 0.2283092316 0.2260187981 0.2406332453 0.2037352740 0.2601433283 0.2452526074 0.1895564168 0.2154171783 0.2106435281 0.2394088690 0.3430021079 0.3540882844 0.4846059535 0.7022601175 0.8252259504 0.9084545031 0.9171842110 0.8304586560 0.6410705525 0.5102476874 0.3158147009 0.2847866760 0.2374645167
0.3645541894 0.4829091822 0.6247195957 0.7889954266 0.8318416925 0.8451138852 0.7715839838 0.6357603489 0.5076045832 0.3448699082 0.2188223374 0.2244390913 0.1865342433 0.1643978802 0.1860495483 0.2122403253 0.1891889448 0.1902884794 0.1752446826 0.2051034022 0.2102693038 0.2561032371 0.2089677646 0.1753732606 0.1784982653 0.1986213532 0.2290075724 0.2148094610 0.2145183811 0.1783714590 0.2245891259 0.1487383033 0.2326049497 0.2043130668 0.1991274309 0.2351873417 0.3258303357 0.4838861943 0.5982557412 0.7737136381 0.8308057442 0.8429580665 0.7968236961 0.6751409567 0.5322722783 0.3436572421 0.2312967060 0.1690721317 0.2073563544 0.2067554831 0.1463463663 0.1966850693 0.1680131345 0.1697724557 0.1629152233 0.1652867011 0.2551316619 0.2286256823 0.1385245205 0.1732067185 0.2045502619 0.1760705340 0.1723429419 0.2072499342 0.2177509719 0.2081536107 0.2091972540 0.2409159475 0.1609668702 0.2495932569 0.2040795321 0.2811175990 0.3760784391 0.4944875586 0.6425419918 0.8147091827 0.8832059922 0.8860936165 0.7911659526 0.6661352596 0.4724332903 0.3636687751 0.2842078343 0.1957692090 0.2176451732 0.2204807226 0.2006565758 0.2532002808 0.1930506809 0.1501264771 0.2064704970 0.2473542748 0.2083751622 0.1883380592 0.2306208034 0.1987135475 0.1947347237 0.1410880074 0.2082820053 0.1330675700 0.1806224175 0.1964665839 0.2309179099 0.2364590638 0.2123746559 0.2546602574 0.2559922108 0.2488687848 0.3470586854 0.4874220055 0.5873773143 0.7981821998 0.8936299222 0.9408809331 0.7960771290 0.6526947951 0.4702095677 0.4056048067 0.2646130547 0.1835199219 0.2103802731 0.2053446154 0.2032491166 0.2196629067 0.2332238232 0.1886859269 0.2205231882 0.2056877632 0.2036848202 0.2086728267 0.1841706454 0.2439707422 0.2131053518 0.2019156529 0.1946536925 0.1835875314 0.2518035441 0.1900190920 0.1596285194 0.2429893707 0.2066125698 0.2550925506 0.2392694830 0.3042218907 0.3978205377 0.4648320548 0.6029805718 0.7865056889 0.9314557494 0.9036465361 0.7698348859 0.6894059453 0.4908353703 0.3896147577 0.2843173829 0.2107081055 0.2450713259 0.1990476420 0.2271043765 0.2056413929 0.2320850082 0.2079158087 0.2154808493 0.2106098383 0.2235751236 0.1943750301 0.2249418655 0.2589829793 0.2578126697 0.2534855685 0.2083289314 0.2011671786 0.2083181649 0.1888402661 0.2121149714 0.2145666786 0.2170133821 0.2348287399 0.2106030913 0.2588692707 0.3633292422 0.5000748018 0.6239476131 0.8068928930 0.9659090170 0.9235630160 0.8291089790 0.6712032954 0.5202581587 0.4356754945 0.3013682443 0.2469475975
0.3302751829 0.4489346352 0.5749672471 0.7230504884 0.8813986425 0.8890019484 0.7350406474 0.6768800782 0.5354664770 0.3122933986 0.2445009075 0.2366184418 0.2291408519 0.1856098323 0.1782504265 0.1952920263 0.1758093311 0.2088537605 0.2042337348 0.1541713981 0.2035979017 0.2217669297 0.1709559883 0.2374990386 0.2346898618 0.1554544921 0.1617100842 0.1525041691 0.1989227011 0.2140283433 0.1961470078 0.2382007249 0.2147981257 0.2120060665 0.1711579972 0.2194307826 0.3599274626 0.4591895685 0.6585698654 0.8070842729 0.9338072242 0.9223164474 0.7597808552 0.6772895860 0.5155969636 0.3589426140 0.2808587024 0.2349575752 0.1888566420 0.1729989956 0.1588199982 0.1776159509 0.2077747885 0.2400368892 0.1715576150 0.1992565027 0.1473345811 0.1755578847 0.2242435927 0.1849347881 0.1542169755 0.1320334814 0.2196059055 0.1917060679 0.1878901906 0.1714762455 0.1983926948 0.1922791067 0.2390830316 0.1918421296 0.2387394262 0.2159778574 0.3070836869 0.4765184352 0.6132260917 0.7890220428 0.9080961106 0.9136791076 0.8464721982 0.6732965955 0.5493202359 0.3273561856 0.3141408129 0.2131488733 0.2014111919 0.1634389941 0.2103725086 0.2383843074 0.1691079585 0.1877079729 0.2194719503 0.2112708859 0.1915912246 0.1784836637 0.1731048801 0.2253407082 0.2186531150 0.2033640186 0.1673440361 0.1957188654 0.2274151477 0.2250177131 0.2373281087 0.1985218621 0.2302722770 0.1662720144 0.2776567457 0.2543167162 0.3138878065 0.4369761741 0.6537035763 0.7962225365 0.8725826534 0.8965014707 0.8458714850 0.6634927051 0.5253722437 0.3216836944 0.2442442037 0.2292836681 0.2259152701 0.2208062634 0.1751324316 0.1868006342 0.2041209192 0.1642543311 0.1418611732 0.2098922194 0.1927670194 0.2170943555 0.2142201956 0.2613733890 0.2013895281 0.2216363205 0.1918033480 0.1885201415 0.2372215168 0.2105093170 0.1957727637 0.1867046756 0.2526905081 0.1844958148 0.2068249696 0.2090407757 0.3813216146 0.4705158691 0.6181357909 0.8153228241 0.8834133308 0.9329489202 0.8372842742 0.6761633386 0.5088610428 0.3718265345 0.3379988667 0.2416549915 0.1850206514 0.2242863686 0.1540665094 0.2216921108 0.1683302874 0.1539362873 0.2109889134 0.1963617297 0.1590977974 0.1721707657 0.1865031799 0.2174239399 0.2485464421 0.2034469350 0.2537748924 0.2109023687 0.2126955193 0.1675129544 0.2342274143 0.1492018152 0.2371694916 0.2639534487 0.1897920969 0.2376933990 0.3424178203 0.4960384605 0.6129865394 0.8111358864 0.8686077134 0.9231110860 0.7941677347 0.7141841842 0.5093050494 0.4126913918 0.3477615968 0.2367333816
0.3097135756 0.3821306159 0.5201002547 0.7010368870 0.8939060866 0.9219626620 0.8040013975 0.6615411450 0.5031460764 0.3294061928 0.2979647501 0.1860876974 0.2731616275 0.2060757399 0.1986023186 0.1677480483 0.2265816405 0.2036193886 0.1691321884 0.1696758246 0.2035285343 0.1718953042 0.1843647419 0.1405398782 0.2047865789 0.1986223678 0.2178555461 0.1839480151 0.2424507705 0.1210339048 0.1813890875 0.2417688507 0.1887186977 0.2143744575 0.1940172617 0.2644501477 0.3158000688 0.4364550879 0.6029925612 0.7647166236 0.8710441188 0.9043427437 0.7911469455 0.6584668889 0.4948175802 0.3736085765 0.3048872387 0.2002566415 0.2412198750 0.1776354692 0.1563844700 0.1467581956 0.1824028338 0.1853510712 0.1588304491 0.1736743046 0.1379940743 0.1869548603 0.1714444242 0.1519076725 0.2358660729 0.1837002180 0.1894199775 0.2208577731 0.1765638227 0.2134034500 0.1924012771 0.2366002709 0.1864199758 0.1763450421 0.2010202329 0.2691685143 0.2857363202 0.3999699231 0.5743952684 0.7756151104 0.8921218498 0.9384789992 0.8148800975 0.7053433786 0.5428275563 0.3614242692 0.2739862015 0.2235531910 0.1995872733 0.1481905431 0.1726754195 0.1736331479 0.1898677030 0.1484473517 0.2264441512 0.1978762199 0.2085473055 0.2368955704 0.1826603990 0.2059165107 0.2178422194 0.2325842319 0.1538482482 0.1713741402 0.2056225727 0.1928254335 0.2333188195 0.2059616616 0.1937568247 0.1841268596 0.2140514879 0.2655206036 0.2994340846 0.4745697898 0.5863733674 0.7754296665 0.8440438641 0.8886564132 0.8851251839 0.6896957039 0.4623868089 0.3983653416 0.2853376612 0.2044605340 0.1775635392 0.2377043519 0.2274412470 0.1936242581 0.1919542712 0.2262189360 0.2015380909 0.1707895982 0.1808632851 0.1973739553 0.1923631470 0.2269430228 0.1970349882 0.1917293789 0.2007276269 0.2001838837 0.2271488862 0.2041795317 0.1741414773 0.2293630681 0.2075818453 0.2327787522 0.1834116047 0.2040208024 0.2927211950 0.4397961273 0.5887950123 0.7281528557 0.9026050756 0.9719813540 0.7892226837 0.7121794976 0.4952919042 0.4173815939 0.2698924410 0.2986002444 0.2763600999 0.2021446628 0.1997338425 0.1838529633 0.2293012122 0.1762254701 0.1688672690 0.2543098069 0.2028999514 0.1902019721 0.1705057193 0.2121253593 0.1812511932 0.1775853194 0.2096970095 0.1524267645 0.2141529357 0.1867208459 0.1830103514 0.1872641539 0.1904854653 0.2444323460 0.2095366822 0.2763390978 0.3505753182 0.3976713329 0.6279514828 0.7496455002 0.9500441708 0.9340476685 0.8203788185 0.6849916547 0.5107786751 0.3547933479 0.3343841555 0.2312088034
0.3086232014 0.4202593115 0.5455680930 0.7666824155 0.8287082026 0.9228784771 0.8520179167 0.6646171494 0.5000830186 0.3674391335 0.2272427160 0.1811752034 0.2527665620 0.1878304348 0.1763600316 0.1964536018 0.2014664351 0.1039304090 0.1767832019 0.1735975318 0.1651845048 0.2065197816 0.1980823327 0.1711492168 0.1219732402 0.1776653602 0.1758124302 0.1460033854 0.1874175654 0.2372375295 0.1267587399 0.1647397919 0.2135031035 0.1345666605 0.1885082991 0.1901437736 0.3065097958 0.4139849447 0.5018948821 0.7945819770 0.8552094658 0.9264689341 0.8757270056 0.7054979542 0.4684271913 0.3670829080 0.3031909039 0.2238630617 0.1734152375 0.1438789740 0.2037570311 0.1478611167 0.1509525468 0.2203530015 0.1967199576 0.2091854457 0.1817800473 0.2282667049 0.1690119570 0.2376649249 0.1672414376 0.1847520620 0.2184555730 0.2178341319 0.1745518053 0.1596442113 0.1658079940 0.1853204769 0.1516541406 0.1691703750 0.2159959579 0.2351274127 0.2982128101 0.4112440654 0.6173872857 0.7284326983 0.9040046727 0.9624294765 0.8652850573 0.6793918320 0.5665066052 0.3878702575 0.3223894407 0.1929553891 0.1842246154 0.1721199946 0.1370205931 0.1566489111 0.1670866316 0.2071720047 0.2015414186 0.2537313681 0.1688495747 0.1753280988 0.2125038121 0.1843911772 0.1747323082 0.2157013866 0.2374079736 0.1806360006 0.1981325697 0.1928747208 0.2015281688 0.1674868368 0.1670216363 0.2570782962 0.1855899390 0.2613698725 0.3337407517 0.3952987140 0.5563201992 0.6541313193 0.8832475389 0.9100895850 0.8295117097 0.6989342805 0.5379136689 0.4102967882 0.2735808196 0.1699545043 0.2049828359 0.2204344015 0.2008187512 0.1634155582 0.2287219142 0.1678313388 0.1937818312 0.1653158994 0.1957078637 0.1752968391 0.1366883641 0.2160852666 0.1990778833 0.2305534886 0.1387240939 0.1643464635 0.1518825259 0.2252858424 0.1748053660 0.2026314037 0.1642104082 0.1865778109 0.2151696417 0.2495257049 0.3245923109 0.3785682049 0.5743510044 0.7776574945 0.8810218573 0.9303068770 0.8615285371 0.6391965277 0.5625498461 0.3188718007 0.3350016046 0.2169218923 0.2307441156 0.2225756327 0.2123019755 0.2027457001 0.2441435746 0.1570664173 0.1503339532 0.1930487991 0.2071249330 0.1779036071 0.1814023882 0.2305460081 0.2146794764 0.1927780747 0.1707504545 0.2310757738 0.2085756802 0.1982848105 0.2404629972 0.2352239229 0.1842461232 0.1930798887 0.2344334361 0.2756422184 0.3766463789 0.4250325806 0.6323095030 0.7239048761 0.8187374068 0.9377129115 0.8555448720 0.6726282558 0.6082741639 0.4013314203 0.2689074244 0.2515157259
0.2743216569 0.3872101917 0.5501782025 0.7087263695 0.8893520277 0.8657839185 0.8400536262 0.7305323513 0.5231092751 0.3815625429 0.3139360165 0.1569862813 0.1876764218 0.2330765887 0.1847128750 0.1640517591 0.1415460742 0.1819314917 0.1940693571 0.2133038583 0.1511807793 0.1814516756 0.1984801910 0.1920934864 0.1407904390 0.1669745616 0.2092304261 0.1099815394 0.1992994302 0.2001696580 0.1316506733 0.1404194640 0.1606145970 0.1889008160 0.1742988738 0.1798424198 0.2645684675 0.3985740438 0.5295945829 0.7012658859 0.8346882752 0.8964707809 0.8751810344 0.7046171663 0.4947994079 0.3535495518 0.2729053230 0.2655752080 0.2359337166 0.1960531254 0.1484954294 0.1821283433 0.1821026051 0.1642827666 0.1657561291 0.1772976001 0.1631575298 0.1559203989 0.1772372324 0.1029861565 0.1733240675 0.1760321532 0.1838352379 0.1670271723 0.1860498684 0.2188393943 0.1708094697 0.1688479699 0.1909112938 0.1886148466 0.2507898765 0.2211051695 0.2851448728 0.3623782053 0.4959029879 0.7164701711 0.8943310517 0.8985036672 0.8297665710 0.7236592050 0.5255297749 0.4005433631 0.2661534180 0.2329556263 0.1665851799 0.1758995548 0.2031919702 0.1905781500 0.1356642839 0.2126096227 0.1761139954 0.1808315619 0.2153050485 0.1825777622 0.2119217580 0.1732639862 0.1489060107 0.1690795211 0.1380497204 0.2027143246 0.1436459587 0.2233489113 0.2436902810 0.1460384626 0.1803898164 0.1922275026 0.1499453287 0.2343791283 0.2824765085 0.3390571979 0.5495617931 0.7127055032 0.8621282088 0.8527353975 0.8581522536 0.7581268826 0.5021515751 0.3893535520 0.3166520935 0.2003884682 0.2209255604 0.1687688285 0.1129472010 0.2156948370 0.1764785571 0.1927895908 0.2090070350 0.2181693627 0.1383435041 0.2040601802 0.2288308619 0.1753693895 0.2340170259 0.2116664236 0.2341577464 0.1686785695 0.2015149604 0.1488109655 0.1970431647 0.2478689854 0.1919786206 0.2182306136 0.2143678139 0.2247628020 0.2671063682 0.3676896458 0.5421098578 0.7032656975 0.8490068196 0.9354502508 0.8610945140 0.7386119581 0.5413565915 0.3917522523 0.3208280280 0.2305845163 0.1851170811 0.2472449637 0.1653673420 0.1703688054 0.1823942388 0.2013856982 0.1866963619 0.2313121967 0.2048428134 0.2445762964 0.2242505613 0.1760840110 0.1712168292 0.1799316653 0.1829078800 0.2167754921 0.2008981902 0.2043912391 0.1830104491 0.1644023680 0.1804883624 0.1801373554 0.2437358295 0.2507323848 0.3507176273 0.4081282916 0.5854864266 0.7098964970 0.8634205226 0.9283479609 0.8439041369 0.7598490307 0.5243626257 0.3998074769 0.3034072257 0.2646977869
0.2589584967 0.3296744483 0.5027205864 0.6683497549 0.8584348281 0.9463311164 0.8917144760 0.6935785311 0.5230270413 0.3891128948 0.2919131942 0.1856387994 0.1622976539 0.1976853769 0.1925391926 0.1344565935 0.1848861195 0.1466154722 0.2008154760 0.2342118333 0.2266370214 0.1044801222 0.1251064321 0.2013477774 0.2683566621 0.1465926238 0.1266257771 0.1393803715 0.1486601537 0.1657016021 0.1738816575 0.1696776346 0.1887071285 0.1917348148 0.2001437337 0.2481652669 0.2933881058 0.4349139163 0.5142989844 0.6804660753 0.8177993761 0.8658264273 0.8518260146 0.7535606576 0.5400012797 0.3758703567 0.3299424410 0.2139935390 0.2318671144 0.1614491900 0.1921272820 0.1878797988 0.1279958399 0.2094144111 0.1861235400 0.1629778153 0.1679828741 0.1989694161 0.1574621334 0.1801631645 0.1650394115 0.1845317626 0.1584782479 0.2312761772 0.1520169529 0.2107230126 0.1806241369 0.2201638896 0.1514288658 0.1541285121 0.2377602230 0.2184776429 0.2501543776 0.4143016962 0.5271645365 0.7024350649 0.8276917066 0.8530894278 0.8921393696 0.7091862158 0.5652927409 0.4533207491 0.3076629052 0.2316557811 0.1952260795 0.1460626042 0.1633156583 0.1601888044 0.1989054384 0.1986313569 0.1762942947 0.2623130627 0.1805033190 0.2055246067 0.1940745440 0.2066179516 0.2044899371 0.2324522670 0.1484599293 0.1636175884 0.1634932296 0.1410600060 0.2723554724 0.1941887445 0.1817271207 0.1630881913 0.2317832053 0.2371464027 0.2838720584 0.4136728547 0.5318266538 0.7224663604 0.8454965275 0.8989853175 0.9168440406 0.6954507092 0.5575180192 0.3770326636 0.2783247894 0.2705251651 0.1674872844 0.1574922716 0.1260296685 0.2061065796 0.1440678515 0.2371118315 0.1821391867 0.2064580823 0.1596329528 0.1454805029 0.1783751205 0.1357114750 0.1906784180 0.2038200670 0.1931259942 0.1570836826 0.1875830811 0.1734853747 0.1860068478 0.1687435304 0.2208319822 0.1694640082 0.2155887964 0.2601493653 0.3335867744 0.4188006664 0.5675007167 0.7133968232 0.8264152812 0.8683586231 0.8595439316 0.7293783679 0.5385574694 0.3957830241 0.2975443162 0.2355229045 0.2135994879 0.1998437145 0.2128249701 0.2020546195 0.1604879467 0.2233703554 0.1427576698 0.2000336743 0.1692939421 0.1880456060 0.1809158018 0.1854119375 0.2095099463 0.1364402132 0.1407473928 0.1635114070 0.1983046835 0.1730978794 0.1848813306 0.1992793124 0.1486743792 0.1998903087 0.2233632930 0.2653232713 0.2492165802 0.3620580477 0.5517346350 0.7759223882 0.8759932888 0.9484106985 0.8563256578 0.7752116626 0.5529576427 0.4198808701 0.2906758943 0.2629548918
0.2586093711 0.4078363358 0.4830257479 0.6875861900 0.8165423887 0.9162424535 0.8633437506 0.7451255241 0.5320678090 0.3951259586 0.2874513981 0.2029775917 0.2187767619 0.1782040053 0.1664652065 0.2016393013 0.1613710931 0.1996619798 0.1449532208 0.1635040787 0.1331002228 0.1621844974 0.1729887147 0.1265840597 0.1615094213 0.1532506258 0.1784535646 0.1799327853 0.2117083709 0.1795993706 0.2087709773 0.1710450713 0.1784658176 0.2008755499 0.1924574138 0.2179812815 0.2762591572 0.3263975816 0.4548770791 0.6999946414 0.8280127497 0.9029370433 0.8353494339 0.7432114020 0.6067982822 0.3769720026 0.2897031236 0.2576828190 0.2373436647 0.2146946662 0.1844371110 0.1643333755 0.2026101998 0.1546574546 0.1742660259 0.2020275217 0.1693484129 0.1663460562 0.2124454471 0.1687448999 0.1351404786 0.2270825670 0.1993148824 0.1356228861 0.1054615689 0.1566373931 0.1363852025 0.2123247805 0.1377126500 0.1745749469 0.2012793176 0.1909445331 0.2810932419 0.3998569973 0.5025062603 0.5986357262 0.8604742692 0.9167918151 0.8177911111 0.7905646467 0.5350734049 0.3900014365 0.2930587892 0.2258920919 0.2020235164 0.1448263338 0.1622761813 0.1373362294 0.1709385946 0.1985914720 0.1683242726 0.1826128229 0.2225966911 0.1740142734 0.2080891851 0.1657031231 0.2114298639 0.1735479899 0.1606858464 0.2125494686 0.1332278846 0.2036463878 0.2226727451 0.2041242270 0.1881389403 0.1946784077 0.1560367098 0.2195372687 0.2471091890 0.3952500116 0.5170899243 0.7338496186 0.8036205653 0.9130832920 0.8290610653 0.7031270936 0.5643527261 0.3863690121 0.3379640745 0.2593312205 0.1733446912 0.1902275526 0.1874966769 0.1887717649 0.2080955107 0.1823277462 0.2417816169 0.1755952144 0.2030035828 0.2151472753 0.1845007819 0.1912282075 0.2287992704 0.2374167777 0.2125808143 0.1815338533 0.1655159449 0.1603480853 0.2147094800 0.1386446645 0.2184008787 0.2106291936 0.1863934934 0.2372456547 0.3012329442 0.3728836380 0.5530847507 0.6619988977 0.8762227699 0.9123806782 0.9028937804 0.7376448854 0.5856683120 0.3509309529 0.2743731422 0.2620905391 0.2335738640 0.1778281225 0.2024656555 0.1714397646 0.2095742517 0.1835018593 0.1185071881 0.1925578583 0.1629424974 0.1849613122 0.1909747434 0.2156591476 0.2284122560 0.1825739990 0.1533376320 0.1744883119 0.2114373359 0.1990582466 0.1350577533 0.1583878775 0.1921583655 0.1781830388 0.2380935976 0.2466859630 0.3000679519 0.3801830462 0.5382875999 0.6983924331 0.8490961914 0.8303447933 0.8587059514 0.7571075553 0.6151801475 0.4457881714 0.2961920835 0.2576716032
0.2677566678 0.3318001540 0.4696321301 0.6399861451 0.8052451502 0.8614852968 0.8445824744 0.7630263319 0.5894434567 0.4347135658 0.3020145870 0.2279039770 0.2001036966 0.1467802688 0.1409024160 0.1838980162 0.1738147196 0.1254020469 0.1559352142 0.1672167459 0.1443054731 0.1786839093 0.1648471150 0.1951034324 0.1546618612 0.1060551842 0.1483111682 0.1933230245 0.1628813167 0.1183208926 0.2040352791 0.1598831990 0.1730692196 0.2286320237 0.1822846069 0.1558514615 0.2372824158 0.3697080122 0.4643676823 0.6749610225 0.7486871251 0.8524698196 0.8849225540 0.7803255051 0.5657633254 0.4363442424 0.2622533899 0.2326220763 0.1475898949 0.2069814529 0.1335248736 0.1375842766 0.1409617935 0.1413328606 0.2571754519 0.1885505558 0.1997329939 0.1680194678 0.1541092293 0.1869710404 0.1841316840 0.1554758406 0.2204129673 0.1979579135 0.1659570261 0.2134934580 0.1821881807 0.1553651118 0.1862169643 0.1672964720 0.2039726145 0.2455875268 0.2434161613 0.3256306276 0.4530184804 0.6709960784 0.8361687640 0.8880037471 0.8440917130 0.7532101501 0.5783589944 0.4341578428 0.3439299273 0.2302953052 0.2114542162 0.1485353921 0.1730456145 0.1893143621 0.1054363214 0.2103613836 0.1558918969 0.1540545027 0.2118013623 0.1792966853 0.1420117279 0.1566682678 0.1807205124 0.1682514809 0.2154685945 0.1989927553 0.2378186991 0.1718783549 0.1687981249 0.1312999487 0.2299181908 0.1489367097 0.1854495987 0.2658358505 0.2424184512 0.3985238976 0.5261042979 0.6751382207 0.8430926881 0.8720387318 0.8982955782 0.7416973191 0.5833927596 0.4518003557 0.2835855741 0.2680321069 0.1931500844 0.2558678983 0.2052565557 0.1524610400 0.1591938757 0.1754670232 0.2049347212 0.2124394621 0.1845716437 0.1434147696 0.1754501678 0.1718689733 0.1403836402 0.1218327626 0.1693494249 0.2040118271 0.1521209119 0.1702158605 0.1995545652 0.1487750480 0.2016804325 0.1736974451 0.2222587297 0.2018892433 0.2054553215 0.3340135651 0.4594350680 0.6653623671 0.8047426381 0.8949891282 0.8787026957 0.7568670648 0.5785702747 0.3680807939 0.2838514387 0.2432989286 0.1838469969 0.2339415681 0.1967144320 0.1763039105 0.2005536640 0.2111817218 0.1774909536 0.2119407399 0.1745504271 0.1833431594 0.2169039035 0.2246671251 0.2128054126 0.2102606184 0.1971264754 0.2020955891 0.2092841485 0.1720237352 0.1874410184 0.1728797218 0.1639644401 0.2146935132 0.2236066902 0.2385686344 0.3271928800 0.3778675120 0.5485464421 0.7041368092 0.8233945011 0.8990736892 0.9022733510 0.7552752736 0.5739632038 0.4140403816 0.3090522043 0.1856717940
0.2253529113 0.3367077934 0.4375870619 0.6255653101 0.7809590287 0.8242833981 0.9036050919 0.7500266972 0.6133987448 0.4605784259 0.3203917119 0.2365579114 0.2075948872 0.1625823359 0.2156533645 0.2028146759 0.1448619555 0.1729520705 0.1257968813 0.1898984699 0.1599151009 0.1617770927 0.1937648131 0.1630593273 0.1555149958 0.1655026578 0.2177690397 0.1805200939 0.2001900812 0.1420659852 0.1679104545 0.1535365935 0.2127547458 0.1257788949 0.2321061008 0.1719839957 0.2474409361 0.3392913494 0.4968283961 0.6756436386 0.8089039889 0.9103806871 0.8568169527 0.7641565335 0.6162010418 0.4489369704 0.3435084579 0.2204279200 0.2192981812 0.1956288402 0.1586184946 0.1863800956 0.1730659806 0.1852405761 0.1852035668 0.1277809260 0.1800246307 0.1894489909 0.2025714144 0.1915064571 0.1802248481 0.1737757881 0.2092221454 0.1644403247 0.2059154660 0.1653594352 0.1030872749 0.1923739323 0.2264931279 0.1967195977 0.1812324006 0.2329124662 0.2637764918 0.3121519464 0.4874228165 0.6563749209 0.8115463768 0.8856462607 0.8663018264 0.8178808810 0.6236621159 0.4191198464 0.3150103641 0.2583087135 0.1622338580 0.1739748411 0.1981399888 0.1398499058 0.1918192720 0.1802072948 0.1953393390 0.1879453775 0.1949250873 0.2134081907 0.1715500926 0.1758966552 0.1747729613 0.2162220607 0.2073901896 0.1836047212 0.1643961761 0.2245838095 0.2075876982 0.1998201202 0.2459652996 0.1853554977 0.2190902543 0.2343853253 0.2585962002 0.3683353729 0.5156574369 0.6713753604 0.7707520226 0.9177885650 0.8998555945 0.7977297368 0.6380875660 0.4683556162 0.3361494335 0.2378057166 0.2544371665 0.2245870094 0.1838437648 0.2050356301 0.1761996027 0.1159888407 0.1425375935 0.1660831081 0.1715999294 0.1836481758 0.1612787921 0.1727005510 0.1325011728 0.1725343381 0.1869706411 0.1852710645 0.2356039300 0.1319884620 0.1711711832 0.1561154505 0.1092296552 0.1490690097 0.1692197501 0.2545678163 0.2686714075 0.3521453372 0.4886764020 0.6432927751 0.8586921397 0.9076918726 0.9147996283 0.7771363698 0.6214465952 0.4638612507 0.3481086290 0.2436328778 0.2622433510 0.2103274740 0.2010364087 0.2087272848 0.1788756052 0.2235960904 0.2266358686 0.1259558616 0.1837879125 0.2172404298 0.2213597478 0.1578766651 0.1741881302 0.2001132501 0.1971374807 0.2077370966 0.1895082852 0.1884734206 0.1089879858 0.2078479739 0.1842002048 0.2005625592 0.1590651559 0.2222268370 0.2861488383 0.4008182969 0.4920677882 0.6179323427 0.8228995023 0.9146425964 0.8946367581 0.7916494385 0.6587954384 0.4560996040 0.3543918705 0.2839738564
0.2623875967 0.2965513561 0.5080245844 0.5763371141 0.7556184092 0.8723916193 0.8234059493 0.7847025782 0.6023658664 0.4715168902 0.2935391223 0.2163915728 0.2210460399 0.2067950419 0.1815010649 0.1433879313 0.2370072653 0.1954899771 0.1852912463 0.1578856418 0.1986978613 0.1494575433 0.1764699011 0.1901832375 0.1855102351 0.1624460321 0.1589262531 0.1894920016 0.2064927483 0.1933656758 0.1458919207 0.1778963617 0.1413271991 0.1702615413 0.1585321861 0.2341377566 0.2843420430 0.3444613103 0.5111705783 0.6450922875 0.8069815821 0.8895270377 0.9016360162 0.7850097431 0.6245446238 0.4577717040 0.3404953775 0.2470677834 0.1772649307 0.1943436669 0.2064648656 0.1589917384 0.1831200979 0.1623105142 0.1955475313 0.1809840616 0.2182710327 0.2168573734 0.1746900920 0.1472141185 0.2223849183 0.1937576536 0.1598115300 0.1783604547 0.1424620094 0.1498149567 0.1649946622 0.1587558797 0.1866949258 0.2066580992 0.2276309710 0.1888841791 0.2610163092 0.3627495695 0.4598190203 0.6409534574 0.7809426680 0.8922262805 0.8661266074 0.8112042688 0.6325390726 0.4480184811 0.3614640119 0.2354639281 0.2252076444 0.2319539786 0.1736186894 0.2135735785 0.2130346307 0.1856120412 0.1601073834 0.1497742582 0.1811096279 0.2311796024 0.1937089694 0.2138925019 0.2137805761 0.1772567984 0.1800537457 0.1780423773 0.1946144250 0.1788166758 0.2090081770 0.2079421460 0.1701728549 0.1615011844 0.1625731515 0.2401265725 0.2592418062 0.3459292951 0.4769389140 0.6546380092 0.8050780164 0.9268780573 0.8936599845 0.8015984386 0.6425407849 0.4415450106 0.3006174866 0.3029226683 0.2363005833 0.1899578528 0.1859515237 0.1640991211 0.1802974539 0.1987382593 0.1855074943 0.1621009464 0.1698323709 0.1578010691 0.1653168974 0.1974658933 0.1801816736 0.1953180148 0.1707218538 0.2139924817 0.1721742096 0.1812956341 0.1722711255 0.1837476159 0.2148059354 0.1627155970 0.2331813443 0.2148795744 0.2524337792 0.3235729796 0.4773490338 0.6041892103 0.8240049733 0.9395720890 0.8644815593 0.8031792514 0.6662412632 0.4654079795 0.3711915164 0.2817926838 0.2024383859 0.2049567786 0.1898407847 0.2201022710 0.2324817723 0.1635921676 0.1979540165 0.1527136396 0.1904482176 0.1926785894 0.2140435138 0.1494428314 0.2049505267 0.2155201314 0.1421982871 0.2636206806 0.2023458715 0.2058713639 0.1824966416 0.2453039384 0.2029874627 0.1593241687 0.1829334277 0.2597165129 0.2676103273 0.3185673259 0.4846300674 0.6679373689 0.8266800401 0.9187106313 0.9125595569 0.7269630648 0.6140356985 0.5017805247 0.3135715299 0.2521119275
0.2214883537 0.3708530171 0.3902710847 0.6495721208 0.8033919848 0.8695028069 0.8848846229 0.8311235350 0.6149004307 0.4831224267 0.3769157130 0.2772733316 0.2784277792 0.2593350936 0.2345080957 0.1842873677 0.1708008944 0.1602573886 0.1763294479 0.1913895672 0.1690246088 0.2191974549 0.1687849381 0.1782814525 0.1654714495 0.2216882018 0.2004469469 0.2278192925 0.2170836613 0.1754331332 0.1552469151 0.2274909658 0.2190020252 0.1821550266 0.1921585117 0.1726537922 0.2057499320 0.3559194948 0.4439706446 0.6015093697 0.7607854967 0.8723786884 0.8896120984 0.7637600385 0.6495001471 0.5029132084 0.2904232579 0.2732357428 0.1805418186 0.2190300424 0.1634953328 0.1681788074 0.1902134718 0.1606444760 0.2009681029 0.1864163348 0.2209770651 0.2115901022 0.1714995969 0.1721503453 0.1530881708 0.2340041690 0.1435171902 0.2085207952 0.1925471214 0.1278643155 0.2112870261 0.1886647347 0.2293729162 0.1964199828 0.2159133793 0.2110031007 0.2171118914 0.3050632751 0.4261786230 0.5779727043 0.7503973784 0.8979533488 0.9483829335 0.8349159829 0.6308845421 0.4623736374 0.3664521292 0.2297903393 0.2497977033 0.2290073855 0.1990039161 0.1928231528 0.1440951950 0.2069087087 0.1920832896 0.1962132116 0.1950888663 0.1732703315 0.1801920267 0.1691897127 0.1471442880 0.1868998966 0.1785128295 0.2143755062 0.1740580431 0.1402026105 0.1750500026 0.2303366834 0.2189356137 0.1947660532 0.2278455379 0.1887591033 0.2826601204 0.3445082037 0.4653042859 0.5708754230 0.7967629419 0.9207771382 0.9079417289 0.8056697243 0.6878047171 0.4521443932 0.3018006251 0.2869709309 0.2737796373 0.2344476673 0.2341515260 0.2366772499 0.1856511381 0.2319579096 0.2122779982 0.1751627690 0.2182661056 0.2107879038 0.2094570274 0.2080524017 0.2324973888 0.2286939119 0.2230688429 0.2319417869 0.2221442459 0.1410177674 0.1879207725 0.2118990167 0.1775081315 0.1720089757 0.1986817808 0.2581820274 0.2609121286 0.3196703128 0.4722944834 0.6438634110 0.7727055126 0.9123337577 0.9027857386 0.8256541968 0.6392857073 0.4281693584 0.3707817588 0.3103809540 0.2082183715 0.2008655574 0.2049687778 0.1848791979 0.2047966804 0.1895836653 0.1857532554 0.1934697348 0.1849608418 0.2123287430 0.1567903461 0.1957020811 0.2247448421 0.1590896382 0.1913042673 0.2163802684 0.1710444559 0.1515196207 0.1994759482 0.2566938461 0.2156186064 0.2690718348 0.1825663439 0.2741981589 0.2335293666 0.3819213165 0.4635178874 0.5791090276 0.8002065344 0.9163857870 0.9261805236 0.8333127242 0.6800055283 0.5126075408 0.3087145602 0.3123649807
0.2262143993 0.3120959271 0.4244347508 0.5863168534 0.7235123272 0.9101794014 0.9116389093 0.8371911474 0.6218380771 0.4599484630 0.3821672113 0.2756446803 0.2285169385 0.1921983379 0.1864062616 0.1732222630 0.1810734214 0.1708031507 0.1683287549 0.1795656093 0.1734272621 0.1748089836 0.1836848733 0.1790718075 0.1673913696 0.1902941434 0.2328627113 0.1911878765 0.1957052460 0.1925076279 0.2076614739 0.2038939129 0.2247516359 0.2186586025 0.1878126296 0.2443940873 0.2026538715 0.3232366030 0.4311044415 0.5838183077 0.7711189934 0.9070439133 0.9281446620 0.8125634555 0.7372719435 0.4953141857 0.3698999373 0.3024185919 0.2259954219 0.1820437497 0.2234587670 0.1463101185 0.2005665910 0.2133086817 0.2316436648 0.2068707765 0.1642832398 0.2093392146 0.2646415738 0.1773225940 0.1937668547 0.2120052679 0.1665945281 0.2588706821 0.1413035206 0.2147337860 0.1895059394 0.1993520912 0.2129817679 0.2166252136 0.2426895332 0.2341088322 0.2476242889 0.2905178042 0.4192210306 0.5905537171 0.7994048795 0.8862895878 0.9424918466 0.8521608171 0.6623480835 0.4840404832 0.3442960871 0.2664868009 0.2523340395 0.2692296789 0.2119624348 0.2074392257 0.2070305276 0.1821613647 0.2696730887 0.2014742212 0.1487572275 0.2408586324 0.2240861807 0.2371581719 0.2007219744 0.2001821394 0.1759659860 0.1554733190 0.1848404149 0.2151061044 0.2273488495 0.1643242073 0.1771636720 0.1951919146 0.1572721953 0.2237238491 0.2929280598 0.3064270366 0.4760794373 0.6153760795 0.7905525190 0.9115033131 0.9405312844 0.8490914894 0.7011608157 0.5451802298 0.4178311896 0.2926721723 0.2589328014 0.2257078420 0.1863154786 0.1758074725 0.1957083234 0.1785183201 0.1817925720 0.2338961281 0.1886969429 0.1830601749 0.1815325557 0.1709248456 0.2048032450 0.2245406452 0.1935075993 0.2170529146 0.2036154785 0.1863900850 0.1628812414 0.2040119284 0.2031819430 0.2237175487 0.2181060439 0.2369965405 0.2451370100 0.3080452978 0.4337727429 0.6406954437 0.7982289617 0.9080009816 0.9572122932 0.8549950897 0.6837143507 0.5250391503 0.3885825466 0.2983174677 0.2678605994 0.2274648360 0.2414916752 0.2028311753 0.2164619014 0.1913635500 0.1545596829 0.2245806927 0.2347057530 0.2244154762 0.1731867697 0.2277761126 0.1954127931 0.2257184722 0.2187537997 0.2164444479 0.2601954885 0.2012149974 0.1962747121 0.2636172229 0.2681553577 0.2062840661 0.1928479525 0.2129342062 0.2982234188 0.3630402843 0.4592973886 0.6164796715 0.7849151457 0.9409175553 0.9542630034 0.8522756139 0.7332951970 0.5499166552 0.3731786137 0.2583044261
0.2882430065 0.3314370975 0.4502799761 0.5393392610 0.7012803854 0.8880183930 0.9418967102 0.8403641823 0.7382101022 0.5404407947 0.3654475205 0.3063069445 0.2214445884 0.2245854365 0.2149348839 0.2067297466 0.1399772577 0.2559228502 0.1947466082 0.2056869946 0.1856188323 0.2490495738 0.2228436641 0.2046627231 0.1973492107 0.2005731590 0.2190943596 0.1479442793 0.1969019691 0.1812412949 0.2395182132 0.1764014423 0.1756997899 0.1985750362 0.2522707104 0.2496926148 0.1893333440 0.3406071952 0.4394863160 0.6036710841 0.7687083168 0.9331235593 0.9274761488 0.8539768129 0.6868414142 0.5235292531 0.3865374637 0.2416826919 0.2100548931 0.2348390177 0.2361520265 0.2255075295 0.1806731997 0.1899698010 0.2601421582 0.1641262115 0.1596615455 0.2315053776 0.1666362571 0.1951974215 0.2236288547 0.1387424123 0.2633098334 0.1616355328 0.1968896423 0.1415365194 0.2032292665 0.2154242439 0.1394369116 0.2269223510 0.2401812016 0.2421416649 0.2258071795 0.3774271936 0.4294453471 0.6297498508 0.8019858760 0.8950381044 0.9195839494 0.8574917419 0.7472585437 0.5664621527 0.3984971329 0.3233883993 0.2822013525 0.2491545976 0.1859070404 0.1935682037 0.2464893124 0.1679674114 0.2414959791 0.1869582827 0.1939351478 0.2626481589 0.2560627778 0.1915613762 0.2262511530 0.1816334511 0.1717218029 0.2229973661 0.1889271483 0.1896870765 0.2276088553 0.2222869988 0.2235361289 0.2046042291 0.2136025408 0.2019073747 0.3020246124 0.3536355848 0.4372887452 0.5824386278 0.7755816374 0.9033841205 0.9432024653 0.8590730685 0.7084887605 0.5051610493 0.4079829050 0.2843780383 0.2410059247 0.2459847427 0.2165395334 0.1871955492 0.2062638985 0.2752417865 0.2028545481 0.2426157724 0.2103117215 0.2132502992 0.1872995924 0.1787448625 0.1580429890 0.2037088065 0.1958639336 0.2100689102 0.1713311312 0.2135939324 0.1808309404 0.2571381329 0.2825078993 0.2103508805 0.2385707360 0.2297663978 0.2544761272 0.3312956592 0.4946477988 0.5709798724 0.7850779036 0.8843771509 0.9058778784 0.8412288157 0.6869250705 0.5675326352 0.3759871373 0.3168303348 0.2703794580 0.2606072718 0.2166845526 0.2233435715 0.1699000941 0.1679498330 0.1923168733 0.2050410466 0.1930026597 0.1883144115 0.2605018574 0.2147163980 0.2228295308 0.2258919759 0.2457700298 0.1750255360 0.1852759079 0.2553857707 0.2175831864 0.2749269344 0.2340102452 0.2387274729 0.2532727139 0.2518076903 0.2359745871 0.3091692133 0.4626880511 0.5785457177 0.7528970773 0.9087983832 0.9353155765 0.8923235685 0.6866712681 0.5994082230 0.4159152724 0.2945752317
0.2448880547 0.3430100982 0.3781386219 0.5742429930 0.7411162603 0.8937469970 0.8904192549 0.8612311120 0.7377976515 0.5200657354 0.4053972113 0.3180719590 0.2566567208 0.2232217288 0.2265868282 0.2028994341 0.1868236491 0.2322774883 0.2145620494 0.1908073863 0.2289078547 0.1949164555 0.2218236820 0.2186400294 0.1695395600 0.2213929977 0.2008374967 0.2275943673 0.1858404630 0.1861131416 0.2425685443 0.2215752362 0.2254993151 0.2000148255 0.2495828151 0.2604920527 0.1983682995 0.3247570516 0.3761469627 0.5705428310 0.7852895584 0.9152784027 0.9657389063 0.8584163563 0.7165276116 0.5297772973 0.4007653851 0.3574832319 0.2070349993 0.2194675615 0.2102885934 0.2369745877 0.2505853391 0.2153041626 0.1663445566 0.2191353970 0.1690782159 0.1480862590 0.1770797406 0.2320797603 0.2835646448 0.2566008745 0.2557242077 0.1955913129 0.2431459271 0.2154245707 0.1794448843 0.2241224175 0.2135758246 0.2168655491 0.1906135375 0.2245950793 0.2514031246 0.3260687554 0.4379052163 0.5704098364 0.7110742939 0.8879048800 0.9282867126 0.8649165651 0.7421980988 0.5958049005 0.3788025274 0.2914338453 0.2086669285 0.1622999330 0.2386157734 0.1918905555 0.2185357453 0.2552941550 0.1771118646 0.2116740220 0.1943495541 0.2286232946 0.2089250232 0.2290621726 0.2411515385 0.2263397099 0.2085061553 0.2505804801 0.2545102218 0.1747013055 0.2086188197 0.2180338561 0.1820763344 0.2315688287 0.2189698826 0.1999775580 0.3103216188 0.3317060070 0.4894931085 0.6266667205 0.7106289274 0.8854570656 0.9282311532 0.9176317505 0.7464491750 0.5750960670 0.3735011619 0.3498516902 0.2325659300 0.2698558409 0.1611591332 0.2420187760 0.2114363038 0.2492504644 0.1865333013 0.2102810202 0.2531879612 0.2070117858 0.2647197455 0.2099553869 0.1899311541 0.2099793613 0.2282947938 0.2437662307 0.2703053760 0.1939995691 0.2175580178 0.2557553332 0.1636041184 0.2349363319 0.2505771382 0.1812478848 0.3025969839 0.2938885099 0.4336657614 0.5477581138 0.7873271551 0.8770824791 0.9459714998 0.8671499977 0.7674840214 0.5490507332 0.4520493777 0.3480647077 0.2558418562 0.2812543454 0.1930931945 0.2603207565 0.2550407432 0.2207269522 0.2277042003 0.2128097016 0.2360744673 0.2879134058 0.2613878863 0.1852116082 0.2256749986 0.2247019655 0.2570104098 0.2089507720 0.1953839941 0.2186134661 0.2027846080 0.2015165574 0.2265228798 0.2426929475 0.2306927899 0.2546279170 0.2240894855 0.3268088978 0.4459259224 0.5812051877 0.7290441540 0.9262762308 0.9623925793 0.9134422359 0.7223885754 0.5618820133 0.4806948300 0.3680694383
0.2563191832 0.3492208970 0.4078481465 0.5070836158 0.7178206276 0.8933604977 0.8816558824 0.9503287322 0.7922926157 0.5955171501 0.4549901748 0.3175317564 0.2885627891 0.2118864394 0.1686793426 0.2024913868 0.1837499745 0.2531167178 0.1560704436 0.2079058066 0.2117180243 0.1993862437 0.2037261831 0.2222693838 0.2074349983 0.2284083487 0.1886106476 0.2124818557 0.1991543013 0.1319860139 0.1888641044 0.2343973920 0.1764894008 0.2402908692 0.1782342793 0.1810656483 0.2243525397 0.3213866987 0.4427728805 0.5769885347 0.6979480752 0.8447361478 0.9491209962 0.8906991824 0.7669287970 0.6016868499 0.4755473178 0.3088724650 0.2701764036 0.2495419177 0.2130947884 0.2135018799 0.1837297818 0.2197022502 0.1361787124 0.2445481567 0.1877449132 0.1953472707 0.1899661245 0.2219814323 0.2134652721 0.2337680474 0.1693607502 0.2491046312 0.2088198677 0.2040848270 0.1847451886 0.1601382739 0.2378736190 0.2254291305 0.2252889912 0.2058250035 0.2890597284 0.3534835084 0.3917987048 0.6064588583 0.7728586809 0.8586374881 0.9506882932 0.8719873026 0.7819664822 0.5733714082 0.4248515314 0.3247434727 0.2339782271 0.2157490244 0.1779047369 0.1957745573 0.2529626158 0.1823630747 0.2280450484 0.2117733861 0.2082695693 0.2382079536 0.2043689928 0.2198989800 0.2486395424 0.2245683373 0.2301488460 0.1991241672 0.2350662452 0.2598309682 0.2430910846 0.2630813045 0.2194570738 0.2572405311 0.2579741665 0.2002042284 0.2319979678 0.3013913381 0.4835787244 0.6271250211 0.7188691382 0.9053328150 0.9327696703 0.8704092595 0.7564326685 0.5891765794 0.4275362357 0.3613803844 0.2724188586 0.2459512715 0.2477545145 0.1920750479 0.2198241144 0.1942188082 0.1937694685 0.2820596181 0.2245991279 0.2278201684 0.2649393872 0.2104636415 0.2019677843 0.2227227025 0.2474330548 0.2197630955 0.2221522054 0.2346720876 0.2260523016 0.1837470305 0.2003009834 0.2616496554 0.2252010093 0.2708422469 0.2629681732 0.3582478377 0.4020721000 0.5594804358 0.7534571234 0.9070130978 0.9857767917 0.9150474255 0.7015076292 0.6173411823 0.4899102385 0.3890865627 0.2372728292 0.3229797482 0.1921357686 0.2531100573 0.2781963631 0.2167493131 0.2013780259 0.1969512116 0.2064093353 0.2591637980 0.2677736528 0.2293139917 0.2266217743 0.2240058517 0.2400208741 0.1916657639 0.2249501157 0.2244788692 0.1965972973 0.2247905427 0.2471063436 0.2421603568 0.1935312739 0.2533839140 0.2675861256 0.3787924514 0.4802533981 0.6067546302 0.7625064590 0.8772784832 0.9190320835 0.9045684033 0.7401156853 0.5867658383 0.4674248163 0.3237374360
0.2607872511 0.2819833333 0.3911122856 0.5592454057 0.7134422732 0.8082704753 0.9455070760 0.8965818547 0.7558995830 0.5889260402 0.4222004353 0.3887303634 0.2873361094 0.2222839574 0.2267699306 0.2257928875 0.1936718458 0.1962556842 0.1975521642 0.2401224270 0.2326015441 0.2027161551 0.1772293984 0.1737725825 0.2396926361 0.1955003099 0.2685654254 0.1808452619 0.1734567575 0.1804100897 0.1844471035 0.1990396716 0.2577817745 0.2074064685 0.2668637788 0.2084309365 0.2270964636 0.3138767614 0.3396203666 0.5490311427 0.7246923353 0.8287685483 0.9679604546 0.8630775737 0.7812829430 0.5770281607 0.4466896043 0.3251596347 0.2685795674 0.2653921172 0.2711866768 0.2012050146 0.2063021738 0.2405115881 0.2168374768 0.2434626063 0.2126847350 0.2446131806 0.2281403124 0.2358633931 0.1742901737 0.2241565788 0.2279263896 0.2322103229 0.1918727613 0.1585486989 0.2494977575 0.2085154969 0.2216578553 0.2646612747 0.2388187767 0.2287527658 0.2771090311 0.3079653552 0.4249675127 0.6220922677 0.6834901254 0.9000299873 0.9387575415 0.8457607609 0.7932985261 0.6175043331 0.4512121384 0.2874212889 0.3136147584 0.2284824407 0.2238603889 0.2557348606 0.1938379249 0.2506682904 0.2361276677 0.2178961809 0.2221598672 0.2455943585 0.2184259742 0.1970687426 0.2439111685 0.2352572097 0.2389878099 0.2374680721 0.2055811281 0.2328979707 0.2401841131 0.2795336144 0.2460576329 0.2380370282 0.2190726445 0.2290026871 0.2393147154 0.3114459410 0.4081790532 0.5820824701 0.7211628022 0.8754502503 0.9339419150 0.9139401536 0.8444021169 0.6091380946 0.4257373325 0.3198557538 0.2992855703 0.2438673408 0.2229908305 0.2547059600 0.2870883397 0.2397225932 0.2537788147 0.2708401461 0.2157861407 0.2670258341 0.2301651634 0.2575286285 0.1962413736 0.2141612729 0.2065375252 0.2232135920 0.2692352591 0.2293736095 0.2571178496 0.2289677219 0.2227819138 0.2679136168 0.2545445010 0.2318448178 0.2500827948 0.3063808040 0.4357736488 0.5732692251 0.7293267506 0.8404756838 0.9363043591 0.8833181215 0.7986974238 0.6138372324 0.4341395421 0.3319434980 0.2865255458 0.2453474439 0.2227465127 0.2464452319 0.1793025432 0.1989669613 0.2861528048 0.2048488397 0.1971423004 0.2054656117 0.2627111924 0.2157873088 0.2201456243 0.2441538247 0.2426988016 0.2125697859 0.2346339545 0.2599678944 0.2483461457 0.2379596075 0.2677758613 0.2621674185 0.2165429546 0.3072807910 0.2961702938 0.3659130986 0.4266579691 0.5404406890 0.8197341467 0.8744269237 0.9244546635 0.9037814074 0.8265921809 0.6053654046 0.4577021387 0.3458578786
0.1884681195 0.3226745806 0.4139830740 0.5530642741 0.7341150655 0.8265980811 0.9512200646 0.8748380899 0.7770458312 0.6285187610 0.4395585077 0.3154294684 0.2594438937 0.2650299844 0.1798106775 0.2257708378 0.2501994601 0.2462423802 0.2334057747 0.2615847123 0.2024646493 0.1775932485 0.2022579310 0.2163781714 0.1920174754 0.2621716203 0.2110347029 0.1911086908 0.1688777007 0.1860074472 0.2222900483 0.2013510956 0.2334947535 0.1883985704 0.2063289717 0.2265544013 0.2631943422 0.3200911522 0.4070812941 0.5019029531 0.7393962883 0.9272837999 0.9028429106 0.8964108083 0.7378715606 0.6559782341 0.4687156506 0.3815925257 0.2887273437 0.2576862138 0.2301108558 0.2245205797 0.2136013568 0.2028492182 0.2588809158 0.2293794167 0.1953204488 0.2509495137 0.2458445239 0.2267664186 0.1876180951 0.2769147471 0.2113302600 0.2326439797 0.1935877973 0.2099822621 0.2400680969 0.2531774177 0.2459221382 0.1743109482 0.1911658323 0.2399297691 0.2809112793 0.3353575762 0.3619887465 0.5626556683 0.7184628393 0.8654416097 0.9468590855 0.9487067418 0.7387291810 0.6318110428 0.4742701353 0.3607099207 0.2755356091 0.2345295736 0.2508561105 0.2495733017 0.2586540335 0.1721182280 0.2637829737 0.2255025690 0.2731227326 0.1747633410 0.2494583065 0.2270134253 0.2189214409 0.2301379956 0.2530055593 0.2676732419 0.2076935221 0.2001246203 0.1771660742 0.2001789246 0.2514194363 0.1786236830 0.2069059859 0.2639668345 0.2108505952 0.3292756466 0.4392826833 0.5711992478 0.7257949950 0.8674067538 0.9486653633 0.9007535668 0.7555959297 0.5751889164 0.5181950446 0.3212783599 0.3571102288 0.2915214945 0.2676441659 0.2564394500 0.2270835008 0.1963899477 0.2035988496 0.1763851792 0.2766033401 0.2049854337 0.2323315662 0.2355843613 0.2748199397 0.1890973995 0.2721244622 0.2321999618 0.2095078560 0.2709579471 0.2285917668 0.2722275520 0.2114352723 0.2703749889 0.2125841133 0.2435527737 0.2624163645 0.3680790792 0.4221080617 0.5498764800 0.7098047184 0.8549045127 0.9289756299 0.9617156610 0.8313166754 0.6338741965 0.4601566263 0.3784429734 0.3553900575 0.2500311139 0.2144200621 0.2366826748 0.2646198895 0.2133674382 0.2005573462 0.2403223835 0.2217850241 0.2397278272 0.2644764229 0.2440955554 0.2293765028 0.2501217517 0.2407942062 0.2421752951 0.2314991611 0.1678169994 0.2249627864 0.2340184033 0.2028201305 0.2744607718 0.2057316317 0.1733810341 0.2941965841 0.3396233094 0.4293142822 0.5666347622 0.6814134082 0.8874742979 0.9435796140 0.9007902791 0.7844125617 0.6745231051 0.4800766859 0.3573800773
0.2699213012 0.3456592610 0.3883094237 0.4903036608 0.7058022312 0.8473804809 0.9061949615 0.8808590053 0.7981004198 0.6025826328 0.4890222412 0.3306428964 0.3609109036 0.2374963563 0.1804796525 0.1771929738 0.2171024345 0.2401440274 0.1936136247 0.2197377994 0.2377091214 0.1963833274 0.2223490751 0.2178220360 0.1973979831 0.2084066919 0.1836322423 0.1962197095 0.1986338238 0.1890189146 0.1773289854 0.1955947646 0.2126801942 0.2259101965 0.2315859099 0.1796019254 0.2403839348 0.2968863148 0.3620502672 0.5254099549 0.7191674589 0.8629861999 0.9455239903 0.9062583874 0.8094463892 0.6453577902 0.4797882638 0.3444778037 0.2606360958 0.2821115764 0.2987851784 0.2038558017 0.2288538844 0.2071466639 0.1975760495 0.2056359586 0.2333876019 0.2038080981 0.2056645971 0.2203696459 0.2521871776 0.2407213258 0.1939888563 0.2020986810 0.2667305725 0.2382056684 0.2838656286 0.2094480345 0.1884194687 0.2269233190 0.2280932867 0.2205401393 0.2166063730 0.2780517077 0.3768822032 0.5386485788 0.6475080231 0.8905483631 0.9494611508 0.8436082246 0.7932224841 0.6467163737 0.4833785124 0.3804867789 0.2912187713 0.2669471260 0.2425447674 0.2409027209 0.2209733227 0.2246681565 0.2397629146 0.2266401598 0.2079932045 0.2346145156 0.2181559761 0.1673022888 0.2593493200 0.1931862494 0.2381810331 0.2341920022 0.2175086838 0.2302443908 0.2213110854 0.2856719308 0.2073495099 0.1822345335 0.2224897450 0.2585767466 0.2959505818 0.2873105805 0.4082241659 0.5129340535 0.7001986436 0.8707488866 0.8976611686 0.9686699752 0.7893163516 0.6532964229 0.4948388043 0.3735845114 0.2995845796 0.1936789963 0.2107791424 0.2888427153 0.2862304109 0.2125109654 0.2357109596 0.2717344022 0.2445055687 0.2234033995 0.2287785995 0.2216217238 0.1984595126 0.2379071655 0.2247985300 0.2601827588 0.1831046312 0.1955158346 0.2081106717 0.1599617978 0.2135023394 0.2443313342 0.1963011237 0.2425316529 0.2691649836 0.2495997351 0.4065802695 0.5202811495 0.7440204971 0.8388220705 0.8963406855 0.9383905859 0.8413318952 0.6681683802 0.4867336632 0.3514975836 0.2889372230 0.2125186493 0.2524042240 0.1952610993 0.1833187416 0.2563144166 0.2592865237 0.2637835006 0.2543399200 0.2226907774 0.1861903432 0.2556827218 0.2069078694 0.2623693456 0.2887445573 0.2597575620 0.2494294451 0.2477517575 0.2321200363 0.2378588320 0.2544538213 0.2041807570 0.2186273454 0.2600508841 0.3139188704 0.3099405831 0.4210216959 0.5603974334 0.7067777831 0.8906864372 0.9467128415 0.9423466778 0.8016105536 0.6765656499 0.5001094954 0.3846678345
0.2601153928 0.3091238412 0.2874831434 0.4982664713 0.7035463002 0.8066615464 0.9456473128 0.9051264225 0.7711376108 0.6257550868 0.4652593904 0.3576142334 0.2441053026 0.2301606200 0.2006416970 0.2121206818 0.2137492281 0.2193366181 0.2223512314 0.1460017582 0.2107802883 0.1700128601 0.2069144836 0.2296759324 0.1965605584 0.2041533587 0.2231754443 0.2116932663 0.2076140148 0.2134521331 0.2192818953 0.2423683959 0.1867786033 0.2711484599 0.2555551029 0.2221187853 0.2138100799 0.2791911485 0.3574905313 0.5382826462 0.7392171796 0.8826463809 0.9358838324 0.8788345897 0.8201090147 0.6552325684 0.4823151813 0.3139464186 0.2660162528 0.2210748064 0.2453307413 0.2428746816 0.2306278215 0.1983082942 0.1928890548 0.1642788256 0.1561870701 0.1958135353 0.1874917688 0.2480916089 0.1842746454 0.1482282218 0.2160229401 0.2314608707 0.2003860741 0.1992975502 0.1683858009 0.2217932744 0.2286701245 0.2296438562 0.2431656400 0.2269067070 0.2322850644 0.2703319914 0.3400551243 0.4990844099 0.6908260089 0.8077417935 0.9646775211 0.9277462861 0.8292543621 0.6621980162 0.5072144873 0.3246590671 0.2907895040 0.2372241100 0.2094646687 0.2113086020 0.1893540279 0.2223151093 0.2172584363 0.2346712119 0.2311412749 0.1813202411 0.2316870388 0.2230100186 0.2177381942 0.1914919640 0.1767389654 0.2206107727 0.1993416039 0.2109429989 0.2150696433 0.2018455145 0.2257480045 0.2433660810 0.1813529097 0.2557452680 0.2501255660 0.3080235020 0.3812346304 0.4980164932 0.6367976258 0.8173666351 0.9354372918 0.9229863373 0.7992603020 0.6419562856 0.4193650630 0.3199918626 0.2126648147 0.2640516681 0.2246764346 0.2314472785 0.2301108086 0.2354541251 0.2291686561 0.2500147216 0.2150403749 0.2205108300 0.2202164180 0.2387778184 0.2397479144 0.2284309949 0.2028704193 0.2145188755 0.2630451414 0.2196574275 0.2182886186 0.2053402634 0.2412974367 0.2150342831 0.2278741264 0.1862166919 0.2399990081 0.2506261113 0.4037289438 0.5521382400 0.6653886926 0.8348469855 0.9477268844 0.9405258682 0.8166146508 0.6478424046 0.5400121599 0.3673115615 0.3313121471 0.1896548243 0.2419021933 0.1866744292 0.2289359835 0.2363425106 0.2402876519 0.2061857289 0.2611214244 0.2262474189 0.2250900278 0.1872307317 0.1854854262 0.2206364890 0.2140328181 0.2688203279 0.1934109234 0.2213597038 0.2296481970 0.2673612535 0.2093209732 0.2140004629 0.2056395228 0.1982137242 0.2380850390 0.2634782896 0.3677334691 0.4991655899 0.6624612960 0.8403180140 0.9462428629 0.9688071808 0.8202045941 0.6658460822 0.5194125920 0.3226311211
0.2415251262 0.2469511511 0.3916790142 0.4897581823 0.6263949586 0.8450392286 0.9012825155 0.8847902440 0.8351212644 0.6627468518 0.4601933248 0.3393973556 0.2749301697 0.2234195682 0.1784376800 0.2084588145 0.1844159369 0.1940604628 0.2268372779 0.2212279155 0.2073120880 0.1391867438 0.1827488197 0.1670297944 0.1416666115 0.1658098786 0.1647056669 0.1657223278 0.2159592818 0.2017520616 0.2389161146 0.2008816883 0.1895371449 0.2367259013 0.2275075888 0.2360241998 0.2275735922 0.2598386020 0.3466182548 0.4390664599 0.6201483347 0.8182800257 0.8757859982 0.9192579220 0.7934783691 0.6697829720 0.4891186632 0.3853138817 0.3197255377 0.2349957222 0.2272461870 0.1987006610 0.2319126116 0.2348166305 0.2217950473 0.1974310896 0.2318786304 0.1766689137 0.2013146635 0.2062617025 0.2279295370 0.2066949179 0.2191506600 0.1890405701 0.1619128319 0.2619327867 0.1858714953 0.1843692239 0.2217624394 0.1864502864 0.1707538032 0.2204917146 0.2403730964 0.3099178972 0.3843737936 0.4373412310 0.6369255559 0.8038111188 0.9037166480 0.9212128103 0.8546452687 0.6809403064 0.4857752346 0.3876003905 0.3302954342 0.2495717386 0.1915102632 0.2380983108 0.2281185990 0.2102367544 0.2494770310 0.2613236424 0.1729259302 0.2241119650 0.1942806359 0.2041895264 0.2726774895 0.1891797393 0.1975898896 0.2545725139 0.1830416071 0.1591943110 0.2464225601 0.1927245996 0.2530086800 0.2141106870 0.2212443179 0.2408347191 0.2086104589 0.2732811205 0.3597003364 0.4780305750 0.6399049469 0.8223212530 0.9189015262 0.9151372299 0.8414771260 0.6811794468 0.5277756494 0.3620836039 0.3033829840 0.2340142663 0.2352530622 0.1748924261 0.1992950517 0.2283694323 0.2028719561 0.2692842531 0.2138335654 0.2348517335 0.1943788768 0.1856819686 0.2413226409 0.2675464661 0.2348912455 0.2217548981 0.2690078710 0.2218126125 0.2243334262 0.1765294806 0.2293983886 0.2036599239 0.2863459833 0.1827496608 0.2600878488 0.3217403795 0.3705665740 0.5557544681 0.6518286069 0.8573800466 0.9226123804 0.8972411651 0.8161389418 0.6930144387 0.4881042146 0.3369934569 0.2715814059 0.2529392503 0.2248767625 0.2277537502 0.2441005724 0.2020658864 0.2145324203 0.2327169722 0.2583495018 0.2557540794 0.1828193167 0.2324041093 0.1503402116 0.1976056939 0.2372119752 0.2568962518 0.1609835195 0.2478527367 0.2150090968 0.2698685885 0.2005597639 0.2353345866 0.2790402576 0.2190291479 0.2559774679 0.3200070904 0.3878750452 0.4761150463 0.6747923912 0.8445721737 0.9183925235 0.9531929317 0.8102167273 0.6737705968 0.5101692504 0.3854408396
0.2302955907 0.2612298873 0.2831556627 0.4719782652 0.6144410105 0.7973541384 0.8744035759 0.8900434829 0.8024392541 0.6910366953 0.4622085394 0.3538829244 0.2959618190 0.2439674471 0.1607199116 0.1461911447 0.2099466881 0.2096759901 0.1861057941 0.2212941157 0.1745592397 0.2146424284 0.1726500802 0.2089969747 0.2111857172 0.1896948384 0.2162590337 0.2196293948 0.2258669546 0.2166296464 0.1945693146 0.2188195748 0.2029507864 0.2438119662 0.2073376735 0.2182848686 0.2439156504 0.2096425589 0.3392488827 0.4385218772 0.5884612943 0.7767263481 0.8855857678 0.9245449646 0.8134407876 0.6973417822 0.4619607307 0.3429918491 0.2757924764 0.2397958138 0.2151400808 0.2034259774 0.1792088933 0.2132325386 0.2108040497 0.2267006488 0.2511961680 0.2064759939 0.2370764120 0.2105558360 0.1912032776 0.1414545327 0.2162670669 0.2104060982 0.1962727102 0.1661573426 0.1998456913 0.1968272345 0.2133791986 0.2155574945 0.1869168745 0.1783424012 0.2466523410 0.2723456366 0.4172296859 0.4758667654 0.6559715020 0.7598022572 0.8825469580 0.8998787364 0.8129215517 0.6516256253 0.4510530836 0.3230683451 0.3479836804 0.2395110010 0.2416235450 0.1901131827 0.1502889369 0.2044508828 0.1924787178 0.2523848136 0.2691710616 0.2351643490 0.1912704135 0.2276489474 0.1916207065 0.2226269932 0.1865227456 0.2021168438 0.2326901118 0.1947942349 0.2227569984 0.1817679789 0.1601983823 0.1781058842 0.2630230237 0.2446762853 0.1845753044 0.3199559970 0.3784077795 0.5221177197 0.5944150403 0.7609284992 0.9327168577 0.9384708577 0.7947542343 0.6206415318 0.5294193148 0.3360964079 0.2697384947 0.2264949731 0.2190686346 0.2129718313 0.1701632312 0.2113574549 0.2201217416 0.2705144834 0.1946641337 0.2041404837 0.2304221532 0.1733663455 0.2206801279 0.2287325156 0.1962299961 0.2342186213 0.1908347370 0.1922520227 0.1978359294 0.1925321530 0.1901586323 0.2427823052 0.1449933856 0.2149526584 0.2629205472 0.2773557496 0.3405996393 0.4801839593 0.6649537492 0.7661605131 0.9005656493 0.9413551905 0.8279384894 0.7116854349 0.5241011181 0.4494295363 0.3401216274 0.2311973761 0.2455594298 0.2238451618 0.2358594922 0.1864697997 0.1990833912 0.2515322153 0.2240563118 0.2584441435 0.2300389512 0.2539098562 0.2355198434 0.1896437861 0.2000756859 0.2281699756 0.2199026031 0.1869011868 0.2403407825 0.2138912060 0.2266598452 0.2094746131 0.2490708345 0.2301553549 0.2503869613 0.2682763218 0.3172636008 0.4521069311 0.6323516039 0.8195498128 0.8606862635 0.9111485846 0.8564372299 0.6917251158 0.5015347830 0.4073153855
0.1964634749 0.2651140306 0.3229995906 0.4374697568 0.5843342901 0.7406122280 0.9214980395 0.9520364626 0.8576462994 0.6925362237 0.5328013372 0.3810493261 0.2720558434 0.2255568283 0.2131325597 0.2078347851 0.1471476754 0.2208641416 0.2007581756 0.1868064710 0.2096517935 0.1762892808 0.2209393114 0.1997870729 0.1731461954 0.2003008235 0.2234555857 0.1860029951 0.2181397961 0.2134849735 0.2014043936 0.1321880236 0.2428530953 0.1756026171 0.1900434268 0.1950459229 0.2141342174 0.2603091542 0.3389777340 0.4236071733 0.6391162827 0.7366508638 0.8582616191 0.8805916690 0.8967412130 0.6591819043 0.5106938889 0.3578773945 0.2587149623 0.2201694021 0.1743864589 0.1973098378 0.2330742391 0.2037125223 0.2041439373 0.1625948370 0.1477697256 0.1983271495 0.1934028601 0.2158655877 0.1895786861 0.1669404820 0.1870826513 0.1991348188 0.1390527775 0.1450114404 0.2272479587 0.2000236530 0.1841844235 0.2087531384 0.1867776060 0.1877467219 0.2576337322 0.2531932074 0.3541640565 0.4063884620 0.5840620565 0.7531615526 0.8533679893 0.9026310288 0.8415045932 0.6880253920 0.5113445539 0.3427246699 0.2903648503 0.2572006808 0.2559092222 0.2553976462 0.1766569213 0.1786680722 0.1901399001 0.2086992392 0.2408476135 0.2291157964 0.1833496109 0.2271896869 0.1784803103 0.2060382229 0.2287319781 0.2360138798 0.2358834070 0.2148114513 0.2234554868 0.2399422003 0.2266141626 0.2275420860 0.1834413813 0.2006769556 0.2377241274 0.2671503008 0.3417579152 0.4279340568 0.5880188836 0.7957647566 0.8474813889 0.9362441396 0.8380610424 0.6193257689 0.5433062349 0.3619774035 0.3091369877 0.2504704754 0.1895399365 0.2261064038 0.1816641808 0.2264277127 0.1614035634 0.2112554834 0.1639872214 0.1953518609 0.2267089786 0.1644044578 0.2053210718 0.2164399280 0.2530806345 0.1793436922 0.2273107350 0.2236209076 0.2355388580 0.2152436432 0.1696925156 0.2255032378 0.2456583420 0.2573545113 0.2688440758 0.2595452854 0.3118003942 0.4338794666 0.5922001304 0.8189334950 0.9333334014 0.8765194023 0.8538265719 0.7228065380 0.5435304007 0.3567155020 0.3126312353 0.2375511479 0.2496401921 0.2297225656 0.2447299452 0.2083277244 0.1963475750 0.2161547817 0.1901540241 0.2380582113 0.1980564869 0.1436277016 0.2343294474 0.1811194997 0.2709553902 0.1770085221 0.1889925935 0.2452918755 0.2483594375 0.2480598037 0.1808004592 0.2528814357 0.1872678535 0.2105983173 0.2730152431 0.3115504918 0.3041272980 0.4420520267 0.6206191373 0.7790444529 0.8762069246 0.9668709616 0.8631981798 0.7021879190 0.5040031957 0.3712072080
0.1880188976 0.2928266645 0.3029751782 0.3890201027 0.5920995122 0.7546427746 0.8661995969 0.9187832620 0.8971130338 0.6533237430 0.5122504289 0.3970537900 0.2387071526 0.2313111446 0.1409734777 0.1984415173 0.2348630942 0.1457348372 0.1837959113 0.2037046747 0.1939332884 0.2201031139 0.1717460868 0.2149280637 0.1862999525 0.1948950318 0.1741918187 0.2575690341 0.1776572897 0.1233040554 0.1695483553 0.1923604100 0.1784934921 0.2364995160 0.1738824931 0.1582638292 0.1656504715 0.2684154981 0.2576548010 0.4127996153 0.5803241359 0.7530855671 0.8085315730 0.9034578569 0.8592040749 0.6542462024 0.5427301391 0.3890781710 0.2451180825 0.2249634725 0.2060797917 0.2206703792 0.1801940347 0.1985930990 0.2230821145 0.2481156841 0.2014701617 0.1641296513 0.1719713096 0.1866903746 0.1983791443 0.1941734750 0.1912151025 0.2053593201 0.2160260019 0.1998205777 0.2190614425 0.1815080662 0.2287131537 0.1623235682 0.2297139312 0.2342216397 0.2025101539 0.2385683495 0.3350336472 0.4329711841 0.5891271984 0.7688009917 0.8810863401 0.9133128047 0.8433283119 0.6634301663 0.4991310033 0.3650061670 0.2405737747 0.2753905083 0.2241089531 0.2395359343 0.1952725657 0.2048839223 0.1610862903 0.2203572966 0.1931251769 0.2228287630 0.1738294523 0.2170450110 0.2154029521 0.1894404629 0.1778774698 0.1751045089 0.1952070223 0.1661600334 0.1935072363 0.1836424491 0.1850733237 0.2536915897 0.1820532810 0.2131888299 0.2032483029 0.2452441166 0.2758038788 0.3959696279 0.5870631406 0.7807177786 0.8832250100 0.8885500567 0.8867077118 0.6952506630 0.5796774715 0.3384069572 0.3047404181 0.2637666872 0.2170166546 0.2113087769 0.1368488705 0.1792939570 0.2145923164 0.1567925616 0.2364146086 0.1907488741 0.2374665825 0.1844398444 0.2013318541 0.2323037412 0.2606368898 0.1881878607 0.2386140490 0.2226383522 0.2289849111 0.1812731416 0.2878912507 0.2178435522 0.2021969375 0.1926222420 0.2454886204 0.2808640141 0.3316433309 0.4390043175 0.5992702330 0.7232116217 0.8592241866 0.9121166365 0.8468487161 0.7422301116 0.5436137529 0.4143878348 0.3817219591 0.2565586064 0.1810960874 0.2228077461 0.1793859554 0.2455204797 0.1386275673 0.1899936562 0.2076758796 0.1884075350 0.1869482679 0.1326536549 0.1301323422 0.2200759528 0.1720173853 0.1864832579 0.2094877015 0.1695829312 0.2008477244 0.1916740788 0.2722319344 0.1850890274 0.1905861030 0.1988349102 0.2708650983 0.2370497119 0.2894837075 0.4374703486 0.5812761823 0.8089545317 0.8455711797 0.9699099864 0.8561192143 0.7049564512 0.5149046810 0.4464147239
0.1839217039 0.1982954125 0.2420255413 0.4010218605 0.5171189825 0.7370632049 0.9062451063 0.8992554529 0.8790139571 0.7005410389 0.5033806873 0.3847699311 0.3139827767 0.2270348115 0.2021451568 0.2058930708 0.2225337016 0.2140259731 0.1402014407 0.2460371543 0.1752010384 0.2053394124 0.1606856272 0.1891304728 0.1798409973 0.1659762719 0.1823627268 0.1953631893 0.2364723497 0.1639906695 0.1857547522 0.1580866777 0.1725650714 0.2293031368 0.1949350020 0.2277889366 0.2199258345 0.2360154204 0.2783985596 0.3931007707 0.5186720535 0.7291853533 0.9061205762 0.9520339857 0.8552047723 0.7085901662 0.5373821741 0.3576776759 0.2584648387 0.1966292253 0.2424137183 0.1303608637 0.2417660435 0.1925089974 0.1813870489 0.1643154419 0.2145377128 0.1314789352 0.1845788045 0.2007135815 0.1608086550 0.2159267915 0.2474950513 0.1890217004 0.2068701533 0.1770924579 0.1616290810 0.1460231317 0.1576862773 0.2378136326 0.2385900573 0.2407164732 0.2062420230 0.2575431771 0.2732678755 0.4278352099 0.5386344152 0.7194637076 0.8852370397 0.9573525865 0.8683350854 0.7042472011 0.5692049839 0.3994760100 0.2699208411 0.2074598172 0.2047478338 0.2095635156 0.1374123497 0.1870150396 0.1285770819 0.1667284780 0.2010524196 0.2283027294 0.1928148199 0.1647461082 0.1842213588 0.1634044288 0.1880543880 0.2008302369 0.1624597667 0.2017673456 0.1686188936 0.2206148165 0.1590962422 0.2120161965 0.1922527799 0.1562290388 0.1861994679 0.2250572510 0.3189022919 0.3812624578 0.5701346615 0.7523112257 0.8350106690 0.8906710926 0.8629566385 0.7186505142 0.5312331738 0.3854875507 0.3308868965 0.1983500483 0.1989145870 0.2026043370 0.1853965304 0.1630069221 0.2312400051 0.1713012380 0.1625021024 0.1941626308 0.2343927613 0.1941923776 0.1648761670 0.1966475673 0.1914826030 0.2314809230 0.2041264381 0.2173672052 0.2376689376 0.1883865493 0.1938124366 0.2171370203 0.1626266305 0.1832472597 0.1711956352 0.2330898301 0.2989061831 0.3792701118 0.6184467144 0.7545272601 0.8689905577 0.9087920720 0.8428069750 0.6994599578 0.5765425467 0.3927872731 0.2968399826 0.2440010208 0.2199260356 0.2442959673 0.2082686411 0.1962865014 0.2058512782 0.1729365957 0.1822761538 0.2185250933 0.2304444922 0.1712099016 0.1797209667 0.1872910793 0.1802450479 0.1446372620 0.2317887818 0.1963595588 0.2278740361 0.2180154079 0.1990926129 0.2354462418 0.1988463694 0.1911234039 0.1997964139 0.2802292179 0.3285373774 0.4636377565 0.6153084079 0.7158404916 0.8791304051 0.9515778918 0.8685040165 0.7332360390 0.5735728194 0.4482468928
0.1833100655 0.1995723139 0.2969640293 0.4207389971 0.4922007197 0.7243239098 0.7703852151 0.8765749122 0.8626401290 0.7629315114 0.5480397745 0.3745972115 0.2861651183 0.1861506373 0.2403933327 0.1936358071 0.2101357432 0.1657403182 0.1903892095 0.1877440764 0.2408290656 0.2144252581 0.1529006617 0.1704329620 0.2295374349 0.1581422810 0.1423755228 0.1548837444 0.1759595073 0.2257031044 0.1359968800 0.1771439881 0.1824276308 0.1803921065 0.1939065242 0.2355364459 0.1765273236 0.2337883197 0.3068568343 0.3794519364 0.5553827837 0.6993197879 0.8513230114 0.9172665717 0.8618391992 0.7235526059 0.5495741279 0.4068537515 0.2676511735 0.2645579499 0.1842488291 0.1832828411 0.2093087789 0.1891508877 0.2437373081 0.1836623565 0.1622948537 0.1745789791 0.1652730437 0.1314380899 0.2017745635 0.2345282744 0.2532335543 0.1725824005 0.2068159954 0.1856402037 0.1565230224 0.1809453843 0.1461097897 0.1968004224 0.1795989003 0.2496627294 0.2273134769 0.2644615828 0.2845721395 0.3813722222 0.4827679911 0.7208391761 0.8618968907 0.9103016410 0.7941803816 0.7000166703 0.6307753278 0.4763295298 0.2874008480 0.2527401380 0.2059871657 0.2148691238 0.2203694412 0.1558417304 0.2271308766 0.2010737107 0.2189096007 0.2288491527 0.2348187373 0.1831332403 0.2173577612 0.1824552284 0.1910808005 0.1776367305 0.2231312737 0.2349694730 0.2547501428 0.1689584765 0.1608696178 0.1562877429 0.1877546132 0.1891143262 0.1965045083 0.2583331750 0.3036207485 0.3914012916 0.5782191633 0.7528322883 0.8713105542 0.9329987348 0.8614316514 0.7544929402 0.5780790862 0.4500153816 0.3160243319 0.2313441044 0.2485449823 0.2038751151 0.2044785495 0.2387690449 0.2026095747 0.1477004374 0.1555192600 0.1454252002 0.1825464260 0.1842247410 0.2140409692 0.1707081631 0.2052276311 0.2075441271 0.1827697574 0.1412990486 0.1942987288 0.1922632780 0.2465332954 0.2664410523 0.1776583326 0.1904288483 0.1822112277 0.2002596367 0.2718998860 0.3821509196 0.5512111754 0.6777181005 0.8901386031 0.9007171101 0.8900561758 0.7521827669 0.5605173663 0.4842332758 0.3087514994 0.2482919122 0.1667708581 0.2296012969 0.1944259481 0.1939137545 0.1782228460 0.2397682204 0.2021120173 0.1841782082 0.1888028771 0.1905007647 0.1933777401 0.2003623043 0.2027840776 0.1724104299 0.2174884162 0.1930455126 0.2134484477 0.2121165554 0.1535073329 0.1920519452 0.2440558780 0.2022946900 0.2048708245 0.2913203787 0.2910948410 0.3923197060 0.5679601474 0.7161594107 0.9299299181 0.9547561708 0.8396308390 0.7492015093 0.5838022506 0.4254423011
0.2429988399 0.2536635206 0.2495018680 0.3686175601 0.4754496407 0.6837989675 0.8243233682 0.9232183795 0.8259452138 0.8089488693 0.6046334675 0.4271753721 0.2321088803 0.2576001164 0.1969108734 0.1323403224 0.2312030851 0.2254826434 0.2071904012 0.2186235878 0.1685173440 0.1880293581 0.1939060650 0.2307252314 0.2161692416 0.1913779818 0.2437960824 0.2040407419 0.2323970621 0.1794912207 0.1653094658 0.1762217248 0.2042386826 0.1393397740 0.1922574769 0.1857027602 0.2104591107 0.2477262352 0.3220722853 0.3844164282 0.5235651793 0.6947306516 0.8046974187 0.8747588118 0.8825906855 0.7817424007 0.5860144084 0.4581392649 0.2998626130 0.2171886572 0.2122607034 0.2027677858 0.1769850388 0.2110348389 0.2357480002 0.1595253879 0.2247695942 0.2291326901 0.2179110522 0.2029335340 0.1511140880 0.1721210414 0.1753089568 0.1613515113 0.2861060068 0.1532404761 0.1947741964 0.2590544574 0.2279759900 0.1949739008 0.2094469049 0.1934055123 0.2380428221 0.2824788902 0.3113129276 0.4119500027 0.5369358005 0.6614927187 0.8570231403 0.8588954575 0.8741180700 0.7033761083 0.6128209137 0.4118360554 0.3111380795 0.2823088073 0.2317883400 0.2604010511 0.2155164732 0.2415202153 0.1955528911 0.1869492775 0.1808772567 0.2096891643 0.2165281381 0.1959113521 0.2335024895 0.2119650099 0.2126192654 0.2077116919 0.1906293887 0.2164274875 0.1887523285 0.1798087552 0.2110238006 0.1966818974 0.1543178814 0.1863119555 0.2210249648 0.2613506162 0.2566653493 0.3997460224 0.4810853266 0.6639298762 0.8670421815 0.8995289010 0.9203339241 0.7921750483 0.5976743951 0.4124925938 0.3239654526 0.2405149220 0.2017512084 0.2394432963 0.1885897541 0.2228094240 0.2075670074 0.2547906398 0.1780083684 0.2570678029 0.2094506953 0.1724265548 0.2669992115 0.1883872253 0.1843468369 0.2324681019 0.1868888152 0.1678524954 0.2372741685 0.2399391181 0.1919578300 0.2220707588 0.2281256427 0.1528643391 0.1830253289 0.2025718884 0.3541485127 0.3650499097 0.5796047378 0.6764010683 0.8663834246 0.9837023573 0.8787401600 0.7868721685 0.6314824631 0.4269894112 0.3198071536 0.2849167578 0.2308764330 0.2249431884 0.1891138709 0.2156767709 0.2121836163 0.1805475282 0.2047211687 0.2117955288 0.2197324183 0.2158903593 0.2703930383 0.1504118878 0.2378257915 0.2163051205 0.1908337478 0.1864111209 0.1774527583 0.1828634731 0.2308800041 0.1759592394 0.2031838539 0.2008228386 0.2546836248 0.2872835895 0.3619678000 0.4413550043 0.5619130449 0.6870541665 0.8432097210 0.9338099794 0.8870858752 0.7469605368 0.5883549287 0.3792321437
0.2164370208 0.2280018611 0.2789668060 0.3741088147 0.5324953350 0.7170376172 0.8002541751 0.8785281868 0.9009546407 0.6957731249 0.6120898594 0.4709790552 0.2945741221 0.2678985424 0.2071400339 0.2458578728 0.2385516047 0.1659283565 0.2247578795 0.2253126186 0.1913891642 0.2209808755 0.1744971413 0.1818050430 0.2233903985 0.2278295910 0.1563284456 0.2088077965 0.2159397982 0.1815097200 0.1781741832 0.2396138175 0.2573455244 0.1914481109 0.2214750640 0.1744945808 0.1866690738 0.2141836379 0.2683462914 0.4113842933 0.5060259628 0.6906993595 0.7714215342 0.9054214305 0.8818816452 0.7821200633 0.6288600773 0.4390174081 0.3024251489 0.2350835636 0.1628489813 0.1572100495 0.1910969260 0.1706138102 0.2163410997 0.2071126476 0.1428057559 0.1861610688 0.1908150525 0.2227068914 0.1961215685 0.1740505121 0.2148641570 0.2165324950 0.1715404423 0.1953306058 0.2011887331 0.1984516392 0.2167406507 0.2265998857 0.1991084140 0.1933046427 0.2197686057 0.2496034944 0.3070236630 0.3748800522 0.5180900058 0.6319504526 0.8520175665 0.9294663799 0.9110633546 0.7671942185 0.6245220513 0.4130715265 0.2902610910 0.2933752423 0.2209266610 0.2272393948 0.2125031151 0.1527781040 0.1503255406 0.2118729903 0.1828915003 0.2154912299 0.2105791846 0.2330722445 0.2277010244 0.2318360084 0.2050262163 0.2086156826 0.2546337456 0.1833778442 0.2117116409 0.1663018107 0.2161485020 0.2127023421 0.1792602386 0.1762117632 0.2479250410 0.1901419616 0.3313449523 0.4483129248 0.5274486558 0.6636149751 0.8007322978 0.9216270630 0.8889331806 0.8168688529 0.6382357961 0.4560841182 0.4047424363 0.2959312270 0.2369871462 0.2339424196 0.2099293244 0.1679569314 0.2387117634 0.2418928743 0.1860708548 0.1886299096 0.2344729315 0.1910411307 0.2083634184 0.1440393054 0.1851325693 0.2480210820 0.1845110180 0.2595631983 0.2303707070 0.1607683955 0.2389426598 0.2126470530 0.2029251928 0.2316451609 0.2364230338 0.2470486882 0.2584038095 0.4069610063 0.5120173963 0.7020437311 0.8559476426 0.9419748261 0.8385517918 0.7967057161 0.5921453189 0.4738479931 0.3243819483 0.3230090326 0.2180682396 0.1891835185 0.1914768923 0.2253478731 0.2065426476 0.1912675240 0.2042755450 0.1572645152 0.2235604361 0.2374425327 0.2481729173 0.2234955186 0.2155244682 0.2024331140 0.2091740513 0.1754146612 0.2290601748 0.2086059377 0.2487887297 0.2426596686 0.2152056275 0.1600919619 0.2221627713 0.2397455404 0.2823032132 0.3776255143 0.5517554863 0.7070055808 0.8161112251 0.9130894598 0.8882463063 0.7824063680 0.5784263128 0.4301355822
0.1816588678 0.2256122996 0.3002944776 0.3569301983 0.4626492650 0.6290947335 0.8304599244 0.9112305046 0.8980690051 0.7762521777 0.6603924261 0.4340300516 0.3703245756 0.2290518302 0.2021180345 0.2178548823 0.1877995837 0.2048718837 0.2113972850 0.1675695061 0.1997637992 0.1645371336 0.1925722350 0.1547253242 0.1650014863 0.2353549670 0.2029904183 0.1878047408 0.1472855968 0.2022306758 0.2233998533 0.1959058397 0.1708548811 0.2135242901 0.1753820675 0.1911941440 0.1812266118 0.2780837260 0.2432761524 0.4090043137 0.4750270009 0.6993590044 0.8410894480 0.8943177886 0.9019973747 0.8160260541 0.6549452841 0.4511421446 0.3514109341 0.2834141336 0.2285607839 0.2101857786 0.2101620394 0.1715846326 0.1781668874 0.2148482378 0.1918388800 0.1877060364 0.2235710347 0.2315813703 0.2735317346 0.1994844086 0.2140682605 0.2066575032 0.1848742369 0.2363009506 0.2195972336 0.2427721306 0.2175858725 0.2313819551 0.2171183353 0.1832167874 0.1940840571 0.2487910377 0.2805445249 0.3433832197 0.4896104056 0.6274708200 0.7873636144 0.9284819096 0.9321121728 0.7759642870 0.6049409784 0.4952313079 0.3288602939 0.2676996082 0.2166210196 0.2154644160 0.2198507284 0.2421231439 0.2255998801 0.2069952073 0.1552663573 0.2174412707 0.1887435723 0.1954631419 0.2207049186 0.2386301496 0.2034248950 0.1670884209 0.2217598802 0.1851155095 0.1720960813 0.2549297354 0.2659346941 0.2147500078 0.2144735724 0.2698488510 0.2344500869 0.2716063115 0.3051881086 0.3786271016 0.5125093954 0.6730169924 0.8597470103 0.9314835662 0.8986575851 0.7675706014 0.6194646013 0.4899898858 0.3194451533 0.2624320630 0.1916624123 0.2480212403 0.2126525414 0.2246120283 0.2165528236 0.2070777187 0.1890125306 0.1988234366 0.2088619217 0.1643657241 0.1831813209 0.2076596601 0.1770805634 0.2863169130 0.2210960552 0.2163512815 0.2541832744 0.2459852615 0.2469420079 0.1947870236 0.2243536047 0.1705462779 0.2553687714 0.2542804741 0.2584117141 0.4081913513 0.4694536216 0.7323591129 0.8279007798 0.9276577380 0.9217404578 0.7769696317 0.6875662743 0.4704927006 0.3611866975 0.3098194820 0.2644172834 0.2279425472 0.1828538520 0.2310559220 0.1862165489 0.2193627726 0.2427310058 0.2273288594 0.2091555060 0.2113658766 0.2403724012 0.2491184605 0.2244763596 0.2148773690 0.2009672298 0.2067527080 0.2045709965 0.1840959804 0.2548277664 0.2332502849 0.1963445928 0.2063146011 0.2510694843 0.2530324629 0.2752993555 0.3974372793 0.5280347124 0.7116034791 0.8486363064 0.8894496056 0.9077846649 0.7818318790 0.6532212654 0.5072870504
0.2003128899 0.2463908515 0.2880634813 0.3614859223 0.5039656150 0.6848205623 0.7733327037 0.9253969228 0.9685167943 0.8430467167 0.6350160388 0.4894877688 0.3887789011 0.2131625019 0.1968634197 0.2382049791 0.2038337973 0.1566121696 0.2228568697 0.1702560600 0.2336277488 0.1912409478 0.2259940270 0.2223584006 0.1915026272 0.1824879479 0.1726696886 0.1942820124 0.1600578117 0.1990624111 0.1881909584 0.2228836054 0.1976413143 0.2443875419 0.2369756290 0.2319972223 0.2103840469 0.2216887109 0.3199154503 0.3465800681 0.5709820921 0.6821851425 0.8587459579 0.9301652607 0.8849237183 0.7865377366 0.6247443323 0.4961866990 0.3105836053 0.2978219177 0.2018857133 0.1949502098 0.2213689660 0.1639363262 0.2275102135 0.1752664893 0.1693620558 0.2692754180 0.1595981129 0.2408703836 0.1984483321 0.2171492008 0.1923899305 0.2140451607 0.1419014044 0.2353683308 0.2589955607 0.2443545328 0.2395734754 0.1699510673 0.2367793988 0.1740070274 0.2340527354 0.2749350687 0.2834590060 0.4189324209 0.5482464461 0.6660264959 0.8252704732 0.8758591783 0.9594835409 0.8041106437 0.6961582890 0.4820733982 0.3823310403 0.2693654318 0.2367307330 0.2180006471 0.1736760370 0.2369026620 0.2014014639 0.2552886583 0.2534244556 0.2267214652 0.2563977032 0.1938219366 0.2126846127 0.1895466855 0.2608055825 0.2356703950 0.2142400045 0.2527233746 0.2637101451 0.1999464618 0.2450518743 0.1699432119 0.1999834527 0.2321425684 0.2679791862 0.2725744908 0.2518767342 0.3838754799 0.5020742607 0.6388336818 0.8213937897 0.9583247381 0.9389692733 0.8217586534 0.6298030517 0.5173575846 0.3061376847 0.2782026390 0.2380245742 0.2484423913 0.1902508873 0.2009512228 0.2075464430 0.2156113630 0.1811494830 0.2481884702 0.2134408228 0.2643098339 0.2214784671 0.2166433875 0.2084631719 0.2700711269 0.2105564620 0.2077756364 0.2308194291 0.2553026600 0.2087506125 0.1929437333 0.2375500449 0.2380618528 0.2171674544 0.2510552249 0.2863780507 0.3802896258 0.5035117168 0.7210861425 0.8616384382 0.9067930728 0.9577378442 0.8223920448 0.6709701803 0.5274505766 0.4189378535 0.2562177667 0.2731253307 0.2039368453 0.2396177281 0.2409706039 0.2323258280 0.1776737938 0.2067252734 0.2423356143 0.1920803838 0.2656815163 0.2187374955 0.2899932002 0.2572817908 0.2126234515 0.1726677567 0.2627079095 0.2601530881 0.2717359395 0.2047673827 0.2769851772 0.2759573180 0.2359464343 0.2267032013 0.2589381221 0.2794373250 0.3742272846 0.4929760950 0.6959214260 0.8257436277 0.9495052701 0.9734834925 0.8086264150 0.6597968389 0.4660717416
0.2708098436 0.2088413157 0.2688898324 0.3483269014 0.4726676953 0.6997038691 0.8236368986 0.8939939347 0.8961138217 0.8376488720 0.6652898292 0.4857391208 0.4161285311 0.2731253170 0.2047015600 0.2312514780 0.2133721027 0.1866115529 0.2212490641 0.2698144301 0.2368963625 0.2656823545 0.1974785266 0.1882843183 0.2053611098 0.2023262726 0.2178086259 0.1884291233 0.1931756159 0.2392553205 0.2058963639 0.1851374842 0.2557929126 0.2867796661 0.1974915874 0.2656192828 0.2028394913 0.2874799251 0.3036513954 0.3598031396 0.4954264908 0.6532556050 0.8504509270 0.9543920574 0.9542350636 0.8575141289 0.6219692591 0.5499579636 0.3608869705 0.2567180272 0.2355615554 0.2481885235 0.2199754219 0.2256252698 0.2120898882 0.2456646178 0.2286326985 0.2166773465 0.1873062721 0.2246135848 0.2341268804 0.2424962967 0.1675350735 0.2114726146 0.2356177406 0.2189122260 0.2218003404 0.2544996006 0.2061723421 0.2093105996 0.1816104723 0.2567866537 0.1913843008 0.2199210300 0.2859361141 0.4152803915 0.4934397205 0.6343544003 0.7977411885 0.8931094788 0.9244698727 0.7931927547 0.7147584144 0.5053691708 0.4339194630 0.2955984440 0.2816433220 0.2099676933 0.2231933211 0.2623608141 0.2016927372 0.2169544289 0.2375676691 0.2127809744 0.2247880793 0.2124087312 0.1947445595 0.2641140475 0.2280691971 0.2399868054 0.1797847536 0.2544163171 0.1945987325 0.2660476324 0.2059594833 0.2223462651 0.1980167585 0.2645405971 0.2300554174 0.2589960860 0.2889393757 0.3481008266 0.5355723590 0.6777799609 0.8163085045 0.9258807192 0.9753108936 0.8823815933 0.6986920310 0.4537590633 0.3700835052 0.2953922513 0.2431623816 0.2281882311 0.2341585415 0.2260324614 0.2472272669 0.2509588935 0.1833648211 0.2481641309 0.2181381698 0.2276261840 0.1854308211 0.2405403330 0.2179237656 0.2735614634 0.1992354831 0.2876554028 0.2224465347 0.2193477772 0.2470344560 0.1832900766 0.2296729877 0.2555920279 0.2122076103 0.2716972841 0.2891165888 0.3754398275 0.4821014890 0.6852125416 0.8321249580 0.9030993685 0.8983250560 0.8389272730 0.6836379680 0.4957937931 0.4132802607 0.2866685007 0.2695654060 0.2793134233 0.2636445460 0.2472234985 0.2446357244 0.2002080360 0.2434550590 0.2138520535 0.2374952972 0.2565366180 0.2490524959 0.2485506181 0.2423415264 0.2233153687 0.2370754136 0.2547458876 0.2149377202 0.2440319963 0.2431044348 0.2311532812 0.2186587835 0.2638482895 0.1662713026 0.2661723310 0.3172449700 0.3642513937 0.4785498534 0.6516511410 0.8583609590 0.9728564224 0.9570360266 0.9151193297 0.7263525576 0.5351143872
0.2378559028 0.2109948697 0.3310358934 0.3477715714 0.5025786779 0.6585297158 0.7533432085 0.9137459518 0.8767885925 0.8574194415 0.7261470254 0.5222284699 0.3917798510 0.3272292240 0.2603611434 0.2429278093 0.2596438284 0.2268627798 0.2072096681 0.2470503522 0.2355787657 0.2214584784 0.2000094496 0.2146882164 0.2275445551 0.1891330659 0.2141919906 0.2541187563 0.2659335145 0.2143626715 0.2434107274 0.2223031791 0.1869757906 0.2042339111 0.1998879870 0.2268513585 0.2514570758 0.2215635319 0.2610699987 0.3978310875 0.4277895893 0.5976652098 0.8361831277 0.9090651006 0.9447203836 0.8567688998 0.7404407919 0.5188183905 0.4004371833 0.3440429052 0.2585669642 0.2215041098 0.2257377784 0.2368590358 0.2112053780 0.2227864872 0.2349108971 0.1887620863 0.2010849632 0.2503832449 0.1847299966 0.2360466342 0.2389540430 0.2133913395 0.2545743348 0.2039992197 0.2280774288 0.2360390883 0.2466245772 0.2159976904 0.2179294631 0.2437757040 0.2601979857 0.2617986247 0.2691857338 0.3326530193 0.5025965364 0.6572840305 0.8141750675 0.8984348829 0.9031288592 0.9206653060 0.7492728374 0.5742502572 0.4084896342 0.3633075196 0.2889085041 0.2504186708 0.3079347101 0.2366654472 0.2169578687 0.2406105361 0.2445671948 0.2623242561 0.1986781367 0.2387028166 0.2420056539 0.2134665330 0.1867122127 0.2485547345 0.2227103403 0.2215695400 0.2175330445 0.2318239356 0.2804197018 0.2118838183 0.2336432347 0.2739037188 0.2024542338 0.2894199589 0.3326839526 0.3655219466 0.4983433276 0.6523166911 0.8170849714 0.9453262954 0.9351175821 0.9055706540 0.6791971719 0.4903150060 0.4028446685 0.2799881973 0.2397482074 0.2443787288 0.2947263525 0.2348758808 0.2181301782 0.2433375455 0.2320130603 0.2226878895 0.2270687972 0.1898775107 0.2239443923 0.2102632978 0.2617265647 0.2110503813 0.2322006450 0.2458737814 0.2292066310 0.2116917333 0.2520418066 0.2403095699 0.2061980789 0.2802127937 0.2784816585 0.2279649649 0.3238010967 0.3910769609 0.4663509339 0.6216579146 0.8144402681 0.9269587488 0.9270658897 0.8896503616 0.7290232727 0.5550904845 0.3698350320 0.3021928451 0.2927652232 0.2923584234 0.2741822276 0.3014602424 0.2587760124 0.2500710757 0.2338628483 0.2722974571 0.2454672684 0.2652946691 0.2223431862 0.2616841638 0.2794091686 0.2600183493 0.2686070374 0.2490576606 0.2240603554 0.2621510249 0.2568903287 0.2883657826 0.2493343367 0.2281905980 0.2376486459 0.2213137820 0.2751061367 0.3846786497 0.4466128711 0.6430036258 0.8494473333 0.9380774481 0.9400800406 0.8608593079 0.7275363813 0.5659664060
0.2029359245 0.2247847351 0.2504423560 0.3531647422 0.4572093135 0.6073984814 0.7868118101 0.9387358665 0.9105631333 0.8859853573 0.6732157818 0.5703409332 0.4217728394 0.3024016910 0.3064289290 0.2609216191 0.2237235214 0.2147531320 0.2260484968 0.2085179815 0.1764225311 0.2365185594 0.2269687590 0.2257292370 0.2197536373 0.2725980935 0.1650146673 0.1667687033 0.1950443930 0.2082099493 0.2539626267 0.2332602750 0.2226744676 0.2180246856 0.2080201523 0.2368997124 0.2790855047 0.2562665271 0.3258737066 0.3170798140 0.4060920906 0.6078012625 0.8243494312 0.9371129367 0.9425424627 0.8653197319 0.6947849645 0.5204515277 0.4186918977 0.2851067277 0.2736407186 0.2020906500 0.2298047431 0.1914177790 0.2793755991 0.2450818311 0.1941343785 0.2224832158 0.1726774409 0.2232337723 0.2499211438 0.2218143851 0.2255624537 0.2554280539 0.2526424369 0.2384611489 0.2422455497 0.2545472481 0.2222737495 0.1908574796 0.2411935272 0.2770250026 0.2296269862 0.2878908505 0.2991832386 0.3653919067 0.4648200550 0.6294410132 0.7981069679 0.9669143431 0.9214913522 0.9002667798 0.6550265919 0.5737825650 0.4079485138 0.2965075214 0.2558031710 0.2732739127 0.2208202151 0.2559462781 0.2581307737 0.2871469745 0.2673147593 0.2134212691 0.2885967815 0.2128209463 0.2451513774 0.2539825831 0.2449324808 0.2144892269 0.2473158970 0.2437618729 0.2601964809 0.2308133593 0.2501562353 0.2855647944 0.2002065959 0.2709231226 0.1686239878 0.2437605465 0.2656659283 0.3548502085 0.4727428630 0.6540971537 0.7824304884 0.8863455998 0.9613298028 0.8862549450 0.7289794393 0.6244294769 0.4238589302 0.2916151035 0.2764777413 0.2870539875 0.2076299278 0.2159923291 0.2141388024 0.1963332659 0.2189764021 0.2047326070 0.2558118598 0.2670022217 0.2371125584 0.2253172512 0.2364759269 0.2170767619 0.2110541178 0.2504552194 0.2639217641 0.2390337476 0.2860833082 0.2487208253 0.2862448964 0.1959026207 0.2661954190 0.2490522742 0.3417532483 0.3702193338 0.4736042920 0.6163554767 0.8373023837 0.9560171944 0.9155141860 0.9292253289 0.7534111410 0.5858822469 0.4355012970 0.2903780641 0.2766970013 0.2266141704 0.2906368672 0.2390306422 0.2496797564 0.2478014038 0.2480646956 0.1798203540 0.2325106269 0.2436302046 0.2989470087 0.2223704423 0.2532014460 0.2707031086 0.2423259375 0.2138433254 0.2173156069 0.2796471417 0.2581202516 0.2331236211 0.2897034654 0.2285658503 0.2841439003 0.2547414319 0.3020137001 0.3734929165 0.4674358411 0.6387455538 0.8526743967 0.9155839375 0.9944498233 0.8852306045 0.7714105948 0.5689079366
0.2314221412 0.2219365295 0.3074482582 0.3518568215 0.4557998234 0.5935332044 0.7475172354 0.9362928549 0.9445993990 0.8718180610 0.7757061040 0.6081084980 0.4317550811 0.3464065310 0.2369208583 0.2299514274 0.2101171116 0.2097080621 0.1864832058 0.2517869284 0.2424556829 0.2205608156 0.1835767887 0.2381555463 0.1920733474 0.2073666842 0.2315043750 0.2631807214 0.2396792812 0.2336760213 0.2506187769 0.2221394142 0.2627413583 0.1819624351 0.2354246140 0.2552489995 0.2178396285 0.2273108575 0.2589012846 0.3557449261 0.4479530601 0.5403938379 0.7856277237 0.9221919163 0.9482532378 0.8321465192 0.7364779355 0.5685236197 0.4705389046 0.2990565755 0.2846017827 0.2480688657 0.2574421028 0.2164890757 0.1921341306 0.2040694842 0.2310183056 0.2543843087 0.2646567566 0.2607864632 0.2069140769 0.1874418968 0.2008842560 0.2862793717 0.2230100010 0.2428785180 0.2157710555 0.2178696041 0.2072197345 0.2555742729 0.1418657484 0.2566810740 0.2280550039 0.2699339945 0.2797238447 0.3981554278 0.5011380118 0.6110334536 0.7705971778 0.9628315555 0.9345432329 0.8950672483 0.6789271638 0.5577464326 0.4398683302 0.3671656377 0.2107444227 0.2545286128 0.2689155562 0.2032169403 0.2625215703 0.2556977634 0.2411164538 0.2478647186 0.2368093983 0.2200533131 0.2400566604 0.2085277097 0.2473225825 0.2622063870 0.2548176500 0.2447004470 0.2497807035 0.2107799826 0.2918413296 0.1905723361 0.2504594793 0.2606986673 0.2943875806 0.2793418977 0.2807219354 0.3619443184 0.4188044280 0.6271744627 0.7770963199 0.8972812366 0.9598216006 0.9051784755 0.7269729447 0.5560523535 0.4637818055 0.3277448141 0.2895936028 0.2426925563 0.2254773640 0.2466937872 0.2299045798 0.2428585540 0.2373632996 0.2000391502 0.2463951718 0.2298276576 0.2892207413 0.2091129382 0.2233651238 0.2405138744 0.2583664481 0.2942111984 0.2349319105 0.2721141881 0.2642461853 0.2586218406 0.2093986119 0.2059904631 0.2512610721 0.2546337167 0.2544216208 0.3651028638 0.4278592593 0.5610991886 0.8465880585 0.9231104115 0.9797255689 0.9054140165 0.7423780441 0.6062009708 0.4569815332 0.2737798207 0.2885815526 0.2332114574 0.2673492471 0.2238065331 0.2665183529 0.2182126125 0.2336719491 0.2368296218 0.2494758712 0.2668194179 0.2030356530 0.2159910282 0.2584408895 0.2431409552 0.2437875987 0.2509214798 0.3063757053 0.2489229450 0.2231868906 0.2452048432 0.2495687658 0.2508286987 0.2153048426 0.2709138260 0.2965393557 0.3408851466 0.5170790910 0.5828432112 0.7852959316 0.9367765248 1.0000000000 0.9044301467 0.7644076309 0.5897400338
0.2383522398 0.2252988318 0.2550960352 0.3393180373 0.4436278538 0.6401519189 0.7319137776 0.8712399715 0.8621330730 0.8912329143 0.7225713675 0.5618827207 0.3788192703 0.3205985079 0.2732651720 0.2018076888 0.2052791141 0.2046108697 0.2568728467 0.1739325418 0.2296087688 0.2336122547 0.2556368039 0.2148498576 0.2201326154 0.1784145136 0.2480753562 0.1900370244 0.1939924846 0.2754821968 0.1919972503 0.2526020345 0.2498795504 0.1958294084 0.2494161256 0.2611031421 0.2470887708 0.2029637869 0.2573541649 0.3079324255 0.4239405126 0.5460723134 0.7629862538 0.8908765112 0.9710641797 0.8665465118 0.7005689844 0.5795541285 0.4605032463 0.2994849515 0.3037476874 0.2688722997 0.1601995383 0.2113550427 0.1882022943 0.2143491171 0.2429657397 0.2313127006 0.2249276525 0.2253888717 0.2333314339 0.2385765532 0.2124509240 0.2944134164 0.1975657629 0.2024975628 0.2334058254 0.2624922510 0.3166980490 0.2326354396 0.2347509884 0.2352152774 0.2758766188 0.2752827002 0.3193164075 0.3811000007 0.4229564544 0.5609443768 0.7786418700 0.8842462532 0.9358099710 0.9093343602 0.7759810590 0.5799018409 0.4018195581 0.2862943479 0.2894811348 0.2647752125 0.2388009222 0.2059879682 0.2825683529 0.2304967859 0.2192296456 0.2370886653 0.2448468789 0.2311687833 0.2436678204 0.1797940226 0.2637673665 0.2429011541 0.2169339251 0.2418710247 0.2100562894 0.2608526140 0.2486295914 0.2499369759 0.1636614022 0.2570010853 0.3096852817 0.2490084672 0.2848147186 0.3089757882 0.4574128084 0.5778561798 0.7734305234 0.9379046924 0.9899184151 0.8746173641 0.7271680433 0.5989339903 0.4675568832 0.3169678490 0.2433660103 0.2007982136 0.2384815074 0.2507514865 0.2144772719 0.2392188373 0.2434004902 0.2745328134 0.1791522976 0.2815524686 0.2870883051 0.1959575262 0.2473260402 0.2360941597 0.1965682611 0.2661684746 0.2650163239 0.2274100168 0.2257446954 0.2598913013 0.2539803106 0.2733465609 0.2245280343 0.2414934359 0.2938478307 0.3132857914 0.4388288541 0.5787925454 0.7345207093 0.8929449853 0.9323088339 0.9035870639 0.7395967043 0.6281227146 0.4565555487 0.3578770361 0.3118714442 0.2338409650 0.2423769033 0.2266763645 0.2469008018 0.2099539244 0.2288914254 0.2797624441 0.2723700954 0.2066116083 0.2601154804 0.2087337711 0.2183581108 0.1809356339 0.2142057812 0.2707085287 0.2669407362 0.2009867491 0.2663979204 0.2416982435 0.1944904132 0.2271949276 0.2924052174 0.2687940184 0.2428498467 0.3564987273 0.4636008513 0.5952738364 0.8214588144 0.9064045923 0.9713427750 0.9546988279 0.7916311803 0.6258030022
0.1946394003 0.2353471041 0.2685816391 0.3250622322 0.4188425877 0.5572638190 0.7395713833 0.8891521945 0.9542724525 0.9115718033 0.7433809096 0.6263457157 0.4552735771 0.3638236730 0.2501240160 0.2243269483 0.2165652403 0.2652265615 0.2072481121 0.2122664013 0.2500598397 0.2651457298 0.2215585978 0.2581612392 0.2223876247 0.2117599682 0.2064256948 0.2671559895 0.2545794972 0.1673745585 0.2294768808 0.2708950235 0.2546840779 0.2131024964 0.2497558278 0.2596008757 0.2222900118 0.2840852768 0.2716645475 0.3643097244 0.3600089338 0.5635945911 0.7401312912 0.8737471384 0.9569955586 0.9171649697 0.7538528155 0.6177270297 0.4345511314 0.2900903616 0.2803260372 0.2852921495 0.2327727628 0.2892540788 0.1804047353 0.2007120412 0.2167969913 0.2360399702 0.1882589620 0.2651118318 0.2407086503 0.1842879666 0.1737641689 0.2569036822 0.2269432318 0.2055055779 0.2651992881 0.1987647327 0.2225211127 0.2235947916 0.2462677565 0.2991971439 0.2293280858 0.2175951573 0.2442276348 0.3411879774 0.4544529863 0.5810352847 0.7249767217 0.8677541923 0.9424278042 0.9291087837 0.7734698388 0.5868303225 0.4439672516 0.3780196653 0.2718541346 0.2609496447 0.2202266096 0.2108199597 0.2525365182 0.2543927768 0.2234571794 0.2562073009 0.2759874183 0.2053941130 0.2065352022 0.2160055884 0.2595586451 0.2340596099 0.1980600981 0.2624093172 0.2251365182 0.2245692823 0.2309396632 0.2722032769 0.2066095622 0.2799344541 0.2420112173 0.2056588122 0.3130866496 0.3468033738 0.4164588992 0.5376175065 0.7907945280 0.9349660304 1.0000000000 0.8987104620 0.7202862656 0.6043543313 0.4465703939 0.3232735235 0.2816184643 0.1635490540 0.2169237944 0.1868251772 0.2035957752 0.2832673207 0.2240526172 0.2589038219 0.1866462912 0.1853404881 0.2519350425 0.2282358044 0.2427843036 0.2458528868 0.2268207409 0.2260456648 0.2600462607 0.2539867316 0.2807016473 0.2527009826 0.2368889570 0.2088480545 0.2412462501 0.2583415273 0.2459708603 0.3868479270 0.4338430240 0.5588984520 0.7639108950 0.8792967008 0.9586346878 0.8967370956 0.7825684547 0.6390165699 0.4492039313 0.3101972587 0.3065288512 0.2701368730 0.2505290516 0.2591089568 0.2358892573 0.2975101185 0.2457339401 0.2231847851 0.2495736157 0.2171435660 0.2430523775 0.2117107976 0.2406403680 0.2638948318 0.1792955192 0.2723193393 0.2939974076 0.2781287194 0.2417200608 0.2700782302 0.2899835224 0.2482880260 0.2542636340 0.2681303898 0.3027377824 0.3262747492 0.4528667789 0.5772052739 0.7840751232 0.8932172020 0.9257386300 0.9081590114 0.7248914788 0.5477361849
0.2170140118 0.2241499347 0.2911570919 0.3081982600 0.4017955737 0.5033051383 0.7291477163 0.8987025740 0.9112512283 0.8652109317 0.7597035140 0.5664837840 0.4678000987 0.3753146073 0.2867616128 0.2334483392 0.2312009938 0.2385388522 0.1746404909 0.2459196137 0.2444072317 0.2271941131 0.1951116408 0.2676330226 0.2264100310 0.1949113540 0.2552800483 0.2225104963 0.2229028514 0.2354288397 0.2086571008 0.1765664734 0.2264450692 0.1963136591 0.1976983701 0.2199327809 0.2602623715 0.2553353843 0.2614008151 0.3180568795 0.3820307391 0.5688535695 0.7791633050 0.8604885072 0.9572957136 0.9200587396 0.7981835832 0.6284678895 0.4796929465 0.3044709956 0.2354985724 0.2449931697 0.2155145738 0.1683099303 0.2452565782 0.2046294412 0.2377234780 0.1758875872 0.2346962556 0.1716541399 0.2382264452 0.2353655323 0.1946671037 0.2100725395 0.2384320157 0.2259127084 0.2518630199 0.2304423527 0.2063841912 0.2143102287 0.2034126159 0.2056169078 0.2315968217 0.2241129511 0.2747696227 0.3269071384 0.4121475873 0.5410695173 0.7215348275 0.8713898808 0.8935682240 0.9713258517 0.7950630470 0.6265714757 0.4655414664 0.3027726003 0.3356295334 0.2559805172 0.2229968299 0.2130544883 0.2408145629 0.1455512841 0.2634126820 0.2596934691 0.2463925208 0.2282041565 0.2471036340 0.2052434155 0.2021480823 0.1931551896 0.2556639715 0.2362475243 0.2201329881 0.2358684340 0.2445620273 0.1896865479 0.2224789700 0.2054780335 0.1959578579 0.2800405911 0.2593320250 0.3408478085 0.4342933448 0.5791547425 0.7028482465 0.8687244061 0.9785654082 0.9684664904 0.8164523883 0.6687687411 0.5109366864 0.3654856562 0.2880667705 0.2142789123 0.2417833520 0.2035172862 0.2045259933 0.2206255150 0.1749019868 0.2341585633 0.2504258085 0.2142860196 0.2600892833 0.2809635865 0.2511185459 0.2149509129 0.2693665810 0.2080744525 0.2428819047 0.2438525732 0.2408296049 0.2275711349 0.2090551795 0.2180328586 0.2135825398 0.2639860477 0.3404476925 0.3234883339 0.3730910198 0.5225370769 0.7504166735 0.8904576872 0.9147687267 0.9100341771 0.8391950820 0.6545818510 0.3723255054 0.3975609860 0.2600843843 0.2739406063 0.2085744982 0.2868494407 0.1607034025 0.2478166777 0.2732746369 0.2181492043 0.2479686385 0.1814663515 0.2554891715 0.2513547955 0.2421446787 0.3110655761 0.2642253927 0.2964085463 0.2754368715 0.2653389415 0.1876171489 0.2145069164 0.2701040564 0.1651314879 0.2305621979 0.2371183575 0.2613118744 0.2802026935 0.4277167055 0.5083184275 0.7463953126 0.9034682188 0.9639397689 0.9317133793 0.8149378221 0.6616099985
0.2054871519 0.2619308023 0.2798968569 0.2417898127 0.3745510006 0.5335792962 0.6735691237 0.8565651764 0.9158115683 0.9306390535 0.8131407017 0.6559191763 0.4973520815 0.3458696268 0.3152468962 0.2515042225 0.2762281169 0.1474739176 0.2186806490 0.2421764033 0.2280013180 0.1783832105 0.2405372322 0.2216896229 0.2054797396 0.1799876221 0.2107540192 0.1846575880 0.2395332636 0.1656487224 0.2065731987 0.2374248491 0.2239241953 0.2236404492 0.2294255293 0.2001729753 0.2229971825 0.2746538295 0.2470768347 0.3414100505 0.4067350824 0.4995667194 0.7032112320 0.8331416888 0.9328404716 0.8872351560 0.7471123872 0.6468521856 0.4527953299 0.3681235454 0.3381351658 0.2207572225 0.2001136610 0.2106981521 0.2329711237 0.2431769343 0.2112179344 0.1819310836 0.2493649338 0.1532317194 0.2460434567 0.2347902814 0.2839663128 0.1796789715 0.2492728556 0.1979540653 0.1628076492 0.1965230442 0.2087720594 0.2033457564 0.2054995877 0.1982768280 0.2273484854 0.2474394507 0.2786225838 0.3184875693 0.3780016402 0.4901017046 0.7065430985 0.8208923279 0.9425809134 0.9413389650 0.8313194224 0.6000656593 0.4901455492 0.3921417349 0.2598737224 0.2817941009 0.2126916342 0.1837277010 0.1755039096 0.2207991762 0.2130194796 0.1987094610 0.2628514881 0.2037623046 0.1873744585 0.1794979626 0.2000230968 0.2069398621 0.1514844152 0.1774426112 0.2636573572 0.2301233429 0.2128936662 0.2278417270 0.2579537921 0.1921147775 0.2637592722 0.2333100591 0.2142169038 0.3075230416 0.4064562415 0.5263908836 0.6762747251 0.8449583481 0.9457714244 0.9544116357 0.7811342099 0.6203968753 0.4305454696 0.3984940622 0.2411035114 0.2672870716 0.2294951625 0.2294764935 0.2204981898 0.2417053731 0.1921455786 0.2436808893 0.2392190700 0.1755424523 0.2406781837 0.1930532092 0.2244418097 0.2237048302 0.2357838370 0.2163715267 0.3000760044 0.2432608937 0.2367412709 0.2312462892 0.2484587480 0.2333959694 0.1830584359 0.2409249312 0.2488099858 0.3316646932 0.4250932195 0.5524722965 0.7117492680 0.8637009432 0.8994439796 0.9531311651 0.8420828307 0.6852871417 0.5090956825 0.3696528613 0.2553421854 0.2862267898 0.2575506005 0.2553568358 0.2159408334 0.2638363361 0.2407053236 0.1878047733 0.2416282211 0.2293310381 0.2490992755 0.2293457349 0.2728508708 0.2687848438 0.1898661029 0.2038648422 0.2481969857 0.1918727601 0.2340840596 0.2449635126 0.2843082403 0.2478490028 0.2656156631 0.2242739417 0.2274098800 0.3393270020 0.4487183650 0.5512155441 0.6701581921 0.8979664576 0.9824151444 0.9222171644 0.8234457047 0.6567714225
0.2065996478 0.1972902218 0.2333929164 0.2970247021 0.3583704322 0.4510766056 0.6515296288 0.8120591144 0.8982710750 0.9611008853 0.8029598692 0.6307490711 0.4505129300 0.3435690328 0.2776744321 0.2689955241 0.2108704146 0.2326857225 0.2427708440 0.1822962225 0.2325530436 0.1307792980 0.2425955142 0.1432343301 0.2126728203 0.2363280851 0.1729898126 0.1798180470 0.2281782385 0.1752779957 0.2043270286 0.1923455355 0.2333010648 0.2408472969 0.2397875303 0.1893375062 0.2548059173 0.2262560208 0.2271559722 0.3289352551 0.3082774752 0.4750482996 0.6618706539 0.8189489649 0.8891811769 0.9177735752 0.7765164802 0.6254320157 0.5043664748 0.3648264715 0.2758097763 0.2200483358 0.1928546342 0.1956213570 0.1848284109 0.2019377716 0.2326665008 0.1986057550 0.2020302449 0.2374320778 0.1637451684 0.2383845488 0.1954764718 0.1595023584 0.1914950737 0.2480520442 0.2230366252 0.2104285743 0.1756751723 0.2128685726 0.1939788496 0.2204883764 0.2417641570 0.2423078504 0.2575989787 0.3579081911 0.4214773921 0.5006151877 0.6814161814 0.8020754917 0.8798436965 0.9263713862 0.8231501865 0.6716305884 0.4687661799 0.3339764258 0.3087093094 0.2703029846 0.2188448721 0.2407348114 0.2506557302 0.2616574242 0.2147460749 0.2116026206 0.2059676738 0.1934357838 0.2264594886 0.2294504850 0.2104471933 0.2312709246 0.2572156081 0.2896340248 0.2392241633 0.2215181926 0.2550896452 0.1981637041 0.1923401495 0.2114958973 0.1927409204 0.1786370144 0.2015211859 0.2549809915 0.3406107168 0.5281573811 0.6515106392 0.8525342243 0.9218308617 0.9273902146 0.8212555719 0.6784627628 0.4694541939 0.4068388996 0.2941891049 0.2018973890 0.2758101063 0.2300023341 0.2162671070 0.1960856677 0.2057685796 0.2555282982 0.2080418384 0.2260130744 0.2049825562 0.2313586415 0.1925402841 0.2198471846 0.2629411959 0.2379062671 0.2189922683 0.2447587727 0.2022852192 0.2300292306 0.2127189083 0.2032436370 0.2045512203 0.2165647644 0.2506005523 0.3041299866 0.3273961586 0.4801189193 0.6661485380 0.9099859020 0.9216464710 0.9756428206 0.8530931029 0.5667953810 0.4736820645 0.4090959593 0.3244867566 0.2444727112 0.2142971994 0.2536626536 0.2109036910 0.2091173214 0.2069009698 0.1716732580 0.2686576888 0.2298527835 0.2340580443 0.2239304988 0.2717969207 0.2404748829 0.2653299108 0.2302416686 0.2372967064 0.2044160738 0.2242664693 0.2086544725 0.2263563107 0.2311558941 0.2323880721 0.2117013722 0.2580912330 0.2869664333 0.3343956413 0.5005226260 0.6894629589 0.9039841892 0.9478002859 0.8868698265 0.8252320088 0.6698478349
0.1806268499 0.2428625232 0.2710753728 0.3267928073 0.3813691124 0.4182077301 0.6320645061 0.7296891371 0.8934622539 0.9073293431 0.8350179211 0.6573127870 0.4636816885 0.3671049345 0.2830916620 0.2360051582 0.1929686492 0.1834759456 0.2135140772 0.2174061150 0.1770029142 0.1459402679 0.2746813178 0.2232493530 0.2199335213 0.2096791311 0.2371161850 0.1794400846 0.1830907518 0.2469259703 0.2193293255 0.2031193420 0.2102594925 0.2478595109 0.2135422517 0.1776122819 0.1821167979 0.2334207951 0.2057816402 0.3013116468 0.3310020891 0.4434864100 0.6251401217 0.8027750292 0.9018087085 0.9247811716 0.7845878127 0.6497767248 0.5494100131 0.3495720080 0.2580966590 0.2395148875 0.2065904186 0.2265724934 0.1263558027 0.2266616828 0.2214270413 0.2105787136 0.1865427803 0.2653769294 0.1994561251 0.1869729988 0.2094830631 0.1841131983 0.1874295793 0.2424490836 0.2397949817 0.2174641259 0.2429122099 0.2256969431 0.2026603598 0.1991880392 0.2158476260 0.1908018511 0.2252259246 0.3010577095 0.3416003115 0.4674618389 0.6405591145 0.8112413295 0.9283724097 0.9673940732 0.8187401795 0.6447203627 0.4886179672 0.3791439804 0.3091478035 0.2549588364 0.2087117781 0.2103062639 0.1966006569 0.2210755730 0.2406299127 0.1776171604 0.2518605032 0.2503693934 0.2045418200 0.1957468658 0.1763817781 0.2315383748 0.2113728555 0.1976247548 0.2543175270 0.2291271430 0.1885405263 0.1972421764 0.1970148937 0.2242282381 0.2082973175 0.2401271241 0.2219504524 0.2445880511 0.3500792231 0.4891531804 0.6804270976 0.8207401990 0.9217117655 0.9501851670 0.8346303154 0.7096912408 0.5116006024 0.3490338819 0.3486370793 0.2101489868 0.1984122750 0.2072491807 0.2546729169 0.2112325736 0.2436573178 0.2182315617 0.2134714633 0.1840476813 0.2321500988 0.2164129569 0.2288290406 0.2182496635 0.2288170668 0.1682465396 0.1964181757 0.2102048795 0.1774873777 0.2321330027 0.2614331940 0.2367402983 0.1913593257 0.2087694310 0.1982566669 0.2583761884 0.3689060476 0.5130615595 0.6296991664 0.8050146774 0.9450212380 0.9468456351 0.8419427774 0.7106356759 0.5622339038 0.3623515159 0.3120002013 0.2120496091 0.2011396326 0.1997529467 0.1951922919 0.2388439651 0.1756238379 0.2512233808 0.2296556227 0.2046711738 0.2451777293 0.2401672402 0.2141424145 0.2407602649 0.1627510440 0.2107532609 0.1708156815 0.2237487737 0.1851130183 0.2062151335 0.2437701150 0.2445841016 0.1951780706 0.2522455219 0.2685929935 0.2445808960 0.3003702073 0.5416715399 0.6409589263 0.7953391176 0.9229440534 0.9023873034 0.8025189465 0.6892948376
0.1673129946 0.1949478343 0.2252409121 0.2251189124 0.3160364216 0.4266400728 0.5980024500 0.7598763621 0.9338598400 0.8931683486 0.8363627686 0.5897189381 0.4987318631 0.3944713353 0.3074290401 0.2235018146 0.2499407827 0.2262510850 0.1732113138 0.2088326571 0.1882240315 0.2424355178 0.2266194726 0.2113198939 0.1824633583 0.2023236922 0.2020368992 0.1514280628 0.2208145113 0.1680108901 0.2184604388 0.1823392435 0.1830034108 0.1703564572 0.1855983086 0.2408298091 0.2140222097 0.1866617187 0.1793304544 0.2674505898 0.3224122895 0.5197274138 0.5857187422 0.7546900677 0.8744846224 0.9137140704 0.8418339803 0.6802219764 0.5402971718 0.3711345012 0.2761361451 0.1991748650 0.2463945160 0.2051750802 0.2169472004 0.2273749282 0.1976862204 0.2260198105 0.2150421328 0.2365892170 0.2153305897 0.1599386383 0.2025039713 0.2157378908 0.1680986110 0.2014545184 0.1467729401 0.1762013236 0.2019448665 0.2124316463 0.1816043843 0.2012894549 0.1850483212 0.1734954407 0.2551364257 0.2394297408 0.3856934834 0.4246061970 0.6192838033 0.7993838858 0.9079993118 0.9309583581 0.8275518783 0.6896089524 0.4832341878 0.3162210217 0.3142546222 0.2705966944 0.2032419956 0.1846999434 0.2183827942 0.1769755697 0.1922083691 0.2374913478 0.1984341232 0.1831018268 0.1747633844 0.2447607989 0.1615779204 0.2318625073 0.2339963318 0.2024574295 0.1967683556 0.2640086638 0.2290023468 0.2134490321 0.1908870433 0.2032401189 0.1778288450 0.1716945985 0.2373520383 0.2568409543 0.3512002050 0.4387708466 0.6223585981 0.7626491021 0.9663602589 0.9329408859 0.8497708819 0.6534981340 0.5272429536 0.3859835451 0.2796975372 0.2306766752 0.2383306704 0.2052343220 0.2203185708 0.2427977699 0.2069448223 0.2523021152 0.2337536131 0.2690548991 0.1987427351 0.2539621741 0.2358428284 0.2048912171 0.1894527146 0.2075270215 0.2229942330 0.1976226233 0.2081444953 0.2144700048 0.2171182811 0.2218134655 0.2220545291 0.2511708656 0.2946727893 0.3035832472 0.4082647815 0.4707507927 0.6088059404 0.7975640684 0.8601729313 0.9443771153 0.8150985173 0.6800834688 0.5707509482 0.3387814516 0.2901623664 0.2796966593 0.2654878601 0.2502001042 0.2119261421 0.2674310486 0.2464881504 0.2888412900 0.2286372017 0.2140232194 0.2132765341 0.2178155181 0.2002986884 0.1718705785 0.1957202118 0.1957676327 0.2351666464 0.1848081909 0.2132073890 0.2312423470 0.2197177092 0.2155075300 0.1831343427 0.3030773829 0.2379181930 0.2953800424 0.3639620889 0.5169985684 0.6271429095 0.8025716579 0.9218281610 0.9218234269 0.8219214217 0.6563308194
0.1942043876 0.1879570226 0.2123263915 0.2485822740 0.3237333999 0.4392679286 0.5352343124 0.7498756410 0.8230275706 0.9016150489 0.8013501539 0.6634979350 0.5276043364 0.4000865415 0.2468851362 0.2706664995 0.1621579410 0.1936408271 0.1713584765 0.1853312384 0.2146293609 0.2039120185 0.1853532255 0.1718731507 0.2299797642 0.1592315368 0.2038509464 0.1547689511 0.1495974373 0.1800939396 0.1544873835 0.2321633942 0.1857264829 0.1848837930 0.1506112997 0.1625832300 0.2523486944 0.1623545896 0.1693052290 0.2628481382 0.3117691746 0.4206776271 0.6077533667 0.7491264606 0.9165647934 0.8910422302 0.8395887226 0.6790949901 0.5704319516 0.3855163716 0.2838824201 0.2041086324 0.2162103428 0.1810319907 0.1758795886 0.2483505661 0.2041729579 0.2133166923 0.2210573655 0.1712830511 0.2259791560 0.1710473058 0.1893938896 0.2098383629 0.2127972138 0.2048092120 0.1759104375 0.1891753911 0.2226796883 0.2453600317 0.1950351619 0.2099635584 0.1817853254 0.1581558666 0.1973191540 0.2375246661 0.3538368999 0.4313083899 0.6047649146 0.8153094306 0.9023510504 0.9325710810 0.9209527468 0.6841828221 0.5073511261 0.3984859605 0.2553636734 0.2451601806 0.2051723206 0.1897501296 0.1585471022 0.1826289499 0.1998599678 0.2209802998 0.1624446766 0.2034372844 0.2073095542 0.2527028612 0.2186904764 0.2038886777 0.1691323255 0.2215302086 0.1512626858 0.2096724179 0.2159089977 0.1719741232 0.1965149367 0.2089809102 0.1897909868 0.2400620577 0.2019446890 0.2639388913 0.3348206320 0.4428020168 0.5822666593 0.8091110253 0.9381281929 0.8963389155 0.7925853523 0.6696769124 0.4954891746 0.3583528711 0.2585050026 0.2419630359 0.2446328307 0.2030233913 0.2354919826 0.2045062567 0.2365938702 0.2012044782 0.1878268162 0.1965875449 0.2093888078 0.1940896163 0.2057153436 0.2317162369 0.1845277883 0.2298361258 0.1863255667 0.1679846974 0.1937177004 0.1641795190 0.2395167283 0.2553292616 0.2104319553 0.2232590536 0.2112571124 0.2741088272 0.2954381411 0.4487843105 0.5679004981 0.7894446351 0.9018839027 0.9301778266 0.9014652806 0.7359433115 0.4920924671 0.3837163032 0.3797345012 0.2761479361 0.2160490248 0.2042459140 0.2477607308 0.2423983242 0.2035900285 0.2125947442 0.1754667554 0.1837574724 0.2187611858 0.1997785864 0.2065816676 0.1724447096 0.1709255402 0.2161567396 0.1864874509 0.2472742606 0.2203469884 0.2186972646 0.1743492055 0.2129254094 0.2056131881 0.2582086209 0.2283571225 0.2459766017 0.3483363532 0.4511380819 0.6142983315 0.7478004070 0.8561778448 0.9480384763 0.8832581374 0.7159639880
0.2292816424 0.1388506414 0.2233754415 0.1673515966 0.3271839720 0.3803942313 0.5225130223 0.6975902026 0.8866287499 0.8989207066 0.8193366031 0.6883210317 0.4906654819 0.3742654569 0.3049773042 0.2668610677 0.2275868638 0.2027275983 0.2071173856 0.2279995471 0.1509037590 0.2335303503 0.2210005155 0.1735938257 0.2445062739 0.1839000423 0.1412622320 0.1926534746 0.2073422771 0.1741095850 0.2489644859 0.2018207397 0.1696547435 0.1659770999 0.1894076494 0.2185403044 0.1998652981 0.2380846957 0.2410769413 0.2326127917 0.3786548718 0.4276943875 0.5945255923 0.8147045790 0.8923023117 0.9488340085 0.8528231910 0.6848383390 0.5122656638 0.3723303946 0.2745997563 0.2646873157 0.1600207417 0.2934301960 0.1868103062 0.1865143120 0.1729642101 0.2216424160 0.2024089539 0.2003628384 0.1563833294 0.1715796477 0.1961947123 0.2038140537 0.1926823808 0.1823527817 0.1930831461 0.2047321993 0.2157596846 0.2067107612 0.1786216030 0.1914473976 0.1363516544 0.1967300731 0.2003876589 0.2332719115 0.3110206861 0.3870545807 0.5766213871 0.7718853306 0.8701382718 0.9379689852 0.8543708973 0.7038930571 0.4646803561 0.4222035895 0.3501855861 0.2103753633 0.2139895942 0.2313132417 0.1922792719 0.2214499302 0.1944449326 0.1582654121 0.2134651193 0.1794420471 0.2082799199 0.1846838977 0.1927885063 0.2116233351 0.2045935677 0.2060189938 0.2447796173 0.1911682524 0.2272652245 0.1872139567 0.1674144319 0.2254296852 0.1537714216 0.1929731624 0.2704954045 0.2709376153 0.2927883534 0.4285085769 0.5645154214 0.7569396824 0.8744765489 0.9445416439 0.8501526443 0.6685005793 0.5645795696 0.4517044583 0.3682661021 0.2308805903 0.2556460960 0.2167153391 0.2613165497 0.2348505604 0.2016351524 0.2243725663 0.2189723286 0.2233347040 0.2361427096 0.2422175757 0.1952056288 0.1854864401 0.2415319607 0.2376028031 0.1804359390 0.1958908895 0.1917496849 0.1664941010 0.2383061470 0.2350482219 0.1941531217 0.1973442396 0.2287377222 0.2702313463 0.3331235206 0.4509285163 0.5934912137 0.7962379861 0.8494331493 0.9718036997 0.8832193654 0.7191554682 0.5455147217 0.4203225623 0.3111519904 0.2091096110 0.1915895159 0.2069825129 0.1925657622 0.2058935196 0.2731629688 0.2419483333 0.1651905269 0.1938999005 0.2698368911 0.2031266791 0.2150738812 0.2076978286 0.2432071592 0.1827712967 0.1868842812 0.2256489753 0.1963640693 0.1748553715 0.1971616078 0.2660773225 0.2096025407 0.2317771060 0.2465516824 0.2462264247 0.2938991753 0.4289702843 0.5534769240 0.7418023826 0.8665269702 0.9274868392 0.8436741602 0.7235863522
0.1694280288 0.1915447312 0.1890225938 0.3175719232 0.3225767555 0.3883436414 0.5870955307 0.7012729866 0.8205221311 0.8960563756 0.8710863564 0.7159985134 0.5575085433 0.3762931742 0.3012231931 0.2332014517 0.2031280430 0.1947526090 0.2011324146 0.2033132056 0.1962699263 0.2176712363 0.1777570174 0.1696483226 0.1867124681 0.1822166910 0.1719179400 0.2281411071 0.1920065982 0.1533686622 0.2362746992 0.2390053777 0.2274736691 0.1327564896 0.1759744983 0.1845400811 0.1815912902 0.2065746288 0.2399805591 0.2614187380 0.3319310630 0.3651981762 0.5326877780 0.7363180105 0.9105653330 0.9696523880 0.8564380153 0.7154671908 0.4921810862 0.4163990415 0.3266024129 0.2044350223 0.2504839252 0.2129712957 0.1453600458 0.2346500591 0.1519255898 0.2210684879 0.2049629893 0.2116661051 0.1946595425 0.2086218972 0.2023173772 0.1607701478 0.2254325847 0.1473420939 0.1710845723 0.1718298145 0.1721594727 0.2193700104 0.2505807388 0.1780047107 0.1680032040 0.2274961487 0.1380354372 0.2464082198 0.3320963458 0.4100134177 0.5283661010 0.7339070892 0.8719986581 0.9006449576 0.8329817067 0.7034000218 0.5782392761 0.4282181026 0.3530198921 0.2360909589 0.2024544179 0.1782804206 0.1879807614 0.2020140973 0.2254752312 0.2074922148 0.2224636005 0.2014464289 0.2404325799 0.1749621330 0.2540202812 0.1210618930 0.2034409153 0.2117700357 0.1894448638 0.1913021366 0.2343480698 0.2116831575 0.2150606048 0.2425174588 0.2324306141 0.2413702789 0.2028856484 0.2650278598 0.3242008119 0.4252092969 0.5749480412 0.7278398161 0.8737328040 0.9728412119 0.8317179872 0.6771650775 0.5314914677 0.3847594046 0.3018757091 0.2733401092 0.2411455884 0.2543412443 0.1892491980 0.1810899496 0.2690766183 0.2293213728 0.2707417928 0.2164429719 0.2282650858 0.2410658121 0.2064502175 0.1763512537 0.2161869799 0.2098740461 0.2244555056 0.2233665307 0.1818973724 0.1909283957 0.2175574047 0.1964798607 0.2174336417 0.1899735198 0.1893823467 0.2607924189 0.3082707533 0.3960793629 0.5676751794 0.7296485268 0.9226589719 0.9290023849 0.8939047217 0.7159025670 0.5949974125 0.4457063108 0.2600991757 0.2422827394 0.2391433507 0.2007129668 0.2668460588 0.2305385037 0.1945073699 0.2642472036 0.1802913046 0.1653603174 0.2319554513 0.1913807492 0.2013259409 0.1929787797 0.2045472412 0.2205253306 0.2232273525 0.2292246825 0.2549903802 0.1924333013 0.1927299493 0.2020878052 0.2046476169 0.2001217536 0.2519588657 0.2516595355 0.3188201952 0.4076777313 0.5683045944 0.7778065814 0.8700601476 0.9253019406 0.9161665411 0.7273430229
0.1556645285 0.1546420140 0.1884095967 0.2834005039 0.2570599261 0.4111660865 0.5322792322 0.6751114423 0.8593395335 0.9034150379 0.8902575766 0.7329967380 0.5411243787 0.3922420488 0.2843558712 0.2581481650 0.2361595400 0.2266025815 0.2107915438 0.2061596592 0.1923060004 0.2347210346 0.2104564576 0.1955963486 0.2005987877 0.2024735527 0.1766046843 0.2156119787 0.1925638556 0.2029623876 0.1927101132 0.1515897816 0.1838291456 0.2093888940 0.2265043737 0.1983013892 0.2432235221 0.2579466513 0.1917931141 0.2553506173 0.2784927029 0.4196850149 0.5446220074 0.7525057108 0.8572795590 0.9491376123 0.8653749421 0.7531952951 0.5375192697 0.4440881217 0.3493444453 0.2935160459 0.1680088214 0.2151008915 0.1734856935 0.2057644291 0.1971120175 0.2192479394 0.1950563573 0.2286445045 0.2040259267 0.2356647197 0.2098408247 0.1913316118 0.2078710052 0.1460690915 0.2393784964 0.2188450217 0.1712731671 0.1978945796 0.2094233313 0.1871893578 0.1597451918 0.1550204881 0.2011328999 0.2578906464 0.3081827063 0.3804689432 0.5672917432 0.7524431894 0.9049275805 0.8988438119 0.9024268657 0.7306930387 0.5575074396 0.4412941416 0.3524273740 0.2990188485 0.2014214234 0.2071897419 0.1512610259 0.2247198029 0.2408886823 0.1909086299 0.1851538510 0.1878737297 0.1883239329 0.2186548380 0.2049470759 0.1928954430 0.1979627114 0.1574964049 0.2207679965 0.1834771470 0.2151371886 0.2449823440 0.2218479689 0.1701531483 0.2214456576 0.2419063762 0.2067413448 0.2544482500 0.3231431020 0.4061962245 0.5980881467 0.7450960467 0.8323092622 0.9779631198 0.8703969401 0.7252182863 0.5659537074 0.4286685292 0.3324142291 0.2970904893 0.2932624683 0.2102988220 0.1898643491 0.1945684182 0.2474917094 0.2012770022 0.1942065716 0.2297861389 0.2254920100 0.2573137106 0.2108328885 0.2363242624 0.2327313574 0.1863742495 0.1999797696 0.2614860653 0.2156057315 0.2134639275 0.2604798027 0.1789188409 0.1754319348 0.1947516369 0.2269545663 0.2982328724 0.3007072229 0.4345500316 0.5356615234 0.7466448628 0.8979966393 0.9202382472 0.9051802299 0.7552669120 0.6210082102 0.4665670988 0.3140800565 0.2776578008 0.2093415377 0.2033237254 0.2201251498 0.2279072546 0.2779977213 0.1863692299 0.2342650457 0.1985758824 0.2451500875 0.2143772773 0.2305882098 0.2526174179 0.1987570417 0.2360764375 0.2347481064 0.2531944126 0.2122553254 0.2181325835 0.2017374932 0.2222793651 0.2412979678 0.2522847909 0.2075808137 0.2639871132 0.2686843659 0.4086255364 0.5823735775 0.7270430883 0.8240256489 0.9595069964 0.8935819031 0.7076162952
0.1562270296 0.1975352683 0.2359170401 0.2197071815 0.2640842327 0.3283099755 0.5167439932 0.7208505938 0.8907255679 0.9103005914 0.8815782958 0.7821147162 0.6137404108 0.4255765537 0.2570287897 0.2323352753 0.2354487574 0.2388197267 0.2522852381 0.2002105848 0.2164303706 0.1927824946 0.1543038003 0.1783676403 0.1936753058 0.2059117767 0.1994609797 0.1861919901 0.1835699561 0.1761174081 0.2310966617 0.2330076143 0.2601060117 0.2207514771 0.2210224777 0.2310198606 0.2304174216 0.2234844295 0.2003693763 0.2481544744 0.2801900088 0.3194075735 0.5484799412 0.7362604946 0.8510616765 0.9819511273 0.8619917928 0.7716591560 0.6191314954 0.4489053773 0.3041625544 0.2496083669 0.2337160926 0.2336344958 0.2072629747 0.2128917602 0.1821098815 0.2169834391 0.2295291873 0.1713838026 0.2257846395 0.2552603025 0.1970749461 0.2126140609 0.2235477952 0.2294939518 0.1778505283 0.1544215180 0.2645408031 0.2422283331 0.2461295308 0.2339311515 0.2156293601 0.2076396599 0.2622921244 0.2735230442 0.3015096949 0.4264563706 0.5555585576 0.7003189875 0.8201244588 0.9113963524 0.9063817471 0.7721029934 0.5557419756 0.4690120338 0.3160151259 0.2771159383 0.2199534164 0.2230041156 0.1768675757 0.2319213600 0.2660850122 0.2138629521 0.2256759049 0.1667206595 0.1948894266 0.2538557836 0.2011529449 0.1741962471 0.1625034753 0.2106368445 0.2037068388 0.2674087111 0.2148036936 0.2139665910 0.2492298088 0.2032264926 0.2356208590 0.2253014745 0.2253688192 0.2454243290 0.2699956108 0.4222367472 0.5812101753 0.7318212406 0.8481745902 0.9576202610 0.9206628778 0.7830109533 0.6430986552 0.4537848356 0.2767657447 0.2276762713 0.2597847570 0.2234824013 0.2258876312 0.2295978406 0.2345021419 0.1570039835 0.2251087911 0.2540194068 0.1860120727 0.1957336789 0.2495059537 0.1684800870 0.1750012923 0.2184410488 0.2273412821 0.1988508010 0.2154814565 0.2721099392 0.1864644655 0.1897515777 0.2482606286 0.2496618801 0.2738358230 0.2779525086 0.3243607767 0.4196361176 0.5429507979 0.7260533290 0.9047790753 0.8883725784 0.9297033118 0.7802558974 0.6166333735 0.4878362346 0.3456341175 0.2679826458 0.2340401262 0.2105048120 0.2175892806 0.2567742648 0.2388279132 0.2090133830 0.2046029080 0.2132938929 0.2472982381 0.2072464640 0.2383213519 0.2154882378 0.2533835530 0.1744126931 0.2174252355 0.2373492139 0.2459545597 0.2534509023 0.1978390037 0.2456807412 0.1902396164 0.1864520791 0.2616378739 0.3216737411 0.3662829874 0.4008722586 0.5812404832 0.7086651993 0.8483092712 0.9705861550 0.9541393905 0.7918623674
0.2199361842 0.2210971240 0.2566656259 0.2383405803 0.2959619643 0.3654676559 0.4960601363 0.6914814530 0.8651548971 0.8751201957 0.9115854542 0.7993202265 0.5661583623 0.4677460754 0.2969862008 0.2523761868 0.3021347114 0.2731845953 0.1811553576 0.2042096346 0.2003367868 0.1921952893 0.2149869871 0.1775656377 0.1436420270 0.2057497183 0.1965791563 0.2213981013 0.2159654009 0.2581485818 0.2242196919 0.1410555213 0.2006768946 0.2326768316 0.2032269739 0.1887101157 0.1724904872 0.1969705585 0.2380623671 0.2309180084 0.2674018916 0.3752832284 0.5138702717 0.6601549861 0.8364100883 0.9503170807 0.8926344445 0.7974512235 0.6355599333 0.4556962713 0.3528545929 0.2719566544 0.2695596669 0.2154704610 0.2013508551 0.1987928295 0.2376500269 0.2025779034 0.2211556080 0.2410117106 0.2414420633 0.2570514784 0.2366202518 0.1938123223 0.1605406161 0.2578110530 0.1934269693 0.2220983693 0.1921157687 0.2392635906 0.2088364977 0.1806548732 0.2141171177 0.2324824326 0.2561214481 0.2331422701 0.2979077729 0.4033551915 0.5518710597 0.7482134197 0.8995911176 0.9256629158 0.9092584403 0.7694013976 0.6019646580 0.4618610532 0.3249434886 0.3091279222 0.2444548730 0.2220573554 0.3024812541 0.2143038143 0.1783124005 0.2321429645 0.1929033631 0.2591194500 0.2401816574 0.2076945746 0.2018500841 0.1985729105 0.1872369005 0.2336000625 0.2355088157 0.2081624496 0.2443285971 0.2421584023 0.2475164976 0.2698420399 0.2153186922 0.2298362867 0.2301590097 0.2452667579 0.3539722715 0.4456476659 0.5344579117 0.6414421667 0.8084340761 0.9189438193 0.9024713530 0.7538395703 0.5452405687 0.4285869343 0.3817229873 0.2969139704 0.2273238318 0.2248376499 0.2388478633 0.2371232115 0.1880184540 0.2812257071 0.2184127089 0.2340306608 0.1892270216 0.1864725966 0.3141432479 0.2076737942 0.2378437452 0.1922646646 0.1988856450 0.1303264314 0.2012608736 0.1907701024 0.2083509020 0.2186930676 0.1732963721 0.2544117189 0.2171401737 0.2768788798 0.3392597867 0.3911188175 0.5207531803 0.6940685283 0.8391710671 0.9507477378 0.9543695270 0.7985591348 0.6208912253 0.4884178124 0.3550068977 0.2481579429 0.2750153070 0.2074151268 0.2025151780 0.1981705185 0.2435583756 0.2186252357 0.2512291065 0.2691022929 0.2455896774 0.2515722362 0.2379398857 0.2419927467 0.2452999640 0.2005919982 0.2113431314 0.2347286800 0.1939021211 0.2409131170 0.1825877773 0.2288885759 0.2427872328 0.2481360378 0.2329275097 0.2679272924 0.3020677563 0.4350781331 0.5892476332 0.7313486025 0.8656693320 0.9616613040 0.9029196992 0.7841422421
0.1920221386 0.1669887835 0.2375356446 0.2577323710 0.3123857970 0.3421297307 0.4937779551 0.6447066183 0.8021516650 0.9052967287 0.8669066615 0.7712313339 0.6058280419 0.4615862059 0.3734820672 0.2522497525 0.2593083124 0.2551422527 0.1944371922 0.2114402609 0.2606452079 0.2018020321 0.2274882816 0.2248515849 0.1967160425 0.2092695925 0.1750601694 0.2730137790 0.2616952124 0.2603382941 0.2029937669 0.2679079277 0.2589769261 0.2156818622 0.2590138583 0.1803346664 0.1997600923 0.2193359726 0.2386993781 0.2820488304 0.2759911846 0.3625063209 0.5326366855 0.6858739001 0.7841750878 0.9676876389 0.8558106267 0.7851909089 0.6252642609 0.4173832809 0.3482227753 0.2159374662 0.2553923823 0.2603448935 0.2180217558 0.2452532574 0.2347575356 0.2597166255 0.2342878544 0.2830969917 0.1966426227 0.1832424189 0.2579926417 0.2067463492 0.2317012838 0.1911991109 0.2489238262 0.1863266300 0.2038960830 0.2699333102 0.2270767759 0.2748473178 0.2111550336 0.2544760667 0.2783095333 0.2933851288 0.2929332917 0.4059594568 0.5128674128 0.7084182483 0.8649397549 0.9024173588 0.8771833585 0.7860197209 0.6182936816 0.4620550866 0.3523024370 0.2651512304 0.2957928880 0.2153544456 0.2097051210 0.2384992485 0.2680155308 0.2232839160 0.2366548247 0.1812797841 0.2722488259 0.2592812631 0.1913711931 0.1882574371 0.2308159547 0.2551116592 0.2243712510 0.1925608110 0.2197500156 0.2804309618 0.2772456401 0.2886754242 0.2181662333 0.2656685641 0.2134589805 0.2169395110 0.3028638893 0.3757992082 0.5649902347 0.7267529195 0.8696293567 0.9382029623 0.8907763329 0.7736131187 0.6582215575 0.4962409056 0.3340717442 0.3080709873 0.2069404332 0.2357270508 0.2326267631 0.2490478318 0.2038368561 0.2570252837 0.2944133861 0.2477828515 0.2306119704 0.1777541435 0.2616295947 0.2276100279 0.2281357768 0.2414402974 0.2221667928 0.2348079828 0.2187804929 0.2285693286 0.2580058536 0.2307058599 0.2925389475 0.2142602572 0.2357769926 0.2747148746 0.2980947208 0.4290940817 0.5442818704 0.6807598839 0.8543627846 0.8996410090 0.9144968641 0.7926105778 0.6636642023 0.4924882083 0.3311609344 0.3052301737 0.3010538001 0.2635553684 0.2137248493 0.1853663088 0.2429062287 0.2530377538 0.2365482228 0.2361804934 0.1970220590 0.2548295388 0.2837570899 0.2255113468 0.2554608254 0.2215913521 0.2011869893 0.2463267917 0.2450508313 0.2045934786 0.2542557098 0.2445795361 0.2922046639 0.2469949539 0.2646841906 0.2759496856 0.3178253033 0.4292066740 0.5487412695 0.7106181487 0.8813103676 0.9909148331 0.9493235703 0.8048662114
0.2312352670 0.2575990033 0.1950690121 0.2662110814 0.2659954293 0.3668293970 0.4996201415 0.7110482405 0.8412394671 0.8989412865 0.9491688277 0.7915123786 0.7007159890 0.5479138704 0.3362892095 0.3215389946 0.2773660108 0.2428798024 0.1933018653 0.2117668877 0.2591748374 0.2526924920 0.1963152166 0.2004635732 0.2116745956 0.2525160392 0.2059812643 0.2557097966 0.2332884145 0.1970647559 0.2859363662 0.2379167185 0.2148501587 0.2485239877 0.2295903424 0.2774535837 0.1929607942 0.2311784197 0.2158033258 0.2685511069 0.3048597739 0.3679969135 0.4871858230 0.6606747724 0.8409876633 0.9338360483 0.9528511759 0.7960383630 0.6812453502 0.4819058774 0.3966555559 0.1950841804 0.2405006647 0.2983982171 0.2408789142 0.2240699015 0.1981196598 0.2242481987 0.2652323378 0.2372850704 0.2035062505 0.2184334465 0.2070432117 0.2299251299 0.2478102410 0.2223024943 0.2178222184 0.2534813347 0.2211606407 0.2037250219 0.2837413976 0.2561225324 0.2496269623 0.2521334996 0.2121094010 0.2617486633 0.3183537256 0.3927081969 0.5299318102 0.6870201892 0.8480109429 0.9121387063 0.9473507087 0.8483972638 0.6211703157 0.5272405373 0.3554656896 0.3251174092 0.2834317822 0.2266850961 0.2701838502 0.2496955174 0.2497738184 0.2217873999 0.2321498921 0.2303012216 0.2423881184 0.2241562076 0.2190165864 0.2578857392 0.2306337207 0.3003497312 0.2239804642 0.2222188343 0.2370408730 0.2543100088 0.1993402496 0.1926214252 0.2429246697 0.3110875560 0.1898671395 0.2196501422 0.3029373235 0.3571130057 0.5001056514 0.6773492942 0.8058187075 0.9809996408 0.9542531090 0.8329410850 0.6919784290 0.4866680233 0.3451841812 0.3034347622 0.2090972911 0.2508154779 0.2530062740 0.2388910508 0.2396331748 0.2349042923 0.2325351290 0.2330544710 0.2681070009 0.2167536833 0.1864492998 0.2360407924 0.2002271785 0.2047975117 0.2442715392 0.2322901013 0.2480818325 0.2694880707 0.2091738595 0.2431782068 0.2851747203 0.2573701332 0.2499044403 0.2551061306 0.2839767074 0.4084065727 0.4970572582 0.6591403896 0.8588609822 0.9531379291 0.9201142096 0.8500790758 0.6967895179 0.4857566466 0.3863339211 0.3076040279 0.2532665142 0.2505045914 0.2237962543 0.2155741128 0.2697350280 0.2828950177 0.2413348373 0.2072124166 0.2462413869 0.1723141876 0.2341491599 0.2395975187 0.2550524579 0.2107450497 0.2703786341 0.2440702030 0.2469800835 0.2535771929 0.2804212147 0.2882525725 0.2539402014 0.2812790461 0.2321997970 0.2605459705 0.2857271981 0.4372804189 0.5484438536 0.6802421903 0.8434621406 0.9361533929 0.9113186823 0.8311855471
0.1789222339 0.2435150689 0.2210105139 0.2318285245 0.2911798800 0.3450639555 0.5186331031 0.6562071868 0.7850369203 0.9230494384 0.9345780780 0.8676616176 0.7024294712 0.5478825600 0.3615044942 0.2970115841 0.2115890707 0.2459204360 0.2555604749 0.2959955116 0.2447407982 0.2388936536 0.2722706969 0.1751509257 0.2414655469 0.2132090186 0.2709088218 0.2279697929 0.2585083025 0.1596465635 0.2360574392 0.2669409287 0.2317240524 0.1852920266 0.2121993111 0.1928675809 0.2097632059 0.2981356115 0.2050257358 0.2790692077 0.3280363406 0.3401704763 0.4814376908 0.6568793475 0.8173486742 0.9162349688 0.8569188514 0.8213534542 0.6806749305 0.5320578143 0.4092324797 0.3222937876 0.2852835336 0.2295119615 0.2141134142 0.2022120654 0.2060504021 0.2333001174 0.2076432905 0.2831017214 0.2182041703 0.2132486205 0.2880973202 0.2917354913 0.2373229552 0.2596503569 0.2550037780 0.2423856467 0.2782821539 0.2614838023 0.2057825432 0.2072272153 0.2626914951 0.2386915990 0.2140143877 0.2847040475 0.3246107990 0.3565222474 0.5268612620 0.6943819686 0.7992004137 0.9325961727 0.8707274222 0.8531888380 0.7099493696 0.5060936582 0.3808022142 0.3522418595 0.2869152960 0.2931956471 0.2473344777 0.3112943210 0.2511457110 0.2441512880 0.2312137729 0.2458978076 0.2050763457 0.2501606229 0.2410787076 0.2367130510 0.2686088015 0.2467462914 0.2265342225 0.2151824809 0.2643384651 0.2233229346 0.2553997906 0.2224505062 0.2124334853 0.1969191571 0.2056885931 0.2853077492 0.3410236426 0.3439099183 0.4985667821 0.6845464053 0.8499174283 0.9121532392 0.9152581467 0.8034500092 0.6931393164 0.5387707618 0.3895431029 0.3430973194 0.2613388055 0.2360311039 0.2588202983 0.2348732180 0.2394671619 0.1878582915 0.2480780254 0.2324511234 0.2417338003 0.2309461773 0.2649860563 0.2193279793 0.2207426108 0.2013034712 0.2591725866 0.2292330482 0.2296012140 0.2553176373 0.2773056838 0.2565243810 0.2674386550 0.2429491440 0.2652904479 0.2325539744 0.3005167058 0.3978087820 0.5268659782 0.6391069825 0.8388391806 0.9217140994 0.9858968522 0.8788713287 0.7139517243 0.5426929033 0.3917966885 0.3389493375 0.2722078434 0.2616406870 0.2588880618 0.2556322762 0.2640015562 0.2556459785 0.2523962182 0.2156608665 0.2803319905 0.2443730193 0.2155956480 0.2062599617 0.2469308277 0.2017230585 0.2434320429 0.2382819297 0.2506331934 0.2361871391 0.2155462024 0.2060783679 0.2194422814 0.2522210437 0.2410231259 0.2882220828 0.2943869917 0.4149801553 0.4653604814 0.6645894748 0.8813846472 0.9564846382 0.9374173857 0.8980485109
0.1841103083 0.2353939143 0.2327478672 0.2119069458 0.2515531314 0.3730574263 0.4916598726 0.6765167110 0.7869926036 0.8790435792 0.8919715000 0.8846643812 0.7369512763 0.5340594312 0.3947074370 0.2489347533 0.2300900174 0.2222786495 0.1613667282 0.2481378186 0.2255928034 0.2113437200 0.2103351069 0.2211710477 0.2106142910 0.2561748826 0.2339944048 0.2126696723 0.2159225964 0.2376524457 0.2457399740 0.2409025361 0.2364707730 0.2241323749 0.2349346430 0.2510633390 0.2614112075 0.2290301550 0.2342757703 0.2916164199 0.2928321353 0.3749354782 0.4820424950 0.6418534282 0.8261062549 0.9348005563 0.9261390368 0.8379357122 0.7482725191 0.5517750872 0.3292611645 0.3114450476 0.3142286156 0.2244335092 0.2390565510 0.2409043595 0.2353172638 0.2102046064 0.2285737650 0.2751658392 0.2331294404 0.2788982182 0.2452537817 0.2711949615 0.2132154971 0.2256857162 0.2713712385 0.1658452831 0.1911142166 0.2433262308 0.2538663464 0.2033186961 0.2440258982 0.2511314381 0.2564997218 0.2756787022 0.2964511106 0.3548836698 0.4828945309 0.6902214539 0.8728537466 0.9054229309 0.9059157222 0.7791543807 0.6589382114 0.5451252622 0.3856022118 0.3208573177 0.3160549350 0.2589876145 0.2466679744 0.2689663359 0.2540790391 0.2575413720 0.2795812580 0.2454003537 0.2398196913 0.2175872110 0.2355196840 0.2357378092 0.1931652781 0.2210540667 0.1990230830 0.2487055127 0.2857040765 0.2849532972 0.2521844919 0.1965154788 0.2381885365 0.2297173811 0.2348914855 0.3032644047 0.2987849738 0.3618180859 0.4939858870 0.6655036335 0.8163184335 0.9470225019 0.9782164797 0.8703008419 0.7478008339 0.5519438877 0.4025680111 0.3130971315 0.2662536771 0.2314588643 0.2914602870 0.2280729563 0.2384311135 0.2283404365 0.2685906830 0.2122131654 0.2410039970 0.1834099471 0.2646621124 0.2797450061 0.2253995088 0.2653523278 0.2479795109 0.2594673517 0.2644942072 0.2253653123 0.2419584345 0.2600592211 0.2695341746 0.2357014464 0.2680520716 0.2662398473 0.2993663046 0.3920097605 0.4956782136 0.6812778559 0.8088029256 0.9525727254 0.9354275848 0.8594312842 0.7644332135 0.5794636238 0.3733814929 0.3541331629 0.3605810348 0.2889042617 0.2705293061 0.2460166318 0.2041440761 0.2891926604 0.2674464846 0.2077032963 0.2186920898 0.2333448020 0.2375097088 0.2576480734 0.2740374356 0.2741613861 0.2726488626 0.2534034828 0.2453974029 0.2181571606 0.2599959740 0.2553649800 0.2696369587 0.2916320504 0.3040342371 0.3049893422 0.3297054782 0.4237964353 0.4857858208 0.6437681170 0.8499943938 0.9465496043 0.9889209642 0.8661890452
0.2634700874 0.1881198984 0.2196430156 0.2036484608 0.2635278547 0.3614919988 0.4278911679 0.5871254426 0.7741270854 0.8599042609 1.0000000000 0.8819701702 0.7055994632 0.5248933466 0.3375653032 0.2797320917 0.2924411227 0.2286602447 0.1883759783 0.2145284886 0.2136835503 0.2261183659 0.2484891249 0.2280035127 0.2803032517 0.1390145573 0.2440449989 0.2115938698 0.2379530917 0.2518597893 0.2212976939 0.2334606680 0.1873363898 0.2202729276 0.2137605902 0.1631726731 0.2365228103 0.1892059229 0.2445996001 0.2726110277 0.2730380923 0.3379611045 0.4892558313 0.6115829939 0.8261564241 0.8994889301 0.9611251106 0.8854924175 0.7250165150 0.5439091472 0.4376006797 0.2951086023 0.2705267527 0.2033854389 0.2246481751 0.2516334351 0.2141879015 0.2391119823 0.2036017752 0.2375679086 0.2222622894 0.2231462056 0.2326135776 0.2157076501 0.1952819055 0.2084567723 0.2327064957 0.2293202802 0.2078285866 0.2407457399 0.2332348324 0.2567487963 0.2332242465 0.2343925361 0.2529427197 0.2312430605 0.2759979532 0.4051059051 0.4658454767 0.6323135031 0.8087682523 0.9374056755 0.9122790278 0.8276164502 0.7059096206 0.5520880261 0.4029763210 0.3702829744 0.2496081027 0.3094284895 0.2641033179 0.2044623666 0.1933897145 0.2127932734 0.2203894551 0.2635518049 0.2383429291 0.2898260746 0.2460293496 0.2122060805 0.2034327196 0.2057615396 0.1935051888 0.2935957478 0.2640606776 0.2676347483 0.2808536932 0.2647159939 0.2753351283 0.2024656742 0.2543663044 0.2448223942 0.2761434452 0.4122916756 0.4721686726 0.5547681951 0.7859227830 0.8733927005 0.9329300732 0.8795362445 0.7568630852 0.5806386787 0.4379889821 0.3138004264 0.2744181678 0.2667039294 0.2335987596 0.2343266878 0.2467817190 0.2723620363 0.2534731534 0.2352136917 0.2080966158 0.2494906418 0.1863457547 0.2085608971 0.2275174194 0.2317930854 0.2641833973 0.2473391084 0.2068407032 0.2810664585 0.2463006951 0.2241055796 0.2594994944 0.2458440758 0.2317025821 0.2084921369 0.3211866084 0.3655374723 0.4679068548 0.6268698126 0.8073654537 0.9258249169 0.9145589324 0.8734569509 0.7044827387 0.5663873585 0.4699250297 0.3749457057 0.2677990394 0.2603892838 0.2278138244 0.2302055864 0.2781081050 0.2105432969 0.2770842114 0.2081214191 0.2265339386 0.2236286630 0.2283701085 0.2481330556 0.3042828930 0.2315568253 0.2386936646 0.2250413284 0.2193150091 0.2801909944 0.2647070561 0.2352522980 0.2411720339 0.2063074014 0.2375233550 0.3080216692 0.3028817026 0.4242358127 0.5089922577 0.6282687971 0.8370898522 0.9479677835 0.9253549330 0.9100494355
0.2114541405 0.2057324714 0.2003010088 0.1962613944 0.2744937781 0.2892793365 0.4946970089 0.5600266624 0.7888466034 0.9082067186 0.9120268924 0.8766323211 0.7144616372 0.5848536617 0.4250358492 0.3237916005 0.3008733039 0.2212230560 0.2199833515 0.2258531839 0.2370661217 0.2237626660 0.2663072712 0.1987703999 0.2338002953 0.2484708155 0.2696084364 0.2219554106 0.2096842302 0.2715210648 0.2443783729 0.2442817554 0.2217247284 0.2407611253 0.2273246861 0.2321586282 0.2421293839 0.2094243307 0.2095395368 0.2624105051 0.2836915918 0.3712882588 0.4350099031 0.6121949318 0.7904044930 0.9122944767 0.9272952667 0.9100549366 0.7430162425 0.5296565448 0.4223005986 0.3389648939 0.2638766824 0.2447864250 0.2211462724 0.2527234863 0.2165801945 0.2366039870 0.2397429938 0.2412255663 0.2249517147 0.2513087265 0.2221409824 0.2281294093 0.2355617455 0.1936866937 0.2566103676 0.2494420562 0.2589264078 0.2469282316 0.2361017212 0.2284354074 0.2736375359 0.2420620538 0.1960784578 0.2822982431 0.2835112795 0.3675673715 0.4415220305 0.6314767538 0.7753507427 0.9063571299 0.9963386540 0.8601890834 0.7021109469 0.5053971773 0.4527299761 0.3318870141 0.2966869557 0.2571041205 0.1929982893 0.2500084711 0.2096484324 0.2037421882 0.2170255160 0.2799780986 0.1972859413 0.2141087623 0.2457532540 0.1775529417 0.2055221973 0.2739177782 0.2478708590 0.1961252224 0.2193721392 0.2171547020 0.3059574752 0.2152748619 0.2897926680 0.1966887433 0.2825260340 0.2902508649 0.2695530074 0.3443653651 0.4464683999 0.5572813683 0.7917503628 0.9563474713 0.9651148664 0.8834078101 0.7589965280 0.5365961750 0.4323225877 0.3462235441 0.2460501029 0.2000164656 0.2378939090 0.2432445078 0.2357634499 0.1987495610 0.2304588021 0.2474893609 0.2776695494 0.2510806013 0.2289163739 0.2875422116 0.2136094004 0.2509235960 0.2918792194 0.2477107830 0.2505040352 0.2024270323 0.2277715606 0.2592462641 0.2563034452 0.2469830818 0.2412975768 0.2464404530 0.2752073646 0.3894065218 0.4583809163 0.6141090454 0.7726310154 0.9543763998 0.9481883430 0.8685726469 0.8114695256 0.5999103486 0.4546423462 0.3113188244 0.2461063520 0.3062400195 0.2146708292 0.2764533746 0.2783479356 0.2227400959 0.2278847758 0.1940227374 0.2915430374 0.2125119709 0.2579168903 0.2611790437 0.2464767910 0.2630081883 0.2830392676 0.1660984389 0.2151480041 0.2579618123 0.2181946108 0.2004678454 0.2160971440 0.2945265446 0.2818141267 0.2077625438 0.2616705435 0.4108381960 0.4942592981 0.6180794696 0.8474976215 0.9134880881 1.0000000000 0.9177455199
0.2280979790 0.2103023016 0.2317937157 0.2168966731 0.2690084404 0.3129059426 0.3778024166 0.5384706399 0.7245563100 0.8601663232 0.9289770102 0.9103357410 0.7596171712 0.5691523856 0.4168207382 0.3355602596 0.2614887046 0.2359357866 0.2206778675 0.2266709313 0.2684174293 0.2311775260 0.1954209264 0.2263113767 0.2260997539 0.2120650938 0.2744551447 0.2017185487 0.2047744444 0.2391608648 0.2455087863 0.2232332089 0.2067191651 0.1800334873 0.2496964953 0.2329678510 0.1941981323 0.2687228247 0.2201010166 0.2288040823 0.2692996131 0.3311855708 0.4469666174 0.5971822114 0.8135222008 0.8590001994 0.9667578952 0.8791340133 0.7553369029 0.6131579685 0.4363256596 0.3362834571 0.2286450287 0.1830251215 0.2408340624 0.2320363065 0.2350657649 0.2093386359 0.2552205475 0.2247171613 0.2214267954 0.2535594821 0.2146838690 0.2289612142 0.2131429390 0.2180001494 0.2030990296 0.2536681841 0.2216874228 0.1899282422 0.2279597001 0.2140428144 0.2240687693 0.2253510899 0.1615910719 0.2453954589 0.2341851769 0.3215047854 0.4425235821 0.5978237358 0.7636249726 0.8823558208 0.8724102886 0.9057262923 0.7472841991 0.5767211947 0.4269051581 0.3407406791 0.2859895410 0.2548745531 0.2533334950 0.1899826889 0.2002595543 0.2093059537 0.1842208776 0.2143747249 0.2024841460 0.2463046844 0.2474845518 0.2971516450 0.1975035807 0.2253578683 0.2265198530 0.2752087981 0.1398934650 0.2879852321 0.2344275546 0.2378570736 0.1655594916 0.2345072169 0.2472355343 0.2685907763 0.2974850832 0.3400436951 0.4026811219 0.5800089105 0.7779946026 0.8683690890 0.9868164051 0.8996527499 0.7727349930 0.6404162756 0.3877440887 0.4074278519 0.3370167910 0.2382967766 0.2250047724 0.2064573170 0.1953563253 0.2404810081 0.2903225653 0.2152752270 0.2301762726 0.2109899941 0.2029231757 0.2230732203 0.2374528499 0.2634651131 0.2739647323 0.1778481673 0.2223445983 0.2580001078 0.1718500917 0.2432063251 0.2581583987 0.1890834060 0.2472225951 0.2784146290 0.3168108106 0.3543498466 0.4593287480 0.6116350766 0.7674889310 0.9085415152 0.9500876819 0.8846118974 0.7723572877 0.6200733517 0.4564183079 0.4138406296 0.3075928054 0.2353226303 0.1926729197 0.1806355979 0.2418696661 0.2518694805 0.2554761418 0.2204301524 0.2041809516 0.2418357662 0.2012057030 0.2492956884 0.2486112949 0.2803585614 0.2506297581 0.2086211933 0.1858217514 0.2448341560 0.2847939243 0.2585659532 0.1910574095 0.2919614292 0.2604091584 0.2935062292 0.2812311578 0.3142973163 0.4456164587 0.5832059027 0.7612488032 0.8915666442 0.9899849938 0.9137597714
0.2230319400 0.1989559245 0.2020513469 0.2431480387 0.2978500402 0.2823355110 0.3988301221 0.5463681074 0.6754427799 0.8496032972 0.9079694277 0.8605790836 0.8111132222 0.6169922394 0.4847432473 0.3868150375 0.2414849160 0.1445730498 0.1964161891 0.2401345170 0.2220119275 0.1810768219 0.2158900001 0.2234642789 0.2292625122 0.1868867056 0.2277036956 0.2153192335 0.2263496000 0.2702317791 0.1970243636 0.2087523875 0.2019018836 0.2051405768 0.2220627612 0.2061925844 0.2040191353 0.2457269502 0.1896686188 0.2237590047 0.2934102273 0.3140833598 0.4354762522 0.6504296925 0.6814295282 0.8419950613 0.9493012651 0.8916041534 0.7771860605 0.6181402244 0.4545194046 0.3118702180 0.2858367035 0.2831980025 0.2047378532 0.1766730629 0.2341344296 0.2387189448 0.2296501022 0.2192598902 0.2031096206 0.1678091130 0.1879140961 0.2490900504 0.2305686311 0.1900683959 0.2527110032 0.2018412522 0.2136300754 0.2102557663 0.2170748769 0.2317812642 0.2282188951 0.2640127993 0.2690753561 0.2167833118 0.2784955626 0.3090225269 0.4269151068 0.4854154004 0.6862014931 0.8577896023 0.9134552894 0.8941865233 0.8010559245 0.5725168559 0.4514508647 0.3667468202 0.2889332823 0.2600116277 0.2297913896 0.2128074649 0.2166839279 0.2370461368 0.1892069730 0.1982577127 0.2159340321 0.1998868117 0.2353580722 0.2052194866 0.2375545635 0.2468536994 0.2267355010 0.2199396277 0.2720011191 0.2147599497 0.2517654874 0.2349573146 0.2169309883 0.2480199857 0.2497470566 0.2091029521 0.2834674322 0.3198109495 0.3719647079 0.5281996355 0.6900158869 0.8815225415 0.9039308238 0.8811962523 0.7578405514 0.6486496306 0.4151966097 0.3613599663 0.2921659468 0.2629970285 0.1944602384 0.2293985276 0.2389513496 0.1945745078 0.2395246496 0.2306881408 0.2512582036 0.2456730010 0.2072094087 0.2135192651 0.1986556370 0.2026706834 0.2530031735 0.2387026417 0.2584319766 0.2487790266 0.2516381433 0.2074937541 0.2389778125 0.2479602865 0.1760188112 0.2501575487 0.2355862357 0.3176545953 0.4020171035 0.5798803525 0.6582106765 0.8786542335 0.9563265779 0.9419967733 0.7359238866 0.6291837712 0.3905485363 0.3642518841 0.2824035599 0.2034735765 0.1879326492 0.2587369227 0.2560343845 0.2546633907 0.2227174193 0.2399197711 0.2435940029 0.2458951737 0.2803203136 0.2254552942 0.2719680083 0.2086345252 0.2643195116 0.2264506131 0.2289195471 0.2456934275 0.2392166055 0.2658398277 0.2451265089 0.1772794596 0.2416841715 0.2433177350 0.2693187663 0.3035516838 0.4059445493 0.5733493917 0.7194619487 0.8296654962 0.9770804111 0.8424562346
0.2283133715 0.2108691857 0.2427200025 0.2359941833 0.2414725745 0.2993960354 0.3868540018 0.5258096427 0.7093774243 0.8728668863 0.9582628302 0.8400793755 0.7548406524 0.5928034136 0.4424968957 0.3076586843 0.2842391478 0.2029970792 0.2006417644 0.2456184354 0.1539971004 0.1626328895 0.2626311476 0.2236313529 0.2329622672 0.2293088265 0.2201626273 0.2083903019 0.2032867071 0.2077727168 0.1760235913 0.2406550078 0.2169422349 0.2074357934 0.2220492128 0.1811243077 0.1579435206 0.2182394286 0.2375392668 0.1979886153 0.2550754988 0.3363163345 0.4246811934 0.5744119669 0.7245915683 0.8504722628 0.9030512498 0.9562406720 0.7597094544 0.6164828696 0.4501391927 0.3476385633 0.2397537988 0.2683646732 0.2135294199 0.1675487662 0.1970737074 0.1473797699 0.1930573194 0.1913283721 0.2047725910 0.2421274021 0.2138217938 0.2388686295 0.1830582351 0.2089864868 0.1954107955 0.1692560102 0.2126966160 0.2034205960 0.2523176136 0.2127291134 0.2430582759 0.2362646117 0.1651533085 0.2173022673 0.2323123668 0.2788384876 0.3255846036 0.5537076372 0.7411209512 0.8784515371 0.9481324976 0.8940638327 0.7523161350 0.6153092427 0.4585848338 0.3250756259 0.2883988533 0.2245405171 0.2075772455 0.2342262117 0.1938992909 0.1998493302 0.1768815751 0.2155094227 0.2156617409 0.1874122442 0.1599631962 0.1911047171 0.2308717539 0.2237407194 0.1871188454 0.2505951276 0.2528816671 0.1975007252 0.2295527552 0.2452640364 0.1846067882 0.2088685886 0.1838602040 0.2200779717 0.2578563688 0.2985477143 0.4587472991 0.5118310225 0.6914028365 0.9105830459 0.9097860784 0.9066787374 0.8130734448 0.6337589407 0.4671194624 0.3664909415 0.2239898205 0.2648967060 0.2164889140 0.2272513726 0.2027571187 0.1791446065 0.1878105378 0.2373094311 0.1778548372 0.2163153028 0.2189503353 0.1837533413 0.2354333717 0.2276466683 0.2218412878 0.2362171219 0.2014971741 0.2264300665 0.2462725382 0.2228637031 0.2443853723 0.1883127693 0.2253560960 0.2619750646 0.2620115007 0.3510069331 0.4175230830 0.5845383315 0.7341004188 0.8526118343 0.9858869102 0.8856509852 0.7890924368 0.5895683579 0.4394581355 0.3526616622 0.2750697926 0.2212588930 0.2671778706 0.2336354819 0.2025355222 0.1668771478 0.2184707596 0.2522047077 0.2062476824 0.2267295846 0.2250150413 0.2489243981 0.2265151719 0.2182614711 0.2356460948 0.2461590186 0.1972541934 0.1954384960 0.2130328915 0.2119484127 0.2101566281 0.2443123799 0.1961128741 0.2124639880 0.3025546436 0.3576522825 0.4600166434 0.5319458003 0.7280443313 0.9014369819 0.9541415403 0.8928444753
0.1910855747 0.2440328902 0.2043183922 0.1857202993 0.2587423468 0.2612390719 0.3913236280 0.4965999374 0.6871140511 0.8235364677 0.8848950567 0.9016145971 0.7661324984 0.6208954640 0.4402332421 0.3626835402 0.2296516433 0.2032968634 0.2382086487 0.1980031683 0.2114521640 0.1621578087 0.2556967480 0.2045358572 0.2136282037 0.2165520431 0.1850421273 0.2134762837 0.1538759475 0.2055727707 0.1886810316 0.1914651815 0.1757455504 0.1940459877 0.1894689451 0.2476854870 0.2426971698 0.2272363713 0.2474577533 0.2100072409 0.2896586409 0.2748382196 0.3507790825 0.5250087437 0.6750543634 0.8364307191 0.9328983390 0.8932969575 0.8183553563 0.6094542151 0.4591556419 0.3298361893 0.2642795268 0.1942635688 0.1833982410 0.2152221969 0.2019435721 0.2009004506 0.2110942311 0.1836385516 0.2010804748 0.2177328561 0.1688615581 0.1811072262 0.2177737808 0.1991343937 0.1669773538 0.2137352027 0.2082520605 0.2202307166 0.2279595217 0.1997884889 0.2117794624 0.2312851735 0.2256849211 0.2653886396 0.2298300050 0.2953216029 0.4189209973 0.5535779363 0.6765219393 0.8465928636 0.9380606793 0.8975721009 0.7863734668 0.5965440713 0.4447885396 0.3497833078 0.2520610527 0.2374516927 0.2086608529 0.1973380455 0.2111996524 0.2275726344 0.2289578574 0.2132281993 0.1789560449 0.2519982435 0.2106484861 0.1678532179 0.2582554243 0.2184202245 0.1808231789 0.2016430159 0.2202580938 0.1708276906 0.1975777225 0.1719320500 0.1737878418 0.2361064493 0.2287866101 0.1973773544 0.2565410082 0.2855605099 0.4007807668 0.5047697544 0.6127329184 0.8413155323 0.9330732033 0.8701116792 0.8042327604 0.6340866445 0.4562604527 0.3652463773 0.2206036422 0.2650686342 0.1869944425 0.2245189015 0.2355355376 0.2329650493 0.2512365921 0.2516127226 0.2785437856 0.2363083825 0.1972836493 0.2154077305 0.2337623928 0.2217244999 0.2099797882 0.2324156153 0.2203862968 0.2310523483 0.2495805591 0.2156620971 0.2491741526 0.1943716539 0.2226840813 0.2339455236 0.2218115240 0.2305583125 0.3177870294 0.5275638349 0.7106406927 0.8926683047 0.8713589544 0.9007062719 0.8002868641 0.5658202722 0.4147667431 0.3830215941 0.3209758589 0.2125827326 0.2112596570 0.1946676257 0.1958013779 0.2349550570 0.2086283508 0.2252518868 0.2003080637 0.1997455945 0.2229192282 0.1725478036 0.1847121323 0.1560854138 0.2590496232 0.2689778958 0.2143807393 0.2229127825 0.2001983025 0.1530130753 0.2445824901 0.1815837303 0.2513531611 0.1891362961 0.2269607943 0.3549959930 0.3257815200 0.5326028708 0.6705016052 0.8256852901 0.9544049511 0.8754329961
0.1623391046 0.2264211323 0.1936207864 0.1834917135 0.1977757539 0.2482341976 0.3685316822 0.4611256939 0.6044451215 0.8131717825 0.9328410244 0.8777092118 0.7554951930 0.6279279138 0.4359828417 0.3666283914 0.2637764012 0.2495558410 0.2589506983 0.1933023031 0.1989619884 0.1792823821 0.1853855188 0.1818454606 0.1924617415 0.2113259105 0.1558488514 0.2699533572 0.2207138250 0.1915851744 0.1797146877 0.1900206076 0.1954777877 0.1382657937 0.1742202671 0.2481288818 0.1914079083 0.1533351510 0.1732801705 0.2275087181 0.2189635981 0.2266772209 0.3688479810 0.4675050021 0.6128727081 0.7946910594 0.9385295213 0.8451780284 0.7377793542 0.6044663151 0.4593777635 0.3406012962 0.2869400933 0.2246712402 0.2024317306 0.1906817236 0.2188682540 0.1743145497 0.1249245574 0.1951501682 0.1813841778 0.1650994971 0.2113310270 0.1760506490 0.2446539002 0.2174106483 0.1633393603 0.1757598948 0.1856112857 0.1971615522 0.1923352484 0.1890688384 0.2087213120 0.1511627842 0.2151910153 0.1983572807 0.1886073434 0.2546332564 0.3351313246 0.5028060511 0.6317364934 0.8475155002 0.8603185035 0.9241752599 0.7955149648 0.6336012385 0.4369584928 0.3388074909 0.2461628452 0.1989764434 0.2124792403 0.2209519546 0.2114475069 0.2123137017 0.1702075438 0.2232356290 0.2209877132 0.1871630519 0.2198839638 0.2035127050 0.2170590826 0.2268995525 0.1720928561 0.2334643190 0.2107171746 0.2312551298 0.1953802203 0.2001632478 0.2111784196 0.2185068511 0.1836003994 0.2670217136 0.2079470456 0.2441467840 0.3539478808 0.5247242976 0.6849609038 0.8127360842 0.8769515726 0.9296246727 0.7928348570 0.6337695792 0.4826176106 0.3479979481 0.2648381772 0.2483608081 0.2188643182 0.1920235150 0.2323885429 0.2042367673 0.2492365013 0.2243829194 0.2206893201 0.2173885279 0.2143819819 0.1726045466 0.2372089754 0.2467296971 0.2025355935 0.2136525346 0.2355144372 0.2240971470 0.1904505659 0.1937230607 0.2347447432 0.1911644479 0.2099816991 0.1825016479 0.2628866243 0.2350332205 0.2909212958 0.4778793716 0.6761704127 0.8354815414 0.9169656569 0.8743324518 0.8234801473 0.6608673843 0.5057092969 0.3090388781 0.2889975056 0.2290621150 0.1895760350 0.2557733361 0.2129873837 0.2328662714 0.1540407454 0.2071889515 0.1761398545 0.2200791107 0.1401404517 0.2132661730 0.2034755923 0.1811717983 0.2040669961 0.2325489528 0.1775543418 0.2113213559 0.2081482848 0.2251962230 0.2235622517 0.2159315795 0.1887307989 0.2345890015 0.2391659868 0.2734364675 0.3914995231 0.6086865817 0.6555268289 0.8481425203 0.8600265618 0.8910053821
0.1863748381 0.1784895683 0.1935360142 0.1855681529 0.1824277863 0.2526974566 0.3642591951 0.4193541291 0.6460296754 0.8651441120 0.8895919626 0.9133264671 0.8394673628 0.7227587490 0.4846703307 0.2922300899 0.2466434189 0.1757524566 0.1785635434 0.1888368862 0.1816876564 0.1779621758 0.1571313607 0.1661154422 0.2150631303 0.1984160962 0.1604835093 0.1782399426 0.1801970628 0.1871203452 0.1686641993 0.1953165099 0.1898386670 0.1465930530 0.1695177272 0.1802318471 0.2043557782 0.1894096961 0.2164037897 0.2096313831 0.2469192918 0.2610612482 0.3369059743 0.4240142947 0.6209040938 0.7670133292 0.8813427283 0.8620109302 0.7902467967 0.6659106901 0.4937936665 0.3471435637 0.2919821089 0.2261291678 0.2052859351 0.1955223210 0.1950557409 0.2315629994 0.1329647688 0.1712684955 0.1612542595 0.1589562186 0.1790372613 0.1780016916 0.1834172454 0.1900860139 0.1815179479 0.1754851417 0.1752431197 0.1969024319 0.2298298806 0.1908890716 0.1788955833 0.1695399703 0.1895938589 0.1686588743 0.2512282917 0.2890700725 0.3398896868 0.5429337885 0.6061576931 0.8314837436 0.8880512696 0.8892409939 0.7994279186 0.6858239119 0.5285257367 0.3541048716 0.2826968608 0.1932731010 0.2042292494 0.1764881868 0.1830919274 0.1736540405 0.1401045487 0.1695702410 0.1809453271 0.2225864465 0.2205826541 0.2333026365 0.2178358341 0.1699930823 0.1609251591 0.2170031824 0.1925139352 0.2523705003 0.2333711691 0.1877071036 0.2006213234 0.2061234500 0.2084171395 0.1648731935 0.2630185024 0.2660279878 0.3378629919 0.5019859193 0.6592295067 0.7990776574 0.8604697403 0.9140245999 0.7838093360 0.6984539640 0.4700901148 0.3356942504 0.3029105921 0.2280856895 0.2303963609 0.2073730134 0.1550646966 0.2564623064 0.2010511058 0.1761272078 0.2604367473 0.2058592771 0.1801512970 0.1850532602 0.1698915547 0.2060155180 0.1586222695 0.2025371582 0.2106574917 0.2275924437 0.1668580341 0.2361804254 0.2097551670 0.2235248711 0.1827048958 0.2374371480 0.2078780600 0.2712839718 0.3585699426 0.4773289552 0.6529510181 0.7905380288 0.8869248414 0.8645775116 0.7763367121 0.6764088600 0.5095419918 0.3913788029 0.2770297295 0.2340283588 0.1872207008 0.1646363337 0.2136918811 0.2212375350 0.1904785615 0.1890771548 0.2138956774 0.2277071178 0.1737899843 0.1642151076 0.2047430944 0.2284485598 0.2473330506 0.2037183420 0.2403173535 0.1977167688 0.2061465953 0.1950910472 0.2147076759 0.2565626825 0.1442751664 0.2407260120 0.2239144291 0.2865710053 0.3434654837 0.4705600427 0.6521550692 0.8146903437 0.9573425261 0.9382710019
0.1967528422 0.2078318077 0.2062103557 0.2166038821 0.2612466450 0.2262724372 0.3317251876 0.4501934299 0.6156102677 0.7406844316 0.8889608541 0.9090377158 0.8319327947 0.6928105741 0.5233768260 0.3372110464 0.2222863110 0.2508199866 0.1709915753 0.1790994657 0.2007231866 0.2053965030 0.1791587550 0.1707845124 0.1991777733 0.1905633824 0.2116536705 0.1452769050 0.1771405497 0.1378152689 0.1632836492 0.1972804055 0.2271878832 0.2069121950 0.1657909277 0.1940687886 0.1462385188 0.2249089656 0.1644842313 0.2348220382 0.1635958701 0.2561507931 0.3093262522 0.4058153753 0.6210943757 0.7799415458 0.9040360565 0.9421483208 0.7812749252 0.6753745705 0.5388096208 0.3745968623 0.3028582572 0.2367162854 0.2169126109 0.2251979183 0.1383138440 0.2161864778 0.1676435889 0.1798334383 0.2106969663 0.1846516079 0.2338223579 0.1723440501 0.1716352189 0.2316132108 0.1567089159 0.1940245389 0.2208605862 0.1614167659 0.1847529118 0.1780837760 0.1764831063 0.1653024389 0.1675587673 0.2172063947 0.2716868766 0.2796958743 0.3168675428 0.4702869485 0.6378827667 0.7646460685 0.8522144278 0.8904525305 0.8411660589 0.6319058338 0.5036280306 0.3653708905 0.2879850525 0.2435219479 0.2393015011 0.2536693599 0.1848695039 0.2141686058 0.2297063788 0.2096984921 0.1403920013 0.2016486986 0.2262548380 0.1974371904 0.1966303775 0.1830638405 0.2532921507 0.1947978480 0.2097583925 0.2062588397 0.1903946843 0.2144194627 0.1717393142 0.1823233492 0.2482732434 0.2054300488 0.2034724413 0.2983321202 0.3865171855 0.5078476711 0.6518101202 0.7585748963 0.8680314044 0.8531282967 0.8377664269 0.6775060497 0.4635324504 0.3403815592 0.2629796627 0.2048157936 0.1480650305 0.2340579895 0.1748675095 0.2554383530 0.2053723234 0.1814411579 0.2497148245 0.2151129941 0.1575054934 0.1889677874 0.1793423653 0.2058646387 0.2188138342 0.2573517060 0.2439429853 0.1977032041 0.2040671778 0.2065373959 0.1647724309 0.1353116046 0.1808813234 0.1746077052 0.1635230564 0.2810546618 0.3650254349 0.5148546620 0.5888707557 0.7539337408 0.9215567940 0.9177334779 0.8732764141 0.6581428572 0.4955647458 0.3218605461 0.2477881609 0.2287483507 0.2160603629 0.1952168083 0.1997734892 0.2005651526 0.2225233727 0.2466796678 0.2454764691 0.2386333561 0.1953683955 0.1796889881 0.1758048198 0.2055484879 0.1821575232 0.2111533581 0.2484797067 0.2162944224 0.1721391645 0.2107493477 0.2023256805 0.2137855023 0.2502387651 0.2178993640 0.2642261727 0.2621786793 0.3428303986 0.4958878114 0.6193887206 0.7927226222 0.8721948331 0.9755759224
0.2201122925 0.1522678021 0.2068750026 0.2338428393 0.2389443657 0.2401504763 0.2946194808 0.3788000519 0.5223798789 0.7100522565 0.9097466004 0.9328765417 0.8203267140 0.6788932080 0.4826106892 0.3373884403 0.2615718539 0.1548984190 0.1952179940 0.1477885640 0.2180110582 0.1863869232 0.1863294987 0.1612432633 0.1671720797 0.1493875241 0.1929443064 0.2090241434 0.1869436059 0.1932123777 0.1958912231 0.1919321709 0.2281116617 0.2070871874 0.2517595223 0.1428784316 0.1878340441 0.1580004649 0.2374312139 0.1646193218 0.2205514459 0.2398047343 0.3289202452 0.4629205073 0.6122680854 0.7861744309 0.8757376883 0.8718259550 0.7968844481 0.6403451083 0.5143959392 0.3820439439 0.2324512369 0.2131344717 0.1902893795 0.1262381609 0.2295283144 0.1592711032 0.2103297110 0.1882721415 0.2233693709 0.2157609375 0.1971075027 0.1782223061 0.2139522843 0.1979219535 0.1560177338 0.2050148613 0.1513001804 0.1417615804 0.1687601202 0.1993177255 0.1900132124 0.2271548516 0.2047515565 0.1869384911 0.2093328053 0.2412083624 0.2910511020 0.4365934263 0.5262559380 0.7744545201 0.9023910350 0.8620544470 0.8384152687 0.6687584561 0.5471113858 0.4087906221 0.2603429104 0.2659603064 0.1958355955 0.2289108165 0.1783372832 0.1788508866 0.2115829281 0.2116592851 0.2096679809 0.2350193786 0.1779258213 0.1809989827 0.1906407951 0.2357107476 0.1738167271 0.2360134317 0.1741813653 0.2435641678 0.1789406742 0.2241329218 0.1836595542 0.2206971556 0.2191138000 0.2104810540 0.1788944379 0.2765064493 0.3071807234 0.4150880399 0.5926522832 0.7691491315 0.8888066644 0.8865593898 0.8558237624 0.6707320492 0.5217131501 0.3836762941 0.2615023898 0.2534867139 0.2120739813 0.1545139143 0.1687470504 0.1886988204 0.2093810135 0.2301065683 0.2334200319 0.2034618364 0.2022601467 0.1890845711 0.2295466431 0.2019787317 0.2042535435 0.2111966769 0.2223470707 0.2361268426 0.1924106990 0.1999393862 0.1964938267 0.2287905762 0.1594321318 0.2158517034 0.2251156500 0.2717244745 0.3537911911 0.4544256739 0.6311054904 0.7745277966 0.8908287605 0.9227635967 0.8693031975 0.7074891573 0.5592902880 0.3533129505 0.3307789949 0.2360898110 0.2367621918 0.2054795804 0.2475577683 0.2087437190 0.2103233753 0.1936193715 0.2063180918 0.2476007271 0.2243942891 0.2597521324 0.2120976697 0.2065078940 0.2119455993 0.1908543219 0.2237785641 0.2118090098 0.1930035380 0.1345523190 0.2106004041 0.1913333482 0.2169421097 0.2203844251 0.2011815346 0.2660089905 0.3482843728 0.4586270423 0.5708177306 0.7820471896 0.8827389449 0.9129692218
0.2002749378 0.2072821923 0.2356896736 0.1999619215 0.2447394200 0.2185486880 0.3309878002 0.4043628931 0.5372973187 0.7504146455 0.8357268959 0.9337478557 0.8461572596 0.6687811273 0.5174767773 0.3754164339 0.2986645293 0.1898546359 0.1764150509 0.2371470521 0.1957725930 0.1648525461 0.2083812595 0.2096542070 0.1894331347 0.2102918108 0.1776676681 0.1915695954 0.2313260843 0.1869968963 0.1318128600 0.1904013269 0.2245216276 0.2373262484 0.1362046840 0.1369940571 0.2033539286 0.2308984197 0.2448915271 0.2211622699 0.1649410271 0.2588667010 0.3173775403 0.4331893859 0.6670086480 0.7452701831 0.8578568826 0.9391403884 0.8600025834 0.6673751236 0.5556115863 0.4374321184 0.2947687895 0.2045705682 0.2124570964 0.2194726951 0.1861709815 0.1702552814 0.1851316582 0.1965153689 0.1627318832 0.1909695473 0.2303057450 0.1762442042 0.2676768238 0.1878850606 0.2002543406 0.1883926442 0.1893538289 0.1823767969 0.1678312553 0.1902468257 0.1554350801 0.1731155254 0.2227079170 0.1963343910 0.1903868450 0.2489629437 0.3400878950 0.3828533378 0.6121506425 0.7457257408 0.8804997495 0.9427135773 0.8720799766 0.7150174961 0.5566247816 0.3878779953 0.3072589538 0.2486511184 0.1830923431 0.2495853955 0.2363338417 0.1606198941 0.2016335520 0.2378680624 0.2496240851 0.1790787275 0.2101535409 0.1596068985 0.2295693679 0.2024584932 0.2077900805 0.2067272337 0.2099883661 0.1813905232 0.1804543349 0.1712522173 0.1849076435 0.1942901812 0.1880055634 0.1941710756 0.2116425312 0.2879300168 0.3228206252 0.4223400722 0.5442636295 0.7717550144 0.8689561258 0.9287725695 0.8197118569 0.7204797514 0.5445636037 0.3963255942 0.2791410818 0.3132170305 0.2554498524 0.2174030676 0.2617114443 0.2133107980 0.2224197008 0.2031627990 0.1968413229 0.1852251097 0.2329175621 0.2059163746 0.1697296231 0.2199467021 0.2064937848 0.1621228854 0.2030700033 0.2375858623 0.1910751863 0.1766211907 0.1736840124 0.2251482748 0.2571330651 0.2254453316 0.2869269433 0.2564076314 0.2913075401 0.4472639477 0.6631801414 0.7506889980 0.8691452514 0.9399920820 0.8598454074 0.6772171467 0.5721981307 0.3650801102 0.3174463995 0.2165667514 0.2053861486 0.2344800227 0.1631431867 0.2281996283 0.1854524132 0.2070362760 0.2037626111 0.2089292858 0.2236052685 0.1830462514 0.2322834873 0.2255999146 0.2197484062 0.2371460264 0.1813648136 0.1827924858 0.2029553943 0.2372159351 0.2265572062 0.2009862257 0.2090482793 0.2052939815 0.2251472895 0.2622129086 0.3271535494 0.4243732248 0.6068516333 0.7469881246 0.8846201831 0.9069546099
0.1859850340 0.1317358798 0.1895214473 0.2248919799 0.2088332957 0.2659838804 0.3202876647 0.4354455247 0.5498265634 0.6984566607 0.8950514255 0.8614070719 0.8682443561 0.7126757157 0.5344390285 0.3851001033 0.3324530309 0.2289555289 0.1851291059 0.2242198318 0.1768446120 0.2275125192 0.1735200957 0.1974923626 0.1504448256 0.1944366670 0.1953787363 0.1821014786 0.1924852022 0.2160747122 0.1537361455 0.2098805561 0.2096609568 0.2190393917 0.2220149210 0.2223459205 0.2196243975 0.2117119744 0.1914235047 0.2013630787 0.2304356032 0.2519838876 0.3173020264 0.3975808541 0.5648945677 0.7274508423 0.8459086676 0.8999446623 0.8750210494 0.7069813606 0.5357751163 0.4101499925 0.2992635246 0.2866025827 0.2211143435 0.2246351759 0.2093704028 0.1741497726 0.1790151186 0.2379800531 0.2113548517 0.2068427064 0.2533831173 0.2004050970 0.1729878486 0.2087139700 0.1788389767 0.2532779760 0.2590847117 0.2273901679 0.2181041757 0.1916327956 0.2101926142 0.2458801257 0.2033651103 0.2234491463 0.1855563915 0.1967112860 0.3009369165 0.4334094005 0.5673209630 0.7280584910 0.8403170920 0.9259183199 0.9031297208 0.6875098538 0.5933420498 0.4127874378 0.2863824462 0.2225164876 0.2268819650 0.2401266004 0.1778832068 0.1480759744 0.1665082806 0.1791662646 0.1537381931 0.1960306428 0.2323702035 0.1906003841 0.1918738716 0.1913509176 0.1318776954 0.2315419226 0.2129881161 0.2471244096 0.2151569176 0.2305751556 0.2236461951 0.2026199135 0.1807836034 0.1976836375 0.1928165993 0.2440297746 0.3381887158 0.3918681234 0.5274170915 0.7444292597 0.8772678402 0.9471460636 0.8501063383 0.7444417067 0.6055261468 0.4146682000 0.3177053164 0.2470599642 0.2157754807 0.2672856444 0.2011088256 0.1946510233 0.2654335656 0.1898614383 0.1755504440 0.2164686649 0.2227801963 0.1958576053 0.2083395010 0.2199588829 0.1757466042 0.2238247248 0.2001525411 0.2178461376 0.2421136285 0.2117750387 0.2322198511 0.2131980650 0.1462899988 0.2328039346 0.2511126753 0.2297048304 0.3457801102 0.4417152100 0.5828204479 0.7779923355 0.8745860012 0.9761402749 0.8201195873 0.7338780675 0.5869633256 0.3954247197 0.3186343930 0.2756658796 0.2730221692 0.2114336981 0.2300869904 0.2036367069 0.2500589061 0.2182337574 0.1278906762 0.2182267759 0.2271306239 0.2068287374 0.2055057920 0.2510887423 0.2221836938 0.1636953214 0.2024903205 0.2224303414 0.2314439170 0.2022029255 0.2593313956 0.2031096725 0.1794566760 0.2342341368 0.2441777194 0.2803936752 0.3491529797 0.4054980798 0.6250217429 0.7776207356 0.8996929395 0.9635256113
0.2135625438 0.1844494573 0.1870739181 0.2242236357 0.1719886186 0.1782536563 0.3310284475 0.3730698924 0.5479976090 0.7257524707 0.8495403029 0.8403901765 0.9165424946 0.7270820515 0.6068279295 0.4205139745 0.2765256375 0.2835506331 0.2402099941 0.1942143499 0.1883173637 0.2324305177 0.1927998541 0.1943856965 0.2098329993 0.2112212909 0.2064033990 0.2248922142 0.2059531976 0.1894522706 0.2069802080 0.2301281052 0.1934859173 0.2137098757 0.1927294324 0.1754972204 0.1953296047 0.1788442405 0.2291060341 0.2113372732 0.2356130816 0.2574396601 0.3381278811 0.4107172434 0.5862781667 0.7757784081 0.8929051967 0.9609947716 0.9108870805 0.7331590702 0.6036973835 0.4069548675 0.3092556234 0.2863342181 0.2346289341 0.2319398021 0.1513509080 0.1956936859 0.1502400672 0.2469917329 0.2132134308 0.2567530342 0.2270736671 0.2469922807 0.2126617682 0.1947559537 0.2036518840 0.2178961873 0.2328675579 0.2306438528 0.1835556022 0.2381219052 0.1829370960 0.1988081249 0.1712983683 0.1801316573 0.2403059653 0.2397248142 0.2712982638 0.4151589435 0.5387135565 0.7442583415 0.9073060728 0.8807249020 0.8334010587 0.7655395964 0.5703302397 0.4295206942 0.2732104865 0.2478250358 0.2603087666 0.2232385440 0.2234418095 0.1884572079 0.2414600435 0.2476328319 0.2080909249 0.1674883018 0.2065294855 0.1866789256 0.2004462223 0.2009831549 0.2108347137 0.2522387257 0.2090506215 0.1648796834 0.1920463376 0.1937996692 0.1549089175 0.1753558099 0.2972576213 0.2563628604 0.1944727016 0.2470648122 0.3510568797 0.3675775929 0.5723529840 0.6504009751 0.9184576429 0.9398816503 0.8462429923 0.7596815233 0.5679122782 0.4288979054 0.3578839683 0.2917128458 0.2835524455 0.2001137991 0.1551456964 0.2100771515 0.1969324075 0.1604795913 0.2275908033 0.1804388849 0.2186588259 0.2156376067 0.2346879286 0.1967388705 0.2167858911 0.2096230084 0.2257223641 0.2215391071 0.1856740284 0.1925401484 0.2321309571 0.2290193701 0.2003075912 0.2997334834 0.2563209330 0.2961144119 0.2926887581 0.4830352509 0.5686147502 0.7358067339 0.8506477926 0.9438766559 0.9073352137 0.7527970666 0.5531383769 0.4186395625 0.3319696094 0.2455203507 0.2498069515 0.2242452287 0.1609318584 0.2048871174 0.1700170054 0.2371322365 0.2820504446 0.2198667828 0.2120465581 0.2446824133 0.2830296975 0.2091757170 0.1910039571 0.2174376544 0.2281651744 0.2270575755 0.2162359460 0.2080184422 0.2291996294 0.2273030722 0.2463503865 0.2660738631 0.2331205210 0.2342223109 0.3198773645 0.4170029490 0.5831345231 0.6821670498 0.8982526120 1.0000000000
0.1905658586 0.2433903479 0.2071621702 0.1918969700 0.2297344100 0.2309141751 0.2533372883 0.4106782538 0.5010665948 0.7334008381 0.8083761806 0.9113121992 0.8674627404 0.7332685695 0.5847956556 0.4237435788 0.3301538588 0.2665483185 0.2203247599 0.2373877955 0.1710425494 0.1981311799 0.1762125058 0.1868339533 0.2249608141 0.2051722921 0.1807634842 0.2313420140 0.1853541549 0.2236413438 0.2609950073 0.2220028135 0.2209514601 0.1958615121 0.2134467599 0.1998083556 0.1824445162 0.2222575210 0.2257104521 0.2551561571 0.2044811417 0.2457372354 0.3175725106 0.4299412746 0.5629109363 0.7386611784 0.8077200071 0.9248137552 0.8778483522 0.7588779749 0.6154243841 0.4754192411 0.2850178363 0.2476442314 0.2066767534 0.2517222644 0.2082734985 0.2403289754 0.2001908849 0.2029952904 0.2060581061 0.2125051861 0.1926857849 0.2319336189 0.2616852704 0.1849818555 0.1955700900 0.1975164839 0.1798681877 0.2521907047 0.2271888587 0.2464111405 0.2502853921 0.1923202886 0.2135703447 0.2399850136 0.2889131940 0.2841923076 0.3130041742 0.3844080889 0.5413065683 0.7150949276 0.8554038100 0.9320524318 0.9064587854 0.7870049991 0.5417487469 0.4527069025 0.2986156404 0.2272005000 0.2797072537 0.2206873162 0.2408281084 0.2592331198 0.1553256988 0.2418896534 0.2258656182 0.2465581510 0.2259356540 0.2949472097 0.2136952689 0.2347192630 0.2156131487 0.2520512436 0.2272157803 0.2249048495 0.2400987380 0.1842088148 0.2404566764 0.2067658827 0.2077403685 0.2061863656 0.2874270099 0.2702766037 0.3016540796 0.3947440962 0.5409677203 0.6844852119 0.8950369227 0.9566892367 0.8917260766 0.7928969455 0.6230543562 0.4204400626 0.3365749871 0.2267103907 0.2269445205 0.2295515854 0.2328319159 0.2431539157 0.2509047644 0.2000981549 0.2308592878 0.2355842422 0.2176759465 0.1764797046 0.1608385814 0.2431890173 0.2462847440 0.2524081004 0.2637216739 0.2408260458 0.2166612045 0.2195334467 0.2182849651 0.2402877538 0.2374111173 0.2380476744 0.2404115897 0.2607185366 0.3453458596 0.4312992081 0.5641043523 0.7346735952 0.9065296887 0.9533242839 0.8695417883 0.7396918948 0.6240874978 0.4463926196 0.3282745688 0.2713252776 0.2581650086 0.2159769665 0.2170245572 0.1822967653 0.2302292219 0.2660490192 0.2258043259 0.2093065149 0.2293159408 0.1933435043 0.1975598921 0.2394249176 0.2134729764 0.2590972421 0.2319449240 0.1942714937 0.2061557200 0.2103044651 0.2373593929 0.1701719013 0.2789602107 0.2145618167 0.2282666441 0.2658967330 0.3351164249 0.3884354483 0.5353384610 0.7956126825 0.8812762356 0.9913886040
0.2136154685 0.1676986627 0.2054722180 0.1898991119 0.2222615402 0.2084847108 0.2706355284 0.3268844428 0.6005970422 0.7203156855 0.8421243021 0.8787225518 0.8954751694 0.8046937509 0.6031442559 0.4557675460 0.3626931793 0.3182719769 0.1991381314 0.2219888925 0.2628069643 0.2322573671 0.2300974798 0.1943889488 0.1804827805 0.2023192278 0.1864632091 0.1622833404 0.2263470946 0.2228924589 0.2098279667 0.2463352642 0.1854913619 0.2494151995 0.2207472265 0.2155010798 0.1679336898 0.1698367217 0.2325260807 0.2099246837 0.1987676669 0.2382443033 0.3041694349 0.4298640126 0.5221239473 0.7146230441 0.8743332089 0.9145575927 0.9104064094 0.7966583840 0.5631288821 0.4851142061 0.3374732275 0.2595622831 0.2571273688 0.2480178678 0.2424920990 0.2241417837 0.2403996400 0.2014963408 0.2509035730 0.2425738917 0.2485363135 0.2432266136 0.2467557845 0.2235127918 0.2084258807 0.1939685761 0.2258463173 0.1928023435 0.2315543167 0.2212938139 0.1887548044 0.2618936091 0.2563629250 0.2087164519 0.2457999133 0.1980641849 0.2601621429 0.4147629083 0.5355391368 0.7232030958 0.8933756895 0.9010148383 0.9305935992 0.8008845138 0.6173812333 0.4113375906 0.3598608463 0.3108106523 0.2040400329 0.2246665171 0.2388865417 0.2217136394 0.2003955423 0.2222835625 0.2293967318 0.2363581298 0.2777760427 0.3198006119 0.2397641682 0.2436397876 0.2464907671 0.2299286838 0.1990572266 0.2472578442 0.2358120545 0.2059520132 0.2238888461 0.2017838631 0.2316631977 0.2251509707 0.2380594146 0.2094612738 0.2604732706 0.4044504707 0.5891667603 0.7404440556 0.8186695370 0.9072048534 0.8899511434 0.8327676992 0.6765891339 0.4906836838 0.3601814233 0.2291018925 0.2463231842 0.1829547122 0.2481340699 0.1792961808 0.2185627379 0.1911314004 0.2699653671 0.2391617569 0.2417966457 0.2259279051 0.2267350416 0.2660251123 0.2486519179 0.2036814215 0.1748858795 0.2190847525 0.2255278942 0.2575338974 0.2327775449 0.2520421096 0.1919423520 0.2133098021 0.2805875661 0.2436575685 0.2811159433 0.4033633102 0.5530313866 0.7341864457 0.8687641534 0.9843150455 0.9174138041 0.8228977403 0.5905715640 0.4562545966 0.3835017834 0.3073312163 0.3076930167 0.2596075089 0.2138350196 0.2353864676 0.3054204156 0.2119944149 0.2855366382 0.2034356382 0.2285864186 0.2151327713 0.2165233664 0.2883472179 0.2419316038 0.2319544681 0.2128300717 0.2474040408 0.2600457254 0.2455947509 0.2362933230 0.2179176039 0.2281022525 0.2651028004 0.2706888427 0.2301930348 0.3254920800 0.3938015867 0.5476830713 0.7507445219 0.9366768478 1.0000000000
0.2339190727 0.2154932672 0.2133431988 0.2515360113 0.1781187467 0.2179484411 0.3143075011 0.4190781614 0.4953454571 0.6889166993 0.8087357986 0.9684753092 0.9104789726 0.7430693727 0.6282110438 0.4390306884 0.3340680984 0.2520792109 0.2012369145 0.2334914568 0.2378029732 0.2470202424 0.2663874024 0.1969816905 0.1950094104 0.1887074252 0.2170644947 0.1815968892 0.2232193554 0.2256944258 0.2331345146 0.2209998269 0.2259427173 0.1732980245 0.1816481062 0.2428885291 0.1789785383 0.2270725230 0.2303474036 0.2664697810 0.2525909484 0.2593139196 0.2684483626 0.4112819781 0.5683944684 0.6964249005 0.8279579547 0.9156841522 0.9315681243 0.8091915968 0.6458706925 0.4636000327 0.3285147162 0.2902409723 0.1646994433 0.2368511723 0.1979844187 0.2594134846 0.2019148535 0.1822902755 0.2103076219 0.2153695471 0.2205706799 0.2509121129 0.2379284075 0.2736597963 0.1698984336 0.2521849366 0.1969346421 0.2515332921 0.2416082883 0.2543232003 0.2452183731 0.2292807883 0.2329824862 0.2538866163 0.2171337505 0.2153935672 0.3102223567 0.3683910003 0.5196434312 0.7077074860 0.8241263599 0.9172165457 0.8932222320 0.8218095864 0.6717347780 0.4748976012 0.3426983057 0.3205493262 0.2290207982 0.2059479472 0.2494510241 0.2090013784 0.2199441628 0.2082039660 0.2276403352 0.1946626893 0.1939139499 0.2358357910 0.2095422189 0.1638646756 0.2270598156 0.2014992730 0.2229016306 0.2052361352 0.1956512472 0.2194004579 0.2363554497 0.2362688882 0.2182529722 0.1972954234 0.2209005526 0.2688279033 0.2826291122 0.4034593977 0.5468465761 0.7433136297 0.8444981468 0.9366815086 0.8898581266 0.8066943439 0.6855236334 0.4931008214 0.3643663684 0.2895012459 0.2593675832 0.2349864595 0.2898661572 0.2647420318 0.1954257654 0.1923854653 0.2191751532 0.2702532777 0.2534546806 0.2348874811 0.2384480025 0.1526239316 0.2390363728 0.2134427134 0.2918070780 0.2461880297 0.1917298106 0.2724107015 0.2203575586 0.2523645856 0.2452278242 0.2535635414 0.2874777790 0.2749233776 0.2443323145 0.4150707490 0.5180517799 0.7169777953 0.8798474122 0.9491569891 0.9057521949 0.8341237015 0.6167106879 0.5043116655 0.4185506236 0.2530877359 0.2898994839 0.2631799911 0.2723146875 0.2274162018 0.2523360699 0.3070427077 0.2081279574 0.2657663983 0.2669925330 0.2611954120 0.2381211566 0.2652443399 0.2697103418 0.1865839915 0.2005238671 0.1808791282 0.2224620914 0.2445149571 0.2514806516 0.2499401870 0.2151295721 0.2780098175 0.2604779799 0.2786775331 0.3407327967 0.4325316616 0.5181836709 0.6499353545 0.8699763217 1.0000000000
0.1837254954 0.1605325187 0.1997742431 0.2439742225 0.2414978650 0.2785056450 0.2747154632 0.3798124323 0.4897871562 0.6673973080 0.7992240118 0.8959612416 0.9352043486 0.8553667112 0.6989639900 0.5340806794 0.3951828899 0.3066367864 0.2450292518 0.2418718552 0.1873938869 0.2024707693 0.2375788133 0.2114156867 0.2374168122 0.2214107767 0.2281948471 0.2207493538 0.1827276545 0.2092049422 0.2185041388 0.1834600252 0.2200561263 0.2446216580 0.2308729524 0.2427002341 0.2187655150 0.2634818004 0.2459585176 0.2168629733 0.2417633860 0.2860563504 0.2622064875 0.4096382529 0.5187828782 0.7084489592 0.7918368521 0.9343665689 0.9187066678 0.7696998815 0.6451033031 0.5245861625 0.3869545895 0.2878540818 0.2331397041 0.2251644322 0.2121020226 0.2252253287 0.2229084281 0.2106237542 0.2191428901 0.2277727343 0.2008229543 0.2298129598 0.2273411320 0.2796154351 0.2159364655 0.2589883562 0.2289441369 0.2292686193 0.1905803957 0.1875692097 0.2446503920 0.1982195336 0.2274397450 0.2060252190 0.2370657464 0.2700492711 0.3427263085 0.3969508395 0.4919795324 0.7162808698 0.8273536379 0.9290007510 0.9576876589 0.8439477670 0.6337692812 0.4838688751 0.3347724276 0.3032100452 0.2450478097 0.2200343934 0.2970655515 0.2015294323 0.2217868473 0.1739642157 0.2313987744 0.2040097368 0.2031718861 0.2914246215 0.2261348517 0.1968977326 0.2347403543 0.2030352703 0.2690160466 0.2241360018 0.2497613477 0.2544008534 0.2431069286 0.1793284583 0.2344572200 0.1989442437 0.2014002697 0.2571466581 0.2978601336 0.4122375310 0.4540027241 0.6818339030 0.8347018923 0.9686079015 0.9242872252 0.8412967680 0.6923455863 0.4876828919 0.3992458644 0.3215675191 0.2857581820 0.2569725192 0.2271163241 0.2487249772 0.2313647211 0.2160147691 0.2606534444 0.1966721856 0.2237635746 0.2050499735 0.2419212097 0.2524179991 0.2225680835 0.2308027422 0.2436864326 0.2434199012 0.2711584770 0.2152122720 0.2434978714 0.2142515706 0.2563709581 0.2424477809 0.2570385901 0.2695477675 0.3240268025 0.3863964066 0.4837320138 0.6843765007 0.8278934841 0.9217909783 0.9151551132 0.8512205768 0.6778531044 0.4778263920 0.3954460101 0.3135480181 0.2537861916 0.2645207988 0.2261151630 0.2642284849 0.2336019214 0.2397265844 0.2479341328 0.2394443360 0.2610792795 0.2537968708 0.2324895381 0.2330460484 0.1993449385 0.2309342517 0.2763813251 0.2184442934 0.2501240358 0.2299062449 0.2705815680 0.2170832571 0.2418655953 0.2258210054 0.2423150224 0.3017894969 0.2847476059 0.3982444618 0.5516774808 0.6860324736 0.8194939472 0.9794260833
0.2038241912 0.1886888443 0.1547493903 0.1656979181 0.1786072970 0.1713762743 0.2670775347 0.3612140308 0.4740845212 0.6279208431 0.8408300499 0.8695835434 0.9291618066 0.8255099672 0.7240888143 0.4956617157 0.3347652948 0.2787952932 0.2671380418 0.2574588221 0.2377012338 0.2168065704 0.2329092636 0.2553537810 0.2251367160 0.2015898269 0.2057718972 0.2286250595 0.2471509710 0.2138384667 0.2155513547 0.1645989241 0.2658803443 0.2051836123 0.1604373480 0.2181043107 0.2387592900 0.1269077163 0.2244701481 0.2115971391 0.2209442548 0.1828830637 0.2755411096 0.3912789182 0.4552642375 0.7254093175 0.7992519729 0.9118746103 0.9783456836 0.8226888364 0.6213323793 0.5186306389 0.4027597774 0.2735731825 0.2673610910 0.2305923550 0.2073427634 0.2243808982 0.2271796486 0.2084839251 0.2531224207 0.1681561727 0.1827365515 0.2613930771 0.2661304753 0.2180615125 0.2325577638 0.2401875631 0.2069067890 0.2537654907 0.1798670803 0.1793038447 0.2396077347 0.2299349478 0.2132270533 0.2468363011 0.1905109669 0.2253129838 0.3151093123 0.3465150814 0.4979890421 0.6487614272 0.8474440371 0.9233376041 0.9261385390 0.8400380756 0.6410908094 0.5728589902 0.3954600313 0.2941933624 0.2634368833 0.2154622362 0.2327239437 0.2022785744 0.2007983551 0.2312633637 0.2827014210 0.2575880921 0.2316107296 0.2724849328 0.1970462192 0.2100726822 0.2048628386 0.2225333869 0.2050253199 0.2494666227 0.2092775923 0.2248532849 0.2000342834 0.2587082920 0.2688201425 0.2016789687 0.2566271727 0.2574378004 0.2890942311 0.3737103308 0.5204291467 0.6378250432 0.8368751986 0.9457647578 0.9222489822 0.8933864470 0.7064035197 0.5245833697 0.3595075629 0.2783982884 0.2437607581 0.2405934658 0.2297830862 0.2492553987 0.1717603107 0.2615302039 0.2364333347 0.2033086036 0.2456898397 0.2562167223 0.1879485008 0.2437075271 0.2404850319 0.2093361243 0.2658658312 0.2210726985 0.1985840127 0.2386809514 0.2549130542 0.2341331163 0.2265664067 0.2045949103 0.2699032703 0.2370822114 0.2439677255 0.3669900769 0.4896639895 0.6639018778 0.8863891444 0.8571575416 0.8957677053 0.8551379313 0.6276197284 0.5340918566 0.3782778710 0.2976619872 0.2700374844 0.2510234008 0.2227067748 0.2574772336 0.2593437315 0.2542313339 0.2787542352 0.2451620307 0.2569533054 0.2258711139 0.2326081247 0.2401593553 0.1902113038 0.2522769763 0.2159511222 0.2036947769 0.2246878584 0.2636887713 0.2847379535 0.2482356700 0.2223106609 0.2313641592 0.2137032732 0.2539980785 0.3026789728 0.3687739194 0.4871300683 0.6925125068 0.8101295453 0.9319334487
0.2228677036 0.2092107030 0.1908558629 0.2198918949 0.2565262570 0.2035448857 0.2487280485 0.3195916439 0.4643058809 0.6449163790 0.7745283033 0.8619919975 0.9164149126 0.8560985424 0.6703049995 0.5158280096 0.3627621808 0.3316191588 0.2217828845 0.2500103875 0.2458812406 0.1710747982 0.2475031745 0.2402775758 0.1823278574 0.1885563784 0.2429687912 0.2179078122 0.2195256292 0.2492328655 0.2530282023 0.2120016758 0.1891703633 0.1737176632 0.2194935041 0.2364607578 0.2253933595 0.2361486127 0.1894868405 0.2605718012 0.2732312478 0.1821093039 0.2215443327 0.3381637804 0.4532878239 0.6411274026 0.8106337665 0.9258222593 0.9435250996 0.8836719864 0.6715223429 0.5453283098 0.4221160586 0.2488285626 0.2364208131 0.2513918209 0.2076052600 0.2028120197 0.2184771505 0.1689140700 0.1740057910 0.2345228345 0.1789577951 0.2154545864 0.2258507992 0.1896679757 0.2140373906 0.1590156372 0.2471804606 0.2433959660 0.1810606628 0.1882173476 0.2698189170 0.2095839363 0.1899068452 0.2512218603 0.2137151768 0.2156947801 0.2996709117 0.4285896410 0.5148537043 0.6269397022 0.7957774892 0.9109737299 0.9233831356 0.8702521141 0.7518092841 0.5354685119 0.3821573386 0.2891271630 0.2740018941 0.2592467816 0.2093896854 0.2412610232 0.1942544091 0.2115982153 0.1851177687 0.2095859035 0.2032162275 0.2010748083 0.2363590879 0.2456041895 0.2211878990 0.1621909772 0.1876810713 0.2161901930 0.1977506716 0.2532288765 0.2471166194 0.2236306222 0.2164415338 0.2231114963 0.2479452135 0.2264544943 0.2883533424 0.3561997521 0.5232807550 0.6714103100 0.7987668102 0.8933786272 0.9516596871 0.8431752237 0.7117947522 0.5427444372 0.4233815531 0.2984975596 0.2832933982 0.2505104724 0.2538423975 0.2356664457 0.2709456848 0.2262002239 0.2378251062 0.1972531632 0.2148489075 0.2104281317 0.2801882894 0.2394370119 0.2113580271 0.2396144964 0.2351324707 0.2310394253 0.1819776525 0.2304024123 0.2334396245 0.2022080006 0.2097182875 0.2392141133 0.2032244320 0.2548625335 0.2896531021 0.3618394229 0.4863465589 0.6325017178 0.8171122116 0.9345268204 0.8727659887 0.8510520938 0.6709948818 0.5165333479 0.4452731013 0.3262413660 0.2360904196 0.2780695072 0.1944505245 0.2142098683 0.2565683781 0.2154898739 0.2660102897 0.1923759524 0.2076957636 0.2246654886 0.2478176363 0.2440812082 0.1766539950 0.2580076244 0.2130106620 0.2282357434 0.2238344594 0.2265744667 0.1718971133 0.2539953629 0.2612238679 0.2354928906 0.2559250517 0.2584780554 0.3031481392 0.3589118468 0.4458185056 0.6763734572 0.8582339227 0.9393436666
0.2407225267 0.2469850385 0.1770254728 0.1994383920 0.1978115533 0.1781351534 0.2986077451 0.3432485180 0.4780118359 0.5787018448 0.7827485894 0.9032696962 0.8854967211 0.8636501476 0.7313887875 0.5486529010 0.3679499110 0.2940912235 0.2580554083 0.2485200620 0.1912092515 0.1993666663 0.2221199504 0.2486509704 0.2449996953 0.2449809098 0.2035862610 0.2428256636 0.2117820141 0.1895335726 0.2032126963 0.2061745472 0.2116557615 0.2254204628 0.2038130775 0.1997044423 0.1683938867 0.2183465479 0.2086024788 0.2657629402 0.2087795578 0.2911492208 0.2953082157 0.3535712096 0.4141251218 0.6072081443 0.7741436437 0.8529347886 0.9221209582 0.8422925789 0.7199153742 0.5134220954 0.3870008629 0.2846094766 0.2510289322 0.1785658176 0.2293983140 0.1650653999 0.2037217084 0.1804905277 0.2215024826 0.1954578619 0.2161498403 0.2111472929 0.1628597626 0.1634682969 0.1903942936 0.1952258587 0.2140271110 0.1576230799 0.2869439401 0.1895166378 0.2206733346 0.1909810731 0.2636086415 0.1812128930 0.2280951753 0.2175946080 0.2320309568 0.3473446829 0.4632580180 0.5965577461 0.7948951707 0.9162975076 0.9357610449 0.8595425554 0.6677068439 0.5383265811 0.4157315169 0.2932049443 0.2295229100 0.2286906703 0.1935331431 0.1843143095 0.2549736341 0.2185578283 0.2172561100 0.2316462829 0.2300078616 0.2036586181 0.2723418824 0.2616756365 0.2303849004 0.2573974254 0.2449701887 0.1987913397 0.2403981078 0.2177925795 0.1903803525 0.2683647469 0.2241081945 0.2052883648 0.1904132725 0.2210332473 0.2774849567 0.3343429311 0.4591845194 0.5851321480 0.8386546745 0.8757254406 0.9451683493 0.8309750181 0.6769336257 0.5778337688 0.3952445128 0.3656389707 0.2465071201 0.2186579194 0.1847363255 0.2259973778 0.1982522593 0.2209338989 0.1749268925 0.1801419071 0.2333895588 0.1906947086 0.1868501823 0.1517882612 0.2327897280 0.2594681202 0.2798083730 0.1741116640 0.2487734384 0.2079438436 0.1679833833 0.1945377808 0.2121973287 0.2441756520 0.2359462638 0.2454518800 0.2763018782 0.3826678492 0.4682994883 0.6253552476 0.7964801973 0.8834949871 0.9503429029 0.8746214097 0.7131149579 0.5884926334 0.3920703055 0.2712773803 0.2581910643 0.2919821505 0.2117108172 0.2248947597 0.2497541373 0.2397674572 0.2089347684 0.2181796924 0.2609299228 0.2469478514 0.2484459055 0.2181510223 0.2563193461 0.2224832059 0.2305352481 0.2093168833 0.2182427441 0.1944988897 0.2497417965 0.2383834973 0.2483351046 0.2712558611 0.2286054101 0.2411093046 0.2652768510 0.3170979795 0.4466869261 0.6531673687 0.8247247486 0.9905836302
0.2177331237 0.2049037196 0.1867856858 0.1712650557 0.1983804050 0.1969967940 0.2852535113 0.2957458053 0.4375558794 0.5550031569 0.7305580455 0.8700640157 0.9419220409 0.8229064675 0.7060436394 0.5542197967 0.4751592269 0.3061723254 0.2745180243 0.2323038724 0.1730359397 0.2256763778 0.2020110344 0.1660094134 0.2102438511 0.2123985264 0.1720742170 0.1914591114 0.2290277630 0.1894672827 0.1917415078 0.2220214682 0.1885265682 0.1933611016 0.2164588670 0.1924964550 0.1976196149 0.2399927812 0.1878515943 0.2207620450 0.1697179308 0.2380062107 0.2107479033 0.2637664420 0.4313741686 0.5705248071 0.7316951189 0.8889323861 0.8735484018 0.8321960854 0.6837007613 0.5251825386 0.3831376807 0.3075321114 0.2740294077 0.2413537961 0.2573661569 0.1637896618 0.1831855047 0.2192047110 0.1824369193 0.1307511155 0.2119732809 0.2327643446 0.1884061005 0.2295640444 0.1716155391 0.1894571468 0.2107369298 0.2387298785 0.2106286709 0.1980103016 0.1809942326 0.1738312539 0.1899225847 0.2566062011 0.1879414599 0.1951256168 0.2603833664 0.3150581510 0.4044265823 0.5424592790 0.7710343795 0.8608142658 0.9445115213 0.8527191043 0.7275231290 0.5479643472 0.3886934061 0.2733479070 0.2602402169 0.2055177776 0.1948675049 0.1988957291 0.2187565081 0.2082544877 0.1724003747 0.2279495983 0.2402334764 0.1969062290 0.2010670512 0.2287394619 0.1864681253 0.2295064766 0.1608183271 0.2251607777 0.2045558643 0.1907041106 0.2605798512 0.2535955367 0.1798986731 0.1949285126 0.2204001037 0.2744976381 0.2020607945 0.2845299749 0.4574007307 0.6355023631 0.7215326686 0.8904272774 0.9377739811 0.8362268285 0.7468020621 0.5500308394 0.4155075698 0.2862095170 0.2955628061 0.2115078497 0.2007201211 0.1788348649 0.1878447819 0.2098627673 0.1925093373 0.2179146073 0.2397442290 0.1958943474 0.2405071279 0.1757298484 0.2185705346 0.2141786774 0.2576367738 0.2366136555 0.1994912228 0.2720022786 0.2324240582 0.2524296608 0.1950442314 0.1608354266 0.1983066663 0.2510531246 0.3429892800 0.3243853935 0.4472886194 0.5674528131 0.7609958389 0.9059929211 0.9362247718 0.9276935067 0.7179154639 0.5201736760 0.4521466478 0.3041167505 0.2569054276 0.2313149206 0.2407868218 0.2407218217 0.2261024339 0.2052471256 0.2229649989 0.2431468255 0.1878433392 0.1819701287 0.2025063135 0.2046701755 0.2661591160 0.1880005466 0.2158598621 0.2121278762 0.2468984193 0.2729809656 0.2727989789 0.2087345324 0.2049727142 0.2209266930 0.2539240140 0.2340979407 0.2757840241 0.3613604124 0.4225155478 0.6046671833 0.7684354077 0.8894711001
0.1560977373 0.2106990409 0.1651374246 0.1502680550 0.1871044939 0.2063391857 0.2517540161 0.2878774368 0.3691635377 0.5229178468 0.7081667076 0.8438754477 0.8870366027 0.8240782950 0.7253915697 0.5652369567 0.3744924250 0.3016029894 0.3004034819 0.2179522578 0.2395014996 0.2079376830 0.1394151690 0.1909939447 0.2319639392 0.1951258663 0.2192432647 0.2122308820 0.2226797336 0.2130625096 0.2088886797 0.1620160178 0.1962913463 0.2049444518 0.1829983968 0.2226997803 0.1771235579 0.1810508610 0.2093845055 0.2210833534 0.1888788188 0.1913685495 0.2633091592 0.3032825690 0.4022873870 0.5515195806 0.7283337437 0.8630057642 0.8854601311 0.9045774900 0.6953107364 0.5839776227 0.4324388551 0.3114276519 0.2558706354 0.1855192874 0.2301709767 0.1273094618 0.2284606865 0.1636863016 0.1899678775 0.1360788659 0.1753323137 0.2676319745 0.1954045231 0.1582983696 0.2387349332 0.2067836372 0.1264535403 0.1950344188 0.1594551081 0.1679649125 0.1772577777 0.1579938488 0.2491571831 0.2082687664 0.1834157589 0.2394995855 0.2551730880 0.2703524146 0.4027864253 0.5656574756 0.7409072159 0.8816540939 0.9040152010 0.8874786120 0.7090151511 0.4770350009 0.3178880448 0.2962991032 0.2447576676 0.2247519831 0.2295686699 0.1836200281 0.1400407505 0.1703324746 0.2302993292 0.2506887885 0.2179098525 0.1951835333 0.1868729695 0.1881115486 0.1691437005 0.2030270257 0.1938124518 0.2048579268 0.1656846439 0.2148432254 0.1395306346 0.2178646710 0.2342268142 0.2174668505 0.2238496204 0.2347607790 0.2553217102 0.3183411010 0.4010851682 0.5537454147 0.7443375347 0.8719245641 0.9502592671 0.8518087201 0.7681509893 0.5698937854 0.3706377735 0.3021426670 0.2471953704 0.1573203725 0.1761367617 0.2260366326 0.2129986410 0.2668863110 0.1617114743 0.2274175900 0.2060639249 0.1925294580 0.2362943076 0.2055713760 0.2036674909 0.2077455370 0.2692803660 0.1941741822 0.2269788349 0.2608466229 0.2552309542 0.1860585794 0.1481218668 0.1915700306 0.2442301055 0.1944316983 0.3089116775 0.3313104381 0.3563655993 0.6054909233 0.7072486748 0.8878582629 0.9220066683 0.8633238440 0.7394560358 0.5866293806 0.3920820119 0.2930760025 0.2711505309 0.2188851039 0.2622903124 0.2207948264 0.2504328929 0.1941461260 0.2385406663 0.2284694641 0.1836281076 0.2101373473 0.1713375512 0.2081107354 0.2160456405 0.2096797884 0.1948011532 0.2536908732 0.2181924679 0.1830753689 0.1585176225 0.1982886580 0.2216093379 0.2053777763 0.2076057380 0.2031700143 0.2863576151 0.3153770111 0.3977252475 0.5637148252 0.6637718485 0.8460650099
0.1805697413 0.2300756240 0.1574155460 0.1679054220 0.1822199339 0.1970668714 0.2139473152 0.2706718609 0.3688472683 0.4981059058 0.6890356587 0.8411511251 0.9135563112 0.8593349558 0.6997922720 0.5652797227 0.4154393249 0.2789209168 0.2134328369 0.1963657750 0.1798032096 0.2263110809 0.2401689587 0.2149052013 0.1648861909 0.2051323692 0.1888505794 0.1831343690 0.2275577880 0.2011506467 0.1498596961 0.1768000667 0.2094859310 0.1560860400 0.1820940717 0.2688669078 0.2193198888 0.1763301502 0.1528936210 0.2096444171 0.1726035548 0.2080892892 0.2463746221 0.2499809952 0.3813051231 0.4820851140 0.7198911567 0.7949547525 0.9186480006 0.8466449262 0.7226104778 0.5073368057 0.3821569669 0.3011226569 0.2768555827 0.1882650925 0.1600943441 0.1449534592 0.2212344446 0.1752051058 0.1705435595 0.2082124019 0.1649744568 0.1871635078 0.1948829912 0.2054425740 0.1246408684 0.1508804737 0.1905368356 0.2136342558 0.1776917472 0.1838936610 0.1658914588 0.1968168548 0.1716672472 0.1513154158 0.1556699550 0.1646655958 0.2300558131 0.2945087075 0.4049372231 0.5464056187 0.6986022913 0.8405852156 0.8783191783 0.8970939068 0.7523120943 0.5750185074 0.4381319463 0.2807606317 0.2881275617 0.2004534466 0.1969822275 0.1858194381 0.2157277208 0.1769788610 0.2095252804 0.1709981251 0.1967089446 0.1459605373 0.1882661539 0.2099069696 0.1792106751 0.1815168779 0.1567182247 0.1804322884 0.1714414462 0.2475864847 0.1978227059 0.1974784124 0.2287557016 0.1933629989 0.2563607638 0.2261942456 0.2219372966 0.3249741493 0.3666721784 0.5284021885 0.7074687228 0.8690661513 0.9595151014 0.8849188326 0.7230964561 0.5843022805 0.3811966020 0.2906192399 0.2434421488 0.1926002801 0.1871199083 0.1465711560 0.1616079963 0.2099296330 0.1971800585 0.2558420313 0.1586210622 0.1720740145 0.1720446792 0.2221179194 0.1926516480 0.1940567632 0.1639680566 0.1538733928 0.2620801520 0.1653736267 0.1506968532 0.2193529814 0.1789831547 0.1889975581 0.2158184560 0.1749330595 0.2215037316 0.3273129436 0.4071970587 0.5511838238 0.7497343579 0.8187879488 0.9414859239 0.8540294643 0.7688729187 0.5871813672 0.3568958539 0.2958625632 0.2552402580 0.2076402463 0.1897676316 0.2200267643 0.2288988678 0.2021529626 0.1986765501 0.1540805503 0.2211637676 0.1930576583 0.1332868406 0.2362129304 0.2869928800 0.2085884562 0.2116163488 0.1801340133 0.1490530879 0.1941994262 0.2141344925 0.1921925647 0.2521645764 0.2020478197 0.2253109979 0.2131567289 0.2460911231 0.2731390036 0.3686806987 0.5375953223 0.7275950748 0.8494215200
0.1561583639 0.1821748288 0.2026924804 0.1528595889 0.1710096424 0.1731845318 0.2325885958 0.2016897564 0.3355657686 0.5329136132 0.7254263990 0.8366473535 0.9045569584 0.8274902088 0.7163689670 0.6052748044 0.4207521341 0.3018482311 0.2226337572 0.1954738946 0.1716287763 0.1943004508 0.1854963306 0.1907745980 0.2012824169 0.1692844379 0.2211315265 0.1999348146 0.2259792427 0.1249642433 0.2229956947 0.2082247356 0.2034712787 0.1612485605 0.1028255717 0.1736806804 0.1907588537 0.1932636255 0.2584020522 0.1578550986 0.2188447832 0.1522796928 0.2137558051 0.2844208397 0.3990230353 0.4803296630 0.6699909841 0.7757463294 0.9593304427 0.8844422137 0.7339707898 0.5754676482 0.4577773990 0.3059260968 0.2074962721 0.1786231788 0.2012758285 0.1677038241 0.1807117546 0.1651471480 0.1443948354 0.1485551175 0.1130433447 0.1647032444 0.1662664874 0.1637302416 0.1849894055 0.2104407672 0.1136151313 0.1762925146 0.1892353300 0.1320041080 0.1753769012 0.1905225444 0.1652271897 0.2009810875 0.1786744147 0.1766307728 0.2345860721 0.2951899696 0.4072523419 0.4802598563 0.6960818678 0.8542413540 0.8691621407 0.9087940491 0.7721293680 0.5473764524 0.4186082593 0.2959688155 0.2256880404 0.2254618735 0.1541477649 0.2234303625 0.2200571381 0.2031081759 0.1648875334 0.1924460704 0.1514862017 0.1396052266 0.1763357817 0.2303602421 0.2133930734 0.1319844371 0.2278240227 0.2191765328 0.1776673233 0.2137232536 0.2024999856 0.1818715278 0.1508725825 0.1453997412 0.1606989373 0.2419959692 0.2550625901 0.2995643272 0.3978702116 0.5126307240 0.6837436011 0.7800016905 0.9325585335 0.9251856547 0.7647958337 0.5635420859 0.4187048389 0.3141415621 0.2597578487 0.1878097091 0.2021727408 0.1695211230 0.2245885297 0.2029919811 0.1782237250 0.1345159963 0.1439340884 0.1790598515 0.2207373704 0.1726045768 0.1886232508 0.2435387586 0.2235141840 0.1733999055 0.2223648280 0.2003785544 0.1785046618 0.1659725251 0.2454746098 0.2015518588 0.2072569201 0.2017065972 0.2107658175 0.2562841146 0.3677663799 0.5242994641 0.6764538211 0.7924916839 0.9172860543 0.8660152430 0.7782701525 0.6277425368 0.4473773771 0.3329057629 0.2539262530 0.2101556689 0.2463616701 0.2061505147 0.1927191176 0.2111938856 0.1271608576 0.1923202870 0.2090545030 0.1534980076 0.1897275746 0.1637555233 0.2422424747 0.1969369414 0.1530559294 0.2618402780 0.1649934286 0.2393069243 0.2112217236 0.2173256844 0.1834826069 0.2186419979 0.2063123333 0.2291491465 0.2003208177 0.2931813025 0.3585729392 0.5113960855 0.6891287024 0.8570388808
0.1693629475 0.1518148939 0.1882436042 0.1297189475 0.1824014087 0.1766573116 0.2177916751 0.2799823295 0.3773961026 0.5031950706 0.6406655433 0.8179306946 0.8513658440 0.8559790854 0.7277671597 0.5727393365 0.3643873028 0.3063809089 0.2419990892 0.1951192592 0.1759592460 0.2054954691 0.2190497398 0.1842744250 0.1633217326 0.1244926515 0.1482340480 0.1621728210 0.1836647901 0.2112749394 0.1309481903 0.1274103760 0.1432690376 0.1820690719 0.1788372448 0.1808525905 0.1867439174 0.1754328459 0.1861821626 0.1057566632 0.2008892081 0.2165536385 0.1811764844 0.2378023732 0.3078760509 0.4920895058 0.6239321532 0.7948125629 0.8547419210 0.9432656758 0.7920796009 0.6029737874 0.4254814124 0.3239623809 0.2912145296 0.1425955347 0.1827190240 0.1599107422 0.1606421608 0.1851359407 0.1523440050 0.1746992899 0.1183535994 0.1228330640 0.1859387096 0.2138126130 0.1851355856 0.1640575077 0.2074914772 0.1498559360 0.2194554120 0.1838770116 0.1545568410 0.1610422593 0.1944220144 0.2018325553 0.1662061656 0.1376931612 0.2172848320 0.2592978004 0.3050661552 0.4991675268 0.6777408842 0.7892052467 0.8711314954 0.8310158645 0.7897273371 0.5466852830 0.4522913948 0.2982902927 0.2166464705 0.2084644544 0.1688546859 0.1630520015 0.1458609442 0.1612758723 0.1633540129 0.1918169386 0.1895139211 0.1877103991 0.2650932036 0.1460593641 0.1427475402 0.1389058223 0.1981912890 0.1869691894 0.2122110900 0.2016164169 0.1615074103 0.2307923852 0.1551413702 0.1625850926 0.1718686074 0.1675180192 0.1556376875 0.2410233537 0.3575324946 0.4246585688 0.6388380981 0.8178189251 0.9028199104 0.8820088674 0.7914037909 0.5944459910 0.4902646513 0.3117273679 0.2006801708 0.1904501988 0.1950990578 0.1439491295 0.1536945295 0.1743697234 0.1999057336 0.1198554467 0.1567951090 0.1864113572 0.2110399360 0.2186869472 0.2417111735 0.1784331182 0.1981766510 0.1924528818 0.1831974220 0.1609590280 0.1759269666 0.1895776641 0.1951676775 0.1711814734 0.1907124420 0.2297597645 0.2432692178 0.2777146188 0.3778379520 0.5293831505 0.6571020372 0.8109754799 0.9248688548 0.8732892846 0.7765797261 0.5855919944 0.4117804301 0.3063978914 0.2585631144 0.2633128559 0.1868272187 0.1834633016 0.2522893254 0.1721766601 0.1654624042 0.2212674595 0.2410541498 0.1528687214 0.1961285213 0.2037452143 0.2269936063 0.2350103390 0.2132288001 0.1913718727 0.2110746315 0.1717113094 0.2102953818 0.1745640328 0.1930508931 0.1654281070 0.1839383624 0.1817602863 0.2241794629 0.2881772035 0.3322163705 0.4933275023 0.6851900897 0.8141986786
0.2136438645 0.2128435360 0.1591876071 0.2141668320 0.1869459203 0.1626895355 0.2043268528 0.2311735541 0.3155187549 0.4410516432 0.6758131343 0.7505623481 0.8728557310 0.9035293614 0.7368545605 0.5639044098 0.4195972922 0.3463113267 0.2604287617 0.1760606544 0.1822225223 0.1896706988 0.1992285458 0.1233142633 0.1664661824 0.1658692616 0.1449490183 0.1768267888 0.1305127851 0.1549741004 0.1592915472 0.1479430726 0.1679842437 0.2226910885 0.1945419334 0.1582297392 0.1552888937 0.1456774663 0.1858552228 0.1782707478 0.1791064980 0.2293442228 0.2372067548 0.2665137792 0.2932298191 0.4670182707 0.6489524427 0.8450297257 0.8654672688 0.8759999772 0.7755009134 0.6218552073 0.4045463954 0.3678189530 0.2788990953 0.2246332849 0.2194276030 0.1746995855 0.1578576031 0.2003680398 0.2154599779 0.1890223335 0.1569904634 0.1829249555 0.2021854541 0.1570647170 0.1475519364 0.1570812047 0.1813439891 0.1646542432 0.1476002661 0.1649073827 0.1640982793 0.1389003924 0.1856350435 0.1576082902 0.1866263365 0.1958387203 0.2081811129 0.2158883468 0.3406505847 0.4654150690 0.6316213662 0.8065893551 0.8543270609 0.8823815331 0.7906746910 0.5892857514 0.4765925604 0.2974065140 0.2388451102 0.2045612711 0.1966755859 0.1715471829 0.2106965154 0.1883408234 0.1832967252 0.1991918591 0.1947846157 0.2486636999 0.1664958857 0.1516672163 0.2021039871 0.2227630725 0.1035781841 0.1433146121 0.1852367184 0.2110341636 0.1535072225 0.1324639525 0.2090569430 0.1963903749 0.1783573240 0.2003202312 0.1901889955 0.2354168645 0.3256087555 0.4631508099 0.6201426128 0.8413366901 0.8787271773 0.8857628684 0.7778304265 0.6282873890 0.4561608021 0.2931409360 0.2596003022 0.1824817409 0.1608303489 0.1336902556 0.1791576945 0.1682146106 0.2089504106 0.1977150779 0.1524940647 0.1514527464 0.1736355312 0.1758129735 0.1881498155 0.1740830813 0.1818875973 0.1794265081 0.1894845068 0.1754756234 0.2118504427 0.2132995002 0.1473551362 0.1959612654 0.2719053339 0.1789142433 0.2399840446 0.2477576154 0.3384178767 0.4530307315 0.6492525414 0.8048037071 0.9094976036 0.8901654227 0.7675243402 0.6185362070 0.4258572411 0.3370224277 0.2858951092 0.2031274976 0.2343014227 0.1755994743 0.2274518614 0.2235819469 0.1965207083 0.1987678504 0.1752266582 0.1695653352 0.1853403858 0.2171197062 0.1861016022 0.1973432039 0.2163734412 0.2005679628 0.1844506077 0.1866435498 0.2156905787 0.1495296545 0.1744858890 0.2270218045 0.2087554082 0.1848823482 0.1835918293 0.2608481975 0.3381784872 0.5053888306 0.6267594780 0.8454544234
0.1903032902 0.1763732336 0.1582107707 0.1589539531 0.1106777547 0.2102990133 0.2214068979 0.2758826605 0.2956477705 0.4800733289 0.6152078977 0.8120740535 0.8276211682 0.8647047180 0.7657015881 0.5902954360 0.4369423015 0.3116926073 0.2481697240 0.1660218283 0.1715331368 0.1786948281 0.1965505568 0.1402837143 0.1450165051 0.1518810490 0.1804438310 0.1620326283 0.1585391624 0.2010103532 0.1524524893 0.1223412992 0.1774461650 0.1969654907 0.1488041375 0.1598993779 0.1517524463 0.1458097350 0.1409205458 0.1574112246 0.1871576632 0.1494892124 0.2130182417 0.2638112275 0.3629404593 0.4925293684 0.6207634477 0.7542645115 0.8427888012 0.8175231271 0.7147542717 0.6025347220 0.4283332691 0.3998974715 0.2529726620 0.1924613820 0.1899137469 0.2033777695 0.1375761773 0.1949013164 0.1765073205 0.1911939332 0.1893411155 0.1960684435 0.1490490172 0.2011028776 0.1788205817 0.1248611715 0.1829506502 0.1977038041 0.2084682054 0.2038395752 0.1930768560 0.1240506120 0.1454348022 0.1909603696 0.1890412049 0.2240542040 0.1903309152 0.2517666538 0.3220394422 0.4837532993 0.6313727354 0.7628751646 0.9076570382 0.8775534965 0.7702889208 0.6099221972 0.4344596225 0.3257621356 0.2795416029 0.1582798216 0.1807458431 0.1853089019 0.1983689775 0.1998429413 0.1182667837 0.1879721238 0.1588671836 0.2460884175 0.2022474636 0.1591581010 0.1524924898 0.2043547311 0.1917961604 0.1507609625 0.1707707724 0.2287743468 0.2200201846 0.1529203936 0.1921234896 0.1317646713 0.1699416092 0.2034282255 0.2020615309 0.2507283169 0.3703581952 0.4680592643 0.6106441989 0.7505445284 0.8875536580 0.8900941304 0.7880362016 0.6282341378 0.4461122847 0.3664504767 0.2733348856 0.2285238648 0.1892292156 0.2170963529 0.1880905448 0.1246267904 0.1272383383 0.1570375759 0.1480389746 0.2249518989 0.2105791270 0.2032429822 0.1589987184 0.2147877590 0.1635203875 0.2236535614 0.1350387616 0.2247500639 0.1915678570 0.1733176532 0.1741165416 0.1749310854 0.1806958925 0.2034712604 0.1860469755 0.2465072690 0.3312380665 0.4259324951 0.6457718259 0.7325668677 0.8591856142 0.9023438200 0.8054913665 0.6108173879 0.4602444265 0.3264780030 0.2969143332 0.1756548969 0.1626700492 0.1947227801 0.1496056799 0.1659407372 0.2160100382 0.1984609517 0.1968474689 0.1772865861 0.1944108847 0.1671744461 0.2303712599 0.2050201026 0.1631382879 0.2623895953 0.1753050689 0.1921798564 0.1659477056 0.1308862880 0.2069052547 0.1791585033 0.2232423817 0.2295268967 0.1675005031 0.2623461453 0.3768055682 0.5202736953 0.5982958636 0.7620487416
0.1211568206 0.1298370771 0.1640479850 0.1600517399 0.1816617875 0.1970396437 0.1864437350 0.2377596817 0.3381605668 0.4274521850 0.5982603643 0.7308323740 0.8642282784 0.8771800982 0.8107636813 0.6702380264 0.4428367929 0.3330905162 0.2288422570 0.1984178065 0.1974290623 0.2109480298 0.1419027118 0.1508001805 0.1744219639 0.2444659676 0.1326673895 0.1725780833 0.2256128440 0.1691382171 0.1550180777 0.2307304103 0.1791251315 0.1694294421 0.1673459074 0.2029536828 0.1721083783 0.1280931882 0.1564923726 0.1080564791 0.2025663463 0.1848725864 0.1915958850 0.2808496843 0.3002001309 0.4297397073 0.5652254432 0.7981600428 0.8792823421 0.9389601229 0.7886892863 0.6210196275 0.5123401297 0.3289830225 0.2542100657 0.2466310741 0.1990645030 0.2475550072 0.1624397920 0.1760474735 0.2301583647 0.1943403586 0.1358857434 0.1603202990 0.1744104117 0.1587498046 0.2179778469 0.1879464403 0.1659093455 0.1697204537 0.2062518539 0.1785136942 0.2056253694 0.1423323466 0.1902453033 0.1594341091 0.1777071242 0.2056678437 0.2116440967 0.2462996220 0.3090845319 0.4280065455 0.5658602979 0.7599625578 0.9265752552 0.8772282311 0.8479608723 0.6464272520 0.5222275386 0.3311071940 0.2504029505 0.1780504798 0.2065706676 0.2253665874 0.1935430389 0.1684615087 0.2470483592 0.2147001361 0.1697635742 0.2051531186 0.1709512456 0.1562829127 0.2021859513 0.2210031026 0.1530675230 0.1512383502 0.1694099478 0.1795853729 0.1608297581 0.2002667965 0.1438890288 0.1928335983 0.1354435123 0.1971818510 0.2103863618 0.2314919803 0.3834442371 0.5100388793 0.5758728028 0.7691850798 0.9244739654 0.9303130655 0.7885278355 0.6422570940 0.4622257782 0.3721128536 0.2939945596 0.2310058374 0.2177569372 0.2097138026 0.1724251447 0.1810859511 0.1852837937 0.2125012434 0.1865755498 0.1810604278 0.1612328545 0.1469348329 0.2082400955 0.1759133525 0.1780548593 0.1732569536 0.1623552678 0.2007460350 0.1868919730 0.1612485422 0.2012698370 0.2346660677 0.1647697887 0.1214297882 0.1951347975 0.2613986742 0.2731569969 0.4912728379 0.6373779929 0.7619289956 0.8795123469 0.8505273753 0.8223826520 0.6246742622 0.4786877625 0.3813661604 0.2809263467 0.2201474558 0.1538449836 0.1977432324 0.2192724637 0.2010402692 0.1838492067 0.2011917917 0.2021685805 0.1889885088 0.1817877871 0.2099565732 0.1845391659 0.1994635876 0.2013355469 0.2022533723 0.1912745140 0.2044346595 0.1637101102 0.2460195383 0.1762226611 0.2075983130 0.1930836026 0.1874323592 0.2177619719 0.2276035544 0.3447612849 0.4270152081 0.6254403974 0.8017029478
0.1681035145 0.1732586897 0.1422129793 0.2055344901 0.1422841521 0.2083866186 0.2164835097 0.2286551094 0.3358240164 0.4589349442 0.5858082921 0.7343559687 0.8253970053 0.8956459828 0.8413953498 0.7066923164 0.4769648828 0.3402554738 0.2616390301 0.2146015002 0.1663896894 0.1736700630 0.1814511030 0.1195520733 0.1572074251 0.1483802726 0.1132299370 0.1788847813 0.1666375812 0.2004436878 0.1912987898 0.1598546022 0.1785929312 0.1906652078 0.1760649494 0.1933443552 0.1348964041 0.1554441701 0.1956062955 0.1775351225 0.2281688039 0.2074700990 0.1901705078 0.2164980868 0.2861843908 0.4967701146 0.5605154836 0.7359942516 0.9068302510 0.9132512887 0.8155867435 0.6404304327 0.5133935262 0.3571469325 0.2394808208 0.2486217024 0.1862958934 0.1709845846 0.1653162126 0.2211219426 0.1747168935 0.2218445299 0.1848567182 0.2036494852 0.2028777977 0.2114990531 0.1578994438 0.2012321706 0.2054307962 0.1861160886 0.1695447503 0.1885980353 0.1905709457 0.1573095352 0.1961144501 0.1805214303 0.1671242379 0.2269999224 0.2257040125 0.2574933725 0.3463775386 0.4121793129 0.6126762323 0.7348306941 0.8803232810 0.8812707626 0.8237345832 0.7072295077 0.4792289681 0.4143866966 0.2628026400 0.1825926241 0.1710218413 0.2098035571 0.1939664759 0.2080341536 0.1731704748 0.1405931241 0.2386337612 0.1614487784 0.2023826940 0.2181400502 0.1538811911 0.2068116912 0.1663980443 0.1883244003 0.1188097732 0.1642955745 0.1971232387 0.1637890426 0.1283819340 0.2239500339 0.2067148978 0.2083270124 0.2606936394 0.2136512850 0.2704528912 0.4858521619 0.5539994933 0.8003149495 0.8477999187 0.9350832334 0.8233141148 0.6661338274 0.5304909249 0.3389761410 0.2736420054 0.2325616385 0.2184294124 0.2215223937 0.2104234686 0.1742048771 0.1957232996 0.1841180436 0.1944671838 0.2214522814 0.1957860031 0.1772697212 0.2320429087 0.2036658390 0.1816581730 0.2241139018 0.1502497866 0.1964158667 0.1841009542 0.2235852000 0.1818580590 0.2324158121 0.2057054127 0.2012317375 0.1821105695 0.2212170634 0.2785065638 0.4460501047 0.5408958835 0.7790415398 0.8601858348 0.9141655177 0.8040069600 0.7125551242 0.5098122454 0.4178061775 0.2885496109 0.2074234268 0.2258253172 0.1798425189 0.1956898636 0.1653266485 0.1835421712 0.2002496292 0.1573783611 0.1621331710 0.1641399478 0.2055618883 0.1798863306 0.2322749057 0.2242572460 0.2012411852 0.2150814523 0.1952082598 0.2353892132 0.2157791265 0.2404787447 0.1909063650 0.1963454500 0.2220895174 0.1915698806 0.2629691111 0.2931247136 0.4290554748 0.5810019298 0.8064893315
0.2359682456 0.1527257708 0.1845065024 0.1841886843 0.2377199144 0.1683660523 0.2299466217 0.2043797677 0.2886246920 0.3945950720 0.6585459127 0.7549216270 0.8477508759 0.8710611842 0.8174704109 0.6391959291 0.5218616335 0.3791896345 0.2483745014 0.2464872787 0.2017677441 0.2074035064 0.1881061461 0.1940886035 0.1477441764 0.1842436003 0.1765915007 0.1968736447 0.2192702213 0.2299852099 0.2579126721 0.1902571180 0.1858453267 0.1662587785 0.2169181970 0.2010088544 0.1900520756 0.2212220452 0.1906656054 0.1814231702 0.2473818532 0.1944201751 0.2201179163 0.2824530630 0.3385703814 0.3924887951 0.5808714076 0.7497209605 0.8642130475 0.8855148947 0.8934859832 0.6956389452 0.4674670844 0.3972058469 0.2467407318 0.2528417579 0.1809804164 0.1994887033 0.1983807185 0.1781278752 0.1922013615 0.1637629751 0.1670625142 0.2166342209 0.1959464217 0.1855643273 0.2076529984 0.1825390506 0.1618485239 0.1624786755 0.1660808722 0.2054611722 0.2238063554 0.2620770737 0.2439184418 0.2167318103 0.1435881907 0.2386278186 0.2103845537 0.2860484271 0.3288777775 0.4315346577 0.5808257925 0.7406000585 0.9247937557 0.8988283968 0.8971710865 0.6458047869 0.5090932835 0.4441691468 0.2878724801 0.2235089216 0.1870593125 0.2033558285 0.1822495990 0.2106885443 0.2167230697 0.2271072732 0.2082046140 0.1728294592 0.1784071985 0.1464291578 0.1944252408 0.1887577947 0.1802026704 0.1692523838 0.1594133803 0.1581061989 0.1990521146 0.1864054438 0.1640628544 0.1452033774 0.2176498818 0.1852958627 0.2249986831 0.2421324303 0.2566005618 0.4715554673 0.5883652885 0.7733738819 0.8601577764 0.8896819254 0.8205972965 0.7002421320 0.5321765699 0.3952763625 0.3339269402 0.2372942995 0.1864428392 0.2801332672 0.1509360273 0.2335162403 0.1778470098 0.1729527434 0.2103742867 0.2375888874 0.2201445866 0.1694938142 0.2043378325 0.1977901805 0.2051246932 0.1873685837 0.1661236165 0.1296698544 0.2584630497 0.1952288398 0.2527628821 0.2115416726 0.1612005360 0.1917857906 0.2328215547 0.2340353783 0.3331431443 0.3988257711 0.5730642259 0.7362402105 0.9045951354 0.9400787230 0.8587601012 0.6963246017 0.4812006050 0.3791098407 0.3051235049 0.2276310452 0.2359023968 0.1729682640 0.1670673034 0.2038043721 0.1920138708 0.1854292946 0.1391273845 0.1983384790 0.1891664907 0.2501666679 0.2225609121 0.1917719397 0.1950055242 0.1724589295 0.1927337990 0.1919480798 0.2060309693 0.2032338494 0.2094826235 0.1363444751 0.1433938377 0.1913415408 0.2592134015 0.2353962852 0.2799152929 0.4375083970 0.5985546483 0.7659957228
0.1462662501 0.2575066537 0.1598714455 0.1773460946 0.1947335016 0.1926995736 0.1966066019 0.2424632834 0.2827049627 0.3800054418 0.5995707422 0.7375022414 0.8221478688 0.9071402475 0.8601336518 0.7088162789 0.5256491409 0.4130571734 0.3031157620 0.2181759639 0.2107353929 0.1574909977 0.2025733089 0.2142161914 0.1703549557 0.1761332357 0.2127363446 0.2135843615 0.2303482262 0.1374259435 0.2001871593 0.2525347496 0.1857833854 0.2507946017 0.1931305491 0.1807186354 0.1514244598 0.1844259433 0.1876158483 0.1383656721 0.1329172241 0.2123611385 0.2172292954 0.2245123938 0.3140047639 0.4067925945 0.5497865955 0.7232274569 0.8528666166 0.9500285750 0.8573133442 0.7257614674 0.5540809499 0.4293289339 0.2652773874 0.2639083386 0.2423480009 0.2062518695 0.2158962099 0.1933705513 0.1881210456 0.2244014796 0.1890377238 0.1267161486 0.1784830857 0.2540151794 0.1949602872 0.1979530230 0.2124111766 0.2140377158 0.2380459906 0.2777738784 0.1853479533 0.1765920982 0.2625114557 0.1892464251 0.1726213451 0.1447503300 0.2082092102 0.2578907664 0.3363492474 0.4453205367 0.5147944024 0.7317061179 0.8846584703 0.8760039269 0.8367080202 0.6761327333 0.5372246119 0.3897518462 0.2925903770 0.2399521172 0.1610262136 0.2309038071 0.1370139218 0.1320976038 0.1825448563 0.2049295268 0.1442575082 0.2167063949 0.1323654670 0.1896470977 0.1783774351 0.1578661070 0.1651641630 0.2077870407 0.1846291582 0.1586865128 0.2013598863 0.1742179778 0.1938935445 0.2067619100 0.2415406669 0.1730303621 0.2343002040 0.2428804109 0.3301417569 0.4479412039 0.5850175040 0.7103721473 0.8940304424 0.9077378826 0.8907027462 0.7066896600 0.5945962239 0.3910826866 0.2967657326 0.2459619083 0.2244903837 0.1905445019 0.2166759582 0.1886822851 0.2112743271 0.1766444822 0.2011854713 0.2336369127 0.1962719432 0.2189003952 0.2361710851 0.2100074190 0.1958008195 0.2261259229 0.2371115583 0.2327750932 0.1930865978 0.2327242707 0.1746508487 0.1976860953 0.2425323583 0.2281001329 0.2128784739 0.2818397751 0.3054676340 0.4001000061 0.5953215172 0.6661635278 0.8137979295 0.9415903833 0.8502435046 0.7619170568 0.5543768852 0.3521845418 0.3226836234 0.2425959951 0.2149634852 0.2392130847 0.2494010716 0.2602140525 0.2286436353 0.2427334081 0.2528889660 0.2216904487 0.2160232401 0.2148682075 0.2209333313 0.2438471557 0.1931389986 0.2143633306 0.2223503896 0.2072195857 0.1928259972 0.2370207645 0.1721166873 0.2392343208 0.2292810350 0.2310327058 0.2313746524 0.2256307048 0.2887740805 0.4600847323 0.6103817792 0.7785297888
0.1843131892 0.1840479470 0.2394601634 0.1829206816 0.2124405788 0.1672484313 0.2621707899 0.2514836064 0.3248010254 0.3581572265 0.5471451619 0.7576208780 0.8248303710 0.9656217372 0.8302943406 0.7177378300 0.5650696808 0.3828888215 0.3159632196 0.2406492983 0.1448889036 0.2278413547 0.1548312024 0.1707073142 0.1804564040 0.1616042591 0.1909469099 0.2256031509 0.1871489331 0.1881778966 0.1910172384 0.2224272777 0.1954315735 0.2049139524 0.1432224249 0.2019679827 0.1913134394 0.1906365591 0.1657984878 0.1618675514 0.1986325123 0.1863121448 0.1772300489 0.2432749651 0.2686557932 0.4107492494 0.5290549070 0.6887129731 0.8688324707 0.8927382299 0.8202354537 0.7060115879 0.5301886966 0.4418403062 0.3095000961 0.2691150984 0.2044574910 0.2069951039 0.2379666926 0.1640042842 0.1917133472 0.1859608286 0.1796820781 0.1880059135 0.2117917964 0.1912048330 0.2099168842 0.2062154424 0.2268631133 0.1943162805 0.1431998086 0.1554454469 0.2140433850 0.2546413914 0.2078783614 0.2081534750 0.2114935111 0.1761165805 0.1972514425 0.2385011602 0.3182549488 0.4300194024 0.5448550608 0.6839395190 0.8291229405 0.9111779009 0.8843337214 0.7543098313 0.5591666682 0.4495854206 0.3147059160 0.2555972363 0.1972478619 0.1724064128 0.1866075755 0.2085635121 0.2279630316 0.1989408210 0.1852321960 0.2268074734 0.1947108514 0.2132221348 0.2016582317 0.2017804530 0.2038828656 0.1977953583 0.2419281508 0.2263026131 0.2329989416 0.2432438502 0.1270251080 0.1873975822 0.2113549801 0.2318359410 0.2263876061 0.2950233236 0.3185214038 0.4123360920 0.5462957362 0.7984686920 0.8780569668 0.9046069889 0.8972435800 0.7669997773 0.5892296989 0.4319097024 0.3173085296 0.2735028567 0.2149244470 0.2224017713 0.2145674718 0.2269644952 0.1281789749 0.2074967358 0.2270640723 0.1850427791 0.2474751531 0.2410203407 0.1726617845 0.1780032128 0.1807666917 0.1933557419 0.2720730935 0.2439946251 0.2361048785 0.1995335107 0.1740220874 0.1857436245 0.2521347178 0.2111376309 0.1942579516 0.2332958965 0.2901844998 0.4363855441 0.5505054537 0.7287275159 0.8665135926 0.9052200851 0.9128515130 0.7358655975 0.5852503528 0.4417102160 0.2898929998 0.2968719358 0.2072020889 0.1673368540 0.1914074081 0.2186459088 0.2461917228 0.2335059202 0.2282667601 0.2203004349 0.2008291175 0.2355808513 0.1924522055 0.2247472430 0.2191232446 0.2390611580 0.1953462128 0.1918174498 0.1961329569 0.1999552263 0.2643262547 0.2466633057 0.1853894628 0.2571450528 0.3091818121 0.2591619075 0.2874888989 0.4739595426 0.5067964343 0.7521241845
0.1996971436 0.1918155942 0.2091043701 0.1860986377 0.1771937966 0.1890893898 0.2439956271 0.2241906199 0.2961902038 0.3781758427 0.5030118098 0.6736439934 0.8118804804 0.9026890683 0.8723003936 0.7363119940 0.5849952857 0.4180182788 0.2727904922 0.2722556853 0.1986545624 0.1956011171 0.2271509060 0.2766254759 0.1859009238 0.1613457485 0.2269726338 0.1780930310 0.1909186783 0.2246531951 0.2129620909 0.2127897992 0.2023829593 0.2221617022 0.2184554098 0.2058642744 0.2127688460 0.1881548102 0.1841612861 0.2181949170 0.1987756707 0.2235405694 0.2002546759 0.2567604189 0.3113833111 0.4094094767 0.4989974553 0.7093708494 0.8320726923 0.9417168083 0.8314203607 0.7391595538 0.6105482884 0.4780772975 0.2963508237 0.3107746584 0.1858860893 0.2254683919 0.2093827432 0.2325101036 0.1762448133 0.2411609136 0.2011730179 0.1688068593 0.2230031079 0.2173981485 0.1942633551 0.2449796637 0.2138416000 0.2158418723 0.2293016392 0.1627990518 0.2366874290 0.2531093891 0.2417816913 0.1893027805 0.2266212358 0.1565533871 0.2016812715 0.2269031627 0.3252048685 0.3418762544 0.5822314500 0.7235850504 0.8281147681 0.8916468782 0.9392888862 0.8024324697 0.6049436459 0.4232118240 0.2869100997 0.2664139476 0.2464755821 0.2182876304 0.2328017526 0.1997476125 0.2223936511 0.1870045728 0.1899417943 0.2102176733 0.2109639302 0.1851973574 0.2099004322 0.2134206221 0.2346398082 0.2090433024 0.1810866835 0.2460077682 0.2352505438 0.2598933098 0.1951420160 0.1954535734 0.1891670972 0.2318512409 0.2307855644 0.2540273603 0.2823823341 0.4372880132 0.5325984260 0.7241598886 0.8332796139 0.9909678589 0.8530152997 0.7047189487 0.6590195994 0.4600549562 0.3268810637 0.2589977972 0.1955317767 0.2465182931 0.2244742869 0.2463871066 0.1736767261 0.1645311981 0.2111111530 0.1632019860 0.1943447129 0.1763154448 0.2188937691 0.2207293367 0.1666313537 0.1640749875 0.1952931586 0.2397534528 0.2333538938 0.2141387933 0.1784473358 0.1924176895 0.2419158121 0.1937535346 0.2452021931 0.2701560515 0.3024547227 0.4157166026 0.5158157594 0.7186411807 0.8857437457 0.9508274354 0.9138647464 0.8200666027 0.6209595406 0.4579003988 0.3331526060 0.3010558716 0.2521127632 0.2382004188 0.2104321120 0.1886489500 0.2544626550 0.2100477050 0.2146054097 0.2249357356 0.2565918093 0.1592470868 0.1777885381 0.1991004835 0.2326121433 0.2079179233 0.1738061900 0.2619061113 0.1672255317 0.2258223021 0.2269164633 0.2306235522 0.2129160747 0.2604497605 0.1723608256 0.3141106300 0.3028365042 0.3670048793 0.5794119336 0.7183439305
0.1791514959 0.2107463750 0.1674910397 0.2134947474 0.2169240473 0.1590650457 0.2118063614 0.2193210156 0.2570561854 0.3403571356 0.5007141967 0.6627256905 0.8265358749 0.9441675719 0.8907864517 0.7340682549 0.6515127653 0.4307694859 0.3353783673 0.2290064567 0.2308946180 0.1599768857 0.2121883069 0.2017178946 0.2308126898 0.2116586285 0.2133890167 0.1984063802 0.1931401971 0.2347610951 0.2060954729 0.2087721774 0.1865158444 0.2115504366 0.1906816604 0.2377690632 0.1949173091 0.1951332196 0.2011774995 0.2330922030 0.2316689514 0.2291346375 0.2085047196 0.2080789377 0.2448066341 0.4112442171 0.5136723030 0.7280957451 0.8575623819 0.8755239956 0.8542821224 0.7824435837 0.6770556671 0.4683939912 0.3377729395 0.2338963833 0.2169106305 0.2242859931 0.2557816874 0.2503814420 0.2022297488 0.1725648237 0.1727263625 0.1891041190 0.2045668482 0.2223200193 0.1961126494 0.2334522042 0.1625421726 0.1997438548 0.2727502436 0.2295112984 0.2363503752 0.2260805283 0.2343282326 0.1858195552 0.2350295459 0.1378201923 0.1940133303 0.2046972481 0.2578595317 0.3861248643 0.5436674458 0.6439204987 0.8826205584 0.9038650231 0.9053020056 0.7932270488 0.6030905556 0.4772936531 0.2986037367 0.2493631083 0.1877832512 0.2329260119 0.2325770519 0.2317402854 0.2188859096 0.2208482080 0.2128330323 0.1749528540 0.2602948669 0.2049234353 0.1855494596 0.2135010291 0.2121393653 0.2040692564 0.2291220474 0.2254510778 0.2091351529 0.2472454867 0.2016049785 0.2429938403 0.1991798969 0.2372527020 0.2179087545 0.2566611019 0.2766927532 0.4173933876 0.5454865385 0.6771337796 0.8905392732 0.9255584719 0.8474807634 0.7813282438 0.6453046734 0.4512231634 0.4130076665 0.2766751955 0.2799283747 0.1932863983 0.2448726770 0.1892673097 0.2312221267 0.1381015742 0.2587311394 0.2645928038 0.2466384849 0.2219723155 0.2599143701 0.2381673942 0.2192146281 0.2115462413 0.2525040941 0.1688569731 0.1928031358 0.2257011254 0.2556813600 0.1777274586 0.2328875555 0.1962076908 0.2200901282 0.2428536643 0.3178586519 0.3894385974 0.4877858552 0.7282901746 0.9024356833 0.8959143128 0.8804900207 0.7361790504 0.6316095607 0.4612235145 0.3140679147 0.2335899362 0.2442805152 0.2375909325 0.2290076370 0.1898188802 0.1981177208 0.2152671087 0.2133606122 0.2373730493 0.2217552684 0.1707860958 0.2566332593 0.2265694977 0.3144510873 0.2143588718 0.2143005365 0.2613912712 0.1990456789 0.2132571047 0.1904749901 0.2371349481 0.1887516104 0.2390753639 0.2888914632 0.2498672637 0.2980458417 0.3680445339 0.5091425757 0.7242748725
0.2050532167 0.2363169579 0.1981998495 0.1912766265 0.1358498095 0.2455952516 0.1597721883 0.1612685446 0.2697702095 0.3770221358 0.4589367168 0.6954446744 0.8006333415 0.8837880528 0.8417279558 0.7334726169 0.6332187717 0.4848905938 0.3703836141 0.3034291965 0.2036294625 0.2014259549 0.2286348485 0.2011390733 0.2333075869 0.1846181767 0.1959893108 0.1897955268 0.1979036184 0.2290737838 0.1481329130 0.2018319679 0.2365055507 0.2154890050 0.2237424351 0.2215300857 0.1673816615 0.1495109379 0.2478452882 0.1538188879 0.2316157656 0.2377697297 0.2249130165 0.1848954977 0.2546491461 0.3852962067 0.4704663310 0.6730846372 0.8357867255 0.8982571672 0.8895894119 0.7668792096 0.6314118451 0.4511866001 0.3150976392 0.2749179031 0.1973457157 0.1787163343 0.2028202059 0.2066302126 0.2150182738 0.1509598064 0.2044747359 0.1837907411 0.2409572882 0.1734196510 0.2165267512 0.1893700371 0.1869660510 0.2209006630 0.1939073882 0.2411158820 0.2204090941 0.2007541133 0.2019997360 0.1946712592 0.2110126961 0.2193172630 0.2443076870 0.3009805198 0.2847670411 0.3241652893 0.4821762737 0.6717446031 0.8513280255 0.9421071144 0.8243466784 0.7647737680 0.6501292835 0.4306870020 0.3830240404 0.2656311286 0.2341067389 0.1816023848 0.2311422462 0.1893446924 0.2467624529 0.2257008055 0.2440661211 0.2656371414 0.2143607678 0.2002198481 0.2224309113 0.2363263346 0.1548474000 0.1790003849 0.2143992334 0.1947406608 0.2324190182 0.2099686450 0.2043005622 0.1993437164 0.2163972201 0.1872325829 0.2054774487 0.2401402324 0.3015187501 0.4173722583 0.4801123751 0.6304194792 0.8212407688 0.9403287331 0.8808761430 0.8475168356 0.6527041190 0.4269411474 0.3545884509 0.2509207017 0.2000093407 0.2184173368 0.2456777080 0.2289620720 0.2198218027 0.2327468777 0.1807863616 0.1883407420 0.2147312398 0.2115061473 0.2529277717 0.2235109952 0.1490085009 0.2072285699 0.2247319630 0.1840650652 0.1762174500 0.2246948940 0.2010385448 0.2216069139 0.2121016287 0.1937647903 0.2219638993 0.2064082413 0.2862848201 0.4310041335 0.5274060311 0.6451600634 0.7879936570 0.9251155299 0.9411662474 0.7526981090 0.6280197909 0.4509413549 0.3548543919 0.2877881255 0.2542445032 0.2338126771 0.1488597133 0.2360941957 0.2686134501 0.2278187483 0.1831160966 0.1785875534 0.2245814402 0.2520037937 0.2576111604 0.2156537338 0.2099764995 0.1858907548 0.2232324478 0.1914766490 0.1816621684 0.2219764978 0.2074079541 0.2229352358 0.1717385883 0.2595533932 0.2289300000 0.2392378039 0.2584364938 0.3640895365 0.5280190373 0.6805605883
0.2139848601 0.2196032440 0.1613118470 0.1907716938 0.1453481154 0.2093782144 0.1809688867 0.2302179427 0.2017909998 0.3580992520 0.4737237714 0.6106543019 0.7742107148 0.9005243853 0.9152626591 0.8393271933 0.6457431468 0.4515171615 0.3855662399 0.2899757377 0.2793865346 0.1847136318 0.2256329907 0.1837295251 0.1882785089 0.2057135025 0.2155955058 0.1761200910 0.1980759607 0.2450109378 0.1754027035 0.2332836584 0.1468498936 0.1957078139 0.1875358858 0.1994068278 0.2055152142 0.2371405040 0.2071314117 0.1663070299 0.1438502100 0.1645338511 0.2175304792 0.2050978966 0.2149145412 0.3596769853 0.4522820345 0.5915377710 0.8381057986 0.8589557717 0.9079332622 0.7641320830 0.6669536032 0.4394174977 0.3242952627 0.2513858038 0.2660124346 0.2109527489 0.2303765979 0.1793495795 0.1906927077 0.1768105600 0.2064161642 0.2320448194 0.1692736959 0.1881661130 0.1964844296 0.1903362692 0.1798971136 0.2107452530 0.1633717692 0.2422128774 0.2232195468 0.1878752008 0.2381497795 0.1807064751 0.1828344101 0.1910785849 0.2340980314 0.1952553033 0.2858792017 0.3271309689 0.4909454116 0.6313420621 0.7728149512 0.8913377542 0.9155244418 0.8307916574 0.6945835669 0.4223838082 0.3518722380 0.2426494709 0.2094879649 0.2190916054 0.1540373500 0.1761236046 0.1789210670 0.1901618149 0.1407662044 0.2503477482 0.2080419146 0.1870204222 0.1772932772 0.2330344639 0.2089047798 0.2148787338 0.2143181645 0.2207560496 0.2278522822 0.2232221352 0.1949276813 0.2243410008 0.2055389928 0.1935243444 0.2106783303 0.2553453634 0.3195923350 0.3823447201 0.4982193974 0.6739788436 0.8358395154 0.9563041676 0.8841335414 0.7513741427 0.6310374748 0.5343153119 0.3827784411 0.2885052622 0.2789218764 0.2044095086 0.2302779091 0.1762422150 0.2054659377 0.2432561862 0.2253604167 0.2211943335 0.1924228738 0.2236066273 0.2049873614 0.2512387578 0.1820603764 0.2398845509 0.2331240151 0.2924299624 0.2048569288 0.2289513396 0.1688185505 0.1597577804 0.2141694223 0.2256791326 0.2543733874 0.2357667812 0.2613714296 0.3564095296 0.5082217967 0.6443357928 0.7884024017 0.9015868196 0.9555820395 0.7909217455 0.6793919810 0.4608730818 0.3709601752 0.2875584612 0.2192789191 0.2451333030 0.2280629737 0.2071928999 0.2365844044 0.2472138997 0.1775259176 0.2448427974 0.2224495874 0.2121569853 0.2094568143 0.1866666114 0.2152808054 0.2093442706 0.2039579912 0.2168364835 0.1910940957 0.2018669067 0.1739391617 0.2921866944 0.2259012904 0.2114188441 0.1626410610 0.2134573496 0.2835164308 0.3451028056 0.4795741270 0.6698197451
0.1016818430 0.1942173217 0.1292223614 0.1687067217 0.2080915380 0.1801158500 0.1621116304 0.2101482926 0.2283507661 0.3430331410 0.4852294857 0.6249595756 0.7915096902 0.8574286611 0.9019926497 0.8058435012 0.6195806327 0.5309628078 0.3509004829 0.2106697892 0.2145216773 0.1297559958 0.2184701222 0.1347540204 0.2075441137 0.1713552993 0.2110996032 0.1924645087 0.1552569228 0.1682306202 0.2007745214 0.1644560271 0.2076383602 0.1369992785 0.2322554180 0.1624668551 0.2011636593 0.1426446463 0.1684548161 0.1550105789 0.1852796176 0.2542391038 0.1739531637 0.2373718653 0.2177005641 0.3656000596 0.4409113393 0.5648621915 0.7811435636 0.9053614944 0.8878258672 0.7967310774 0.6444352454 0.4525551489 0.3942881157 0.2769535197 0.1987662344 0.2081869446 0.1853602982 0.1293654923 0.1819408592 0.2075540856 0.2188343032 0.1685360101 0.1408875025 0.1841131871 0.2326285706 0.2244188123 0.1977887252 0.1814641593 0.2058211755 0.1732035673 0.1947885765 0.1797223863 0.2244848195 0.1258302245 0.1795150464 0.1773913861 0.2281246626 0.2074048783 0.2378461586 0.3567640272 0.4248071261 0.5987617934 0.7862977495 0.8754928561 0.8992623248 0.8086850484 0.6180274580 0.5151251966 0.3737757123 0.2763052614 0.2202975668 0.1773757330 0.1801985254 0.2290865970 0.1877182974 0.1868726405 0.1887381785 0.1909328969 0.1990562126 0.1467536860 0.2167925712 0.1849436907 0.1751386615 0.1635728213 0.2034537298 0.1629459726 0.1693575091 0.2336465431 0.1826150403 0.1855170194 0.1662691402 0.1497169830 0.1913780703 0.2143266912 0.2499574836 0.3408762926 0.4331226000 0.6768336939 0.8086271503 0.9160882958 0.8778673173 0.8240627078 0.6622065681 0.4833572880 0.3492662294 0.2941962027 0.2612098103 0.2342683123 0.1951533637 0.1480740726 0.2127915807 0.2167301493 0.2080854578 0.1749695806 0.2523427559 0.1798451249 0.1770027806 0.1786346605 0.1728342525 0.2062645074 0.1782262473 0.2193582197 0.2275993430 0.1921425902 0.1612113048 0.2377300465 0.2363802314 0.1984915784 0.1973709720 0.2045994815 0.2451396558 0.3388942800 0.4590857677 0.6259028904 0.7758975858 0.9239143813 0.8846277283 0.8323321582 0.6766733893 0.4700684101 0.3924837939 0.2972118685 0.2321537245 0.1566268814 0.1612559582 0.1706258921 0.1991495442 0.2043801764 0.2863883418 0.2315252200 0.2557524647 0.2179913503 0.2475792533 0.2082877183 0.2003013909 0.1821889575 0.2417658351 0.2517578672 0.2478562935 0.2154689308 0.2373177396 0.1920942882 0.1480950495 0.1786815983 0.2188288180 0.2109104922 0.2622603286 0.3587596944 0.4890031799 0.6412324969
0.1896566039 0.1728487205 0.2104315093 0.1841615272 0.1573728984 0.1636743139 0.1771750460 0.1594713316 0.2474657255 0.3083422053 0.4119575981 0.5486526910 0.7690912004 0.8594087150 0.8911788220 0.7928419786 0.6358689608 0.4798592027 0.3843680188 0.2662940084 0.2204120082 0.1576041284 0.1598086770 0.2069480961 0.2236940407 0.2020225402 0.1983879548 0.1809155631 0.1584604541 0.1796350687 0.1304552389 0.1952662382 0.1477548002 0.1304385315 0.1415351961 0.1822929675 0.2040297672 0.1806339567 0.1787233730 0.1978744937 0.2159110779 0.1793962063 0.2261539660 0.2231479243 0.2420697921 0.2645424465 0.4159832488 0.5318381115 0.8047599509 0.8515815860 0.9027287140 0.8600138996 0.6221164103 0.4742231556 0.3657958582 0.2767105033 0.2016979773 0.2197337944 0.1137895857 0.1886892628 0.1786947678 0.1565084160 0.2194611731 0.1788230589 0.1948192631 0.1516477536 0.1934519680 0.2126298666 0.1925313259 0.1804900770 0.1684291428 0.1766494840 0.1895508579 0.1736115878 0.1350717932 0.2088619433 0.1994618190 0.1628287513 0.1924593942 0.2058758921 0.2549061929 0.3331015814 0.4178133613 0.6149306606 0.7435608155 0.8996713743 0.9047235552 0.7908319246 0.7195208353 0.5404631451 0.3657982752 0.3006168740 0.1828348145 0.2168532864 0.2119547412 0.2031238056 0.1796206845 0.1927706648 0.1439073031 0.1688323079 0.1854946953 0.1864800574 0.2392227809 0.2420699584 0.1474654521 0.1678231732 0.1647159658 0.1794126648 0.2122675602 0.1810946737 0.1644376576 0.1585798816 0.1963005255 0.1721269587 0.2098137683 0.1950808394 0.2259354736 0.3201899800 0.3950219907 0.5863382074 0.7387325217 0.8498851746 0.9453568995 0.8224444598 0.6512755973 0.5387985756 0.3445311328 0.3068156065 0.2530642818 0.1979339965 0.1659091276 0.2583456591 0.2324907829 0.2017894689 0.1968444787 0.2155734757 0.1672480534 0.1618018056 0.1919867753 0.2052609089 0.1767343582 0.2307367247 0.1837949520 0.1744685382 0.2242159816 0.2069336715 0.1829291309 0.1716987118 0.1663384186 0.2361480340 0.2026318661 0.1986834658 0.2184279247 0.3308140767 0.4775806496 0.5808299575 0.7812819181 0.9196666730 0.9860643313 0.7971307539 0.6791671488 0.5076137516 0.3437907171 0.3048249581 0.2448029405 0.2686752343 0.2312051361 0.1713566338 0.1987669879 0.2165802313 0.2405056018 0.1276977913 0.2513868337 0.1962801970 0.1862555528 0.2140945522 0.1820541637 0.2325949218 0.2097890147 0.1784524453 0.2003147084 0.1683038886 0.1844399970 0.1852875810 0.1868983194 0.2102334048 0.2054886423 0.2186650112 0.2508076145 0.3153190831 0.4580806157 0.5568129047
0.1246428773 0.1806965408 0.1305950230 0.1605103628 0.2073909665 0.2010832914 0.2161814321 0.1940727960 0.2502652446 0.2722882832 0.4645980047 0.5669674307 0.7006901772 0.8907017672 0.8786337145 0.7793660998 0.5823005703 0.5069012117 0.3261181579 0.2642011329 0.2143511271 0.1726618236 0.1609537628 0.1844956589 0.1445666412 0.1830024292 0.1811412931 0.1630997729 0.1859439022 0.1709842766 0.2117497300 0.1811279938 0.2039380096 0.1692045244 0.1496258046 0.1966252387 0.1340333383 0.1851828873 0.1593371320 0.2125169964 0.1590210226 0.1758396852 0.2080528595 0.2120120806 0.2245347977 0.3147660169 0.4229366910 0.5737764117 0.7739125298 0.8568786278 0.8470712037 0.8070486427 0.6713359009 0.4715857103 0.3331295900 0.2607263895 0.2761344170 0.2013854838 0.2035593463 0.1717028941 0.1679315073 0.1248722795 0.2075338793 0.1533522362 0.1708896193 0.1542392213 0.2025287216 0.1852102404 0.1637672194 0.1439944128 0.2045570705 0.1910604070 0.2012978598 0.1455889762 0.1878029279 0.1785763682 0.1892294127 0.1974307416 0.1713286501 0.1932859218 0.2469623246 0.2934379675 0.4209258330 0.6119728695 0.7417707278 0.8488345615 0.9089460985 0.8247562883 0.6640444353 0.5021210500 0.2826221201 0.2829980008 0.1688964315 0.1722523707 0.1810275454 0.1576418752 0.2146504069 0.1597285314 0.1738027419 0.1805584884 0.1840446524 0.1753876675 0.1727790833 0.1398762831 0.1875130397 0.2139478607 0.1984151677 0.1956037964 0.1747608127 0.1967411730 0.1976632225 0.1964718243 0.1528023484 0.1940710941 0.1419453856 0.2339638278 0.2414478414 0.3029060495 0.4226061357 0.5351054118 0.8003334758 0.8692079039 0.8605969665 0.8547494754 0.6539093978 0.4931107213 0.3630766690 0.2679364512 0.2600360989 0.1983703320 0.1751187340 0.2282544530 0.1775372950 0.1942442157 0.2135987285 0.1610437182 0.1810210788 0.1906551681 0.1603672531 0.2045820130 0.2017804235 0.1442894957 0.1863308044 0.1618316019 0.1401516881 0.1950958348 0.1948416589 0.2016657315 0.1890618084 0.2314965239 0.2343593781 0.2071358193 0.2661172251 0.3349876397 0.4365051778 0.5298889284 0.7449652604 0.8023141528 0.9295142512 0.8052386254 0.6699683598 0.5149086829 0.4066207849 0.2632784804 0.2433569659 0.2059697281 0.2361714294 0.1977116089 0.2043877560 0.2246431354 0.2212371004 0.1799490287 0.1318402594 0.1484453565 0.1649825864 0.1733782128 0.2081035067 0.1869827648 0.1891372129 0.1915117648 0.1804896607 0.2194290943 0.2054847280 0.2099935051 0.2476680019 0.1578599738 0.2170825566 0.2091118199 0.2252675037 0.3336976438 0.4250003044 0.5718123196
0.1012425488 0.1319761356 0.1760944398 0.1882154834 0.1741185967 0.1918363724 0.1661142598 0.1507996711 0.2373742902 0.2943967893 0.3941923809 0.5479588643 0.7036245165 0.8342051006 0.9282351798 0.8279995522 0.6614786980 0.4866290065 0.3838394562 0.2650811071 0.1972068352 0.1683398156 0.1353470879 0.1728476177 0.1264328506 0.1395678130 0.1612155868 0.1737564874 0.1407084584 0.1682396535 0.1533891620 0.1656011007 0.1799390899 0.1600326792 0.2152121579 0.1559313790 0.1069605077 0.1638357391 0.1510532675 0.1225644225 0.1553210177 0.2052334556 0.1880025664 0.1991538336 0.2510286208 0.2950778318 0.3748138273 0.5740863681 0.7255268940 0.8382862021 0.9089375443 0.7832910490 0.6941042310 0.5374422410 0.3023711426 0.2671505994 0.2098571228 0.1491097987 0.1823102105 0.1468455909 0.1747068616 0.1834742676 0.1346952864 0.1250450299 0.1564993356 0.1897957944 0.1853367309 0.1861684819 0.1834251637 0.1618783967 0.2105833004 0.2351192450 0.1710527453 0.1582070754 0.1743909895 0.2077163978 0.1612701332 0.1514366976 0.1933658604 0.2251064113 0.2590500634 0.2623260723 0.3654368323 0.5549067152 0.7041552559 0.8810128660 0.9082657096 0.8274410468 0.6837508873 0.5013706713 0.4066934984 0.3076393749 0.2117956338 0.2307121362 0.1771250372 0.1311694553 0.1540657542 0.1951112542 0.1866776934 0.1862354436 0.1806614737 0.1665504896 0.1695199573 0.2243032581 0.1549533290 0.1866320015 0.1544317182 0.2079959656 0.2111405976 0.1981381456 0.1817124399 0.2007838365 0.1968900149 0.1839225006 0.1521083833 0.1869137865 0.2524504165 0.3188166910 0.3648158639 0.5245407334 0.7032764275 0.8332347309 0.9188952358 0.8101580369 0.6439656118 0.5077272180 0.3708993981 0.2775673918 0.2244015571 0.2053337294 0.1772197858 0.2062674764 0.1316424832 0.1758146450 0.1776209316 0.1923740550 0.1739350966 0.2102152894 0.1768415336 0.1801188378 0.1137451424 0.1881451177 0.2326431973 0.1984566364 0.2016866355 0.1790683832 0.1828873706 0.1654073267 0.1872005847 0.1820417694 0.2416067355 0.1935001841 0.2110347693 0.3197668047 0.4593422074 0.5413437317 0.7288727491 0.8685142399 0.9103007092 0.7990796059 0.6807916256 0.5255483370 0.3672373990 0.3169378957 0.1849641099 0.1473806899 0.1602460490 0.1690669986 0.1774972946 0.1806594919 0.2114112500 0.1552128436 0.1498416655 0.1487009187 0.1735373750 0.1424425472 0.1679541317 0.2045954436 0.2400383221 0.1217310608 0.1549079004 0.2347471642 0.1721338509 0.1852546841 0.1709783820 0.1383615913 0.1937477339 0.2174082579 0.1998957061 0.2984624968 0.3964011401 0.5578826614
0.1581708770 0.1555912869 0.1726789756 0.1113736707 0.1560334978 0.1762440096 0.1922508741 0.1863338080 0.1948110191 0.2825100756 0.3760524537 0.4797618774 0.6656445382 0.8318296343 0.9133801926 0.8592816386 0.6964287710 0.4756252265 0.3613944055 0.2723566256 0.2124680709 0.1974940091 0.1813727149 0.1790249241 0.1758361885 0.1286270259 0.1740801321 0.2022173714 0.2053657829 0.1127313926 0.1477603269 0.1177790244 0.2061878677 0.1400244351 0.1360164869 0.1319977568 0.1702668001 0.1625509838 0.1663288653 0.1333087522 0.1460287232 0.1491742569 0.1450021075 0.1921553271 0.2124877595 0.2472549348 0.3713401664 0.5114232460 0.6888035850 0.7995629977 0.8693762072 0.8184412413 0.6882702221 0.5085821552 0.3699614071 0.2307276889 0.1925132649 0.1923153673 0.1659596899 0.1310398032 0.1514538766 0.1115125021 0.1661201225 0.1690458268 0.1447402410 0.1455661582 0.1512283051 0.1879327029 0.1509232804 0.1886586677 0.1400418007 0.1215509866 0.1868750836 0.1873272862 0.1562630083 0.1820890158 0.1455181909 0.1462086673 0.1964331620 0.1736333039 0.2464435363 0.1994409739 0.3773209290 0.5195705040 0.6794437451 0.8454859801 0.8419466579 0.8601184975 0.7097813475 0.5402886206 0.4145845675 0.2823044734 0.2065530730 0.1920139342 0.1998779870 0.1592925965 0.1539021300 0.1574507527 0.1681315191 0.1318797985 0.1664865496 0.1615153656 0.1590312071 0.1245471436 0.1115579977 0.1987085262 0.2164792863 0.1248374607 0.1690304956 0.1979951626 0.1469263043 0.1529844463 0.1751372416 0.1372483042 0.1907887774 0.1739653820 0.2157620473 0.2524800146 0.4335511587 0.5056493419 0.6742179181 0.7969451414 0.8607454353 0.8256804118 0.6851021043 0.5126562397 0.4096535286 0.3355453269 0.2284134098 0.1695602921 0.1819518111 0.1561022578 0.1202349124 0.1453391823 0.1437288466 0.1880750701 0.1472635307 0.1641272151 0.1449716496 0.1737966542 0.1663130478 0.1713715840 0.1947015224 0.1669957789 0.1480407730 0.2327112610 0.1820066249 0.1765691412 0.1780430348 0.1759517055 0.1947959742 0.1878753703 0.2428116842 0.2409606587 0.3597452655 0.5437209238 0.6906568969 0.8218187791 0.8952700868 0.8380952141 0.7090196267 0.5697225699 0.3807506199 0.2865238923 0.1893459276 0.1932038721 0.1521361177 0.1893562540 0.1502559009 0.1367054261 0.1928707960 0.1951588342 0.2065373045 0.1005710149 0.1526544860 0.1845527976 0.1741687240 0.1490915892 0.1517593805 0.1247534472 0.1550773662 0.1646545899 0.1712009213 0.1670215417 0.2062771103 0.2170554173 0.1349861319 0.1733924138 0.2747576270 0.2837319690 0.4331053705 0.5599609978
0.1310752780 0.1062922183 0.1776129160 0.1515073568 0.1256014396 0.1648878755 0.1430582995 0.1337392324 0.2056843134 0.2635779844 0.3587610626 0.5044598586 0.6434687202 0.7915919496 0.9132759529 0.8542746696 0.7086339527 0.4926392275 0.3900120498 0.2654240218 0.2012345113 0.1935296803 0.1938020775 0.1776768221 0.1563121828 0.1280863053 0.1233840325 0.1488547173 0.1849969992 0.1450110585 0.1567756016 0.1358251901 0.1367696414 0.1795663096 0.1522261695 0.1175846860 0.1659128546 0.1450211311 0.1654967704 0.1921144783 0.0961655739 0.2004114474 0.1674327873 0.1686436989 0.1648250860 0.2483632361 0.3388021373 0.4884383405 0.6844624327 0.8232082372 0.9179376497 0.8724949293 0.6735005253 0.5321486342 0.3836875255 0.2931265580 0.2146444145 0.1751058671 0.1538198359 0.1790738315 0.0987163218 0.1461328513 0.1286751767 0.1582445940 0.1862868077 0.1252459006 0.2050308365 0.1572380528 0.1409331394 0.1484830742 0.1861068433 0.1771853107 0.1446745872 0.1864462294 0.1880025400 0.1075905588 0.1565098701 0.1260254991 0.1590160919 0.1909919392 0.2053736801 0.2254181418 0.3977002304 0.4971907069 0.6635947507 0.8311240670 0.8836135133 0.8190304879 0.7077658163 0.5596234349 0.3935640950 0.2735618341 0.2032940680 0.1679488428 0.2024127465 0.1583710831 0.1654993991 0.1491422766 0.1109227897 0.1551758683 0.1104170263 0.0950241893 0.1629220460 0.1675954057 0.1304186123 0.1147465074 0.1555018643 0.2143765914 0.2146153795 0.1359671049 0.2017299922 0.1774849072 0.1898065037 0.2032342597 0.1423100086 0.1264914431 0.2035449206 0.2588705311 0.3733932832 0.4520085144 0.6778131076 0.8790964873 0.9203175505 0.8370697609 0.7528740253 0.5528832300 0.4122807102 0.2618026440 0.2283200749 0.1482294226 0.1827545816 0.1812384250 0.1122727646 0.1894907159 0.1217927648 0.2065685555 0.1813205739 0.2138843605 0.1727163292 0.2033512393 0.1734430368 0.1972190357 0.1271796103 0.1357817584 0.1419900030 0.1067199707 0.1533731917 0.1354353901 0.1410618934 0.1609006013 0.1445054223 0.1929230445 0.2045488557 0.2290181526 0.3421301488 0.4407981006 0.6724436964 0.8254281662 0.8578936866 0.8728921456 0.7038218115 0.5586513356 0.4272013839 0.3297457328 0.2277563318 0.2092910022 0.1754828201 0.1444701360 0.1356551334 0.1582265663 0.2096051759 0.1744155011 0.1980352299 0.1905957076 0.1519253195 0.1479373383 0.2230882137 0.1624613055 0.1516155121 0.1845784222 0.1987836197 0.2345074025 0.1968571757 0.1727320932 0.1680571577 0.1875064934 0.1481756399 0.1898561421 0.2300485256 0.2269525407 0.3452646133 0.5599328485
0.1109470654 0.1274554317 0.1043469820 0.2191715152 0.1132056259 0.1368517106 0.1240153440 0.1894607516 0.1648816978 0.2385043064 0.3205939960 0.4649153164 0.6825580210 0.8101487675 0.8868935390 0.8116245109 0.7142474768 0.5225879494 0.4409657155 0.2422559557 0.2233148920 0.1763087782 0.1203626893 0.1566152857 0.1094240420 0.1867021000 0.1596405662 0.1782859074 0.1228318400 0.1789904256 0.1282352343 0.1040733426 0.1321656650 0.1360755209 0.1760343836 0.1511858547 0.1923800539 0.1528978956 0.1801565684 0.1491134301 0.1218389006 0.1733850771 0.2113545651 0.1837587617 0.2539448183 0.1977881757 0.2630661479 0.4200626583 0.6471328490 0.7766856910 0.8677231287 0.8519164822 0.6854024115 0.5248994576 0.3939839134 0.3207569334 0.2007140565 0.1220020500 0.1227687729 0.1589611300 0.1426063969 0.1322223583 0.1911000431 0.1827291747 0.1492578544 0.1545100704 0.1369073795 0.1425255742 0.0558667750 0.2088007034 0.1503065918 0.1358400815 0.1450282673 0.1659639035 0.1430811963 0.1640842103 0.2241738067 0.1877318890 0.1701695151 0.1052266915 0.1534547957 0.2664340976 0.3391303751 0.4964611689 0.6422110536 0.7339000983 0.8973455292 0.8277649720 0.7112383470 0.5452333099 0.3770520103 0.3099354665 0.1883184634 0.1609356595 0.1380891369 0.1525657905 0.1744790958 0.1372336760 0.1786304322 0.1674510211 0.1981121466 0.1702926885 0.1527983644 0.1657060031 0.1197950102 0.1420169185 0.1599998662 0.1698575824 0.1177569337 0.1656588766 0.1379486245 0.1257935422 0.2002886916 0.2166285627 0.1715211530 0.2348455056 0.2250408546 0.3025674671 0.3638999444 0.4966692733 0.6806861208 0.7871544908 0.8973822271 0.8645059297 0.7738852275 0.5389754112 0.4286449392 0.2585516653 0.2404212410 0.1756192370 0.1431913427 0.1946876783 0.2120495618 0.1825209924 0.1429368710 0.1614039712 0.1409642011 0.1879320599 0.1448846904 0.1643017759 0.1747614731 0.1717412007 0.1630410036 0.1495366047 0.1415714526 0.1966247970 0.2015904256 0.1633728694 0.1443254279 0.1783365128 0.1606936603 0.1677431631 0.1647507988 0.2695105762 0.3439664720 0.5036835849 0.6886170293 0.7908019035 0.8722991378 0.8915358384 0.7326945587 0.5709154665 0.4270342780 0.3217724936 0.2008752802 0.2381839103 0.1565785621 0.2072965244 0.1838265220 0.1300333978 0.1675868483 0.1714056651 0.1459823202 0.1436603731 0.1801694611 0.1525143774 0.1126979616 0.1239440484 0.1753550980 0.2054669433 0.2013190642 0.2315414184 0.1551274301 0.1721083120 0.1983384976 0.2284039821 0.1552095894 0.2134850710 0.2194535469 0.2211667306 0.3148487807 0.5543790591
0.1678689391 0.1309239311 0.1094056862 0.1178530738 0.1426481853 0.1467840227 0.0816501687 0.1969449211 0.1755662123 0.2634163099 0.3374839552 0.5071253535 0.6389260823 0.7802781246 0.8484376871 0.8750906692 0.7293724633 0.5921392092 0.3983812925 0.2583604261 0.2022399530 0.1959328729 0.1844754549 0.1442154548 0.1409106297 0.1088884044 0.1535363148 0.1877421845 0.1654074722 0.1600624337 0.1606776581 0.1276823455 0.1488042644 0.1735670426 0.1429832636 0.1306541172 0.1353952458 0.1651533055 0.1213790933 0.1967715306 0.1716361060 0.1445793492 0.0953505882 0.1737680865 0.1721475189 0.2143109187 0.3410028011 0.4665047448 0.6365323253 0.7954365039 0.8570115914 0.8979424851 0.7504159063 0.5284768664 0.4504141062 0.2850482051 0.1926996881 0.1344289755 0.1525405438 0.1479601156 0.1636761805 0.1741141642 0.1499972003 0.1529069964 0.1650742391 0.1581567902 0.1072401742 0.1566566356 0.1617001737 0.1475848862 0.2162920964 0.1363433441 0.0892676452 0.1743338316 0.0842206272 0.1580978638 0.1142260248 0.1986370935 0.1516866791 0.2132375574 0.1977835817 0.2249985230 0.3498060168 0.4635793391 0.6519023404 0.8220164328 0.8796943823 0.8956542589 0.7222980068 0.5850636098 0.4328792646 0.3338153708 0.2110111719 0.2077954057 0.1181412699 0.1058778135 0.1002194054 0.1520016318 0.1531642063 0.1344068604 0.2144749348 0.1842394139 0.1227228949 0.1356219818 0.2063854075 0.1844803968 0.1372572932 0.1773050903 0.2528085901 0.1876569978 0.1598111693 0.1590907539 0.1864403541 0.1890565447 0.1917995052 0.1947795040 0.1623774540 0.2769001958 0.2651868128 0.4435051231 0.6522287570 0.8326619625 0.9031011225 0.8807396026 0.7578326807 0.5984824560 0.3962146605 0.3362833062 0.2292730287 0.1629831469 0.2025569725 0.1446943646 0.1817786553 0.1584601929 0.1787211214 0.1906146543 0.2080502676 0.2073841775 0.2142228693 0.1654036276 0.1645158789 0.1391139202 0.1798436351 0.1587389579 0.2044494065 0.1664264818 0.1363782593 0.1471621282 0.1646979619 0.1973417568 0.2069922445 0.1784717411 0.1541511476 0.3072091239 0.3424280570 0.4419252578 0.6847155651 0.7877057588 0.8426721568 0.8522604722 0.7355323357 0.5677332320 0.3942904284 0.2984547430 0.2118476190 0.1398324699 0.1882204930 0.1681375439 0.1817432686 0.1400237222 0.2159876287 0.1453107645 0.1775722653 0.1368076225 0.1200695264 0.2073666067 0.1577463019 0.1752608089 0.1444714227 0.1356449112 0.1266414765 0.1783405840 0.1716341846 0.1417378247 0.2000592233 0.1227961737 0.1452561502 0.1735818939 0.1972684794 0.2320974749 0.3244309744 0.4603505983
0.0962255887 0.1825212772 0.1154209007 0.1741501643 0.0842936847 0.1256352655 0.1817751188 0.1586899227 0.1793434505 0.2201083046 0.3048715395 0.4111076308 0.6025220788 0.7955227459 0.8727153983 0.8474578648 0.7379814585 0.5294799759 0.4128848461 0.3113425494 0.1853299368 0.1712591965 0.1643058048 0.1829136934 0.1461249186 0.1311020074 0.1756451342 0.1191321805 0.1519903710 0.1891020933 0.1428666150 0.1580808344 0.1334674937 0.1811230390 0.1126361656 0.1812870995 0.1113434391 0.1636741163 0.1209137550 0.0986890892 0.1610635656 0.1891827563 0.1490178811 0.1081081733 0.1614318223 0.1728326671 0.3214667220 0.4333503943 0.6497255061 0.7706866137 0.9040851284 0.8775165952 0.7193442448 0.5714574612 0.4692487422 0.2731657027 0.2153415015 0.1805487127 0.1460305590 0.1504614439 0.1534697579 0.1205225876 0.1507314424 0.1802009716 0.1364651571 0.0996775340 0.1699885214 0.1742026178 0.1139880864 0.1680543578 0.1660113032 0.1547017905 0.1436346300 0.1960911553 0.1427678069 0.1420545279 0.1405125196 0.1531591347 0.1535974545 0.1801025033 0.1602755636 0.2104378822 0.3364703156 0.5033192005 0.6374512599 0.8057596178 0.9213486660 0.8648335481 0.7785769786 0.6139585974 0.4185206349 0.2837121288 0.2289287082 0.2443865797 0.1561416738 0.1700417116 0.1732187148 0.1535473024 0.1730187499 0.1736408950 0.1670944370 0.1688650893 0.1405511039 0.1381253572 0.2000452866 0.1590124672 0.1609884617 0.1589336403 0.2009086183 0.1427234386 0.1773313734 0.1507831344 0.1353218764 0.1349335386 0.1272106750 0.1513206327 0.1298026029 0.2800551713 0.3607274976 0.4524999299 0.5851452156 0.6968145839 0.8800210737 0.8870341053 0.7575760232 0.5309177233 0.4568409227 0.3205072461 0.2365672462 0.2271414362 0.1566628856 0.1263960464 0.1582059463 0.1697622119 0.1959361090 0.1552989585 0.1720105953 0.1640694633 0.1508139045 0.2218967498 0.1655479994 0.1612617270 0.1733982752 0.1978849623 0.1771391271 0.1610490897 0.1308497045 0.0960180054 0.1600179001 0.2022826395 0.1568768880 0.2271333180 0.1810738779 0.2604958675 0.3751022597 0.5343293605 0.6030203459 0.7453156347 0.8601528527 0.9075416099 0.7972020968 0.5603898393 0.4505569218 0.3478231054 0.2245167606 0.1973116964 0.2095695858 0.1641351150 0.1508944550 0.2443143065 0.0931877335 0.1817023165 0.2021541864 0.1983341366 0.1930166411 0.1931777758 0.2110481759 0.1224161229 0.1394855593 0.1268559889 0.1626180459 0.1770574329 0.2256835624 0.1598052342 0.1594937038 0.1427358607 0.1787436748 0.1804886134 0.1731434039 0.2179155015 0.3003067440 0.4394225250
0.1387137842 0.1574437922 0.1226506560 0.2108365193 0.2094573070 0.1120389129 0.1323326164 0.1625993106 0.2101351805 0.2227475753 0.2834414137 0.4139621596 0.5862584133 0.7559360334 0.8868708612 0.8502869892 0.7662741935 0.6220804715 0.4071723267 0.3448886516 0.2063101819 0.1935073522 0.1669817182 0.1432254432 0.1999334177 0.1438968059 0.1408623292 0.1061637029 0.1916572770 0.1828347669 0.1424150756 0.1477535922 0.1799632313 0.1556050533 0.1777510309 0.1649160115 0.1355622147 0.1158434199 0.1843889950 0.1368393246 0.1383174856 0.1900168088 0.1442761381 0.1871765845 0.2091723270 0.2606143560 0.2662831511 0.4095767735 0.5967388045 0.7321582240 0.8937671483 0.8890326392 0.7631921850 0.6270298004 0.4381000862 0.3435001279 0.2056603203 0.1848896057 0.2094287336 0.1190540330 0.1116010400 0.1997425871 0.1546614781 0.1636264522 0.1688893329 0.1153701552 0.1198842139 0.1535234400 0.1599944911 0.2010478537 0.1290776018 0.2114497035 0.1767999631 0.1499719811 0.1758559298 0.1867840357 0.1521166980 0.1813781382 0.1489413270 0.1603995372 0.2278377189 0.2729816411 0.2751382663 0.3944755303 0.6055236641 0.7359376124 0.8804577117 0.8765975237 0.7173663906 0.5811217864 0.4538966669 0.2955278574 0.2572631084 0.1803403624 0.1632480802 0.2151966148 0.1730897367 0.1433559387 0.1877537171 0.1618190318 0.1560663931 0.1776902356 0.1593564846 0.1508562918 0.2006128671 0.1873895563 0.1694432150 0.1656456915 0.1459656994 0.1368441715 0.1240365194 0.1823504895 0.2100209079 0.2043030244 0.1972797572 0.1260578960 0.2232472097 0.2815399858 0.3140969072 0.4498626769 0.6630959298 0.7845699441 0.8766756713 0.8412805039 0.7812248404 0.6225340552 0.4056816134 0.2858848137 0.1965488807 0.1999953931 0.1965346910 0.1494078547 0.1617843562 0.1753334349 0.1238742349 0.1385207875 0.1525694867 0.1255340705 0.1746005953 0.1599644580 0.1253247217 0.1675622990 0.1467011098 0.1595402148 0.1565632935 0.1859731387 0.1822235155 0.1896075094 0.2025386471 0.1642846705 0.1026912394 0.1682653057 0.2482209563 0.2461533959 0.3068374650 0.4275789243 0.6037748566 0.7773568972 0.8980673582 0.9007899975 0.7907237510 0.6166796719 0.4202625726 0.3148894835 0.2270034577 0.1879200645 0.2202174130 0.1545851726 0.1666394355 0.1659025279 0.1589852207 0.1596909313 0.1122305569 0.1926503428 0.1624644104 0.1922725524 0.1919605554 0.1962029475 0.1805444158 0.1629205962 0.1262859290 0.2239134658 0.1740751199 0.1967456342 0.1602081211 0.1798282540 0.2166809302 0.1799574337 0.2261515809 0.2695329382 0.3203966614 0.4461386616
0.1410567746 0.1288376026 0.1692234111 0.1729855564 0.1773275836 0.1535878571 0.1803393675 0.1987319985 0.2230647977 0.1943906330 0.2570276026 0.4343148050 0.5646042875 0.7293220587 0.8968938057 0.8633066429 0.7804788478 0.6132328646 0.4830046724 0.3482642538 0.2322370176 0.1829415117 0.1616133903 0.1952244226 0.1944239435 0.1806775058 0.1678961053 0.1456291557 0.1653637774 0.1347879271 0.1649362447 0.2163426010 0.1271228527 0.1914869948 0.1602572228 0.1706456573 0.1895471455 0.1384607688 0.1223311038 0.1587320132 0.1887446993 0.1655073681 0.1184380256 0.1544347636 0.1814411119 0.2573432542 0.2902967154 0.4143145927 0.5979532233 0.7298986298 0.8363657328 0.9205730645 0.8178778777 0.6915353419 0.4652160970 0.3298149823 0.2305724317 0.1837002132 0.1845610445 0.2036606045 0.1695846217 0.1477159453 0.1844895352 0.1905726376 0.1878114874 0.1320380926 0.1526576721 0.1692545507 0.1558312534 0.1988062274 0.1696276240 0.1885524527 0.1629083362 0.2027900818 0.1732780342 0.1340014946 0.1802464701 0.1690064090 0.1954202133 0.0757803249 0.2043171177 0.2193390375 0.3380782653 0.4658072948 0.5603175777 0.7627648775 0.8477554187 0.8596045892 0.8483250482 0.7218588924 0.4541462440 0.2545650789 0.2137473579 0.1799758075 0.1462199194 0.1515245097 0.1755709177 0.2570213936 0.1716825216 0.1758398568 0.1875934963 0.2114906635 0.2034576408 0.1676978257 0.1799476464 0.1659394085 0.2020203133 0.1782260996 0.1427981106 0.2307338173 0.1599879579 0.1740545200 0.1283968912 0.1589948425 0.1869185890 0.1530211777 0.2359147525 0.2203906845 0.3691238191 0.4588781420 0.6144901295 0.7985520072 0.8927934542 0.9259842952 0.8071669038 0.6273987688 0.4290102346 0.3386919371 0.3023571914 0.2381591042 0.1509838933 0.1456101487 0.1764123001 0.1988291273 0.1643258035 0.1812928741 0.1813299638 0.2159138357 0.1244646987 0.2217360104 0.1801036120 0.1788988897 0.2554115871 0.1497445980 0.1876054723 0.1380408265 0.1899186047 0.1503287589 0.1999775438 0.1882751699 0.1840499694 0.1377790839 0.1237583468 0.2190157967 0.3430459626 0.4686384557 0.5970294077 0.7438553832 0.8664415685 0.9399173954 0.8180305931 0.6434643714 0.4750385851 0.3211318279 0.2339320536 0.1987737501 0.2045988102 0.2501063303 0.1897553068 0.1768781050 0.2217140039 0.1759967071 0.1577444813 0.2035011040 0.1838991861 0.2124797352 0.2165807661 0.2030594609 0.1503095304 0.2071228240 0.1261198402 0.2401921083 0.1952643562 0.2327557692 0.1951359260 0.1996059557 0.2357307416 0.1945629157 0.1812955847 0.2471490174 0.2859039648 0.4162740468
0.1499519134 0.1597072244 0.1604316705 0.2108913980 0.1763341317 0.1686913419 0.1486347348 0.1858334066 0.2322147057 0.2007191231 0.3179988221 0.4135568892 0.5803333793 0.7079578414 0.8807721325 0.8962042850 0.7811856512 0.6195344389 0.4898840940 0.3258145838 0.2148444220 0.1886223861 0.2329308656 0.2268297442 0.1657100136 0.1208409920 0.1992439371 0.1827962675 0.1822652368 0.1458219107 0.1878328412 0.2137367108 0.1680180924 0.1462345012 0.1902427575 0.1912023677 0.1842318815 0.1561914832 0.1904408716 0.1368685415 0.2268176961 0.1220460821 0.1876059809 0.2013217149 0.1544903281 0.2178332895 0.3050827948 0.4387323046 0.5555091192 0.7700043561 0.8743552898 0.8920528999 0.7937164964 0.6752525096 0.4355542850 0.3056336472 0.3195108304 0.2075507381 0.1863500943 0.2133749983 0.1927922203 0.1569800331 0.1752141882 0.1758296133 0.1907198568 0.1639315092 0.1494970980 0.1989360454 0.1633865380 0.2086544312 0.1558976368 0.1262257856 0.1615135754 0.1582172263 0.1989148899 0.1291686972 0.2351973694 0.1687085407 0.1911620042 0.2285359692 0.1923956305 0.1771401382 0.3354082131 0.3997014091 0.6171977229 0.7677737298 0.9182101234 0.8871028140 0.8446141022 0.6866192229 0.5009274925 0.3568393496 0.2463966943 0.1865593907 0.2254229416 0.1863376745 0.1994302523 0.1494116592 0.1725592612 0.1992068790 0.1609770934 0.1593878688 0.1892236835 0.2465296333 0.1832958911 0.1558454718 0.1850129772 0.1595171367 0.1424428411 0.2150853408 0.1917126720 0.2116044549 0.1453337479 0.2039005661 0.1662289603 0.2003207133 0.2224095449 0.2414706756 0.3578430437 0.4816425618 0.5757878931 0.7404448535 0.9369854205 0.8880959731 0.8050909581 0.6502142510 0.5077083376 0.3587058603 0.2410783742 0.2642622946 0.2472945311 0.1889201186 0.1921554745 0.1742470956 0.1568821656 0.1694731029 0.1393605150 0.1792887655 0.1716028691 0.1988790019 0.1923070896 0.2048368904 0.1774924982 0.1971091242 0.1628442708 0.1425741920 0.2082791454 0.1972966784 0.2041091386 0.1640710487 0.1777863634 0.2150296640 0.1658016775 0.2049860356 0.2496579625 0.4787785610 0.5930471284 0.7635392817 0.8809482660 0.8966616544 0.8182877472 0.6711285977 0.4752834004 0.3691510341 0.2635848029 0.1788629150 0.1913057258 0.2160201365 0.2243614249 0.2073490649 0.1806506864 0.1623836423 0.2552839751 0.2124078669 0.2178666978 0.1565502152 0.2001761880 0.1730427677 0.1488631267 0.1936324354 0.2301992290 0.1965495809 0.1888401875 0.2084333518 0.2600885530 0.1799352492 0.1913195014 0.1430493254 0.1910353152 0.2758866932 0.3672217941 0.4432974397
0.1975972178 0.1784556325 0.1838884719 0.1712960791 0.1727986100 0.1892883580 0.1746881338 0.1404491165 0.1774957953 0.2418714509 0.3009624986 0.4113299993 0.5301230791 0.7341594786 0.8540563369 0.9050287890 0.8443344618 0.7052220192 0.5226722635 0.3885834842 0.2822321811 0.2105100885 0.1672854214 0.1400620210 0.1566555504 0.1729769460 0.1369547175 0.1849142987 0.2266709046 0.1586949927 0.2054599138 0.1612407210 0.1545045418 0.1682521001 0.1685548697 0.1933560421 0.1686857413 0.1450919072 0.1795417098 0.1560150795 0.1947116243 0.1891031517 0.2185039646 0.1562051210 0.1475818313 0.2352299712 0.3635306706 0.3986552636 0.5325597867 0.7048126747 0.8502963489 0.8513018826 0.8633780128 0.7133816522 0.5335138878 0.3719331816 0.2361440401 0.2764012621 0.2036277634 0.1381334133 0.2525423546 0.1556201127 0.2134438789 0.1601704859 0.1534168282 0.1810695335 0.2004303720 0.1432874371 0.1944900692 0.2672194569 0.2110667471 0.1680684647 0.1959806878 0.1330837795 0.2116141262 0.1650863137 0.2253847502 0.1186245140 0.1914793135 0.1390055721 0.2701595402 0.1984828190 0.2844299195 0.4463518748 0.5124000665 0.7682230265 0.8904227819 0.8727968608 0.8593570920 0.7261026558 0.5345915622 0.3683998477 0.2735747160 0.2452692176 0.2045679188 0.1523050671 0.1980037877 0.1887474978 0.1764557916 0.1753802259 0.2079023250 0.2249699612 0.1896376766 0.1807370116 0.1763916010 0.1557306846 0.1668351821 0.2056758153 0.2507663979 0.1968795050 0.1555782873 0.1944882545 0.2344669386 0.1773110157 0.1913287991 0.2118184557 0.1819953178 0.2773800763 0.2915112734 0.4112641022 0.5339089194 0.7461435437 0.8038169931 0.8787223728 0.8395073433 0.6536165929 0.5216804154 0.3961329552 0.3088964114 0.2201789844 0.1638961766 0.2353430747 0.2314141578 0.1806918301 0.1870069690 0.1537380188 0.1557336550 0.2088748438 0.2063039366 0.1580962900 0.1697954098 0.1619393121 0.1816153373 0.1864057299 0.2022214103 0.1805078107 0.2297490639 0.2061818847 0.2128760503 0.1965702820 0.2070158532 0.1930546947 0.2295502550 0.2749145382 0.3138348627 0.4540463862 0.5589857952 0.7470025354 0.8778273478 0.9092626937 0.8664245726 0.6837528447 0.5077016103 0.4179385159 0.2576873131 0.2756160186 0.1607612299 0.1903114989 0.2092817916 0.2567454443 0.1758990902 0.1733036414 0.2078953257 0.1663878437 0.2133455646 0.1772391914 0.1914013495 0.2039944091 0.1748429906 0.1767042877 0.1954453310 0.1987507862 0.1736447126 0.1799741732 0.2013184091 0.1910355019 0.1665321560 0.2309839604 0.2471706468 0.2333821498 0.3341281224 0.4269482830
0.1957229560 0.1666641850 0.1759207014 0.1776967898 0.1432159431 0.2186751171 0.1601596111 0.1823712859 0.1419092844 0.2150264365 0.2958137839 0.3932662446 0.5104660074 0.6800032507 0.8820076025 0.9053333489 0.8395344506 0.7053309951 0.5189556386 0.3597049044 0.2645677984 0.1752208403 0.1937683175 0.1655402659 0.1526639051 0.1340514893 0.1629620811 0.1825219959 0.1744280609 0.1629446953 0.1582029559 0.2219683320 0.1867719419 0.1864048933 0.1821528370 0.2071898452 0.1585261772 0.1478392185 0.1686528865 0.1993626008 0.1798811773 0.2120615400 0.1748611821 0.1806644208 0.2118203059 0.2066581394 0.2729460154 0.4020326120 0.4806455796 0.7184622508 0.7998830030 0.8410445185 0.8516453711 0.6960386591 0.5649082020 0.3980471480 0.3120164336 0.2572712085 0.1927709514 0.1450237715 0.1770031493 0.1618383181 0.1768650708 0.1877252634 0.1505136046 0.1684040009 0.2352269665 0.2277598286 0.1994378491 0.1665774551 0.1798566113 0.2499426772 0.1481567327 0.1874380051 0.1982115432 0.2051503317 0.2087080471 0.1760590010 0.1877606400 0.2094024687 0.1867832294 0.2274765359 0.3095193455 0.4062100800 0.5502163044 0.6845376093 0.8510135724 0.9268751353 0.8355548654 0.6720072258 0.5415601354 0.3682391536 0.2478604519 0.1866494294 0.2334375175 0.1941374178 0.1602219259 0.2478621171 0.1951717884 0.2235279320 0.2210180785 0.1345941153 0.1705671195 0.1737106703 0.2355793739 0.1762022500 0.1354252484 0.2042940149 0.2071464050 0.1915584687 0.1870237162 0.2268148592 0.1536926190 0.1734108670 0.2200802324 0.2131744968 0.2109719935 0.2299686957 0.3042631004 0.4292384616 0.5729529366 0.6309467844 0.8665907255 0.9109202509 0.8416236561 0.6542133793 0.5770218591 0.4125167881 0.2430698113 0.2309568674 0.2367203985 0.2365022452 0.1875544297 0.1943041610 0.2052334167 0.1547940831 0.1744234783 0.1725929640 0.1385039009 0.1795039241 0.1349511806 0.2204912597 0.2092747344 0.1771255985 0.1248578341 0.2379650478 0.1610015418 0.2073705784 0.2298781685 0.1972828305 0.2274811040 0.2232378076 0.2166139931 0.2121237051 0.2681913202 0.4222297747 0.5846895026 0.7071290405 0.8437813053 0.9318612555 0.8494048719 0.7081118822 0.5222599488 0.4313251958 0.2996212017 0.2446960345 0.2265087095 0.2075805375 0.1607999350 0.2140866487 0.2064312686 0.1809815100 0.1503226259 0.2188348124 0.2690899939 0.1715880966 0.2064760430 0.2024849653 0.2014818259 0.2205801514 0.1842296101 0.2395620987 0.2090149536 0.1810591482 0.1375984963 0.2124176566 0.2097686132 0.1708318875 0.1962005430 0.2337977565 0.2940593516 0.4341665555
0.1624966876 0.1547587619 0.1515723298 0.1397565895 0.1641615027 0.1764193907 0.1937465809 0.2023806386 0.1951652441 0.1663472035 0.2869531148 0.4453938803 0.4950012787 0.6453579918 0.8507365263 0.8802476650 0.8704772523 0.6732030538 0.5230567919 0.3801573581 0.2579074972 0.2339852684 0.1760347114 0.2063680066 0.1925592146 0.1969395964 0.1651017868 0.1710949580 0.1797855168 0.1837218134 0.1482466247 0.2048962293 0.2494548558 0.1961544348 0.2193444407 0.2220549817 0.1726954414 0.1938533970 0.1928224016 0.1493495502 0.1843604773 0.2011161789 0.0942756724 0.2055129497 0.1375748021 0.2272649441 0.3115477075 0.3354080139 0.4988413891 0.6908728813 0.9008239038 0.8742116021 0.8395359955 0.7172850556 0.5906882451 0.3653050375 0.3341837893 0.2161361477 0.1539704275 0.1992146893 0.1865971230 0.2353606583 0.1425581803 0.1741129556 0.2093376236 0.1640985277 0.1843845361 0.1969384444 0.2450608193 0.1867793181 0.1556766589 0.2131228400 0.1587133920 0.2041335332 0.1444098677 0.2116997982 0.1975727462 0.1984094766 0.1566513099 0.1358712009 0.2025823651 0.2113990373 0.3135274630 0.3660846154 0.5606457044 0.7555052194 0.8960719239 0.8768350206 0.8956972242 0.7127712668 0.5745407907 0.4133909211 0.2774973471 0.2444170006 0.2011484499 0.1915010697 0.1831204890 0.2077707633 0.1990285076 0.1531252265 0.1313033299 0.2132487741 0.2189145652 0.1904169525 0.1376805432 0.1508389496 0.1747612376 0.1948841390 0.1826653747 0.1928569520 0.1545907274 0.2224523040 0.1445227157 0.1846224762 0.2170636649 0.2306728952 0.1818155526 0.2638927245 0.2873555457 0.3946197073 0.5506584127 0.6947668253 0.8502852604 0.9698609921 0.8624819994 0.7140740365 0.5541346560 0.3976839279 0.2702211520 0.2570746024 0.2253213935 0.1871452784 0.1999160986 0.1501393804 0.1928067925 0.1600583697 0.1689788121 0.1815609458 0.1868715824 0.1658947000 0.2285813868 0.1770603973 0.1837022346 0.1963627331 0.1458568734 0.2099986613 0.1751585095 0.2177694337 0.1941126809 0.2009051454 0.1948419459 0.1655163699 0.2025513341 0.1953691642 0.3366805422 0.4611522633 0.5902682989 0.7376826525 0.8677495134 0.8822074748 0.8835242828 0.7007500749 0.6072939916 0.3627030487 0.3551069820 0.1976093035 0.2427290621 0.1900094380 0.2074686237 0.2248760037 0.1833143318 0.1733517321 0.2286721274 0.1841362144 0.1470359337 0.2253069482 0.2187821447 0.1857501455 0.1868814877 0.2355495696 0.2190709618 0.2274397889 0.1608432287 0.1975065144 0.2200849282 0.1971963186 0.2388780081 0.2333939833 0.2086806825 0.2413893383 0.3089842909 0.4213931879
0.1825710453 0.1917797024 0.1978313413 0.1890158017 0.1373372243 0.1712864650 0.1791064795 0.1920702274 0.1497647906 0.2325247437 0.2429931314 0.3757449768 0.4975068916 0.6489076423 0.8754005330 0.8875474455 0.8693023756 0.7193477984 0.5757642250 0.4321306298 0.2581750105 0.2356270983 0.1598050489 0.2013302892 0.2034154578 0.1433549573 0.1914980330 0.1409037569 0.1567726296 0.1682939355 0.1751855423 0.1647074762 0.1758371412 0.1789962736 0.2122400881 0.1703029612 0.1761246594 0.1712245142 0.1940404176 0.1865681428 0.1702202015 0.2138089852 0.1867885084 0.1595564291 0.1916463635 0.2219443982 0.2441350221 0.3702539982 0.5015538453 0.6444709344 0.8267277639 0.9114859964 0.8634208298 0.7769205975 0.5164941104 0.4442872583 0.2702576591 0.2242919854 0.2145432795 0.1639143743 0.1819187345 0.1596900730 0.1031625089 0.1810130908 0.1738597822 0.2072476373 0.2293198484 0.1880152363 0.1649240796 0.1587488810 0.1688355250 0.1982405163 0.1148520527 0.1594047927 0.1713836028 0.1567108601 0.2019209019 0.2306060026 0.2190585879 0.1977954468 0.1802801413 0.2237570821 0.2559184362 0.4320399380 0.4663825419 0.6414188699 0.8087158471 0.8768336248 0.8724493259 0.7591167338 0.5286558727 0.4294528426 0.2824724278 0.2826375257 0.2185443598 0.1789889383 0.1715957476 0.1675146734 0.2131827718 0.2082825197 0.1715312013 0.2151580090 0.2022687968 0.1706787679 0.2252850857 0.2103986008 0.2144500578 0.1909086426 0.1740079198 0.1771616808 0.1862238792 0.2083480655 0.1902120412 0.1546787252 0.1926443995 0.1998179486 0.1857802459 0.2077231959 0.2761847354 0.4319162042 0.5441807863 0.7606966395 0.8216219901 0.8974353280 0.8776704434 0.6819197554 0.6160236224 0.4042296169 0.2883288137 0.2295607215 0.1925377791 0.1540584248 0.1647953740 0.1795975386 0.1368653646 0.1463740945 0.1850991413 0.1755353172 0.2009113838 0.1771340514 0.1837550757 0.1987442512 0.2105314686 0.1906172564 0.2047966933 0.2405607563 0.1654605369 0.1897858684 0.1852259457 0.1669880469 0.2087844409 0.2221347361 0.2605770925 0.2318945653 0.2912885758 0.3319191221 0.4825722449 0.7396992491 0.8298934239 0.9236424409 0.8330560828 0.7626651551 0.5754011562 0.4629924214 0.2855878076 0.1960370220 0.2314967425 0.2461261287 0.2021344378 0.1711503602 0.2095909557 0.2112231040 0.1972159498 0.2181311107 0.1417767808 0.1739224348 0.1877245195 0.1865125140 0.1649417893 0.1592331324 0.1711086184 0.1883653719 0.2330570792 0.1500803141 0.1927181696 0.1970011676 0.1995715635 0.2142199071 0.2580346582 0.2276583253 0.3134635956 0.4079010895
0.1915028977 0.1733291298 0.1951612710 0.1773303322 0.1578944183 0.1944047637 0.1850491377 0.1419841989 0.1851173861 0.1909233833 0.2491084868 0.3649521081 0.4274245007 0.6207549437 0.7307767757 0.8825754504 0.8560371468 0.6809849352 0.6363885515 0.3960938290 0.2836654016 0.2628227233 0.1518635064 0.2299686419 0.1907418206 0.2045455067 0.1496355136 0.1835776928 0.2002724680 0.1478553206 0.1648292766 0.1746090997 0.1323668515 0.1583983215 0.1886489045 0.2332168906 0.1926907856 0.1859751626 0.2081544995 0.1223265218 0.1868895241 0.1575340681 0.1513530816 0.1679556677 0.1610281840 0.2092099602 0.2538090159 0.3522837037 0.4958971815 0.6803634371 0.8118640035 0.8859578578 0.8736182280 0.7386413551 0.5796848346 0.3855271874 0.3119279811 0.2533423328 0.1862386171 0.1617408149 0.1102625206 0.1999520001 0.1796318491 0.1605706195 0.1618197017 0.1304006259 0.2368627744 0.1610300102 0.2553403872 0.2033762922 0.1564508437 0.1852018623 0.1209326523 0.1978750000 0.1234960154 0.2055585518 0.1835414319 0.1416889734 0.1919303727 0.1725920819 0.1913570445 0.2316150581 0.2463204391 0.3704752542 0.5094483140 0.6758910748 0.7905905083 0.9304464355 0.8757658429 0.7315011912 0.5464952519 0.4231854054 0.2907239118 0.2884585066 0.1539190813 0.1911390601 0.2188955154 0.1317374199 0.1748264228 0.1879854068 0.2512572723 0.1867531280 0.1702909522 0.2023784719 0.1740505777 0.2100152152 0.2025721168 0.2032186659 0.1301214677 0.2107975057 0.1345502900 0.1882691623 0.1750774437 0.1831196475 0.1815302545 0.1555448453 0.2172807577 0.2424987410 0.2356490229 0.3510274624 0.5212241033 0.6776424407 0.7771711851 0.8885248177 0.9039509192 0.7477566831 0.6262936793 0.4572455753 0.3177453089 0.2532907102 0.2797131516 0.1947113336 0.1860021811 0.1445191178 0.2057942379 0.1726700372 0.1537477663 0.1861534194 0.2468851260 0.2075893015 0.1886676249 0.2318669188 0.1867570324 0.1893276224 0.1973772694 0.1578070694 0.1609003853 0.1693842904 0.1952429216 0.1832479536 0.1631265505 0.2314689158 0.1894614077 0.2066836276 0.2888645332 0.3563180531 0.5190159395 0.7185587962 0.7746460574 0.9261670731 0.8596305032 0.7614492621 0.6152486131 0.4655020626 0.3131091646 0.2640525293 0.1929258835 0.2121210565 0.2061041257 0.1808607382 0.2239701619 0.2332162492 0.1825757965 0.1982347419 0.1862452952 0.1996182818 0.2060705902 0.1663511425 0.1634392489 0.1525362490 0.1854422953 0.1802651997 0.1685867331 0.1952829848 0.2626642312 0.1901359981 0.2104139560 0.2189238974 0.1945256578 0.2231300953 0.2670671108 0.3558523157
0.1382795661 0.1511361666 0.1695024742 0.1919239531 0.1918367029 0.1766128556 0.1782450830 0.1553751169 0.1464376337 0.2302125723 0.1872360314 0.3357637810 0.4961243969 0.6872163366 0.8127358674 0.9203923641 0.8726344379 0.7509435408 0.5694086319 0.4005679995 0.3137991889 0.2159759806 0.1737971187 0.1635172010 0.1466440613 0.1389382581 0.1681821284 0.1656148698 0.1883780636 0.1771134371 0.1482577195 0.1335331464 0.1066891096 0.1387502686 0.1847260754 0.1585988144 0.1572527117 0.2018662252 0.1631903968 0.1696120779 0.1606853344 0.1763158921 0.1634741974 0.1449525385 0.1441255676 0.2322115627 0.2557391121 0.2785039560 0.4587087958 0.6142967546 0.7805418532 0.8758300244 0.8864783373 0.7864397811 0.6038386483 0.4667697500 0.2622824156 0.2619344141 0.1738985584 0.1783201969 0.1310034094 0.1354160516 0.1502484032 0.1221693042 0.1667863161 0.1973008149 0.1575331483 0.1726671424 0.2424145570 0.1478963930 0.1441217892 0.1734784968 0.1616157358 0.1994160099 0.1773298526 0.1758521385 0.1298539705 0.1814923410 0.1805846930 0.1176696115 0.1666324975 0.1802459724 0.2442401614 0.3009843090 0.4831571142 0.6425589167 0.7633570315 0.8598605307 0.8656911966 0.7685870555 0.6002560272 0.4383550056 0.3270365378 0.2002613359 0.2187804181 0.2155486711 0.1561576948 0.1824108636 0.1714727008 0.1851999309 0.1961314949 0.2094778293 0.1600435025 0.1965625454 0.2062432334 0.1642403854 0.1798563383 0.1472952547 0.1797914446 0.1808423633 0.1928327437 0.1774011163 0.1227542166 0.2047284989 0.1571726906 0.1403551826 0.1660023291 0.2721452710 0.2491856727 0.2756245377 0.4296349944 0.6269076581 0.8078152055 0.8692230087 0.8686291459 0.7711280680 0.5810841317 0.4331732402 0.2712120620 0.2826353907 0.1933617005 0.1824719350 0.1943358100 0.2033316828 0.1992865386 0.2458711347 0.1780749702 0.1536034664 0.1479728119 0.1551972282 0.1908611260 0.1523694399 0.2095227436 0.1759788441 0.1509847828 0.2184221452 0.1565839006 0.1571262917 0.1830477044 0.2008047439 0.1945912944 0.2008361413 0.1995226405 0.1334004688 0.2587538445 0.3270582581 0.5015330403 0.5971921982 0.8306803441 0.8913319020 0.9023441427 0.7190398268 0.6081399846 0.4202462139 0.3408417758 0.2478072836 0.2171347747 0.1506933633 0.1312272470 0.2361345023 0.1896748772 0.2057142384 0.1995835076 0.2160094523 0.1702516587 0.1922636883 0.1513501950 0.1627225808 0.1793171678 0.2191740164 0.1911355275 0.2197186051 0.1590866917 0.1960891643 0.1870572940 0.1893077918 0.1614915001 0.2224968222 0.2002582519 0.1545639158 0.2393495064 0.3596205857
0.1537990070 0.1549801318 0.1616670721 0.1863516037 0.1288510036 0.1197943754 0.1246235902 0.1215565963 0.1726098193 0.1526868430 0.2009042821 0.3151330406 0.4325174193 0.6500756725 0.7592147430 0.9008875524 0.8694681551 0.7469283294 0.6224351928 0.4573490586 0.2991820055 0.2231030392 0.2272852139 0.1614385603 0.1207741849 0.1479822732 0.1588317118 0.1216521335 0.1547438033 0.1596598082 0.1842705899 0.1702560513 0.1770278976 0.1886348186 0.1560812447 0.1708984257 0.1480472064 0.2009065613 0.1638200411 0.1313529942 0.1446153993 0.1706070230 0.1519129213 0.1645472749 0.1859058632 0.2201850720 0.2262402778 0.2675341482 0.4196130290 0.6352225058 0.7428758908 0.8761658050 0.8592023622 0.7476301248 0.6069015492 0.4215131124 0.3162150510 0.2164516943 0.1545923562 0.1835370168 0.1547645399 0.1793530976 0.1530484060 0.1807409235 0.1540894636 0.2032497224 0.1587221098 0.1581810901 0.1807764496 0.1381927194 0.2015004420 0.1481398894 0.1982127389 0.1329309649 0.1556807267 0.1522162968 0.1598858413 0.2140224067 0.1664329695 0.2094588551 0.1685250523 0.1962577629 0.2011641740 0.3126867970 0.5037899778 0.6019321220 0.7159542903 0.9133732009 0.9002704452 0.7299268622 0.5923292510 0.4255504889 0.3302823820 0.2684216950 0.1640390484 0.1539418595 0.2022817216 0.1524735439 0.1632064218 0.1959486682 0.1722129213 0.1367370594 0.1731457977 0.1678517877 0.2270353839 0.1859113092 0.1448848092 0.1749293311 0.1861344737 0.1636311511 0.1686200533 0.2082955737 0.1455327329 0.1696150280 0.1300778648 0.1675487527 0.1795592302 0.1843412411 0.2277731463 0.3362518043 0.4545867524 0.6313724133 0.8109960917 0.8592899839 0.8926074926 0.7363773110 0.5798933058 0.4471300399 0.2398173228 0.1994532559 0.1830639226 0.2106171602 0.1276405430 0.1682617797 0.1812666734 0.1467442541 0.1034786626 0.1382750398 0.1522362164 0.1618070972 0.1683787143 0.1639886878 0.2116739860 0.1460015790 0.1695367093 0.1935343918 0.1628800037 0.1854594070 0.1590976713 0.1673401463 0.1834941778 0.2405033747 0.1918844695 0.2156467245 0.2771691292 0.3231814242 0.4501867614 0.5974698768 0.7918923964 0.9081279258 0.8744903071 0.7491209449 0.6197788703 0.4296494710 0.3386328486 0.2644493514 0.1709545603 0.1975004749 0.1895038158 0.1702391286 0.1863659541 0.1453757934 0.1541428131 0.2009446521 0.1133930762 0.1686517270 0.1922529058 0.1386931559 0.1597834802 0.1958320472 0.1588952661 0.1502946975 0.1534340496 0.1480628243 0.1724810849 0.1564384819 0.1815147228 0.1730974542 0.1731441138 0.2312845621 0.2402950574 0.3127878014
0.1215907711 0.1565695488 0.1339084360 0.1182645514 0.0912836055 0.1983236401 0.1677076413 0.1460159893 0.1639555379 0.1692736787 0.2351393643 0.2944917231 0.4423844505 0.5939725337 0.7571549326 0.8594482783 0.8611264759 0.8073436802 0.6246642130 0.3882494186 0.2835073220 0.2464954310 0.1725684566 0.1537844815 0.1742882118 0.1480518602 0.1832862651 0.1707980589 0.1412336905 0.1504207501 0.1294460866 0.1282733587 0.2146601145 0.1092110716 0.1388869035 0.1603753412 0.1610306664 0.1693040536 0.1377846935 0.1938305711 0.1709867337 0.1199501018 0.1567544125 0.1359595815 0.1477078284 0.1891670539 0.2140070166 0.3039678577 0.4095047269 0.6214938976 0.7333468241 0.8388818183 0.8354207021 0.7206940471 0.6844237367 0.4258648539 0.2608234380 0.2166575317 0.1586755078 0.2152718355 0.0944555135 0.1619798381 0.0927913408 0.1692409732 0.1015548277 0.0950479142 0.1294372295 0.1851797399 0.1735417919 0.1191409901 0.1211121850 0.1685561201 0.1829813149 0.1569770033 0.1952468351 0.1734948700 0.1812889259 0.1775767864 0.1365573426 0.0799066030 0.1794993950 0.1814019408 0.3148447572 0.3282127833 0.4201786460 0.5807132824 0.7798525730 0.8516223300 0.8237015469 0.7338000567 0.6186071941 0.4422263279 0.3508522703 0.2643103055 0.2194343922 0.1936117693 0.1247793672 0.1535955620 0.1327631306 0.1517991933 0.1260770767 0.1432655070 0.0794566773 0.1991795062 0.1520379298 0.1819881520 0.1272975294 0.1360787054 0.1628522113 0.1803693487 0.1379224399 0.1571194885 0.1374249941 0.1683454702 0.1573804306 0.1851933173 0.1863041622 0.2031820317 0.1931658716 0.2782940796 0.4322338007 0.6131613034 0.7863613094 0.8437303211 0.8943217285 0.7426603637 0.6416062156 0.4658658862 0.2454436108 0.2306609674 0.1710538650 0.1781030247 0.1550506462 0.1788837873 0.2018031459 0.1901455593 0.1606010032 0.1712699716 0.1339185996 0.1696207086 0.1828991261 0.1688321801 0.1430483063 0.1539439935 0.1934392706 0.2204749561 0.1656496913 0.1228690011 0.1474544946 0.1617209217 0.2059199076 0.1443847665 0.1435752461 0.1773104155 0.2039712449 0.3053279115 0.4624562950 0.6213502230 0.7888064732 0.8853621049 0.8685018696 0.7648689350 0.5509374795 0.4309106909 0.3398270318 0.2437369339 0.1602756513 0.1679905332 0.1503485064 0.1468591595 0.1306063192 0.1497000286 0.1521330167 0.1752619380 0.1983183545 0.1624902702 0.1573293420 0.1468792279 0.1927364858 0.1837404426 0.1831504698 0.1684574914 0.1979935755 0.1801412920 0.1687250616 0.2125342708 0.1516006606 0.1466723922 0.1684602628 0.1947743223 0.2365411723 0.2852019094
0.1445476761 0.1363315518 0.1425525119 0.1127928302 0.1304600931 0.1704905091 0.1268655244 0.1623218467 0.1785407529 0.1522192468 0.2200843047 0.2823613779 0.3805651354 0.4688847999 0.7666589328 0.8154316193 0.8637232813 0.7854367195 0.5934262670 0.4376822088 0.3086725745 0.2353998472 0.2043492684 0.1634029427 0.1355029934 0.1775760330 0.1078696917 0.1805860733 0.1489409872 0.1691110152 0.1019285891 0.1709042676 0.1064989723 0.1317292287 0.1109631341 0.1338211694 0.1254915233 0.1379219029 0.1954847314 0.1519049660 0.1318391645 0.2012477835 0.1360700744 0.1675130960 0.2036028548 0.2436126746 0.2243414010 0.2259338207 0.3937221766 0.5818168459 0.7145336297 0.8885915913 0.8629180394 0.7710327862 0.6226177479 0.4518178895 0.3311540531 0.2107429162 0.1602717360 0.1211305686 0.1937734433 0.1292858270 0.1406159010 0.1087967921 0.1900204820 0.1350404919 0.1244255936 0.2053456603 0.1033388041 0.1171138533 0.2143215070 0.1243255800 0.1453890146 0.1880757935 0.0953330968 0.1626789653 0.1524564716 0.1035493759 0.1952008670 0.1668130526 0.1677268603 0.1670655522 0.2237657608 0.2761181241 0.4195624265 0.5876846216 0.7487463864 0.8526987727 0.8563658017 0.7901504758 0.6556963005 0.4939723249 0.3675085288 0.1852525068 0.1282110777 0.1480555034 0.1867791802 0.1854395137 0.1388904631 0.1372772764 0.1393820559 0.1478310562 0.1662578734 0.1188324474 0.1595064492 0.1304858226 0.1645332690 0.1757054524 0.1766221759 0.1260532858 0.1513775700 0.1690110619 0.1372031176 0.1743929952 0.1598572893 0.1677754351 0.1800596251 0.1768451854 0.2078813448 0.2502716409 0.4092896523 0.5781841323 0.7131809574 0.8623210789 0.8709648139 0.7539169505 0.6714541971 0.4942278389 0.2871310383 0.2452671573 0.2630295725 0.1736124059 0.1949871857 0.1780847055 0.1761532432 0.1384054290 0.1830800489 0.1811363586 0.1402992058 0.1446622378 0.1333467826 0.1176256854 0.1509650126 0.0952110828 0.1146166009 0.1636865498 0.1347754201 0.1779752638 0.1678903387 0.1489384941 0.1556029827 0.1436411314 0.1711032226 0.1523457009 0.2353958703 0.2544735670 0.3684368908 0.5379550830 0.7603194378 0.8080010719 0.9041684541 0.7692509752 0.6242262780 0.4741411655 0.3233326171 0.2664596386 0.1399818679 0.1346061207 0.1221087633 0.1120948482 0.1740479091 0.1458854499 0.2009023895 0.1883917787 0.1614758024 0.1570791772 0.1552717133 0.1226884094 0.1482365867 0.1414755995 0.1567392249 0.1872474190 0.1695236985 0.2252814259 0.2005147168 0.1500172635 0.1458822961 0.1718869694 0.2064795510 0.2136591892 0.2201977002 0.3325017624
0.1648580873 0.0960166440 0.1746908419 0.1015996377 0.0915260053 0.1520021896 0.1350534653 0.1499410786 0.1281212832 0.1130087845 0.1929408958 0.2393580415 0.3825329785 0.5318770444 0.6965021813 0.7821727204 0.8661773223 0.7662926868 0.6494896318 0.4552052675 0.3259390348 0.1676268835 0.1348199049 0.1708210975 0.1676958145 0.0622163355 0.1538987185 0.1705178886 0.0662751289 0.0738394575 0.1600649475 0.1332275501 0.1275438258 0.1211191048 0.1521257206 0.2008004334 0.1414660337 0.1341229712 0.1447492799 0.1503930452 0.1065315273 0.1465597523 0.1558907753 0.1089975071 0.1661528495 0.1902715404 0.1788341899 0.2649972193 0.3530379610 0.5086698788 0.7247583906 0.8635974151 0.8700832832 0.7419719411 0.6418546966 0.4118737121 0.3383475155 0.1857036930 0.1441040124 0.0957430664 0.1377641156 0.1822081494 0.1059196609 0.1560439687 0.1249079364 0.1519497553 0.1175785738 0.1533827758 0.1147648422 0.1624547543 0.1670863660 0.1293839674 0.1157441050 0.1613292438 0.1654894055 0.1393749297 0.1327447577 0.1426593641 0.1515265905 0.1607298915 0.1359513981 0.2017721067 0.2683631987 0.2613127844 0.3573131981 0.5530995214 0.6530231676 0.8210163878 0.8600270395 0.7891194338 0.6117107644 0.4609628402 0.3440698766 0.2641222295 0.1675768274 0.1573343529 0.1543489402 0.1577670484 0.1855847553 0.1609159242 0.1522258550 0.1719502094 0.1266435677 0.1568474262 0.1352908246 0.1070273031 0.1230233128 0.1725544832 0.1217720859 0.1279052102 0.1327449686 0.1906988321 0.1734162059 0.1273558711 0.1656198765 0.1463752779 0.1266764888 0.1377834737 0.2198189884 0.2684587586 0.4589514723 0.5557376750 0.7224973026 0.8986357349 0.8682370030 0.8337639001 0.6249571767 0.4365047584 0.3526138851 0.2418322910 0.2068206767 0.1517452345 0.1712916176 0.1621296862 0.1370788977 0.1628986550 0.2129470639 0.1670228108 0.1539218951 0.1535238024 0.1229604735 0.1000749029 0.1315390467 0.1568155837 0.1576475629 0.1409716809 0.1772181570 0.1054659576 0.1201286751 0.1472571496 0.1688313953 0.1695062422 0.1553721856 0.1812681312 0.2473307503 0.2440728401 0.3604505935 0.5733925825 0.7273904657 0.8344144604 0.8773837807 0.8400039820 0.6653231886 0.4063043991 0.3320941008 0.2174784361 0.1715639535 0.1845953350 0.1820092654 0.1936676221 0.1639861614 0.1441120065 0.1207371852 0.1457482632 0.1820120846 0.1977142645 0.1419308852 0.1632106445 0.1697964036 0.1422791135 0.1941523401 0.1659942771 0.1645542515 0.1255462702 0.1326755678 0.1411078779 0.1657928306 0.1029825992 0.1231598989 0.1707007561 0.2426784844 0.2488683886
0.1338560017 0.1257329178 0.0897098204 0.1174494949 0.1570068202 0.0372060056 0.0985210120 0.1821866256 0.1262599804 0.1102767102 0.1649574604 0.2576127204 0.3438628984 0.5101065375 0.6461860602 0.8242466096 0.8935238785 0.8011418553 0.6369737092 0.4586197615 0.3086962302 0.2393291496 0.1968236109 0.1418849932 0.1691351073 0.1508693184 0.1438274133 0.1013715038 0.1276006726 0.1310647721 0.1601916866 0.1306490900 0.1371786475 0.1596984223 0.1097752928 0.0844061170 0.1450441046 0.1382270435 0.1288274256 0.1025711025 0.1487527129 0.1863189290 0.1138361776 0.1483644934 0.1804131348 0.1366789418 0.1615038849 0.2591081781 0.3022739116 0.5576892796 0.6461971181 0.7849744264 0.8561655779 0.7876845771 0.6126971030 0.4810309528 0.3257341954 0.2233051147 0.1983984790 0.1301889203 0.1774781218 0.1355036402 0.1306090216 0.1307035986 0.1037663378 0.1515858945 0.0970789112 0.1400520815 0.1503946445 0.1619617952 0.1176475932 0.1269061205 0.1687686139 0.1123538220 0.1642935773 0.1367541560 0.0909649185 0.1780808927 0.1496418209 0.1633647446 0.1452649946 0.1378709842 0.1559710890 0.2382452967 0.3579519370 0.4864167935 0.6359701330 0.8092383802 0.8274581372 0.8246369962 0.6082476445 0.4761946229 0.3314620070 0.2221111844 0.1749863803 0.0942279827 0.1375232575 0.1576898400 0.0767530454 0.1216109528 0.1328964695 0.1113339579 0.1447062408 0.1365519957 0.1700570998 0.0721770951 0.1255461462 0.1160159067 0.1636408267 0.1055446377 0.1758181151 0.1808948376 0.1538100124 0.1645305708 0.1481840531 0.1726872074 0.1973642987 0.1219328559 0.1970330283 0.2769519244 0.3545156770 0.5539639990 0.7221495071 0.8358668776 0.8823367899 0.7998762105 0.6576088879 0.4706898841 0.3450357011 0.2609189113 0.1328569249 0.1371257145 0.1808762392 0.1749513134 0.1151401172 0.1524318338 0.0793447178 0.1457162339 0.1506961679 0.1184455526 0.1871411740 0.1624266212 0.1440069320 0.1929555317 0.1775478130 0.1025355961 0.1435703055 0.1752448742 0.1894127185 0.1553950492 0.1283968165 0.1341151117 0.1367323819 0.1921789557 0.2383700759 0.2644940550 0.2975410673 0.5901511570 0.7182600864 0.8288714649 0.9072762500 0.7595481631 0.6669549490 0.4354265803 0.3423082139 0.2312702402 0.1449222059 0.1615371879 0.1261136875 0.1921429619 0.1464046560 0.1290407847 0.1577664418 0.1966353001 0.1607272688 0.1200095620 0.1899597793 0.1414731339 0.1964437553 0.1410062661 0.1590317786 0.1468210939 0.1105303088 0.1500516398 0.1725713205 0.1694175636 0.1645606890 0.1565571871 0.1959467601 0.1439961323 0.1799546397 0.2477566832
0.1240448110 0.1652074224 0.0938326304 0.1369142077 0.1074078204 0.1047141058 0.1649966603 0.1432067963 0.1348266371 0.1293514406 0.1759629338 0.2727996056 0.2901849357 0.4827369675 0.6725545077 0.8052173023 0.8495504226 0.7864955028 0.7055597667 0.4584957275 0.3356974782 0.2154423827 0.1774225524 0.1484502106 0.1289864863 0.1191807349 0.1722454201 0.1246241269 0.0954016034 0.0856892367 0.1081889042 0.1185365940 0.1187005755 0.1558223228 0.1023577287 0.1428317292 0.1572942420 0.1100949113 0.1321621654 0.1394061175 0.1220158860 0.1263350538 0.1411610240 0.0894054247 0.1538149717 0.1311337853 0.2079278283 0.2314259478 0.3407288058 0.5089814983 0.6597899575 0.7367807450 0.7822080246 0.8014433695 0.6432865097 0.5292450188 0.3391522254 0.2501606199 0.1442103622 0.1840725305 0.1473722161 0.1207543554 0.1426458366 0.1024116393 0.1045549970 0.0965793577 0.1321967570 0.1247666443 0.1237553942 0.1666263003 0.0976834554 0.1408502150 0.1278307886 0.1448421534 0.1588563490 0.1244491004 0.1263042276 0.1637239103 0.1205391915 0.1588611487 0.1896925601 0.1062702197 0.2164648306 0.2104552557 0.3803823900 0.5355925174 0.6073208653 0.7938249182 0.8324816550 0.8610791352 0.6745056539 0.5002283945 0.3696205794 0.2054803183 0.1995877405 0.1495544604 0.1553565019 0.1243560954 0.1069679843 0.0988600679 0.1310232912 0.1392095384 0.1488514972 0.1497971432 0.1526200100 0.1252409887 0.1313771207 0.1454354554 0.1592317185 0.1571723436 0.1482535784 0.1102801253 0.1567077348 0.1318489585 0.1951614542 0.1719055590 0.1541772191 0.1620761171 0.1813366825 0.2711681754 0.3847788141 0.4831891665 0.6428962483 0.8715901991 0.8546516561 0.7708309972 0.6617346569 0.5423180783 0.3350357199 0.2527409853 0.1910009264 0.1178232734 0.1303251204 0.1465581254 0.1830149228 0.1431257297 0.1671388519 0.1627791980 0.1758340090 0.1259613854 0.1614050413 0.1056480872 0.1536383088 0.2014607609 0.1351416156 0.1275854245 0.1311464801 0.1480635573 0.1536396902 0.1212233064 0.1943973988 0.1140300894 0.1318139785 0.0733515472 0.1578925457 0.2436903675 0.3582349609 0.5248761603 0.6669703768 0.7993567773 0.8510219204 0.8318609866 0.6758675777 0.4374099407 0.3329850359 0.2639173912 0.2129676029 0.1548073835 0.1621893442 0.1652842064 0.1522696760 0.1590057688 0.1373238298 0.1288526028 0.1628901682 0.1280589198 0.1494416713 0.1525370899 0.1640112552 0.1356347719 0.1897883612 0.1347924069 0.1531183192 0.1318978654 0.1509945364 0.1368463498 0.1821989477 0.1889390049 0.1048319481 0.1643173762 0.2506100860 0.2276265004
0.1102755973 0.1059276765 0.1436268914 0.1236630008 0.1226760805 0.1333350114 0.1481782566 0.1303161750 0.1583612770 0.1055359379 0.2125320871 0.2333273491 0.3131219229 0.4914912747 0.6162922348 0.7750956583 0.8652862176 0.8082721938 0.6638939933 0.5225616221 0.3739009847 0.2051216004 0.2107857148 0.1705038366 0.1128664584 0.1538008195 0.1502477189 0.1294682304 0.0928031228 0.1430729193 0.1698696195 0.0865150166 0.1687076018 0.1652971343 0.1192096545 0.1158473127 0.1097861029 0.1509137894 0.1065902362 0.1176165561 0.1412747943 0.1387987800 0.1380755168 0.1225961957 0.0776921818 0.1314703592 0.1518262458 0.2708990390 0.3102440207 0.4328738837 0.6590793804 0.7928381850 0.8245691856 0.7904361933 0.6211508122 0.5083104014 0.3683156739 0.2417692213 0.1631729306 0.1375600624 0.1656195375 0.1445331197 0.1075382419 0.1140005997 0.1596109328 0.1571609075 0.1691567555 0.0862583031 0.1610943838 0.0983828200 0.1383657096 0.1289044761 0.1316370187 0.1120201705 0.1587150476 0.1093861130 0.1415292002 0.1443570001 0.1627396692 0.0923216017 0.0980787457 0.1853964104 0.1242384582 0.2527008117 0.3103499172 0.4755716565 0.6657111864 0.7756953379 0.8772397454 0.7917559144 0.6935055904 0.5266216650 0.3901644737 0.2418653987 0.1939187381 0.1079110459 0.1264418291 0.1757535761 0.1587906556 0.1019265336 0.1254635959 0.0850205593 0.1236692944 0.1294611483 0.1743735636 0.1357000662 0.1604325468 0.1283638010 0.1939205710 0.1763359280 0.1365388192 0.1532868789 0.1660750858 0.1806407546 0.1798729225 0.1118633571 0.1636047301 0.1425791841 0.2002703243 0.2131141281 0.3299749156 0.4893848352 0.7020497732 0.8131710989 0.8129860799 0.8190552442 0.7461581780 0.5243949166 0.3533616371 0.2679752983 0.1412876732 0.2147837522 0.1496743272 0.1601957098 0.1001925201 0.1504519647 0.1519997726 0.1440564944 0.1474488786 0.1292235288 0.1455805328 0.1024489973 0.1153535000 0.1339341351 0.1400829841 0.1395172850 0.1923601315 0.1262013735 0.1485421158 0.1497960981 0.1453601446 0.1159147883 0.1452150216 0.1628633209 0.1628855475 0.2171078347 0.4104024467 0.5220060302 0.6557550903 0.8118195856 0.8536683925 0.8674897013 0.6937169894 0.5647570940 0.4083153753 0.2848203632 0.2145451043 0.1772195751 0.1665200379 0.1531163569 0.1807264955 0.1502580005 0.1518523376 0.1257714409 0.1610254293 0.1717299944 0.1386410287 0.1238827283 0.1339297073 0.1468794378 0.1347704128 0.1908006276 0.1547117564 0.1220542184 0.1612194036 0.1449308185 0.1769338432 0.1546964539 0.1598757937 0.0964019177 0.1923390110 0.2098667287
0.0671720408 0.1088056615 0.1246033927 0.1611126030 0.1650651721 0.1081225636 0.1051641391 0.1930591775 0.1093130631 0.1435024104 0.1809234576 0.2071551993 0.3312686743 0.4050802438 0.6405780867 0.7989800730 0.8522955974 0.8231123174 0.6733534840 0.5333691192 0.3702266479 0.2398987099 0.2277276265 0.1251229485 0.0673937592 0.1741906943 0.1310414753 0.1635502688 0.1347700909 0.1389583889 0.1662143330 0.0533345331 0.1390706590 0.1371763571 0.1084038246 0.0904480388 0.1158697677 0.1248034510 0.1627977000 0.1563177981 0.1612613994 0.1249900460 0.1305674885 0.1259927893 0.1214702909 0.1949447602 0.1418917627 0.1946451133 0.3299295164 0.4437661916 0.6589855825 0.7556465121 0.8132443865 0.8031286471 0.6648403690 0.5463533555 0.4099535298 0.2505149325 0.1967493858 0.1811954008 0.1196548965 0.1195206753 0.0885888916 0.1358320023 0.0847586726 0.1537938007 0.0896458994 0.1289779233 0.2050117875 0.1340323897 0.1725433970 0.1074392292 0.1144231048 0.0952597078 0.1363103185 0.1238083526 0.0978841127 0.1314764173 0.1431777044 0.1257324724 0.1096841427 0.2166853813 0.2196869148 0.2521405928 0.3067678138 0.4581928541 0.6134500608 0.8103970078 0.8820312849 0.8756203929 0.6983525204 0.5332907108 0.4087307752 0.3044158276 0.2140629043 0.1657628141 0.1839569078 0.1435078672 0.2022511237 0.1144130760 0.1732120686 0.1338968090 0.1600646709 0.1648154010 0.1221281786 0.1374969658 0.1326385855 0.1649685718 0.1743126616 0.1217727245 0.1410457395 0.0947403748 0.1085047597 0.2055896165 0.1859164175 0.0797180142 0.1535903033 0.2064953482 0.1811969976 0.2385602727 0.3565899059 0.4895610121 0.6742270234 0.7910002401 0.8789361496 0.7676223364 0.6945568839 0.5360058220 0.3481323316 0.2620126401 0.1852795686 0.1771644699 0.1525625812 0.1527882700 0.1178902738 0.1257551711 0.1287603982 0.1368705654 0.1600562133 0.1467953258 0.1015118006 0.1399304879 0.0971175939 0.1881621562 0.1359789407 0.2377804984 0.1495348053 0.1258029650 0.1747312544 0.1139708390 0.1416195256 0.1557916081 0.1425996774 0.2061023008 0.1575486508 0.2812991295 0.3188972614 0.5148090604 0.6251869941 0.7955896026 0.8692783588 0.8637201338 0.7365629388 0.5610547533 0.4189073423 0.2548909813 0.2506774543 0.1754870677 0.1707642656 0.1615433304 0.1674420556 0.1235664230 0.0849557029 0.1254841836 0.1443718657 0.1103040322 0.1274105470 0.2012388454 0.1403627672 0.1265967246 0.1877389754 0.1479364414 0.1303611469 0.1690899235 0.1553669487 0.1646982335 0.1757934306 0.1504999476 0.1344861921 0.2005158403 0.1510034781 0.2410544979
0.1606764527 0.1876781013 0.1180411931 0.1158205526 0.1181234251 0.1353899636 0.1158225646 0.1529661774 0.1055414615 0.1389366221 0.1366657780 0.2198464247 0.2985151427 0.5050785827 0.5948247378 0.7596528660 0.8408649678 0.8397502579 0.6904737462 0.5554219936 0.4086256136 0.2471415422 0.2096672549 0.1790123171 0.1828048475 0.1155742026 0.1340813899 0.1370360714 0.1451345273 0.1586814104 0.1948856879 0.0951950218 0.1542683478 0.1388646230 0.1613949891 0.1294079955 0.1365719791 0.1125287735 0.1438711613 0.1358912346 0.1043208006 0.1668732042 0.1442176282 0.1748639916 0.0874350518 0.1542781029 0.1793856899 0.2596915732 0.2909892117 0.5144881416 0.6164995647 0.7599896481 0.9291814032 0.8730669623 0.7069638712 0.5992871181 0.3529121382 0.2796432942 0.1906952290 0.1550040909 0.1757102678 0.1456783755 0.1102688773 0.1336054206 0.1637240026 0.1374062574 0.1491153315 0.1341135429 0.1934520289 0.1514402747 0.1470182969 0.1786932614 0.1464675935 0.0716570081 0.1738501302 0.1542219724 0.0960273575 0.1636706500 0.2340514039 0.1529856079 0.1490382011 0.2033047461 0.1870830865 0.2533134530 0.3083306322 0.4374772108 0.6420235206 0.7682335345 0.8660012138 0.8396028208 0.7417701699 0.5523461907 0.3875910339 0.2902144072 0.2474017039 0.1712887144 0.1239156700 0.1348130911 0.1366126927 0.1408634286 0.1573229417 0.1512760690 0.1509898612 0.1316041151 0.1658467985 0.1606905332 0.1625980881 0.1632836187 0.1669482560 0.1422861968 0.1432687302 0.1092157247 0.1487148532 0.1298082572 0.1378058675 0.1572371517 0.1252523181 0.1431720795 0.2093889376 0.2646367380 0.2969014026 0.4746042298 0.6265678063 0.7780514623 0.8352236119 0.8282175805 0.7213509003 0.5246294711 0.4216666340 0.3257885419 0.2079199520 0.1361713987 0.1726048425 0.1640782938 0.1570351881 0.1587254778 0.1465338621 0.2103586258 0.1988859057 0.1394080343 0.1672133431 0.1669264597 0.1453121769 0.1841426496 0.1495733209 0.1796704942 0.1750246986 0.1277813263 0.1806788322 0.1507701555 0.1377769550 0.1843509094 0.1599153949 0.1526525644 0.1990777543 0.2076924935 0.3244890665 0.4769643161 0.6099154182 0.8266303503 0.8558698470 0.8478089137 0.7390063502 0.6053176273 0.4513280054 0.3071297164 0.1943676127 0.1206278946 0.1294965589 0.1353353907 0.0784574124 0.1254759070 0.2020087328 0.1486406610 0.1559188309 0.1275851767 0.1753566055 0.1692928200 0.1485531821 0.1441861734 0.1629085499 0.2059573506 0.1789547186 0.1577838782 0.1908973933 0.1323352202 0.1303104300 0.1974216621 0.1861721610 0.1418863818 0.2193233961 0.2749960065
0.1116177882 0.1373461969 0.1203496224 0.1649084806 0.1461857447 0.1446791759 0.0859187712 0.1080700197 0.1412676704 0.1340256275 0.1446197876 0.1813720367 0.3198333284 0.4584320850 0.6015055707 0.7419862485 0.8707712608 0.8101419393 0.6981289783 0.6054167299 0.4127370886 0.2675650355 0.1851702578 0.1115162828 0.1696221001 0.1178764424 0.1211572548 0.1695440120 0.0806778077 0.1361458383 0.1672610526 0.1320583339 0.1195808005 0.0956641945 0.1783301362 0.2078467201 0.1618010101 0.1670083525 0.1249388665 0.1767699004 0.1123812610 0.1357627920 0.1284496625 0.1505735704 0.1976893821 0.1022330808 0.1909478639 0.2033754215 0.2959879581 0.4523822444 0.6197410687 0.7296916081 0.8672112771 0.8661320329 0.7550009477 0.6231034688 0.4840184472 0.3005151564 0.2325737608 0.1400331899 0.1669556651 0.1347631198 0.1545383277 0.1560546567 0.0848004292 0.1951369532 0.0980586192 0.1862760500 0.1220247343 0.1232301153 0.1700965461 0.1570657498 0.1804102448 0.1514656009 0.1614831738 0.1515953601 0.1321211889 0.1433692703 0.1261641901 0.1366122241 0.1668176961 0.1411263737 0.1329206947 0.2485281388 0.3166298350 0.4773209342 0.6507567309 0.7332101257 0.8634332761 0.8834378294 0.7165683781 0.5841178283 0.4603116633 0.3193216309 0.2117065565 0.1787663242 0.2130659925 0.1313069204 0.1450962253 0.1831725939 0.1362312701 0.1494743947 0.1263446873 0.1870199324 0.1226029650 0.1532211324 0.1410376331 0.1878388468 0.1178736749 0.0964316141 0.1280376505 0.1367079023 0.1525748574 0.1337907509 0.1449523858 0.1740211078 0.1707822952 0.1279908209 0.2397690886 0.2318178704 0.3155290560 0.4347950221 0.5621268848 0.8040730595 0.8459573972 0.8498894635 0.7661781702 0.5704327154 0.3820382398 0.2523635679 0.2294546958 0.2257478697 0.1402468999 0.0869228151 0.1445275273 0.1921661802 0.1803226868 0.1053020693 0.1674698700 0.1574375404 0.2220670676 0.1432212023 0.1645499856 0.1618777067 0.0846864374 0.1753837219 0.1265018962 0.1374956998 0.1397533334 0.1381338290 0.1623081255 0.1874343801 0.1929966087 0.1510515269 0.1800410245 0.2166587492 0.3278174222 0.4253483683 0.5912978943 0.7552665418 0.8362460247 0.8075204501 0.7615391637 0.6141151875 0.4183363969 0.2745626064 0.2018261247 0.2124568821 0.1733128256 0.1669109333 0.1515568983 0.1575605517 0.1860948978 0.1471563489 0.1239551139 0.1083902281 0.1553681975 0.1425875013 0.1622387921 0.1932098758 0.1469031791 0.1723640378 0.1582999106 0.1566053231 0.1242592823 0.1560866941 0.1672342054 0.1651694157 0.1802783270 0.1733720458 0.1798446455 0.2850606877
0.1903205048 0.0994401584 0.1995971598 0.2010613885 0.1925066279 0.1363286821 0.1530133780 0.1367028214 0.1301710023 0.1119559777 0.1791105109 0.2112876905 0.3347044413 0.3705669388 0.5632143311 0.7745615252 0.8685687126 0.8649102541 0.7226733724 0.6587676459 0.3991151232 0.2979511173 0.2363175100 0.1374977497 0.1397875048 0.1654059679 0.1462595618 0.1643470168 0.0937330398 0.1503886820 0.1184399250 0.1422511545 0.1616727009 0.1458495906 0.1525891257 0.1555691060 0.0995825596 0.1214435821 0.1732193292 0.1427430377 0.1543248402 0.1582443627 0.1282879224 0.1595523185 0.1563623110 0.1717113754 0.1494645861 0.2079541267 0.2995684800 0.4076765576 0.6450487524 0.7328870330 0.9020608797 0.8550053370 0.7645776499 0.5884051347 0.4557020569 0.2902454662 0.2111784775 0.2014292911 0.1871333487 0.1252699662 0.1417930197 0.1840137284 0.1402710914 0.1857614618 0.1056633834 0.1708597462 0.1283330758 0.1296849912 0.1563168589 0.1522832212 0.1278871690 0.1934663465 0.1859610059 0.1119540619 0.1625542086 0.1364260533 0.2135524677 0.1969613357 0.1473777116 0.1493496228 0.2230041676 0.2498427263 0.3504058249 0.3882213888 0.6183883235 0.7275128584 0.8726876177 0.8505481849 0.7932538973 0.5760336987 0.4599945570 0.3233616098 0.2255202903 0.1977938586 0.1883163118 0.2000047056 0.1640528685 0.1095153920 0.1827857044 0.1288011340 0.2011285990 0.1968226004 0.1652297929 0.1337866344 0.1180353624 0.1842790318 0.1890069403 0.1487582039 0.1804287560 0.1535545703 0.1847379235 0.1399819449 0.1619839397 0.1036098422 0.1382976816 0.1552460079 0.2031156505 0.2254446905 0.3242383940 0.4265566434 0.6222124615 0.7916567424 0.8633950817 0.8498206338 0.8302796830 0.5620359370 0.4385841929 0.2883555094 0.2345433190 0.1581382284 0.2152021234 0.0933364317 0.1746867246 0.1274820886 0.1899272123 0.1763087593 0.2124562115 0.1471029523 0.1481167758 0.2032182236 0.1917038740 0.1422956599 0.1743903219 0.1628136028 0.1672686808 0.1676363653 0.1436221394 0.1234846191 0.1976423690 0.1623581191 0.1725447112 0.1710012993 0.2065854949 0.2645160045 0.3236556599 0.4194478429 0.6164764263 0.7427327460 0.8425991054 0.8865840802 0.7943988040 0.6088718933 0.5241813369 0.3284649795 0.1892346110 0.1922936294 0.1689093243 0.1938207298 0.1405350918 0.2100003250 0.1188176772 0.1699495788 0.1829560441 0.1321448040 0.1577418066 0.1916167125 0.1303733228 0.1669431082 0.1506992452 0.1600245576 0.1971434565 0.1451770338 0.1313351655 0.1401614113 0.1910270239 0.1439560433 0.1846001632 0.1471877998 0.1756662255 0.2517026697
0.1422523685 0.1891814367 0.1627276365 0.1196367899 0.1687891415 0.1711892467 0.1394463039 0.0997935899 0.1947352464 0.1225089825 0.1780449634 0.1926391043 0.2826699672 0.4245411231 0.6098611492 0.7144561564 0.8205122146 0.8629796209 0.7754088305 0.6036708440 0.4913693377 0.2887481292 0.2293306126 0.1393556937 0.1368333078 0.2034753976 0.1502586793 0.1812088561 0.2277888549 0.1596624374 0.1484116912 0.1491375261 0.1318082678 0.1368190362 0.1374865832 0.1703768211 0.1582609174 0.1547749019 0.1386079626 0.1695818738 0.1998612273 0.1935483894 0.1554177969 0.1427277687 0.1153227318 0.1610758232 0.1575402888 0.2241552504 0.2910772613 0.4024151111 0.6131787699 0.8097511224 0.8470878128 0.9347045145 0.7914325342 0.6125030577 0.4094065120 0.3790572238 0.2257022040 0.1939439710 0.1650327747 0.1966208331 0.1469759784 0.1136003788 0.2496431821 0.1763173914 0.1662251399 0.1230479690 0.1341502922 0.1797543873 0.1275113301 0.1696484276 0.1266496029 0.1734445563 0.1667632421 0.1829213146 0.1978789597 0.1581983870 0.1535666231 0.1381038960 0.1586542743 0.1634562247 0.2063215179 0.1864018367 0.3210383808 0.4134375970 0.5472736384 0.7356069597 0.8514018118 0.8540783038 0.7978355014 0.7045156987 0.4666094561 0.3443314425 0.2665856020 0.1924860701 0.1518901120 0.2454698345 0.1473315902 0.1860067591 0.1650423470 0.1672537699 0.1350021929 0.1606941949 0.1117566844 0.1620820841 0.1092159585 0.1045667281 0.1464144565 0.2032997341 0.1367962698 0.1601229066 0.1779417289 0.2075720874 0.2101668334 0.1575844353 0.1651422894 0.2104423909 0.1651653516 0.2503957492 0.3018797218 0.4431894139 0.5850619560 0.8073408969 0.8828426725 0.8968656310 0.7545285268 0.6635782188 0.4052600904 0.3476194620 0.2886759051 0.1700804836 0.2149753821 0.1825575513 0.2191348278 0.1532334867 0.1222201857 0.1242346938 0.2301992504 0.1603902605 0.1535809029 0.1583346851 0.1592765472 0.1323819611 0.1778909599 0.1888915354 0.1248999079 0.1749321716 0.1948706678 0.1776495244 0.1471605453 0.1534365020 0.2309395017 0.2203420509 0.2686211961 0.2167093676 0.3328899109 0.4622442255 0.5883064385 0.8070649266 0.8903979291 0.8908245024 0.7654252691 0.6510049357 0.4449180389 0.3632686821 0.2026643296 0.1970254866 0.2174426605 0.2044736810 0.1778706057 0.1768391852 0.2186247475 0.1420534534 0.1267306149 0.1902584900 0.1800931577 0.1732015912 0.1800749508 0.1870198948 0.1667604520 0.1918036614 0.1474727396 0.1607465778 0.1629287767 0.2135275115 0.1326566408 0.1750792564 0.1913721944 0.1613172779 0.1647839991 0.1992851741
0.1383585056 0.1438729975 0.1269470104 0.1930738286 0.1779825585 0.1100117175 0.1276847474 0.2002284544 0.1690047262 0.1518991294 0.1934344359 0.2130835813 0.2783254568 0.3750459542 0.5775150762 0.7261992660 0.8622687774 0.8753011872 0.7571937350 0.6633210905 0.4651792975 0.3252751946 0.2624878181 0.1995542843 0.1334388980 0.1324180236 0.1700161939 0.1588445148 0.1898172058 0.1680248876 0.1971201283 0.2008384544 0.1654620817 0.0981227106 0.1689338884 0.1082162882 0.1547423143 0.1794017351 0.1391248428 0.1854511083 0.1090212811 0.1008013626 0.1214682743 0.1079079900 0.2124301901 0.2023623865 0.1823762379 0.2570102826 0.2915087045 0.4248350307 0.5512346858 0.7423611789 0.8571824530 0.8770775660 0.8520928756 0.6717816162 0.5144189711 0.3408948640 0.2140724976 0.2251539990 0.1600612057 0.1396858518 0.1511762439 0.1721900241 0.1285151509 0.1683402270 0.1791812500 0.1491640799 0.2049834991 0.1080141586 0.1886181125 0.2034585617 0.1406141112 0.1446038530 0.1281033772 0.1661904532 0.1693992207 0.1466152138 0.1751519105 0.1135527027 0.1672310501 0.1139450570 0.1812161259 0.1942352458 0.2701094225 0.4309038431 0.5827585905 0.7434165398 0.8387290272 0.8709887723 0.7541125892 0.6443696537 0.5294706693 0.3264021191 0.2582037130 0.1934463328 0.1964470663 0.1335473227 0.1529144274 0.1598350960 0.1575595956 0.1700016435 0.1123355902 0.1433438519 0.1276106921 0.1529906539 0.2295323833 0.1568644066 0.1409929649 0.1834226647 0.1749666352 0.1948761456 0.2244385571 0.1442005121 0.1601508596 0.1787357448 0.1568734232 0.1392583688 0.1838228932 0.2149966969 0.3063250178 0.4020648072 0.5525394714 0.7258541539 0.8712321468 0.9206051830 0.7950250772 0.6783657512 0.4492198870 0.3652927726 0.3092163623 0.1821312639 0.1485487914 0.1921247121 0.1362678219 0.1575188243 0.1850529258 0.1680242113 0.1386918009 0.1216714845 0.1840756559 0.1713844116 0.1621371642 0.1905395423 0.1969168453 0.1234600241 0.1204303844 0.1543161254 0.1795357052 0.2135058713 0.1712945587 0.1588894733 0.1478350114 0.1225402107 0.2334149782 0.2290946576 0.3237892999 0.4388524105 0.5434555509 0.7293883632 0.8917382513 0.8648273947 0.8390074066 0.6741633555 0.5006046663 0.3317989733 0.2657083646 0.2042403630 0.1694711113 0.1445726689 0.1463653344 0.1374711805 0.1402466044 0.1577005613 0.2014391165 0.1368352726 0.1477049149 0.1531271608 0.2032837067 0.1629071230 0.1691220209 0.1487705419 0.1610799271 0.2123570311 0.1309903945 0.2224964664 0.2038350610 0.1865855979 0.1633985731 0.2173385643 0.1948004274 0.1970684232
0.1357604585 0.1772991299 0.1121306151 0.1510638424 0.2012876757 0.1555167202 0.1518405670 0.1250356953 0.1530419599 0.1690939114 0.1297660838 0.2379841145 0.2749940072 0.3836540157 0.5487424888 0.7838631442 0.8150040546 0.8706931865 0.8362068632 0.6847030981 0.4988954472 0.3737289694 0.2437264482 0.2075965947 0.1797707180 0.1680963185 0.1424752794 0.1370853404 0.2036317608 0.1424313934 0.1915552510 0.1993458936 0.1722931829 0.1515094149 0.1068571423 0.1705060415 0.1690223939 0.1616123311 0.2109727308 0.2036369010 0.1934840965 0.1119297162 0.1395596405 0.1321115462 0.1436426694 0.1667237666 0.1754522693 0.2238528949 0.2783195834 0.3774816722 0.5319121527 0.7386897987 0.8753220042 0.8878674378 0.8161869525 0.6832186057 0.4857157907 0.3154504826 0.2444670855 0.2055514244 0.1343678634 0.1067491726 0.1595449656 0.0727906958 0.1504971378 0.1583948959 0.1516954203 0.1764847079 0.1451444213 0.1218290062 0.1806565045 0.1525786988 0.1319608370 0.1330622896 0.1338295118 0.1836015396 0.1766193731 0.1685948251 0.1556656757 0.1521845992 0.1603667816 0.1155680526 0.2089545807 0.2422990468 0.3364805538 0.3990892092 0.5923982100 0.7447249459 0.8563820905 0.8939507713 0.8151503897 0.6638793559 0.5064968853 0.3237204020 0.2059178795 0.2230383908 0.1458663295 0.1862724311 0.1417828436 0.1367072327 0.1733052372 0.1911273066 0.1551260896 0.1672275457 0.2199188600 0.1237183441 0.1597373884 0.1588884293 0.1928135185 0.1618261171 0.2006514218 0.1716547101 0.1507835001 0.1360938975 0.1509717344 0.2105013049 0.1647360245 0.1566110870 0.1963247503 0.2471824878 0.2794199612 0.3535056745 0.5995727717 0.7660998881 0.8522163363 0.8673930400 0.8419258075 0.6819777434 0.4714994644 0.3595995705 0.3048310795 0.2187452084 0.1565794796 0.2146674397 0.2224521408 0.1942789952 0.1910256266 0.1900756198 0.1709334714 0.1935798754 0.1956198302 0.1919018565 0.1639212320 0.1223243721 0.1609170186 0.2075989566 0.2331327234 0.1886044827 0.1614883506 0.2051482640 0.1582261155 0.1594110992 0.2022994741 0.1809505395 0.1991200605 0.2494139782 0.3187872636 0.4120085507 0.5184403502 0.6659470613 0.8215295097 0.9388723538 0.7986730948 0.6826082923 0.5095222775 0.3695692632 0.2637782536 0.2044943663 0.1930351696 0.2006405222 0.1681449739 0.1808609745 0.1568033699 0.2417809184 0.1816590015 0.1665750986 0.1591005603 0.1477135312 0.1917854872 0.1302534602 0.1466632202 0.1892643093 0.1672505355 0.1460916523 0.2068231441 0.1652368629 0.1481404962 0.1558314272 0.1890052761 0.2404829965 0.1967453163 0.2530188613
0.0913511689 0.1896271266 0.1795985550 0.1731993269 0.1992661529 0.1145422016 0.1125903828 0.1101906830 0.2127017884 0.1271265791 0.1770098720 0.2174437217 0.2903123582 0.3865611690 0.5270099077 0.6822408453 0.8066349719 0.9096674784 0.8373831408 0.6154088906 0.5078259413 0.3111197660 0.2233358982 0.1765723501 0.1956363114 0.1612126845 0.2037789674 0.1564146227 0.1457751077 0.1414225374 0.1585350493 0.1655234113 0.2255374736 0.1418097183 0.1885036168 0.1780050552 0.1870333650 0.2112098509 0.1717282058 0.1622055362 0.1538286000 0.2032155980 0.1694794758 0.1979446565 0.2349731660 0.2095293969 0.1584521181 0.1709214325 0.2348927011 0.3951965260 0.5203262719 0.7345337614 0.8218982671 0.8765776393 0.8309426702 0.6757427043 0.4852912419 0.3009325055 0.2184544350 0.1423930525 0.1789480373 0.1392872443 0.1435521983 0.1367658726 0.1817269725 0.2027554510 0.1808985522 0.1507604801 0.1381059928 0.1889828098 0.2030843170 0.1894807407 0.1098654284 0.1450412853 0.1593757379 0.1564853545 0.1571645722 0.1155328615 0.1965240539 0.1193461684 0.1556223857 0.1505764293 0.2228316526 0.2206246916 0.2271195533 0.3731529108 0.4906722499 0.7215087607 0.8607255669 0.8653830051 0.8578831648 0.6820013230 0.4946871816 0.3950698512 0.3107822708 0.2087231424 0.1797924144 0.1986590441 0.1791509516 0.1539665041 0.1820253846 0.1826944440 0.1781482666 0.1668814446 0.1525804644 0.1410178506 0.1352061072 0.1846320805 0.1562102524 0.1727385962 0.1562111402 0.2019837530 0.1670563774 0.1895397371 0.1693685002 0.1628391418 0.1986309161 0.1567546413 0.1569582452 0.1909035202 0.2796760865 0.3428773064 0.5720279258 0.7121615090 0.8476757426 0.8354581766 0.8372318847 0.7393159651 0.5015579526 0.3944039292 0.2836696880 0.1976166362 0.1745142409 0.2316580813 0.1251414984 0.1325812123 0.2068320864 0.2078751274 0.1816295883 0.1187252257 0.1762840461 0.1385019286 0.1723486288 0.1986439218 0.1482435239 0.2013801783 0.2215107242 0.1704654703 0.2141826166 0.1289708364 0.1478234354 0.2216930119 0.1909733242 0.1994002325 0.1615729109 0.2141006207 0.3031377271 0.4078727286 0.5587224426 0.7313906077 0.8896325398 0.8675799824 0.8081140450 0.7182548428 0.4790775066 0.3790895556 0.3042883424 0.1892950695 0.2131608768 0.1589185492 0.1465601122 0.1136504718 0.1452908014 0.1870623325 0.1981554302 0.1632636228 0.1752741081 0.1186949668 0.2076156906 0.2148120235 0.2151665444 0.1670257884 0.2189327275 0.1739444544 0.1492517614 0.1508906218 0.2133712708 0.2104923033 0.1682504243 0.1341803369 0.1638411853 0.2192451604
0.1735532284 0.1141891216 0.1226599998 0.1548658078 0.1418591452 0.1729596089 0.1214275227 0.1808980461 0.1065380442 0.2083005061 0.1631722748 0.2005967883 0.2135322612 0.3751103027 0.5093640838 0.7241460496 0.8074877882 0.8427104193 0.7971258783 0.6657066444 0.5404739662 0.3877621587 0.2715590463 0.1859792567 0.1955523020 0.1386759876 0.1271342886 0.1962260836 0.1321055707 0.1557453682 0.2108621004 0.1483696667 0.1925001851 0.1457720157 0.1505070896 0.1615926424 0.1482032921 0.1221216075 0.1303282468 0.1476341220 0.1908511322 0.1626166951 0.1752945703 0.1794064048 0.1102988457 0.1676420392 0.2002704820 0.1998054689 0.2397656570 0.3616166060 0.5670244222 0.6719241160 0.8225303188 0.8774649849 0.7547423085 0.7081225470 0.5054343389 0.3924159083 0.2366379120 0.2146347013 0.1423444495 0.1317735599 0.1344693319 0.1473069423 0.1735146612 0.1300447042 0.1890389866 0.1434970290 0.1318520636 0.1223232820 0.1975548511 0.1593234269 0.1685582439 0.1322076618 0.1808050580 0.2142151138 0.1793889907 0.1103390203 0.1719410614 0.1647767103 0.1385701117 0.1710419022 0.1991777282 0.2272763585 0.2804303289 0.4070624899 0.5073408078 0.7252321236 0.8602308659 0.8813061144 0.8195843637 0.7017095788 0.5655167818 0.3868085232 0.3288941251 0.2233021798 0.1778581520 0.1339034248 0.1398366130 0.1236803251 0.1734992206 0.1922799946 0.1321428154 0.1552744692 0.1816914797 0.1825621592 0.1135106386 0.0867710582 0.1713590194 0.1885425638 0.1135383807 0.2060868777 0.1551993990 0.1496212683 0.0873703548 0.1917037144 0.1904727598 0.2030686345 0.2108556593 0.2312683706 0.2682108281 0.4187462466 0.4819489549 0.6869986055 0.8210052069 0.8710598980 0.8365754533 0.6636297626 0.5174773646 0.3366737272 0.2196044607 0.2656646368 0.1678303977 0.1587286124 0.1544429541 0.1211472209 0.1530290411 0.2040683131 0.1779608584 0.1496225899 0.1545323849 0.1644652809 0.1895526943 0.1427996836 0.1377878065 0.2061897328 0.1418689844 0.1643656884 0.1915051117 0.1823146289 0.2171929083 0.1553432445 0.2086060343 0.1981243693 0.1726794361 0.1478805256 0.3266602200 0.3540095632 0.5202803218 0.7149311029 0.7958251009 0.9314466624 0.8258004618 0.6759748150 0.5453990853 0.3183234663 0.3099428740 0.2173192790 0.2234180609 0.1345145796 0.1963588420 0.1767639169 0.2008675422 0.1952760389 0.1559817033 0.1238932641 0.1188765298 0.1748777355 0.1724752687 0.1930780547 0.1783583932 0.1105575042 0.1935394835 0.1397612001 0.1812408113 0.1419021967 0.2039412830 0.1702767067 0.1649596262 0.2199337331 0.1950219804 0.2085958039
0.1426957692 0.1209497785 0.0967867553 0.1531255585 0.1522477293 0.1336334219 0.1483430116 0.1280459676 0.1825523446 0.1396704168 0.1478334560 0.1743140921 0.2401697503 0.2836338757 0.4918726731 0.6685526302 0.8034978141 0.7979551518 0.8189260252 0.6964000209 0.5870037118 0.3604975619 0.2184728433 0.2237147400 0.1756870932 0.1606507580 0.1892261139 0.1329238554 0.1337546294 0.1407441153 0.2031693690 0.1452485608 0.1603365093 0.1455665361 0.1368736268 0.1022997751 0.2162412513 0.1038412772 0.1606654336 0.1814734534 0.1523202417 0.1299654537 0.1468699551 0.1539618088 0.1121762202 0.1469841895 0.2005648602 0.1675891274 0.2505696798 0.3202382216 0.4663113403 0.6642289822 0.8414059582 0.8601317496 0.8345577128 0.6804492374 0.5770357877 0.3930067894 0.2637674788 0.2409777270 0.1756153188 0.1718479600 0.1961312229 0.1507111066 0.2022843147 0.1597031463 0.1151056026 0.1526650153 0.1874161233 0.1415605663 0.2133115772 0.1628449843 0.2010228838 0.0796035555 0.1170486241 0.1270995777 0.1848090018 0.1566616973 0.2032487345 0.1290210233 0.1260207406 0.1882910012 0.1345961770 0.2083036772 0.2558043883 0.3616344575 0.5042996537 0.7104995411 0.8573492887 0.8924911310 0.8183176411 0.7366670902 0.4996191933 0.3807511960 0.2866129390 0.1837039440 0.1442013383 0.1643828759 0.1865666379 0.2083493085 0.1656937054 0.1738669264 0.1330727998 0.1399036341 0.1488732709 0.1377505248 0.2041733978 0.1929316146 0.1476124429 0.1337110217 0.1431849945 0.1307147450 0.1172131013 0.1572500076 0.1657868489 0.1589614652 0.1127224442 0.1573439157 0.2257185411 0.1863670199 0.3122350448 0.3699204286 0.5235492168 0.6205293247 0.7554721228 0.9091828442 0.7954059862 0.7309780843 0.5614613047 0.4056904749 0.3120421597 0.2021986196 0.2137859545 0.1988766042 0.1703515992 0.1226771274 0.1955834037 0.1142912938 0.1889427525 0.1730118896 0.1221120437 0.1729075776 0.1346362667 0.1590204267 0.1899103481 0.1387094034 0.1617146821 0.1799100502 0.1589586063 0.1674311374 0.1860569043 0.1577855748 0.1901015114 0.1400370186 0.1621024295 0.2272419397 0.2367583003 0.3048409967 0.4709321051 0.6479911379 0.8407174526 0.8931520899 0.7757956091 0.7562461882 0.5372127789 0.3872604176 0.2853006096 0.2207652042 0.1466269306 0.1942740582 0.1759717314 0.1744663335 0.1640031397 0.1497612155 0.1758554483 0.1444562536 0.2195788729 0.1893553194 0.1516346921 0.1414239675 0.1454990776 0.1907933141 0.1177387374 0.1327434487 0.1410375264 0.2080310301 0.2038107250 0.1197655353 0.1568480028 0.2008462092 0.2186454258 0.1742451978
0.1329927484 0.1418499766 0.1729501228 0.1319650819 0.2072278634 0.1441021318 0.1584437358 0.1801049945 0.1559786161 0.1408928652 0.1373822200 0.1136730636 0.2242262055 0.3010486049 0.4841505745 0.5942589140 0.7254030562 0.8583056917 0.8356231989 0.6780850177 0.5222634734 0.3927670373 0.2333315760 0.2379848750 0.2145399861 0.1729430354 0.1430737356 0.1133386677 0.1232111810 0.1631129192 0.1335297845 0.1617976230 0.1409598168 0.1182398756 0.1233986840 0.1449230902 0.1026473392 0.1470332850 0.1063267782 0.1645457916 0.1113070823 0.1810482263 0.1322228806 0.1877425056 0.1684827283 0.1299493418 0.1212218954 0.2004198526 0.1775440020 0.3218834427 0.4574708220 0.6034387653 0.7991784713 0.8712612920 0.8892049052 0.6648487420 0.5520954042 0.3244992186 0.3041958537 0.1424872934 0.1897192224 0.1141004248 0.1333775636 0.1713405443 0.1639539215 0.1546265767 0.1624483609 0.1630854896 0.0909356496 0.1538769728 0.1541694282 0.1508146653 0.1369828629 0.0989666819 0.1928073931 0.1180697232 0.1901556156 0.1895885126 0.1398744171 0.1220524373 0.1922909377 0.1352748679 0.1902700796 0.1858384168 0.2719669289 0.3002995214 0.5116424568 0.6199558636 0.7601286400 0.8499416497 0.8432355285 0.7035064580 0.5452296336 0.3930873473 0.2486729211 0.1706257628 0.1708875735 0.1259475032 0.1596062444 0.1273197483 0.0616349542 0.1760572929 0.1209991125 0.1099079284 0.1766209158 0.1914294430 0.1305792457 0.1500566896 0.1637217814 0.1281630366 0.1469280135 0.1514262686 0.1675093569 0.1649435319 0.1139562575 0.1734064796 0.1996860614 0.1194184420 0.1694555022 0.2332580435 0.2114055026 0.3403598827 0.4560326650 0.6444876241 0.7779353066 0.9174533315 0.8351398237 0.7724740783 0.5901799797 0.4111136531 0.2647842698 0.2211017082 0.1687014452 0.1731161431 0.1626833367 0.1529921317 0.1140284630 0.1282629321 0.1261927010 0.1641452917 0.1852921938 0.1563315030 0.1358208198 0.1158941474 0.1162994736 0.1365721724 0.1997938585 0.1593219887 0.1531015408 0.1347020336 0.1339091318 0.1530479041 0.1386990167 0.2049451034 0.1419274434 0.2011716717 0.2465684977 0.3151540860 0.4995664139 0.6618518548 0.7647557754 0.8528217804 0.8039339289 0.7242167006 0.5619654953 0.3900586485 0.2325732978 0.2554045352 0.1839901828 0.1753517084 0.1857320660 0.1864157279 0.1512810531 0.1627600812 0.1575584969 0.1559978797 0.1446600863 0.1483346848 0.1416127628 0.1845787139 0.1675847797 0.1450247611 0.1399352129 0.1441461082 0.1594989052 0.1102937961 0.1894438402 0.1603589211 0.1338373896 0.1806902822 0.2227337340 0.2175989048
0.1748464757 0.0995788950 0.1353096286 0.1387592768 0.1836888140 0.1062998615 0.1278216760 0.1430986687 0.1522602226 0.1365940164 0.1161282143 0.1783964409 0.2567265480 0.2816014720 0.4306050589 0.6082826033 0.7085595003 0.8239519291 0.8292878499 0.7252594000 0.5228832360 0.4256164140 0.2829367814 0.1872196161 0.1561964702 0.1394339352 0.1222330079 0.1297314276 0.1371032656 0.1363635150 0.1475636183 0.1394570851 0.1128252045 0.0951674694 0.1325488146 0.1325862551 0.1976272173 0.1006947472 0.1743210926 0.1054038826 0.0806288587 0.1371968986 0.0669428254 0.1144805919 0.1543605668 0.1786244560 0.1566377764 0.1299839877 0.1963240863 0.2791708258 0.4301667692 0.5675589929 0.7129118154 0.8395017800 0.8541257493 0.7526204077 0.5847185527 0.3759796401 0.2602918644 0.1495988975 0.2029471965 0.1480817656 0.1271686802 0.1304147654 0.1212509507 0.1509027969 0.1421730634 0.1971952154 0.1173923371 0.0942711633 0.1347142283 0.0666822843 0.0759686207 0.0834922996 0.1246110182 0.1845997966 0.1362324549 0.1705410560 0.1334711895 0.1516704927 0.1557951561 0.1444351618 0.1071608375 0.1671406237 0.2409193837 0.3467683599 0.4392885034 0.6049797740 0.7528324484 0.8968620853 0.8926473534 0.7144837309 0.5764363748 0.4344179373 0.2353807877 0.1851424684 0.1128436082 0.1466375301 0.1878357584 0.1329974891 0.1489755114 0.1473158218 0.1106431024 0.1308349778 0.2339256047 0.1597321944 0.1758935082 0.1224784356 0.1744826986 0.1554841064 0.0886113215 0.1074954492 0.1430746754 0.1663230960 0.1071313006 0.1762570861 0.1476175590 0.1315141495 0.1701607402 0.1606805505 0.1807620079 0.2668519089 0.4621219128 0.6383795433 0.7857287908 0.8560861783 0.8565866538 0.7575142781 0.6048481486 0.4144864307 0.3026052609 0.2544181411 0.1697409098 0.1476607153 0.1348730007 0.1897357203 0.1377041909 0.1183162920 0.1702716767 0.1270401884 0.1258688858 0.1083577872 0.1601311237 0.1227507364 0.1606930068 0.1739446123 0.1837268195 0.1835868248 0.1354827447 0.1735584921 0.1022122215 0.1227055504 0.1577744019 0.1960453139 0.1644456351 0.2243820407 0.2514531195 0.3022907531 0.4691717124 0.6577147358 0.7891585302 0.8788640107 0.7823102849 0.7102155575 0.5758218015 0.4324836001 0.3274154037 0.2033224827 0.1864196308 0.1586552780 0.1672903488 0.0998144683 0.1089967924 0.1292861451 0.1591354817 0.1664725854 0.1427395246 0.1290314681 0.1486882675 0.1062532868 0.1628290685 0.1312495530 0.1301858462 0.1351076060 0.1299168261 0.1084818348 0.1307124749 0.1633957563 0.1494921246 0.1577298430 0.1403469671 0.1568894373
0.0838928944 0.1569264838 0.0950556099 0.0693404885 0.1676633384 0.1002432072 0.1441388360 0.0864462086 0.1094446727 0.0984239789 0.1593901180 0.1709496364 0.1438806176 0.2269923159 0.4499258824 0.5345419071 0.7742149409 0.8229238589 0.8032350781 0.7633805594 0.5281494302 0.3972529949 0.2980706360 0.2290945931 0.1473654222 0.1579355352 0.1148659877 0.1296005450 0.1138021651 0.0970001670 0.1196513453 0.1349495496 0.1112702595 0.0992499793 0.1030389130 0.1680105605 0.1256267612 0.1421339708 0.1270885241 0.1213513652 0.1221967819 0.1178775036 0.1395745749 0.1463580901 0.1292230382 0.1365110095 0.1795177560 0.1515650381 0.2148456491 0.2975714994 0.3737621995 0.5580826875 0.7173403604 0.8755593930 0.8340822707 0.6752088370 0.6073455850 0.4085661415 0.2882102941 0.2262129709 0.0896341674 0.1364032514 0.0957234720 0.1362291426 0.1292556738 0.1402488596 0.1389664280 0.0880791700 0.1016751864 0.0596306500 0.1342340045 0.1639976072 0.1213759165 0.0843420440 0.1630462189 0.1318675113 0.1365610142 0.1202275372 0.1333862972 0.1621606674 0.1319339958 0.1081838826 0.1494702562 0.1013914832 0.1919509426 0.2882131153 0.4270189908 0.6028129372 0.7318345956 0.8192067014 0.8159642816 0.7907096828 0.5960382127 0.3919899069 0.2473733539 0.1817374726 0.1579817050 0.1436066469 0.1322158541 0.1518985328 0.1240682479 0.1439226010 0.1138068217 0.1470555121 0.1120350891 0.1338965984 0.1769216356 0.1648586839 0.1289676776 0.1460192531 0.1408683682 0.1626976680 0.1666248966 0.1034319163 0.1836116583 0.1479939755 0.1669041716 0.1073275731 0.1484142151 0.1286952000 0.2169238080 0.2791595555 0.4325023955 0.5781738835 0.7471795845 0.8261312575 0.8176242781 0.6711085344 0.5336325267 0.4497548855 0.2688784350 0.1923391732 0.1910364392 0.1352332933 0.1539623715 0.2207590288 0.1498721642 0.1627631339 0.1039590470 0.1431350406 0.1377124858 0.0924783943 0.1689172858 0.1333764319 0.1315135510 0.1412115241 0.1391247673 0.1520505759 0.1450103762 0.1461871184 0.1474790622 0.1366347642 0.1173838534 0.1240612934 0.1236277544 0.1471211710 0.1997640824 0.3337756850 0.4383723915 0.5803238473 0.7140415825 0.8292056284 0.8338637232 0.7579930207 0.5895567488 0.4344832858 0.3213491071 0.1550499379 0.2202921610 0.1260544768 0.1637871347 0.1891696767 0.1219164665 0.1718297120 0.0977598167 0.1648499140 0.1339947076 0.1592561977 0.1680678060 0.1416644777 0.1641417633 0.1630553931 0.1792015662 0.0908552804 0.1678480708 0.1735963721 0.1688516902 0.1706958179 0.1120831853 0.1590869171 0.1355355996 0.1673902869
0.0975657102 0.1375718577 0.0970049994 0.0913740464 0.1174264092 0.0977495001 0.1576248833 0.1395541481 0.0939315795 0.0724339110 0.1377400208 0.1362328960 0.1707928195 0.3118778992 0.3436035955 0.5713790348 0.7311638296 0.7934934440 0.8586611271 0.7759853976 0.5648980592 0.4749589087 0.2617616744 0.2183593299 0.2110420653 0.1321426427 0.1254847075 0.1455753595 0.0875871693 0.1334848974 0.0884836559 0.1400818390 0.1766986272 0.0945986556 0.1578524148 0.0958453525 0.0825377412 0.1006925022 0.1394623878 0.0885694602 0.0960265781 0.1005403281 0.1424238135 0.1316235488 0.1789074864 0.1296860553 0.1434744187 0.1279282091 0.2063870202 0.2442051040 0.4400043909 0.5596281231 0.6899681556 0.8571598048 0.7743283905 0.7436538668 0.5644332434 0.3417753751 0.2812183003 0.2155029002 0.1619298624 0.0946892420 0.1310554852 0.0939377902 0.0840562661 0.1312352050 0.1008488622 0.1483236354 0.1504415657 0.1084924481 0.1453499975 0.1240688975 0.1304851580 0.1424146517 0.1197143808 0.1148623844 0.1195579626 0.1089951584 0.1402805065 0.1224171549 0.1069006729 0.1245971968 0.0752321263 0.1400329775 0.2223620849 0.2821987093 0.3958050755 0.5711575547 0.7303933599 0.8633933831 0.8242322478 0.7230216778 0.6132530798 0.4140787109 0.2984226612 0.2199120938 0.1842782573 0.0853070668 0.1589795282 0.1527218996 0.0798792973 0.1494043981 0.0852478054 0.1183714156 0.1176027230 0.1159528721 0.1157017518 0.1263246372 0.1577308989 0.1588157469 0.1267793255 0.1365310871 0.1012571861 0.1057392755 0.1789902808 0.1654170372 0.1571139889 0.2052423335 0.1275059072 0.0971304603 0.1990494043 0.2474178597 0.4748007197 0.5955266943 0.7441219649 0.8400580492 0.8404355884 0.7544643564 0.6345428299 0.4395184094 0.2966461234 0.2392569514 0.2227065187 0.1219645419 0.1775206053 0.1345802320 0.1722997211 0.1446147904 0.1253169340 0.1135339566 0.1643281328 0.1000425916 0.1596427838 0.1690656234 0.1569256713 0.1545159233 0.1698909518 0.1348187767 0.1352614169 0.1307476748 0.1146330234 0.1343818169 0.1275808584 0.1184592508 0.0937768381 0.1844836751 0.2048010129 0.2751605759 0.3805947311 0.5694283412 0.7676949491 0.8653834055 0.8092603934 0.7564604577 0.6058675656 0.4538367168 0.3115653088 0.1651488504 0.1339103831 0.1554153851 0.1646102027 0.1786213833 0.1208477201 0.1262610682 0.1331369792 0.1449639764 0.1234148380 0.1776515519 0.1393159736 0.1034399171 0.1632795974 0.1205820046 0.1593942853 0.1262292226 0.1221016455 0.1464468648 0.1436829272 0.1449230563 0.1684409560 0.1744071478 0.1945996360 0.1901040386
0.0912806494 0.1661117381 0.1501262349 0.1108878942 0.0933031910 0.0961629490 0.0814486653 0.1341213359 0.1179893127 0.1611845166 0.0976792709 0.1157517433 0.1790552292 0.2110140924 0.3743493794 0.5172953427 0.6670720395 0.7888364975 0.8332531486 0.7273645860 0.5519364741 0.4210328811 0.3181420360 0.2100601312 0.1380138601 0.1557314575 0.1321638048 0.0905263765 0.0765989867 0.0649873036 0.1422937750 0.0828831033 0.1498741406 0.1100674923 0.1550541115 0.1366694220 0.1155732755 0.1269965981 0.0743571535 0.1138570632 0.1039483578 0.0644108420 0.1228303377 0.1389362779 0.0971951548 0.1214325646 0.1201123928 0.1696472533 0.2134296430 0.2230893943 0.4080115270 0.5442740244 0.7229387451 0.8510962486 0.8553636842 0.8242753039 0.6075527816 0.4710102740 0.2859460082 0.1625299477 0.1395433708 0.1387892442 0.1469016075 0.1042828994 0.1410719370 0.1355740163 0.1325081239 0.1657236152 0.1478596067 0.0914064874 0.1158874193 0.1254696649 0.1047205082 0.1097154650 0.1259118803 0.1530662645 0.1022175893 0.1338157792 0.1278760545 0.1117949665 0.1301953311 0.1184226280 0.0902932939 0.1922922857 0.1740978975 0.2361806952 0.3745095031 0.5354942423 0.6972462442 0.8085668462 0.8531644655 0.7967146720 0.5932837297 0.4198432672 0.2787669137 0.2408657823 0.1536412287 0.1420745111 0.1148406904 0.1183005496 0.1148577767 0.0875427484 0.0999386416 0.1379480624 0.1457330692 0.1166802674 0.1727936838 0.1286638373 0.1315373405 0.1475857149 0.1911466666 0.1499684504 0.1308749310 0.0883360265 0.1023819281 0.1101084197 0.0985962253 0.1171688687 0.1015443304 0.1681666534 0.2007386210 0.2851171531 0.3763728542 0.5522380619 0.7166306001 0.8564802697 0.8590373819 0.7000612324 0.6472360366 0.4197289076 0.2737954224 0.2431086302 0.1450131061 0.1684069777 0.1418305028 0.1662686138 0.1302028694 0.1903240537 0.1399563979 0.0872754171 0.1018321061 0.0968400866 0.0732324592 0.1184988309 0.1208812110 0.1331362302 0.1100002655 0.1483385216 0.1088746736 0.1110577087 0.1274290118 0.1536093918 0.1498159202 0.1336517185 0.1278528281 0.1387531088 0.2073733449 0.2464162261 0.4115366783 0.5348493317 0.7099963424 0.8507753305 0.8564260393 0.7202575125 0.6277212739 0.4315565973 0.2863286781 0.2157144573 0.1797110179 0.1527358806 0.1787185461 0.1104501957 0.1217476351 0.2004190999 0.0995682182 0.1327546271 0.1278057681 0.1338675840 0.1164653702 0.1237063136 0.1472563598 0.1414792934 0.1767995411 0.1619599793 0.1253285387 0.1736711810 0.1121847385 0.1683366682 0.1614148014 0.1547776598 0.1607311548 0.1225729960
0.0591321777 0.1543941203 0.1262913829 0.1695149624 0.0698211147 0.1279206546 0.0681443447 0.0459076797 0.0964999496 0.1496892055 0.1332447604 0.1454674841 0.1896750884 0.2517253006 0.3493704540 0.5187975884 0.7189108779 0.8040083370 0.8064757628 0.7520342596 0.6602899686 0.4150762058 0.3267607926 0.2325899127 0.1607395364 0.0999082015 0.1245556976 0.1372595683 0.1659412375 0.1139010706 0.1981592420 0.1256262797 0.0873791388 0.1512396872 0.0741488309 0.1516672452 0.1662687310 0.0788950160 0.1053176814 0.1198817408 0.1625839392 0.1460869846 0.1324622198 0.1280782351 0.1123576181 0.1188920073 0.0996056005 0.1387211829 0.1907270761 0.2594832560 0.3472541370 0.4910444034 0.7415557441 0.8148254957 0.7798630795 0.7336855738 0.6015684043 0.4677436369 0.3131773606 0.2488764752 0.1584343630 0.1452278291 0.1166133654 0.1545184865 0.1494766369 0.0866549422 0.0755846370 0.0998508030 0.1161356179 0.1477426151 0.1390151271 0.0933003383 0.1328040736 0.1479275998 0.0941772641 0.1203373717 0.1421199577 0.1109310513 0.1471082707 0.0691456746 0.1564253236 0.1663127930 0.1121979422 0.1198410872 0.1830606192 0.2682728209 0.3610668588 0.4993221458 0.6989702427 0.8601997874 0.8329770261 0.7670166389 0.5923628221 0.4104842457 0.3388581988 0.2213379388 0.1659983394 0.1360065440 0.0717037547 0.0967319259 0.1295675937 0.1439199431 0.1017911888 0.1494652665 0.1698424254 0.1141991575 0.1157343256 0.1492676141 0.1367105629 0.1698018170 0.1574937788 0.1361831822 0.0895136780 0.1628555034 0.1266380147 0.1798139319 0.1480643427 0.1104065961 0.1005578381 0.1785140964 0.1431016238 0.2186174980 0.3635498604 0.5080229312 0.6601474073 0.7962442829 0.8177700911 0.7204065689 0.6686904771 0.4789605590 0.2773020881 0.2773435909 0.1006387678 0.1675234627 0.1692442114 0.1464940722 0.0914048531 0.1463126912 0.1443884222 0.1568685929 0.1410458927 0.1358429392 0.0910043723 0.1193122638 0.1279854663 0.1552215852 0.1240978103 0.1537607045 0.1147817230 0.1449005286 0.1932955204 0.1674666178 0.1297840159 0.1404144849 0.1198314376 0.1826799914 0.2400040318 0.2694404636 0.3610093060 0.4794532327 0.6790889350 0.7789788071 0.8277996486 0.7894330697 0.6121676262 0.4592576556 0.3602788500 0.2028669891 0.1680124403 0.1343366844 0.1423788314 0.1412198020 0.1363756046 0.1258616454 0.1365785523 0.1333927980 0.1445394491 0.1604974613 0.1179950327 0.1109929921 0.1233659654 0.1691170523 0.1367799388 0.1263973437 0.1256295644 0.1436751448 0.1208568359 0.1218895072 0.1323241739 0.1089512087 0.1805500547 0.1942874163
0.1106220006 0.1271132640 0.1541493562 0.1221413916 0.0880985569 0.0863156576 0.1073671897 0.1022888999 0.1029276135 0.0985379223 0.1363506376 0.1660913104 0.1931720571 0.2339168773 0.3833205584 0.4933596278 0.6702582340 0.7963639687 0.8047513315 0.7548047493 0.6156125204 0.4196425489 0.3166611071 0.2254962641 0.1545147585 0.1194695770 0.1183894717 0.1381201450 0.1485958003 0.0617741844 0.0987336236 0.1062706982 0.0915849395 0.1199598655 0.0779310379 0.0992324126 0.1243770092 0.1031854744 0.1358541019 0.1219484629 0.1626677996 0.1533475396 0.1163328406 0.1214930894 0.0919235822 0.1303808300 0.1272103315 0.1702308171 0.1322905930 0.2316204140 0.3447148836 0.4708045509 0.6942805617 0.8112368874 0.8883651017 0.7574730208 0.6348376859 0.4579229002 0.2705280410 0.2579758495 0.2216673256 0.0885572750 0.1436552331 0.0459896347 0.1384703604 0.1121470300 0.1160277638 0.1084627445 0.0614394864 0.1108024827 0.0979384774 0.1737945032 0.1396587789 0.1166998337 0.1093230287 0.1348644169 0.0754247414 0.1586286846 0.0763956204 0.0809739101 0.0917647484 0.1243631420 0.0861151014 0.1487267011 0.1511262188 0.2376370333 0.3935742627 0.5418568708 0.6567881044 0.7493706329 0.8248323959 0.7895737424 0.6307127618 0.4218578539 0.3005615711 0.2530841566 0.1637660967 0.1275800799 0.1405629390 0.0908089706 0.0754022302 0.1340447130 0.1133596013 0.1033011988 0.1062642278 0.1723843862 0.0786502193 0.0960347974 0.0981880338 0.1098711347 0.1132155981 0.1482116766 0.1050279216 0.1543214564 0.1207466754 0.1873355658 0.1151765142 0.1184362099 0.1094324163 0.1813177450 0.2185481644 0.2945766650 0.3429061855 0.4662038550 0.6573679404 0.8415494161 0.8564804730 0.6992357709 0.6624473170 0.4883210371 0.3060261693 0.2428687541 0.2106767550 0.1664158654 0.1068498328 0.1737677428 0.1477968610 0.1242913035 0.1136251142 0.1064813318 0.1264857899 0.0956586176 0.1459665544 0.1189276622 0.1267472660 0.1384602258 0.0930317233 0.1555483885 0.1271083234 0.1582437545 0.1203099509 0.1664375858 0.1552940900 0.1168240354 0.2154562462 0.1832657415 0.1454554059 0.2174504389 0.3743137662 0.5407084656 0.6652314449 0.8180162191 0.8919328791 0.7672347570 0.6272405660 0.5345530849 0.3286978011 0.1929640943 0.1906467423 0.1796228846 0.1132520302 0.0886984059 0.1106897879 0.1300843830 0.1599574920 0.1404443812 0.1176478330 0.0909367747 0.1408718498 0.1520388118 0.1311046938 0.1871055460 0.0814071696 0.1466725911 0.1626132000 0.1344771912 0.1763900392 0.1352764954 0.1667072376 0.1565754978 0.1196309698 0.2075158416
0.0710865306 0.1213399034 0.1162934656 0.1011890772 0.1059581007 0.1011497688 0.1511815938 0.0826653498 0.0651924896 0.1184127464 0.1197013415 0.1568434393 0.1356003994 0.2328976147 0.3470429602 0.4859822846 0.6935511405 0.7599755211 0.8306858330 0.7699932161 0.6122028882 0.5161614609 0.3176145691 0.2644603601 0.1960606597 0.1802803192 0.0916374714 0.1639331912 0.1629578372 0.1372226027 0.0922316215 0.1095910845 0.1663969031 0.1120676586 0.1295527573 0.1028974418 0.1288693289 0.1673627080 0.0752069295 0.1077262507 0.1081168520 0.1487257325 0.0946487182 0.1224047731 0.1098589500 0.1253982951 0.1085662601 0.2019885918 0.2059646112 0.3098663103 0.2835711974 0.5052855180 0.6843758805 0.7832650062 0.8894906240 0.8144263416 0.6735659008 0.5101317184 0.3582146957 0.1977158265 0.1779626609 0.1753048877 0.1274992507 0.1568964632 0.1413816819 0.1034173566 0.1111732015 0.1067884634 0.1183414163 0.0995511142 0.1640746095 0.1265039473 0.1089440592 0.0751321488 0.0993220614 0.1305806563 0.1795570987 0.0872754354 0.0789102601 0.1049307747 0.1299991205 0.1373335825 0.1873376357 0.1392856634 0.1496956357 0.2397566154 0.3419636236 0.5167572610 0.6982294590 0.7268926406 0.8081279261 0.7885703702 0.6246221297 0.4731226002 0.3072917109 0.2500104305 0.1850362483 0.1504016372 0.1449261103 0.1047264688 0.1152037933 0.1467511958 0.1091979168 0.1243001580 0.1278232265 0.0860534824 0.1536271418 0.1168982214 0.1562226740 0.1578497233 0.1336484365 0.1135765368 0.1462235286 0.1469588699 0.1150992332 0.1702099107 0.1350434104 0.1496917493 0.1185153918 0.1337641669 0.1305518332 0.2119462632 0.3613864886 0.4915038222 0.6811166313 0.8003201147 0.8532067028 0.8642147048 0.6624988032 0.4994551603 0.3371660731 0.2410189737 0.2031514754 0.1891389647 0.1300059630 0.0957871791 0.1522515957 0.1254412043 0.1443098233 0.1594646326 0.1197569732 0.1184752119 0.0664448968 0.1526368541 0.1196390819 0.1918192790 0.0885355222 0.1595084464 0.1499803692 0.1542221733 0.1413269035 0.1429310927 0.1603079511 0.0914665149 0.1751090457 0.1406557973 0.1306088363 0.2461519616 0.3367758705 0.5050591783 0.6897766119 0.8196402933 0.8717759606 0.8183349411 0.6925743195 0.4661872445 0.2967763538 0.2429210592 0.1355252918 0.1687486886 0.1402873018 0.1426726868 0.1677740252 0.1171330385 0.1546644732 0.1683229557 0.1210489578 0.1314126241 0.0950275722 0.1484606253 0.1126257163 0.1154247220 0.1618167038 0.1827629020 0.1018144070 0.1630288780 0.1393842158 0.1774290526 0.1187783667 0.1525409145 0.1215454218 0.1608395577
0.1754502802 0.0461386912 0.1098706852 0.1135079720 0.0849534769 0.1119230392 0.0896679081 0.1182290848 0.1265266370 0.1242392768 0.1041810653 0.1561702026 0.1781733568 0.2580703821 0.3233383476 0.4147708649 0.6436600558 0.7801234953 0.8281402868 0.8215825144 0.6565333885 0.5123447584 0.3611422614 0.2423696012 0.1526576233 0.1763995392 0.1201684259 0.0979850980 0.1450247163 0.1019827901 0.1382003479 0.1181780895 0.1493807534 0.1549034639 0.1520222888 0.1204567538 0.1304715003 0.1688270913 0.1495777132 0.1446070402 0.1598042234 0.1491802527 0.1039155627 0.1678545554 0.0671552854 0.1359240515 0.0949480693 0.1182503719 0.1739673042 0.1906837444 0.2620661927 0.4933783088 0.6439016034 0.8411691414 0.8308915565 0.7890749431 0.6692877695 0.4790827072 0.3623530268 0.2787786890 0.1865113431 0.1394266721 0.0986422642 0.1943003817 0.1280855392 0.1535178423 0.1202566424 0.0724792372 0.1490761881 0.1721888501 0.1218313984 0.1069412457 0.1188766147 0.1294519686 0.1376433129 0.1663035933 0.1611491249 0.1629101701 0.1405357491 0.1749336964 0.1670410689 0.1638517257 0.0794763410 0.1478727161 0.1839318538 0.2745104358 0.2772143293 0.4454486857 0.6595212124 0.8148927500 0.8841007582 0.8381436120 0.7145526248 0.5127141620 0.3617987882 0.2469086694 0.1955919917 0.1671676486 0.1280692368 0.1745174067 0.1081067850 0.1504091868 0.1665125745 0.1592066536 0.1269070623 0.1536660666 0.1199042276 0.2036378457 0.1543313824 0.1359464455 0.1280805286 0.1423633623 0.1453216090 0.1577088570 0.1724344938 0.0763174999 0.1548212216 0.1443492225 0.1575828407 0.1232600471 0.1696067139 0.2738260087 0.3347862491 0.4711414856 0.6511602885 0.7499363898 0.8514435853 0.8583868970 0.6612537723 0.4909827541 0.3438772516 0.2487828772 0.1802346323 0.1402644345 0.1487028480 0.1508349957 0.1276041226 0.1541885987 0.1409757364 0.1197468852 0.1139244558 0.1615940307 0.1987505509 0.1421103872 0.1577634448 0.1223270080 0.1911046155 0.0919414881 0.1109391793 0.0942624359 0.1673460061 0.1684975840 0.1491656348 0.2158187727 0.1068408952 0.1717229562 0.1663608740 0.2294277142 0.3203113705 0.4726331947 0.6644105836 0.7977933686 0.8746930341 0.8626808932 0.6912979175 0.5477091191 0.3616416690 0.2277646365 0.2390081825 0.1765287725 0.1191287155 0.0935024469 0.1386999178 0.1819432243 0.1075692806 0.1161288549 0.1293937597 0.1259495881 0.1282739392 0.1183859145 0.1487163726 0.1463156154 0.1410699347 0.1539387021 0.1235764591 0.1420318038 0.1552008678 0.1434396983 0.0920012183 0.1351850130 0.1731901915 0.1603459265
0.1931914403 0.1367479107 0.1741404370 0.0987789872 0.1103929984 0.0970023429 0.1403885427 0.1035573483 0.1119808723 0.1176901889 0.1150013668 0.1110717705 0.1426521693 0.2504452669 0.3367872618 0.4201280943 0.6559372212 0.7949870581 0.8602566852 0.8464644914 0.7112856962 0.5649101333 0.3668710154 0.2370943469 0.1548538465 0.1500259900 0.1288130726 0.1158773698 0.1367221870 0.1537152336 0.1051047894 0.1240603948 0.1411998460 0.1272020964 0.1157427836 0.1156360911 0.1677198309 0.1621895534 0.0991890162 0.1510136593 0.0992773276 0.1390688157 0.1593351655 0.1199043882 0.1398652439 0.1360806766 0.1193294516 0.1502417778 0.1500929629 0.2588997252 0.2861351959 0.4508823446 0.6720121346 0.7632816798 0.8180455017 0.7883966678 0.6729921407 0.5090391127 0.3571224727 0.2235479350 0.1961710800 0.1800851838 0.1030681596 0.1153822403 0.1084450478 0.1429071708 0.1319660264 0.0909883287 0.0949122044 0.1557560044 0.1107863922 0.1138535355 0.1175586868 0.1284913865 0.1673316015 0.1638746235 0.1752950354 0.0989881671 0.1481906945 0.0907807968 0.1315475074 0.1100238089 0.1903937326 0.1172230427 0.2176521928 0.2172043135 0.3336136114 0.5021344456 0.6462862920 0.7306876116 0.8963186486 0.8696394274 0.6916145744 0.5643334025 0.3715716681 0.2896520030 0.1837783697 0.1783264053 0.1533892204 0.1192674937 0.1760766406 0.1795296452 0.1378537567 0.2023027306 0.1849311150 0.1744336117 0.1129844191 0.1498010192 0.1956558933 0.1477873878 0.1423257335 0.0997309825 0.1446416750 0.1912284822 0.1297576948 0.0849056212 0.1229098856 0.1623764244 0.1463792981 0.1413907465 0.2090489578 0.2453424734 0.3279147512 0.4185910504 0.6123918145 0.7870980121 0.8589358579 0.8076498770 0.6916381825 0.5367100088 0.3494574977 0.3130061009 0.2014292888 0.1544396588 0.1645191825 0.1289334749 0.1769617439 0.1354305953 0.1666934306 0.1671645347 0.1471160312 0.1594179220 0.1972788115 0.1702601941 0.1440750979 0.1753987908 0.1502254054 0.1875985986 0.2042982806 0.1417842259 0.1616258807 0.2171028618 0.1351922407 0.1618098167 0.1705998353 0.1437252281 0.1985267953 0.2266591149 0.3447008225 0.4530906615 0.6261675096 0.7625501750 0.8907080976 0.8467437637 0.7222190701 0.5582336396 0.4133548717 0.2882980062 0.2099067260 0.1727581242 0.1341166102 0.0868119536 0.1652379461 0.1413351600 0.1480828140 0.1521818459 0.1353246500 0.1548440856 0.1515847090 0.1219223959 0.1715481866 0.1412724034 0.1184629334 0.1499139458 0.1470715809 0.1404977478 0.1184110947 0.1319921664 0.1337676379 0.1326950894 0.1344560858 0.1959506423
0.0605363758 0.1518731674 0.1357367326 0.1253527769 0.1712047102 0.1735079443 0.1552392081 0.1620382964 0.1377884249 0.1711570307 0.1177898946 0.1253755499 0.1973969775 0.2166902682 0.3148829918 0.4529752023 0.6612262604 0.7395485903 0.8332029698 0.8380890365 0.7368666078 0.5506580229 0.3870266219 0.2516232840 0.1827241103 0.1779020743 0.1792746279 0.1368833295 0.1610075932 0.1478631524 0.0863026168 0.0913657802 0.0997076365 0.1392076695 0.1451884264 0.1530489637 0.1208120606 0.1305409602 0.1702003155 0.1500766332 0.1512032633 0.1271155516 0.1679517033 0.0709323748 0.1791565270 0.1962696965 0.1504185572 0.1343682492 0.1325682627 0.1658082727 0.3121177460 0.4754866801 0.6549060782 0.8525604550 0.8600616095 0.8371119803 0.7025267015 0.5436048038 0.3865080322 0.2801133921 0.1500694532 0.0987656172 0.1378542441 0.1351031916 0.1055163052 0.1792139984 0.1206622144 0.1383292212 0.1407448608 0.1817133191 0.1265057806 0.1251929826 0.1570208867 0.1004190628 0.1146741763 0.1212371627 0.1386916416 0.1588240756 0.1475151201 0.1503966162 0.1392835456 0.1187991270 0.1766967345 0.1301268896 0.1846693284 0.2363191772 0.3118058043 0.4464053577 0.6207781897 0.7965059574 0.8759775818 0.8158779399 0.7567634585 0.5477866916 0.4386593490 0.2734690223 0.2332100027 0.1636182653 0.1096483727 0.1537703459 0.1496049726 0.1553670872 0.2028747578 0.2130326479 0.1034395739 0.1802726468 0.1636739121 0.1385248901 0.1775077535 0.1624125062 0.1280755225 0.1568265322 0.2269651760 0.1420119805 0.0744592328 0.1195892976 0.1108015886 0.1359653635 0.1480174122 0.1687162733 0.1670609452 0.2255898816 0.2809253456 0.4444172767 0.6567700359 0.7736957632 0.8719872560 0.8311178142 0.7655040672 0.5908499311 0.4379846402 0.2967333236 0.2081377415 0.1175797721 0.1515584008 0.1969589753 0.1785354638 0.1456811943 0.1531437709 0.2024622436 0.1658851995 0.1673406300 0.1057978444 0.1350353405 0.1065041809 0.1477081084 0.1578435851 0.1379278420 0.1667477644 0.1128048691 0.1603253678 0.1279606657 0.1880089271 0.1388354303 0.1556598268 0.1473309760 0.1894812832 0.2587720432 0.3328730298 0.4912630346 0.6202359664 0.7875570379 0.8650830682 0.8426419566 0.7379653533 0.5600109568 0.4207598253 0.3122941255 0.2238387184 0.1755138996 0.2061105995 0.1463505399 0.1492198039 0.1762978161 0.1295996531 0.1302609471 0.1765836078 0.1422298379 0.1129698780 0.1507594437 0.1602303705 0.1448409000 0.1224744823 0.1628279745 0.1760133593 0.1587171813 0.1572211321 0.2042695480 0.1008710085 0.1508873690 0.1501836360 0.1379953571
0.1457947394 0.1253795137 0.1607637447 0.1564880642 0.1832073266 0.1430227043 0.1265446694 0.1480087182 0.1235032716 0.1234751093 0.1387068322 0.1430461494 0.1716902048 0.2496808178 0.3040105786 0.4647486439 0.6103216948 0.7280698830 0.8305967448 0.8527575808 0.7134674424 0.5351054799 0.4315894209 0.2867742531 0.1884510391 0.1863269903 0.1672550628 0.0606421198 0.1214791454 0.1503402414 0.1632123114 0.1548021669 0.1291124357 0.1285402307 0.1557288340 0.1749044653 0.2088956602 0.1489574262 0.1427235760 0.1721948872 0.1139312293 0.1531086698 0.1129373523 0.1041250154 0.1228144686 0.0978426276 0.1248017482 0.1486892701 0.1716704482 0.2621134246 0.2568861730 0.4538676689 0.5474432582 0.7821732221 0.8212968112 0.8057108505 0.6816599750 0.5601980200 0.3544200178 0.3354328074 0.2206390519 0.1436641659 0.1332565242 0.0919516491 0.1325180645 0.1631802375 0.1871895642 0.1535209375 0.1122298458 0.1289371253 0.1087116498 0.1280564838 0.1283425450 0.1420553722 0.1012326257 0.0928648636 0.1557512105 0.1211625933 0.1440519147 0.1582667518 0.1839958838 0.1706443901 0.1792512483 0.1876308929 0.1704084039 0.1744785194 0.3355573992 0.4449265954 0.6201813607 0.7760531420 0.8547849714 0.8120084902 0.7646561827 0.5892826532 0.4097568093 0.3025003505 0.1838678882 0.2052075081 0.1476238712 0.1941743530 0.1335673860 0.1290696715 0.1387925196 0.1266429919 0.1083780201 0.1336237717 0.1213626319 0.1633375351 0.1619968180 0.1562669872 0.1515320589 0.1631378488 0.1622939763 0.1465208546 0.1687701554 0.1595862389 0.1238431371 0.1904465420 0.1538836212 0.1280701041 0.1738255397 0.2073398470 0.3192005016 0.4374813330 0.6636995864 0.7264676683 0.8437672169 0.8532477071 0.7382390702 0.6242550930 0.4425369293 0.2857425549 0.2006648184 0.1673032895 0.1700590538 0.1581038340 0.1575379750 0.1258320635 0.1256637322 0.1817679612 0.1675668635 0.1939792430 0.1716046052 0.1045625492 0.1827650198 0.1743106280 0.1594078487 0.1850374744 0.1354313621 0.1651939547 0.1763500905 0.1496493764 0.1951606701 0.1688365158 0.1310140025 0.1773714549 0.2370512115 0.1999684773 0.3140440428 0.4770537277 0.5858038415 0.7581551809 0.8527439212 0.8857937881 0.7729067128 0.5200018495 0.3883805757 0.3471821310 0.2444654471 0.2216285372 0.1681998340 0.1325551790 0.2028146652 0.1741522227 0.1755444103 0.1895319084 0.2018372247 0.1548713107 0.2323766387 0.1947657338 0.1500363051 0.1746714245 0.2124636849 0.1459463137 0.1526810769 0.2061596472 0.1550824314 0.2116950386 0.1530473268 0.1516488697 0.1819395569 0.1485863331
0.1595708522 0.1327512587 0.1468023049 0.1504047821 0.1509266134 0.1595188005 0.0593828499 0.1819841397 0.1463723324 0.1580667799 0.1395791088 0.1353409507 0.1755054947 0.2004569908 0.3004176564 0.3851900610 0.5905879679 0.7743959115 0.8655916500 0.8116751881 0.7649650503 0.5952696625 0.3960190702 0.2834250114 0.1826150600 0.1445436127 0.2093235729 0.1299566503 0.1602134413 0.1819346594 0.1765223697 0.1750695646 0.1945004909 0.1654415226 0.1838418452 0.1800194851 0.0804146043 0.1510453647 0.1644134240 0.1121467555 0.1374399049 0.1271379878 0.1148067932 0.0951782514 0.1394811587 0.0905026245 0.1848067578 0.1421842415 0.2091819724 0.1583500571 0.3021891333 0.4367749814 0.5389302697 0.7772969130 0.8742240915 0.8952325807 0.7379076579 0.6122405490 0.4222342126 0.3355178455 0.2316048981 0.1973305489 0.1757983829 0.1226374501 0.1148279988 0.0958433959 0.2035107150 0.1870695069 0.1794335956 0.1259355780 0.1699236428 0.1896467930 0.1660784437 0.1760037858 0.1559713869 0.1470806649 0.1413385953 0.1435005954 0.1643351670 0.1318860243 0.1507204082 0.1542265245 0.1934302998 0.1877350718 0.1511175580 0.1631745232 0.2659818561 0.4958646253 0.5687029552 0.7289616008 0.8340145254 0.8176694199 0.7626409332 0.5817236089 0.4256862208 0.3225762788 0.2911014310 0.2053960426 0.1696598730 0.1795801686 0.1648082819 0.1640182176 0.1205841150 0.1450789978 0.1462409259 0.1638639101 0.1663098251 0.1738368364 0.1484047446 0.1677475435 0.1516468404 0.1286350704 0.1569789954 0.1538889531 0.1824255222 0.1587602813 0.1970049393 0.1409167136 0.1683120897 0.1550826598 0.2317300749 0.2330997423 0.3122936337 0.4781153622 0.6001939329 0.7452174727 0.8793504025 0.9341775543 0.7410721164 0.6570578497 0.4453085490 0.3073164034 0.1961230579 0.1725724468 0.1543602306 0.1785462276 0.1219513833 0.1786433382 0.1577414930 0.1809165190 0.1578732987 0.1856845153 0.1442374509 0.1576325713 0.1892829536 0.1828801054 0.1970206720 0.1650899648 0.2377125405 0.1237622399 0.1259807926 0.1529252057 0.1968480239 0.1432878035 0.1477659655 0.1455168394 0.1912104207 0.2668208376 0.2827057930 0.4719737621 0.5922151889 0.7799337369 0.8293112345 0.8272552787 0.7992409228 0.5914113125 0.4472016610 0.3164433367 0.2114322183 0.2018033931 0.2274010354 0.1901932192 0.1524239171 0.1480441867 0.2306808500 0.1371453159 0.1660490391 0.2089602392 0.2043540810 0.1759038797 0.2059704925 0.1770632613 0.1637588559 0.1558852098 0.1687306786 0.1829584375 0.1317115994 0.1784199627 0.2043258257 0.1127384219 0.1987139067 0.2054453068
0.1695947868 0.1292312432 0.1279051690 0.1478669783 0.0971436287 0.1879957650 0.1243913593 0.1180148124 0.1442255220 0.1666241720 0.1461288896 0.1543128948 0.2224629855 0.2391750810 0.2859263104 0.3558856373 0.5498732612 0.7008026137 0.8368478416 0.8594370170 0.7395256178 0.5426452416 0.4299695123 0.3255465128 0.2478195745 0.1113064354 0.1930177645 0.1583430859 0.2011310793 0.1238280270 0.1561636209 0.1836590006 0.1492204396 0.1654431612 0.1177581349 0.1601458497 0.1690238020 0.1703525343 0.1491083208 0.1627694780 0.1437530150 0.1170086967 0.1208506300 0.1646248010 0.0971759840 0.1796371340 0.1885149830 0.1060908357 0.1133877063 0.3206147161 0.2458447912 0.3764270348 0.5672606489 0.7583140907 0.8435291077 0.8570135419 0.7394117454 0.6253840623 0.4453782210 0.3433493235 0.2566123185 0.2102785981 0.1823227703 0.1683113162 0.0887265924 0.1336269491 0.1252460672 0.1803026820 0.2030752460 0.1589989332 0.1425212704 0.1370246483 0.1860273652 0.1541165932 0.1541711405 0.1792705488 0.1760476833 0.1669191358 0.1986611194 0.1710197221 0.1463033607 0.1720397144 0.1383119932 0.1186060459 0.1877431760 0.2090630828 0.3229453197 0.4537471663 0.5376446853 0.7645869740 0.8671794656 0.8362495303 0.7928403412 0.6412062802 0.4497686543 0.3301340357 0.2374431591 0.2066846067 0.1161193070 0.1522862297 0.1445728901 0.1251625449 0.1330639624 0.1510267832 0.1577031383 0.1337492476 0.1492596807 0.1250515138 0.1501124591 0.1385551807 0.1413245091 0.1476140283 0.1967934190 0.1308335844 0.1943491950 0.1413130234 0.1155999347 0.1679721562 0.1470237317 0.1320789709 0.1729912467 0.2270475486 0.2879133664 0.4413233519 0.5921133968 0.8035372280 0.8660052308 0.8409640446 0.7491311120 0.6322083066 0.4527889999 0.3442200751 0.2413520884 0.1964035975 0.1314771147 0.1827692758 0.1851419803 0.1581940416 0.1835256957 0.1493149082 0.2026955726 0.1727394896 0.1900592060 0.1573089848 0.1274700269 0.2058180066 0.2053588128 0.1654005085 0.1359106151 0.1404418720 0.1611685662 0.1339356410 0.1427948642 0.1530166321 0.1642976367 0.1504816414 0.2131039765 0.2312732539 0.2890433064 0.4027546881 0.5479408608 0.7105380274 0.9212135797 0.8865677478 0.7771039053 0.6525042910 0.4632582869 0.3225642085 0.2616539568 0.2071354330 0.1925407941 0.1468820171 0.1734737753 0.1076544017 0.2161704263 0.1755034888 0.2323712710 0.1459551703 0.1573367561 0.1957155443 0.2064938172 0.1519748044 0.2055984448 0.2093924758 0.1882020954 0.1607013514 0.1324366852 0.1819062402 0.2041663015 0.1524176291 0.1678797490 0.1776385082
0.1483844375 0.1167442771 0.1219384979 0.1533300053 0.1508062283 0.1439302421 0.1277495651 0.1326681265 0.1449468224 0.1878982188 0.1953788858 0.1251450861 0.1372931939 0.1460182240 0.3134952934 0.4369105664 0.5290415686 0.7539460484 0.8269440988 0.8764607934 0.8029186790 0.6255498419 0.4771780863 0.3388540795 0.2586472814 0.1957344734 0.1602929554 0.1743926100 0.1291030434 0.1633035121 0.1320620825 0.1387024476 0.1717972749 0.1740660215 0.1214479704 0.1556130009 0.1636735356 0.1879840959 0.1443286657 0.1241566344 0.1082543592 0.1635611696 0.1330752330 0.1322196631 0.1602331320 0.1378241993 0.1890860289 0.1337006304 0.1808525874 0.1621752772 0.2855381741 0.3985321436 0.5927345168 0.6864548198 0.7918176649 0.8890205295 0.7915221477 0.6472232856 0.4450129968 0.3250063081 0.2582951310 0.1571315033 0.1949549216 0.1826180780 0.1302910343 0.1647435824 0.1515518009 0.1570200672 0.1681191230 0.1199267300 0.1335090140 0.2012041727 0.1681627790 0.1655961695 0.1322095003 0.1128692752 0.1064729174 0.2126540077 0.1930631494 0.1289796197 0.1644751364 0.1442507517 0.1769156552 0.0984455276 0.1738800513 0.2141386882 0.2677252518 0.4081693121 0.5988002220 0.7373531024 0.8437873717 0.9145616986 0.7763029321 0.6615256852 0.4580487694 0.3023985749 0.2512336713 0.2104555187 0.1807619358 0.1448031425 0.1530588592 0.1243469701 0.1752061460 0.1753598425 0.1703025827 0.1575611357 0.1580381696 0.1711241742 0.1444468603 0.1499762114 0.1755787601 0.1928799696 0.1579014940 0.1829962585 0.1705875075 0.1799410211 0.1922162294 0.1444676382 0.1219817925 0.1757013630 0.2225418674 0.2277814350 0.2614991236 0.4419550055 0.5859697504 0.7178727541 0.8349272635 0.8585625330 0.7615177988 0.6550694472 0.4698836127 0.3407420047 0.2692740073 0.1627683572 0.2045406573 0.1730984301 0.1722625837 0.1727917796 0.1824144223 0.1507127714 0.1554480460 0.1461626318 0.2141653315 0.1901306538 0.1997977462 0.2080678237 0.1767101831 0.1932565126 0.1403203572 0.1837458770 0.1318034716 0.1377428670 0.1780058156 0.1623971958 0.1319007478 0.2124871858 0.1556061480 0.2532023337 0.2574871126 0.4491094272 0.6090245551 0.7346970955 0.8852359588 0.9140583687 0.8083019966 0.6373983589 0.4976738686 0.3547538968 0.2543239302 0.2089459905 0.2165196644 0.1453693450 0.2181630115 0.1647035560 0.1808869921 0.1575130154 0.1979668477 0.1453715668 0.1658101532 0.2194688143 0.1963903955 0.2164146022 0.1890288924 0.1799068194 0.1553124806 0.1452946939 0.1996391838 0.1693183545 0.1278804435 0.2080527571 0.1991161334 0.1948513909
0.1038317590 0.1133514402 0.1519624870 0.1671696081 0.1832290351 0.1749445271 0.1642499502 0.1438451545 0.1207605552 0.1496047237 0.1410041511 0.1813074241 0.1990608270 0.1918739598 0.2618099074 0.2880582568 0.5163363878 0.7121100680 0.8580397699 0.8875498562 0.7902074196 0.7158122371 0.5066580529 0.3111331749 0.2632525688 0.2116762294 0.1054845341 0.1375464353 0.1770702782 0.1713589535 0.1971072265 0.1527202235 0.1227525797 0.1573087113 0.1693435255 0.1305349770 0.1775447627 0.2240222605 0.1189017660 0.1572181018 0.1758729256 0.1512016851 0.1322716854 0.1867411501 0.1559224325 0.1710698689 0.1377943022 0.1851828496 0.1275647928 0.2328287153 0.2823651517 0.3851309376 0.5763296303 0.7166925769 0.8249360854 0.8911647377 0.8057700732 0.6620852439 0.5308047432 0.3655180283 0.2279949626 0.1914917901 0.1496918895 0.1644492982 0.1545503232 0.1644900072 0.2374767000 0.1434784472 0.1557784429 0.1303630584 0.0939916938 0.1553718331 0.1536810912 0.1241935773 0.1264884355 0.1143004418 0.0894089623 0.1029689638 0.1773899232 0.1782661520 0.1617853283 0.1870802828 0.1501356337 0.1090393058 0.1682653823 0.2200725598 0.2599501737 0.4377816240 0.5390818063 0.6669878122 0.8024425571 0.8515507644 0.8157007095 0.6450196895 0.4639133500 0.3804102090 0.1965427743 0.1606372113 0.1669704013 0.2013570650 0.1795424552 0.1561733593 0.0894183887 0.1724056588 0.1161007134 0.1721699502 0.2171338975 0.2073424795 0.1181119572 0.1700453319 0.1795323113 0.1519689992 0.1790025750 0.1881327001 0.1586065074 0.1510046970 0.1185934203 0.1507480445 0.1637307225 0.1420768045 0.1580776049 0.2385024135 0.2695018375 0.4079265392 0.5493705012 0.7232446714 0.8362998990 0.8620370429 0.7967958415 0.6356348012 0.4867428989 0.3286156991 0.2492055809 0.2033537218 0.1967739846 0.1694845875 0.1758645133 0.1382568286 0.1676281965 0.1449433648 0.1330176695 0.1932294917 0.1818035667 0.1778496388 0.1698002978 0.1853865411 0.1751467276 0.1787581112 0.1750342905 0.2697849694 0.1133157618 0.1925017083 0.1659050105 0.1402597629 0.1650713974 0.1760750811 0.1886961664 0.2151061683 0.2955398743 0.3757940980 0.5653501639 0.6943715516 0.8732287819 0.8505057621 0.8247265461 0.6434824269 0.5202151030 0.3313279204 0.2295298487 0.1915600979 0.1875505854 0.1828134106 0.1940053058 0.1376114052 0.1001825697 0.1684967373 0.1628754279 0.2134654473 0.2176752412 0.1391192369 0.1245730161 0.1800766761 0.1150590733 0.1823143507 0.1668522902 0.2247215508 0.1842715897 0.2025624609 0.2206066794 0.1757806699 0.1065795479 0.1616346343
0.1579327929 0.1364797283 0.1284781664 0.1615475512 0.1276611686 0.1541397674 0.1353046109 0.1102022511 0.1385272040 0.1707957063 0.1297924635 0.1378810726 0.2154289532 0.1781263118 0.2531596408 0.3869640352 0.4805691266 0.6402401697 0.8053826513 0.8709299264 0.8119843612 0.6351239261 0.4333101442 0.2977005806 0.2679771335 0.1247498949 0.1590636421 0.1596289038 0.1400192700 0.1229698365 0.1356690983 0.1695704739 0.1208842931 0.1353921398 0.1785436464 0.1304120999 0.1319105616 0.1404357806 0.1813021142 0.1447095249 0.1222637292 0.0654357057 0.1358243682 0.1478694511 0.1796306232 0.1490712933 0.1266796759 0.1374361169 0.1623412356 0.1502349889 0.2749939234 0.3797723343 0.5429113524 0.6961627218 0.7838271506 0.9127851596 0.8031169617 0.6859714901 0.5346868461 0.3728640535 0.2257282181 0.1899790556 0.1274855151 0.1783332277 0.1622009423 0.1413698425 0.1256284312 0.0631416466 0.1428139962 0.1252804372 0.1963365349 0.1739116840 0.1561372671 0.2032641858 0.1524381732 0.1659393802 0.1309163711 0.1509976027 0.1490686478 0.1363749528 0.1580014509 0.1773768099 0.1367331308 0.1445840833 0.1043310561 0.1840254190 0.2496172454 0.3567277524 0.5045687999 0.7171834600 0.8430732292 0.8513076256 0.7712105226 0.6418154983 0.5262484236 0.3527608550 0.2689918826 0.2129900862 0.1869249678 0.1454862548 0.1221220153 0.1424937446 0.1463535942 0.1323654422 0.1108134238 0.1591309992 0.2149896124 0.1468444995 0.1779379695 0.1687720124 0.1235288640 0.1312680546 0.1484137614 0.1546709919 0.1756927449 0.1587709755 0.1516680042 0.1416179411 0.1603261940 0.2129026403 0.1331897771 0.2002991997 0.2322840855 0.3613847818 0.5191701418 0.6864449268 0.8482292137 0.8764246803 0.7861731542 0.6251383269 0.5123005409 0.3393186980 0.2895916755 0.2143392790 0.1757479241 0.1685476348 0.1690905815 0.1341812502 0.1685066595 0.1728409515 0.1262129754 0.1401789744 0.1433183754 0.1463546433 0.1803247781 0.1391706420 0.1658904007 0.2002710649 0.1135584320 0.1323516325 0.1532776202 0.1592500429 0.1716528065 0.1077836923 0.1469253480 0.1533194843 0.1985127443 0.1897124937 0.2976063365 0.3704978794 0.5285852295 0.6826011971 0.8159530500 0.8560711019 0.8101890155 0.6911893586 0.5121984664 0.3638186767 0.2639128141 0.2415113200 0.1424969168 0.1296498640 0.1377934850 0.1240834729 0.1908854861 0.1691462513 0.1800859025 0.1674586841 0.1607298899 0.1477451003 0.1878946601 0.1731091515 0.1519136824 0.1291046378 0.1694231204 0.1195845676 0.1825685133 0.1530757752 0.1895012575 0.1888273303 0.2380345876 0.1274397997
0.1715034039 0.1006551489 0.1107509089 0.1143032920 0.1080075528 0.1342892489 0.1212856157 0.1305980658 0.1469260240 0.1318801877 0.1182929190 0.1317032108 0.1448796704 0.1644402945 0.2352611116 0.3087190530 0.4637563531 0.6290002731 0.8019674119 0.8415481647 0.7924319573 0.6051489600 0.4764453017 0.3848277624 0.2724987167 0.1441338678 0.1482596839 0.1288470154 0.1265464279 0.1540557407 0.1139482234 0.1522069138 0.0988730330 0.1307487938 0.1647652361 0.1608873600 0.1423961239 0.1449667839 0.1031260159 0.1726405519 0.1376764098 0.1601150792 0.1846575561 0.1377833560 0.1434702659 0.1555720661 0.0974009441 0.2067381242 0.1106570497 0.1875373151 0.2345402462 0.3356050756 0.4790414116 0.6285787339 0.7481876715 0.7979513979 0.7970425426 0.6233646706 0.5127202199 0.3412717577 0.2417608617 0.2064513670 0.1233094940 0.2003686394 0.1381264809 0.1739277877 0.1233372740 0.0960236208 0.1433351139 0.1870829043 0.1999417933 0.1433092600 0.1118031517 0.1414592072 0.1002548566 0.1640883701 0.1231152644 0.1285360852 0.1209382846 0.1532201167 0.1259628758 0.1381318707 0.1592260534 0.1189886620 0.1877566847 0.1685473680 0.2794245455 0.3488402841 0.4712522632 0.7180168986 0.7643279943 0.8704108645 0.8152534166 0.6068889343 0.5092043552 0.3321333243 0.2466915191 0.1614456507 0.1532201728 0.1261546336 0.1057382016 0.1817901743 0.1457606340 0.1551982906 0.1823413963 0.1541571480 0.1217199111 0.1164598170 0.1228161681 0.1660013273 0.1621725647 0.1618061654 0.1327714040 0.1678185562 0.1832715677 0.1445597007 0.1607308627 0.1505625526 0.1478571528 0.1173830939 0.1695736696 0.1391591936 0.2006219361 0.3336728549 0.5029947944 0.6685481957 0.8235087862 0.9030350613 0.8186741030 0.7033556172 0.4624935832 0.3965887712 0.2296103835 0.1973044075 0.1175405017 0.1359230813 0.1602490933 0.1764196297 0.1225556982 0.1776069504 0.1359890403 0.1553844879 0.1702872937 0.1757134367 0.1461574323 0.1800689017 0.1051499716 0.1724184644 0.2232370018 0.1375734198 0.0991307202 0.1492254788 0.1802815575 0.1592882216 0.1591725879 0.1828240337 0.1634258422 0.1880876847 0.2849998363 0.3032556553 0.4596177508 0.6478939274 0.7918400784 0.8891746049 0.8309414757 0.6837214106 0.4903826741 0.3705189297 0.3005690283 0.1959715189 0.1882056389 0.1593923857 0.1467130462 0.1070934006 0.1122652340 0.1620891180 0.1200496350 0.1555040681 0.1536574627 0.0957168761 0.1140952930 0.2017433362 0.1236319144 0.1336244014 0.1453914574 0.1673962170 0.1657283357 0.1752632084 0.1699865555 0.2033976589 0.1769826417 0.1255439595
0.1166296317 0.1104579101 0.0959191084 0.1420066362 0.1537283319 0.1097099235 0.0885469389 0.0919652990 0.0969277799 0.1024582623 0.1023666519 0.1262899003 0.1482683468 0.1015173567 0.2900638381 0.3387925263 0.4616757131 0.6188947945 0.7971232728 0.8557854841 0.7939857967 0.6878266606 0.5420139309 0.3939347274 0.2638986451 0.1751985869 0.1807434860 0.1279491568 0.1421846919 0.1338283260 0.1037434046 0.1882888125 0.1343950744 0.1575958619 0.1235353554 0.1747810061 0.1455546620 0.1016750494 0.0960039177 0.1332680896 0.1669129868 0.1162484600 0.1189169357 0.0930458034 0.1701878391 0.1242895778 0.1266522808 0.1010366210 0.1273727621 0.1904408698 0.2006598657 0.3423996610 0.4348135713 0.6333720013 0.8159957429 0.8608680646 0.7630817848 0.6837630413 0.5525798778 0.3494886862 0.2178440703 0.1860750571 0.1818776304 0.1736698287 0.1543713236 0.1178691361 0.0823054478 0.1596935294 0.0699226040 0.1752912754 0.1611245107 0.1801703247 0.1788152695 0.1454267415 0.1769621595 0.1370913334 0.0951981703 0.1034516544 0.1465027115 0.1455509571 0.1705421466 0.1315493526 0.1167381164 0.1302545705 0.1323119491 0.2211716147 0.2467222743 0.3348433767 0.4642142597 0.6336965462 0.7674380529 0.8205101245 0.7995084851 0.6818480459 0.4714185742 0.3567309257 0.2725245310 0.1945654669 0.1869419376 0.1115415333 0.1450825948 0.1847574203 0.1971733867 0.1376479745 0.1148523157 0.1785123572 0.0932410911 0.1569513999 0.1729803157 0.1158862841 0.1517985372 0.0773213895 0.0955192880 0.1354965145 0.1182508487 0.1156357511 0.1521031491 0.1416503674 0.0885700719 0.1622944605 0.1452261736 0.1644980832 0.2452132133 0.4037642554 0.4810453091 0.6603834465 0.7823458094 0.8485885697 0.7769345142 0.6774803713 0.5113564476 0.3718852404 0.2440377280 0.2039994685 0.2303339475 0.1117002339 0.2033850238 0.1646040989 0.1657015492 0.1338193209 0.1684568918 0.1758654923 0.1857226969 0.1494353433 0.1134802988 0.1649537787 0.1725822235 0.1490407688 0.1194964622 0.1548132444 0.1837828960 0.1710863678 0.1174833739 0.1163686480 0.1221479050 0.1360059169 0.1365035817 0.1618827558 0.2342636635 0.3285754341 0.4142252579 0.6907525195 0.8330592194 0.9059966320 0.8445159309 0.6616704463 0.5633405151 0.4484198657 0.2998671473 0.2053288429 0.1648568112 0.1814878060 0.1441740834 0.1210947003 0.1792781797 0.1567234867 0.1420387928 0.1945050791 0.1537517893 0.1920984046 0.1139010549 0.1724672382 0.1062282939 0.1759899470 0.1599642816 0.1602070387 0.2086729258 0.1554978440 0.1202665219 0.1892209275 0.1235298305 0.1549637510
0.1265263426 0.1355246393 0.1315393533 0.1292239737 0.0797522446 0.1318377268 0.1372463475 0.1217292515 0.1216857880 0.1115486881 0.1567918508 0.1642671794 0.1272152800 0.1197685467 0.1742200970 0.2936465102 0.4231447535 0.6255434698 0.7383327160 0.8225092531 0.8401090617 0.6847454843 0.4881885732 0.3589477938 0.2233318133 0.1764225258 0.1570086675 0.1411541660 0.2315739618 0.1357574720 0.1477205669 0.1449420072 0.1289873218 0.1310096814 0.1344798373 0.1303264096 0.1169899958 0.1631507702 0.1006714230 0.0919699783 0.1247771087 0.1158149514 0.1005397365 0.1150888539 0.1007742873 0.1308978285 0.1278754140 0.1587315464 0.1578640653 0.0903580714 0.1888523789 0.3332160890 0.4582467126 0.6390173996 0.8051640801 0.8630546174 0.8671856648 0.6830870422 0.5412402369 0.3315947320 0.2578974705 0.1390567670 0.1711925366 0.1461770460 0.1318466579 0.1525046474 0.1295110847 0.1592164877 0.1139602697 0.1332270360 0.0713153453 0.1318133076 0.1252656579 0.1870773463 0.1414598667 0.1381485780 0.1183320858 0.0912311236 0.1220340719 0.1260709382 0.1531721735 0.1358356006 0.1518916265 0.1401662366 0.1503245334 0.1765556898 0.2130055859 0.3247904700 0.4392313090 0.6171687047 0.7701136842 0.8410495776 0.7843649341 0.7115758167 0.5292612053 0.3518102362 0.2629154754 0.2110743031 0.1336614290 0.0860293567 0.1098933236 0.1492108066 0.1509067097 0.1251452281 0.1315229897 0.0977973762 0.0987465976 0.1024691569 0.1650062072 0.1181727052 0.1489135580 0.1174616080 0.1544297781 0.1663221752 0.1498851279 0.1231543649 0.1537678235 0.1458788431 0.1590200902 0.1654529691 0.1259651110 0.1949223915 0.2547563998 0.3088980569 0.4479704723 0.5876550695 0.7628470207 0.8166950704 0.8008229824 0.6789074550 0.5277918030 0.3895162873 0.2519290092 0.1955125976 0.1581917170 0.1595617309 0.1564959345 0.1369577382 0.1274687311 0.1250920560 0.1457842171 0.1382338922 0.1412943921 0.1689099848 0.1423414917 0.1528959019 0.1528713469 0.1118041322 0.1106775865 0.1139190198 0.1112408188 0.1348578592 0.0779041286 0.1345084432 0.1300391943 0.1714492022 0.1374033237 0.1434939574 0.2176215529 0.2842349416 0.4297433673 0.6033168334 0.7536353281 0.8545946519 0.8179763839 0.7059195025 0.5690001248 0.3815901379 0.2288643207 0.2179517552 0.1948327980 0.1183009072 0.1645784095 0.1738670143 0.1801098011 0.1703018036 0.1798833948 0.0910233069 0.1785381051 0.1394410024 0.1544142477 0.1225235346 0.1647830295 0.0980086848 0.1373981380 0.1594447996 0.1903607809 0.1958696554 0.1735427848 0.1503467224 0.1743217406 0.1370950648
0.0929544801 0.1452829883 0.1069936169 0.1342872862 0.1188578465 0.0964854542 0.1196492475 0.1220812410 0.1175947494 0.1069473430 0.1230609314 0.1540272076 0.1145175246 0.1677748066 0.1840444406 0.3009360759 0.4453937830 0.6106306275 0.7590454143 0.8095874024 0.7929264028 0.7078608719 0.5515218847 0.3419778991 0.2711774746 0.1749249465 0.1469629373 0.1071230234 0.1580105298 0.1293338617 0.0727995280 0.1165402075 0.1418512959 0.1551472186 0.1091473327 0.0802449184 0.0790552454 0.0822631560 0.1136710196 0.0773420061 0.1091181075 0.1091464782 0.1171155846 0.1027648696 0.1255673638 0.0666980726 0.1343343462 0.1240268341 0.1106234373 0.1813419859 0.2049769369 0.2941808351 0.4710933715 0.5718594970 0.7242422094 0.8291009592 0.7891042423 0.7080891995 0.5752893536 0.3996682516 0.2732691689 0.2259208944 0.1641646566 0.1353422489 0.1441165538 0.1199534980 0.1275202275 0.1225943945 0.0891473610 0.1599526594 0.1392861673 0.1590167547 0.1422444089 0.1108919624 0.1237107611 0.0987839417 0.1776986607 0.1143684261 0.1061758431 0.0827269926 0.1624895917 0.1243545796 0.1303044139 0.0979393309 0.0752100313 0.1763568005 0.1814525753 0.2824695994 0.4560132868 0.5553233884 0.7377214119 0.8265516024 0.7969396778 0.6963803989 0.5713948848 0.4106173941 0.2318467787 0.1272992072 0.1490520460 0.0871859666 0.1068684853 0.1467377744 0.1480725926 0.1387649412 0.1078259095 0.1297056058 0.0997387347 0.1669122467 0.0908125678 0.1277624938 0.0897110621 0.1577369723 0.1064595922 0.1473520161 0.1156362228 0.1231411332 0.0918704008 0.1494251502 0.1033939966 0.0747714433 0.1485377606 0.2003689251 0.2389466040 0.2620190774 0.4538605825 0.6000303949 0.7308161383 0.8110804005 0.8570299076 0.7378129088 0.5055625086 0.3886157473 0.2471419226 0.1937294956 0.1617892072 0.1880449226 0.1386942551 0.1408816720 0.1193169508 0.1214852833 0.1277196873 0.1267443030 0.1466706838 0.1229133898 0.1425421499 0.1586084073 0.1098725191 0.1255262383 0.1661431733 0.1171857394 0.1389449573 0.0691339622 0.1092973970 0.1527592316 0.0999088180 0.1353489463 0.1388203798 0.1725711841 0.2107458705 0.3234203477 0.4701304577 0.5979001947 0.7426140326 0.8660215716 0.8335758289 0.7034550880 0.5148627763 0.3771457049 0.2781734484 0.1965742355 0.1681011416 0.1922478626 0.1158023306 0.1094885224 0.1367309776 0.1228951159 0.1524767339 0.1917754929 0.0770663595 0.1620273314 0.1483351564 0.1308520503 0.1767278912 0.1390947964 0.0908482405 0.1413442202 0.0928356374 0.1639507306 0.0759100130 0.1628270765 0.0956200873 0.1103973337
0.0741174818 0.0761197026 0.1207301131 0.0727399462 0.0885960310 0.1158312691 0.1208593356 0.1270016366 0.1096645474 0.1108779100 0.1017227011 0.1202837093 0.0981740699 0.0976414388 0.1299739533 0.2784937688 0.3755514186 0.5746672650 0.7174045235 0.8049753381 0.7698608732 0.7074059917 0.5543895417 0.3855593293 0.2426662778 0.1936972778 0.1258536803 0.1308386645 0.1539235579 0.1649546488 0.1103643080 0.1221058644 0.1193752376 0.1054721798 0.1203920958 0.0888279442 0.1099000807 0.1233868492 0.1254985711 0.0820206596 0.1663939313 0.1073238685 0.0691022363 0.0987176146 0.1046193045 0.1581397887 0.0844235575 0.1376030987 0.1666292787 0.1543042022 0.1907559865 0.2593390786 0.3995848245 0.5490883637 0.7123823000 0.7874694637 0.8428331346 0.7423698532 0.5336328357 0.3789519572 0.2803468401 0.1108070184 0.1678462960 0.1276811554 0.1141136630 0.1472881799 0.1017402302 0.0924680275 0.1332108779 0.1389129151 0.0701789807 0.1463868404 0.1475087178 0.0982048106 0.1395804636 0.1567018326 0.1440269766 0.0827227042 0.1006559836 0.1089033608 0.1060154463 0.1232072696 0.0868127253 0.1401271745 0.0930427996 0.1548363740 0.1893971490 0.3178288973 0.3963452559 0.5816877316 0.7283535083 0.8348870091 0.8308321873 0.7756086350 0.5615807351 0.3675388002 0.2026803528 0.2173798493 0.1571404385 0.1149365489 0.1220051906 0.1545116311 0.1287548820 0.1565053422 0.1541230294 0.0827452490 0.1609857230 0.1418861255 0.1316210998 0.1003508383 0.1680624523 0.1156771195 0.1648311562 0.0941367736 0.1674586878 0.1734291990 0.0648315929 0.1633796227 0.1157165260 0.1371716545 0.1306163676 0.1957685317 0.2282142311 0.2903011861 0.4204313574 0.5949005607 0.7273572292 0.8765860358 0.8177811682 0.7374149707 0.5874924509 0.3975962473 0.2760648302 0.1636499192 0.1237322018 0.1804188892 0.1493336936 0.1132142712 0.1607841658 0.1418216934 0.1157183457 0.1449994834 0.1355447521 0.0998805892 0.1087769311 0.1279658325 0.1236745194 0.1087940403 0.1247394220 0.1534019696 0.1311240610 0.1735519578 0.1357748105 0.1670088654 0.1510588281 0.1783677928 0.1559161353 0.1495597241 0.2030234119 0.3038745503 0.4415741488 0.6138747361 0.7521127072 0.8642277688 0.8024132619 0.7848618295 0.5588244553 0.4207294009 0.2276663516 0.1675393360 0.1649624260 0.1300882619 0.0758786619 0.1632693622 0.1116339192 0.1808634636 0.1645735351 0.1213685125 0.1276099760 0.1387386950 0.0926310039 0.1489533583 0.1019345920 0.1054490731 0.1107977432 0.1427614578 0.0830655284 0.1249119048 0.1328638669 0.1169749673 0.1250673724 0.1050622217
0.1304274330 0.1413860395 0.1023761514 0.1242925105 0.1277027130 0.1529995288 0.1256793891 0.1540908953 0.1244314538 0.1138982596 0.1747890618 0.0840838642 0.1631096694 0.1464906686 0.1491788727 0.2661646327 0.3675466197 0.5177714435 0.7117716255 0.8211069953 0.8231569427 0.7092760492 0.5668946428 0.4544300143 0.2615126764 0.1727631741 0.0968907425 0.0938031390 0.1371692432 0.1310828138 0.1532104286 0.0939037108 0.1414927261 0.0991571961 0.1426297745 0.0982654558 0.0750096827 0.0702203638 0.0905444933 0.1370056428 0.0976012410 0.1167923883 0.1480798020 0.0793942859 0.0930418928 0.1689897428 0.1074892223 0.0841172085 0.1093653807 0.1463273650 0.2053829611 0.2618178182 0.4233457140 0.5601024380 0.6714201179 0.8050825740 0.8558826983 0.7427980754 0.5424880646 0.4561891630 0.2585289822 0.2100184785 0.1589422401 0.1481046782 0.0753464068 0.1149546904 0.1577826575 0.1321759976 0.1053519829 0.0725781853 0.1350686742 0.1461975988 0.0969697188 0.1659465298 0.1425186488 0.1497375376 0.1528386205 0.0720178741 0.1246263255 0.1345188318 0.0719360147 0.1154253240 0.1411183430 0.1326090756 0.1506828331 0.1095908036 0.2081406658 0.2438767374 0.4007525847 0.5141592926 0.7100431362 0.8265568315 0.8629657459 0.6536685209 0.5885604199 0.3828717777 0.2526112650 0.1750797887 0.1937041354 0.1218464524 0.1416574247 0.0956804471 0.0773252901 0.1188881995 0.1282196497 0.1178687318 0.1577798511 0.1235566155 0.1712686109 0.0441262222 0.1373547582 0.1425368364 0.0887178310 0.0951406118 0.1227000031 0.1830976513 0.1153133533 0.0856964939 0.1398341986 0.0587376717 0.1269585902 0.1403335290 0.2005121727 0.2797964603 0.4392842849 0.6346171428 0.6854491885 0.8404181848 0.8268865155 0.7333222859 0.6211557128 0.4302724440 0.3236253195 0.2280489759 0.1609870540 0.1310790808 0.1949487703 0.1412912257 0.1262277289 0.1438487572 0.0912876427 0.1551789252 0.1544706982 0.0849065855 0.1419251044 0.0969513162 0.0977577858 0.0791117219 0.1308148579 0.1152079761 0.0251760419 0.1113482023 0.1352949826 0.1500451984 0.1461279597 0.1348134985 0.1581126277 0.1647598480 0.1920024199 0.2698596947 0.3930271221 0.5883402142 0.6875482020 0.8714629823 0.8379551564 0.7478355261 0.5814759927 0.4277472553 0.3277386731 0.1975290939 0.1549759967 0.0788177365 0.1288618273 0.0971598022 0.1544502713 0.2050464814 0.1025004039 0.1045044492 0.1482148467 0.1326055178 0.0891504150 0.1344316106 0.1462183186 0.1251703319 0.1171688183 0.0695279963 0.1308804319 0.1661857074 0.0987622901 0.1380868066 0.1607157567 0.1458230088
0.0600939965 0.1474604930 0.0895716248 0.1242109075 0.0730077404 0.1228197237 0.0825303693 0.0843800072 0.1771712112 0.0549199986 0.1085114385 0.1178334447 0.1575605849 0.1567792376 0.1894683334 0.2634363249 0.4203671332 0.5098275013 0.6463215637 0.8103849674 0.9126745219 0.7575675087 0.5528322756 0.4345958915 0.2821626318 0.2244871768 0.1931431638 0.1157156436 0.1657449655 0.1277825563 0.0756669533 0.1360002841 0.0751825422 0.1403569628 0.0874430886 0.0886586878 0.1251125345 0.1581901479 0.1010447679 0.0387443198 0.0835917835 0.1356041730 0.1162949457 0.1414804297 0.0707187891 0.0595359964 0.1257271556 0.0916021599 0.1300410791 0.1133683314 0.1733886979 0.2300731590 0.3806801748 0.5190504782 0.6938350633 0.8561838300 0.8766847067 0.8152503429 0.5793996546 0.4027828087 0.2578895229 0.2157357534 0.1505215863 0.1500557853 0.1175888733 0.1190447680 0.0561299333 0.1300518480 0.1962490317 0.1791748867 0.1004639491 0.0592372457 0.1191021590 0.0954086771 0.0966255930 0.1370131641 0.1094694552 0.1162505186 0.1341038937 0.0675542889 0.1068104878 0.1218009409 0.0990802723 0.1073227548 0.1348954516 0.1083886803 0.1848239125 0.3068478822 0.4036668969 0.5542436866 0.6827344152 0.7954223768 0.7949511125 0.7535340111 0.5633238391 0.4185415128 0.2798579588 0.1649824323 0.1614934398 0.0955472879 0.1281063935 0.0652430016 0.1606197518 0.1922857573 0.1383780388 0.1120215641 0.1277599855 0.1071182181 0.1355484349 0.1593661416 0.1721837495 0.1430263657 0.1611600556 0.0852391321 0.1094231905 0.1655674882 0.1325686936 0.1430761586 0.1580495108 0.1531720540 0.1124647355 0.1543906842 0.1477525585 0.2821164809 0.3922231329 0.5109324183 0.7223413950 0.8438429145 0.8542919499 0.7570334221 0.6085603331 0.4524804476 0.2661530042 0.2482749928 0.1196029443 0.1644383992 0.0986266415 0.1187844933 0.1808964743 0.1237351156 0.1080899128 0.1610089849 0.1450105008 0.1658328071 0.1167206441 0.0888509978 0.1386133475 0.1263943956 0.1190739960 0.0863314227 0.1254493794 0.1146633160 0.1397542810 0.1021644269 0.1851033109 0.1127444380 0.1455508295 0.1431810346 0.2001014291 0.2655710458 0.3704123973 0.5585096028 0.8322912677 0.7647457397 0.8811704062 0.7613124396 0.6046267086 0.4742571068 0.3109364988 0.1953383775 0.1379238810 0.1291511485 0.1435188415 0.1204143871 0.1631392883 0.1203260906 0.1773738428 0.1250997657 0.1495181993 0.1438284548 0.1723230791 0.1300346568 0.1277779398 0.1534617609 0.1743429284 0.0870982153 0.0857345324 0.1827806497 0.1227516553 0.1341643958 0.1023714349 0.1289685367
0.1200548967 0.1421940243 0.1117653991 0.0953013119 0.1217779011 0.1013692462 0.1173661610 0.0319509102 0.0688996921 0.1142929666 0.1161597161 0.0998098613 0.1323070191 0.1395493655 0.1500064700 0.2417499741 0.3376613120 0.4694319153 0.6749070754 0.8221375884 0.8205957801 0.7628532650 0.6186294631 0.4710750863 0.3177103701 0.1894099308 0.1120612141 0.1669687539 0.1278070917 0.0889768829 0.1212176311 0.1009542487 0.1224248281 0.1017000348 0.1290003470 0.1128859467 0.1209640576 0.1194137879 0.1320136276 0.0813304690 0.1079335571 0.1400340406 0.1351172810 0.1380422581 0.0971040266 0.1505975164 0.1483228634 0.0968618912 0.1532844926 0.1063353887 0.1385139242 0.2767567662 0.3555458168 0.5538740737 0.6981682927 0.8712920311 0.8509748120 0.7901349918 0.5909943402 0.4454349783 0.3116543907 0.2295465452 0.1462660160 0.1362356447 0.0932726150 0.1140609164 0.1580254271 0.1184415212 0.1411643115 0.1589337521 0.1420029602 0.1440130843 0.1132546912 0.0938409764 0.1338914052 0.1605304660 0.1269735400 0.1371113259 0.1362579262 0.1122269861 0.1114993147 0.1165416346 0.1527515944 0.1467925443 0.1095896050 0.0985316646 0.1997638694 0.2167423105 0.3690387484 0.4972236886 0.6825813135 0.8283484466 0.8088724281 0.7534311012 0.6459635571 0.4750178830 0.3265574293 0.2819039378 0.1376362878 0.1960818226 0.1538598689 0.0812527039 0.1155565042 0.1583634222 0.1601490003 0.1687997930 0.1138800705 0.1250239397 0.0939678301 0.1507053142 0.1290781995 0.1366974830 0.0995009819 0.0954403803 0.1158136404 0.1208026023 0.1929820837 0.1127318994 0.1143619250 0.2033448720 0.0843490909 0.1364904928 0.2265320789 0.2784424502 0.3708145128 0.4782611148 0.7135571179 0.8241868185 0.8668702532 0.7492786623 0.6454124176 0.4396262087 0.3212895576 0.2029793171 0.2225516895 0.1429015276 0.1688785523 0.0845358698 0.1503771635 0.1263426491 0.1215738313 0.1592326623 0.1030990314 0.1067275775 0.1416575041 0.1880007182 0.1293444121 0.1782933572 0.1079803932 0.0845183864 0.1381546773 0.1026362669 0.0851041426 0.1664838906 0.1536457828 0.1430831828 0.1459204919 0.1466536621 0.1963877814 0.2887209318 0.4016037910 0.5146682950 0.6855910892 0.8123423146 0.8319448598 0.7846631020 0.6731607041 0.5480201041 0.3337420857 0.1984287289 0.1908764429 0.1453319274 0.1350897329 0.1443729029 0.1353478228 0.1372606258 0.1738872313 0.1446573753 0.1613538956 0.1177160261 0.1418768559 0.1415236765 0.0987709925 0.1311212559 0.1385323441 0.1544712242 0.1165351990 0.1271970990 0.1239977141 0.1563999002 0.1966155750 0.1429214077
0.1027441955 0.1090525460 0.1155499928 0.0803436786 0.1282281404 0.0757842277 0.0765006074 0.1339163965 0.1141575856 0.1259992890 0.1009036665 0.0842626628 0.1418837340 0.1649691389 0.1772130093 0.2419523560 0.3840656510 0.5520886768 0.7030258360 0.7974907253 0.8358570807 0.7365378722 0.6117245204 0.4747907927 0.3064781064 0.2656538267 0.1485307778 0.0974801032 0.0863523444 0.1106008790 0.1202022337 0.1466982838 0.1175334615 0.1493393641 0.1602895219 0.1531820815 0.1284342401 0.1287563989 0.1166514826 0.0942338292 0.1233817132 0.0738508244 0.1671658466 0.1416263683 0.0957582522 0.1588586374 0.1222472815 0.1450879749 0.1477157763 0.1851116496 0.1211304302 0.2477048328 0.3471938338 0.5077782149 0.6229551260 0.8565635119 0.8227502409 0.8165066474 0.6864660918 0.4602391156 0.2486879380 0.2448985500 0.1679835606 0.1377416492 0.1058480213 0.1107254487 0.0839310664 0.1530467195 0.1509732289 0.1503563911 0.1452298092 0.1159804146 0.1212199370 0.1277793152 0.1317985285 0.0929137053 0.1560254642 0.1016803644 0.1622963199 0.1254433763 0.1206399880 0.1352592956 0.1451083835 0.1239157160 0.1403073651 0.1725857331 0.2002971656 0.2098380006 0.3436932715 0.5075982922 0.6721357181 0.7758916158 0.8665525930 0.7512106995 0.6613061084 0.4440550303 0.3639308637 0.2412637681 0.1777597759 0.1300566313 0.1371996520 0.1590343071 0.1711935361 0.1380220368 0.1506235140 0.1307195854 0.1887008122 0.1265582754 0.1553843614 0.1402315124 0.1230620973 0.1843902106 0.0965205488 0.1495180662 0.1570539045 0.1171235313 0.1161745436 0.1223657488 0.1381423314 0.1366434025 0.1444475815 0.1114879984 0.1674042147 0.1982290106 0.3746223349 0.5597142510 0.6917929751 0.7652697975 0.9091563426 0.8082553839 0.6785115470 0.4734936162 0.3689499781 0.2036533958 0.2024156007 0.1744625882 0.1520952692 0.1533321098 0.1467047540 0.1129218480 0.1529118055 0.1551304768 0.1571488596 0.1087036337 0.1220035513 0.1691745954 0.1532258865 0.1007100897 0.1620132839 0.0994421467 0.2153306400 0.1426636173 0.2028326207 0.1167084411 0.1587404339 0.1392660932 0.0996615216 0.1735187939 0.1831528636 0.2638889160 0.3443771027 0.5526352072 0.6860130315 0.8446723771 0.8087950635 0.7904307429 0.6790053460 0.4445109973 0.4079511048 0.2716953614 0.1552271809 0.1549354801 0.1786036790 0.1737355856 0.1598688657 0.1205258866 0.1397006256 0.1293513534 0.1637667220 0.1386264173 0.1620858778 0.1141740800 0.1562284813 0.1596139061 0.1248889680 0.1160264215 0.1181104008 0.2062383642 0.1086541508 0.1708497813 0.1611868266 0.1449488230
0.1217431172 0.1237338416 0.1348857264 0.1375483989 0.1779741669 0.0799398665 0.1047491680 0.1232257652 0.1661522019 0.1423718827 0.1112125610 0.1487657687 0.1598455001 0.1572098587 0.1685169096 0.2515267852 0.2847734651 0.5143545164 0.6277546474 0.8180834432 0.8705856759 0.8360391793 0.7043268645 0.5207019072 0.3078158092 0.2168846669 0.1548923048 0.1262194450 0.0945967462 0.1099890905 0.1446785877 0.1647326586 0.1986274111 0.1064179694 0.1026384111 0.1447836629 0.1556413766 0.0998468647 0.0994126812 0.1230205401 0.1351317450 0.1166214690 0.1675589971 0.1488844299 0.1446644655 0.1038003833 0.1253684960 0.1609633028 0.1464728107 0.1256462109 0.2005730005 0.2325894323 0.3184288483 0.4858351121 0.6811036946 0.8192656326 0.8338739681 0.8576415267 0.7035315545 0.4970706602 0.3878036018 0.2592626017 0.1342744756 0.1146467637 0.0964856345 0.0774376749 0.0995767205 0.1538410931 0.1054563541 0.1489553175 0.0879525243 0.1755999962 0.1660330545 0.0939032234 0.1484073471 0.1194046063 0.1172938443 0.0992121453 0.1367961273 0.1433364849 0.1307804935 0.1347776514 0.1377477999 0.1961338790 0.1266862508 0.0740909503 0.2012707496 0.2710541793 0.3465900423 0.4974906135 0.6537679977 0.8015419519 0.8362102801 0.7861046306 0.6826444660 0.4774066456 0.3889439284 0.2216007069 0.2266063788 0.1969347247 0.1400743662 0.1889705495 0.0966062560 0.1227694208 0.1404253478 0.0969098224 0.1556425272 0.1080833623 0.1220093013 0.1499223470 0.1400847493 0.1130911030 0.1801400359 0.1916410056 0.1394649727 0.1321684891 0.1098283942 0.1420653549 0.1919498726 0.1822564077 0.1787636576 0.1702307375 0.1335200876 0.2511532199 0.3621909854 0.5392237626 0.6951895676 0.8079535679 0.8688285535 0.8469493333 0.6892131275 0.4520772701 0.3679608985 0.2079310547 0.1893710702 0.1606059389 0.1206160395 0.1741857079 0.1243900984 0.1774915681 0.1126760116 0.1198027528 0.1281051278 0.1238934475 0.1401017482 0.1524759392 0.1393590732 0.1388985376 0.0959906634 0.1877838991 0.2040295519 0.2084253204 0.1625724754 0.1978546969 0.1591893142 0.1256227620 0.1284197167 0.1077114562 0.1847653586 0.3028691225 0.3860908956 0.5624661496 0.7086129773 0.8701206612 0.8823863324 0.8693886487 0.6433510312 0.4967528713 0.3765657584 0.2740694094 0.2100503420 0.1269519302 0.1266627529 0.1563770568 0.1719190490 0.1536304572 0.1900589617 0.1754656853 0.1357707035 0.1685726023 0.1745364138 0.1882495738 0.1719645958 0.1593783907 0.1381318712 0.1460652310 0.1633032344 0.1954710729 0.1773003920 0.1422357809 0.1664662589 0.0903599579
0.1194487598 0.1551625247 0.1158136629 0.1582018144 0.1817600568 0.1495956255 0.1467084256 0.1241746761 0.1580369153 0.1259930968 0.1186365584 0.0907227287 0.1222339144 0.1595392927 0.1604504019 0.2283646759 0.3289492955 0.4491839503 0.6311848378 0.8199759494 0.9055972332 0.8134622434 0.7248260950 0.4938982062 0.3379249782 0.2621361487 0.1752595806 0.1530180312 0.1588970949 0.1128320423 0.1226630751 0.1383138559 0.1031728251 0.1411177403 0.0908238854 0.1341588964 0.1562234741 0.1554567194 0.1408982796 0.1187173057 0.1333181929 0.1556118739 0.1019319106 0.1409673467 0.1504384554 0.1612724457 0.1323638102 0.1137185315 0.1146491800 0.1993219484 0.1490841490 0.2543580619 0.3570076282 0.4849620419 0.7105287816 0.7452571028 0.8451342509 0.8302650627 0.6728872510 0.5115098360 0.3809201269 0.2644901951 0.1748561894 0.1399749558 0.1494247140 0.1746455325 0.1462910404 0.1686105764 0.1233043040 0.1130247889 0.1272250607 0.1305302942 0.1061850071 0.1513032370 0.1481216818 0.1413197043 0.1218871772 0.1034193843 0.1277780936 0.1518559768 0.0790961885 0.1500041121 0.1745886163 0.1283948494 0.1970973372 0.1596792293 0.1970757245 0.2097276751 0.3469577725 0.4844401236 0.6523967133 0.7921037154 0.8027825471 0.8094347273 0.7102159874 0.4900670247 0.3526876856 0.2690357857 0.2069976275 0.1406572118 0.1467402529 0.1488666810 0.1606069355 0.1279866349 0.2096171073 0.1711317628 0.1521115775 0.1780286918 0.2083849744 0.1580868918 0.1519140329 0.1607283320 0.1675931023 0.1863455399 0.1726433563 0.1692715953 0.2049367950 0.1511793175 0.1841107613 0.1738420643 0.1583733557 0.2059661064 0.1950327659 0.2637482827 0.3300004315 0.4878731161 0.6656868605 0.7820013884 0.8565860957 0.7900155689 0.7269466200 0.4949461394 0.3433669618 0.2932585166 0.2551180499 0.1730338272 0.1603730491 0.1431993380 0.1875888783 0.1431973995 0.1902354911 0.1600585871 0.1507056649 0.1512554659 0.1378423218 0.1873651664 0.1277123628 0.1699233061 0.1617433402 0.1643497985 0.1581528154 0.1564338491 0.1527451652 0.1656084646 0.1840659639 0.1445488132 0.1911252470 0.1204110254 0.1873041303 0.2483879004 0.3687141112 0.5240896237 0.6829766671 0.8443386654 0.8453819608 0.8034403012 0.6844985619 0.5482896846 0.3562102705 0.2710558743 0.1843342381 0.1719813691 0.1651307697 0.2011266779 0.1599051198 0.1714741402 0.1421053386 0.1410815868 0.1578817953 0.1960551483 0.1499280937 0.1696417318 0.1690707171 0.1722647933 0.1374056346 0.2221786647 0.1686409282 0.1646036439 0.1498228625 0.1733506837 0.1378979907 0.1630911300
0.1338940737 0.1452100474 0.1702778840 0.1240618536 0.1814411147 0.1336331713 0.1500578230 0.1305367957 0.1722393446 0.0941539786 0.1482488057 0.1656420624 0.2015245894 0.1606724703 0.1921866266 0.2319247098 0.3124315497 0.4650735046 0.6526737490 0.7535619733 0.8397952337 0.7961952344 0.6738324567 0.4862682431 0.3688009103 0.2722996710 0.1999858392 0.1599729797 0.1949738424 0.1224291741 0.1652419567 0.1757128801 0.1342313321 0.2028563098 0.2139059634 0.1531058071 0.1615080638 0.1581276610 0.1086720884 0.1677599307 0.1269209812 0.1087924584 0.1446715966 0.1886602836 0.1577379931 0.1452365638 0.1687593292 0.1327756313 0.1585390529 0.1277435002 0.1941761888 0.2823971906 0.3392809122 0.4303681273 0.6533348758 0.7715405664 0.8716211959 0.8123613872 0.7319154143 0.5585824574 0.3778027684 0.2885602988 0.2470466979 0.1653394590 0.1883105742 0.1872762366 0.1638639332 0.0930114440 0.1605575086 0.1540550606 0.1636912150 0.1231954610 0.1257959104 0.1452625034 0.1687963899 0.1365605198 0.0909458737 0.1944771609 0.1320060603 0.1098716484 0.0909922355 0.1522031880 0.1233246304 0.1866945535 0.1401606756 0.1905779464 0.1444737397 0.2231706663 0.3673141041 0.5017029862 0.6641508421 0.8081922208 0.8729541928 0.8653503173 0.7141797138 0.5206607615 0.3595016880 0.3070335842 0.2297406388 0.1521893232 0.1466792217 0.1602474794 0.1701577574 0.0923107939 0.1344834478 0.1663421388 0.1589091107 0.1517886521 0.1389517492 0.1783952391 0.1396462756 0.1379956010 0.1482009934 0.1557201246 0.1476692313 0.1260945622 0.1576767179 0.1499524761 0.1538958206 0.1658695262 0.1595018329 0.1454915393 0.2402237311 0.2437891411 0.3583694461 0.4902163941 0.6841127243 0.8168773655 0.8822441930 0.8490733077 0.7055935960 0.5343343172 0.4207386207 0.2396123993 0.2027464165 0.1594076255 0.1398739109 0.1646613971 0.1566458097 0.1678619287 0.1580647388 0.1601379864 0.1151016015 0.1957857046 0.1177439029 0.1733829487 0.1039275933 0.1693608762 0.1444724304 0.1242039233 0.1937169022 0.1101598176 0.1498610441 0.1550608305 0.1822851442 0.1246722654 0.1473830865 0.1595839155 0.2240039693 0.2684042615 0.3456825056 0.4586936810 0.6473198021 0.7856961506 0.8954876733 0.8425790856 0.7087408837 0.5688579509 0.4134759124 0.2894649683 0.2309174342 0.2245309556 0.1825901179 0.1958114645 0.1708740275 0.1531542311 0.2071966136 0.1582334917 0.1375898287 0.1618146970 0.1864063742 0.1502487799 0.1964162305 0.1855247040 0.1966048715 0.1622333546 0.1489645801 0.2283770689 0.1901820188 0.1227234599 0.1761849480 0.2016705987
0.1062939424 0.1614281955 0.1651513317 0.1881068929 0.1599634042 0.1642578635 0.2029110821 0.1252072138 0.1494049925 0.1161008311 0.1097849324 0.1344662599 0.0993285080 0.1491993924 0.1718523102 0.2486557140 0.2930498088 0.4457590717 0.6313540918 0.7699866765 0.9186294189 0.8238048115 0.7631412026 0.5380480817 0.4401433462 0.2709154405 0.1883393712 0.1551640952 0.1811375645 0.1195029837 0.1426646609 0.1551287669 0.1226033577 0.1518991741 0.1547215383 0.1426178688 0.1563405118 0.1492183541 0.1139799907 0.1372365322 0.1139507318 0.1586100017 0.1654517462 0.2115801319 0.1518810894 0.1654135544 0.2265769211 0.1683563474 0.1625198157 0.1675196034 0.1687976093 0.2215907138 0.3296102109 0.4516768761 0.5446589272 0.7253594124 0.8624616348 0.8818275427 0.7166303877 0.5430245545 0.3811968266 0.3195298669 0.2414307730 0.2027327595 0.1332475514 0.1269025186 0.2014192849 0.1766879861 0.1460961539 0.1462414349 0.1496787385 0.1855082191 0.2015586318 0.1849974494 0.1880597621 0.1457874384 0.1322745852 0.1699787777 0.1093443180 0.2016322865 0.1271212560 0.1372708612 0.1705006851 0.1485824656 0.1553508454 0.1773352951 0.1500234247 0.2252229643 0.3601631651 0.5040080580 0.6065645177 0.7588343562 0.9117368126 0.8213975079 0.7310584220 0.5370577690 0.4194493889 0.2890174686 0.2281132779 0.1559666301 0.1733011429 0.1740249779 0.1491806272 0.1426202266 0.1726335643 0.1644903102 0.1320528247 0.1505448188 0.1750247802 0.1581001990 0.1415883301 0.1539750229 0.1346064921 0.1642434669 0.1828816004 0.2009041190 0.1554056343 0.1549587744 0.1772213856 0.1451352679 0.1890032492 0.1799744604 0.1792303949 0.2266417172 0.3517943491 0.4971889549 0.5877806924 0.7738036405 0.8930320017 0.8417837835 0.7734507909 0.5798713809 0.4482885652 0.3413141765 0.2068772733 0.1476553032 0.1796650373 0.1730517639 0.1190505825 0.1204975127 0.1664231781 0.1960229245 0.1929651540 0.1208022024 0.1611825610 0.1086732769 0.1913650281 0.1739430310 0.1547987956 0.1188752429 0.1275543797 0.1603538616 0.1651400108 0.1656430905 0.1886386923 0.1419946997 0.1583750594 0.1951035156 0.2138718404 0.2414786120 0.4206203547 0.4819437753 0.6586082416 0.7821581805 0.9051327839 0.8611648304 0.7533836223 0.6022679061 0.4716355133 0.2641626558 0.1947568969 0.1592890317 0.1713968520 0.1842458644 0.2064260908 0.1959347400 0.1292292384 0.1388095764 0.1727352348 0.1338283545 0.1969771048 0.1632742243 0.1560549484 0.1478041537 0.1325978200 0.1778420138 0.1560105240 0.1848507680 0.1851876702 0.2064373992 0.1999004745 0.2012496039
0.1350386991 0.1474147519 0.1278487173 0.1267578754 0.1733990325 0.1510673294 0.1289457813 0.1374460805 0.1818244535 0.1461621635 0.1013433213 0.1331280404 0.1794115554 0.1659764085 0.1925772079 0.2307896362 0.3226746026 0.4455962562 0.6175321253 0.7688186036 0.8680997104 0.8964483601 0.7223489037 0.5487049968 0.4357923074 0.2831610030 0.2471416304 0.1556257040 0.1944458593 0.1387530732 0.1415360616 0.1494345915 0.1309113524 0.1209470057 0.2226013697 0.1937586656 0.1455805090 0.1933220610 0.1712076709 0.1771790470 0.1768551920 0.1368760345 0.1628309006 0.1269238068 0.1678460328 0.1715988078 0.1675093473 0.1257914790 0.1807875791 0.1543738535 0.1712738668 0.1752482745 0.2775776818 0.4744131140 0.6401543654 0.7562253092 0.8559578333 0.8634160654 0.7767892412 0.6024486162 0.3945178994 0.2916345582 0.2065652193 0.1378364665 0.2363013612 0.1059109459 0.1728993621 0.1361267015 0.1328033269 0.1289375543 0.1151168272 0.1611592389 0.1328543209 0.1772510553 0.1256706308 0.1501900139 0.1703925522 0.1930899420 0.1673210367 0.1706845413 0.2003203687 0.1582071403 0.1506306703 0.1370410600 0.1984891416 0.1641477191 0.1696534581 0.2370178075 0.3012901363 0.4732663036 0.5976823984 0.7871182528 0.9166690433 0.8440939505 0.7557059987 0.5807890368 0.4500740392 0.3032433367 0.2312020423 0.1790381161 0.1995199343 0.1852285155 0.1401558697 0.1917684313 0.1969937836 0.1618078919 0.1630751773 0.2090807388 0.1670368606 0.1580542231 0.1769681533 0.1526814271 0.1674529970 0.1869129421 0.1661849847 0.1649975455 0.0550729309 0.1828617011 0.1745799897 0.1472756995 0.2252272584 0.1299137607 0.1941015441 0.2489486779 0.3115235854 0.4576101463 0.6429827389 0.8059237242 0.8338894342 0.8615723975 0.7413508982 0.5507841807 0.4411134238 0.3106166424 0.2369802185 0.2458960272 0.1426443080 0.1897691668 0.1978516598 0.2029930423 0.1470916871 0.2048926021 0.1741335030 0.1572014388 0.1329384448 0.1517330860 0.1510674799 0.1757180196 0.1704041841 0.1663272695 0.1559011549 0.1332461030 0.2061597608 0.1735029957 0.2409624495 0.1976547466 0.2147714494 0.1269308983 0.1496193042 0.2063081232 0.3180925251 0.4784308433 0.6441172667 0.7729828020 0.8747891234 0.8645146950 0.7465729733 0.5713591709 0.4697282550 0.2960483928 0.2381092381 0.1941995774 0.1731857080 0.1964399801 0.2142727046 0.1700966321 0.1610742280 0.1338795355 0.1156805985 0.1704491432 0.1766572785 0.1785065347 0.1417866514 0.1665443623 0.1589814254 0.1918340024 0.2033320017 0.1888380073 0.1863540119 0.1945666887 0.1518045009 0.1686901073
0.1525075252 0.1585109694 0.0854999024 0.1298304443 0.0982891146 0.1338516195 0.1496803142 0.1378646861 0.1812920936 0.1997992759 0.1208942736 0.1505987746 0.1777306086 0.1122316500 0.1377634151 0.2096696079 0.3101045814 0.4317669902 0.5655159962 0.7622227813 0.8736203529 0.8804680679 0.7074916087 0.5945449163 0.4086900477 0.2777749938 0.2291906305 0.2147418430 0.1981250772 0.1670211601 0.1084041003 0.1446917164 0.1763470368 0.1693968008 0.1566871163 0.1197291538 0.1771894627 0.1442615621 0.1279078483 0.1099925538 0.1603394354 0.1006508799 0.1077429137 0.1336942296 0.1044692003 0.1786375930 0.1241781085 0.1656833696 0.1598767893 0.1826556760 0.2211099575 0.2009797287 0.2764862300 0.4423695240 0.6164904888 0.7674887822 0.8495229785 0.8908881873 0.8232776250 0.6461496335 0.4511873629 0.2878683355 0.2468846252 0.1946278255 0.1267491405 0.1734619988 0.1053102800 0.1379363155 0.1748976102 0.1877276005 0.1768068604 0.1644748246 0.1844158913 0.1284004023 0.1879375617 0.1351326174 0.2180493618 0.1454844632 0.2020046063 0.1716438397 0.1921852905 0.1717295965 0.1468867755 0.1729073155 0.1078253320 0.1593486917 0.1426969678 0.2221373692 0.3203700811 0.4266931190 0.5826937238 0.7767763501 0.8142074278 0.9131021024 0.7531957043 0.5505049728 0.5090169880 0.2673940649 0.2588411418 0.1275086941 0.1819942268 0.1794371342 0.2055169823 0.1986608454 0.2505205485 0.1517157880 0.1179416575 0.1983481662 0.1539124631 0.1629525787 0.1259207456 0.1954790858 0.1881939261 0.1449377337 0.1427658523 0.0976422869 0.1694982818 0.1562347571 0.1790827819 0.1535628661 0.1911107301 0.1958263334 0.2110337457 0.2674217260 0.2934700564 0.4716747278 0.6049770161 0.7469581476 0.8473078176 0.8917466128 0.7723506512 0.6286912937 0.4745258073 0.2746261874 0.2684866615 0.2286496304 0.1738524334 0.1984807879 0.1394282695 0.1904025618 0.1625450766 0.1675500057 0.1567883662 0.1205139238 0.1342588412 0.1963489324 0.1473388984 0.1561784991 0.1795784939 0.1669905964 0.2137284551 0.1389586477 0.1809343104 0.2102181429 0.2096286992 0.1959560391 0.1749130517 0.2010151357 0.2147042808 0.2694391042 0.3712498486 0.4493297535 0.6342305701 0.8045434289 0.8992182587 0.8519432596 0.7887717980 0.5715057415 0.4553604082 0.2852806916 0.2513736410 0.1888671695 0.1984343877 0.1723647175 0.1572994767 0.1819998322 0.1444676913 0.1547538202 0.1552214636 0.1008338757 0.1620362216 0.1631294572 0.1790577135 0.2123506319 0.1722189653 0.1387764752 0.1498954175 0.1492289877 0.1740094644 0.2048647013 0.1436895821 0.1187185596
0.0852999562 0.1351222693 0.1402360994 0.0860778418 0.1614431269 0.1038028526 0.1618160308 0.1682366236 0.1249974041 0.1633657976 0.1389222376 0.1094563336 0.1477539647 0.1397866767 0.1950796487 0.2322988735 0.3051195592 0.4401090772 0.5449285381 0.7506071944 0.8103704242 0.8483241271 0.7339178412 0.6325765257 0.4743406941 0.3365935395 0.2430591833 0.2039313028 0.1831945479 0.1839658308 0.1664985629 0.1603504824 0.1498387415 0.1450495535 0.1600758974 0.1852520151 0.1675485857 0.1137337995 0.0847805772 0.1775134945 0.1740773201 0.2003263636 0.1454720443 0.1253514270 0.1983405080 0.1597922857 0.1975914948 0.1394750597 0.1553425467 0.1409906619 0.1642837669 0.1700196670 0.2912971609 0.4452648096 0.5711070344 0.7224230383 0.8842622669 0.8527398954 0.7497010134 0.5989400038 0.4807037950 0.3023664075 0.2566369611 0.1934284023 0.1511319958 0.1493051946 0.1354876494 0.0747829627 0.1416481575 0.1205093516 0.1423699342 0.1488691790 0.1384100088 0.1404666882 0.1372102384 0.1522154713 0.1621728216 0.1511295125 0.1349307286 0.1314063295 0.1661905538 0.1535121934 0.0928125951 0.1158457704 0.1803283508 0.1422274464 0.1463037183 0.2043198624 0.2850777315 0.4434869724 0.5983810653 0.7562242320 0.8820219036 0.8843525592 0.7367739798 0.6072037577 0.4610589346 0.2785228715 0.2751011848 0.1858742735 0.1751445887 0.1563859045 0.1655814451 0.1402539781 0.1254548971 0.2380432198 0.1193514397 0.2262603604 0.1691484063 0.1341437131 0.1099912250 0.2181277545 0.1701628126 0.1584699208 0.1671558767 0.2027398043 0.1458566262 0.1651841881 0.1892151150 0.1327708055 0.1418874341 0.1876795066 0.2035826306 0.2502516927 0.2586510722 0.4242127760 0.5382714344 0.7338267315 0.8888357470 0.8459608838 0.8196034932 0.6757078543 0.4527377832 0.3053715372 0.2582114088 0.1784771070 0.1845382259 0.1954328779 0.2274978794 0.2208830043 0.1861855126 0.1198233862 0.1524173374 0.1782997393 0.1601207124 0.1130397547 0.1771276704 0.1838046830 0.1612800619 0.1368549445 0.1611721282 0.1252982956 0.1737328395 0.1803710927 0.1352272783 0.1788891315 0.1640587236 0.1871758853 0.1843110578 0.2214065576 0.2918138562 0.4202858441 0.6597396378 0.7300090881 0.8534907361 0.8652784756 0.7792813797 0.6342729846 0.4933391883 0.2938340502 0.2639998184 0.2502709014 0.1369368996 0.1500497953 0.1449089515 0.1328357415 0.1539204811 0.1700599963 0.1529438558 0.1254807604 0.1620735552 0.1192064871 0.1797210929 0.1836262724 0.1681895295 0.1662482027 0.1229255381 0.1665759195 0.1725672416 0.1789518668 0.1910730492 0.1544602024
0.1315590951 0.1786380206 0.1487441791 0.1069912293 0.1533100356 0.1256846925 0.1714954109 0.1730870396 0.1307167373 0.1510224036 0.1490948254 0.1469851114 0.1365826083 0.2406169959 0.1542011893 0.2014745344 0.2141301688 0.4233197676 0.5857528923 0.6823735102 0.8497372767 0.8275816849 0.8062878729 0.6662595238 0.4929935214 0.2890924251 0.2433523860 0.2075396955 0.1836815155 0.1649157628 0.1397255869 0.1109791813 0.1183483180 0.1814483925 0.1391681277 0.1522978124 0.1104526365 0.1130369221 0.2028962782 0.1066893748 0.1244068332 0.1259709590 0.1655650444 0.1230970768 0.1611328696 0.1855968526 0.1330587018 0.1515135563 0.1489355935 0.1007054492 0.2417433481 0.1715272504 0.2850416985 0.4406154357 0.5854205937 0.6871214678 0.8705612454 0.8569590189 0.8011240785 0.6207837648 0.4896746164 0.3283379586 0.1803222470 0.1975663549 0.1601805361 0.1501673712 0.1123884044 0.1233679717 0.1130209258 0.1080962674 0.1508136950 0.1275071996 0.1237303762 0.1892072438 0.1395046113 0.1437734077 0.1477767584 0.1339894462 0.1925987806 0.1561139586 0.1034828575 0.1076557744 0.2083835396 0.1477622520 0.1464604314 0.1999838961 0.1722550717 0.1707576278 0.2796348560 0.3846301362 0.5446789121 0.7176247695 0.8461718999 0.8211657267 0.8154026154 0.6320136350 0.4581123733 0.3202855362 0.2530206371 0.2077191879 0.1712870962 0.1733043051 0.2017950835 0.1544340139 0.1576764856 0.1849745869 0.1165080489 0.1813090952 0.1495421740 0.1864119501 0.1381493717 0.1471710811 0.1635237793 0.1809297990 0.1678765693 0.1722461766 0.1382930306 0.1479620902 0.1609649685 0.1609628378 0.1497968787 0.1885852022 0.2454868625 0.1997182816 0.3061513647 0.3925635323 0.5707876142 0.7390027044 0.8497895980 0.9123292145 0.8024001014 0.6561624911 0.5302957067 0.3143259038 0.2075138369 0.1793146382 0.1835105799 0.1918419588 0.1721693833 0.1840968993 0.1725501292 0.1871947811 0.1686661256 0.1495097260 0.1812115879 0.1583523389 0.1643758960 0.1287348831 0.1759863539 0.1731054569 0.1876180686 0.1874700006 0.1855151107 0.1538845782 0.1770250459 0.1963547440 0.1500605499 0.1598115085 0.1999417152 0.2595206698 0.3191603823 0.3882299598 0.5768553919 0.7616984191 0.8355693032 0.8660029479 0.7971272713 0.6261280357 0.4875922274 0.3463828490 0.2480066190 0.1906774511 0.1394803265 0.1572820924 0.1483770501 0.1845460541 0.2033092734 0.1414663999 0.1637138902 0.1719407060 0.2007272500 0.1357941087 0.1639645186 0.1724108005 0.1732610427 0.1898009952 0.1679271932 0.1656618224 0.1520722680 0.1619694453 0.2309566508 0.1815316745
0.1679994981 0.1180344586 0.1096129085 0.1350350049 0.1524433359 0.1016720522 0.1263939408 0.1248275384 0.0847230989 0.1090244664 0.1300588426 0.1440070640 0.1377858422 0.1482896766 0.1321102446 0.2024825736 0.2700158147 0.3514590663 0.5084041464 0.7042443018 0.8101806833 0.8729206540 0.8019144801 0.6353686108 0.4498768227 0.3427059076 0.2481084032 0.1886668928 0.1548149056 0.1535982759 0.1026696900 0.1636360795 0.1645588315 0.1701281911 0.1059908441 0.1227153179 0.1270370649 0.1820417066 0.1643560800 0.1216989167 0.1529029419 0.0932759573 0.1168686148 0.1161097208 0.1678103614 0.1574732284 0.1006026508 0.1305503378 0.1892571114 0.1603158854 0.1531476769 0.1751765196 0.2194032172 0.3554554414 0.4776899358 0.6825758314 0.8326993479 0.8883446514 0.8353721516 0.6517273534 0.4699098534 0.3599231310 0.2508244743 0.1900099211 0.1475444393 0.1322592839 0.1587902910 0.1738337812 0.1709290922 0.1325722690 0.1256706500 0.1535568625 0.1257204689 0.1119556081 0.1373321410 0.1667063399 0.1667167243 0.1219860616 0.1382807707 0.1300997338 0.1592575070 0.0955845136 0.1537235550 0.0882649845 0.1703457126 0.1945168671 0.2099250782 0.1851919975 0.2799606486 0.3838085413 0.5461118544 0.6800016952 0.8612468184 0.8659898477 0.7795780117 0.5973232290 0.5054858303 0.4266831193 0.2516974435 0.1865346330 0.1304941515 0.1507682912 0.1158892308 0.1615422110 0.1266452024 0.1871810036 0.1561425647 0.1376008162 0.1629764296 0.1648466917 0.1770493132 0.1439823004 0.1127276786 0.1765038800 0.1668269806 0.1261083971 0.1769752573 0.1460480243 0.1472852090 0.1608416090 0.1266643426 0.1185873616 0.1860363067 0.1754259559 0.2423011518 0.4177745861 0.5253140729 0.6984006091 0.8024985652 0.8925026571 0.7831595810 0.6946626462 0.4490546844 0.2989958007 0.2010518145 0.2204373317 0.1705258831 0.1705554779 0.1665447158 0.1558092222 0.1921380947 0.1530500499 0.1732939901 0.1965864688 0.1623064171 0.1741499342 0.1645091018 0.1434842052 0.1588692689 0.1279165463 0.1196139423 0.1597730601 0.1623545635 0.1647884568 0.1516780376 0.1423367557 0.1652844474 0.1498810892 0.1795373156 0.2263541406 0.2778864200 0.3470655387 0.5394094166 0.7088305053 0.8430406938 0.8687446408 0.8130739245 0.6773344224 0.5124889035 0.3127612347 0.2552605868 0.2174022837 0.1685449273 0.1559208391 0.0841483690 0.1315265786 0.1590266365 0.1447599173 0.1399503212 0.1821817950 0.1251206996 0.1657227344 0.1550208330 0.1339410731 0.1939409983 0.1194503044 0.1908362645 0.2109990970 0.1796342757 0.1896178207 0.1444115709 0.1951025917
0.2001622454 0.1634178206 0.1481031182 0.1402837625 0.1189309695 0.1040297176 0.1283206815 0.1318643345 0.1215814813 0.1113696373 0.1448314750 0.1306715576 0.1108087408 0.1083224436 0.1449664660 0.1634840407 0.2478182849 0.3245458069 0.4916037073 0.6567582889 0.8042092462 0.8913443736 0.8049070785 0.6530154415 0.5013087256 0.3217329398 0.2100497006 0.1708990317 0.1948287740 0.1041661160 0.1289911600 0.1105414751 0.1506913976 0.1221707415 0.1301572128 0.1312291699 0.1258358173 0.1401886201 0.1217810765 0.1657890356 0.1921487097 0.1235995194 0.2015049477 0.1231647300 0.1031277827 0.1308085658 0.1207595801 0.1396735024 0.1054810275 0.1742639529 0.1903029171 0.2009120113 0.2134533267 0.3304706121 0.5149002762 0.6615910817 0.8182529016 0.8392787575 0.8173547957 0.7206614996 0.4781112310 0.3728333696 0.1853294343 0.1885314397 0.1706006539 0.1615666992 0.1579955533 0.1570866912 0.1735347366 0.1321695708 0.1345999091 0.1228264979 0.2003895021 0.1630230737 0.1502448208 0.1462490404 0.0800076881 0.1076268888 0.1282160257 0.1585341585 0.1269107635 0.1501531660 0.0873609301 0.0551184539 0.1759625313 0.1043046229 0.1631498265 0.1506486995 0.2276831310 0.2921704426 0.4683974614 0.7006988464 0.7984765322 0.8341861241 0.7894875960 0.6254431149 0.5248343135 0.3481059451 0.2125316052 0.1873226338 0.2188271182 0.1540818687 0.1300158240 0.1386350942 0.0975455594 0.1379188860 0.1889137460 0.1044574243 0.1530009839 0.1628414296 0.1425003730 0.1271041614 0.1732855726 0.1646159438 0.1736994142 0.1111214045 0.1376473200 0.1909967857 0.0927316168 0.1186402846 0.1330206550 0.1462121574 0.1802503398 0.2228837073 0.2710624438 0.3950585782 0.5501879192 0.7023956128 0.8644594780 0.8410669188 0.8119126801 0.6409735337 0.5035921328 0.4006887758 0.2227264304 0.2009099116 0.1677743809 0.2275304535 0.1243194975 0.1327935683 0.1461655104 0.1567139366 0.1440685091 0.1370126675 0.1183098488 0.1172447416 0.0796739899 0.1348473369 0.1584055421 0.1536374201 0.2010289467 0.1805030021 0.1114068426 0.1585232485 0.1637031532 0.2110284672 0.1622227047 0.1359706870 0.2114507996 0.1721482630 0.3518472052 0.3560513161 0.5396428155 0.6795836344 0.8789670200 0.9126231259 0.8167422451 0.6551067748 0.4911490074 0.3745564161 0.2801727573 0.1677113887 0.1302400201 0.2122551653 0.1638352396 0.1591755480 0.1837933684 0.1423599744 0.1287918152 0.1656317624 0.1679095129 0.1961127392 0.1414875986 0.1685501796 0.1786616340 0.1756736635 0.1390543296 0.1452430805 0.0843531260 0.1921235843 0.2224522351 0.2014221543
0.1439979022 0.1486016724 0.1239043766 0.1148379248 0.1409488300 0.1540686949 0.1106480078 0.0964615819 0.1341411142 0.1695083990 0.1105272399 0.1313501402 0.1155913009 0.1242631884 0.1746759790 0.1319528419 0.1845773956 0.3616512005 0.4548170076 0.6365952152 0.7804488533 0.9202511916 0.7981311349 0.6391502267 0.4897157528 0.3379522989 0.2113457273 0.2523513962 0.1535207252 0.1664784804 0.1491412226 0.2044300810 0.1101438374 0.1421956830 0.1207491761 0.1479669809 0.1595641464 0.1102278618 0.1403749111 0.1439085183 0.1438049902 0.1212142233 0.0957060097 0.1496378386 0.1240942162 0.1201641392 0.0905201966 0.1276322702 0.1557387513 0.1274283136 0.1424851979 0.1582146337 0.2275843541 0.3031187523 0.5184216937 0.6490972504 0.7851687085 0.8311482657 0.7411825366 0.6793963334 0.5110354611 0.3294048838 0.2177101462 0.2226827755 0.1307149475 0.1651579807 0.1155737613 0.1190089446 0.1257794008 0.1028135819 0.1273794174 0.1197695932 0.1334900752 0.1289031877 0.1333896418 0.1830546112 0.0711951176 0.1216297312 0.1080321368 0.1043845754 0.0959892813 0.1392685136 0.1824684894 0.0888764338 0.1171778605 0.1827878858 0.1598506937 0.1895076680 0.1919773404 0.2956206115 0.5089260533 0.6775766796 0.8087330688 0.8480220237 0.7821241604 0.7024488749 0.4758921049 0.3464302542 0.2319359065 0.2012470924 0.1375887517 0.1495990956 0.1516659774 0.1267414132 0.1292649534 0.1010814144 0.1320780441 0.1415211051 0.1395534275 0.1309735654 0.1625200347 0.1178777824 0.1708899966 0.1444082426 0.1280477906 0.1024145275 0.1454577616 0.1464957035 0.1217431773 0.1263589104 0.1843619389 0.1263378263 0.1268091356 0.1687686516 0.2554705336 0.3149487258 0.4968728222 0.6551811614 0.8222932193 0.8796608593 0.8265770235 0.7010727065 0.5235453581 0.3737655907 0.2650482940 0.1955392983 0.1684031942 0.1384663339 0.1331445509 0.1552694774 0.1089781024 0.0929020848 0.1527523768 0.1661285082 0.1316414729 0.1524055371 0.1215282137 0.1573516589 0.1407199325 0.1441956677 0.1568103969 0.1725943639 0.1479516665 0.1562329464 0.1473010784 0.1388246035 0.1586086254 0.0961064104 0.1417178069 0.1720224468 0.2497515534 0.3403553363 0.4742929852 0.6520494791 0.8211989110 0.8783090845 0.8404331615 0.6882742177 0.4911355234 0.3809601457 0.2314223895 0.2136613157 0.1173754455 0.1893968312 0.1440569440 0.1840242911 0.1290057734 0.1308271836 0.1600987787 0.1324328907 0.1639436471 0.1484984405 0.1933625449 0.1498791832 0.1861261802 0.1950906824 0.1080461838 0.2081575275 0.1063063460 0.1865013217 0.1904639053 0.1083971755
0.1638651035 0.1022287700 0.1247800788 0.1108133191 0.1532394476 0.1209117241 0.1183735123 0.1081405142 0.1542029954 0.1018165344 0.1060702261 0.1368394562 0.1211517674 0.1337487827 0.1601525778 0.1472176858 0.1922346367 0.2956851912 0.4685294154 0.6277392141 0.7453057385 0.8336425611 0.7684480454 0.6465255132 0.5462795282 0.3317311372 0.2645939393 0.1462835235 0.1584480756 0.1019348473 0.0997953206 0.1169867819 0.1046180346 0.1469625506 0.0720518563 0.0795804597 0.0994675281 0.1132536712 0.1386145538 0.0918353307 0.1083555720 0.1661851398 0.0757721248 0.1591559242 0.1448574335 0.1452750653 0.1190715633 0.1650355640 0.1267774396 0.1523319149 0.1649214562 0.1735837425 0.1619126030 0.3170037243 0.4532904698 0.6031974408 0.7691212900 0.8425329954 0.8486523968 0.7027445222 0.5390843260 0.2967303286 0.2166706770 0.2055898812 0.1537867784 0.1611883568 0.1237455630 0.1303424736 0.0919487228 0.1213386892 0.1203281781 0.0764728369 0.1630569906 0.1187285286 0.1678822233 0.1503725703 0.1558650918 0.1263820627 0.1795978845 0.1287047387 0.0871229456 0.1512674308 0.0935513197 0.1586831006 0.1439493913 0.0933180691 0.1471049615 0.1848477771 0.2071064990 0.3272367996 0.4762723949 0.6777069216 0.7987854161 0.8376626098 0.8462231571 0.6771360882 0.5132136508 0.3541771278 0.2560068097 0.1763602866 0.1322867416 0.1732891856 0.1173462176 0.1069695120 0.1633042575 0.1745598138 0.1208310267 0.1088679891 0.1382501208 0.1238042866 0.1170993919 0.1383686377 0.1491247986 0.1958724646 0.1016418468 0.1466039931 0.1643468414 0.1442827927 0.1276763186 0.1641713199 0.1486797114 0.1227155898 0.1614403337 0.1876418829 0.2628382507 0.2877037037 0.4533806669 0.6168446521 0.7896908433 0.8500375657 0.8815802242 0.6709161455 0.5379255776 0.3704867937 0.2935776722 0.1648825156 0.1700441490 0.1828514552 0.1604932827 0.1376176881 0.1402036498 0.1622728176 0.1140909794 0.1516267438 0.1735858254 0.1339681818 0.0860925254 0.1502668274 0.1644948463 0.1519911388 0.1291378061 0.1966400895 0.1375550726 0.1221720268 0.1624120491 0.1510559093 0.1204998541 0.1586699247 0.1484499651 0.1738223285 0.2195712313 0.3061945069 0.4870093631 0.6552243149 0.8254307051 0.8648946413 0.7731270879 0.7126863394 0.5443027807 0.3671140823 0.2712868462 0.1786378341 0.1358114383 0.1835439240 0.1597564237 0.1237915384 0.1796403036 0.1772797228 0.1275026098 0.1595116238 0.1416986511 0.1484188869 0.1893700298 0.1767625229 0.1752356473 0.1488487555 0.1755125524 0.1661293033 0.1438068272 0.1352938979 0.1290837671 0.1205810390
0.0795777665 0.1215185581 0.0729202250 0.1690340010 0.1226158627 0.1157020332 0.1035986735 0.0995957183 0.1550789849 0.2076754565 0.0583612348 0.1504827448 0.1267291634 0.1485297543 0.1835656172 0.1448801340 0.1744770845 0.3350347197 0.4509310875 0.6132550198 0.7579667581 0.8670275338 0.7705846375 0.7404940358 0.5449899109 0.3899654391 0.2049177147 0.1841453468 0.1351815588 0.1261552912 0.1433682713 0.1497117208 0.1336871878 0.1193893978 0.1214696107 0.1156226786 0.1177283397 0.0637603160 0.1119735074 0.1241383109 0.1387882270 0.1505951725 0.1399360932 0.1030853032 0.1362365603 0.1194891480 0.1261234779 0.1209549973 0.0936099042 0.1044368508 0.1148949531 0.2293450406 0.1880905843 0.3006239815 0.4345649515 0.5749738813 0.7863075851 0.8729179443 0.7885946960 0.7150995778 0.5657160052 0.4011970421 0.2781305917 0.1878508210 0.1160491763 0.1111445309 0.1668783522 0.1277767129 0.1384065317 0.1409236378 0.1455720179 0.1072568348 0.1440841338 0.1389799245 0.1130191806 0.1424928009 0.1109407481 0.1464867372 0.1018808569 0.1449618410 0.1194334420 0.1371822324 0.1555929413 0.1564068474 0.1106304920 0.1238442362 0.1466761251 0.1583318940 0.1778334597 0.2964310635 0.5093849099 0.6040120250 0.7970112514 0.8581061703 0.7718748729 0.6689800533 0.5266486433 0.4004406603 0.2589191249 0.2034178905 0.1654901051 0.1609142920 0.1168273079 0.1560210709 0.1030521191 0.1558038016 0.0894210288 0.1413460013 0.1488400571 0.1114909243 0.1732759909 0.1298571772 0.1156429680 0.1738974806 0.1156088608 0.1513595198 0.1191243912 0.0745178969 0.0752553581 0.1655438358 0.1478855500 0.1258541525 0.1138118981 0.1788920448 0.2156136350 0.3361001662 0.4941918946 0.6692254783 0.8234862332 0.8603562080 0.8113041710 0.6500975921 0.5040931423 0.3720522846 0.2818595997 0.2443025426 0.1087398895 0.1376369020 0.1656535061 0.1957209647 0.1712683663 0.1588053550 0.1063945436 0.0772704407 0.1521080461 0.1361769997 0.1861018777 0.1542692738 0.1223022738 0.1194295130 0.1168630234 0.1128211659 0.1417953853 0.1324535099 0.1273335217 0.1020038042 0.1475157592 0.1260508341 0.1464779186 0.2325079099 0.2358599335 0.2712924264 0.4417385156 0.6097508664 0.7575637133 0.8715306268 0.8301871114 0.6839634077 0.5459149845 0.3560716411 0.2603892467 0.2063744966 0.1570660998 0.1624181793 0.1643793166 0.1401887818 0.1201867658 0.1087166951 0.1558571682 0.1728489754 0.1200195422 0.1454683702 0.2002203114 0.2111204049 0.1652291381 0.1404376754 0.1121137797 0.1246691293 0.1259825791 0.1691611884 0.1732617732 0.1517907838
0.1323662605 0.1063836751 0.1260765750 0.0729285212 0.1837351686 0.0662976182 0.1898953946 0.0982439459 0.0825027475 0.1250213127 0.1187438297 0.1225183137 0.0574298175 0.1152492138 0.0973399114 0.1374722081 0.1577360354 0.2644901135 0.4190426792 0.5868860245 0.7480910887 0.8088095200 0.8382129131 0.7045573158 0.5635179545 0.3856145792 0.2487962143 0.1739372858 0.1333280487 0.1554235811 0.1435152200 0.1093153230 0.2024607872 0.0894951627 0.0933170532 0.1621739734 0.0999977980 0.1295948097 0.1426320861 0.0872789364 0.1542289795 0.1590329312 0.1658633268 0.1636706838 0.1154029055 0.1025527446 0.1353912785 0.1514468591 0.1666269668 0.1501756895 0.1394725579 0.1263163616 0.2295892188 0.2985425929 0.4407711808 0.5788534353 0.7082969110 0.8346276142 0.7850172791 0.7579380032 0.4885535609 0.3729889078 0.2367032367 0.1976377278 0.1915247785 0.0877952672 0.1152677638 0.1287276856 0.1226611396 0.0757626046 0.1011633095 0.1723466609 0.1844225802 0.1167127711 0.1237940077 0.1351371492 0.1842991163 0.1325815269 0.1228976532 0.1320252054 0.1582203797 0.1715109436 0.0589783529 0.1367974778 0.1269378291 0.1171673130 0.1671037477 0.1425603520 0.1950431911 0.2207219442 0.4268543085 0.6204470905 0.7300273245 0.8842182645 0.8505729435 0.7183011824 0.5488277296 0.4271057441 0.2698059685 0.1802725274 0.1760514183 0.1023491781 0.1023774169 0.2023743009 0.0941565548 0.0731543757 0.1604329458 0.1206414794 0.0765710815 0.1716263621 0.1366071539 0.1694088257 0.1066664871 0.0793938385 0.1728371200 0.1377556315 0.1503599521 0.1796848885 0.1377339823 0.1606264794 0.1718559519 0.1190517574 0.1347942599 0.1566223008 0.2210714257 0.2512484571 0.4824589962 0.6246998839 0.7631451188 0.8236941680 0.8256398657 0.7512508582 0.5526199226 0.3735119614 0.2356016732 0.2044659371 0.1931889742 0.1568602507 0.1439270109 0.1671405014 0.1664269643 0.1066188681 0.1442507965 0.1519272840 0.1149669871 0.1890145729 0.1532009475 0.1554331407 0.1155864811 0.1446375930 0.0736289743 0.1359154939 0.1440702544 0.1092539599 0.1620043095 0.1344596459 0.1697075584 0.1187007116 0.1576795250 0.1930504121 0.1665790615 0.2905912637 0.4547357134 0.6519265420 0.7961397430 0.8282044762 0.8872578759 0.7216510418 0.5193064941 0.3647682490 0.2978481297 0.1903926539 0.2011072708 0.1566612712 0.1398922803 0.1143877617 0.1529233662 0.1541052629 0.1378460334 0.1500999496 0.1758753520 0.1452528546 0.1157325895 0.1594433931 0.1601873138 0.1888062740 0.1752231247 0.1302715173 0.1379640292 0.1413586783 0.1517666375 0.1652485033
0.1400601161 0.1146813874 0.0936585798 0.1088737697 0.1311270888 0.0965384503 0.1293802997 0.0694363952 0.1152849502 0.1037721811 0.0835624146 0.1367075817 0.0805536885 0.0939530044 0.1636163677 0.1711248262 0.2073752172 0.2909570952 0.4021671518 0.5584049029 0.7794083926 0.8584463790 0.8654979639 0.6951920325 0.5432643841 0.3956410407 0.3104912504 0.2382105459 0.1493521727 0.1447952946 0.1475114061 0.1156845379 0.1639404496 0.1249718818 0.1209818670 0.1616681469 0.1195405762 0.1201182466 0.1346492802 0.1859155701 0.1564159395 0.1601485900 0.1490380348 0.2059011986 0.1291579504 0.1061570716 0.1250779079 0.0866009386 0.0886420185 0.1194238773 0.1463367695 0.1565318385 0.2434604827 0.2667831442 0.4413845257 0.6228924749 0.7150472893 0.8490232136 0.8016531021 0.7185635876 0.5543015840 0.3995779239 0.2382818404 0.2290252424 0.1898239685 0.0932177866 0.1504033420 0.1009656486 0.1508401271 0.1170106501 0.1310809102 0.1098316292 0.1512572082 0.0887249591 0.1497537536 0.1722549300 0.1524973076 0.0869675336 0.0712701624 0.1415446358 0.1171584940 0.1359239089 0.1598742677 0.1562279326 0.1392674955 0.1450397954 0.1391379873 0.1450402735 0.2231488126 0.3098967783 0.4388202765 0.5701000430 0.7636451659 0.8319050189 0.8542536616 0.7519482229 0.5846575650 0.4516770514 0.2515561375 0.1984766103 0.1301714809 0.1462582510 0.1262429809 0.1200238654 0.1689883521 0.1344226404 0.1666764643 0.1177100642 0.1459374797 0.1882957356 0.1295416679 0.1237544086 0.1144735237 0.1426727864 0.1539134466 0.1824406078 0.1216589925 0.1722399078 0.1002108261 0.1439096397 0.1691729921 0.1103323576 0.1344754437 0.1734081660 0.2013235111 0.2787024916 0.4487606630 0.6123704399 0.7967458872 0.8130576262 0.8586505473 0.7214518768 0.5640336093 0.4232695506 0.2949194988 0.2588929162 0.1686143147 0.1547878250 0.1302280757 0.1328031867 0.1131854178 0.1687180233 0.1876103557 0.1649387877 0.1076738963 0.1068618087 0.1335034215 0.1548131662 0.1058558642 0.1282811723 0.1530506897 0.1474202460 0.1395106373 0.1993640014 0.1416095566 0.0991238089 0.1518414020 0.1540574104 0.1429009657 0.1504917919 0.2474897576 0.2562910955 0.3592704149 0.6008776205 0.7348021548 0.9348809155 0.8075274398 0.7260463379 0.5685219837 0.4542526713 0.2842392994 0.1774991560 0.1577483620 0.1320272918 0.1351482448 0.0965595743 0.1468737002 0.1162712323 0.1059751810 0.1409374514 0.1079556457 0.1473593047 0.1283499072 0.0962944917 0.1257599276 0.1530882227 0.1613496860 0.1533018848 0.1582324525 0.1450672828 0.1147624147 0.1687229042
0.1834653164 0.0869922066 0.1198148125 0.1124747159 0.0804734560 0.1094482167 0.0984284338 0.1482391478 0.1287736692 0.1228429744 0.1285960657 0.1714134593 0.1243007946 0.0902568946 0.1311527634 0.1140164913 0.1482645959 0.3098452102 0.4191049672 0.5936017865 0.7099530490 0.8172466585 0.8564829147 0.7182709060 0.5609764681 0.3615488061 0.2830086163 0.2555963302 0.1681659513 0.1144049846 0.1327082948 0.1268110807 0.1101957380 0.1508398842 0.1235676312 0.1417302433 0.1687538342 0.1246886237 0.1326043351 0.0824437873 0.1239727000 0.1422679130 0.1242623315 0.1262439845 0.1394028755 0.1601352099 0.1274804154 0.1659921633 0.1402956361 0.1243878969 0.1709281733 0.1153768818 0.1962886580 0.2278872618 0.4592397822 0.5819437196 0.6823582625 0.8221134800 0.9002059954 0.7560050915 0.6411893815 0.4504097183 0.2786331891 0.1977748891 0.1239915289 0.1260149353 0.1518717322 0.1448521936 0.1254160170 0.1075948164 0.1281420307 0.1140126619 0.1399213567 0.1536561710 0.1886620793 0.1404796937 0.1810757243 0.0983467683 0.2124817914 0.1284323625 0.1719506312 0.1948178083 0.1521526235 0.1489859661 0.1536060616 0.1247558867 0.1913524974 0.1732165612 0.1562403411 0.2590043514 0.3901889707 0.5764479116 0.7077394051 0.8195203291 0.8477577504 0.7233912188 0.6070864597 0.4834024207 0.2667187567 0.1779450220 0.1732000438 0.1705135826 0.1199492666 0.1033513096 0.1435782808 0.1404333045 0.1232824018 0.1271164891 0.1262891399 0.1094624399 0.1228158037 0.0782024055 0.2051346609 0.1359916084 0.1080876080 0.1106137652 0.1130409283 0.1451354834 0.1044806348 0.0901094439 0.1674986303 0.1322176918 0.1689675283 0.1645396363 0.2390662690 0.3160917632 0.3750714749 0.5892960711 0.7113084803 0.8656588010 0.8636466822 0.7286133739 0.5715380908 0.4240625664 0.2790598060 0.2311644044 0.1701058391 0.1461264533 0.1269769465 0.1485233874 0.1221977328 0.0784420346 0.1521629882 0.1032508413 0.1078134989 0.1460667661 0.1804432376 0.1256524213 0.1092189335 0.1236918542 0.1812421551 0.1376492647 0.1275105770 0.1614442461 0.2239773169 0.1480460722 0.1390695247 0.1662377604 0.0967745803 0.1760255000 0.1807561719 0.3253813581 0.4797766783 0.5648260590 0.7446891207 0.8667433570 0.8507522828 0.7666336471 0.6077334607 0.4455529153 0.3236866713 0.2962414335 0.1860530841 0.1725356060 0.1703621646 0.1213822674 0.2111290523 0.1354388250 0.1603548987 0.1525409499 0.1111492109 0.1387617978 0.1319084706 0.1218492003 0.1498590697 0.1374835343 0.1131776106 0.1420603537 0.1182063461 0.1594853998 0.1384186274 0.1908102346
0.1643383195 0.0748878043 0.1040081357 0.0974622129 0.1288801401 0.1268830810 0.1718805178 0.1434557078 0.1133091845 0.1755387365 0.1574837457 0.0944939010 0.1395249363 0.1384295185 0.1351506806 0.1049865527 0.2087472414 0.2308011518 0.4709590936 0.5205251175 0.7367833470 0.8191628852 0.8536956149 0.7724890612 0.6684135386 0.4693440507 0.2721271689 0.2179712929 0.1956280700 0.1447913311 0.1769984748 0.1000470074 0.1085116077 0.1859179371 0.1233747585 0.1371132091 0.1645637134 0.1549038770 0.1729572580 0.1563087769 0.1909119931 0.1641002910 0.1206711571 0.1988803024 0.1184463981 0.1120879011 0.1030312101 0.1812536957 0.1710283524 0.1739640143 0.1297844027 0.1605087482 0.1752143971 0.2471077907 0.3542508853 0.5427133420 0.6842967574 0.9175160989 0.8555379251 0.7530062239 0.6030051846 0.4212411066 0.3199643393 0.2534876342 0.1812564012 0.1256059499 0.1622760383 0.1390853876 0.1862249906 0.1393531486 0.1355855245 0.1495458714 0.1261489841 0.1694066848 0.1176963195 0.1721733276 0.1509698764 0.0954867346 0.1152560736 0.1437549923 0.1160594793 0.1676083102 0.1026606221 0.0980265782 0.1570862024 0.1253002427 0.1702110828 0.1355960357 0.1668519840 0.2429086000 0.3525335281 0.5892721445 0.7044212418 0.8483627364 0.8210055513 0.7436690075 0.5797396616 0.4147414532 0.3451276578 0.2359783227 0.1320070523 0.1267302541 0.1874158044 0.1509959827 0.1644922475 0.1697323550 0.1402479132 0.1138996838 0.1408437570 0.1505228244 0.1645680636 0.1684366488 0.1841123832 0.1849441113 0.1311422702 0.1421903056 0.1654831101 0.1160231689 0.1751547425 0.2040822641 0.1347581616 0.1694644451 0.1624775230 0.2329739310 0.2159880280 0.3250918964 0.4066341335 0.5437518195 0.7804387776 0.8438500870 0.8540012566 0.7901164411 0.5846795551 0.4758785159 0.2948041088 0.2790978038 0.2173658528 0.1495970843 0.1894444844 0.1156717194 0.1465255180 0.2144794146 0.1800793903 0.1706972504 0.1600616928 0.1263373341 0.1626470874 0.1493532686 0.0967614151 0.1797654362 0.1034539231 0.1988630314 0.1440605434 0.1089091370 0.1355637134 0.1365468753 0.1394787293 0.1423225841 0.1623042906 0.1594456059 0.1845312966 0.3377251298 0.3982862669 0.5443162734 0.7047462182 0.8658276144 0.8940366906 0.7641571927 0.6366835662 0.4352610378 0.3098630277 0.2836546520 0.2173291752 0.1581803021 0.1427963256 0.1194150357 0.1776198966 0.1956942409 0.1577970310 0.1650215478 0.2060138445 0.1991310276 0.1017638763 0.1394118373 0.1779908834 0.1826825028 0.1397623567 0.1481511287 0.1824312705 0.1031821707 0.1296048468 0.1833200546
0.1245215867 0.0829232343 0.1501705356 0.1213136326 0.1498527254 0.1379980830 0.1591264771 0.1135750513 0.1279072991 0.1387177009 0.1272354713 0.1311058527 0.1469043470 0.1299948145 0.1436412655 0.1906912378 0.2390523165 0.1773514993 0.3402322903 0.5871623415 0.7201532239 0.8237411366 0.8249761142 0.8100110851 0.6668216605 0.4335511508 0.3496354654 0.1956850035 0.1414293137 0.1469641040 0.1673730061 0.1910559178 0.1164490227 0.1345922026 0.1467746991 0.1820140631 0.1476914411 0.1374555347 0.1384239575 0.1756482960 0.0901221386 0.1450386462 0.1149215394 0.1265821147 0.1589854374 0.1533721551 0.1215164396 0.1176198821 0.1694659379 0.1722271837 0.1727276103 0.1947095986 0.2537001050 0.2933244333 0.4104687912 0.5255311748 0.7570520425 0.8275707227 0.8635568078 0.7937250524 0.6549676315 0.4368324410 0.3789851677 0.2436128918 0.1714312204 0.1987144781 0.1902166150 0.1519112440 0.1312460668 0.1264427511 0.1614099068 0.1837509901 0.1897928932 0.1910776733 0.1321842272 0.1459933725 0.0985928683 0.1304051258 0.1628421456 0.1573401785 0.1548589075 0.1488705649 0.1487444100 0.1596535808 0.1638707111 0.1732858419 0.1550469468 0.1517231497 0.1816559656 0.3049543969 0.3738977687 0.5658477957 0.7501139327 0.8071358936 0.8452568994 0.7969441080 0.6331358440 0.4935910715 0.3145978571 0.2493673022 0.1505047415 0.1748753879 0.1885923804 0.1527792787 0.1463528483 0.1348007767 0.1203255964 0.1756819638 0.1460505335 0.1099347968 0.1436757660 0.1929634720 0.1306692513 0.1476172997 0.1642553960 0.1353496740 0.1179108415 0.1777528446 0.1130459713 0.1366500971 0.1922036262 0.2256513287 0.2228097255 0.2167221852 0.2100842364 0.2503649788 0.4112950015 0.5808562278 0.6562479266 0.8198562592 0.8539562131 0.8067440649 0.6516734513 0.5337636878 0.3525512015 0.2545099907 0.2144949894 0.1888588482 0.1756453826 0.1271432129 0.1860233973 0.1781392704 0.2041450727 0.1367372292 0.1665658776 0.1784088719 0.1605276018 0.1815998514 0.1241322548 0.1056461308 0.1342219093 0.1809077754 0.1893546293 0.1543827154 0.2039999818 0.1542935620 0.1558751227 0.1909552471 0.2020673988 0.2136617613 0.1955782365 0.2911552438 0.3470873076 0.5354879584 0.7434633084 0.8077485734 0.8391252909 0.7533490333 0.6744413308 0.4888588680 0.3444582014 0.2187798370 0.2346217476 0.1805245136 0.2018154035 0.2016722166 0.1615483944 0.1557314497 0.1876376192 0.1554973467 0.1438821786 0.1462477597 0.2302500100 0.1832736366 0.1939014876 0.1407648639 0.1704143914 0.1294070631 0.1472160041 0.1526156450 0.1987153297 0.1393327061
0.1686510441 0.0711918421 0.1441086281 0.1337577387 0.1118055554 0.1353530703 0.1878164988 0.1762230016 0.1668748393 0.1169603516 0.0972619908 0.1483172398 0.0916384460 0.1101720891 0.1796642356 0.1440157486 0.2259682494 0.2727327633 0.3970402177 0.5600851318 0.7116887682 0.8364655863 0.8266011800 0.8019966842 0.6812692794 0.5225959407 0.3805456006 0.2586467111 0.1838300207 0.1882744902 0.1421175751 0.1540261593 0.2291105872 0.1495891634 0.1855385879 0.1397538371 0.1635153473 0.1642693490 0.1426921271 0.1914504466 0.1618252169 0.1161980841 0.1633720344 0.1186817044 0.1586807676 0.1259961705 0.1882638498 0.1671215942 0.1868261677 0.1849621571 0.1260730217 0.1840013757 0.1719550931 0.2518217223 0.3939222073 0.5087984088 0.7067989496 0.8265785194 0.8377879719 0.8144530921 0.6481724534 0.5059321448 0.3408412710 0.2532426224 0.2292496636 0.1247271772 0.1572314235 0.1848132688 0.1201367549 0.1471952115 0.1923159598 0.0811397468 0.1190965042 0.1546667848 0.1422687508 0.1615108486 0.1348015594 0.1610773892 0.1387697258 0.2098921818 0.1672901103 0.1382754567 0.1460835991 0.1768147948 0.1424006981 0.1099268815 0.1902592227 0.1819378432 0.1826891100 0.2564431059 0.3545265769 0.5769245522 0.6870001013 0.8584802142 0.8857737980 0.7846679093 0.6555737598 0.4963912317 0.3570004842 0.2782318369 0.1904184503 0.1992415952 0.2091079254 0.1630867481 0.2166177437 0.1580243663 0.1771634816 0.1660247056 0.1305582816 0.1203629139 0.1577409724 0.1622506019 0.1750497633 0.1247902522 0.0746041657 0.1381858463 0.1586832958 0.1476441187 0.1706329403 0.1515514888 0.1719566538 0.1373153444 0.1940920463 0.1669245807 0.1970365451 0.2869497873 0.3745906675 0.5897549999 0.7528326509 0.7886288835 0.9062703622 0.8127781206 0.6601513875 0.4759364746 0.3104321009 0.2979142360 0.2155244974 0.2208958997 0.1788836207 0.1738223070 0.2083851566 0.1456805068 0.1788182620 0.2057052301 0.1367155651 0.1860729742 0.1523712585 0.1702762306 0.1207394119 0.1899897182 0.1863774511 0.1756749243 0.1221673153 0.1266333311 0.1230293500 0.1729382214 0.1954750428 0.1815568957 0.1640714484 0.2105904924 0.2355487803 0.2839141594 0.3978114112 0.5451099476 0.7025157501 0.8499823404 0.8828634255 0.8664537695 0.6699176871 0.5258604997 0.3573350523 0.2653108660 0.1422335304 0.1360708443 0.2345033980 0.1478938543 0.1880882564 0.2199148413 0.1704644357 0.1826296749 0.2072172272 0.2331705651 0.1682610506 0.2127878764 0.1583105353 0.1854391992 0.1452165923 0.2034121447 0.2177680532 0.1926593004 0.1444378332 0.1954253944
0.1332720392 0.1515929361 0.1655312287 0.0928287766 0.1943030249 0.1740219940 0.0949239221 0.1691659345 0.1610950777 0.1607518657 0.1489467933 0.1454547882 0.1420580837 0.1775964083 0.1872188653 0.1369920214 0.2364458371 0.2439575337 0.3803513563 0.5399772755 0.7012740864 0.8202089900 0.8576996117 0.8126265584 0.7127221322 0.4733671619 0.3560772870 0.2893078256 0.2011049312 0.1550263369 0.1428035138 0.1618699786 0.1293866466 0.1874553679 0.1223700319 0.1830044424 0.1486063275 0.1959921610 0.1480034009 0.1437759736 0.1816676188 0.1819449310 0.1192034624 0.1749341245 0.1661745440 0.1436161155 0.2176164121 0.1620826566 0.1947031700 0.1263208432 0.1870794583 0.1752973025 0.2155653339 0.3275188545 0.3965586727 0.5162844707 0.6477044385 0.8478576539 0.8082582012 0.7994740020 0.6598333086 0.5043451396 0.3532250145 0.2527493812 0.1655441168 0.2006390417 0.1461873799 0.1629845636 0.1637018415 0.1792867576 0.1838086227 0.1932275475 0.1628098012 0.1295577369 0.1943008954 0.1361917559 0.1361979913 0.1473048951 0.1451428198 0.1452017716 0.1470657393 0.1543595984 0.1242473061 0.1844023470 0.1606531915 0.1835822275 0.1648546075 0.1929991720 0.2044365212 0.2415774147 0.3756811274 0.4995718069 0.7051264440 0.8167179958 0.8794707751 0.8707771575 0.7120978201 0.5291923490 0.3378958305 0.3030883882 0.2271125400 0.1186978745 0.1917479726 0.2079960768 0.1651305972 0.1234704109 0.2110775127 0.1329046958 0.0759883963 0.1498859587 0.1850049976 0.1720535763 0.1283214460 0.1755249401 0.1274058626 0.1735308669 0.2171463742 0.1470742837 0.1878682906 0.1533141936 0.2007239446 0.1215396851 0.1969042306 0.2194682385 0.1596451904 0.3211756125 0.3894553201 0.4612379408 0.6759389071 0.8692327213 0.8978865800 0.8224626519 0.6535811764 0.5828952597 0.4463968131 0.2696561926 0.1783173188 0.1630491897 0.1815778143 0.2062620692 0.1825603680 0.1554269394 0.1669093612 0.1530448039 0.1602653174 0.1541663546 0.1729210709 0.1675571409 0.1751862267 0.1940712277 0.2022995184 0.1603299342 0.1844515274 0.1997785966 0.1781884795 0.1144382247 0.1446087848 0.1409131903 0.1950684824 0.2006574076 0.2371670197 0.2403385488 0.4093011340 0.5614716156 0.6861414967 0.8154366560 0.9104560158 0.8489002119 0.7185592479 0.5124594839 0.3748897486 0.2757450453 0.2321061305 0.2247035545 0.1771914736 0.1255577052 0.2035984224 0.1622069000 0.1755577697 0.2115919604 0.1341349082 0.1503130484 0.1661007128 0.1260152259 0.1925016652 0.1672018744 0.1847072304 0.1858475954 0.1745444322 0.1621536986 0.1986852333 0.1979379222
0.2001401691 0.1492732836 0.1616922373 0.1997847303 0.1963849934 0.1389137004 0.1628327645 0.1372601919 0.1596075201 0.1490127776 0.1707096245 0.1350545737 0.1702270283 0.1291393697 0.2125031671 0.2134149094 0.2226092976 0.2396559359 0.3481876093 0.5350148394 0.6684406125 0.8503869265 0.8664667195 0.8360489567 0.6794788345 0.5572530451 0.3188079634 0.2594542270 0.2425185160 0.1811799761 0.2038720180 0.1864179687 0.1300711562 0.1412201609 0.1898133307 0.1450791214 0.1703111336 0.1126240650 0.1153907719 0.1794902963 0.1702563119 0.1638392036 0.1658009240 0.2105227526 0.2049524101 0.1163678569 0.1991335109 0.1853869003 0.1496218608 0.2264369986 0.1184213044 0.1826978278 0.1774133545 0.2527871734 0.3938628791 0.4866240849 0.6602122466 0.8053985076 0.8274176966 0.8253065370 0.6962934139 0.5595643512 0.3861564816 0.2665518765 0.2535223081 0.1599064643 0.1734591269 0.1331997961 0.1901353191 0.1609492382 0.2013332075 0.1971523593 0.1702236399 0.1305776869 0.1985070974 0.1172541229 0.1447387711 0.1454127541 0.1577083943 0.1997012997 0.1600573203 0.1327766773 0.1587896962 0.1697685361 0.1623851980 0.1867065701 0.1866568780 0.2089409034 0.2019276490 0.2956043965 0.3589778621 0.4971807243 0.6648069542 0.8193042140 0.9134021320 0.9043102393 0.7131032864 0.5364580993 0.3629713629 0.2728018964 0.1758027658 0.1810221808 0.1899817134 0.1888947791 0.1462637937 0.2001059654 0.1722516484 0.1640015392 0.2273770061 0.1707579420 0.1825105957 0.1772146529 0.2009583916 0.1226534821 0.1573177817 0.1713345023 0.2030875802 0.2004644165 0.1955248393 0.1604509930 0.2014462515 0.1787977471 0.1583482462 0.1670467979 0.2422562949 0.3252515413 0.3598797229 0.5321335626 0.7049435394 0.7681159205 0.8650507246 0.8269660330 0.7404681441 0.5384869679 0.3876584630 0.2878774826 0.2440083486 0.2325811244 0.1749890657 0.1799322850 0.1896024023 0.1719874762 0.1981419373 0.2057502049 0.1434254112 0.1761550334 0.2106184061 0.1597593759 0.1536826069 0.2023990137 0.2058630414 0.2179541693 0.1620377844 0.1365994362 0.1554746570 0.1605148085 0.1994623382 0.1589499774 0.1671684897 0.1928594497 0.2196769073 0.2195607197 0.3599381662 0.5596883619 0.7107232105 0.7968215957 0.8809015688 0.8756122247 0.7422259264 0.5938564183 0.4618930063 0.2894038579 0.2357808016 0.1984590441 0.1909462417 0.1792691799 0.1956700299 0.1716212657 0.2166981459 0.1407851126 0.1534825199 0.1802517883 0.1237084250 0.1846867084 0.1580807864 0.1739056748 0.2055842814 0.2115805009 0.1877443602 0.2290266429 0.1661199026 0.1713789726
0.1696023796 0.1316300082 0.1657501003 0.1873845029 0.1189483876 0.2269146997 0.1351348231 0.1255108378 0.1790667027 0.1380635505 0.1834957255 0.1770710769 0.1963270937 0.1860634040 0.1606082903 0.2462608465 0.2057033381 0.2350649977 0.3118682564 0.4884907890 0.7117342805 0.8523041357 0.8722794065 0.8926022651 0.7332000571 0.5554331547 0.4573143227 0.2791010281 0.2623095723 0.2173211225 0.1540623418 0.2297231549 0.2047373852 0.1563016850 0.2112226585 0.1404715617 0.1719957264 0.2019137319 0.1690232527 0.1615822113 0.1686938022 0.1788637056 0.1139754394 0.1625962087 0.1841226819 0.1633734470 0.1756477460 0.1813530911 0.2191525458 0.1432502221 0.1597663806 0.2264053919 0.2341617874 0.2718369820 0.3473293711 0.5161474606 0.6444993748 0.8054300797 0.9025221617 0.8298297942 0.7396285673 0.5533371138 0.4361810356 0.2984158380 0.1929598591 0.2028819749 0.1919860448 0.1825233896 0.1999209091 0.1690977501 0.1744157081 0.1620798225 0.1433089258 0.2138253379 0.1983976121 0.1272650865 0.1207853550 0.2098973637 0.1348694551 0.1892544093 0.1688101083 0.1575962981 0.1680850437 0.1986646556 0.1912676958 0.2299450649 0.2252156544 0.1635710229 0.1396033315 0.2870070136 0.3860261721 0.4517616266 0.6749526976 0.8103655771 0.9136717550 0.8759215176 0.7609406298 0.5844555592 0.4037446449 0.3379669694 0.1641171511 0.2010204851 0.2234891315 0.1928837633 0.2069092214 0.1979182184 0.1684642189 0.1374183730 0.1792433365 0.1628322099 0.1460254024 0.1759801246 0.1771803755 0.1074657467 0.1678188942 0.2201317221 0.1654947739 0.1931711117 0.1579198681 0.1929340230 0.1688120985 0.2157721565 0.2094404448 0.2135837319 0.2087400921 0.2405068441 0.3450356950 0.5528266816 0.6774444827 0.8430825225 0.8658702710 0.8998184833 0.7817720255 0.5547442272 0.4769735956 0.3305068120 0.2045978141 0.1392898749 0.1815915260 0.1958487916 0.2387940592 0.1730462217 0.2397980100 0.1864107224 0.1628959666 0.2144756014 0.1705444728 0.1849412320 0.1873095724 0.1993091323 0.2267776004 0.1845906702 0.2120596299 0.2008134697 0.2083429584 0.1396610796 0.1885556169 0.2223087750 0.2046599219 0.2157241861 0.2648433797 0.3045051513 0.3526205774 0.4551008347 0.6063616248 0.8083058337 0.9169352104 0.8911801491 0.7031117515 0.5914835781 0.4614954104 0.2902782910 0.2614928753 0.2077208484 0.1968310082 0.1705653078 0.1735665180 0.2009316326 0.1404428674 0.2282392162 0.1911809664 0.2416933550 0.2026829511 0.1903282268 0.1942218282 0.2079389807 0.1745706489 0.1830521240 0.2368534816 0.2571166402 0.2136707262 0.1293589257
0.1735484936 0.2011744936 0.1390563790 0.1608071785 0.2059649605 0.1827484807 0.1672540596 0.0953303533 0.1749254614 0.1697791946 0.1810637350 0.1716930040 0.1839103906 0.1759380750 0.1740713417 0.2004814136 0.1988428569 0.2356555499 0.2964220998 0.5248227522 0.6759625024 0.7726554611 0.8526383047 0.8862381365 0.7418275531 0.5831826047 0.4027393188 0.3265996615 0.1918769281 0.2447044912 0.1934357063 0.2257212973 0.1703162345 0.1360464895 0.2168302310 0.1474141889 0.1502759096 0.1432409870 0.2433889526 0.1600047156 0.1813342130 0.1298734816 0.1621451706 0.1647487221 0.1229731924 0.1256924168 0.1739957397 0.1460859138 0.1567424724 0.1854137573 0.1607729075 0.1860764444 0.1945826071 0.2756395873 0.3578045827 0.4883228554 0.6696818624 0.8200694091 0.9312827392 0.9057743601 0.7527309283 0.5887565218 0.4346018381 0.3107853754 0.2765225350 0.1850774573 0.1414694100 0.1447602900 0.1528599517 0.1877023470 0.2336309371 0.1953822929 0.1499628950 0.1883855050 0.2000712295 0.1864628519 0.1540442298 0.1916192259 0.1856038480 0.1850405704 0.1889530786 0.2031525286 0.1928463105 0.1599563004 0.2001909987 0.1797277925 0.1587412268 0.1679627173 0.2180166205 0.3021815515 0.3443910097 0.4663378677 0.6192759194 0.8084635317 0.8858141892 0.8655960669 0.7772062790 0.5332246937 0.4613182800 0.3638767010 0.2453791979 0.1895929932 0.1931329853 0.2149055828 0.1810184104 0.1924415132 0.1615654713 0.1905114957 0.1877363681 0.1544166490 0.1772418948 0.2224987606 0.1537643695 0.1683524914 0.2195743345 0.1973506387 0.2004912802 0.1823693123 0.1498856458 0.1664410451 0.1481020918 0.1856078308 0.1916810483 0.1381928218 0.2561324705 0.2600935482 0.3500648630 0.5372129423 0.6837677898 0.8010768608 0.9218441380 0.8847371088 0.7744848834 0.5340340306 0.4838833725 0.3446550406 0.2405723485 0.2047374552 0.2448381856 0.2160280006 0.1714989366 0.2293054215 0.2187399054 0.1946038447 0.2440554140 0.1596576569 0.1696634924 0.1639343724 0.2130570134 0.1639406806 0.1737888481 0.1656012294 0.1762064434 0.2143836499 0.2061451061 0.1529539775 0.1930223756 0.1786482733 0.2030713684 0.1866568804 0.2355482169 0.2821686170 0.3559374738 0.4698204484 0.6940701057 0.8134988626 0.9001346298 0.8535739261 0.7776041884 0.5110924753 0.4102713024 0.3673482536 0.2152051391 0.2433502883 0.1907359696 0.2020385121 0.1955690771 0.1556176601 0.1639013825 0.2099190677 0.2100218230 0.1850828104 0.1727411653 0.2353834984 0.1839806832 0.2349147611 0.2573154272 0.1832766120 0.2155419642 0.1535231755 0.2181656330 0.1823307826
0.1603251411 0.1833010909 0.1376868848 0.1486069774 0.1327057797 0.1690490798 0.1663292485 0.1709439509 0.1769776751 0.1461207744 0.1271650789 0.1869965218 0.1258712666 0.1903188352 0.1198984083 0.1686795905 0.2395952859 0.2065890323 0.3016187244 0.4536465361 0.6510806616 0.7740906748 0.9023250224 0.8661766953 0.7769553668 0.6420107703 0.4109925561 0.3440308440 0.2379550169 0.2111336467 0.1620704520 0.1965254241 0.1364041129 0.1521315004 0.1803087382 0.1794909739 0.2153018372 0.2053476077 0.1405443934 0.1609986995 0.1795337688 0.2031997743 0.1720610509 0.1550585612 0.1758058139 0.1681560748 0.1353842095 0.1514018294 0.1840265639 0.1651427461 0.1213498198 0.1858626727 0.2347171933 0.2072289348 0.3070427638 0.5082143125 0.6051983898 0.7763316144 0.8610100353 0.8351014408 0.6990230825 0.5897915385 0.4274003484 0.3278938833 0.2361158308 0.2183886016 0.1554476802 0.1424936647 0.1705035697 0.1632546651 0.1933253455 0.2205292495 0.1631125614 0.1551651846 0.1380986076 0.1309711004 0.1712267167 0.1635492819 0.1313488636 0.1548788773 0.1667276120 0.1506430306 0.1859998233 0.1417862086 0.2160861454 0.1791500981 0.1763525688 0.1875028931 0.2379687879 0.2356029326 0.3192095445 0.4894788569 0.6595854977 0.7784991448 0.8878805420 0.8116618987 0.7951706706 0.5963275902 0.4437342015 0.3663030220 0.2260753322 0.1882464532 0.2107953522 0.1917161729 0.1917813061 0.1532101080 0.1886902460 0.1749701923 0.1399265306 0.1662125965 0.1930210222 0.1713752717 0.1596611891 0.1830101503 0.1700952966 0.1591887103 0.1426378812 0.1714061012 0.2249660558 0.1675128650 0.1585643973 0.1968339510 0.1921001717 0.1688995449 0.2095569722 0.2711005732 0.3329167000 0.4568023162 0.6799205724 0.8258609645 0.8540997970 0.8427050141 0.7216418578 0.6294393778 0.4089091202 0.2995401207 0.2323855067 0.2333452656 0.1830017277 0.2447537387 0.1639769428 0.1779059499 0.1937237380 0.1507114525 0.1811679292 0.2129412056 0.1856708422 0.1633852739 0.2202504982 0.1971533792 0.1457900373 0.1794944014 0.1865239554 0.2035829121 0.2119056554 0.2038643424 0.1721116396 0.1700766666 0.1983123848 0.2172843460 0.2000245794 0.2489490551 0.3542052893 0.4167901762 0.6628547142 0.8001305609 0.9047219480 0.8459819496 0.7071029609 0.5950786805 0.4204770810 0.3151781573 0.2911676857 0.2378657278 0.1653616566 0.1548721282 0.1346841076 0.2021211013 0.1962731425 0.1590824943 0.2179499115 0.2049214994 0.1978977287 0.1978490896 0.2297601471 0.1510755167 0.1830721429 0.2143372877 0.2247595579 0.1906547044 0.2375242449 0.1794665750
0.1869364466 0.1626213916 0.1624449037 0.1684664875 0.1121150053 0.1616339481 0.1483991004 0.1842312070 0.1518971072 0.1277234243 0.1982135495 0.1237110654 0.1741369069 0.1385173852 0.1726559549 0.1515029782 0.1961802037 0.2205613952 0.3223201520 0.4256039444 0.6362094437 0.7711575686 0.8888630655 0.8582806000 0.8075790926 0.6322470720 0.4387527388 0.3046282229 0.2640812167 0.1750594085 0.1758987026 0.1317458215 0.1806880355 0.1461018816 0.1251157877 0.1694577449 0.1267806490 0.1654354921 0.2160164608 0.1584765537 0.1983616272 0.1447636722 0.1065911197 0.1724622639 0.1514123327 0.1487839979 0.1621748091 0.1225912951 0.1896689980 0.2122962614 0.1595204828 0.1681169919 0.1817698738 0.1853396380 0.3507769583 0.4385958381 0.5730626068 0.7497655272 0.8867451964 0.9234711790 0.7481941112 0.6198349648 0.4356768949 0.3048874426 0.2081309052 0.2426100384 0.1619446187 0.2029227512 0.1524669719 0.1588049180 0.2020616242 0.1287372329 0.1780859730 0.1486343448 0.1726501046 0.1451778197 0.1980872623 0.1672502568 0.1423675565 0.1704652175 0.1620769844 0.1183221876 0.2273516563 0.1556125392 0.1434776313 0.1891293876 0.1328390724 0.1718946958 0.1496083900 0.2500925619 0.3588119213 0.4519327788 0.6099617973 0.7596493030 0.8426555893 0.8824646388 0.7926535336 0.6419633886 0.4584857739 0.3185055192 0.1783519340 0.2361239557 0.1195242575 0.1718702314 0.1465332924 0.1823767674 0.1877017946 0.1250122488 0.1975854030 0.1800918744 0.1889575214 0.1811741767 0.1906866409 0.2045078613 0.1819670576 0.1437319754 0.1277850229 0.2161875511 0.1135931790 0.2011446659 0.2063491131 0.1778393880 0.1604522363 0.2118746037 0.1717974877 0.2483053068 0.3489000559 0.4571011219 0.6134123188 0.7649375487 0.8821444753 0.8582196994 0.7933532025 0.5751687450 0.4861657289 0.3487914088 0.2426942695 0.2363002465 0.1747678175 0.1457433824 0.2195869929 0.1834179890 0.1871095799 0.2037959513 0.1585466696 0.1576719204 0.1765738148 0.2196853419 0.1731100898 0.2157554666 0.1557021517 0.1392754087 0.1556113518 0.1946941032 0.1873653905 0.2203119671 0.1623544781 0.1710073779 0.1951832558 0.1710896162 0.2243024604 0.2568254234 0.3668217210 0.4485538856 0.6520168168 0.7683041088 0.8643671090 0.8787813583 0.7721419392 0.6493406815 0.4332754712 0.3597764252 0.2775297448 0.2588522361 0.2618350710 0.2212539866 0.1372382762 0.2067772993 0.1857981575 0.1807990617 0.2233575146 0.1785518699 0.1995402820 0.1560321945 0.1633279944 0.2016075675 0.1525323605 0.2168257708 0.1040500938 0.1451054075 0.1602316752 0.1929222932
0.1408129118 0.1909686206 0.1244637315 0.1673983923 0.1812462352 0.1821185757 0.1311287729 0.1759069841 0.0872158739 0.1791111065 0.1649289981 0.1269045292 0.1562767082 0.0765073207 0.1872853211 0.1661350285 0.2052437109 0.1917195555 0.3206941119 0.4294944240 0.5683578215 0.7370076251 0.8717248308 0.8418395212 0.7445407321 0.6360205079 0.4235651658 0.3102998190 0.2626452805 0.1693873617 0.1381527779 0.1372524633 0.1352631442 0.1339920693 0.1516063251 0.1705433425 0.1684455105 0.1081916139 0.2039747664 0.0817879965 0.1626295701 0.1399514187 0.1551951615 0.1546577530 0.1747621482 0.1794660211 0.2026118411 0.1441098631 0.1321409924 0.1668877215 0.1388346411 0.1952636625 0.1905125039 0.1857813507 0.3070200945 0.4391262176 0.5760766857 0.7164573229 0.8659550950 0.9108862358 0.8060196274 0.5878608035 0.4718808078 0.3543459801 0.2347069018 0.1941077993 0.1532727317 0.1811743029 0.1182025516 0.1906323036 0.2067939969 0.1578764990 0.1865213543 0.1950179498 0.1518999932 0.1827963451 0.1174659616 0.1764225877 0.1523957924 0.1751157908 0.1578395975 0.1772636968 0.2055148785 0.1439110867 0.1902870550 0.1911633993 0.1433646106 0.1603187301 0.2102702259 0.1960003638 0.3466536127 0.3944310553 0.5801782172 0.7887180390 0.8782855460 0.9318356548 0.7829997071 0.6347343223 0.4341184420 0.3685196054 0.2851712458 0.1822153637 0.2058472995 0.1651880824 0.1668716165 0.1589151284 0.1618538071 0.1640907267 0.1854797994 0.1866552649 0.1436109730 0.1761274495 0.1491351794 0.1743515490 0.1787564162 0.1150072721 0.1807132857 0.1355076662 0.1202794236 0.1446866360 0.2163485860 0.1780485264 0.2037746722 0.1206505700 0.1927123511 0.2056655725 0.3064389946 0.4614017498 0.5659646622 0.7508855306 0.8841368418 0.8313430263 0.7689456578 0.6273424341 0.4598118770 0.3323869870 0.2821288138 0.1842040826 0.2095699669 0.1722532596 0.1818810857 0.1630212535 0.1875850264 0.2206055788 0.2079783219 0.1379448945 0.1969103389 0.1481203746 0.1722121749 0.1271366747 0.1752026392 0.2241007651 0.2216663223 0.1840088040 0.1459987029 0.2046456078 0.1879116948 0.1982782795 0.1215760479 0.1828375830 0.1943379256 0.1810022946 0.2997866033 0.4473000776 0.5697867138 0.8058788234 0.8597385039 0.8711322469 0.7794845088 0.6639324107 0.4580257410 0.3796368530 0.2102109970 0.1892557158 0.1846412035 0.1926350169 0.1437656496 0.2236482011 0.1379251374 0.2036859754 0.1212014458 0.1841188177 0.2221369163 0.2090841424 0.2139308783 0.1750732935 0.1827900350 0.1330309417 0.1251756540 0.1908598229 0.1581027261 0.1578257263
0.1456187735 0.1095896006 0.1365684461 0.1726244851 0.1459963887 0.0915122059 0.1131445318 0.1224967450 0.1176488944 0.1207511569 0.1504050920 0.1540747848 0.1562905106 0.1751486814 0.1580139962 0.1491584395 0.1325400264 0.2122666770 0.2340144851 0.3948064288 0.5553084304 0.7159772673 0.8701547345 0.8737013470 0.8381066093 0.6444120728 0.4631872083 0.3470494140 0.2267071587 0.2180393199 0.2189145658 0.1799261544 0.2377187293 0.1924706292 0.1689992324 0.1327710859 0.1199849465 0.1676621453 0.1510100834 0.1937646492 0.2090691143 0.0909750672 0.1471932740 0.1903524006 0.1102140549 0.1352031043 0.1574423739 0.1612083877 0.1412131744 0.1344345586 0.1644319216 0.2056410090 0.1990645621 0.2257035016 0.3227557730 0.3900653849 0.5281818327 0.7269388555 0.8563699578 0.8552790760 0.7809189922 0.6763144785 0.4668574252 0.3688371485 0.2225643008 0.1850621515 0.1560146838 0.1364748501 0.1752772715 0.1528747193 0.1547737620 0.1491283387 0.1463398995 0.1375462604 0.1842016515 0.1331197443 0.2121145219 0.1472397889 0.1633412596 0.1362175608 0.1809118562 0.1527598010 0.1800986694 0.1727320837 0.1492478066 0.1577008839 0.2149841820 0.1782378590 0.1381708006 0.1877804151 0.3013297337 0.4060867686 0.5740242118 0.7798221019 0.8157954543 0.8942209493 0.7882469989 0.6451255907 0.4773904281 0.4137344774 0.2351720774 0.1854893070 0.1454165322 0.1257080101 0.1444843100 0.0990325332 0.1552427872 0.1603050719 0.1614975281 0.1513831037 0.1271466982 0.1169862439 0.1980614389 0.1455926899 0.1475448528 0.1673444143 0.2009276540 0.1520525641 0.1129018191 0.1958885319 0.1636538758 0.1572421073 0.1627985390 0.1613739417 0.1779738026 0.2335478051 0.3461524428 0.3893608397 0.5373863421 0.7661045282 0.8705097382 0.9235615880 0.8190265254 0.6705821136 0.4579072218 0.2917661994 0.2312535355 0.2416552227 0.1883519528 0.1980949114 0.1751464725 0.1500142015 0.1563998915 0.1597665084 0.1527185168 0.1428798747 0.1509846328 0.1580400944 0.1989017038 0.2185977220 0.1619418118 0.1571837506 0.1562383729 0.2374462105 0.1395219119 0.1564585296 0.1487660530 0.2032976168 0.1935865284 0.1970620011 0.1595911053 0.2771232698 0.3261261835 0.3916250931 0.5540934093 0.7011560470 0.8682956575 0.9053951785 0.8082106588 0.6045606081 0.5126796079 0.3458455222 0.2602681446 0.2268421101 0.1778545920 0.1684275291 0.1688992959 0.1722658764 0.1301913577 0.1862611060 0.1467379197 0.1826897349 0.1724393180 0.1606229621 0.1530356827 0.1337901180 0.1434897488 0.1728042037 0.1505330493 0.1727823294 0.1925645128 0.2186069510
0.1020889581 0.1487735327 0.1473326440 0.1100832966 0.1320475568 0.1133347477 0.1651802003 0.1544880147 0.1737501464 0.1304607381 0.1415914410 0.1614477756 0.1191835259 0.1750880084 0.1106162043 0.1477872974 0.1871130154 0.2062380793 0.2791045317 0.3553728223 0.5612164075 0.7377637441 0.8014201263 0.8667801391 0.7524756107 0.6291616333 0.4731488958 0.3669281425 0.1866462014 0.1521927609 0.2101505888 0.1723140836 0.1389079839 0.0951680234 0.1638548448 0.1642206137 0.1736801801 0.1357375392 0.1500254264 0.1721049424 0.1683422235 0.1670125299 0.1617864460 0.1473037738 0.1516334286 0.1366576510 0.1358582844 0.1494312969 0.1716824554 0.1359751773 0.1659233413 0.2124138217 0.2052284961 0.1564513045 0.2763175109 0.4069644938 0.4771509063 0.7270026471 0.8230630625 0.8681712135 0.8182829976 0.6934977340 0.4590635903 0.2919089300 0.1973279167 0.1727124928 0.1621243228 0.1112924113 0.0885535599 0.1737389543 0.1539599184 0.1465491875 0.1018304588 0.1336870284 0.1358252339 0.1607574642 0.1736270587 0.1296436427 0.1831545477 0.2177359192 0.1799019758 0.1819733544 0.1116511611 0.1576179771 0.1564686623 0.1492345658 0.1211285239 0.1792779471 0.1154656752 0.1982176560 0.2834828488 0.4091310813 0.5344779294 0.7003058373 0.8097933719 0.9152520269 0.7872656352 0.6642430120 0.4789797043 0.3885603247 0.2410649517 0.2595840190 0.1235987576 0.1412268596 0.1510367390 0.1571528059 0.1619890980 0.1931920252 0.1190091484 0.1384986006 0.1604559734 0.1608622022 0.2181752115 0.1887040052 0.1620295350 0.1642802901 0.1221813153 0.1203240980 0.1384015734 0.1274665995 0.1683790876 0.1706309097 0.1521402226 0.1234725746 0.1826805637 0.2655691769 0.3096387103 0.4074479685 0.5540272206 0.7471581963 0.8894029675 0.9035597296 0.7859851342 0.6577294811 0.4973517873 0.3164994328 0.2553242455 0.2167243581 0.1586664972 0.1431943108 0.1348342634 0.1210504471 0.1355166083 0.2408283027 0.1857419097 0.2110579936 0.1454553736 0.1721820033 0.1354505417 0.1538183582 0.1429811276 0.1584031589 0.1558061220 0.1623748906 0.1842042939 0.1328932209 0.2035791892 0.1785690934 0.1463831439 0.1660157445 0.1767408399 0.1895144980 0.3069087475 0.4469666413 0.5348111427 0.7302861862 0.8597162171 0.8631188121 0.7917626223 0.6329365491 0.4842849791 0.3286131075 0.2395958522 0.1758279939 0.1819524495 0.1863165794 0.1485396749 0.1848441708 0.1671786614 0.1580865044 0.1900144877 0.1418040242 0.1694796070 0.1655941121 0.1391748794 0.1935555091 0.1455766188 0.1833617721 0.1934038460 0.1281564257 0.1596998548 0.1639440725
0.1289521577 0.1157213482 0.0982226505 0.0524006209 0.0926508569 0.1042876573 0.1251349634 0.1196117060 0.1475733451 0.1605251773 0.1400845907 0.1227992763 0.1100202957 0.1556310348 0.1752679786 0.1568519830 0.1266838590 0.1666387433 0.2091843450 0.3533652636 0.5144041785 0.7042654727 0.7905820249 0.8308182337 0.7782238214 0.6935679984 0.5025300755 0.3016064000 0.2184811657 0.1845356974 0.1676095060 0.1250932210 0.1733821092 0.1324593151 0.1681807844 0.1786786723 0.1604157096 0.1534405454 0.1079567849 0.1534345386 0.1763914354 0.1203148798 0.1727912450 0.0742910512 0.1449177392 0.1204365535 0.1835486656 0.1093086021 0.0998135489 0.1290539380 0.1595618263 0.1220683342 0.1510663649 0.2091047518 0.2688379477 0.3547052036 0.4916996693 0.6614510099 0.8013742393 0.9134198399 0.8232729062 0.6613565427 0.4788454019 0.3226350532 0.2439898370 0.1811460890 0.1150847999 0.1213170965 0.0773604001 0.1461813971 0.1303109931 0.1325052508 0.1691195584 0.1720658425 0.1179856827 0.1146750251 0.1289291661 0.1306678126 0.1410940784 0.1024552852 0.1418659062 0.2018895074 0.1641131407 0.1439994795 0.1387463372 0.0982378925 0.1622896581 0.1470715948 0.1743710631 0.2096253677 0.3037238379 0.3845024797 0.4853436810 0.6449733252 0.8127976881 0.8933655590 0.8687431536 0.6986253501 0.5284447411 0.3584353541 0.2198266731 0.2575105794 0.0856616118 0.1811036183 0.1504436955 0.1716814613 0.1727260248 0.1717391775 0.1492428961 0.2084415737 0.1262466508 0.0708025295 0.1696291790 0.1325778958 0.1603337873 0.2287855473 0.0906541206 0.1033860807 0.1888221643 0.1645650054 0.1413861631 0.1416841059 0.1225247396 0.1806219909 0.2097227300 0.1876254444 0.2697884463 0.3354434868 0.5841760256 0.7147804053 0.8704454877 0.9082579583 0.7950920343 0.6888264455 0.5340977382 0.3740487360 0.3244940326 0.1970058217 0.1775613624 0.2199130209 0.1707886966 0.1279331871 0.1409625866 0.1577590496 0.1390060357 0.1508448233 0.1333644305 0.1807971845 0.2059403556 0.1157314227 0.1974964684 0.2000492796 0.1704272303 0.1459132794 0.1525082471 0.1630285753 0.1270859340 0.1755785012 0.2145716919 0.2252639450 0.1075039621 0.2142939073 0.3194273223 0.3666213820 0.5159803821 0.7126774108 0.8414843227 0.9268207257 0.8269453679 0.6466277776 0.4940040784 0.2913222097 0.2695534541 0.1685058775 0.1664468905 0.1932758112 0.1704713292 0.1776262977 0.1768232780 0.1640911568 0.1556866944 0.1692554837 0.1639450608 0.1621988441 0.1278308809 0.1431510595 0.1820077867 0.1388573435 0.1679372955 0.1513175161 0.1473858166 0.2127079997
0.1749583045 0.0952349774 0.1662291201 0.1223705017 0.1628022279 0.1375338757 0.1791116169 0.1646158231 0.1253688018 0.0775734551 0.1405290790 0.1509662613 0.1580335877 0.1052534937 0.1057446617 0.1352701973 0.1736632972 0.2173898942 0.2492032834 0.3802671901 0.5054184876 0.6719489903 0.8304536935 0.8482427142 0.7969483168 0.6713404251 0.5675242018 0.3524756808 0.2113431506 0.2491941822 0.1453392547 0.1387034079 0.1383237393 0.0899463097 0.1154464452 0.1172043280 0.1712156741 0.1110506758 0.1114410766 0.1382288883 0.1004590632 0.1619307700 0.1476198522 0.1808585525 0.1183811594 0.1524277697 0.1848671428 0.1503372093 0.1525981665 0.1190361775 0.1316960900 0.1392750995 0.1406875831 0.1965778528 0.2686050861 0.3582450568 0.5465007423 0.7013245422 0.7654684819 0.8822365178 0.7411606896 0.6961851611 0.5464457480 0.3436363835 0.2382159890 0.1621489167 0.1855179389 0.0749087579 0.1566759230 0.1209042285 0.1499221929 0.1270437763 0.1507843057 0.1450379536 0.1031310792 0.1219936836 0.1618757820 0.1813761513 0.1477988973 0.1314308392 0.1464174363 0.1476076296 0.0911469311 0.1354879020 0.1249195827 0.1927288621 0.1076538557 0.1202109488 0.1020867950 0.2200184719 0.2424297459 0.3636657642 0.5769309357 0.6579907411 0.8478659077 0.8414406061 0.8233344091 0.6649676549 0.4687931592 0.3892388671 0.2192049160 0.1824597159 0.1562785676 0.1536891750 0.1626881128 0.1825911514 0.1365362812 0.1588007239 0.1307939772 0.1579014637 0.1382442620 0.1869363764 0.2082936158 0.1199382264 0.1272678452 0.1839619295 0.1455934378 0.1678385616 0.1395596439 0.1197817337 0.1876326705 0.1496164533 0.1947085264 0.1788121082 0.1875866591 0.1548534760 0.2825585894 0.3353943144 0.4703326459 0.6795148315 0.8132455337 0.8786423147 0.7991942982 0.7360168858 0.5368254857 0.3266088061 0.2811303830 0.2221563146 0.1722293137 0.1456220207 0.1371970203 0.1368561728 0.1937807718 0.1708396456 0.1225935852 0.1416834150 0.1424235018 0.1278436633 0.1629045763 0.1921669340 0.1741254582 0.1712539874 0.1399216027 0.1346553097 0.1540308956 0.1868367824 0.1733497310 0.1410525485 0.1442015198 0.0873823861 0.1587972286 0.1746660630 0.3091687687 0.3678016714 0.4819738650 0.6688155846 0.7893065679 0.8732492636 0.8534688516 0.6978177582 0.5275947479 0.3880547905 0.2832064456 0.2115459331 0.1569362968 0.1866702658 0.1464121358 0.1468795889 0.1350739882 0.1396479710 0.1507758895 0.1576907052 0.1581201182 0.1766901397 0.1550028213 0.2301759138 0.1642694377 0.1444088153 0.1587208472 0.1845230871 0.1466368703 0.1670369295
0.1554827677 0.1865948048 0.1170063119 0.1784051109 0.1744294181 0.1576449057 0.1540892552 0.1569856479 0.1361294977 0.1658808668 0.1548876116 0.1298003157 0.1195174075 0.1723645928 0.1309909636 0.1398388910 0.1384502257 0.1889957828 0.1783943997 0.3764153710 0.4975875430 0.7002961582 0.7852518633 0.8531145640 0.7988720678 0.6809171835 0.5027805199 0.3267074877 0.2530492503 0.2062436120 0.1907368486 0.1871270118 0.1054907604 0.1241655717 0.1885466268 0.1145558762 0.1443552371 0.1885047017 0.1169193397 0.1647127540 0.1610172176 0.1631344154 0.1543219854 0.1866282397 0.1758603119 0.1629431643 0.1316494621 0.1392185884 0.1314559515 0.1412610029 0.1078569803 0.1363581344 0.1198892330 0.2162888673 0.2371028891 0.3514475851 0.4838333322 0.6400945568 0.7964935672 0.8875794384 0.8071835680 0.7544675671 0.4962721434 0.3571290220 0.2578575122 0.1700163794 0.1973491907 0.1832079325 0.1709695511 0.1881361846 0.1761244793 0.1386439071 0.1374266268 0.1637615475 0.1937832718 0.1560465214 0.1742476309 0.1798115929 0.1237226548 0.1522222605 0.1584490387 0.1473187813 0.1746413234 0.1346822901 0.1570674768 0.1218976127 0.1049329169 0.2087208454 0.1649435599 0.1713156390 0.2206621996 0.3378764832 0.4965603383 0.6332633797 0.8202893931 0.8636309465 0.8361497512 0.6786384053 0.5498076440 0.3363861555 0.2141724100 0.2294620781 0.1349822676 0.1028152813 0.1694331694 0.1482434105 0.1940506219 0.1460322811 0.1462828131 0.1496041675 0.1280562198 0.1682372336 0.1473073420 0.1409584692 0.1195351663 0.2031741300 0.1367520449 0.1566715936 0.1684211309 0.1390526510 0.1843094731 0.2082415771 0.0886483411 0.1546238576 0.1132400933 0.2274185614 0.2265318105 0.3299969780 0.5343590891 0.6080353939 0.8175602479 0.8583883969 0.8343578828 0.7477647968 0.5251414438 0.4000762683 0.2507835273 0.1636874577 0.1845478488 0.1456718918 0.1450380797 0.1186728333 0.1782171238 0.1031063877 0.1775384738 0.1741762254 0.1213208031 0.1480134246 0.1879958270 0.1886267620 0.1722913396 0.1730409001 0.1064800179 0.1933586193 0.1209532799 0.1574272007 0.1687312741 0.1607516906 0.1737598936 0.1622475548 0.1759048458 0.2000174648 0.2659755243 0.3347822207 0.4457811604 0.6728516113 0.7911628686 0.9100570445 0.7828795349 0.7707609213 0.5326402614 0.3543863812 0.2180963901 0.2200499849 0.1717466814 0.1782795393 0.1942014326 0.1194769921 0.1529054799 0.1620604758 0.1582126641 0.1766659908 0.1942841105 0.1865997117 0.1672772143 0.1671517223 0.1468736249 0.1879125704 0.1628426372 0.1825930666 0.1661083603 0.1340754878
0.1852463162 0.1732966913 0.0967212116 0.1073049925 0.1703846101 0.1192451855 0.1118305441 0.1619620798 0.1206421333 0.1748201288 0.1018710193 0.1383603840 0.1814583881 0.1304418957 0.1919105397 0.1493890668 0.2132828580 0.1654627858 0.1883041605 0.3489672181 0.4757907664 0.6416720584 0.7169599794 0.8460430294 0.8238143482 0.6777214083 0.5043870240 0.3979085194 0.2653033548 0.2414826389 0.1385749311 0.1439421490 0.1686531302 0.1132617826 0.1065037368 0.1318402604 0.1481579563 0.1200125900 0.1283455055 0.1217452151 0.1553727702 0.1569723899 0.1541264409 0.1303301108 0.1680558422 0.0879762737 0.1126963346 0.1559510768 0.1162505071 0.1407970734 0.1302096270 0.1129568007 0.1312690895 0.2031285014 0.2164478166 0.3367751568 0.4566881298 0.5930792553 0.8176967646 0.8646066453 0.8544677647 0.7227539431 0.5214656458 0.4165470994 0.3399455717 0.1911293923 0.1845691318 0.1993517473 0.1867621475 0.1477181501 0.1304606233 0.1264949866 0.1195161025 0.1220774907 0.1454845893 0.1039799293 0.1448279611 0.2063844673 0.1734105144 0.1609379685 0.1464957026 0.0889476616 0.1687012015 0.1200737499 0.1697290179 0.1764133002 0.1532137137 0.1212790664 0.2072685593 0.2196194175 0.2372434162 0.3507291265 0.4787076924 0.6652045576 0.7432574098 0.8483935535 0.8296146855 0.7255978177 0.5760451080 0.4274062876 0.2988087694 0.2201877367 0.1654361884 0.1357903448 0.1657563383 0.1477489587 0.2472924580 0.1321547950 0.1791645142 0.1019953904 0.1352589438 0.1497188474 0.1477622980 0.1380450672 0.1368830829 0.1669791624 0.1934006883 0.1454292730 0.1970062150 0.1574050352 0.1613397295 0.1692295079 0.1556432422 0.1586854667 0.1359397509 0.1606394511 0.2669060192 0.3560694090 0.4654981996 0.5926142157 0.7973218313 0.8733999573 0.8983626183 0.7241362032 0.5814768644 0.4746108411 0.3556161002 0.2047135174 0.2028613452 0.1392818732 0.2081215397 0.1577250565 0.1042822554 0.1563683462 0.0917480699 0.1683587167 0.1671978019 0.1991770469 0.1398220437 0.1654427228 0.1520506756 0.2161444432 0.1801324059 0.1644853374 0.1165676795 0.1729870198 0.1608942596 0.1808646972 0.1221673725 0.1715239365 0.1842277961 0.2063910465 0.2425611485 0.3775601400 0.4602613532 0.6788612991 0.8534173857 0.8534771003 0.8144459910 0.7423703251 0.6171757033 0.3836563796 0.2817002388 0.2516890447 0.1821123741 0.2750648764 0.1672110167 0.1581519565 0.1613274406 0.1440330000 0.1686966432 0.1761231729 0.1703743928 0.1442796652 0.1812030514 0.1191152289 0.1690939199 0.1550039017 0.1405305575 0.1466060145 0.1482192591 0.1654897522
0.1234433941 0.0910666666 0.1514081142 0.1829133921 0.1571012268 0.0968692237 0.1583971959 0.1700583496 0.1301587271 0.1359106637 0.1963010792 0.1175861065 0.1323162420 0.1707925348 0.1009704384 0.1867469697 0.1458236767 0.1686521781 0.2262278020 0.3312177058 0.4528938003 0.5763253743 0.7308237681 0.8409384369 0.8447716395 0.7625721095 0.5685281560 0.4106142369 0.3038932168 0.1873044734 0.1580364388 0.1655796498 0.1454607446 0.1587877220 0.1168570198 0.1500710799 0.1631700333 0.1357091504 0.1264492971 0.1798323181 0.1632882768 0.1274413780 0.0916424455 0.1467040468 0.1221160115 0.1478630440 0.1840342154 0.1774562767 0.1210787781 0.1525364468 0.1349973272 0.1729902978 0.1576090840 0.1740147774 0.1713354060 0.3000674550 0.4219288516 0.6079457671 0.8006632150 0.8743878736 0.8519511398 0.7790558239 0.6068773538 0.4221204162 0.2428851095 0.1933414645 0.2415742406 0.1374697739 0.1050558308 0.0922907260 0.1452663970 0.2118727742 0.1773132414 0.1491299694 0.1517436681 0.1577725711 0.1745335820 0.1755535589 0.1481289959 0.1820733137 0.1631760507 0.1254321947 0.1968640028 0.1655208409 0.1148181580 0.1697396968 0.1614588357 0.1584235595 0.1651085008 0.2367789256 0.2154974835 0.3379521622 0.4766289441 0.6354478328 0.7285546232 0.8907486014 0.9229502982 0.7747258244 0.5780588728 0.3912940146 0.2911288474 0.2119935201 0.1708279825 0.1607534866 0.1593570648 0.1770963386 0.1419339511 0.1953542448 0.1886026757 0.1540553875 0.1801415468 0.1806895243 0.1633212397 0.1543385060 0.1627720598 0.1689103229 0.1181906505 0.1607925360 0.1607791712 0.1789566506 0.1670639623 0.1314674541 0.1062170719 0.1807135310 0.1635219084 0.1778892335 0.2378996521 0.3329127724 0.4179908169 0.6386133346 0.7994410136 0.8574945810 0.8310944015 0.7723703293 0.5997886144 0.4575296803 0.2472631863 0.1968370418 0.2210631457 0.1723916661 0.1419824347 0.1333275356 0.1463315374 0.1406532261 0.1537928546 0.1506236640 0.1659594059 0.1974057607 0.1416659863 0.1539593405 0.1849298604 0.1681265613 0.1624097795 0.1414684869 0.1872009329 0.1562549354 0.1074330907 0.1031936933 0.1726646237 0.1885608303 0.1688506647 0.2039046774 0.2218048170 0.3150830787 0.4548279741 0.6647794277 0.7883031995 0.9330112950 0.9000812878 0.8050733486 0.5770670697 0.4553538862 0.2980992098 0.2313948532 0.1854003704 0.1937708907 0.1069983797 0.1403587013 0.1743926527 0.1707956441 0.1152693692 0.1479933879 0.1356158574 0.1853306341 0.1916484971 0.1267614556 0.2315411434 0.1421079986 0.1581316406 0.1153732813 0.1349799312 0.1945480645
0.1198462671 0.1588718611 0.2010513531 0.1573268660 0.1129884042 0.1497068540 0.1186370506 0.1764749657 0.1251569543 0.1076146029 0.1859165023 0.1940634694 0.1769658291 0.1206151692 0.1496807446 0.1557896383 0.2014808926 0.2216518744 0.2346149189 0.3126934314 0.4721133664 0.6358413749 0.7331646482 0.8438906078 0.7989229413 0.7591573815 0.6313020727 0.4386192378 0.2872420159 0.2186360961 0.1808671812 0.1237610566 0.1412192947 0.1929050866 0.1682905406 0.2063427237 0.1204050313 0.1603022189 0.1623310956 0.1858775298 0.1716208263 0.1019637670 0.1670903170 0.1389322077 0.1409432073 0.1514664374 0.1712231857 0.1469319569 0.1244971651 0.1519271005 0.1623805710 0.1284746909 0.1877700693 0.2023087557 0.2407157078 0.2970324640 0.4897414366 0.6428243423 0.7647889986 0.8638952490 0.9069065875 0.7423631323 0.6042457307 0.3796999211 0.3296590149 0.2550424329 0.2266478767 0.1660499612 0.1384755253 0.1620909406 0.1405601869 0.1780993511 0.1513089848 0.1454724803 0.2060698526 0.1446280993 0.1699472677 0.1324684590 0.1796228606 0.1610977232 0.2390709661 0.2015749645 0.1513671791 0.1716464657 0.1419067108 0.1298590120 0.1678972157 0.1187345531 0.1604326388 0.1903201147 0.2730004223 0.2624434504 0.4828259449 0.6215489307 0.8246814378 0.8759763075 0.8065120865 0.7894912531 0.5960283844 0.4223631007 0.3231626346 0.2269960146 0.1929906700 0.1963179676 0.1471754883 0.1851805090 0.1908682308 0.2144430001 0.1484981195 0.1827849699 0.2042385471 0.1794159190 0.1407586907 0.1365058148 0.2176208129 0.1172321591 0.1810084534 0.1643672630 0.2229903450 0.1907156121 0.1366578369 0.1643520414 0.1967675449 0.1618112031 0.2044709760 0.2352199915 0.2284570137 0.2707054049 0.4389066781 0.6261609877 0.7726465245 0.9623346448 0.9040016887 0.7535599338 0.6176661205 0.4352236267 0.3481803623 0.1899627785 0.1675338053 0.1468507701 0.1909402369 0.1677497330 0.2018465954 0.1840664616 0.1785252898 0.1980480331 0.1821968948 0.1375973192 0.1367150604 0.1538480833 0.1514967963 0.1998016845 0.2221797987 0.1880546545 0.1757401009 0.1850844602 0.1473480235 0.2016635867 0.1494550458 0.1816911791 0.1975969671 0.1973124355 0.2208753559 0.2943593897 0.4283928735 0.5959861144 0.7670909566 0.9173877167 0.8457188216 0.7695951612 0.5875220371 0.4515141283 0.2921986820 0.2054963038 0.2330688074 0.1924762896 0.1882406541 0.2173442194 0.2486005656 0.1618449394 0.1946590269 0.1645180217 0.1952199781 0.1999743325 0.2296105725 0.1902943900 0.1652711222 0.2115111796 0.1454945763 0.1760675322 0.1280271301 0.2071219822
0.1699570951 0.2006466281 0.1842171095 0.1461526780 0.1586237696 0.1516112167 0.1625345901 0.1282524668 0.1381800686 0.1388789773 0.1556026967 0.1703616753 0.1549469206 0.1441197709 0.1556750344 0.1520351310 0.1912947109 0.2327517284 0.2440406800 0.2911421535 0.4436312914 0.6006106882 0.7521179058 0.8859256453 0.8676591511 0.8451089210 0.5681029436 0.4299293831 0.2917365161 0.2320081491 0.1990474482 0.1289857551 0.1524927511 0.1830706037 0.1695042806 0.1645979489 0.1347401887 0.0906259546 0.1651894498 0.1282378799 0.1703663569 0.1956405946 0.1656937705 0.1154442721 0.1887853283 0.1459542795 0.1208129817 0.1617105506 0.1668817433 0.1630597833 0.1469899660 0.1712932652 0.2154386408 0.1489988469 0.2683926450 0.2951872833 0.4212722189 0.5734812807 0.7538480709 0.9387016976 0.8915696439 0.7615079575 0.6230772320 0.4922232552 0.3305385373 0.2147182143 0.2538893931 0.1577819225 0.1381335625 0.1477826322 0.1302829009 0.1933018789 0.1674736981 0.1508834974 0.1590925194 0.2288905059 0.2124777243 0.1397380282 0.1695023587 0.0956997820 0.2144640603 0.2006587720 0.1407167077 0.1521340802 0.1631963703 0.1971654805 0.1364936097 0.2297463682 0.1781519698 0.1525434182 0.2781329141 0.3070193072 0.3923820422 0.6221478421 0.7619878614 0.9149062095 0.9099325615 0.8315064561 0.7045593008 0.4740007594 0.3433662081 0.2869469146 0.1891187325 0.1364056024 0.2097606904 0.1259708807 0.1653649259 0.1627668356 0.1855942718 0.1877160433 0.1745880001 0.1805809005 0.2001154372 0.2079760660 0.2004709742 0.1571417911 0.2146785706 0.1933939102 0.1540582187 0.1844962378 0.1316364770 0.2014185917 0.2040966440 0.1868474707 0.2076488226 0.2376989992 0.2809700155 0.3528481569 0.4353200841 0.6133123334 0.7690797234 0.8705489099 0.9006530672 0.7563000765 0.6620729534 0.4265226278 0.3499209413 0.2529462679 0.2623148762 0.2018182688 0.1671816596 0.1687764800 0.1336023237 0.1490565095 0.1809364169 0.1667623107 0.1371714293 0.1350925679 0.0916768025 0.1820719594 0.1741084064 0.2148834502 0.2109495836 0.1527163436 0.1592989990 0.1280585617 0.1890841742 0.1971378282 0.2070947113 0.2147917545 0.2203585231 0.1886704994 0.2304812318 0.3137938919 0.4389669193 0.6155765564 0.7363254945 0.9076663473 0.8588027670 0.8551977861 0.7064602580 0.4782682308 0.3631973454 0.2712750845 0.2040338352 0.2237210642 0.1713923174 0.1478396366 0.1977287996 0.2171802387 0.2048954596 0.1943331235 0.2001230090 0.1889988353 0.1349118787 0.1862465206 0.1735363665 0.1675026240 0.2193701184 0.1785456766 0.2000560152 0.1992520488
0.2014176339 0.1438744529 0.1106222481 0.1917770944 0.1523189729 0.1612743763 0.1462707391 0.1729147624 0.1724762573 0.2030452811 0.1661380978 0.1746805595 0.1447787778 0.1434583658 0.1449794676 0.1616037173 0.1893129541 0.1657795344 0.2045744874 0.2266841746 0.4428071988 0.5700812148 0.7315107285 0.8940455577 0.9328065058 0.8183875430 0.6740432059 0.4439352227 0.3319544428 0.2169585514 0.2126990212 0.2101862876 0.1591262268 0.1894218510 0.1633031547 0.1632782585 0.1980321850 0.1711419939 0.1725011559 0.1701829300 0.1567152283 0.1433712658 0.1026182521 0.1461585938 0.1725245797 0.2202016123 0.1743342714 0.2379614372 0.1519457216 0.1940502733 0.1690003330 0.1885051502 0.1586111057 0.2145926680 0.2213324437 0.3354753047 0.4428670524 0.6436046502 0.7584847574 0.8724776915 0.9248855297 0.7676185441 0.6343375013 0.4798120532 0.3546289579 0.3171557546 0.2088979079 0.1959129909 0.1830117066 0.1495147228 0.1440374169 0.1605137770 0.1187636969 0.1222931368 0.2168127500 0.1574723705 0.1954434995 0.1272599116 0.1757041124 0.1820983593 0.2004479374 0.2032780908 0.1717114825 0.2194344941 0.1744152920 0.1672919431 0.2033788029 0.1829175936 0.2016741113 0.2206934101 0.2335008998 0.3079953732 0.4426042207 0.5521194115 0.7396296217 0.9115571007 0.9228389036 0.8067489485 0.5997445474 0.5297009150 0.3451649362 0.2743757507 0.2592750625 0.1624824171 0.1302731188 0.2062671826 0.1596729469 0.1830691605 0.2194524218 0.2014219834 0.1739129756 0.1759617315 0.1810455892 0.2343010932 0.1657167076 0.1566372642 0.1738022502 0.1992176747 0.2024912266 0.2035497314 0.2188321825 0.2088427557 0.1588819805 0.2189526511 0.2053474658 0.2087101782 0.2523544413 0.3406971303 0.4250918585 0.5923109422 0.7747053637 0.8973322146 0.9162243359 0.8128007819 0.6555757899 0.4923369149 0.3521142951 0.2381481543 0.2059687898 0.1992269157 0.1915354898 0.1832427281 0.1733986591 0.1575945374 0.2426448703 0.1833368121 0.2003829992 0.2235185583 0.1876634863 0.2011634091 0.2002687673 0.2208648336 0.2032876397 0.2286186406 0.2157646842 0.1529299298 0.1788015872 0.1844312730 0.1375469669 0.2214253207 0.2195770243 0.1807449495 0.2956447233 0.2803471365 0.4471200899 0.6144080105 0.7643180359 0.8882940180 0.8949495353 0.8644989344 0.6604460068 0.5045360666 0.3591659198 0.3147999001 0.2227941390 0.1918753950 0.1479899489 0.1730583206 0.2340683724 0.1937509612 0.2623661579 0.2238274172 0.2172262956 0.1389137883 0.1817931994 0.2150902621 0.2259594549 0.2107011501 0.2244789265 0.2045887383 0.1740810002 0.1986248822
0.2259835569 0.2014033877 0.2111591170 0.2199802026 0.1895195273 0.1966703714 0.1936256782 0.1099231722 0.1581535152 0.1175057235 0.1976972182 0.1863097137 0.1780130409 0.2146950348 0.1674290393 0.1422584230 0.2276136058 0.2493525548 0.2445105053 0.2649087924 0.4300818148 0.5922177680 0.7855433977 0.8717429987 0.8833472518 0.8213590751 0.6783297833 0.4737594277 0.3920795334 0.2548748421 0.1303585989 0.2175113144 0.1585081421 0.1969976214 0.2517053169 0.1925659807 0.1646070860 0.2063835819 0.2106002789 0.1921490559 0.1663886740 0.2056882314 0.1550905589 0.1778221196 0.1231486073 0.1924566998 0.1836407661 0.1651152713 0.1519495294 0.1760140179 0.1726736509 0.1745292796 0.1368777977 0.1905395522 0.2864428117 0.2451939956 0.3990213596 0.5753116879 0.7639878085 0.8798029071 0.9590550168 0.8582390560 0.6600187249 0.5070969977 0.3651276996 0.2538513925 0.1665503706 0.1895578953 0.1680046693 0.1757132569 0.2055114770 0.1334246359 0.1757963490 0.2011219526 0.1992485245 0.2215594430 0.1680083018 0.1832402875 0.2016521249 0.1537406753 0.1646306152 0.1963832751 0.1736335480 0.1488900529 0.2316004612 0.2138472065 0.1960774221 0.1566499412 0.2194302728 0.2236830209 0.2802121175 0.2855326677 0.4356492526 0.5616939252 0.7343077209 0.8525273825 0.9044234542 0.8474344377 0.7185542342 0.4780221523 0.3281094671 0.2958439794 0.1983897338 0.1892239685 0.2088468287 0.2271611800 0.2183604018 0.1795959130 0.2358351620 0.2198568738 0.1591642536 0.1897940892 0.1655985173 0.1839394927 0.1275660090 0.1665224353 0.1862734198 0.2115531217 0.2106296286 0.1801082843 0.1985625726 0.2141758398 0.1886450147 0.2466365084 0.1967445400 0.2019761530 0.2376237716 0.3028898050 0.4065598032 0.5880823775 0.7694611085 0.8741747005 0.8939868019 0.8313546697 0.6741490011 0.5596654197 0.3235504980 0.2903783966 0.2213019812 0.2114264245 0.1958130154 0.2139340493 0.2016177199 0.2073224261 0.2321287481 0.1974691981 0.2046044060 0.2137580626 0.1508525721 0.2409170582 0.1619791469 0.1774280104 0.2003355357 0.2003828717 0.1831889004 0.2377076588 0.1986508051 0.1852666798 0.2349982130 0.2122250305 0.1993836108 0.1986647339 0.3070419723 0.3015398166 0.4276539041 0.6133681343 0.8132989691 0.8676144808 0.9121220226 0.8572717181 0.6837268667 0.5350174994 0.3895493535 0.2976675937 0.2292138783 0.2192269413 0.2009138803 0.2621673916 0.2249173446 0.2378050332 0.2062710308 0.1792757935 0.1897031923 0.2339295142 0.1503129675 0.1592896083 0.1841141046 0.2233426973 0.2235549377 0.2003711799 0.2072127205 0.1839442668
0.1876850779 0.1816398867 0.2315627431 0.1643748458 0.1953648250 0.1300532405 0.1932134809 0.1859325504 0.2409103947 0.1516949317 0.1800622617 0.2093628951 0.2358614575 0.2284738403 0.1703058327 0.2004719306 0.2060972339 0.1806575233 0.2359515167 0.3223061340 0.3738185041 0.5627012203 0.6916325966 0.8764900365 0.9022060871 0.8649113053 0.7309945686 0.5266402230 0.3436299588 0.3053626246 0.2247405302 0.2213536978 0.1932175181 0.2276538868 0.2300138913 0.1667875416 0.2005411178 0.1405362383 0.2152416191 0.1856879588 0.1846502927 0.1658337224 0.1545654742 0.2046270390 0.2481792356 0.1777686732 0.2174239667 0.1899469816 0.2216035567 0.1564247166 0.1975837981 0.1825648158 0.2324618041 0.2197041629 0.2185375106 0.3182926150 0.4036299169 0.5712596354 0.6896011839 0.8753541769 0.9650945074 0.8285361014 0.6745669318 0.5122538748 0.3798970177 0.2764906306 0.2457341578 0.2032314847 0.2320514341 0.1345089955 0.2523526717 0.2088453833 0.2031761018 0.1918167688 0.1961135069 0.1722953165 0.1776891223 0.2106472407 0.1802619897 0.1993413656 0.1812690601 0.1755954486 0.1481784825 0.1775938464 0.2334429223 0.2030234207 0.1811127692 0.1889367132 0.2122115347 0.2215706798 0.2017767472 0.3499996481 0.4330505425 0.5677653508 0.7475880327 0.9006177726 0.9134796220 0.8755696587 0.7425778783 0.5177266305 0.4179569886 0.2794349164 0.2626519626 0.1838524208 0.2147896857 0.1607427816 0.2103284568 0.1791197549 0.2072234949 0.2150755243 0.1758196726 0.2138587745 0.1945595563 0.1895901992 0.2229888130 0.1705729262 0.2133449291 0.1995260197 0.2049937355 0.1899852413 0.2089468453 0.1839408475 0.2413542550 0.1996098359 0.1830139314 0.2111017551 0.2599437077 0.2994821363 0.4297157872 0.6032508191 0.7775732988 0.9011319763 0.9610895752 0.8347079956 0.6464786323 0.5458170854 0.3922969034 0.2905793532 0.2412411561 0.2468061528 0.1847629474 0.2234891303 0.1919343056 0.2012252178 0.2333616536 0.2855325472 0.2074862920 0.2126650703 0.2129833467 0.2373048888 0.1898459127 0.2062650981 0.2159263158 0.1961292995 0.2059387168 0.1845327205 0.1610592009 0.1958456866 0.2123994912 0.1941141680 0.2419140308 0.1710877202 0.2147750727 0.3391495344 0.4504949314 0.5781877124 0.7179875830 0.8921960428 0.8858857859 0.8825658576 0.6954298092 0.5578389834 0.4364414193 0.2874974820 0.1880577662 0.2031942165 0.2503484044 0.1752818092 0.2054064298 0.1565950847 0.2269024153 0.1632029604 0.1689024721 0.2158600925 0.2978713536 0.2182011881 0.2223590066 0.2179968175 0.2082892594 0.2236261060 0.2098598013 0.1962358806
0.2063495013 0.1831004436 0.1810235661 0.2449211036 0.1127284281 0.2318861728 0.2158027332 0.1949851650 0.1756718276 0.1616449326 0.2294230574 0.1976207567 0.1706750665 0.1973322204 0.1831509691 0.1772642857 0.2183795163 0.1686235991 0.2144146259 0.3124365640 0.3721831066 0.5767842212 0.7318827177 0.8540924373 0.8822699323 0.8724651546 0.7435774379 0.5434222329 0.3894588321 0.2681649509 0.2606592602 0.1818189457 0.1873436202 0.2201803891 0.1644493269 0.1403454259 0.1971286604 0.1475833792 0.1926137803 0.1877660341 0.1684756209 0.1915617384 0.1737302374 0.2229064240 0.1781714511 0.2052427239 0.1742227754 0.2221956088 0.1440863153 0.2184320605 0.1604099235 0.2054028919 0.2023674605 0.2183941417 0.2292629008 0.3215781534 0.3938914343 0.5340990063 0.6854669004 0.8720111864 0.9341239470 0.8099127831 0.6909144952 0.5045508902 0.4119711525 0.2806921927 0.2643833345 0.2168859164 0.1817859695 0.1912648921 0.2359454055 0.1707686230 0.1967147491 0.1826706422 0.1626578355 0.2484829796 0.1593390219 0.1836990010 0.1289369078 0.2076040660 0.1678990250 0.2127197894 0.2413229844 0.1628184186 0.1831697876 0.1717015680 0.1650043307 0.2133449278 0.1949105431 0.2490591538 0.2578192538 0.2679410568 0.4195312804 0.5342358421 0.7559628226 0.8485036368 0.8889459311 0.9265587500 0.7478795345 0.5381658840 0.4315131037 0.2938797163 0.2646143101 0.1846025105 0.2093678793 0.2200104467 0.1851276605 0.1634200232 0.1891166950 0.1891355139 0.1816557499 0.2298707052 0.1744819100 0.1529751791 0.2378123736 0.2033197306 0.2298502823 0.2132454467 0.2200404726 0.2149726721 0.2217018598 0.1651181429 0.1789295550 0.1621370936 0.2482674491 0.1941132892 0.2628940172 0.3146468784 0.4011745759 0.5519966318 0.7393388050 0.8359574651 0.9573482281 0.8718027543 0.7536287773 0.5172716275 0.4554819508 0.3394897792 0.2269317136 0.1932341937 0.1251834528 0.1809802210 0.2115691932 0.2325368520 0.2082539661 0.1717191847 0.1459190992 0.2247699564 0.2216888168 0.1662119463 0.2092794245 0.2223612798 0.1904090575 0.2022532590 0.2048287674 0.1723312796 0.2404883467 0.2234738918 0.1719363546 0.2549955213 0.1797893869 0.2438914325 0.2599040122 0.2938435963 0.4309063815 0.6025629820 0.7468521572 0.8536653339 0.9065899725 0.8764887134 0.7010762290 0.5741352743 0.4448535531 0.2836124945 0.2552761451 0.2267464797 0.2527939901 0.2179495003 0.2089358569 0.1416776397 0.2107825199 0.2277867875 0.2438296312 0.2173975774 0.1922656094 0.2042274817 0.1810600001 0.2375369126 0.2388733838 0.2235620801 0.2098820113 0.1768561838
