0.1377564500 0.1810821047 0.1640447524 0.1560967842 0.1555534909 0.1839500078 0.1945788606 0.2700935089 0.3420755169 0.4716465075 0.5490026094 0.7122713555 0.8015073793 0.8993582501 0.9214406442 0.8126192839 0.6194055159 0.5301682799 0.4669682994 0.3298197360 0.2431457003 0.2678978057 0.1657695538 0.1845691088 0.1885387379 0.1687229587 0.2112408732 0.1362340855 0.2013974335 0.2191061668 0.1829377503 0.1790569295 0.1797885132 0.1869227270 0.1610935347 0.2008070839 0.1905717074 0.2214138619 0.1965039405 0.1770347650 0.2183191072 0.2143287642 0.2124542268 0.2206571129 0.2526209065 0.2904156387 0.4113210952 0.5381655991 0.6689254249 0.8255080166 0.8993027120 0.9019959127 0.7896595974 0.6848480531 0.5091829035 0.4066906129 0.3111964875 0.2280275453 0.2282276653 0.1720042342 0.1721788624 0.1555909933 0.1842080393 0.1792726621 0.1934384917 0.1836651086 0.1725940077 0.1874824192 0.1989926047 0.1899086504 0.1993611563 0.1631524325 0.1800746483 0.1934064266 0.2203652742 0.1989868481 0.2722873179 0.1822899077 0.1608337932 0.1752566537 0.2419422810 0.2494041034 0.2912186824 0.4052453945 0.5425752794 0.6851601525 0.8114015626 0.9209143584 0.8896300982 0.8205868334 0.7355597343 0.5639844996 0.4063824788 0.3214858529 0.2906250150 0.2267593119 0.1861379695 0.1798727855 0.2615949995 0.1411698461 0.2148244021 0.1678991312 0.2413618644 0.2279563936 0.1955612267 0.1733969219 0.2002686410 0.2227415233 0.1677073333 0.1953372482 0.1612252968 0.1773306990 0.1816952505 0.1750663595 0.1640769488 0.2337238886 0.2036025175 0.1831121865 0.1983269907 0.3376851517 0.3796996331 0.5223074736 0.6734005822 0.7939537647 0.9046013425 0.9426839067 0.8233735160 0.6800864603 0.5658634483 0.4764144456 0.3312399663 0.2848244149 0.1883270998 0.1822469851 0.2206660739 0.2407802853 0.2024528803 0.1684259238 0.1807862093 0.1808212946 0.2123342496 0.2556934154 0.2294682215 0.1685632225 0.2090947984 0.2145801268 0.2306419256 0.2093228406 0.1811664892 0.2402357975 0.2146736065 0.2189855622 0.1636284065 0.2417556831 0.2139557162 0.2862418996 0.2748453865 0.3887082887 0.5507502299 0.6841051831 0.7769394262 0.8056483580 0.9019531866 0.8796595223 0.7434059124 0.6091668812 0.4878758550 0.3773248600 0.2938564491 0.1740315693 0.2036982177 0.1816037060 0.2468952884 0.1882938223 0.1641361825 0.2054390655 0.2295489217 0.2136327559 0.1640201468 0.1568711215 0.2269188069 0.1917866603 0.2242420378 0.1982898373 0.1847710697 0.2442525636 0.2285974888 0.2208364191 0.2181457209 0.2712080354 0.1882258909 0.2797832109
0.1476333202 0.1861685431 0.1659321686 0.1844443874 0.2043885611 0.1691902525 0.2497779030 0.2850887365 0.2642502980 0.4222426051 0.4975761775 0.7118625911 0.8283808927 0.8634514906 0.8706111195 0.8577177109 0.7150696641 0.5209221243 0.4220057876 0.3254303059 0.2444655354 0.2212407893 0.1765452715 0.2157408420 0.1978071060 0.1884796205 0.1898571102 0.1647202987 0.2124077401 0.2016232694 0.2012779382 0.1854446386 0.2215561379 0.1852635754 0.1798193084 0.2388122047 0.1385962906 0.1869583990 0.1944471258 0.1839130698 0.1822457599 0.1746528626 0.1822883219 0.1763866626 0.2544708319 0.3134661470 0.3923882164 0.5966096669 0.6761155230 0.8433814601 0.9228506228 0.8976133039 0.8356584029 0.7100071846 0.5221330639 0.4301874694 0.3208671829 0.2515559407 0.2108514800 0.2042806526 0.2322812255 0.2329678896 0.2101906649 0.1827173534 0.1833851258 0.2089077305 0.2206857121 0.1661959692 0.1707648846 0.1633911289 0.2238130126 0.1693521870 0.1943747022 0.1708812402 0.1851555825 0.2220041124 0.1999587742 0.1821465966 0.1815888063 0.1717152208 0.2220758710 0.3005375559 0.3199491016 0.3654523359 0.5669435909 0.6257144504 0.7472137012 0.8916125178 0.9408268006 0.8433050944 0.7346183088 0.5874649673 0.4246141777 0.3331028906 0.3188725919 0.2533265953 0.1974926949 0.2401904887 0.1977776319 0.2069052846 0.2044667701 0.2339086673 0.2041258112 0.2066934791 0.1773664537 0.1537563142 0.1815279363 0.1584928577 0.1629199954 0.1763603881 0.2341239616 0.1974526959 0.1762305697 0.2208711608 0.2159590589 0.2243209374 0.2194588068 0.2182652885 0.2518915551 0.3663448338 0.3708479090 0.4559140686 0.6593338271 0.7940445054 0.8916512181 0.8473033193 0.8701503364 0.7769966816 0.6011439346 0.4070289736 0.3920870083 0.2543320669 0.2214002264 0.2014099967 0.1860628148 0.1653414951 0.2027803444 0.1957863858 0.2045137706 0.2458280145 0.2582721058 0.2309201229 0.2747741761 0.2066229694 0.2207655852 0.2080929514 0.2048545957 0.1997323987 0.1741375003 0.1961499203 0.2163575617 0.2245264322 0.1965055307 0.2369620166 0.2415183025 0.2543543984 0.3331647051 0.3831740061 0.4912545511 0.6287936817 0.8089833292 0.9065967671 0.9383694874 0.8566221680 0.7468724931 0.5704606841 0.4926487111 0.3575932252 0.3181236773 0.2537431414 0.2355412949 0.1932592724 0.1781581671 0.2178164324 0.2226835578 0.1663593085 0.2509509016 0.1996401885 0.2070334718 0.1931412561 0.1651901630 0.2304722035 0.2614100841 0.2429996892 0.2552456893 0.1863045967 0.2247657346 0.1999962543 0.2828695370 0.2184021383 0.2196112269 0.2317109845
0.1764395963 0.2015570318 0.1500233728 0.2053281530 0.2049177079 0.1805698659 0.2571180428 0.3121607995 0.2902808807 0.3894244623 0.5501363344 0.7259186875 0.8703897694 0.9015259147 0.8649917009 0.7948513777 0.6864904035 0.4579095386 0.4230300207 0.3128033869 0.2683842072 0.2620947190 0.2125939368 0.2232901833 0.2308479728 0.1992582821 0.1613878356 0.1970536265 0.2620136208 0.1894019170 0.2111405709 0.2122318321 0.1927909705 0.2277754899 0.1593852391 0.1966402372 0.2330691466 0.2198776070 0.1427918409 0.1778720853 0.1954170190 0.1609423482 0.1809796456 0.2195795377 0.2624670816 0.3377247867 0.4213544764 0.6040750685 0.6994668263 0.8040061601 0.9232724786 0.9163605830 0.7904853980 0.7268484689 0.5100328018 0.4616187956 0.3401751692 0.2356774780 0.2363055717 0.2016394548 0.1984191080 0.1863306881 0.2088055886 0.1765104711 0.1921029823 0.1869524753 0.1884524369 0.1633803402 0.2021518276 0.1889705511 0.2326683515 0.1653558837 0.2260636400 0.1840140195 0.2361895894 0.1806353825 0.1942013192 0.1889412921 0.2334630840 0.2266985140 0.2398134192 0.2349533360 0.2654799597 0.3918817962 0.5642856983 0.6814073700 0.8338034114 0.9049213132 0.9132300347 0.8550346813 0.7183696546 0.5613597242 0.4724730735 0.3198144165 0.2810532909 0.2061753209 0.2355534112 0.2074946036 0.2059139834 0.1637301381 0.2337515585 0.1754429405 0.2600682871 0.1573166533 0.1723670719 0.2039517326 0.1885810652 0.2009600044 0.1922208923 0.1834189333 0.2139961481 0.1977502630 0.2019312358 0.1786451516 0.2154255277 0.2230891361 0.1658571048 0.2210659887 0.2684037725 0.2470400307 0.3561584095 0.5260219918 0.6698692224 0.8220403441 0.9113058033 0.9334317232 0.9181666466 0.7944126927 0.5852144699 0.4553085288 0.3581085323 0.2447146694 0.2573110490 0.1750851030 0.1969965514 0.1466611922 0.2682632129 0.1907175324 0.1647400457 0.1976296209 0.1731472518 0.2105789260 0.1764048207 0.2224819175 0.1210900623 0.2123121081 0.2470334849 0.2121113993 0.1991579940 0.1863897253 0.2039692590 0.2125507888 0.2447842910 0.1987167380 0.2057125395 0.2496043188 0.2504612765 0.3538675272 0.5150808303 0.6334473753 0.8009436179 0.8782210140 0.8709702821 0.8751310798 0.7976752094 0.5927745517 0.4950506849 0.3992565738 0.3126424949 0.2244603787 0.2325533512 0.2538084067 0.2476327262 0.1871228433 0.1908675061 0.2112758920 0.2899831404 0.2782088888 0.2265096609 0.1960968316 0.1549505942 0.2031645120 0.2551414147 0.2248980580 0.2071250450 0.2713317354 0.2166860426 0.2089829806 0.1804001900 0.2242931825 0.2442157962 0.2922704798
0.2345382877 0.2067242087 0.1623120154 0.1704677327 0.1924378175 0.1915826634 0.2011623275 0.2496804032 0.3172913340 0.4149298023 0.5674412312 0.6972466970 0.8014490994 0.9168243756 0.8825041280 0.8661408246 0.6840354175 0.5312324197 0.3399448228 0.3274191735 0.2263570848 0.2227905616 0.1693277430 0.2268895555 0.1922397662 0.1867818156 0.1567482701 0.1972544287 0.1860507066 0.1693818479 0.1976921928 0.1681500643 0.1668790674 0.1791956822 0.1662837547 0.2067209588 0.2100009206 0.2267434460 0.2185055652 0.1684743071 0.2088747086 0.2103691765 0.1842929796 0.2025859376 0.2307444210 0.3261902340 0.4204988486 0.5283584504 0.6246738789 0.8342398843 0.8936165533 0.8994263924 0.8532120500 0.6974319167 0.5386654925 0.4188687695 0.3305000487 0.2400820381 0.2193162993 0.1914506299 0.1949230228 0.2031286417 0.1809514102 0.1834379429 0.1978859249 0.1919868925 0.1467394599 0.2835544829 0.1456074509 0.2000073187 0.2198033895 0.2116568114 0.2019833385 0.1943077041 0.2243466522 0.1660809124 0.2352221953 0.1552993318 0.2275424590 0.2569499311 0.1917767645 0.2369061609 0.2857506222 0.3609195084 0.5246766265 0.7003130233 0.8224139137 0.9050630219 0.9114639070 0.8617177023 0.7293915955 0.5853923049 0.3579477817 0.3504389291 0.2817762424 0.1919778484 0.2307691100 0.2248694219 0.1592632332 0.1988994691 0.1815892299 0.2362010609 0.1908412299 0.2684383332 0.1973082636 0.1415735074 0.1732914268 0.1586989328 0.2448361162 0.1839292675 0.2281184542 0.1945061642 0.1790690550 0.2202011263 0.2546666245 0.2532489873 0.2243634789 0.2283884925 0.2523093451 0.2899164033 0.3831123467 0.4862411473 0.6772900895 0.8285218478 0.8727183299 0.9676757429 0.8814184059 0.7249016584 0.6523200082 0.4657140728 0.3328370159 0.2935351018 0.2200838574 0.2120757055 0.2014119017 0.2315885355 0.2140127727 0.2258657649 0.1907815991 0.1885549126 0.1317977603 0.2012650721 0.1675354671 0.1877200538 0.2032281312 0.2190846783 0.1780704804 0.2076880582 0.1794590405 0.1730520755 0.1584815423 0.1789784782 0.1854943360 0.2270775589 0.2435075969 0.2280644090 0.2835328691 0.4392748062 0.5029470886 0.6225874762 0.8076105927 0.9057985269 0.9619127497 0.8664309661 0.8150731776 0.6534662292 0.4691258772 0.3776341156 0.3316486168 0.2095551039 0.1974196116 0.2506577296 0.1824791186 0.2634866376 0.2242332763 0.2332948440 0.1953208523 0.2423823764 0.2311617140 0.2186684339 0.1899121772 0.2225190849 0.1966110643 0.2145465618 0.2275631188 0.1871154492 0.1915704832 0.1979746415 0.1915079805 0.2489600946 0.2220119332 0.2193126389
0.1838218807 0.1694328175 0.1961565023 0.2016161073 0.1662647669 0.1892637053 0.2325782924 0.3169770287 0.3180530573 0.3924734511 0.5825245474 0.7307805174 0.8382030934 0.8502537372 0.9110251886 0.8256395372 0.6308569176 0.5318502870 0.4139840813 0.2666741491 0.2276470591 0.2004697434 0.2095383896 0.1947265805 0.1822965366 0.1928646320 0.2165086659 0.1797756791 0.1869626785 0.1997912434 0.2114163332 0.2042657813 0.1753165787 0.1861273093 0.2563929307 0.1505911755 0.1926494843 0.1893752115 0.1897791018 0.2277354945 0.1821232767 0.2215268384 0.2306557083 0.2857160387 0.2156011332 0.3331221133 0.4167227227 0.4877280403 0.7105999141 0.8385926480 0.8306149862 0.8874174937 0.8423651068 0.6441229635 0.5598058387 0.4292150595 0.3211425019 0.2931195236 0.1986358351 0.2059434846 0.1716881115 0.1738325570 0.1743248127 0.2040203540 0.1846821214 0.1742773629 0.2435892994 0.1689446105 0.1497578178 0.2082559406 0.1897037900 0.1744104150 0.2398309749 0.1713438780 0.1454192299 0.1619542273 0.1571820345 0.1694938766 0.1937392586 0.2160409879 0.1972465960 0.2452948989 0.2432795528 0.3562838902 0.4768705351 0.7156787089 0.8422857879 0.8973543819 0.9185644550 0.8384870813 0.6999732358 0.5849373160 0.3960367490 0.3287190286 0.3034079589 0.2124694181 0.2278824284 0.1980887175 0.1719603271 0.2048909603 0.2237282428 0.1729352768 0.2208092630 0.2089451095 0.1973031873 0.2093880343 0.2328090705 0.1635375143 0.2375383613 0.2108947528 0.1944390786 0.1823817263 0.2201963417 0.1864987768 0.2059930569 0.1851513761 0.2254609102 0.2563028215 0.2197010664 0.3254948105 0.3987035611 0.5300529257 0.7022244249 0.7694829246 0.9283804545 0.8708159484 0.8777416307 0.7240621945 0.5899442051 0.4559833929 0.3832997293 0.2274094545 0.2853745967 0.2274836191 0.1866812118 0.1774799966 0.2352046224 0.2601187468 0.1857583958 0.1692500455 0.2579081348 0.1528063400 0.1913006778 0.2166749460 0.2216492307 0.2082964749 0.1808115605 0.2132665933 0.1950160077 0.1696051969 0.2042298742 0.2540673736 0.2018913658 0.1994847857 0.1705241316 0.2527940556 0.2862271763 0.3725340143 0.5332376777 0.5977688046 0.7815900633 0.8857892961 0.9053111437 0.8863151916 0.7389237726 0.6335160453 0.4812333453 0.3748420266 0.3884788322 0.2277849376 0.1698218858 0.1849210692 0.1879991611 0.2090307718 0.1720010872 0.2224659958 0.2362214692 0.2207707660 0.1935238482 0.1765449635 0.2327203372 0.1687185611 0.1998780898 0.2201414168 0.1746647344 0.1708757459 0.1969247147 0.1644994675 0.1974574019 0.2016317721 0.1991388845 0.1785385009
0.1720406874 0.1463219784 0.1657758701 0.1940064308 0.1613270191 0.2246778522 0.1772829087 0.2573915773 0.3459901740 0.4173462401 0.5544132376 0.7198910163 0.7939037164 0.8642469370 0.9259551981 0.7548679183 0.6412563273 0.5494453603 0.4045634643 0.3549147113 0.2205952317 0.1901393653 0.1728186397 0.2012341272 0.1932157340 0.1654198616 0.1809014119 0.1457097494 0.1683875796 0.1197245811 0.1732387279 0.2417217328 0.2237766553 0.2111465609 0.1573737772 0.1924053842 0.1855755274 0.1749968918 0.2299046456 0.1809223157 0.1713744171 0.2028664085 0.2230831182 0.1866356006 0.2234015348 0.2967780635 0.4023927183 0.4987528135 0.6777175692 0.8012015134 0.8844438704 0.9111765910 0.8086679834 0.6579310029 0.5336822291 0.4268339732 0.3322753780 0.2100112374 0.2009745419 0.1803738135 0.1995964512 0.1792378671 0.1654385095 0.1986414181 0.2097429110 0.2167800619 0.2130474610 0.2165272161 0.1833978806 0.2047807490 0.1655275115 0.1726716925 0.1477810379 0.2183564079 0.2546753846 0.2546927750 0.1995830667 0.2246276426 0.2037127657 0.1775895580 0.2069076181 0.2879077743 0.2878184101 0.3753604909 0.4868020357 0.6326046693 0.7314445495 0.8812321352 0.9020958244 0.8737181707 0.7421672286 0.5693004649 0.4471671343 0.3225370851 0.2748283822 0.1963182654 0.1767607634 0.1838413682 0.1971110021 0.1787565324 0.1864010481 0.1688573339 0.1723596588 0.2188200682 0.2308560806 0.1794051715 0.2179463282 0.2060791120 0.1875561444 0.2170826333 0.1745532878 0.1922266360 0.1408210643 0.2180508430 0.1712008031 0.2033657284 0.1970462135 0.1951212639 0.2706479790 0.3310883028 0.4029737462 0.4659214864 0.6271420461 0.7967754328 0.8968546601 0.9362071849 0.8826868381 0.7742888316 0.5994184809 0.4393481030 0.4042857649 0.2440350202 0.2349144886 0.2003341253 0.1929201284 0.2165461432 0.2255061109 0.1699870197 0.1689331452 0.1896038656 0.2014093394 0.2012055380 0.1401646607 0.1783030596 0.1474420608 0.1934860413 0.2173770000 0.1823631349 0.1774206238 0.1660378425 0.1894230073 0.1730383602 0.1879707365 0.2364611880 0.1836520600 0.2252912648 0.2955682413 0.3395082420 0.4637980974 0.6596902036 0.7956779035 0.8398554055 0.9518795551 0.8868726566 0.7605234471 0.6412886008 0.5020362431 0.3853212367 0.2961767140 0.2645364103 0.2314211463 0.2239507420 0.2392883645 0.1773015123 0.1746078638 0.1890267556 0.2445260160 0.2402139709 0.2138560070 0.2299258299 0.1703713208 0.2412170513 0.1781960398 0.1911187144 0.2393372026 0.2187249220 0.2201343392 0.2004988803 0.1967662004 0.2178021451 0.1828244417 0.2488649157
0.1884473949 0.2217868574 0.1933409284 0.1700572348 0.1957064952 0.1921557006 0.2109117859 0.2150204232 0.3403754803 0.4303520836 0.5048569550 0.6584222397 0.8145050431 0.8256472275 0.8658695407 0.8092529646 0.6527393503 0.5526351890 0.3810053658 0.2882262657 0.2158890924 0.1583908471 0.2036637331 0.1728391473 0.1677847074 0.1827662253 0.1951532422 0.1688249217 0.1593767493 0.1989941010 0.1809122363 0.1752457610 0.2116485478 0.1976585942 0.2031007024 0.2221931359 0.2445210482 0.1545353559 0.1702336275 0.2125394808 0.2111345582 0.1516672449 0.2054886560 0.2075270207 0.2305544204 0.2906990088 0.3678270767 0.5139779104 0.6158953715 0.8397656220 0.8962567041 0.9052199547 0.8669131631 0.6606876145 0.5049640476 0.4541632823 0.2978007987 0.2678773176 0.2136497479 0.1889529819 0.1940184989 0.2098902268 0.1798234077 0.1914719159 0.2001095260 0.1512738801 0.1188502444 0.1916988940 0.2201814797 0.2190625775 0.1849792087 0.2087527989 0.1678451052 0.2140928234 0.1610167014 0.1980597161 0.2261818081 0.1972342478 0.1950025100 0.2126615028 0.2193245347 0.3053958854 0.2937927152 0.3739041084 0.5111983115 0.6580492205 0.7726527985 0.8686137882 0.9088463119 0.8412182364 0.6863087207 0.5968326636 0.4284232370 0.2915453556 0.2454377257 0.2348013665 0.1768394423 0.2121112455 0.2155974483 0.1432103090 0.1875155136 0.2023339979 0.2406865162 0.1557189419 0.2382473211 0.1801388275 0.2153976121 0.1936333826 0.2102054293 0.1994050308 0.1877377419 0.1718979810 0.2050288583 0.2030669496 0.1788251697 0.2049773352 0.1543335912 0.1574341822 0.2294485949 0.3194915211 0.3901118478 0.4771496682 0.6605992365 0.7433104398 0.9007360892 0.9193533264 0.8205531928 0.6897252687 0.5981352134 0.4632587824 0.3499715544 0.2770859106 0.2548707772 0.2022084670 0.1775475123 0.2140772214 0.2080837496 0.1884514749 0.1344912706 0.1861040363 0.2018461639 0.1584297491 0.2177221083 0.1857842305 0.2171174618 0.2313775004 0.1843009795 0.1808819193 0.1679608018 0.1746066563 0.1889173945 0.2122644922 0.2119063586 0.2237263006 0.2381460239 0.2822400892 0.2687900117 0.3094175930 0.4391783218 0.6835176472 0.7643515623 0.8710039962 0.9460179489 0.8569945842 0.7604067131 0.5909958816 0.4984594336 0.3479730102 0.3039196556 0.2593299175 0.2729971158 0.2076607601 0.1679818015 0.1841528649 0.1862605347 0.1760036826 0.1469318846 0.2348423814 0.2545120212 0.1370692560 0.2273387742 0.1791865754 0.1793288944 0.1571892302 0.1728799465 0.1582278685 0.2467316922 0.2028471226 0.1731931719 0.2273499734 0.2039791487 0.2258912461
0.2060064623 0.1989114812 0.1438695800 0.1973845608 0.1703171916 0.1405659844 0.1851506557 0.2397710355 0.2958481125 0.4335485041 0.4999770089 0.6768606433 0.7735344880 0.8668561825 0.8794726824 0.8400101969 0.6536956612 0.5259232941 0.3559264747 0.3147296009 0.2715463080 0.1847513734 0.2031927441 0.1617053195 0.2005641382 0.2032343236 0.1641078566 0.1591271783 0.1823028363 0.1941016397 0.1818709533 0.1655158832 0.1601185900 0.1568488866 0.1803135266 0.1012275471 0.1885764465 0.1671861528 0.1970502533 0.1858907500 0.2177558585 0.2354168051 0.2048766490 0.1940647690 0.1966295925 0.2689724842 0.3944195260 0.4490144064 0.6579222593 0.7787175233 0.8374499263 0.8865151744 0.7751706924 0.6523045851 0.5091367316 0.3842182948 0.3107929379 0.2890590163 0.2320519699 0.1484384002 0.1854859871 0.1838059296 0.1758829007 0.2060170193 0.1207870428 0.1876553764 0.1485171453 0.1741982473 0.1679127825 0.1325474538 0.1564805317 0.1664334483 0.1861061998 0.1996629458 0.1846676871 0.1298100697 0.1022190415 0.1990719047 0.1886408832 0.2217354944 0.2626371554 0.2220625523 0.2665631855 0.3394642117 0.4935766040 0.6441044253 0.7763787065 0.8618082446 0.9054946212 0.8710035224 0.6893837025 0.5790252045 0.4731981716 0.3237366697 0.2430480718 0.1688912443 0.2347849932 0.2432070088 0.2229549238 0.1967579360 0.2315732173 0.1881946514 0.2278994824 0.2390171589 0.1380222502 0.2019095980 0.2244080006 0.2215678715 0.1848174984 0.1944342830 0.2113130413 0.2181393711 0.1820749506 0.2278571267 0.1931766879 0.1821992131 0.1609197948 0.2236284250 0.2315882013 0.2458230784 0.3614656486 0.4803323955 0.5999333334 0.8216473983 0.8727822547 0.8867593939 0.8619469643 0.7579388383 0.6343364134 0.4423429292 0.3215439653 0.2516411956 0.2806878380 0.2055400624 0.1585213751 0.2704164263 0.1928324413 0.1950952790 0.1784373373 0.1947816943 0.2250087036 0.1649466223 0.2188656750 0.1932044977 0.2121916186 0.2389842861 0.1839685905 0.1946047382 0.2244253310 0.1742758851 0.1785749429 0.2334270718 0.2475078509 0.1806579186 0.1816468056 0.1813863570 0.2795358550 0.3839171084 0.4562792727 0.6285640580 0.7762659940 0.8377453235 0.8907969111 0.8377538866 0.7219653861 0.6165182876 0.4404216137 0.3783689256 0.2554006693 0.2470600161 0.1980835935 0.2409248475 0.1934455012 0.1858299514 0.1615433922 0.2046987366 0.1782794601 0.1603508974 0.2510953796 0.2035704302 0.2126979247 0.1959247511 0.1879023404 0.2014523965 0.1373520677 0.2474140795 0.1018446826 0.1577916696 0.2412685238 0.1961979046 0.2028564848 0.1946462111
0.1525170626 0.1335572545 0.1045619027 0.1491042518 0.1439411327 0.2336267755 0.2246954467 0.2395580457 0.3166699686 0.3262251357 0.5491550028 0.6605823936 0.7534284773 0.9149500069 0.8666460929 0.8482566154 0.6232011655 0.5154845277 0.3721212452 0.3144864799 0.1872666016 0.2184169010 0.1580344298 0.1527507313 0.1747754753 0.1782847442 0.1846071548 0.1603068554 0.1632033904 0.1900751044 0.2026109190 0.1432769254 0.2000840766 0.1629540186 0.1240780713 0.1514278699 0.1723081956 0.2036606529 0.1348389022 0.1748314211 0.1519680233 0.1771128890 0.1961392787 0.2036799543 0.2192813358 0.2919865078 0.3875173492 0.4996546092 0.6507220658 0.7580273958 0.9044505999 0.9382364528 0.8215024594 0.6998306832 0.5509640559 0.4130427051 0.3473597896 0.2072677280 0.2251057496 0.1864458733 0.1334757137 0.1847337820 0.1450605849 0.1613963590 0.1740846820 0.1546732782 0.2035010596 0.1808942888 0.1905755419 0.2194429568 0.1521517218 0.1656853956 0.1848412795 0.1626647883 0.1347838023 0.1508258346 0.1762068982 0.1867413924 0.1225717381 0.1413385486 0.1853484502 0.2618798878 0.2951165897 0.2925500305 0.4611318110 0.6803029914 0.8096245080 0.8877138259 0.8540953739 0.8382522364 0.7389963878 0.5761841269 0.4490983288 0.3659180828 0.2295711105 0.1817099383 0.2082293738 0.1287269812 0.1788260544 0.2004827740 0.1604679160 0.1304081568 0.1306860186 0.1774778228 0.1367875672 0.1199264365 0.2059880436 0.1811480482 0.2135938310 0.1673485569 0.1783558803 0.1847165237 0.1941034450 0.1697416380 0.1780132417 0.2015889937 0.1915257317 0.1760019235 0.2047965438 0.2845446410 0.3272763348 0.4587722848 0.6454993513 0.8041361231 0.8947215571 0.8784235825 0.8685444643 0.7170698063 0.5492964293 0.4475662528 0.3450036348 0.2867265463 0.2277494440 0.2353354618 0.1550103078 0.1629212466 0.1892608896 0.1703369749 0.1447473852 0.1805509982 0.2188574117 0.1166673894 0.1832344012 0.1524001894 0.1423563302 0.1460755469 0.1739698193 0.1985366952 0.1951320374 0.2043545209 0.1577736122 0.1471999005 0.1885806585 0.2000855877 0.2081625874 0.1836208834 0.2877537614 0.3380510530 0.4628919776 0.6391613167 0.7578312001 0.8732453220 0.8971465992 0.8814060556 0.7900371967 0.6036340505 0.4866414954 0.3783393035 0.2786906879 0.2202026659 0.1803060302 0.1913699612 0.1627028885 0.1982729481 0.1768309846 0.2488839375 0.1660693050 0.2221603742 0.2150266317 0.2015175846 0.1353623865 0.1950973166 0.2046971715 0.1504661190 0.1348150909 0.1720664157 0.1732219919 0.1808636119 0.1743264382 0.2010892571 0.2238957504 0.2200942064
0.1946808769 0.1692624794 0.0900903311 0.0957292228 0.1710053960 0.1280536788 0.1871594062 0.2790744741 0.3338197684 0.3583617568 0.4491612300 0.6556614497 0.7563931156 0.8864451097 0.8735623984 0.8344314528 0.6359372492 0.5325489140 0.3470376196 0.3333777114 0.1952984268 0.2053758620 0.1561415735 0.2260520564 0.1496615186 0.1350304424 0.1466779268 0.1413216124 0.1877129138 0.1241232607 0.1421071820 0.2310264823 0.1925380942 0.1556590650 0.1717212618 0.1896243693 0.1999422500 0.1790835055 0.1603049394 0.1334113879 0.2238611103 0.1484737463 0.2172466524 0.2047988774 0.2004852682 0.2936572423 0.3258547109 0.5343178026 0.6358727290 0.7614929201 0.8230373197 0.8805690965 0.8192900858 0.6791046913 0.5529079479 0.4502913336 0.2958007461 0.2331658446 0.2098645880 0.1860135254 0.1430230635 0.1707329376 0.2056930942 0.1722313796 0.1436497839 0.1778951484 0.1931168891 0.1589248871 0.1642626526 0.1359633791 0.1664919817 0.1876660800 0.2180374917 0.1375043029 0.2038666441 0.1566718079 0.1195501991 0.1623378968 0.1960224420 0.1793216399 0.2551669610 0.1925079318 0.2463170572 0.3995737833 0.4522210069 0.6661655248 0.7479492104 0.8541741517 0.8702080889 0.8197476951 0.7068976655 0.5634706493 0.3982106896 0.2892267955 0.2318523160 0.1933059748 0.1708412096 0.2009398401 0.1746603465 0.1484873484 0.1882518453 0.1408645873 0.1861920764 0.1283796038 0.1815418203 0.1501822116 0.1816881936 0.1878809361 0.2348865936 0.1847427877 0.1928751884 0.1588270787 0.1911127800 0.1531924386 0.1829487974 0.1713522943 0.1514781106 0.2312028542 0.2409225994 0.2290307434 0.3733468704 0.4135344080 0.6012625765 0.7838823303 0.8575073907 0.9110722767 0.8623946488 0.7291995892 0.6160027541 0.4599328691 0.3696743188 0.1883642726 0.1992561951 0.2487164720 0.1631887194 0.1832894876 0.1955839423 0.1918197978 0.2200316948 0.1464534551 0.1832210236 0.2518856141 0.1228936307 0.1848638031 0.1535730022 0.1440167898 0.1249227520 0.1371822141 0.1653609047 0.2152807865 0.1951951927 0.1884274660 0.1472579131 0.2043251451 0.1923138459 0.2316427477 0.2567641077 0.3072564455 0.4673600162 0.5530074086 0.7402199247 0.8634429069 0.9682287478 0.8680345290 0.7735439728 0.6491831843 0.4500950534 0.3200155564 0.2519889853 0.2353870214 0.1707060723 0.2175293539 0.1949535051 0.2358318875 0.1661101778 0.1501957133 0.1603910476 0.1848866064 0.1951706383 0.1810742311 0.2041538467 0.1957188111 0.1793330239 0.1356070034 0.1672386513 0.1687272368 0.1707870739 0.1372959407 0.1454863313 0.2008511687 0.2029396134 0.2595899099
0.1251754292 0.1753662320 0.1738743981 0.1800874281 0.1709299936 0.1876411241 0.1736042273 0.2344883090 0.2013675219 0.4160738658 0.4695964493 0.6657357639 0.7411193946 0.8157382434 0.8823775310 0.7900356823 0.6543824553 0.4932600187 0.4018565229 0.2966437100 0.2462393617 0.1734748872 0.2024890459 0.1618428074 0.1787172492 0.1466996446 0.1747426827 0.1747487134 0.2274403694 0.1759488374 0.1515753717 0.1616506062 0.1952449608 0.1406728765 0.1407069780 0.2007241891 0.1739229141 0.1599306639 0.1465349783 0.2116835409 0.1412447495 0.1761408083 0.1670842169 0.1751002833 0.1898604737 0.2906672312 0.3657026574 0.4673313292 0.6499114701 0.7425115478 0.8783047029 0.8436845509 0.8443665968 0.7243449058 0.4964765763 0.4101628406 0.3311573172 0.1964941956 0.2369534850 0.1871138141 0.1534254131 0.1640260695 0.1884975783 0.1863936828 0.2156887476 0.1696225861 0.1325536781 0.1880149575 0.1789574270 0.1101075649 0.1480603323 0.1309238502 0.1614001720 0.1332537784 0.1761082966 0.1897836335 0.1766003386 0.1857098759 0.1770823852 0.1676398708 0.2292181273 0.2173835111 0.2907625865 0.3705053352 0.4786577632 0.6000635675 0.7446845140 0.8436835087 0.9109102380 0.8107417860 0.7346236532 0.5714374578 0.4524538429 0.2789559285 0.2652244009 0.2112999239 0.2394699238 0.2193857639 0.1839689045 0.2035244505 0.1364144752 0.1399331688 0.1972561579 0.1999316661 0.2097319089 0.2086441022 0.1686315801 0.1520746492 0.2616093600 0.1796542623 0.1750698841 0.1654895076 0.1872346342 0.2023896727 0.1671274912 0.2192971173 0.1726351469 0.1508207800 0.1897035856 0.2949065184 0.3181163434 0.4147161666 0.6008051244 0.7534338776 0.8167876810 0.8933372080 0.8829264268 0.7333262909 0.5702304602 0.4925864241 0.3363441077 0.2886624359 0.2261820355 0.2075942752 0.1935463056 0.2168329095 0.1648134265 0.1575599253 0.2036458530 0.2530143034 0.2010493162 0.1643074465 0.1801169294 0.1764573369 0.1868769642 0.1879489301 0.1908773500 0.2363833229 0.1723850080 0.2065241917 0.1833217809 0.2165590940 0.1578584484 0.2019763747 0.2432952396 0.2052045669 0.2247070276 0.4160751738 0.4554253168 0.6194576719 0.7405115975 0.8233941178 0.8818708719 0.8939287024 0.7636542402 0.6450039321 0.5078877819 0.3365421784 0.3075799045 0.1817575575 0.1971593379 0.2304628607 0.2073020707 0.2123525411 0.1577195107 0.2181552868 0.1973396676 0.2176107738 0.1851806982 0.2018344824 0.1515055085 0.1975135761 0.1454309786 0.1860325810 0.1733262322 0.2583325883 0.2133731053 0.1765337702 0.1549027720 0.2127680497 0.2108478349 0.1411783118
0.1459835773 0.2129277390 0.1271414016 0.2091556851 0.1535005725 0.1740291587 0.1861597877 0.1957944896 0.2607282361 0.3657093870 0.5162959334 0.6265055838 0.7494674581 0.8440300782 0.8493128487 0.8220999026 0.6831185515 0.5776156738 0.3863071138 0.2848924848 0.2053806394 0.2532818585 0.2055889664 0.1773328346 0.1830279768 0.1890077285 0.1588517954 0.1956578408 0.1415727897 0.1923198264 0.1795939844 0.1946241530 0.1536508559 0.1713167426 0.1348195217 0.1533161729 0.1705634663 0.1516946498 0.1685147338 0.2015180013 0.2035283444 0.1559761725 0.1671162725 0.1252814041 0.2140362406 0.2567258669 0.4348946042 0.4926235845 0.6029764495 0.7959230313 0.8914423953 0.8489873999 0.7863515299 0.7079724509 0.5238472938 0.4236626708 0.3349702693 0.2647961311 0.2135535772 0.1597945084 0.1785235599 0.1586590995 0.1549850042 0.1674473433 0.1730733192 0.1481285082 0.2176270485 0.1640245021 0.1490590383 0.1225884837 0.1722389651 0.1836729151 0.1478744242 0.1641553507 0.1437484255 0.2216999115 0.2031000610 0.2275017437 0.1962935708 0.1874191506 0.1766741020 0.2115769313 0.2442527262 0.3522444224 0.4876941695 0.6228613830 0.7571728861 0.9156159475 0.8860761047 0.8564091255 0.7577100223 0.5662756490 0.4336545954 0.2881884783 0.2346315659 0.2322049029 0.1865248918 0.1968769356 0.1960225268 0.2188018203 0.1735498084 0.1717110061 0.1378157133 0.1562227963 0.1870868594 0.1655068215 0.2439753008 0.1758108533 0.2466126969 0.1503503051 0.1693839545 0.1118993878 0.2214005074 0.2028256904 0.1901994982 0.2411359279 0.2255878280 0.2261708572 0.2332849628 0.2797448625 0.3722331179 0.4775890471 0.5917407185 0.7508391255 0.8534172776 0.8823402603 0.9137532225 0.7009946227 0.6210870032 0.4474511307 0.3657196902 0.2969186919 0.2058880847 0.1995597780 0.1673356767 0.1797085061 0.1567594902 0.1716193231 0.1691103909 0.1832548296 0.1902067964 0.1927045508 0.1751370342 0.1854934052 0.2133128510 0.1779182982 0.1664236399 0.1870046605 0.2244891870 0.2133642127 0.2034715779 0.1846547163 0.2315154116 0.2305012160 0.1843918429 0.2429994953 0.3319558321 0.3016110562 0.3995187450 0.6284558310 0.7710843727 0.8553522809 0.9159704150 0.8257256782 0.7720337798 0.5821276700 0.4699036846 0.3678567859 0.2880435114 0.2737148119 0.2348238354 0.1756393405 0.1841191139 0.2064371975 0.1986249082 0.2010449373 0.2380847992 0.1756982566 0.2072364021 0.1819268309 0.1923608705 0.1482478054 0.1817687080 0.1687302510 0.2154981834 0.1852761442 0.2040719134 0.2160328030 0.1434290084 0.2128381193 0.1872551801 0.1659337707
0.1794510165 0.2342105370 0.1792003078 0.1606814143 0.2355320428 0.1868492767 0.1491216571 0.1926593788 0.3406757213 0.3469290662 0.5398063705 0.6167818942 0.7846865260 0.8610579818 0.8579325019 0.8504020366 0.6989839157 0.5793724813 0.4350919976 0.3148136815 0.2016001992 0.1589152869 0.2431059290 0.1283029274 0.1963812627 0.1609266604 0.1825294830 0.1642229275 0.1899652133 0.2168853331 0.1762567006 0.1784375461 0.1292504078 0.2049088929 0.1921668873 0.1512793148 0.1721510215 0.1517974017 0.2061686717 0.1631476000 0.1779813400 0.1281272389 0.1851504315 0.2029241022 0.2053967508 0.2986662118 0.3400888196 0.4285615341 0.6696383333 0.7657628566 0.8522779216 0.8588662350 0.8452438246 0.7071834349 0.5895262397 0.4702299658 0.3457099501 0.2615369087 0.1642190178 0.1907578013 0.1340637394 0.1589876184 0.1459580749 0.1698977919 0.1708948391 0.1625007839 0.2070544396 0.2048779522 0.1992563445 0.1767321865 0.1894518439 0.1592708538 0.1976078670 0.2163749038 0.1731636596 0.1989816739 0.2349333030 0.1444304385 0.1893405584 0.2013900006 0.1759842676 0.1794698559 0.3373174823 0.3589044422 0.5119492303 0.6591446384 0.7541663766 0.9195813220 0.8747745889 0.8927466604 0.7302229137 0.6568428381 0.4641821640 0.3477039745 0.2962725550 0.2629042340 0.1881210375 0.2068016359 0.2017050169 0.1708976054 0.1870415196 0.1451811361 0.1844749715 0.2006885329 0.1836599903 0.2121991227 0.2109049334 0.1383069332 0.1902958080 0.1262361307 0.1842302574 0.1759538502 0.1905523160 0.2094710363 0.2025125648 0.1823267383 0.1896683923 0.1768659850 0.2269797382 0.3131091679 0.3245091634 0.4708820477 0.6520259892 0.7494899123 0.9041169132 0.9320303457 0.8685724735 0.7373127015 0.6094602645 0.4540078238 0.3921252155 0.2841753671 0.1991599859 0.1999496588 0.1377897219 0.1929000130 0.1966468749 0.1540348105 0.1637925179 0.1985394951 0.1764397344 0.2166002328 0.2209032803 0.1648761372 0.1805656381 0.1702697573 0.1838375834 0.1745413687 0.2147498144 0.1534249431 0.2504881503 0.1989684559 0.2058942940 0.2085143173 0.2135137380 0.2407751131 0.2935428140 0.3749994095 0.4281195394 0.5517243972 0.7120717625 0.8575664259 0.8640419097 0.8549934314 0.7890612819 0.6538328547 0.4717278549 0.3819465330 0.2869782265 0.2420055781 0.1823720507 0.1654499444 0.1645309428 0.1923761152 0.2065156701 0.1717936811 0.1711263094 0.2347558655 0.2058038251 0.1624865557 0.1730542740 0.2139838387 0.2036373292 0.1915647470 0.1697796154 0.1968339131 0.1594607060 0.1754255206 0.2211232167 0.1908770203 0.1990367474 0.1790699730
0.2155814042 0.1543223265 0.1322606914 0.1941770970 0.1984278299 0.1861179385 0.1791619755 0.2276402368 0.2891679861 0.3593145858 0.5238452996 0.6287273509 0.7969175890 0.8982001692 0.8481696883 0.8571457362 0.6938263042 0.5952527126 0.4096388354 0.3714696847 0.2223284563 0.1888826697 0.1634415733 0.1764422680 0.1592335056 0.2185059942 0.1515573092 0.1992566477 0.2064046688 0.1874133953 0.1272498447 0.1946482227 0.2002490634 0.1958347540 0.1626626108 0.1423101010 0.1188495320 0.1251608452 0.1912386176 0.1292842473 0.1831200917 0.1721732657 0.1814834528 0.1653314887 0.2351969600 0.3282668272 0.3790509944 0.4571284412 0.6284182750 0.7821301435 0.8693447865 0.8945497255 0.8717481022 0.6905992917 0.6275171933 0.4765112277 0.3531526533 0.2618291367 0.1549622444 0.2216004628 0.1788916275 0.1747279284 0.1771744244 0.2057813322 0.1712483190 0.2020646798 0.2022380027 0.1485072884 0.1935772254 0.1810423319 0.2044183010 0.2124956843 0.1784605010 0.2150893411 0.2065605731 0.2014432274 0.1712449057 0.1933279245 0.1287167689 0.1479349079 0.1876631370 0.2074645482 0.3184154584 0.3654825442 0.4672504035 0.6169446896 0.7659760469 0.8840698638 0.8677460042 0.8185948510 0.7503016538 0.6188079608 0.4946226945 0.2893231495 0.2730187844 0.2043269736 0.1742023565 0.2233274713 0.2115986478 0.1777485059 0.1887068380 0.2078835680 0.1939704897 0.1827163305 0.1955387015 0.2230321396 0.2053275036 0.1880168024 0.2342418902 0.1920990568 0.2087484842 0.2223784662 0.1758376789 0.2104075724 0.2150012596 0.2363587543 0.1724748344 0.2397899277 0.1780430111 0.2980962043 0.3830300108 0.4781784191 0.5827148982 0.7348390036 0.8983046969 0.8686192929 0.9182519655 0.7579915479 0.6552202970 0.4689470146 0.4225475620 0.3207129309 0.2548645399 0.2001801484 0.2068851478 0.1972145539 0.1515907369 0.1748321330 0.1682551803 0.1385991806 0.1979326904 0.2313762907 0.2000345757 0.2105582663 0.1899349594 0.1783163277 0.2501742783 0.1833908746 0.1960884394 0.1697022560 0.1920012742 0.2113026307 0.2124176264 0.1618605967 0.2407195178 0.2409048509 0.3039751497 0.4227427656 0.3965653339 0.5900210423 0.7712935415 0.8240375211 0.9052870497 0.9279453420 0.7865039421 0.6493675830 0.5076617404 0.3684292995 0.3182996730 0.2087563179 0.2665985358 0.1927719222 0.1952143574 0.1864854157 0.2070959702 0.1743249313 0.1758770307 0.1554354492 0.1719174201 0.2255677469 0.2232463978 0.1883137676 0.1820567028 0.1562250113 0.2503580619 0.2031607274 0.2044601524 0.2149207604 0.1881657942 0.2233040757 0.2200482748 0.1673898873
0.1757394878 0.2200465538 0.1861013405 0.1790539759 0.2042374656 0.1608014918 0.1923603868 0.2108665377 0.3121102191 0.3908260610 0.4531094587 0.6164620691 0.7871323562 0.8643509670 0.8777544635 0.8088844895 0.7467357342 0.5630607434 0.4002018722 0.2834114416 0.2089938082 0.2312615569 0.1818144633 0.1823793060 0.2233140615 0.1873305072 0.1521491360 0.1779550591 0.2275065800 0.2213363739 0.2234772010 0.1868505702 0.1491714523 0.2067762162 0.2310029189 0.1776297914 0.2187178292 0.1175638310 0.1737349167 0.1839184509 0.2444850305 0.2511823322 0.1627801114 0.2542780759 0.2614319647 0.2825581237 0.3829772790 0.5373703459 0.6708701538 0.7976347597 0.9221920860 0.8962258028 0.8761476774 0.7262505166 0.5637800026 0.3938887173 0.3244353924 0.2991517674 0.2368742010 0.2080230144 0.1786681867 0.1649893358 0.2250393260 0.2292105550 0.1499282509 0.2306496706 0.1849124871 0.1535356003 0.2066342309 0.1616826239 0.2535663550 0.1484825237 0.2120533841 0.1900346155 0.2375315443 0.2362679049 0.2251283591 0.1465132352 0.1966103404 0.1911191257 0.1928070512 0.2503249933 0.3211695873 0.3792614064 0.5036156357 0.6258670447 0.7865568707 0.9083475455 0.8298330182 0.8615148348 0.8101333357 0.5909379672 0.4518977973 0.3552676484 0.2623219744 0.1997051775 0.2097161654 0.1425617343 0.2132197615 0.1943232112 0.1848963104 0.2004393501 0.2165541878 0.2215026802 0.1958565613 0.1760398723 0.1900260454 0.1757174582 0.2260062773 0.2015602683 0.2069261873 0.1454719174 0.2386620128 0.2091223469 0.1751160879 0.1967647931 0.2184586141 0.1550907569 0.2674958848 0.3237079933 0.3934399651 0.4585631541 0.6269512994 0.7512930442 0.9220146453 0.8877975481 0.9154350879 0.7623140947 0.6493065058 0.4926909157 0.3521745526 0.3217783114 0.2539994890 0.1873258341 0.2365704004 0.1787448572 0.1911599237 0.1866017975 0.2366402691 0.2402133169 0.1671365386 0.2296896705 0.2676197467 0.2412662421 0.1725098652 0.2194641505 0.2559863805 0.2436368370 0.2445550841 0.1530966229 0.1838690131 0.1980287629 0.1857119011 0.2287767130 0.2478334789 0.2108934021 0.3157921628 0.3857027677 0.4734181802 0.6398777609 0.7452112902 0.8466468430 0.9282874780 0.8832346082 0.8636750613 0.6631592085 0.5115884428 0.3891612736 0.3277064175 0.2782206784 0.2281406683 0.2073568595 0.2230324905 0.2153095902 0.1847183935 0.1763541835 0.1760854204 0.2458900303 0.1936544235 0.1870185869 0.1918718600 0.1554292557 0.2001565503 0.2063856194 0.2001071897 0.2126165650 0.1919845447 0.1904807463 0.2077038630 0.1560807070 0.1952486487 0.2081792662
0.1827093444 0.2074810704 0.1882208831 0.1957227308 0.2039794124 0.2233681485 0.2580930587 0.2532973068 0.2909849918 0.4188915459 0.5225733807 0.6468486009 0.8023175944 0.9257902044 0.9088971176 0.8451974489 0.7024361422 0.5652832327 0.4403045566 0.3327685977 0.2976121516 0.1969513236 0.2570220991 0.2218171194 0.2302413053 0.2007648669 0.2172998005 0.1926845209 0.1873669107 0.2011008176 0.1981982648 0.1422994795 0.2321211840 0.1914112451 0.2427921465 0.1759319063 0.1928277246 0.2131170169 0.2135723962 0.1564048604 0.2277238900 0.1764111077 0.1812464058 0.2006073235 0.2618549310 0.2951774877 0.3665677374 0.5159957535 0.6663256382 0.8181371491 0.9149117392 0.9423251657 0.8528941359 0.8194551364 0.6175618954 0.4628020042 0.3166355542 0.2984666379 0.2394440846 0.1853353318 0.1842094352 0.2158410628 0.2571000000 0.2231195620 0.2170258465 0.1938433721 0.2047300115 0.1804072166 0.2034632444 0.2158780517 0.1481021855 0.2120398901 0.1625557127 0.1986638943 0.1540624803 0.2418192220 0.1577758247 0.2166013494 0.1647761610 0.1716789776 0.2081556852 0.2116787107 0.2829728721 0.3985540467 0.4721866755 0.6559469532 0.7807184081 0.8963005491 0.8971562944 0.8613520895 0.7591732483 0.5722716557 0.5081677074 0.3930003322 0.2408294232 0.2372563269 0.1978094400 0.2288892823 0.2073452617 0.1456178721 0.2219099980 0.2012816790 0.1639861132 0.2659205020 0.1806443025 0.2120153467 0.2023612611 0.2451394584 0.2337935506 0.2241474703 0.2274325809 0.2288326435 0.2393285557 0.1355263575 0.1627516050 0.2051444885 0.2019960656 0.2744379689 0.2546945981 0.2733198668 0.3105850594 0.4657724473 0.6427108229 0.7739080491 0.8976121050 0.8961467986 0.8980401990 0.8675118070 0.5984645077 0.4769033036 0.3928424697 0.3172613889 0.2575100033 0.2404422258 0.2218426672 0.2027545210 0.1743016985 0.2376469425 0.2534924769 0.1979046626 0.1978721840 0.2230144969 0.1879383693 0.2224287781 0.1604069903 0.2328374481 0.1791800571 0.1516702879 0.2415255312 0.1983957134 0.2020303262 0.2440317663 0.2331273692 0.2264878995 0.1748909004 0.2988376255 0.2933716928 0.3922574080 0.5122807043 0.6442027821 0.7478082970 0.8518732398 0.9816645016 0.9191674134 0.7485813965 0.6284749384 0.4741756183 0.3890749880 0.2790182392 0.2733377976 0.2610216184 0.1898615864 0.2220806097 0.1615520460 0.1734265317 0.2167407205 0.2686222264 0.2419392446 0.1924474161 0.2124162489 0.1941640966 0.2355334171 0.2451526571 0.1456992575 0.2036412071 0.1878352295 0.2323020049 0.1993487373 0.1966500427 0.2272678219 0.2297277627 0.2920207405
0.1977545890 0.2480847781 0.2340671400 0.2029141505 0.2021424396 0.2101313999 0.2263924714 0.2397243163 0.3258176739 0.4204801672 0.5004621672 0.6554665912 0.7855595607 0.8823441797 0.9291410036 0.9022572907 0.7469699885 0.5592298264 0.4419706466 0.3847812499 0.2742198941 0.2614813603 0.2616483787 0.1464233242 0.2071005316 0.2059774425 0.1784038397 0.1757863093 0.2122514515 0.1715353763 0.2788740267 0.1633820110 0.2681511218 0.1840858096 0.2206592031 0.1962980989 0.1620034479 0.1553391053 0.2473455019 0.2086397480 0.2277279119 0.1808054714 0.2378857600 0.2922720207 0.2395267252 0.3318772615 0.4013788647 0.4999502405 0.7022445319 0.7547036249 0.8973318498 0.9193819273 0.8458432744 0.7289488199 0.5766822406 0.4459933934 0.3857329849 0.2795820459 0.2596433982 0.2189814952 0.1966057893 0.2013836086 0.1748372446 0.2347465884 0.1750472126 0.2046860521 0.2057615647 0.2042926435 0.2232939875 0.1756660403 0.1972061663 0.1638874106 0.1918799327 0.1664797529 0.2532677988 0.1534706374 0.2174804274 0.2066920426 0.1927382126 0.2606571885 0.1989310234 0.2585931056 0.3018258203 0.3585014510 0.5201220896 0.6072281327 0.7931063715 0.9367425565 0.9276837671 0.8944517838 0.7974791788 0.6805861333 0.5091238293 0.3793084680 0.2547949539 0.2485134717 0.2314481578 0.1909226472 0.1903801359 0.2067926302 0.1721213316 0.2187821710 0.1712816649 0.2458075833 0.2066603093 0.2221127423 0.2282385169 0.2490532966 0.1831077434 0.2116091128 0.1771206469 0.2041709451 0.2065909699 0.2663907288 0.2092873684 0.1878628255 0.1582276781 0.2457651338 0.2350077741 0.2991205716 0.3831446115 0.4739314517 0.5742624888 0.7786219359 0.9058435952 0.9682046516 0.9025488384 0.8281065983 0.6730928682 0.5511062438 0.3927785494 0.2880409464 0.2963934790 0.2038078281 0.2182286078 0.2280927523 0.1890911427 0.1645989937 0.2361729863 0.2069062419 0.2729124694 0.2326338507 0.1852252449 0.1998561224 0.2315023070 0.2848077686 0.2165084935 0.1851045017 0.2383894821 0.2818002310 0.2881387706 0.1584799956 0.2096004670 0.1988875774 0.2252487584 0.2701031898 0.2839740656 0.3478739838 0.4856598020 0.6139192844 0.7542988193 0.8456329863 0.9398298531 0.9207277841 0.8181049693 0.6601665137 0.5298122060 0.4476522880 0.2945046711 0.3101443738 0.2303276044 0.1708688479 0.2372549572 0.2276674361 0.2573559525 0.1873273869 0.2397068412 0.2462611474 0.2269668146 0.2168224886 0.2034403541 0.2023952419 0.2066098781 0.1924108169 0.1918270888 0.1566713623 0.2424958010 0.2586520400 0.2274073731 0.2311909979 0.2502713466 0.2645101962
0.2268270307 0.1835938174 0.1773456717 0.2232184896 0.1856427275 0.2169163946 0.1943916507 0.3103442973 0.2689163330 0.4073282954 0.5154488742 0.6568720435 0.7934202762 0.9278010391 0.9130770213 0.8178863273 0.7125395781 0.5620588881 0.5139831704 0.3647385623 0.3177202055 0.2256550891 0.2162197279 0.2233957854 0.2007914641 0.1720669754 0.2031601377 0.2227287055 0.2178696084 0.2326745644 0.2006901511 0.2135009084 0.2519579114 0.2134090361 0.1683100147 0.2116230959 0.1901121752 0.2307263021 0.2613500445 0.1958735149 0.1803697035 0.2209464505 0.2290542814 0.2240091309 0.2631930680 0.2929887297 0.3689479358 0.5106022121 0.6756019771 0.8393273755 0.8725046465 0.9134815395 0.9083670255 0.7320759868 0.6551306695 0.4437280294 0.3275115617 0.2988975260 0.2422945882 0.2179317725 0.1905750818 0.1843318727 0.2246879529 0.2255706123 0.2044823976 0.1928046586 0.1919685188 0.2029796872 0.2106357273 0.2272708459 0.2477250174 0.2445420033 0.2020262068 0.2497964354 0.2243603333 0.1428336400 0.2087528854 0.2465747947 0.1790611085 0.2271146067 0.2350508204 0.2329907196 0.3484642324 0.3205200632 0.5013340352 0.6470839436 0.8209186172 0.9275129359 0.9399712182 0.8927751945 0.7649218167 0.6938996264 0.5126905710 0.3990485246 0.2609931586 0.2809290643 0.2513748558 0.1907907890 0.1942755335 0.2326058078 0.2130354180 0.2396001297 0.2503225610 0.2112595430 0.1627775404 0.2272117229 0.2472685108 0.2153987868 0.1737726814 0.2638815221 0.2223669564 0.2015654641 0.2176295625 0.2182018119 0.2400457778 0.1982884875 0.2175284819 0.1953626117 0.2757021746 0.3412901815 0.3723322164 0.5011835381 0.6604841226 0.7394497832 0.8532708531 0.9351798637 0.8857546674 0.7937750294 0.6584601011 0.4905659671 0.3839974697 0.2586756317 0.2644837342 0.2841547706 0.1832059471 0.2220897930 0.2078556584 0.2070875257 0.2108174821 0.2165546058 0.1944299251 0.2387516526 0.1590493265 0.2636518277 0.2059347092 0.1822582149 0.2035377596 0.2083565738 0.2166649274 0.2393122653 0.2686462959 0.2223807261 0.2675474124 0.1893722832 0.2672912613 0.2830170012 0.2483348004 0.3695604338 0.4462846715 0.6570792508 0.7695678005 0.8507220814 0.9476835095 0.9203026275 0.8096736238 0.6954779849 0.5360209626 0.4101018851 0.3589617693 0.2792748754 0.2643545159 0.2554394347 0.2888392747 0.2621425553 0.2253651850 0.2634077216 0.2417468756 0.2015652876 0.2123168917 0.2216544754 0.1949068016 0.2653711691 0.2357366247 0.2009505322 0.2381161780 0.2204238148 0.2468002668 0.2128292098 0.2523886037 0.2279413515 0.2120234020 0.2124739167
0.2254425462 0.1926241764 0.1926416094 0.1779901495 0.1781507330 0.2403634526 0.2328226463 0.2571161108 0.3204843457 0.3433426266 0.4977084900 0.7419155810 0.8233888273 0.9112930453 0.9256835986 0.8597227380 0.7693565876 0.6196783360 0.4281781874 0.3948826164 0.2664776345 0.2253954350 0.2003942817 0.2275688843 0.1737020246 0.2454219485 0.2163106572 0.1927804252 0.2052548308 0.2376450887 0.1657548183 0.2024832850 0.2243368260 0.2236685280 0.1946140764 0.2349856911 0.2012455370 0.2465918517 0.2077622783 0.2432575538 0.1718520476 0.1737357399 0.2118607204 0.1840546009 0.2240375646 0.2995113887 0.3800052995 0.5045227052 0.6602321409 0.8271869479 0.8772044995 0.9143020707 0.8589526098 0.7452817016 0.6576403614 0.4963259197 0.3310461134 0.2728644092 0.2755313399 0.1985061771 0.1940603186 0.2034054449 0.2667959761 0.2332822774 0.1597983060 0.1899773183 0.2179890007 0.2239775309 0.2450398545 0.2499615688 0.2166471448 0.1772752058 0.1898424087 0.1799339330 0.2077256913 0.2471350771 0.1743705178 0.2111178311 0.2345823496 0.2489294312 0.2192057621 0.1945572083 0.3361968867 0.3996686307 0.4953998355 0.6591238479 0.8162897872 0.8826244023 0.9207635587 0.8669789611 0.8008360279 0.6170999527 0.5448290222 0.4142602338 0.2790513787 0.2301064201 0.2662692990 0.2623397121 0.2109490413 0.2319238261 0.2162278285 0.2577486631 0.2138762385 0.2750903758 0.2391191506 0.2339781090 0.2289384515 0.1850229331 0.2112135550 0.2116210450 0.2209491894 0.2629247702 0.2687805120 0.2032188553 0.2418867093 0.2576326729 0.2458929241 0.2410968681 0.2894583713 0.3746002251 0.4321595530 0.4853186706 0.6801479431 0.7722133712 0.8658017685 0.9801241258 0.9061040615 0.7934416124 0.6564683800 0.5116444039 0.4125426620 0.3246797061 0.2609680764 0.2445771472 0.2193022685 0.2439017372 0.1851843979 0.2322939680 0.2646351427 0.2340948897 0.2132744220 0.2327794622 0.2002899344 0.2081015693 0.2031791748 0.2194039011 0.2441396461 0.2421716482 0.1793456240 0.2384593960 0.2279071451 0.1637040974 0.2103294400 0.2310923805 0.2151141042 0.3067388331 0.2997770864 0.3642573187 0.4916482102 0.6141426454 0.8027408722 0.8621040898 0.9494352307 0.9131609362 0.8424209628 0.7028989858 0.5657227856 0.4038856142 0.3107389368 0.2861682368 0.2371624619 0.2613898384 0.2521765234 0.2315521586 0.2301940086 0.1964154614 0.2632497943 0.2395007527 0.2451765888 0.2748093261 0.2387943411 0.2082985320 0.2396245749 0.1800709585 0.2583458382 0.2642247226 0.2274957691 0.2355238330 0.2427762577 0.2468303998 0.2370644082 0.2577030260
0.2445801035 0.2472635068 0.1903132002 0.2030971248 0.2327737632 0.2409211790 0.2428089171 0.2735050191 0.3371495100 0.3794629406 0.5274047784 0.6945959096 0.8276536079 0.9182307776 0.9722404296 0.8618606287 0.7625666433 0.5976713750 0.4871447399 0.3059444972 0.2688351690 0.2156248635 0.2307749443 0.1903387214 0.1880703628 0.1971677628 0.2129667805 0.2241649186 0.2114723110 0.2618164887 0.1890526671 0.2236323287 0.2636964142 0.2305669168 0.2441571260 0.2001217995 0.2324152255 0.2386194326 0.2612329016 0.2087401180 0.2379922260 0.2280183642 0.2170613082 0.2820440234 0.2860602656 0.3087056796 0.3909936558 0.5048193985 0.6474575678 0.7853729028 0.8924200782 0.9528098323 0.8484920962 0.7902151592 0.6248444250 0.4991903762 0.3753714186 0.2723344979 0.1654456105 0.2342720898 0.2251605265 0.2506206925 0.2402890724 0.2197457730 0.2305606295 0.2427242488 0.1663294599 0.2183757304 0.2316233845 0.2170617756 0.2019510008 0.2233200613 0.2407648204 0.2097804552 0.2217313377 0.2168951599 0.2150323123 0.1962737762 0.2064708095 0.2360661905 0.2785998484 0.2200112865 0.2840638215 0.3872227080 0.4993614884 0.5748374106 0.7435989442 0.8640724150 0.9488237514 0.9340117584 0.7714309710 0.6362385066 0.5224017954 0.3725305724 0.3014049798 0.2685175732 0.2418148006 0.2204767850 0.2697761157 0.2720330219 0.2325684345 0.2569413337 0.1659665559 0.2540277997 0.2169719330 0.2080273152 0.1926336248 0.2593385314 0.2232364365 0.2004816263 0.2330583407 0.2142851395 0.1988032192 0.2601656356 0.2136009883 0.2698283312 0.1798823187 0.2984794959 0.2702239607 0.2988458727 0.3903779098 0.4741955398 0.6324178409 0.8000127664 0.8590366095 0.9139320993 0.9385590232 0.7975292156 0.6836715168 0.4809575818 0.3942413838 0.2888242381 0.3205430754 0.2268508890 0.2479532223 0.2239736952 0.2502677833 0.2395937118 0.2019062834 0.2327177205 0.2317128165 0.1984655983 0.2292629028 0.2452148179 0.2168714426 0.1993002135 0.1841009829 0.2279845597 0.2277363476 0.2249806689 0.2352399212 0.2438672328 0.2390233839 0.2526667077 0.2803951887 0.2297230814 0.3164544862 0.3517714818 0.4570783893 0.6091683088 0.7689814380 0.8716152304 0.9574415487 0.8992825508 0.8573060955 0.6714351763 0.5594739705 0.4220928671 0.3807364733 0.2645466740 0.2648765856 0.2550282430 0.2454003680 0.1856342809 0.1985942838 0.1971638874 0.1967965096 0.2192245984 0.2228186823 0.2748208536 0.2330263423 0.2762166745 0.2229766320 0.3207960217 0.2482263198 0.2095704028 0.2543236523 0.2453474844 0.2012396109 0.2109469939 0.2249546653 0.2962673350
0.2389358469 0.2147524345 0.2225706761 0.2517110291 0.2058103974 0.1664325569 0.2547539551 0.2407918085 0.2992287981 0.4058459990 0.5373196980 0.6747059849 0.8318288127 0.9105044299 0.9109757758 0.8524505518 0.7316946779 0.6394020305 0.4542334912 0.3804010382 0.2591116528 0.2640915660 0.2638175134 0.1947435041 0.1936190872 0.1981678325 0.2118749834 0.2130326012 0.2214857920 0.2333550664 0.1673778158 0.2426816201 0.2213598475 0.2171170020 0.2109888661 0.2373260765 0.1905738286 0.2390129592 0.2243840077 0.2681743157 0.2269388570 0.2385286961 0.2260899007 0.2265623064 0.2957791712 0.2830474600 0.4314428762 0.5331942337 0.6793935088 0.7241558854 0.8908911433 0.9027121509 0.8589191270 0.7763524024 0.6647218853 0.4864094927 0.3613453773 0.2934395800 0.3075125891 0.2368227221 0.2100520207 0.2113256728 0.2259207914 0.2091068024 0.2112992719 0.2519182363 0.2617603749 0.1999230277 0.2239133141 0.2283285636 0.2336164339 0.1613006310 0.2196121176 0.1940450666 0.1958408775 0.1998260880 0.2297508619 0.2170775580 0.1683367133 0.2067796748 0.2560756461 0.2514284772 0.3152210964 0.3675176988 0.5170887668 0.6386387593 0.8431070941 0.9010072326 0.9337700826 0.8818930573 0.8060724587 0.6310375231 0.5203687321 0.3654826697 0.2604581160 0.2613383267 0.2297554154 0.2515552042 0.2109367253 0.2405991476 0.2248987282 0.2366334184 0.2363531225 0.1982642993 0.2073974928 0.2360540587 0.2473517780 0.2631051292 0.2418813099 0.1926653377 0.1927523316 0.2757222901 0.2255570721 0.2361384702 0.2190571020 0.2469574852 0.2062523226 0.2144968269 0.2130496749 0.3271613984 0.3113670895 0.4744317048 0.6348397661 0.7707820425 0.8986111311 0.9392507520 0.9104747950 0.7830244202 0.6589752004 0.5221528184 0.3955902253 0.3269119440 0.2856597877 0.2418305746 0.1705807575 0.2743060334 0.2252188345 0.2153629990 0.2580442960 0.2183781071 0.2211340960 0.2314666317 0.2533953273 0.2423508261 0.2910520217 0.2031105050 0.1926645849 0.2264147042 0.2410787949 0.2257046330 0.2649925201 0.2063315537 0.3290866873 0.2044395842 0.2894220866 0.2897575070 0.3182623231 0.3905891093 0.4554169421 0.5936629132 0.7515713873 0.8639977255 0.9229114829 0.9402130126 0.8554430730 0.7003835826 0.5799837339 0.4029240347 0.3573097648 0.2607338238 0.1970101220 0.3028081339 0.2603104194 0.2539292328 0.1959761056 0.2868314247 0.2567532271 0.2229346447 0.2368131288 0.2633982564 0.2157196973 0.2335902893 0.2463027798 0.2057329744 0.2748275987 0.1982938583 0.2202040908 0.2203294799 0.2704451823 0.2535664745 0.2150883812 0.2318831470
0.2009838206 0.2002181216 0.1854843942 0.1665946283 0.2627066487 0.2403878936 0.1891134407 0.2412701476 0.3342544575 0.3654662177 0.5065628339 0.6039743629 0.7638330318 0.9248961017 0.9397486865 0.8481111904 0.6967322206 0.5941528982 0.4317770892 0.3536861527 0.2951135684 0.2454046151 0.2475262810 0.2481779880 0.2725721644 0.2245476319 0.1767070966 0.1867908013 0.2281709980 0.2677214243 0.1796568849 0.1947019997 0.1407216563 0.2285334297 0.2332643668 0.1978405877 0.2221938449 0.2143878903 0.2017138047 0.1908410299 0.2429126605 0.2554728007 0.1835182464 0.2400038007 0.1706001672 0.3003680493 0.3472120156 0.5057199582 0.6626096742 0.7764078864 0.8985334301 0.9525298370 0.8849791612 0.8032150112 0.6182293738 0.5121732950 0.3294144825 0.3032938823 0.2821678970 0.2083897930 0.2224745991 0.1958537286 0.1970123875 0.2155208734 0.2177047593 0.2216284481 0.2214161521 0.2571550768 0.1874196058 0.1768932139 0.2362558460 0.1842408996 0.1874951130 0.1550770889 0.2038478711 0.2370489424 0.1997496725 0.2207137870 0.2072530849 0.2163261527 0.2264360344 0.2535732773 0.3135514769 0.3827759470 0.4440431064 0.6358095567 0.8200766386 0.9077282545 0.9812438557 0.9345236557 0.8396911150 0.6333884195 0.5372358172 0.3507656192 0.3209744323 0.2599707846 0.2276337265 0.2160439712 0.1854768332 0.2974923712 0.2390761236 0.2243815070 0.2012695350 0.2240751486 0.2729460242 0.2249912969 0.2216980650 0.2321678473 0.2190065162 0.2516092525 0.2246104248 0.2469901013 0.1801052009 0.2271551214 0.1912376751 0.2013550844 0.2431425153 0.2308492613 0.2531952630 0.2859122497 0.3471640064 0.4878227430 0.6130591556 0.7232505367 0.9234493242 0.8983340112 0.9092796957 0.7679243098 0.6926209044 0.5685447559 0.4134426942 0.3096701410 0.2563979182 0.2703262253 0.2057996051 0.2309669208 0.2100547665 0.2257957926 0.2178878316 0.2796831538 0.2271984937 0.2561480819 0.2444524963 0.2452343386 0.2705867459 0.2330532532 0.2191529694 0.2148724368 0.2190316147 0.2154846125 0.2067902332 0.2536363231 0.1872668807 0.2186417733 0.2627808369 0.2306762596 0.2997139184 0.3530163241 0.4861014698 0.6017434205 0.7713947996 0.8914193542 0.9334905415 0.8784621417 0.9245113782 0.7214141221 0.5337514270 0.4062290848 0.3477950470 0.2699078792 0.3122923079 0.2529040123 0.3005645978 0.2325705779 0.2009591396 0.2778189990 0.2275824313 0.1938788011 0.1971764081 0.2346797526 0.2142179805 0.1989090546 0.2845804464 0.2176393587 0.2591955169 0.2582325055 0.2283760834 0.1932765624 0.2278889694 0.2061783612 0.2779771418 0.2821833074
0.2007207226 0.1760585142 0.1767589692 0.2379228459 0.2195935066 0.2134227367 0.2353618998 0.2778456096 0.3570452562 0.3337562566 0.4926416579 0.6697171530 0.7797648149 0.8348989467 0.8801183651 0.8620487863 0.7181287878 0.6203709968 0.4643643827 0.3539547692 0.2748620912 0.2701244190 0.2575577118 0.2469009543 0.2251187082 0.2150793744 0.2084300260 0.1993201948 0.2064538137 0.1915728478 0.1579483598 0.1594707710 0.1967027521 0.1675314279 0.2229679767 0.2195102437 0.2101993360 0.1942401026 0.1913083804 0.2222171790 0.2148783337 0.2337000914 0.1936002090 0.2058871478 0.2694124936 0.3129290083 0.3491909998 0.4520949470 0.6645315329 0.7991023411 0.8819531694 0.9238216338 0.9132276190 0.7781557410 0.6570026558 0.5019242645 0.3805885063 0.2712609851 0.2482267275 0.2376917299 0.2147075246 0.1873649112 0.2294216259 0.2128208518 0.2315144645 0.2197582097 0.1912343350 0.1875134531 0.1597790305 0.1948702094 0.1627340484 0.2356004413 0.2105240617 0.1799979776 0.1992793629 0.2059053495 0.1633036441 0.1947459004 0.2660154688 0.2568523448 0.2717095175 0.2457624746 0.2717027199 0.3522805503 0.4706031833 0.6287906294 0.7234245306 0.9236388991 0.9181691886 0.8941867726 0.8233888454 0.6435740855 0.4782715550 0.3958649002 0.3223328883 0.2501723404 0.2248888066 0.2415559368 0.2111778036 0.2749247892 0.1984367015 0.2149095517 0.2082035414 0.1801240403 0.1972162399 0.1814275940 0.1932985185 0.1770174944 0.2210114064 0.2448092641 0.2216002735 0.1922548634 0.2539968610 0.2064345257 0.2183507075 0.2067981273 0.1990534112 0.2676597933 0.2827255542 0.3201537423 0.3734447760 0.5268894364 0.5980874993 0.7934939846 0.8035528221 0.9422598082 0.9518529368 0.7965037323 0.6629096331 0.5354409301 0.3770837991 0.3314925531 0.3200962029 0.2482456965 0.2432786833 0.2421128915 0.1931766663 0.2007841674 0.2223219803 0.2218986168 0.2103926223 0.1455703175 0.2446425761 0.1802003126 0.2057363257 0.2107129711 0.2146605653 0.2126308893 0.2044845625 0.2274440905 0.2097864180 0.2074764559 0.2380886914 0.2286084374 0.2650975797 0.2344189343 0.2781618342 0.3005965260 0.4528113762 0.6295711662 0.7372568614 0.8669912731 0.9493331167 0.9079308088 0.8250055445 0.7054198750 0.5540821856 0.4412705313 0.2911469199 0.2792975365 0.2517750628 0.2426903364 0.2217914547 0.1971687152 0.2638263832 0.2291979645 0.1748600101 0.2301148973 0.1959779332 0.2640792040 0.1939092373 0.2055047190 0.1986557016 0.1626797988 0.2126151198 0.2438263663 0.2202460406 0.2389565336 0.1717310236 0.2004950378 0.2385279421 0.2455783071
0.1479038099 0.2315073357 0.1846204070 0.1558513296 0.2109200354 0.1674328280 0.2170150468 0.2737063088 0.2578575785 0.3823049142 0.5000522149 0.6418145314 0.7790860026 0.9001048895 0.9519022889 0.8610362857 0.7782354602 0.5980165540 0.4737574725 0.3470267914 0.2878431546 0.2544616079 0.2391071246 0.2086707080 0.2049424101 0.1715717354 0.1993766715 0.2255687494 0.1924288954 0.2159664212 0.2053697038 0.1634195613 0.2117749261 0.2387515248 0.1852968187 0.1802611230 0.2170504104 0.2092286560 0.2273780748 0.1756935612 0.2575657694 0.2067553010 0.2139273443 0.2294830573 0.2689243067 0.2694151366 0.3371983934 0.5239838811 0.6413643670 0.7600244284 0.8954780021 0.8931773902 0.8633920382 0.7483372041 0.5829363810 0.4506359755 0.3420472798 0.2867259920 0.2397876578 0.1952290514 0.1862170890 0.1910338935 0.2376124749 0.2433498888 0.2303638886 0.2042074851 0.2150567791 0.2227069731 0.2163729531 0.1584997789 0.2158269168 0.1697689820 0.2796764124 0.2504769391 0.2293193171 0.1366633950 0.2165689987 0.1691634425 0.1766384128 0.2258287933 0.1873465169 0.2300578301 0.2791908440 0.3918706105 0.4840934373 0.6105767741 0.7193691737 0.9198868252 0.9462448201 0.8271187277 0.8234565255 0.6505120714 0.5047481413 0.4167931730 0.2855504894 0.2521051952 0.2611034055 0.2165828055 0.2417130304 0.2040515341 0.1832376637 0.2110706474 0.1982314355 0.2351548231 0.1917349577 0.1914614131 0.1840076208 0.2188010474 0.2131315687 0.1467100275 0.2246784429 0.2534965716 0.1706821514 0.1885984159 0.2235458250 0.1636549027 0.2568310267 0.1958584486 0.1948328543 0.3240453152 0.4020669161 0.5179867746 0.5903589272 0.7237151240 0.9201102108 0.9073661451 0.9113543841 0.7759128648 0.6941401949 0.5566973089 0.3606507352 0.2846087741 0.2610790820 0.2034868304 0.2115005380 0.2329364503 0.2262995644 0.2044461799 0.2481945052 0.1985117393 0.2301874947 0.1776280063 0.1938715328 0.1792860018 0.1532636672 0.1391948914 0.2438609673 0.1941725689 0.2465898633 0.1673011453 0.1662889844 0.2055373248 0.1884828874 0.2175757105 0.1891795327 0.2687375908 0.2541504981 0.3622375248 0.4626631078 0.6043711895 0.7208065905 0.8943160970 0.9125935826 0.9028971822 0.8307967292 0.7176898151 0.5836869729 0.4662401225 0.3653299563 0.2183541958 0.2019793918 0.2179215677 0.2187238066 0.2378303598 0.2369301993 0.2369837576 0.1558067456 0.1570185296 0.1893781801 0.2552199876 0.1749933012 0.2459254554 0.2277894918 0.2121609176 0.2391508773 0.2328285638 0.1908123936 0.2441422763 0.1823038499 0.2548704605 0.2502393330 0.2384633404
0.1953665568 0.1924616786 0.1822539767 0.1972562792 0.1989421430 0.1685363009 0.1978391914 0.2706581865 0.3030141956 0.3590019143 0.5000843634 0.6346897957 0.7611594943 0.8411746831 0.9487166440 0.8561529295 0.7760198114 0.6040248479 0.4968821637 0.2970499838 0.2345795575 0.2387259240 0.2330976166 0.2270252757 0.1664520986 0.1975020654 0.0945158518 0.1943882832 0.1981407154 0.1838680960 0.1697746601 0.1415785969 0.2026902947 0.1702432091 0.1753389890 0.1703197264 0.2238916869 0.1860980265 0.2026876198 0.2259751605 0.1868600125 0.1886191141 0.1940703084 0.2109935923 0.2882662822 0.2843221243 0.3593184157 0.4921407595 0.6146282363 0.7572570254 0.8770935623 0.9000167730 0.9273441296 0.8008191843 0.5985899330 0.5139163658 0.3913613106 0.3000900438 0.2224731521 0.2227862405 0.2021553433 0.2006370436 0.1769229251 0.1740786185 0.2047337000 0.2016815986 0.2042527167 0.2021783305 0.2227969263 0.2076927576 0.1875266547 0.2081034267 0.2275661509 0.2363990350 0.2160107608 0.1830352023 0.2016891616 0.1928308672 0.2124430410 0.1951449429 0.2262214081 0.2078380941 0.2663004510 0.3243368682 0.4681462381 0.6112199927 0.7178451894 0.8221354670 0.9093924535 0.9162688437 0.7799622030 0.6653906578 0.5354318623 0.3883366311 0.2777484768 0.2469009527 0.2156242028 0.2085780246 0.1702920196 0.2164165180 0.2565160036 0.2501415879 0.2145914927 0.2210383355 0.2241164175 0.1747242642 0.1730581973 0.2128150932 0.2147742640 0.2343659859 0.1985089806 0.1677761584 0.2089625030 0.2323369151 0.2217021051 0.1583453692 0.1938022127 0.2332014587 0.2080938335 0.3152148489 0.3425635910 0.4101436972 0.5705289227 0.7556405630 0.8418770103 0.9389293207 0.8204820249 0.7924053701 0.6884829914 0.5305319650 0.3936875906 0.3586728947 0.2360990504 0.2618555722 0.2072188733 0.1858289332 0.1814980743 0.1971765072 0.2037622501 0.2438931134 0.2458575786 0.1930227405 0.1849167827 0.2242510843 0.2106478054 0.2180970331 0.2143392087 0.1674812071 0.2312789598 0.1825084864 0.2696939629 0.1898412153 0.2444284047 0.1512090774 0.1638905473 0.2774141579 0.2638885116 0.3604513263 0.4719606368 0.5760366142 0.6865598421 0.8635859364 0.9494978800 0.8924656984 0.7936130716 0.7333890222 0.5631733624 0.4561254783 0.3448174560 0.2560416214 0.3001323885 0.1644725088 0.2213413679 0.1978021427 0.2175415560 0.2528227156 0.2544454277 0.2468715087 0.2472001240 0.1382466561 0.2048701874 0.2077290886 0.1867527565 0.2274603890 0.1926616076 0.2012724242 0.2609531292 0.2289108838 0.2051858354 0.2296012384 0.1981616224 0.2266131579
0.1922204771 0.1631636734 0.1953712835 0.2030613263 0.1574585252 0.2323438441 0.2286887657 0.2038859984 0.2647611931 0.3130936354 0.4626406252 0.6618207300 0.7468932017 0.8633015479 0.9621124947 0.8184867035 0.7591029177 0.5726184646 0.4175893445 0.3323354034 0.2870625196 0.2037456150 0.1909003128 0.2194151447 0.1574420552 0.1853672196 0.1280108456 0.1641272494 0.1909229931 0.1984992854 0.2245607022 0.1692534512 0.1422222347 0.1722226372 0.1950359248 0.1927328722 0.2414656077 0.1888282664 0.2315289482 0.1851121162 0.1662423346 0.1880433605 0.2026221831 0.1797139220 0.2450145635 0.2872479659 0.4176254157 0.4227037600 0.6183995424 0.7512277674 0.7927079204 0.9677551206 0.8567564571 0.7897521170 0.5790005901 0.4694222996 0.3795659645 0.3356396609 0.2263930332 0.1889399051 0.2128989009 0.1916935884 0.1492268107 0.1426731790 0.2384298820 0.1759907019 0.1431810371 0.2509565097 0.1714848162 0.1892919266 0.2375626936 0.2094818204 0.1412145252 0.2017643170 0.1585180292 0.1891941941 0.2370055671 0.1761100055 0.1244783233 0.2163925097 0.1727089307 0.2861355653 0.3239129797 0.3526978657 0.4756660840 0.5831860499 0.6983244048 0.8830714296 0.9301374553 0.8944027735 0.7883842708 0.6527232188 0.4858981928 0.3892555707 0.3052875355 0.2273431599 0.2078383897 0.2341102151 0.1877930602 0.2207594144 0.2175159075 0.2029574873 0.2032013206 0.1911643471 0.2501606412 0.2007119112 0.2110704861 0.1766664514 0.2091157189 0.2184571708 0.2022549368 0.1420500948 0.1714121363 0.1856521742 0.2309176099 0.2084756358 0.1940015423 0.1716825857 0.2062200356 0.3061640536 0.3630378221 0.4652645027 0.6102906124 0.7212688935 0.9110496775 0.9013842991 0.8647442398 0.7839894188 0.6148366726 0.5437903445 0.4068111349 0.2965098092 0.2292629304 0.2272449798 0.2616286471 0.2481790271 0.2216606433 0.1927971927 0.2345258664 0.2530990638 0.2204881525 0.1906188707 0.2244994677 0.2121909119 0.1742783159 0.2503498539 0.1502241368 0.1743177246 0.2765512506 0.2115417184 0.1953953492 0.1946455101 0.2062934906 0.1960697108 0.1865369879 0.2118459754 0.2706148178 0.3459251617 0.4170131559 0.5622731786 0.7337498927 0.8103758292 0.9566195997 0.8423843336 0.8159161871 0.6342241107 0.5491532353 0.3615774682 0.2837336641 0.2561547120 0.2649799399 0.2272554665 0.2381388172 0.2372521553 0.2200727359 0.1922453822 0.2242978001 0.1958507234 0.2093686232 0.2037832212 0.2073754464 0.2384940922 0.2332967341 0.2311350212 0.2262303862 0.1984360916 0.1525271945 0.2280593483 0.2017532299 0.1751023931 0.2314223180 0.2371931582
0.1992938343 0.2240489525 0.1452105706 0.1950433490 0.1936837200 0.1720744602 0.2018416781 0.2762652147 0.2957265770 0.3265747935 0.4454807110 0.6117826046 0.7541720547 0.8408417893 0.9118432506 0.8702418705 0.7400347110 0.6196855139 0.4993272831 0.3065797229 0.2707724502 0.2527023516 0.1738112465 0.2015411203 0.2046802807 0.1942368422 0.1830663285 0.1744281694 0.1681937418 0.2027858950 0.1616193101 0.1849706998 0.1855337071 0.1648095740 0.2250441732 0.2083829857 0.2154110069 0.1949982787 0.1788853113 0.2464498679 0.1889093861 0.1870978583 0.1564696165 0.1843036824 0.2560429195 0.2701569625 0.3299178469 0.4514546033 0.6189107584 0.7499382075 0.8452687401 0.8440925514 0.8590362910 0.7425593524 0.5655472660 0.5064719731 0.3540046040 0.2171522757 0.2076641056 0.2128437945 0.2579378304 0.1631800321 0.1822675214 0.2014067728 0.1319732093 0.1770352983 0.2028388676 0.2099116827 0.1889591352 0.1646630874 0.2335554914 0.1729062652 0.2178020066 0.2354139123 0.2312760376 0.1585394954 0.1774667266 0.1996578542 0.1702665740 0.1697507916 0.1964170504 0.2751224303 0.2505539263 0.3461512005 0.4365261423 0.5911831547 0.7334998078 0.8666615259 0.9082624085 0.8371914260 0.7771338995 0.6396821702 0.4693421444 0.4096580382 0.2539540343 0.2926151470 0.2069222375 0.2227918033 0.1978421633 0.1633143062 0.2182260154 0.1691757676 0.1985065748 0.2242856626 0.2286655294 0.2260596677 0.1368985063 0.1889335674 0.2227752599 0.2333611389 0.2153831918 0.1967222109 0.1789972348 0.2478716851 0.2107428035 0.2119787935 0.1981351693 0.1893760295 0.2403599215 0.2598998042 0.3080696241 0.3790182206 0.5563171987 0.7285426111 0.8041642989 0.9652389349 0.8862395731 0.8460884815 0.6344532021 0.5778727009 0.4617809926 0.3267162278 0.2831557109 0.1855564252 0.1937062524 0.2065919771 0.2048563543 0.1590776183 0.2135514168 0.1609880917 0.1513027268 0.2448972615 0.1597965216 0.1718471841 0.1551518380 0.1776824750 0.2080827250 0.1899012074 0.1811160551 0.1950011377 0.1865496559 0.2557117767 0.2209083374 0.2339416748 0.2364237797 0.2111118680 0.3079854895 0.3531325478 0.4481871124 0.5778507864 0.7439533662 0.8706894573 0.9635212689 1.0000000000 0.8246480718 0.6850306922 0.5496849422 0.4421611356 0.3279659493 0.2080488365 0.2343913146 0.2186380397 0.2221548691 0.2264702033 0.2315110715 0.2476049965 0.2738409407 0.2378036501 0.2278743508 0.1771706394 0.1970268750 0.2426665336 0.1316945927 0.2178513046 0.1864172508 0.2278432002 0.2271980138 0.2426618430 0.1895114914 0.2077505606 0.1743224487 0.1679796877
0.1591214533 0.1754890114 0.2154796256 0.1951434470 0.1347619445 0.2107389902 0.1956871873 0.2705726634 0.2789450352 0.3476316140 0.4228571625 0.6404050852 0.7744689164 0.8673163047 0.9210073331 0.8798710266 0.7820049497 0.5720347099 0.4478715006 0.3115551248 0.2945733788 0.2457451724 0.2183444494 0.2094783262 0.1672325956 0.1411429811 0.2036749566 0.2279083945 0.1627874661 0.2143370196 0.1670408555 0.1432321625 0.2305290800 0.1741140352 0.1964338215 0.2113829971 0.2123526800 0.1836502808 0.1614516252 0.1206035983 0.2142985820 0.1909333755 0.1887776697 0.1966959807 0.2201075602 0.2863962601 0.3445152765 0.5191646046 0.5850179455 0.6987739194 0.9080298497 0.9274625217 0.8686232903 0.7683191740 0.6127979962 0.5070486774 0.3326330668 0.2972183520 0.2492773091 0.1967095074 0.1943736588 0.2162196169 0.2094458701 0.1647271263 0.1629322181 0.1850593071 0.1935269274 0.2097170636 0.1811698378 0.1860162591 0.1750806186 0.1947826267 0.1824936378 0.1550950427 0.2290114069 0.1717961390 0.1779071083 0.1955749698 0.1767390841 0.2190068684 0.1867298248 0.2294936053 0.2623415402 0.3554960540 0.4419398002 0.5812368185 0.7542836306 0.8504681714 0.8927655801 0.9379037817 0.8150067853 0.6405726727 0.4333213634 0.4083688011 0.3208516588 0.2408339305 0.2135505784 0.1908994886 0.1791576201 0.2146897465 0.2031998318 0.2049596826 0.1748838579 0.1662959112 0.1825482170 0.1732904594 0.2018254943 0.2009708790 0.1996601568 0.1576756774 0.1982733676 0.1728070459 0.2212337009 0.2117041415 0.1919598208 0.2261039823 0.1436959623 0.1923154366 0.2176624746 0.2977489355 0.2545305383 0.4694888995 0.5820138641 0.6942581960 0.8601547612 0.9409241808 0.9080993712 0.8542736434 0.7279947220 0.5188813576 0.3903232426 0.3137756731 0.2342318012 0.2273961086 0.2001787089 0.2147209660 0.1935450135 0.2206282379 0.1742896092 0.2317167415 0.1959350130 0.2585101333 0.2252133590 0.1994296629 0.2004449375 0.1849323161 0.2065510134 0.2046287461 0.2279631825 0.1633555514 0.1995658660 0.1868579827 0.2356594076 0.1731623178 0.2192494073 0.2244121052 0.2673173053 0.2946796656 0.4743889824 0.5491235194 0.6878045560 0.8700207030 0.8756758145 0.9135437829 0.8169049724 0.7618738736 0.5759724105 0.4212398820 0.3290228234 0.2396295822 0.2390892095 0.1848135642 0.1803167479 0.2370306207 0.2480816368 0.1823778887 0.2199533748 0.1977951463 0.2015384469 0.1315527901 0.1755463058 0.2406646338 0.2091892014 0.2325695284 0.2370598881 0.2338424288 0.1847381496 0.2085079376 0.2147088356 0.2091738187 0.2334466599 0.2052693020
0.1720686797 0.2273253721 0.1703415833 0.1625125592 0.1717652807 0.1774445876 0.1975040878 0.2069447794 0.2180786691 0.3693888162 0.3927417183 0.5656297282 0.7446040962 0.8772554198 0.9563230722 0.8401195634 0.7448811217 0.5705785470 0.4845192743 0.3265636577 0.2490736506 0.2202037011 0.2024584156 0.2237340086 0.2031274145 0.2095736285 0.2104670455 0.1622292145 0.2048673109 0.1861664131 0.1946623289 0.1908806711 0.1771454900 0.1984657173 0.1857599107 0.1735807514 0.1871260564 0.1482414471 0.1928534200 0.1724054809 0.2051721106 0.1991616049 0.2001280503 0.2440285445 0.1824998250 0.2322792527 0.3348280264 0.4364020962 0.6166069651 0.8020042425 0.8362614238 0.8910793297 0.8125779071 0.7715311578 0.5927930767 0.4724428725 0.3780457089 0.2174695862 0.2446652862 0.2134722866 0.1830956728 0.1929517889 0.1372393102 0.1856361853 0.1821667479 0.1583066840 0.1717821869 0.2247834634 0.1964960558 0.1992126778 0.1763933693 0.2214770000 0.2188688543 0.1969417263 0.2110251207 0.1719605254 0.1477558466 0.1793220834 0.1859897719 0.2218612766 0.2492971565 0.2131517443 0.2330893925 0.3600811538 0.4660300265 0.5638879155 0.6940827305 0.8027894539 0.9647053645 0.8830743917 0.8116048502 0.6660146747 0.5357354867 0.3717809633 0.3540731939 0.2867346908 0.2106910188 0.1696005247 0.2687850989 0.2033401008 0.1549765925 0.1975823112 0.1857366048 0.2051526282 0.2540702942 0.1864285639 0.2196927530 0.1952348404 0.2079704831 0.1892740418 0.2078601151 0.2049359062 0.2080218703 0.2436769478 0.1573203637 0.2090306100 0.2085375907 0.1868918488 0.2369546807 0.3188743625 0.3262748841 0.4335959121 0.5587879471 0.7006104661 0.8303789172 0.8957206503 0.9163880919 0.8238264296 0.6315383569 0.5795888483 0.3849471221 0.3277710675 0.2549782980 0.1851758645 0.1958961146 0.2011417187 0.1945215899 0.1732443516 0.2207195790 0.2306510061 0.1785905314 0.2107197488 0.2611018233 0.2114171786 0.1714130984 0.2234240936 0.1963700520 0.1798325021 0.2278046492 0.1581560606 0.1794882441 0.2440807791 0.2399228621 0.1574594977 0.1542732240 0.1767755844 0.3063348605 0.3290415696 0.4556215000 0.5759273867 0.7377377030 0.8414884756 0.9434619358 0.8879859358 0.8707071617 0.6804464564 0.5358764685 0.4005501780 0.2956154454 0.2466424654 0.2673421106 0.2112358204 0.2370012173 0.1796171543 0.1756842537 0.2069267888 0.1723057471 0.1968336187 0.1986450007 0.1871759186 0.2128609392 0.1921006447 0.1558600818 0.1485000105 0.2106931763 0.1972049429 0.2403219362 0.1704597713 0.2209938967 0.1978428585 0.2021457140 0.2259820793
0.1574723492 0.2031663739 0.1890669411 0.1629913182 0.1964114886 0.1816647137 0.1592183019 0.1709611323 0.2864691235 0.3615008730 0.4447176969 0.6160352368 0.7272825416 0.8558170715 0.8855664006 0.8438748882 0.7592727764 0.6092010162 0.4730099872 0.3635952034 0.3007404529 0.2559495847 0.2061851774 0.1874265439 0.1675203297 0.1870356002 0.2076272997 0.1856028452 0.1768435512 0.1496421124 0.1695133065 0.1825086220 0.2012328594 0.2061979932 0.1259892427 0.2003236712 0.2051009844 0.1990340079 0.2515506058 0.2550317747 0.2097726006 0.1693799953 0.1804574397 0.2192584032 0.2081691158 0.2937442853 0.3304243797 0.5041045633 0.6538087182 0.7416946440 0.8556060508 0.9331627711 0.9218494016 0.7962160286 0.6308991773 0.5179366910 0.3808606588 0.3328564793 0.2508694685 0.1905766421 0.2177116778 0.2096092673 0.2564410899 0.2227556443 0.1901869066 0.1603003384 0.1413759091 0.1547840668 0.2321448549 0.1322222095 0.1678828924 0.1776993937 0.1869942091 0.1993999605 0.2167450475 0.2079521479 0.1907553534 0.1616289116 0.1598627071 0.1370001832 0.2148385806 0.2325722474 0.2392669954 0.3690665737 0.4559717100 0.5810989409 0.8195271222 0.8814068931 0.9514483355 0.8722450768 0.8117931797 0.7119054342 0.4890486600 0.3859950534 0.3593333355 0.2445513312 0.2243936685 0.1647451351 0.1638797960 0.2157722829 0.2261946410 0.2495610361 0.1814752729 0.1954068263 0.1902815312 0.2083544666 0.1947496006 0.2128136856 0.1956352148 0.2176607178 0.2061044329 0.1823658738 0.2213723845 0.2094096686 0.2148723393 0.2032056793 0.2334921095 0.2133979511 0.2643438082 0.2680382878 0.3911366538 0.4382515884 0.5965426061 0.6863122428 0.8134629997 0.8857396719 0.9423947895 0.8094297387 0.6617582129 0.5261890964 0.4058329988 0.2723756929 0.2229085240 0.2648308245 0.2350800636 0.2101624963 0.1761002106 0.1974309550 0.2413515587 0.2327473119 0.2254524644 0.1799146262 0.1988360298 0.2005496202 0.1703770445 0.2040119986 0.2292664604 0.1953470227 0.1859081045 0.3100746286 0.1882905666 0.2491362266 0.1838962603 0.2025773778 0.2012139864 0.2439200408 0.2409022045 0.3478682299 0.3838396307 0.5514082024 0.6943268808 0.8936048829 0.9223618977 0.8746232250 0.8577898720 0.7004642969 0.5510645789 0.4420936239 0.3073790723 0.2666750339 0.1964027021 0.1990556301 0.2331786799 0.1874877105 0.2269805543 0.2364111463 0.2873514093 0.2120035045 0.2159069579 0.2129305479 0.1857934613 0.2197205955 0.1743193274 0.2121498113 0.1846939405 0.1907985416 0.2105601930 0.2186250828 0.2013469824 0.2072425448 0.2087063379 0.2145006869
0.2006732252 0.1827377483 0.1700939947 0.1850612121 0.1754157466 0.1895683368 0.2224029827 0.2823370906 0.2911742838 0.3729379875 0.4487989865 0.6541730019 0.7816737520 0.7990709868 0.9040997195 0.8376991457 0.7800688172 0.6130765265 0.4591046354 0.3494450893 0.2739572939 0.2544683033 0.2161735316 0.2222795782 0.2224826356 0.1568365747 0.1631406542 0.1889135188 0.1644884173 0.1528752854 0.1739062383 0.1920515731 0.2221161398 0.1846440631 0.2068473597 0.1579874592 0.1720022340 0.2371773598 0.1636085420 0.2103688791 0.2098265323 0.1848094649 0.2190359113 0.1732937176 0.2275244488 0.2935324820 0.3323795926 0.4493011115 0.5921246988 0.7198836491 0.9225556031 0.9319374931 0.8688101776 0.7763908867 0.6591568074 0.5246286553 0.3457233832 0.2494360205 0.2343420652 0.2162685579 0.2488070214 0.1879912483 0.1918543062 0.1739300043 0.2358861227 0.2214625489 0.1840931211 0.2257409487 0.2189869383 0.1538997021 0.2180318665 0.1802656975 0.2173433355 0.1426688834 0.2161479656 0.2706291213 0.2050955877 0.1923633196 0.2074785846 0.2161461384 0.2214834377 0.2249630364 0.2123058586 0.3455174690 0.4581443170 0.5940345664 0.7617469937 0.8892952655 0.9304863739 0.8816624708 0.7601683334 0.6825951000 0.5264279780 0.4234479883 0.3160606370 0.2360062361 0.2438544821 0.2048925260 0.2222681327 0.1932693098 0.1902769922 0.2425079698 0.2157574351 0.2223762790 0.2014228239 0.2006104892 0.2338213859 0.2046741250 0.2418103871 0.2024497434 0.2181117447 0.2416830076 0.2385896400 0.2372620074 0.1869555782 0.2401650183 0.2382951356 0.1732015918 0.2676727881 0.2774453590 0.3394712395 0.4459288504 0.5857458405 0.7067225083 0.8140353472 0.9577332357 0.9268383961 0.8241512076 0.6725561559 0.5711953235 0.4578042783 0.3250000184 0.2403584067 0.2333592911 0.2109641133 0.2369134158 0.1925014035 0.1807082193 0.1916739313 0.2617573002 0.2494158606 0.1875577052 0.1860830914 0.2095477729 0.2191768669 0.1848332050 0.2031522072 0.2072493048 0.1937790337 0.2023496738 0.1958797281 0.1971584844 0.2615167160 0.1797311677 0.2095680868 0.2337484008 0.2618014009 0.2956840214 0.4139568685 0.5766250463 0.7307944403 0.8481821549 0.9027315416 0.9211249213 0.8414428793 0.6735641722 0.6180370138 0.4105245163 0.3163815778 0.2650971683 0.2232702101 0.2293209985 0.2418346560 0.1821386748 0.1945997218 0.2203958190 0.1902389182 0.1945745621 0.1865608404 0.2008843245 0.2467778282 0.2063585476 0.2243892891 0.2329345046 0.2236794560 0.2122441902 0.2387069374 0.2664006148 0.2226543140 0.1910160286 0.1981498995 0.2751365054
0.1728868517 0.2291044221 0.2147239186 0.1764784014 0.1609642292 0.2127823829 0.2040388271 0.2508259597 0.3173597168 0.3729912369 0.4612953765 0.6260198750 0.7947945081 0.8918117311 0.9279090078 0.8589631354 0.8042128896 0.6274171951 0.4911733285 0.3768454567 0.2902108113 0.2732374363 0.2497671123 0.2222300651 0.1685278928 0.1743599075 0.2336578836 0.1990037752 0.1768869257 0.2031950172 0.2477869084 0.1742064168 0.1859746172 0.2537809117 0.2095283700 0.2160744547 0.1954282167 0.1936832054 0.2200590774 0.2031221122 0.1994735921 0.1894964817 0.2177450513 0.1977934245 0.2315124419 0.2977336625 0.3893814582 0.4947390786 0.6232516570 0.7386665458 0.8630625216 0.9112683131 0.9188909677 0.8106893699 0.6608081196 0.4642004649 0.3266562748 0.3138954819 0.2442015294 0.2478149345 0.2287503337 0.1923330498 0.1935904733 0.2296111500 0.2201331442 0.2287941950 0.1993624389 0.1877265221 0.2237287200 0.2128958477 0.2238593318 0.2106531677 0.2502639080 0.1812543809 0.2498349467 0.2329705491 0.1705765198 0.2390685188 0.2314645246 0.2003485783 0.2382500002 0.2256234426 0.3025265450 0.3261991720 0.4195561379 0.6366802035 0.7375689802 0.8232361903 0.9056396408 0.8749526570 0.8357243073 0.6677818640 0.5015105515 0.4011928160 0.3009703786 0.2999978357 0.2278367328 0.2263164982 0.2225780676 0.1876204991 0.2001916470 0.1974896783 0.1832941495 0.2134465228 0.1758053878 0.1797522391 0.1585465098 0.2072876577 0.2446880743 0.2809887192 0.2061869531 0.2117514492 0.1992726353 0.2579678105 0.1961869636 0.1638108364 0.2171688369 0.1912742733 0.2569021371 0.3023142324 0.3650056086 0.4669370439 0.5979955708 0.7273439127 0.8259029505 0.9228042562 0.8751922317 0.8481814631 0.7125226595 0.5661423281 0.4622272418 0.3412673878 0.2376400576 0.2296277731 0.2082081984 0.1987023382 0.2183703631 0.2585233122 0.1887799794 0.2193546903 0.2340602891 0.2589534519 0.2665533465 0.1955836304 0.1865152667 0.2114017612 0.2204064664 0.2643805252 0.2085370118 0.2382176740 0.2198428532 0.2170291161 0.1902263526 0.1944759259 0.2230878631 0.2829968249 0.2098651479 0.3694406774 0.4407696395 0.5858294367 0.7148941510 0.8628999906 0.9041875256 0.8951598157 0.8321065253 0.7365013497 0.5909379066 0.4881717262 0.2938016207 0.3346612193 0.2835564567 0.2614734269 0.2074160340 0.2047139300 0.2228583009 0.2269566026 0.2275490754 0.2265407488 0.1705104238 0.2138082919 0.2068228072 0.2400575323 0.2481385122 0.2017195002 0.1799003530 0.2313530147 0.2245149942 0.2153779603 0.1739740784 0.2453709510 0.2757920747 0.2073689143
0.2006006478 0.1875330328 0.2402658005 0.1891993333 0.1907463648 0.2023732769 0.2232305243 0.2462170677 0.2763919027 0.3751809877 0.4759735748 0.5836342057 0.7833746984 0.8950526328 0.9706981797 0.8839238290 0.7706993677 0.6449907446 0.5252608300 0.3816086370 0.2993283463 0.2052233389 0.1867049829 0.1620174554 0.2087049947 0.1888287983 0.1908994317 0.2234047896 0.1778242046 0.2345196614 0.1836997170 0.1666501109 0.1934599834 0.2086708400 0.1934865928 0.2199152643 0.1841169501 0.2072060743 0.1961422600 0.1910450485 0.1842573660 0.2216699041 0.2293730403 0.2578290363 0.2143732186 0.2653477493 0.3233160245 0.4950794219 0.6431071727 0.7666675106 0.8585296352 0.8812748505 0.9075631603 0.8292431368 0.6627990273 0.5191094145 0.4225810576 0.3467606939 0.2800989769 0.1809668249 0.2288154345 0.2225231644 0.2565635909 0.2231963448 0.2406087015 0.2235286753 0.2523538502 0.1995347439 0.2463613129 0.2314770433 0.2235416693 0.2133879414 0.2431620980 0.2037192828 0.2097632900 0.2163481459 0.2567925833 0.1800994291 0.2379534825 0.2417998050 0.1973059188 0.2525731427 0.2833720987 0.4114067603 0.4529257021 0.6159502036 0.7277704185 0.8699238993 0.9406863980 0.9368636274 0.8645245092 0.6782448222 0.5631634089 0.4189043045 0.3043863347 0.3332390204 0.2679982003 0.2329191380 0.2133194462 0.2369888238 0.2575650628 0.2117998220 0.2329585223 0.2158968872 0.2168029273 0.2602943693 0.2290205268 0.2123602689 0.2070425081 0.1783176641 0.2488646937 0.2286968547 0.2006164250 0.2352116078 0.2104019728 0.2328421281 0.2418706082 0.2252473515 0.2883340346 0.3074909982 0.3603007002 0.4630779340 0.6403359634 0.7471570098 0.8817955581 0.9674233288 0.9037711435 0.8437204668 0.7375218905 0.5433229385 0.4451753313 0.3361698762 0.2731379220 0.2166253518 0.2692252703 0.2303159287 0.2321371504 0.2625974279 0.1629057182 0.2195280817 0.2543206044 0.2131319682 0.2186245676 0.2549446658 0.2195500490 0.1984197749 0.2045882799 0.2496698823 0.2468392282 0.2223223002 0.2561375583 0.2010478676 0.2784411633 0.2159629473 0.2702865340 0.2259939255 0.2741102548 0.3900207772 0.4791900855 0.5881400452 0.7056325959 0.8602851857 0.9583821938 0.9546921484 0.9230318070 0.7352426011 0.5860099100 0.4727891623 0.3744110680 0.3072573042 0.2411950506 0.2850370948 0.2420733005 0.2352705340 0.2502573824 0.2402394809 0.2640585090 0.2333227703 0.2867967727 0.2828745521 0.2474200156 0.3058094357 0.2531482087 0.2760396082 0.1734734752 0.2894961937 0.2488636008 0.2089330711 0.2290463939 0.2342677487 0.2367697659 0.2456200506
0.2299599039 0.2043839049 0.2307128623 0.2255562986 0.2251296443 0.2174276330 0.1971540013 0.2750702717 0.3188869173 0.3333057922 0.4692802654 0.5877573443 0.7871250004 0.8583687814 0.9762478495 0.8809150978 0.8107281295 0.6131934275 0.4963310778 0.4151393772 0.3280929813 0.2715471229 0.2193547349 0.2603044250 0.2354407726 0.1674642294 0.1915692463 0.2543635384 0.2258205593 0.2184092034 0.2057277300 0.2231580900 0.1516828476 0.2139672996 0.1858117805 0.1628093545 0.2409093510 0.2343135893 0.2167832924 0.2032955066 0.2422218631 0.1949130560 0.1688836018 0.2449980086 0.2958378060 0.2672887562 0.3612806439 0.4746015150 0.6002481068 0.7795103876 0.8842115085 0.9568591342 0.9269931555 0.7969344687 0.7490404549 0.5357416275 0.4035737945 0.3545594560 0.2001051674 0.2797665732 0.2462713827 0.2350328064 0.2349229048 0.2101196741 0.2233437922 0.1669525269 0.1971008293 0.2027112607 0.2423220694 0.2260470924 0.2181106824 0.2441737680 0.1582815508 0.2041201181 0.1897201308 0.1756488731 0.2193721572 0.2291536475 0.1933799077 0.2250340838 0.2183353173 0.2451616960 0.3007591864 0.3676563039 0.4636606876 0.5773369481 0.7841422954 0.9010186599 0.9773777994 0.9765370785 0.8047257447 0.7204749610 0.5794123191 0.4141896180 0.3906795049 0.3447601105 0.1995060562 0.2805271289 0.2059336563 0.2377176437 0.1920977265 0.1964335843 0.2102882240 0.2522070135 0.2110055962 0.2316849439 0.2262904639 0.2582867014 0.2101893515 0.2468479191 0.2780583229 0.2412780836 0.2048965492 0.2047003075 0.2091049171 0.2755451767 0.2395382232 0.2425519050 0.2669986720 0.2913132335 0.4137385319 0.4489743598 0.5592421442 0.7348216432 0.8781081925 0.9506205248 0.9756405128 0.8602350351 0.7378190774 0.5107189581 0.4907339777 0.3609317392 0.2913033045 0.2119051039 0.2483957525 0.2260759724 0.2244735366 0.2056193446 0.2146676738 0.2286303427 0.2421606037 0.2702258858 0.2506871228 0.2563746322 0.2303349969 0.2080237117 0.2315455396 0.2505363841 0.2682029176 0.2189591614 0.2257357482 0.2549453910 0.2088372774 0.2404828508 0.1726390026 0.2804265606 0.2955510734 0.3291909588 0.4408931653 0.6012773211 0.6919940860 0.8387667408 0.9382828872 0.8956897555 0.8597673120 0.7484535920 0.6049098751 0.4656950336 0.3447342699 0.2749842436 0.2618485205 0.2377115774 0.2559164738 0.2408121239 0.2506138223 0.2304311957 0.2670121421 0.2089442919 0.2447733651 0.2683655679 0.1937645607 0.2738214937 0.2316739008 0.2088801590 0.2942054301 0.2191188397 0.2146116226 0.2204015337 0.2042167460 0.2065938690 0.2668669548 0.2265949937
0.2563534991 0.2142634725 0.2261969455 0.1929993518 0.2001171351 0.2359262402 0.2728943089 0.2532957006 0.3387501424 0.3890608098 0.4994447327 0.6362665204 0.7719501989 0.9037397762 0.9078256505 0.9066463913 0.8062549540 0.7346124522 0.5394734853 0.4453960030 0.3208897794 0.2262547805 0.2771481572 0.2026759031 0.2451839710 0.2677842199 0.2105299690 0.2264133926 0.1824657269 0.1908604780 0.2154450343 0.2552054985 0.2240510703 0.2474307973 0.2652476846 0.2376993596 0.2011106599 0.1872715124 0.2044511977 0.2453638328 0.2161320943 0.2465602843 0.1823214650 0.2518480477 0.1968819648 0.3264264907 0.3416726224 0.5266596242 0.6689846620 0.7257955778 0.8619198649 0.9227088521 0.9115986294 0.8503171034 0.7038901940 0.5214100924 0.4185935383 0.2965116707 0.2535128689 0.2821877486 0.1967880704 0.2045938880 0.2133506961 0.1685452142 0.2114345983 0.2128738714 0.3003662341 0.2009213811 0.2746512032 0.2270324972 0.2505281027 0.2677991298 0.1843113430 0.1990262504 0.2481187631 0.2380191274 0.2063621690 0.1911357026 0.2326231139 0.2708295354 0.2576903402 0.2584136593 0.3475099696 0.4036088315 0.5218813098 0.6100327756 0.7011521085 0.9106464454 0.9479749546 0.9581982429 0.8380959381 0.7183028610 0.5858833748 0.3972275115 0.3001896542 0.3556567347 0.2717786402 0.2341783077 0.2698061137 0.2507007850 0.2487662502 0.2187822941 0.2367147690 0.2765283430 0.2354684586 0.2115928694 0.2530758197 0.1990826692 0.2491880969 0.2548546924 0.2222551126 0.2180975150 0.2414338232 0.2725238548 0.2696455200 0.2806617479 0.2106464125 0.2707899719 0.2677658137 0.2805846197 0.3977879686 0.4566934016 0.5625553541 0.7219616547 0.9061917043 0.8901189244 0.9817298614 0.8663561614 0.6716221490 0.5867513916 0.4523722049 0.3564188356 0.2923406662 0.2539580213 0.2277097144 0.2599300086 0.1952636190 0.2608844757 0.2343246905 0.2638926041 0.2115068418 0.2511688705 0.2144308322 0.2432138886 0.2585255476 0.2130928144 0.2317093512 0.2180407806 0.2932538307 0.2302508076 0.2382511578 0.2250970304 0.2298233222 0.2415669289 0.2696253895 0.2536573123 0.3017421630 0.3331025849 0.4393695545 0.5985382156 0.7229451539 0.8591948157 0.9084327614 0.9471329332 0.8813937572 0.7829910822 0.5884809981 0.4875210973 0.3347267284 0.2993791572 0.2553791410 0.2709817790 0.2531841637 0.2280458925 0.2303229139 0.2571636174 0.2704668649 0.2515558865 0.2488317428 0.2072700117 0.2774682622 0.2590748782 0.2477518562 0.2333713907 0.2592443433 0.2505851687 0.2036418319 0.2394364261 0.2046901277 0.2825698883 0.2474534752 0.2459501666
0.2610307847 0.1970560481 0.2503030261 0.2528678129 0.2069129059 0.2465169412 0.2599405009 0.2585802296 0.3263599632 0.3674406530 0.5497500899 0.6520809148 0.8019385796 0.8962839808 1.0000000000 0.8593184348 0.7859027344 0.6651009479 0.5446566444 0.4299606005 0.3732131349 0.3041673096 0.2503092013 0.2239512635 0.2288795091 0.2173199103 0.2167681180 0.2183337450 0.2166984498 0.2603792974 0.2274630130 0.2384526624 0.1980147042 0.2044972195 0.2362857850 0.2429291741 0.1681304617 0.2650547616 0.2531284371 0.2144087490 0.2225493239 0.2442963159 0.1991554159 0.2224530635 0.3056672404 0.3086761218 0.4037053120 0.4932178593 0.6352593232 0.7356706250 0.8808572107 1.0000000000 0.8852481630 0.8864844621 0.6918174353 0.5369083811 0.4754565687 0.3259689791 0.2907315454 0.1992158125 0.2578748150 0.2094594896 0.2530125279 0.2132429267 0.1922445134 0.2391556190 0.2181943783 0.2846490771 0.2562663514 0.2234104533 0.2517195295 0.2299248903 0.1859764139 0.2059061228 0.1855056505 0.2084505040 0.1794000895 0.1967631471 0.2286036107 0.2805473556 0.2639579885 0.2760298147 0.2858972920 0.3654336271 0.4939782595 0.6018625225 0.7779248668 0.8487494355 0.9545985192 0.9094201015 0.8322655520 0.7015432617 0.5468675149 0.3935472364 0.3109188646 0.2853033716 0.2704647991 0.2324857770 0.2682377730 0.2790444781 0.2152530797 0.2694274841 0.2845443909 0.2657149380 0.2274130899 0.2086537288 0.1837291665 0.2348345885 0.2635864096 0.3031309999 0.1778218776 0.1715400392 0.2420585304 0.3067204944 0.2310234666 0.2933598815 0.2202207411 0.2395890748 0.2792415450 0.2775554491 0.3937593388 0.4353324896 0.6002884067 0.7196737162 0.8648617206 0.9377513259 0.9367993736 0.8418682461 0.7314692585 0.5725005659 0.4164785086 0.3502412677 0.2685930421 0.2797699893 0.2573186390 0.2586199762 0.2404192826 0.2568827985 0.2060515357 0.2394725448 0.2402165676 0.2279479151 0.2275920312 0.2422358910 0.2419728086 0.2076914860 0.2582198604 0.1936117812 0.2801686249 0.2730096522 0.2580361736 0.2260510511 0.2075463862 0.2606037836 0.2221122497 0.3289719235 0.3003663893 0.3752378958 0.4293548090 0.6070100646 0.7140852851 0.8914339669 0.8991272232 0.9711670942 0.8834340903 0.7963402901 0.6110635282 0.4645089609 0.3862762104 0.3474082847 0.3054274002 0.2688251785 0.2588278888 0.2971010663 0.1792854382 0.2583004315 0.2249456292 0.2401149147 0.2676682965 0.2443945518 0.2783124216 0.2500857670 0.2379751329 0.2222600928 0.2610265994 0.2236633910 0.1906692473 0.2338001163 0.2136672639 0.2912719311 0.2302998556 0.2882122856
0.2674739754 0.2144239090 0.2348001732 0.2299650784 0.2132931305 0.3094760862 0.1847322170 0.3138785964 0.3037764556 0.2960279622 0.5008368950 0.6392176376 0.7759333351 0.8488627410 0.9363625758 0.8634610910 0.8566211560 0.6350707710 0.4513835087 0.3846009691 0.3350156289 0.3117979859 0.2179386082 0.2200773773 0.2126397949 0.2223002350 0.2037352100 0.2177757529 0.2397833320 0.2394136841 0.2485598884 0.2607447899 0.2450354365 0.2248556574 0.2631334820 0.2458049327 0.2027870744 0.2136773816 0.2153574425 0.2362440101 0.2056832157 0.2652783679 0.2347996064 0.2694338197 0.2113205496 0.3139849495 0.3712521695 0.4528569489 0.6009052967 0.7663037961 0.8718774296 0.9646602468 0.9412379977 0.8482378936 0.6690727236 0.5448286581 0.3846473018 0.3230429333 0.3040282233 0.2601447606 0.2292774941 0.2760965678 0.2309096489 0.2865629324 0.2087167762 0.2359390023 0.2792747764 0.2377273685 0.2222402975 0.2407156747 0.2329844703 0.2230249277 0.2012444095 0.2392733879 0.2357675431 0.2428635033 0.2515475022 0.2160727201 0.2800439370 0.2697347147 0.2944655847 0.2779912472 0.2955409019 0.3359922147 0.5130543131 0.5817066880 0.7792162077 0.8625509275 0.9703885750 0.9488880698 0.8691273388 0.7180989049 0.5320388989 0.4676861855 0.3504695515 0.2856760351 0.2401696950 0.2271655301 0.1926858997 0.2744390184 0.2508215575 0.2196174418 0.1935509984 0.2368510161 0.2758788405 0.2038860687 0.2291990056 0.2972449717 0.2250968908 0.2894055679 0.2378888974 0.2295720625 0.2397373164 0.2434032509 0.2484884793 0.2279126136 0.2397043015 0.2826735524 0.2859339583 0.2640820058 0.3656563108 0.4997891153 0.5624020932 0.6943092714 0.8953073287 0.9361180770 0.9500700875 0.8746926164 0.7340046734 0.5649691881 0.4705972278 0.3521667994 0.3083940166 0.3150720032 0.2616070492 0.2292256408 0.2648593721 0.2909076309 0.2647945620 0.2371960949 0.2496306451 0.2324500035 0.2537636523 0.2293390403 0.2513902007 0.2120178409 0.2323342171 0.2678825702 0.2308737028 0.2317135850 0.2083894475 0.2207710653 0.2542382773 0.2894661291 0.2788476444 0.2580515291 0.3140905646 0.3456676213 0.4264692971 0.6119655018 0.7411894212 0.8818175945 0.9239085742 0.9589175152 0.9109563569 0.7586544592 0.6092639977 0.4715917590 0.3861419724 0.2940716944 0.2613715252 0.2380227803 0.2541160191 0.2998161806 0.2670807010 0.2868831215 0.2309634461 0.2396884633 0.2408784395 0.2305725335 0.3052905720 0.2226761138 0.2113689378 0.2708113005 0.2791297632 0.2564196391 0.2271616271 0.2736984523 0.2761678315 0.2791467519 0.2556775238 0.2472985604
0.2342089894 0.1772140652 0.2498389032 0.2818035484 0.1874936508 0.2469968209 0.2418187321 0.2802231016 0.2783121630 0.3403307150 0.5109444838 0.6147519871 0.7372282408 0.8419321759 0.9827738504 0.9291356080 0.8294781439 0.6627919763 0.5510438928 0.3666461321 0.3186807678 0.2746278958 0.2269621572 0.2732961560 0.1785734665 0.2349079600 0.2542394054 0.2028387660 0.2411701880 0.1911235623 0.1884466144 0.2197593301 0.2371816240 0.2006362976 0.2152984774 0.2124305002 0.2016030168 0.2070349945 0.2622144619 0.1956127595 0.2156066989 0.2193212781 0.2022540075 0.1938866758 0.2291604413 0.2874771691 0.3459279136 0.4881654245 0.5809610234 0.7336946241 0.9010862271 0.9234725091 0.9758868372 0.8429518524 0.7010023281 0.5804064499 0.4045097315 0.3528824971 0.2902073492 0.2550517426 0.2475803015 0.2024030153 0.2624342964 0.2375862098 0.1816326796 0.1856870025 0.2059384585 0.2316668981 0.1909379489 0.2265239067 0.2412287502 0.2072058841 0.3099111540 0.2183609422 0.2405594001 0.2229654469 0.1887602641 0.2411986896 0.2202613580 0.2231498246 0.2826983156 0.2517656631 0.2669648215 0.3190170047 0.5224247238 0.5858242878 0.7657281218 0.8540112355 0.9277461339 0.9162233249 0.7998349393 0.6687063444 0.5885856525 0.4274464595 0.3993536675 0.3049496890 0.2739283442 0.2538763028 0.2181925703 0.2278822505 0.2020302691 0.2374249399 0.2235466710 0.2046747553 0.2403336477 0.2369709357 0.2048157696 0.2511206175 0.2335684709 0.2355562333 0.2486991012 0.2579454635 0.2617750844 0.2493836045 0.2448547554 0.2140307923 0.2405001542 0.2336107944 0.2665245777 0.2720998770 0.3167176310 0.4496152345 0.5989756274 0.7196105681 0.8651084015 0.9477593340 0.9336761160 0.8948522768 0.7141314384 0.5899835389 0.4388891026 0.3438532218 0.2765129561 0.3396736751 0.1919838915 0.2026775625 0.2527390205 0.2324701092 0.2595655259 0.2310987496 0.2344847056 0.2576113498 0.1882756798 0.2570300848 0.2511970220 0.3199147539 0.2398820862 0.1757090700 0.2601783735 0.2441555873 0.2351942059 0.2315985746 0.2205221089 0.2099630472 0.2698089429 0.2896644848 0.3230595176 0.3435479100 0.4424942220 0.5819343941 0.7306955152 0.8645811011 0.9577585949 0.9342727796 0.8852172068 0.8010145762 0.5992697029 0.4775120779 0.4090809282 0.2738171391 0.2926324548 0.2414689116 0.2496604590 0.2068616183 0.1759214210 0.2336290261 0.2064613615 0.2279055020 0.2472018849 0.2534068322 0.2709972289 0.2715166459 0.2733272381 0.2172240134 0.3187539613 0.2241722878 0.3043611527 0.1955281223 0.2456447463 0.2381092875 0.2620622106 0.2669687088
0.1698493784 0.1732346454 0.1921797898 0.2307062352 0.2565230352 0.1947944238 0.2107721041 0.2341451720 0.2608916507 0.4086071408 0.4699069382 0.6659575067 0.7967955672 0.9107018577 0.9432335710 0.9450826266 0.7556688461 0.6248863272 0.5349500955 0.3816378858 0.3338646173 0.2415196535 0.2752035074 0.1951205303 0.2032355853 0.2144347859 0.2304107103 0.2461411167 0.2246411286 0.1494757238 0.1771524368 0.2162068807 0.2068460698 0.1983370685 0.1715026472 0.1941706199 0.2316464935 0.2107517241 0.2003905664 0.2208270250 0.1732057358 0.2033373653 0.2211544136 0.2251814157 0.2324584564 0.3234157458 0.3945172248 0.4704272674 0.6180127227 0.7747415406 0.8378901996 0.8912886828 0.8978402592 0.7709021809 0.6803047652 0.5501424925 0.3858613708 0.3445324862 0.3146594026 0.2403840216 0.2662819982 0.2316239360 0.2339100021 0.2231250783 0.2299449073 0.2115690420 0.1592193572 0.2584103838 0.2015886032 0.2233254199 0.2097659253 0.2400492652 0.2082026288 0.2352323717 0.2648662009 0.2114299799 0.2803112350 0.2056622720 0.2153086863 0.2398571651 0.2509543952 0.2448569493 0.3007169027 0.3172038723 0.4420620421 0.5938015171 0.6906126516 0.8691298292 0.9128068175 0.9849172693 0.8597153269 0.7312013704 0.5397916141 0.4198642169 0.3424461073 0.2636835117 0.2404636550 0.2053549700 0.1688761713 0.2534741173 0.1735167752 0.2260139207 0.2554477463 0.2113120753 0.2187351595 0.2325242333 0.1653853911 0.2378007482 0.1916395285 0.2348905542 0.2548534390 0.2652171075 0.2902029157 0.2632916056 0.2052165576 0.2074029011 0.1925620960 0.2042020204 0.2345687736 0.2949664128 0.3769147421 0.4752930412 0.5876530058 0.7615250658 0.8609195998 0.9611456912 0.8933856351 0.8129004505 0.7585106867 0.5648351233 0.4981794059 0.3690965930 0.3271444712 0.2065614298 0.2336177405 0.2272234054 0.1989047560 0.1908007330 0.2349750471 0.2659985640 0.2743761320 0.2412994278 0.2652235721 0.2285975782 0.2889780694 0.2502115623 0.2064745422 0.2392307784 0.2645043993 0.2149753288 0.2647265000 0.2550714865 0.2406855779 0.2488704578 0.2709546861 0.2754419158 0.2886229684 0.3335175867 0.4182677804 0.5932320879 0.7307685292 0.8514550734 0.9063573172 0.9467225052 0.8871748584 0.7682733488 0.6047407594 0.5140105243 0.3972964943 0.3008815835 0.2584878555 0.2163273296 0.2670138981 0.2556677560 0.2171317650 0.2505617342 0.2318027150 0.2639391871 0.2325562698 0.2324874034 0.2204411943 0.2581592480 0.2235365856 0.2430358796 0.1890493994 0.2161402261 0.2507131244 0.2611728395 0.2206818999 0.2310039276 0.2778153961 0.2894988086
0.2207623740 0.2256369584 0.2083769201 0.2186441453 0.2037397054 0.2555954154 0.2196029298 0.2612831757 0.3055693214 0.3864267182 0.4318523434 0.6283136880 0.7496146167 0.8748663154 0.9241756866 0.9075076178 0.7990805970 0.6408162883 0.4958843686 0.3503603083 0.4280676612 0.2861551798 0.2330478747 0.2463386353 0.2837715568 0.1785443044 0.2307409828 0.2098365067 0.1832692785 0.2434101254 0.2331306254 0.2369594691 0.2086507113 0.2637514914 0.2079904713 0.2222823864 0.2200775168 0.1648495729 0.1984313117 0.2448772945 0.2111786949 0.2184641591 0.1910533215 0.2268655634 0.2109849620 0.3036261066 0.3709872460 0.4438941576 0.6050994654 0.7236745687 0.8788863310 0.9508382728 0.8992745494 0.8250015284 0.6531505972 0.5256869962 0.4258173230 0.3494166614 0.2520127974 0.2631098259 0.1871852465 0.2471769876 0.2174388437 0.2175721752 0.2128666970 0.2200721114 0.2103604077 0.1844056155 0.2760266953 0.2035492370 0.2689750830 0.2604356358 0.2218449882 0.2451854115 0.2742938931 0.2097072346 0.2751355011 0.2526703404 0.2057451135 0.2445256228 0.2250763472 0.3122116665 0.3351398326 0.3406832379 0.3862137891 0.5879287734 0.7567814563 0.8900702496 0.9385524301 0.9006332911 0.8612569430 0.7049060423 0.5968515009 0.4403244496 0.3319198197 0.3110015468 0.2671904402 0.2286211245 0.2194856366 0.1916978720 0.1635434141 0.2242500574 0.2175746638 0.2382812499 0.1992170935 0.1718306295 0.2589187536 0.2582629623 0.2596996209 0.2362139850 0.2217533190 0.2023580370 0.2047232734 0.2308497945 0.2087986920 0.2118535665 0.2572420450 0.2639095119 0.2533534987 0.3064398546 0.3472071100 0.4477185436 0.5953570576 0.7583265862 0.8568861281 0.9494262170 0.9541103466 0.8655107823 0.7424332982 0.5832708330 0.4727398121 0.3888779715 0.3203437484 0.2503065681 0.2008565023 0.1966543964 0.2716264421 0.2229793480 0.2736918939 0.1956766736 0.2191687195 0.2139652420 0.2387246075 0.1961644501 0.1945408869 0.2521012065 0.2150762048 0.2399447865 0.2021963566 0.2064161003 0.2108510850 0.2344035762 0.2169509502 0.2091631836 0.2389425230 0.2285183144 0.2979562118 0.3530104097 0.4273492954 0.5749303364 0.7684488283 0.8081004435 0.9266119649 0.9465706240 0.8570618752 0.7522651374 0.6405921946 0.4228435290 0.3337357115 0.3072353719 0.2753700622 0.2769176009 0.2213538647 0.2255971329 0.1868220479 0.1961902401 0.2223172886 0.1913408254 0.1845035161 0.2260019678 0.2470681649 0.2701273057 0.2530995864 0.2627747735 0.2165407845 0.2167893380 0.1950472472 0.2335908834 0.2579122357 0.2235755289 0.2221070576 0.2111662667
0.2097234366 0.2053857944 0.1761056651 0.1637985422 0.1586257657 0.2926384631 0.1686897679 0.2298340584 0.3338900998 0.3320558955 0.4757432210 0.6324483884 0.7394853193 0.8909874138 0.9274135817 0.9131165503 0.8005687722 0.6696624533 0.5290954935 0.3726273139 0.2825717474 0.2573403235 0.2531744106 0.2089387082 0.2397483713 0.2044712247 0.2058411395 0.1781473714 0.2281432313 0.2206233644 0.2084850408 0.1770795064 0.2392572555 0.1935312090 0.1530493399 0.1527345768 0.1587593516 0.1905021991 0.2434647738 0.1750866282 0.2248394433 0.2473322220 0.2557396855 0.2139862604 0.2310337227 0.2580082133 0.3436021012 0.4515438419 0.5687326605 0.7279423194 0.9482855975 0.9238758826 0.9023057062 0.8356499371 0.6935648662 0.5368810995 0.4462051036 0.3515831405 0.3172791331 0.2276826187 0.2350171371 0.2181111116 0.2746567264 0.2815650706 0.1896881760 0.2088030625 0.1887572170 0.2311173326 0.2483032607 0.2109389848 0.1594902510 0.2537004812 0.2234744223 0.2056908067 0.2675011423 0.2092367804 0.2059578165 0.1906278883 0.2027848897 0.1856760874 0.2077003124 0.2176789306 0.2401251115 0.3885659613 0.4103163959 0.5686041805 0.7040803805 0.8355693558 0.8852777443 0.9332519733 0.8384934198 0.6498607284 0.5445652537 0.4542083715 0.2958788685 0.2980184652 0.2623769356 0.2141702950 0.1897432165 0.2567471009 0.1900782384 0.2227409092 0.2224032623 0.2410958491 0.2176832471 0.1746664066 0.1749786760 0.2462720090 0.2129918701 0.2391378972 0.2022303291 0.2440689925 0.2038697488 0.2333647512 0.2454766701 0.2383043178 0.2547553137 0.2799349920 0.2594905801 0.2642827446 0.3544818183 0.4401370475 0.5374452143 0.7041039338 0.8643413312 0.9210030022 0.9231123763 0.8746315535 0.8017235855 0.5359033070 0.4362881853 0.3137174725 0.2897442902 0.2571190231 0.2292548888 0.1717137323 0.2337558949 0.1954057823 0.2242396300 0.1689562403 0.2466587403 0.2314572913 0.2014306543 0.2241224607 0.2501005862 0.1814186149 0.2034874252 0.2310049132 0.2214685882 0.2441282470 0.2028970721 0.2393332048 0.2225344092 0.2564479484 0.2499006503 0.2499157647 0.3341142738 0.3533179755 0.4201970881 0.5374190315 0.6986108031 0.8471423216 0.9209864860 0.9645922125 0.9081749121 0.7709315219 0.5721455965 0.4535761837 0.3952766929 0.2983334389 0.2606384543 0.2126872026 0.2599116363 0.2241655649 0.2039520870 0.2300635908 0.2526987344 0.1969083214 0.2642977334 0.2180316868 0.2538880818 0.2176221381 0.2267335003 0.2115386151 0.2637753433 0.2477662285 0.2740730143 0.2426437867 0.2043022082 0.2568477757 0.1836579913 0.2364503114
0.1877130880 0.1984998531 0.1800747390 0.1883288227 0.2507968808 0.2339620771 0.1941501274 0.2571360765 0.2737881924 0.3826576941 0.4592064891 0.5921754125 0.6903583563 0.8663644562 0.9044791647 0.8574002096 0.8227735390 0.6660585395 0.5090457579 0.4314967306 0.2568397273 0.2552126239 0.1896133444 0.1824372683 0.1994519484 0.1759405380 0.2131233094 0.1840242010 0.2268889500 0.1983687931 0.2396061467 0.2345480168 0.1922139555 0.1893861604 0.2336725546 0.2188577453 0.1538835829 0.1941187691 0.2548927117 0.1982055325 0.1984491586 0.2169866465 0.1950537501 0.2351769592 0.2298600753 0.2465017256 0.3095677161 0.4301815518 0.5508476486 0.6777879980 0.8769473155 0.9234710320 0.9148853841 0.8211949048 0.6841897672 0.5642316802 0.4271697255 0.3353019991 0.2500189922 0.2177134693 0.1944397762 0.2653860122 0.2109900426 0.2319297784 0.1953898517 0.2037391704 0.2116635882 0.1599775641 0.2212919541 0.2371536201 0.2258587093 0.2367806646 0.1464502682 0.1875454706 0.2063815462 0.2396279988 0.1544524313 0.2371162898 0.1981662193 0.2173169603 0.2130316510 0.2572789693 0.3071285232 0.3482032110 0.4686230847 0.5521178489 0.6610053476 0.8445258388 0.8849179101 0.9479910388 0.8243011809 0.7095249748 0.5321151124 0.4509968058 0.3271502554 0.2827499433 0.2227690402 0.2316371108 0.2293417377 0.1769071539 0.1963077268 0.2087502240 0.2653291758 0.2162977661 0.1526410469 0.2327097843 0.2070281006 0.1803897967 0.1649073662 0.2340632697 0.1871366698 0.2373255955 0.1764145748 0.2232412171 0.2495451405 0.2400665857 0.2706204789 0.2210705180 0.2443149404 0.2344928134 0.2981328904 0.4192726008 0.5517721584 0.7158469075 0.8417917263 0.9325105315 0.9368695589 0.8706575568 0.7626896700 0.5461073445 0.4617503663 0.3317061340 0.2893572241 0.2386627589 0.2055569264 0.2436076333 0.2634640369 0.2270689814 0.2082398912 0.2626484288 0.2006680649 0.2202362420 0.1720345119 0.2134717651 0.2154301338 0.2139285322 0.1613519726 0.2082755284 0.2307324602 0.1768172149 0.2496716192 0.2522016768 0.2198806117 0.1775663037 0.2971496964 0.1957411381 0.2272398405 0.3488928860 0.4279807399 0.5517558820 0.6666640379 0.8110192364 0.9693327897 0.9449401604 0.8629039492 0.7839628364 0.5589193996 0.4729282667 0.3752051376 0.2853172172 0.2132122699 0.2832406126 0.2496393516 0.2305294054 0.2385699721 0.2142888656 0.2072125637 0.2209403235 0.2270852169 0.2333342050 0.1957554353 0.2141248914 0.1875819599 0.2340747659 0.2084176540 0.1908854950 0.1739950543 0.2117120424 0.1715076735 0.1907556145 0.1845755483 0.1927279164
0.1535934652 0.1717822327 0.1996457345 0.2167870804 0.1949465662 0.2257559416 0.2096898296 0.2249161078 0.3465047096 0.3452294901 0.4197503276 0.5594226350 0.7492828835 0.8318328426 0.8917318042 0.9325996571 0.7150085326 0.6129100541 0.4616912014 0.3702676282 0.3013761525 0.1929296556 0.2417761200 0.2222827338 0.2183668169 0.2556213663 0.2062321959 0.2226755053 0.1972560413 0.1959949037 0.2102640873 0.1941074618 0.2196711698 0.1902979260 0.1928938215 0.2505664892 0.2098763297 0.2016736745 0.1776441551 0.2125812046 0.2414794733 0.1714290657 0.1718214490 0.1837843480 0.2558773142 0.2337085372 0.2983300366 0.3885838821 0.5536562336 0.7822449392 0.8267562101 0.8910947253 0.8630846996 0.8187804505 0.6607969045 0.4970134077 0.4169818990 0.3464854331 0.2383634525 0.2575169158 0.1993321031 0.2044526079 0.2433197605 0.1280802839 0.1993717665 0.1757189454 0.2316965094 0.2537783252 0.2396707760 0.1904234785 0.2105645232 0.1697330199 0.2251967054 0.2749130975 0.2431121681 0.2116432550 0.2291303450 0.2026092153 0.2108642078 0.2030719435 0.2369993056 0.2092688260 0.2119318176 0.3109857928 0.3740464298 0.5733376506 0.6694906316 0.8179824888 0.9091661582 0.9034708276 0.8147813869 0.6808789640 0.5948433680 0.4509503884 0.3317258829 0.3134506342 0.2631709624 0.2298459324 0.2266534742 0.2332703361 0.1988828238 0.2224407782 0.2494916588 0.2652246952 0.2415534617 0.2428113192 0.1821887385 0.1593564162 0.2020033883 0.2290112966 0.2099818803 0.2767928481 0.1706116996 0.2227054936 0.2386433498 0.1949727379 0.2306785940 0.2315098561 0.2086274468 0.2894640042 0.3155442250 0.4553297731 0.5633134004 0.6664501770 0.8818126703 0.8767912548 0.9312024569 0.8663091670 0.7024316918 0.5514447100 0.4737560770 0.3904243300 0.2793564533 0.2475503447 0.2793905809 0.1685844227 0.1888919347 0.2434760891 0.1872996683 0.2250789101 0.1891477603 0.2223793023 0.2088041298 0.2457906553 0.1972158279 0.2734747631 0.2223370841 0.2686343920 0.1881003105 0.2233583950 0.2304729941 0.1925931860 0.2329057531 0.1937579844 0.1931882273 0.2560093111 0.2271502745 0.3142648802 0.4130914673 0.5407463369 0.6640208797 0.8487565154 0.8698527241 0.9331896955 0.9262576156 0.7429111647 0.6210340073 0.4715307047 0.3392353960 0.3216192193 0.2844387810 0.1899298546 0.2263661113 0.1723590870 0.2580480274 0.2401876432 0.2492453092 0.2299463932 0.2512378638 0.2002912200 0.2070765018 0.1997104059 0.2461552982 0.2171881330 0.1931977697 0.2293565511 0.2350014762 0.2273461520 0.2241583292 0.2117511182 0.2554325788 0.2664995835
0.2089921271 0.1205823430 0.1647949810 0.2039177621 0.1673695667 0.1990702972 0.1617960996 0.1802482483 0.2857552309 0.3062093839 0.4405169193 0.5926121871 0.6767577631 0.8453702355 0.8638079046 0.8964256679 0.8144497443 0.6743258252 0.4999986402 0.3891274566 0.3069969941 0.2566426724 0.1903634006 0.2089588920 0.2103480967 0.1397369398 0.1434333458 0.1808982082 0.2091682561 0.2466204514 0.2350660178 0.2024583123 0.1791015527 0.2428212016 0.2339098419 0.1598432852 0.2097467616 0.2503650416 0.2214587939 0.1966327350 0.2303352455 0.2126762355 0.2573902246 0.2075615261 0.2350806431 0.2689214230 0.3106132357 0.4165489989 0.5356408298 0.7245000153 0.8554784065 0.8807781047 0.9435733663 0.8200185268 0.6671801601 0.5051283464 0.4191316923 0.2905789052 0.2457832107 0.1807013763 0.2108201799 0.2544931100 0.1886903263 0.1779108531 0.1974155319 0.1779982870 0.1621520620 0.1807696176 0.1739550534 0.1901981132 0.1486561313 0.1635898445 0.1819415592 0.1556660059 0.2524322919 0.1757926800 0.2526153802 0.2032935500 0.1861688868 0.2017619042 0.1887826702 0.2210422416 0.2414847562 0.3211008525 0.4501133090 0.5603804150 0.6819552959 0.7674919092 0.8954995071 0.9311160382 0.8358900520 0.6873239599 0.5939231387 0.3950844060 0.3296539907 0.2439894249 0.2232209377 0.2059996014 0.1861385863 0.2254518144 0.1899304866 0.1765847393 0.2040558892 0.1730547175 0.2196519892 0.2124283519 0.1821857472 0.2001679139 0.2279785291 0.1977169223 0.1960932857 0.2141977181 0.2018431092 0.2297661968 0.2441985411 0.2159784907 0.1917092580 0.2084554687 0.2482805406 0.2747284477 0.3547230837 0.4323901932 0.5068536425 0.6542433588 0.8342151769 0.9834134719 0.9097977353 0.8824039002 0.7370268883 0.6323061821 0.4853653542 0.2791335607 0.2738789386 0.2103633588 0.2511796174 0.1630850774 0.1991742535 0.1866406954 0.1742628339 0.1423492918 0.1867027539 0.2438889102 0.2332805230 0.2743926228 0.1731504519 0.1673866408 0.2234687158 0.2228816394 0.2466730906 0.1702819006 0.2079582758 0.1679650596 0.2162214887 0.2597827160 0.2049156269 0.2790118161 0.2679536045 0.3061838328 0.3978200016 0.5245618370 0.7168003887 0.7965440919 0.9359991038 0.9310659404 0.9152561596 0.7544669484 0.6254815889 0.4462741830 0.3376709887 0.2971966566 0.2015215052 0.2675104940 0.1945778763 0.2147640992 0.2814846871 0.2479907490 0.2583704056 0.1966076662 0.1419417969 0.2379323395 0.1976480986 0.2004783636 0.2303871504 0.2088699985 0.1825645353 0.1643682152 0.1863419565 0.2375149677 0.2203716387 0.2377564326 0.1966781912 0.2368231587
0.1664340837 0.2088876357 0.2205400746 0.2316116134 0.2191179835 0.1406554858 0.1950190293 0.2120060390 0.2718807553 0.3566549046 0.4679388185 0.5768811361 0.7026561710 0.8370622882 0.8806016158 0.8648388075 0.8376381226 0.7237623244 0.4980730987 0.3782458563 0.3524158601 0.2369445232 0.2225894864 0.2139553569 0.1991186207 0.1946633403 0.1734202413 0.2227287501 0.1734416003 0.2045376396 0.2131009264 0.1933679232 0.1581141200 0.1895964380 0.2126255366 0.1987541766 0.1653383112 0.2062964796 0.1769036911 0.1859664084 0.1886777625 0.1653951894 0.1673996012 0.2019199976 0.2078434087 0.2191654454 0.2601850878 0.4302241872 0.6009535632 0.6734345399 0.8211217155 0.9369947660 0.8891696337 0.8146333544 0.6897011399 0.5365070328 0.4324442703 0.3256309357 0.2564720472 0.1845049881 0.1843281814 0.2242291802 0.2008511310 0.1386943069 0.1815678605 0.2271889914 0.2067607491 0.2458339567 0.2358519873 0.2173675529 0.2421428781 0.1271072410 0.2383321108 0.1693499056 0.1867220106 0.2216814693 0.2040452099 0.1990933693 0.1551776839 0.2349993451 0.2207670469 0.2391596159 0.2449125138 0.2870961345 0.4152910101 0.5104182330 0.6880280115 0.8329825937 0.9102029453 0.9145681103 0.8251204298 0.6890361384 0.5349228381 0.4352454752 0.3472099632 0.3112395048 0.2642499601 0.2170925083 0.2473140014 0.2280929890 0.2268036310 0.1740841893 0.2021021455 0.1845852039 0.2463106079 0.2357627856 0.2237146201 0.2204538857 0.1958333042 0.2146870242 0.1955607295 0.1779088432 0.2261735670 0.1700820594 0.1975228865 0.2233569256 0.2127151878 0.1721635312 0.2615553703 0.2869203128 0.3050138780 0.3988867582 0.5536886807 0.6785819482 0.7520374930 0.9007872231 0.9491912192 0.8138515607 0.7308650399 0.5949363432 0.4539313106 0.3198939179 0.2603881629 0.1738319904 0.1767590328 0.1537674472 0.1855533257 0.1855733985 0.2076838592 0.1822859765 0.2208639869 0.1846467398 0.2219782559 0.1602201987 0.1648893306 0.2060698504 0.1996185976 0.1951171812 0.2150084652 0.2628248793 0.1998422302 0.1559006613 0.2086938891 0.2395001017 0.2081164903 0.2470434269 0.2586153571 0.3279969816 0.3483314851 0.5578473291 0.6894005292 0.7756903039 0.8794831162 0.9148745093 0.9058629315 0.7443502974 0.6480714908 0.4582145718 0.3190039889 0.3119314245 0.2361082367 0.2165114512 0.2105992077 0.2455063467 0.1755054550 0.2068949936 0.1992818324 0.2063628626 0.1826606857 0.2022298963 0.2247079477 0.2269693346 0.2146915701 0.2324783016 0.2023204139 0.2017181803 0.2595037199 0.2337373334 0.1913401449 0.2142307657 0.2181057999 0.2389324076
0.1895468904 0.1533647809 0.2213105027 0.2013373742 0.2043095666 0.1632538251 0.1821142315 0.1972521009 0.2456487954 0.3244403391 0.4343600267 0.5711202768 0.7269958486 0.8476640296 0.9123587817 0.8974392201 0.7907697647 0.6306658621 0.5238347580 0.3915468753 0.3153432000 0.2119814723 0.1523622337 0.2209577514 0.1904898909 0.1613559795 0.2099613813 0.1853239868 0.1638795808 0.1691736197 0.2137803555 0.2020586885 0.2053318350 0.1963088229 0.2185219080 0.1914091853 0.2314668251 0.1907397555 0.2191681209 0.1858433057 0.2171064542 0.2065928403 0.1718778917 0.2326369339 0.2104619688 0.2736423543 0.3081239741 0.4331139099 0.5822823941 0.7314761783 0.8625774474 0.9353968269 0.8833382882 0.7825121017 0.6670655764 0.5675719375 0.3864068941 0.2939047828 0.2655974918 0.2109704570 0.2434705226 0.2200578647 0.1787322229 0.2292989452 0.1808820450 0.1856416720 0.2023675757 0.2435842203 0.2343025722 0.2077125986 0.2033543897 0.2268513845 0.1614873378 0.1757161242 0.1979123044 0.2348582939 0.2273465683 0.2304229500 0.1887724084 0.1994693047 0.2180940554 0.1942955912 0.2440403617 0.2744940546 0.4174047236 0.5481161724 0.6496245642 0.8424732793 0.9310177862 0.8728471350 0.8412421441 0.7045685789 0.5734338774 0.4337923095 0.2862255542 0.3022869226 0.2178259222 0.2482670317 0.2151591573 0.1908910549 0.2286543416 0.2227580020 0.2410782211 0.1998434017 0.2299757283 0.1945976326 0.2249444306 0.1274325029 0.2281946351 0.1973526549 0.1877147467 0.2258406428 0.1914777528 0.2181094410 0.2103359435 0.2261073510 0.1838453860 0.2382515421 0.2510436357 0.2878293345 0.3226139632 0.3416439809 0.5253752840 0.5872004167 0.7976327632 0.8669978592 0.9211380612 0.8677434262 0.6932180559 0.5788087694 0.4680366904 0.3713488259 0.2962768337 0.2389274167 0.2004363397 0.1805086303 0.1594559270 0.1858427818 0.2029556469 0.1747381564 0.2120975854 0.2139438689 0.2138278598 0.2358115693 0.1783814663 0.1679558377 0.2036442355 0.2657606301 0.2199691959 0.2033648708 0.2054429486 0.2405268254 0.1706455712 0.2416015184 0.2211796810 0.2327579386 0.2460888412 0.3041345478 0.3905451944 0.5747269972 0.6305129900 0.7924237666 0.9592731533 0.9304676404 0.8966238820 0.7282097179 0.5587844152 0.4932920343 0.3360995820 0.2646849871 0.2627995636 0.2371755397 0.1962677865 0.2565842929 0.1792942084 0.2084134706 0.1737121152 0.2082238435 0.2184861960 0.2435665687 0.1909900445 0.2441543727 0.2470217227 0.2126845968 0.2261885539 0.2311096163 0.1982613077 0.1651577833 0.2187773165 0.2657240521 0.2139920384 0.2143779811
0.2152872301 0.2160834677 0.1808044663 0.1925280573 0.1971025794 0.1418192414 0.1992845398 0.1946892264 0.2412627344 0.2948252499 0.4384993991 0.5424181378 0.7409495950 0.7889490316 0.8872775339 0.8775232234 0.8381748586 0.6277846950 0.5077974243 0.4008131321 0.3288734640 0.2617496421 0.1902028954 0.2258514828 0.2160867385 0.2036720454 0.2174457103 0.1929522194 0.1673953072 0.2159471909 0.1989445645 0.1771734388 0.1997838420 0.1675395935 0.2331134247 0.1670533585 0.2001536402 0.1840092703 0.1873957619 0.2050553122 0.2108891148 0.2177241232 0.2286707495 0.2086522668 0.2591532279 0.2863290073 0.3348382932 0.4598194105 0.5441488529 0.7199948507 0.8448835996 0.9507058463 0.9187308113 0.8025454170 0.7292131395 0.5751981632 0.4238897827 0.3205482909 0.2328198131 0.2606027127 0.2289779395 0.2234934788 0.1984550681 0.1776484517 0.2183408906 0.1605399298 0.1370686860 0.1773971249 0.1682737116 0.2485938860 0.1956259597 0.1430588235 0.2241324107 0.2072547207 0.2490609627 0.2521517104 0.2073777472 0.2041228651 0.1938452419 0.2027808739 0.2542957982 0.2227267834 0.2953573849 0.3270274977 0.4326539320 0.5519555434 0.7443041404 0.8119071582 0.9742684063 0.9252880384 0.8235888643 0.7455347524 0.5688461168 0.4534542604 0.3477704701 0.2660548178 0.2233777159 0.2043048770 0.2305779621 0.1644678904 0.2438356316 0.2276936906 0.2022480606 0.1661990589 0.2195356404 0.2071997495 0.1838376605 0.1710489430 0.2303673573 0.2055375527 0.1919646359 0.2042270324 0.2336503025 0.2142854754 0.2104511643 0.1966071982 0.2409796032 0.2043445662 0.2012194389 0.3076194024 0.2678945372 0.3838382300 0.5112355578 0.7175438705 0.8088800185 0.8902411106 0.9187866077 0.8636435654 0.7203369321 0.6110596925 0.4620370945 0.3239176908 0.2863673152 0.2569832572 0.1943869765 0.2469064159 0.2054080898 0.1925958814 0.2195485557 0.2750565235 0.2172703640 0.2063314432 0.2662696068 0.2196292529 0.2035564917 0.2387677418 0.2400878129 0.2297187496 0.2289705293 0.2467012498 0.1881249382 0.2151330024 0.2274927925 0.2419159293 0.2482414986 0.2804372712 0.2967862134 0.3194108099 0.4193269286 0.4955040393 0.6330624030 0.7794278545 0.9043373403 0.9157979544 0.8744485830 0.7699269293 0.6192456035 0.4340632902 0.3974358332 0.2889779106 0.1916497475 0.2089720679 0.2470320303 0.2186676385 0.2318638520 0.2350102948 0.2497387891 0.1590433246 0.1912930922 0.1874330050 0.1948758392 0.2296801380 0.2384978208 0.2549336082 0.2347608142 0.1772095056 0.2729752785 0.1572518854 0.2257302912 0.1808338602 0.2012768687 0.2694340454
0.2299735540 0.2110030086 0.2176190128 0.1980042021 0.2122042073 0.2312815204 0.2172673328 0.2566570985 0.2524536077 0.3105799994 0.4712366811 0.5945723406 0.7295526342 0.8666230627 0.9468541654 0.8771138738 0.7813203063 0.6762542945 0.4960667354 0.4169950943 0.2926115858 0.2487500485 0.2652620392 0.1792382913 0.1817413682 0.1967588672 0.1913659972 0.1871674394 0.2021380724 0.1812935631 0.2218576751 0.2139156147 0.2449504306 0.2138934520 0.1443208773 0.1894811420 0.2424356726 0.1834194297 0.2255241049 0.1805439599 0.2062473615 0.1645347161 0.2611796154 0.1957170593 0.2717247240 0.2969827008 0.3279257501 0.4174161492 0.5746615996 0.7011222059 0.8971598995 0.9222175025 0.9312090917 0.8482134528 0.7467992217 0.5641667192 0.3928480530 0.2897146698 0.2972410488 0.2107345889 0.2404308329 0.2768113106 0.1724109802 0.2241805658 0.1893133928 0.1960814430 0.1929314738 0.1873254337 0.2493305068 0.1482825463 0.2455625419 0.1724752447 0.1919659281 0.1872525966 0.2342072652 0.2423761628 0.2394962698 0.2537977891 0.2626355234 0.1821012244 0.1645353609 0.2134960587 0.2488573393 0.3485716440 0.4478821645 0.5089083915 0.7078003353 0.8532714456 0.9231121942 0.9236877411 0.8248096429 0.7424061708 0.5753713602 0.4747382643 0.3391054982 0.2752870306 0.2613622946 0.2181041351 0.2450593769 0.1248463335 0.2124926549 0.2351907838 0.1986242264 0.1755808535 0.1681377863 0.2723164179 0.2348475017 0.2130195098 0.1980136071 0.1855086636 0.2279216343 0.2171677699 0.2224442517 0.1696876907 0.2115438088 0.1607690464 0.2163335419 0.1997356497 0.1954653477 0.2790877597 0.2842662903 0.4299478175 0.5770997573 0.6696763438 0.8072785389 0.9022736571 0.9809619121 0.8870040252 0.7796105411 0.6130145339 0.4278155417 0.3646311422 0.2644339333 0.2346579289 0.2193539305 0.1932850400 0.1841774658 0.1915728818 0.2246488577 0.2071365389 0.2096196963 0.2075478457 0.2184610963 0.2361477909 0.2708551034 0.2429289812 0.1869668673 0.2112095152 0.2257241963 0.1931804562 0.1939921442 0.2039731355 0.2196106775 0.2654179167 0.2017736736 0.2370115036 0.2656707304 0.3182613042 0.3899739578 0.5081568897 0.6202744087 0.7824913536 0.9230199612 0.9143179828 0.9073266457 0.7659389463 0.6327706067 0.4893351708 0.3580104090 0.2976932287 0.2716569890 0.2632365700 0.2262568402 0.2209457235 0.2248358453 0.2727695793 0.2299957024 0.2140293532 0.2098324921 0.2241523287 0.2059382486 0.2257852329 0.1795540805 0.2226438788 0.1982561802 0.2139090142 0.2340932322 0.1688522861 0.2530370454 0.2488345074 0.2151356705 0.1738284613
0.1938188850 0.2416077425 0.2556653142 0.2378574408 0.2385856411 0.1790033199 0.2237450673 0.1496102178 0.2975399272 0.2952218787 0.4450116484 0.5708652830 0.6784937280 0.8490415028 0.9540956678 0.8886082982 0.8550234182 0.6721735510 0.5686053500 0.4478042344 0.3399901050 0.3064977811 0.2274311398 0.2364904655 0.1864125827 0.2149071057 0.2054851624 0.2045483295 0.3070731614 0.2203043484 0.1933869164 0.1950287330 0.1978752170 0.2553711314 0.2015465424 0.2672378261 0.2257976853 0.2045499918 0.1934787075 0.1904365282 0.1564491094 0.1581653917 0.2441217974 0.2336073101 0.2272871468 0.2808555284 0.2853399283 0.4311736484 0.5720979055 0.6681702242 0.8313381296 0.9078390492 0.9116835602 0.8117275278 0.7415122948 0.5317109506 0.4442619211 0.3300768935 0.2404780371 0.2714063760 0.2192992003 0.1927470047 0.2007886619 0.1962723947 0.1945521637 0.2533080345 0.2168744368 0.2508001953 0.2444396348 0.2614128095 0.2170200408 0.2249428690 0.2383868930 0.2019255060 0.1653574015 0.2889132388 0.2498071356 0.2320195116 0.2281908984 0.2646148230 0.2529288694 0.2550014333 0.2501592242 0.3811350132 0.4285724946 0.5406299212 0.7097187994 0.8835342372 0.9590473405 0.8641670361 0.8914914395 0.7391452310 0.5642452589 0.4443359798 0.3698499258 0.2290629986 0.2318339773 0.2123792512 0.2625720639 0.2297380889 0.2352065370 0.1666020427 0.1881557048 0.2185447872 0.1913421970 0.2119398187 0.1874762016 0.2302042951 0.1805864885 0.2303328717 0.2093198924 0.2431179670 0.2548168931 0.2256555725 0.2361737051 0.2452066854 0.1778367880 0.2331585875 0.2351518277 0.3216224709 0.3628193628 0.4340832723 0.5694431791 0.6694606192 0.7843106112 0.8924283279 0.9337998828 0.9137714186 0.7411295420 0.5822135226 0.4887631275 0.3886558304 0.2979348657 0.2771513497 0.2494455068 0.2161737120 0.1770041250 0.2037805882 0.2161159885 0.2169802752 0.2124693089 0.2450636459 0.1890087749 0.2226455556 0.1945417409 0.2345018258 0.1997550589 0.2307553127 0.2025815004 0.2050365392 0.2155317410 0.2799986864 0.2365597929 0.2364902924 0.2441036221 0.2954006308 0.3004941451 0.3790920655 0.4070677896 0.5092783729 0.7530844911 0.8301831739 0.9015983279 0.9148035402 0.8960127276 0.7817814552 0.6006124546 0.4757082506 0.3984545171 0.2997303209 0.2824612730 0.2346101516 0.2640786422 0.2732103359 0.2581054018 0.2178696962 0.2219863108 0.1931126956 0.2355778186 0.2031606056 0.2691064513 0.2417110428 0.2701173230 0.2265414196 0.2759398274 0.2712963066 0.2563233932 0.2638882423 0.2329369036 0.2221660061 0.2509411760 0.2547299578
0.2106064511 0.2105940112 0.2158879856 0.2149596519 0.2283112835 0.2223503196 0.2148834778 0.2195973126 0.2640187150 0.3349416402 0.4587936671 0.5477662482 0.7396506760 0.8776549924 0.9275867601 0.8886672652 0.8707805675 0.6735524090 0.5552673362 0.3925207599 0.3364515516 0.2850593737 0.2294807890 0.2380627846 0.2422255361 0.2046977459 0.2223318665 0.1943185596 0.1825612916 0.1828887633 0.2127955739 0.1869919815 0.1737512788 0.2763990494 0.2433165294 0.1946434094 0.2259774043 0.2109851234 0.2283971285 0.2482197099 0.1831602418 0.2282397903 0.2363943051 0.1879784778 0.2441819941 0.3053779466 0.3204991816 0.4461926998 0.5757888101 0.7217873432 0.8857051808 0.9037609669 0.9053788557 0.8738553381 0.7081108209 0.5427613335 0.4890971068 0.3577158298 0.2801233545 0.2297086802 0.2674248350 0.1834885788 0.1955715728 0.2573692504 0.2217381012 0.2001602852 0.2150693552 0.2188355003 0.2269089567 0.2372613792 0.2429502261 0.1726799496 0.2241779009 0.1747292933 0.1922828409 0.2132718585 0.2534496959 0.2491296938 0.2252892113 0.2021374292 0.2080216985 0.2580738166 0.2375671596 0.3322943213 0.4575051457 0.5466512086 0.7470677891 0.8609354471 0.8701184446 0.9524457514 0.8771091449 0.7622171628 0.6226790224 0.4470315347 0.3187686304 0.2917104254 0.2432379035 0.2573019103 0.1984238838 0.2085846398 0.2401175984 0.2251561055 0.2064539402 0.2458902152 0.2188421427 0.2149937581 0.2279642667 0.1899397155 0.2197854322 0.1909886695 0.2078978005 0.2301282623 0.2123771585 0.2643484310 0.1474339153 0.2991602655 0.1650863774 0.2098054576 0.2132865382 0.3317263571 0.3738058358 0.4621548686 0.5542200929 0.6966645892 0.8065932507 0.9229994669 0.9401848557 0.8819885203 0.7766906307 0.5883295181 0.5598803740 0.3972200273 0.2900532970 0.2326735489 0.2388702292 0.2461713288 0.2332828119 0.2420017259 0.2112882888 0.1880161027 0.1777137609 0.2162427293 0.2263524116 0.2534906121 0.2212642012 0.1985615215 0.1776776386 0.2663579505 0.2475445628 0.2597234622 0.2641017525 0.2616177637 0.2151562327 0.2265204505 0.2305278404 0.2144765714 0.2883428516 0.3926662994 0.3841320658 0.5712345131 0.6469538806 0.8261146588 0.9305284129 0.9608401524 0.8873816630 0.7638991550 0.6475647681 0.4822119336 0.3551583907 0.3757916728 0.1954655272 0.1736193179 0.2276315259 0.2293530033 0.2323267712 0.2329473379 0.2552212623 0.2037895687 0.2156529736 0.3003182724 0.2293161741 0.2300911989 0.2671118281 0.1676903452 0.2247233824 0.2550181238 0.2578155009 0.2274713067 0.2799701049 0.1791272233 0.2082903932 0.2464522675
0.2288171339 0.2632613399 0.2273779684 0.2195991427 0.2551360063 0.2154734992 0.1783573501 0.2342177000 0.3073619337 0.3588828467 0.4198871028 0.6027262840 0.7073316024 0.9017329528 0.9531879299 0.8761639058 0.9018797626 0.6845644570 0.5247920107 0.4284939582 0.3315046193 0.2493887356 0.2336389750 0.2522937383 0.1875157835 0.1766109964 0.2438173107 0.2556439818 0.3209897034 0.2273495943 0.2875710948 0.2524632209 0.1952831364 0.1903191854 0.2299673949 0.3148330120 0.2379374715 0.1825794408 0.2190298188 0.2773492749 0.1967850647 0.2245391010 0.1782698881 0.2848503916 0.1439713981 0.2442010682 0.3783207725 0.4775310862 0.5337585434 0.6825161179 0.8654984416 0.9309324237 0.9071018341 0.8513802032 0.7314332886 0.6265917964 0.4219469540 0.3287667895 0.3244542399 0.2611977101 0.2273672748 0.2034676091 0.2407469389 0.2157041971 0.2267060814 0.2697272709 0.2621034325 0.1941453958 0.1991927845 0.2268658991 0.1991086902 0.2163688162 0.1934611022 0.2345997174 0.2275493675 0.2464247853 0.2432016265 0.2052391123 0.2099336478 0.2347116568 0.2173244821 0.2305322550 0.2472224860 0.2849264210 0.3860960131 0.5321599644 0.7414202081 0.8527827037 0.9450706958 0.9257037561 0.8759881972 0.7895037524 0.6319439316 0.4932069736 0.4027057772 0.2801262834 0.2859730793 0.2181293986 0.2030878898 0.2645922236 0.2016787681 0.2167923627 0.2570632850 0.2484809727 0.2047178424 0.2250729781 0.2281996002 0.2535201800 0.2570828736 0.1898394977 0.2023281054 0.2493678640 0.2174888477 0.2415776595 0.2082681476 0.2527874916 0.2086540996 0.2253012376 0.2652659284 0.3072277901 0.3280702516 0.4032786716 0.5360549167 0.6646319656 0.8697916753 0.9152183581 0.9388382279 0.8810017222 0.8065827026 0.6740143679 0.4853452249 0.4004887912 0.3133568910 0.2206544322 0.2533232519 0.2269028923 0.1979683839 0.2839886062 0.2747798918 0.2590441298 0.1968188950 0.2338955828 0.2139198398 0.2826429285 0.2482595693 0.2843099224 0.3008830152 0.1978465546 0.2253415020 0.2254222681 0.2181140246 0.2390398628 0.2326624197 0.2551877893 0.2497815090 0.3005097640 0.3185583048 0.3398347256 0.4353376616 0.5455006958 0.7207206488 0.8595463369 0.9296644195 0.9429705647 0.8842598369 0.7946557151 0.6850844185 0.5100123220 0.3601028698 0.3075229893 0.2495560076 0.2347081877 0.2592567448 0.2069727797 0.3092493573 0.2537753306 0.2874021896 0.2125645044 0.2471203408 0.2576066432 0.2569797670 0.1861414124 0.2312404361 0.2455445087 0.2171703107 0.2565082041 0.1900332123 0.2558655354 0.2535455645 0.2165417565 0.2467222420 0.2672446020
0.2413852045 0.2305308394 0.2304832669 0.2150670182 0.2139483515 0.1907691470 0.2648195370 0.2768621850 0.3203597725 0.3649795548 0.4847206350 0.5662551967 0.7244251827 0.8622941093 0.9131354932 0.9608299477 0.8817872049 0.7278623829 0.5999928635 0.4428634948 0.3541035252 0.2479863601 0.2444786002 0.2022575525 0.2128454711 0.2064952603 0.2194956777 0.1847468395 0.2036118644 0.2233044331 0.2040559037 0.2259406870 0.1969823710 0.2233795295 0.2036143847 0.2829245400 0.2208872846 0.2179347058 0.2481388540 0.2207195676 0.2124870223 0.2334322025 0.1800108122 0.2505166697 0.2706414403 0.2959749125 0.3280701093 0.4906439662 0.6012235779 0.6832586962 0.8301980627 0.9520300639 0.9251065629 0.8653218371 0.7327934598 0.5751500028 0.4979498266 0.3381666805 0.3269511173 0.3088475552 0.2058404140 0.1755436986 0.2430646838 0.2295452373 0.2623921515 0.2108828013 0.2103433327 0.1975717359 0.2242987882 0.2015731219 0.2787255004 0.1997772793 0.2994169315 0.2328975619 0.2365804582 0.2585679686 0.2282262947 0.2658447468 0.2512822491 0.2702286255 0.2409645893 0.2790024221 0.2273512847 0.3582194251 0.4268380550 0.5404517221 0.7191430066 0.8177962090 0.8852881494 0.9565485201 0.8535601568 0.7236101727 0.5740125331 0.4471866594 0.3638723037 0.3396590470 0.2490649746 0.2455163785 0.2601209357 0.2277475102 0.2664295949 0.1873713332 0.2522389328 0.2154540924 0.2399193142 0.2367660972 0.2060468242 0.2174805010 0.1816467742 0.2085020985 0.2607355324 0.2396700496 0.2635604408 0.1993242454 0.2626448637 0.2154118236 0.1994817509 0.2511655669 0.2794423141 0.2685813653 0.3312888626 0.4753214828 0.5837217830 0.6704627143 0.8251220449 0.9209829112 0.8868994663 0.9155361467 0.7950396930 0.6676641989 0.4639697340 0.3975083702 0.2974542210 0.2738573652 0.2412269562 0.2360002527 0.2549763920 0.2134116293 0.2691554781 0.2224944038 0.2357690120 0.2710463522 0.1958877445 0.2317437440 0.2101229253 0.2341730582 0.2523206816 0.2215309339 0.2646117556 0.2663963991 0.2501408981 0.2492590215 0.2836240022 0.2360087946 0.2328700474 0.2657748789 0.3190938505 0.2967027336 0.3936111507 0.5550554547 0.6502003371 0.8297420100 0.8838966818 1.0000000000 0.9381999195 0.7855483460 0.6705674780 0.4753045633 0.3454912909 0.3611241255 0.2918590657 0.2670033255 0.2746441920 0.2755516079 0.2104350859 0.1961101123 0.2344102337 0.2312892286 0.2315596026 0.2220327802 0.2319523233 0.2255647855 0.2834661741 0.3091596688 0.2586037942 0.2832046076 0.1922496343 0.2352754960 0.1765220486 0.2630406474 0.2396615653 0.2123492034
0.2595455612 0.1557827901 0.1941886818 0.2459330560 0.2207802070 0.2397021759 0.2720759866 0.2652265587 0.2873536331 0.3643708736 0.4388720623 0.5591215343 0.7847154372 0.8771780038 0.9361298429 0.9270946308 0.8669853243 0.7279246806 0.6385871544 0.4127191948 0.4046652586 0.3382073276 0.2541022042 0.2460700502 0.2512084722 0.2298643743 0.1939128017 0.2280541015 0.2062789971 0.2651104049 0.1887710289 0.2288136709 0.2481900846 0.2553656746 0.2033843820 0.2242551771 0.1929022412 0.2657969667 0.2089901903 0.2261282135 0.2730604271 0.2538342693 0.2499943491 0.2190113719 0.2520307592 0.2735847836 0.3265551959 0.4618638854 0.6112411293 0.7185518048 0.8478598715 0.9205895410 0.9363814627 0.8603456482 0.7386217615 0.6011725526 0.4891555769 0.4080859518 0.2925015507 0.2597807664 0.2209514555 0.3328755857 0.2375529859 0.2762237202 0.2331357033 0.2372100356 0.2222179889 0.2437994889 0.2339135418 0.2197599157 0.3175605799 0.1685756202 0.2548757316 0.1563683853 0.2454987104 0.2566892398 0.2623569611 0.2563213070 0.2283593919 0.1864247175 0.2388596250 0.2615968385 0.2799349580 0.3170881855 0.4393762702 0.5305576564 0.7048418662 0.8318812645 0.9020377469 0.9307243616 0.8746556815 0.7410139584 0.6324443080 0.4906523176 0.3535882735 0.3022503122 0.2923228158 0.2206084511 0.2158629810 0.2320488727 0.2711815448 0.2831892268 0.2393564738 0.2584843739 0.2163232589 0.2680634811 0.2668043132 0.2433687993 0.2799972511 0.2362265671 0.2488265569 0.2131261507 0.2354919397 0.2292024441 0.2217493907 0.2169097307 0.2372906405 0.2003414283 0.2450158201 0.3075665351 0.3781400444 0.4320936260 0.5481381533 0.7028943931 0.8598228801 0.9350241401 0.9484711599 0.9444438756 0.7793972281 0.6580431105 0.4736257928 0.3692989567 0.3486212341 0.2676898885 0.2533270567 0.2234758157 0.2768285009 0.2514213032 0.2747127834 0.2317130276 0.2514822145 0.2400910082 0.2319467456 0.2603326148 0.2397348271 0.2693114356 0.2418775338 0.2293647763 0.3107450816 0.2576901747 0.2300019110 0.2840004920 0.2646220446 0.2315900192 0.2332407915 0.2470649727 0.2776335792 0.3009412933 0.4637243184 0.5223966078 0.6613614486 0.8242522022 0.8952883058 0.9669802436 0.9393397121 0.7787896817 0.6604688049 0.5494362359 0.4249300319 0.3249138457 0.2681363671 0.2117569623 0.2153777268 0.2904053667 0.1865158389 0.2873571918 0.2196761161 0.2605534429 0.2291467776 0.2820007789 0.2421422496 0.2201942590 0.2234230636 0.2655280008 0.2309655973 0.2640105777 0.2908202376 0.2334850865 0.2437467863 0.2393412965 0.2392578640 0.2483176708
0.2063077731 0.1973255243 0.2420229246 0.2190044523 0.2045182162 0.2113962730 0.2500602828 0.2745579849 0.3407689471 0.3459306734 0.4294198893 0.6401696896 0.7221191898 0.8710447227 0.9325287029 0.9801547930 0.8763467003 0.7040860778 0.5576320105 0.4699462655 0.3739483070 0.2349291353 0.2279383116 0.2207183907 0.1811637794 0.2507327197 0.2454738573 0.2480073827 0.2894723776 0.2227101477 0.2174994508 0.2673674532 0.1967849751 0.1868202429 0.2367071733 0.2355453138 0.2619863499 0.2591810274 0.2604496489 0.2510487234 0.2406709113 0.1679830840 0.2488494311 0.2887077917 0.2531100472 0.3161605880 0.2871617021 0.4460968414 0.5972912950 0.6900903227 0.8711848334 0.9144333570 0.9399645137 0.8382057711 0.7834626512 0.5971224760 0.4421373867 0.4031136797 0.3148155765 0.2939876161 0.3113782829 0.2383867397 0.2446084378 0.2471993019 0.2076131297 0.2233293882 0.2489575056 0.2726358245 0.2171326333 0.1834377376 0.2155739973 0.2560466870 0.2409421387 0.2586997857 0.1982390912 0.2934643007 0.2238710429 0.2020005283 0.2600985692 0.2097554716 0.2215829653 0.2634711511 0.2939436611 0.3528271825 0.4303262846 0.5582939577 0.7452945497 0.8428193161 0.9394612008 0.9589575834 0.8550303429 0.7861520595 0.6164221304 0.4684263173 0.3929037815 0.3441735191 0.2679553348 0.1706676366 0.2261443240 0.1990748624 0.2183863988 0.2131735258 0.2220390410 0.2249405164 0.2063001331 0.2043328742 0.2566608271 0.2235939185 0.1999703083 0.2904043724 0.2439500455 0.2608902195 0.2363735821 0.2308675635 0.2485352289 0.2708319203 0.2429161178 0.2362155830 0.2499523544 0.2985061597 0.3563296707 0.4059814024 0.5503658111 0.6699623934 0.8772891191 0.8827856329 0.9967848516 0.9341267807 0.7513170416 0.6473949009 0.5724951476 0.3980869130 0.4097624734 0.2733951931 0.2533690817 0.2112508961 0.2162629171 0.2794797056 0.2420559226 0.2404637763 0.2247660043 0.2814006394 0.2152592023 0.2050820201 0.2051845211 0.2615013237 0.2369347001 0.2667404544 0.2737575695 0.2799911834 0.2127756324 0.2771779205 0.2863025823 0.2392210668 0.2120685802 0.2821286389 0.2729742370 0.3840884522 0.3844280616 0.5350835827 0.7139240834 0.8175540955 0.9131821824 0.9794763543 0.9324430462 0.8261062451 0.7013716664 0.5255281197 0.4578424149 0.3271443194 0.2754980144 0.2331035617 0.2464052848 0.2029262937 0.2395803137 0.2585052822 0.2197867851 0.3158108260 0.2309339616 0.1783778701 0.2946978156 0.2803960487 0.3422039631 0.2160869153 0.2772862085 0.2261287663 0.2132428307 0.2037532760 0.2686607009 0.2314974401 0.2590985584 0.3141831987
0.2073910405 0.2424592651 0.1975269185 0.1675722946 0.2888205700 0.2390124193 0.2844928307 0.2203043295 0.2893651173 0.3437662362 0.4485970807 0.5808282896 0.6912392256 0.8508255966 0.8956487220 0.9445618860 0.8611791643 0.7343039023 0.5857495354 0.4921215486 0.3454769983 0.3325366601 0.2668526069 0.2306031717 0.2436958314 0.2224880428 0.2481092703 0.2160530509 0.2332157013 0.2574052186 0.2067173960 0.1758386015 0.2431986410 0.2269870637 0.2066318074 0.1849492546 0.2460156498 0.2171291790 0.2497425458 0.2154859345 0.1725499376 0.1997490993 0.2117181427 0.2193728310 0.2631412728 0.2682899859 0.3582398740 0.4584825872 0.5661195868 0.6956482568 0.8311079801 0.9461555861 0.9641487132 0.8800198777 0.7242866435 0.6204440774 0.4908834311 0.3480293546 0.2778674685 0.2016943988 0.2821522012 0.2123610643 0.2695247900 0.3122059609 0.2502084592 0.2364568306 0.3028362100 0.1838061696 0.2197846172 0.2909315685 0.2078708090 0.2425196281 0.2574476933 0.2022715788 0.2377683350 0.2487473778 0.2524484542 0.2770203132 0.2670657019 0.2099444924 0.2430158248 0.2540383852 0.2783587830 0.3383853464 0.4330217248 0.5339905232 0.6795224422 0.8463805257 0.9299496010 0.9748218043 0.9014595998 0.8008385738 0.6368533530 0.4900897210 0.3731556512 0.3282109665 0.3038098192 0.2257734072 0.2199429923 0.2174352745 0.2058378654 0.2465676788 0.2013834271 0.2441535374 0.2167262257 0.2043317625 0.2176548606 0.3219925068 0.2301329748 0.2093419264 0.2225437985 0.1972544292 0.2576575974 0.2474384352 0.2518474302 0.2101107766 0.2214166797 0.2368762763 0.2687502123 0.2606474696 0.2945419235 0.3978322375 0.5583407397 0.6580575063 0.8054028159 0.9071364014 0.9865197412 0.9465788974 0.8401008398 0.6215103634 0.5331620423 0.4335162834 0.3586174101 0.2501100590 0.2459319961 0.2718501922 0.2149799945 0.3191850413 0.2615715753 0.2758637847 0.2148887058 0.2136903345 0.2376206605 0.2699874185 0.2092604639 0.2212000521 0.1909636295 0.2508720819 0.2603060104 0.2293963696 0.2197606256 0.2542006048 0.2592124936 0.2362450642 0.1996287899 0.3096871054 0.2347489922 0.3097951680 0.4082386956 0.5518685749 0.6137107551 0.7847372488 0.9589312351 0.9531560224 0.9155233455 0.8226368526 0.6740715219 0.4956404697 0.4174401267 0.3277249887 0.3013601667 0.2565599132 0.2492494871 0.2229214376 0.2339723424 0.2508097869 0.2358502808 0.2278006870 0.2745477064 0.2511608518 0.2676549852 0.2699771546 0.2600765391 0.2547096093 0.2353453980 0.2405046148 0.2315403909 0.2528092018 0.2584430485 0.2319552666 0.2576165633 0.2439820996
0.2352535224 0.2170341738 0.1964341262 0.2150784668 0.2350971865 0.2563433981 0.1768251055 0.2081786802 0.2493881166 0.3919515361 0.4295440643 0.5522784675 0.7102688843 0.8260327560 0.9358563512 0.9227992254 0.8405902939 0.6969580954 0.5439233219 0.4034038098 0.3372415220 0.3337099318 0.2188553512 0.2362501215 0.1690977170 0.2104843641 0.2435693452 0.2351365986 0.2498163293 0.2330029798 0.1701312417 0.2538224086 0.1938121607 0.2356038298 0.1993330893 0.1961577037 0.1718314091 0.2373857642 0.2451865409 0.2302961476 0.2174596012 0.2272127853 0.2568284294 0.1982068976 0.2544092692 0.3215247484 0.2795523470 0.4260856908 0.5753265688 0.6756648909 0.7874712504 0.9438940611 0.9772599781 0.8903910479 0.7485806282 0.5658925455 0.4757949098 0.3193487846 0.3537045097 0.2686628344 0.2387505509 0.2677459145 0.2052894630 0.1977804162 0.2893156144 0.2226219534 0.2233465544 0.2229866988 0.2311631362 0.2211525680 0.2414976238 0.2223377389 0.2091194942 0.2541676664 0.2608449187 0.2565145264 0.2949253407 0.2323724973 0.2794568464 0.2044234723 0.2712528589 0.2477900559 0.2867013673 0.3070240376 0.4041159456 0.5172207570 0.7259477455 0.8266449140 0.9748477593 0.9260965436 0.8905351510 0.7810733267 0.6091093821 0.4554751079 0.3488761945 0.3069161928 0.2545660068 0.2061157976 0.1814332515 0.2205838625 0.2444942519 0.2265081792 0.2294919484 0.2301150739 0.2727891995 0.2404573259 0.2092109919 0.2707667491 0.2390979127 0.2577536588 0.1788186559 0.2373916644 0.2442841223 0.2262763791 0.3052794944 0.2163059695 0.2673401787 0.2816176502 0.1804489139 0.2702111800 0.3195452622 0.3835836054 0.5803084429 0.6199608080 0.7953676963 0.8863139471 0.9597871197 0.9200576722 0.7905717308 0.6955275228 0.5662670729 0.3763925807 0.3131016728 0.2550354875 0.2137895101 0.2984548716 0.1875663570 0.2443138240 0.3024407734 0.2598502729 0.2639263028 0.1787588476 0.2126848174 0.2364169418 0.2353638517 0.2267633373 0.2321708798 0.2895969122 0.1805887086 0.2164797261 0.2793451358 0.2735458811 0.2517121323 0.2671558483 0.2604114109 0.2345535080 0.3290395946 0.3999108211 0.3991824128 0.4949928283 0.6378195578 0.7967512098 0.8873947758 0.9758737501 0.8936057254 0.8527646716 0.6872693712 0.5401318465 0.3878474630 0.3773856382 0.3038187030 0.2245975614 0.1840164110 0.2848425431 0.2391045129 0.1907307322 0.2167224995 0.2619131392 0.2032299741 0.1916082532 0.2455213083 0.1475814530 0.2441507931 0.2482224060 0.2309984973 0.2922976577 0.2099386237 0.2142738561 0.2195860490 0.2198746853 0.2697082491 0.2331517507
0.1545023376 0.2895832752 0.2327486480 0.1978887384 0.2105119122 0.1699309911 0.2343458457 0.2683419523 0.2473121512 0.2967873463 0.4260258916 0.5515934013 0.6815533197 0.8278989179 0.9386303718 0.8971625733 0.8694575977 0.7376359667 0.5974181018 0.4796547324 0.3870908188 0.3441131014 0.2465884726 0.2475174385 0.2200561423 0.2319547269 0.2017773920 0.2343794049 0.2249476906 0.2133620364 0.2428442318 0.2489596518 0.2121427691 0.2530161356 0.2327330776 0.1933548122 0.1865574884 0.2435024025 0.2133910314 0.2775224537 0.2518788164 0.1798351955 0.2092433980 0.2498812965 0.2435663430 0.2869172025 0.3512922646 0.3796639238 0.5758906242 0.6836267904 0.8178524444 0.9153555802 0.8766710174 0.8298241024 0.7617335009 0.5655329651 0.4765520722 0.3243614567 0.2812982143 0.3047795274 0.1785000110 0.1971579134 0.2780214301 0.2558335577 0.1993568042 0.2284327729 0.1587566285 0.1598847512 0.2098301725 0.2284591941 0.2271660805 0.1913086525 0.2275484227 0.2259452366 0.1750148761 0.2464142134 0.2535044480 0.2817746470 0.2253130154 0.1854646898 0.1899357330 0.2595098234 0.2775860305 0.2939368632 0.4247721398 0.5365817614 0.6963174195 0.8165585549 0.9240164483 0.9301177804 0.9155176594 0.7616102331 0.6185159188 0.5050772359 0.3790130275 0.2839955051 0.2287713407 0.2720189638 0.2251165025 0.2090493409 0.2291362101 0.1962981291 0.2075811581 0.1956242143 0.2244607924 0.1959182748 0.2574758069 0.2039968312 0.2247784782 0.2412310747 0.2099663019 0.1766804723 0.2237624925 0.2771186541 0.2078888499 0.2429838269 0.2507648951 0.2169918849 0.2733552997 0.2625154082 0.2956709909 0.3629852257 0.5489047787 0.6504382325 0.8238637580 0.9080705832 0.9375728783 0.8805787864 0.7748790319 0.6678527789 0.5455763080 0.3572488133 0.3102073362 0.2593099387 0.2465170722 0.2151338655 0.2414972994 0.2348122903 0.2644338283 0.2227157840 0.1977655435 0.1992996419 0.2182913894 0.2740302116 0.2424161428 0.2420017607 0.2190142738 0.1982613680 0.2124614928 0.2462256277 0.2186716215 0.2477960379 0.2241547640 0.2620242205 0.2702780549 0.2744291509 0.2738373681 0.3316726266 0.4220668004 0.5053503881 0.5848120919 0.7952322630 0.9165009159 1.0000000000 0.8792216866 0.7958507418 0.7061527758 0.5188347524 0.4047893578 0.3293126986 0.3215875223 0.2845013963 0.2166786850 0.2113478272 0.2252232016 0.2345025036 0.2510657715 0.2502288531 0.2241005183 0.1866274877 0.2267034020 0.2567553946 0.2895845410 0.2757660443 0.2121529597 0.2078264125 0.2590303474 0.2215373173 0.1976894002 0.2879201167 0.2202809259 0.1908560457
0.2017885248 0.1969564844 0.1862196046 0.2194439103 0.1871245935 0.2490435524 0.1714422696 0.2396980559 0.3057808065 0.3243058789 0.4179098104 0.5814090824 0.6799164817 0.8327215201 0.8717238289 0.9554222859 0.8133118064 0.7561127867 0.5481044012 0.4588725103 0.2956705222 0.2639703060 0.2430248147 0.1772053371 0.2091538350 0.2117135208 0.1890867327 0.1931869278 0.1767468056 0.2390538489 0.2178501861 0.2034200166 0.1722112320 0.2095940900 0.2273406340 0.2306809040 0.1679920342 0.2033613698 0.2243140066 0.2060671414 0.2660026259 0.2438157188 0.2232006417 0.2538599828 0.1937579368 0.2177731998 0.3331358342 0.4502068645 0.5544579674 0.6475102704 0.8225057340 0.8703008372 0.8909497094 0.8815591915 0.7644064508 0.6160535522 0.4379002810 0.3440917286 0.3091136905 0.1854918990 0.2110702241 0.2174070080 0.2062022658 0.2105768625 0.2624738092 0.2097802022 0.2114820978 0.2096389745 0.1747543116 0.1859734227 0.1796238839 0.2097667492 0.2074939801 0.1739011327 0.2380215112 0.2084874696 0.2430391766 0.2431719540 0.2145828691 0.2815961576 0.2138588766 0.2457243986 0.2728613498 0.2929410299 0.3831947933 0.5555947742 0.6151322333 0.7857277714 0.9538846140 0.9538168908 0.8945651753 0.7483448325 0.5879018649 0.4607556142 0.3521790235 0.3522269647 0.2828479808 0.1952825200 0.2198186416 0.2065990563 0.2021319596 0.2252586767 0.2227253802 0.2092936648 0.2036144358 0.2006441405 0.1910299527 0.1882673358 0.2099077302 0.1943186151 0.1706024678 0.2535445128 0.1783635807 0.2579537668 0.2507424151 0.2392016937 0.1799354256 0.1653519277 0.2024052996 0.2499490757 0.3637659932 0.4283913660 0.4977463251 0.6531956812 0.7826710638 0.8960484299 0.9320167986 0.9118225246 0.7663097475 0.6628162454 0.4894109280 0.3517805674 0.2919766459 0.2293041181 0.2588245511 0.1990434808 0.2619382005 0.1976471312 0.1968982033 0.2583524584 0.2662070833 0.2145891905 0.2292291840 0.1997073800 0.2473822154 0.2232466234 0.2119335379 0.1916824252 0.2284960436 0.1706869977 0.2342253306 0.2362918878 0.2229443801 0.1587294053 0.2017388263 0.2238768140 0.2386643288 0.3275009254 0.3940520009 0.5084244891 0.6191667550 0.7177735606 0.9135157377 0.9616628763 0.8734587806 0.7979339643 0.6651658709 0.5778085653 0.3749184394 0.2766606864 0.2903293907 0.2164438925 0.1872169956 0.2224988566 0.2286277827 0.2499230400 0.2167173854 0.2043418726 0.2382468056 0.2776889599 0.2086981537 0.2255974036 0.2316280375 0.2469857141 0.2123234697 0.2347105262 0.2097448207 0.2024000369 0.2523384917 0.2360178878 0.2204962419 0.2301020768
0.1609923676 0.1786040413 0.2518530023 0.2419243711 0.2056944429 0.1915709234 0.1947818285 0.1954207233 0.2184363511 0.2797532977 0.3704509795 0.5372060006 0.7069126235 0.8096879057 0.8936392791 0.9111577949 0.8227617277 0.6858440676 0.5764088946 0.4187095916 0.3102740904 0.2889887699 0.1669009717 0.1991337519 0.1994135721 0.2277537327 0.1130841361 0.1987824229 0.1252711549 0.1934028448 0.1821478716 0.1686106885 0.1421845020 0.1766860364 0.2279488693 0.1456964197 0.1637116855 0.2304207215 0.2020237462 0.1733264026 0.2123236598 0.1996570680 0.2644797983 0.2031808344 0.2168856485 0.2823298459 0.2730955839 0.4407263959 0.5036080395 0.6757506669 0.8786826539 0.9261176777 0.9315968801 0.8675310483 0.6750448912 0.5595279240 0.5109608542 0.3564302205 0.3083680596 0.2744853493 0.2077124789 0.1870682718 0.2052177136 0.1825757870 0.2369286344 0.1881043763 0.1959378328 0.1853737132 0.2309584916 0.1723328296 0.1968118457 0.1915465123 0.2335943202 0.2172021502 0.2411070980 0.1140514318 0.2144326791 0.1987562093 0.2340222102 0.1940400696 0.2158531727 0.2540298203 0.2078003618 0.3183149578 0.3658048600 0.5459439522 0.6770883561 0.8082788370 0.9308041472 0.9545654987 0.8812407429 0.7751942310 0.5841766111 0.4760314231 0.3650242564 0.2968146853 0.2331341173 0.2155387349 0.1882893349 0.2616814256 0.2598450274 0.2007771015 0.2448411900 0.2520064515 0.2254967244 0.2735122146 0.2365711452 0.2258211940 0.2007194294 0.2195724212 0.2237164027 0.1416726240 0.2081336577 0.1783719655 0.2039712222 0.2014459311 0.2233985463 0.1882604732 0.2756175367 0.2483689397 0.3029336683 0.3928367759 0.4822587575 0.6027910336 0.8113471224 0.9270435360 0.9277665931 0.8743908534 0.7557221872 0.6164786657 0.4836342317 0.3802016943 0.2761514227 0.2260549992 0.1860854542 0.2316597907 0.1851384799 0.2204647312 0.2105309618 0.2301691409 0.1790737847 0.2513602898 0.2594167485 0.1795590811 0.1848540431 0.2049314775 0.2291068277 0.1868915538 0.2263497718 0.2546351442 0.1800907355 0.2411178461 0.1819884536 0.1864791558 0.2494743568 0.2267729319 0.2693799961 0.2968433322 0.3835008786 0.4331663282 0.5936791806 0.7283453911 0.8716086796 0.9124681360 0.8818234691 0.8005328086 0.6709154670 0.4859616687 0.3499257259 0.3088523375 0.2814023615 0.1740306494 0.1914382309 0.1968126190 0.2283515872 0.2136659945 0.2326116958 0.2074189466 0.1980974803 0.2540256741 0.2180554435 0.2454820191 0.2443898994 0.1850625862 0.2533974328 0.2499845691 0.2053071445 0.2210382438 0.2105308773 0.2447886252 0.1782259082 0.2812303120
0.2395609043 0.1832035139 0.1394036140 0.1855734812 0.1451320650 0.1789307211 0.2120181197 0.2700503884 0.2525201443 0.2609261243 0.3833439718 0.5291518318 0.6086884986 0.8325969017 0.8960607293 0.9138653174 0.8480768915 0.7241964860 0.5836214836 0.4184445388 0.3373770196 0.2160286323 0.2997721914 0.2281767986 0.1659836351 0.1594287586 0.2162337676 0.1948214495 0.2205747619 0.2217712654 0.1970309766 0.2230245790 0.2113092612 0.1675145012 0.1846335568 0.2281355911 0.2221590778 0.1455575941 0.2385573471 0.2287075948 0.2220963901 0.1684718655 0.2282336033 0.1961042915 0.2400950355 0.2568249605 0.2676037324 0.3704787791 0.4727002803 0.6445023582 0.8154360275 0.9546715737 0.9247328542 0.8216922856 0.7471692136 0.5920606189 0.4871434187 0.3983980257 0.2587600611 0.2344279217 0.2225306224 0.1707571795 0.1703202248 0.1983381752 0.1675079702 0.2540531991 0.2190795399 0.2257972719 0.1612380376 0.1785412580 0.1770038003 0.2073346614 0.1766875369 0.2144251763 0.1665035996 0.2075528200 0.2391704101 0.2249710947 0.1941900117 0.1858330492 0.1854692927 0.2057159127 0.1865963459 0.2851799022 0.4354595753 0.5255902715 0.6082472063 0.7983885274 0.8972228071 0.9300373828 0.9172555434 0.8199784460 0.5956767748 0.4286461733 0.2984751022 0.2768408579 0.2143657132 0.2550491593 0.2152092266 0.2261870409 0.2492339399 0.1936183001 0.1937726576 0.1634472130 0.1147403147 0.2304307790 0.1874680014 0.2090999287 0.1659448237 0.2300553125 0.1858529768 0.2407873918 0.2041037006 0.2212730881 0.2314359899 0.2435748639 0.2465201540 0.1846584860 0.1829169651 0.2660266004 0.2808371569 0.3378539417 0.4807409233 0.6130464639 0.7721947366 0.9593856750 0.8782854798 0.9294221978 0.7541436566 0.6476813314 0.5002815517 0.3718380291 0.2656370955 0.1705211958 0.2188286089 0.2301288861 0.2234130103 0.1742241022 0.1907437593 0.1984535471 0.1991706745 0.1977439639 0.2023226301 0.2194928567 0.2313963301 0.2314701029 0.2431909794 0.2414250065 0.1959443052 0.2279256949 0.1988269839 0.1881421279 0.2001623297 0.2015859314 0.1947657429 0.2203796124 0.2817490749 0.2866264419 0.3949319982 0.4716263867 0.5988519634 0.7355432162 0.8917267917 0.9273310314 0.8726120305 0.7193589051 0.6468307532 0.4604811150 0.3598652570 0.3083009176 0.2316597021 0.2326395307 0.2394787230 0.2099213188 0.2196534399 0.2350478986 0.2506031727 0.2105628575 0.2302574893 0.1964889741 0.2235018500 0.2091731928 0.2123755435 0.2321815658 0.2168664094 0.1419831002 0.2031844975 0.1843127381 0.2219427712 0.2044290232 0.2575624944 0.2378240859
0.1567170735 0.1736426714 0.2201601446 0.2152558035 0.2149779833 0.1828858417 0.1808263163 0.2502068992 0.2303169060 0.2813321738 0.3904958682 0.5023728495 0.6717972989 0.7831095058 0.9522322224 0.8743373068 0.8551866017 0.6704109124 0.5498704262 0.4577153921 0.3190424231 0.2271973657 0.2551557329 0.2044222221 0.1933747818 0.2103133229 0.2107814829 0.2521016491 0.1692539846 0.2006735555 0.1836722684 0.1879479231 0.1758624883 0.1645427185 0.2208746701 0.1885206509 0.2343394204 0.2416262949 0.1392248165 0.1936402227 0.2298806984 0.2110885412 0.1733814133 0.1529949814 0.1639106627 0.2434410079 0.3098878058 0.3772789968 0.5065851637 0.6636506246 0.8261640199 0.8649748323 0.9115604201 0.8376612202 0.7590626732 0.5934077786 0.4961399757 0.3650478365 0.2344637754 0.2289594392 0.2566052584 0.2195357515 0.2039334754 0.2291249405 0.2504328353 0.1826029769 0.1999548812 0.1611284869 0.1864486501 0.2239748818 0.2357939388 0.1618341963 0.2456997359 0.2170461044 0.2122743394 0.1827942807 0.2199634239 0.1888341084 0.1770729754 0.2184015700 0.2162540946 0.2330304069 0.2432014325 0.3099125458 0.3613492089 0.5293509958 0.6378990781 0.7848639227 0.8932184567 0.9188826094 0.8735006496 0.7840484465 0.5397534658 0.4251077941 0.3352430611 0.2846919349 0.1991556500 0.2232457960 0.2365384284 0.1960121151 0.1739693699 0.1657903509 0.2293216773 0.1583870489 0.1234093448 0.1915538922 0.2122224390 0.2074607511 0.1748071288 0.1794257097 0.2427755113 0.2159085225 0.2147034175 0.2268871560 0.1748104568 0.2118757996 0.2415130581 0.2444844637 0.2380284259 0.2334027863 0.2412782275 0.3980461579 0.4528754701 0.5739072917 0.7736902465 0.8584650995 0.8989795320 0.8464247425 0.7890382256 0.5985474750 0.5003515275 0.4182689152 0.3418995224 0.3007477973 0.1849051695 0.2087011213 0.1749964411 0.1916001874 0.2146156112 0.2013324147 0.2482019151 0.2091568767 0.1857319424 0.1691325181 0.2135421590 0.2425440283 0.1797966967 0.2210869660 0.1854068201 0.2024624978 0.2369448585 0.2121229628 0.2540117923 0.2169845728 0.2372719759 0.2563215305 0.2709159407 0.2827716487 0.3716884103 0.4760165097 0.6496254738 0.7379439601 0.9062909938 0.9279816721 0.8800046848 0.8252461492 0.6283430566 0.4789436445 0.4005686268 0.3464193274 0.2582267077 0.2655883134 0.1746356823 0.1777997677 0.2276214390 0.2285603130 0.1773395041 0.2032254634 0.2114985039 0.1559015308 0.2680801443 0.2238137042 0.2305491732 0.2141234679 0.2157279977 0.2281889374 0.2036405576 0.1490027384 0.2345623381 0.2751755958 0.2499677399 0.2395648783
0.2201408640 0.2060786748 0.2167310850 0.2238587342 0.1751738786 0.1644567584 0.1924678298 0.2264253764 0.2433422748 0.2673557508 0.3450031090 0.4749113989 0.6567242900 0.7923728942 0.8674297629 0.9371933685 0.8539226201 0.7304016811 0.5974540154 0.4938489382 0.3226290248 0.2524893466 0.2364264788 0.1926787134 0.1665500747 0.2434756504 0.1468282086 0.1650875794 0.2012363513 0.2035524633 0.1513036193 0.2002157549 0.2400493673 0.1894627144 0.1903479790 0.2018362602 0.1867211951 0.1903973587 0.1657080508 0.1900560700 0.2110070391 0.1893159000 0.2138137824 0.2002377331 0.2133022807 0.2190249656 0.2941461462 0.3330832716 0.4757754513 0.6478665434 0.8425749186 0.9171540640 0.9183582164 0.8472764414 0.7475796771 0.5665425402 0.5265137541 0.3553231766 0.2960052948 0.2464030680 0.2775243725 0.2479266855 0.2093415094 0.1893391773 0.1729556783 0.1895450745 0.1778140492 0.1913132267 0.2232605122 0.1718882076 0.2304300901 0.2199137738 0.1705622855 0.2352770648 0.1766867810 0.1778274423 0.2068596739 0.1975516007 0.2045310168 0.1819709861 0.1969841842 0.2599136553 0.2134355448 0.3183544634 0.3464904101 0.4855152832 0.6248015049 0.7949349339 0.8612593810 0.9082880604 0.8485345887 0.7877208553 0.5570841837 0.4595030006 0.3384062579 0.3155995607 0.2464037351 0.1885158020 0.1967336949 0.1964085690 0.1988502321 0.2159251060 0.2541775996 0.1454263747 0.2114431445 0.1730397412 0.2130353169 0.2042985179 0.2118630009 0.2053556109 0.1870721399 0.2041641531 0.2551849315 0.1959068506 0.1943260421 0.2287351268 0.2154046311 0.1757652831 0.2783911784 0.2386999484 0.2764679098 0.3499222231 0.4733225096 0.6433599947 0.8028466870 0.8740202688 0.9572926582 0.8372865103 0.7760911683 0.6407134159 0.5162336076 0.3726387168 0.3004592153 0.2169679104 0.2253987742 0.1836953415 0.1409058140 0.1800661508 0.1949492026 0.2470194545 0.1613453663 0.1296583822 0.1501609006 0.1693653945 0.2258948677 0.1853585251 0.2243446544 0.2336188751 0.1901913551 0.1690497461 0.1881257769 0.2354978344 0.1946472859 0.2374534314 0.2300644804 0.2553407543 0.2292376410 0.2421114302 0.3104204532 0.4419163982 0.5943858930 0.7798083653 0.8752916642 0.9111988344 0.9146615550 0.8216013532 0.6543050583 0.5529703572 0.3435032218 0.3199137213 0.2507407885 0.1875246873 0.2150489892 0.2052932972 0.1502949001 0.1846852792 0.2234979429 0.2378636508 0.1922551048 0.2350589228 0.2405673223 0.2170511115 0.2427996644 0.2620742185 0.1820312917 0.2474236239 0.1546803435 0.1967448406 0.2030832107 0.1707466066 0.1535639886 0.2076896627
0.1927930620 0.1742559222 0.1698326520 0.1707522210 0.2199062591 0.1994588780 0.2506914610 0.2899532322 0.2665857495 0.2816343344 0.4060083217 0.5334473431 0.6397184342 0.8084139950 0.9216351678 0.8675715426 0.8291119494 0.7912908612 0.5498147089 0.4603104691 0.3363683106 0.2490383190 0.2165219541 0.1968634726 0.1696888505 0.1901633459 0.1961108858 0.1887865818 0.1666849637 0.2380579823 0.1763504959 0.2015734728 0.1969311768 0.1713611646 0.1719394314 0.2221842596 0.1239698579 0.2008990090 0.1933496160 0.2094448529 0.1710347743 0.1954086812 0.2427663803 0.2052976214 0.2316894289 0.2381206032 0.3405559232 0.3821643316 0.5086319778 0.6180614274 0.7959441509 0.8605618652 0.8810702124 0.9024108229 0.7316670890 0.6193241908 0.5252261729 0.3156163654 0.2259818696 0.2011719822 0.1985350142 0.1747948703 0.2121118155 0.1726729212 0.1345650921 0.1739715560 0.1814433410 0.1714377624 0.1069146639 0.1954576557 0.1916222039 0.2057176359 0.1688736095 0.1511722769 0.1509307983 0.1752457288 0.2155445996 0.2348026936 0.1347580059 0.2237883214 0.1846563941 0.2322262618 0.2489601300 0.2536240681 0.3763993602 0.4831898640 0.6839387484 0.7991352962 0.8777555855 0.9366526979 0.9064654835 0.7568372746 0.5741405471 0.4966734147 0.3467665168 0.2810797012 0.2664759550 0.2314118082 0.2310340790 0.2009127959 0.1755889855 0.1791908076 0.2120156729 0.1815577384 0.2315069790 0.1722044203 0.1937203295 0.1748847912 0.2292026545 0.1768188210 0.1739046947 0.2199003155 0.1845587454 0.2132937432 0.1671613656 0.2289024198 0.2551305857 0.2235923916 0.2124848306 0.2864613041 0.2427524654 0.3351085167 0.4756702805 0.6232564306 0.7185133695 0.8538737959 0.9435385025 0.9230889825 0.7677225471 0.6081622668 0.4403416223 0.4314415660 0.3061404401 0.2703767851 0.2504050010 0.2697381695 0.1776590316 0.2243391954 0.2244754230 0.2217698828 0.2246983601 0.1844149565 0.1884650601 0.2032317765 0.2491730638 0.1897213826 0.2298784290 0.2140518180 0.2160666809 0.2275741560 0.1616875143 0.2552855076 0.1452609308 0.1738560291 0.1726753683 0.2509004508 0.2872160354 0.2606115797 0.3647880103 0.4813660572 0.5707202513 0.7695505158 0.8556730436 0.9350640831 0.9164399031 0.7503042960 0.6930953205 0.5173771944 0.3973874201 0.3201474439 0.2637758794 0.2201127892 0.2302320520 0.1921564160 0.1730279758 0.1911858430 0.2006561576 0.2317126960 0.2019730103 0.2054610940 0.1996285565 0.2302603050 0.2421736170 0.1678806173 0.2441689877 0.2402332400 0.2408239568 0.2328672232 0.1615336124 0.1937509719 0.2400261146 0.2291704863
0.1935519896 0.1951627080 0.1785164713 0.1833778991 0.1833029994 0.1837157363 0.2146108395 0.1887886012 0.2548143215 0.2772588435 0.3704589989 0.5270826405 0.6607813717 0.7489590904 0.9029104266 0.9309777026 0.8369072251 0.6891046105 0.5740912981 0.4474758710 0.3203367968 0.2396618490 0.2505169810 0.2019741417 0.2185665425 0.1560645366 0.1579880333 0.1876518225 0.1896200299 0.1862610079 0.2057273162 0.1896927805 0.2175035452 0.1945763633 0.1745443931 0.2103342571 0.2450969038 0.1710083460 0.1620069713 0.1647293502 0.1723529733 0.1887634742 0.1567288997 0.1834866396 0.2090771727 0.2657376451 0.2913069514 0.3497462469 0.5089401487 0.6196625465 0.8433467736 0.8756860110 0.9570188153 0.8866900739 0.7301499032 0.6046249863 0.4067374396 0.3243087777 0.2936822126 0.1925576256 0.2079739730 0.2543315425 0.1320000394 0.2005405719 0.1540310690 0.1988136345 0.2117981094 0.1995424166 0.2601531461 0.1964131348 0.1834276763 0.2012397603 0.1690643286 0.1902987997 0.2154770576 0.1728861486 0.1878982286 0.1714295185 0.2142460704 0.1839064953 0.2308520504 0.2166897841 0.2184527429 0.3261666539 0.3924097260 0.4557304346 0.6418617541 0.7690205054 0.8557251244 0.9630570531 0.8863258792 0.7100630474 0.6435200093 0.4352782755 0.3685268842 0.3272292414 0.2495595504 0.2509811599 0.2074960854 0.1808775624 0.2466107336 0.1945266234 0.1970923442 0.1981412432 0.1998534138 0.2460075262 0.2394701141 0.1750196899 0.1683017281 0.1644094332 0.1886695233 0.1551377287 0.1913085520 0.2066100143 0.2109912735 0.1776390216 0.2311287496 0.1910752323 0.1898857040 0.2358025999 0.2853982763 0.3433374470 0.4910482021 0.6519133272 0.7556966259 0.8868111675 0.9173570555 0.8833512512 0.7528287778 0.6944178426 0.4025468043 0.3820711663 0.3099982221 0.2718073205 0.2308743002 0.2097746896 0.1831008137 0.1694181073 0.1856631371 0.2629588729 0.1673617543 0.1935789324 0.2547749968 0.1703840045 0.2462936515 0.2219403056 0.2193763500 0.1211245934 0.2165815579 0.2514179303 0.2042326830 0.1950772529 0.1973708564 0.1822926693 0.1774430469 0.2514460064 0.2733038241 0.2962338306 0.3318635134 0.4667473770 0.6070681912 0.7665680218 0.9096477492 0.8976520911 0.8985972314 0.8468770967 0.6247299951 0.5386668089 0.3713415722 0.2937790834 0.2369029157 0.2170963056 0.1567379791 0.2265839970 0.1849217928 0.2523993608 0.2272789138 0.2077504727 0.2066813559 0.1474396579 0.2278924368 0.1905537724 0.2579104865 0.2209179119 0.2127355349 0.2118845987 0.2620815551 0.1841913069 0.1929491138 0.1989699803 0.2206456849 0.2449631000
0.1965692462 0.2288646112 0.1933494503 0.1546552049 0.1858378263 0.1863316793 0.2153826669 0.1875677271 0.2109634703 0.2780370299 0.3550450009 0.4992364851 0.6394531573 0.8018838068 0.9002764414 0.9051504676 0.8732106460 0.7000064087 0.5664192079 0.4188355271 0.3270699337 0.2882025190 0.2383737578 0.1795208812 0.2021298983 0.2302154708 0.1742777668 0.2099361063 0.1849588144 0.2039666836 0.1424892455 0.1725723750 0.1576561454 0.1956495974 0.1328042643 0.1467471853 0.2158399784 0.2009680824 0.1830412430 0.2566665184 0.1757512293 0.2369939163 0.1811126581 0.2019691724 0.1994686817 0.2552754889 0.3313340040 0.3561081777 0.5190841823 0.6497885884 0.7858430671 0.9035000475 0.9250956904 0.8629015401 0.7348482960 0.5866121244 0.4951661032 0.3797722263 0.3190327393 0.2325624383 0.2747144132 0.2345697723 0.1787612779 0.2258873661 0.1612830969 0.2238783058 0.1879922415 0.2139185411 0.2017036035 0.1770505643 0.1886832005 0.1975947167 0.1613915232 0.2134617128 0.1818016256 0.2250064164 0.1870899503 0.2124213833 0.2184283392 0.2311404135 0.2117922682 0.2403270773 0.1958590224 0.3219879219 0.3924983043 0.4747783780 0.5789130863 0.7572047839 0.8605495772 0.9648461497 0.8921678997 0.7457776489 0.6237043275 0.4866944713 0.3778724846 0.3097133138 0.2571338904 0.2216765491 0.1563627423 0.2007172877 0.2212658266 0.1395461177 0.1660668287 0.2270355677 0.2160814448 0.2254940834 0.2671243549 0.2314386428 0.2145301866 0.1329541102 0.2441009996 0.2097814461 0.2171966716 0.1980026561 0.2073740522 0.2618643599 0.2016548190 0.2134151231 0.2492774110 0.2018426362 0.2711990887 0.3465404148 0.4849768034 0.6281468517 0.7670676359 0.8948494507 0.9502084013 0.8647651871 0.7938178207 0.6700106907 0.5002095315 0.3666116353 0.3577878787 0.2091606625 0.1898189230 0.2519709643 0.1462112023 0.2098580997 0.2454138864 0.1959776623 0.2336353327 0.2680779131 0.2447317489 0.2237364306 0.2096620388 0.2092736773 0.1962528395 0.2054002477 0.2116897207 0.2217662290 0.2105261612 0.2269583398 0.2043804487 0.2315213180 0.2070074434 0.2155584937 0.2290716570 0.2524183981 0.3924461661 0.4361589120 0.5994846970 0.7550752836 0.8834371939 0.9299913613 0.9400550377 0.7918388065 0.6508523843 0.5328279950 0.4003488807 0.3405525799 0.2949183964 0.2642187934 0.2669507701 0.2087330521 0.2107846867 0.1673421409 0.2128103255 0.2504283373 0.2003377270 0.2311185130 0.2352661977 0.2335205022 0.2134447303 0.2229077886 0.1945600894 0.1726660630 0.2264312663 0.1686693326 0.2373764601 0.2009049722 0.1971155413 0.1827355919
0.1588811585 0.2391347278 0.2043661778 0.1656916155 0.1897063901 0.1672116067 0.2025514561 0.2339801447 0.2167203552 0.2897323279 0.3894150175 0.5073166428 0.6410257808 0.8133569624 0.9569607105 0.8993435596 0.8810329181 0.7450846772 0.6406706397 0.4475945661 0.3428711367 0.3153221781 0.2454053437 0.1585376146 0.1899523440 0.2442552669 0.2021440420 0.1984300672 0.2129224566 0.2107968702 0.2599665421 0.2134838604 0.1843530703 0.2198495306 0.1792395066 0.1632329702 0.1958026448 0.2290607172 0.2441159574 0.1913348333 0.1815361765 0.1473167705 0.2628038017 0.2545856824 0.2243005673 0.1922238947 0.3313563352 0.3835744450 0.5355016634 0.6692551944 0.8151906134 0.8909020519 0.9189061679 0.8814923497 0.7478776329 0.6364412996 0.5005207687 0.3720274356 0.2626423891 0.2806803606 0.2254625868 0.2257072099 0.2337217461 0.1894760208 0.2221213375 0.2026504812 0.2218059652 0.1942627540 0.2124339567 0.2215982921 0.2366569090 0.2113173146 0.1919328625 0.2098135838 0.1926628906 0.1472283584 0.1483308482 0.2321820741 0.2205720908 0.1810135129 0.2392319703 0.2946187970 0.2212810117 0.2783379396 0.3605896412 0.5102658743 0.6208442975 0.8175536305 0.8637697987 0.8870407591 0.9070979992 0.7892216691 0.6077721963 0.5069156807 0.4007957262 0.2749746138 0.2605655301 0.2662089087 0.2353068687 0.2525732717 0.2404149792 0.2164154454 0.1968509724 0.2340112647 0.1938547615 0.2120501089 0.1768004986 0.2337757670 0.1930944238 0.1815533605 0.2379427147 0.2021567569 0.2001615336 0.2010904789 0.2006022183 0.2347646334 0.2328109824 0.2113870487 0.2097821618 0.2685455805 0.2715072021 0.3764153157 0.4404791519 0.6425714171 0.7554540416 0.8853914263 0.9714143980 0.8521236976 0.8587096677 0.6415380902 0.5586865879 0.3897387385 0.3163175385 0.2632196842 0.2860525153 0.1988955362 0.1885699535 0.2031884152 0.2375619525 0.2138316560 0.2180212518 0.2403173485 0.2266804615 0.2025890664 0.2065347177 0.2085698272 0.2208854320 0.2482970824 0.2117937332 0.1648643330 0.2377686418 0.2418236676 0.2387388255 0.2623863654 0.2503841608 0.1456640715 0.2736820071 0.3401891117 0.3760642089 0.4824891150 0.5963203826 0.7783166907 0.8753480021 0.9436296726 0.9027101957 0.7963720772 0.6381276741 0.5608261091 0.4018638199 0.3251971047 0.3067352919 0.2178867842 0.2543003614 0.2015142981 0.2280744681 0.2111492226 0.2152271277 0.2160059542 0.2619612816 0.2144243592 0.2187804310 0.2630843440 0.2269733006 0.2132064451 0.1925178461 0.2235274546 0.2109981224 0.2272679079 0.2795754229 0.2794018140 0.1670944954 0.2192657072
0.1705855284 0.2014863243 0.2589163853 0.2300097027 0.2347501315 0.2350706576 0.2668166783 0.2329328672 0.2542032866 0.3095951613 0.4251228115 0.5364103001 0.7096830732 0.8354034233 0.8868976205 0.9192887710 0.8760809326 0.7966108919 0.6187002896 0.4468268569 0.3251946938 0.3217524108 0.2274090640 0.2007416496 0.1659372262 0.2378491868 0.1788487679 0.2181777416 0.2560855711 0.1835506342 0.2091672250 0.2313328570 0.2273560382 0.2052109995 0.2323622694 0.1691740831 0.2639249613 0.2090158340 0.1747874459 0.1845948625 0.2254607789 0.2684476440 0.2080681003 0.2819060251 0.2885160691 0.2467630942 0.3125567374 0.3691377332 0.5198384260 0.6819178566 0.8054893593 0.9112908165 0.9357471125 0.9001566269 0.7512417756 0.5514505324 0.5099274950 0.3976354901 0.3181513732 0.2537212522 0.2137927631 0.2246579377 0.1746808523 0.2499499127 0.1709729284 0.2170498541 0.2278464968 0.1806441532 0.2339380715 0.1924564749 0.1900943937 0.2289647961 0.2233661219 0.2133568105 0.1893063683 0.1797287706 0.1889748618 0.2491716479 0.2558512270 0.2102874553 0.2298867016 0.2248995004 0.3128293540 0.2749479864 0.4190260865 0.5127727664 0.6081985233 0.7496604171 0.8915515743 0.9189852021 0.8797338611 0.8058744474 0.5726811567 0.5034136089 0.3302443862 0.3198126480 0.2646431181 0.2529974535 0.2490767750 0.2160801890 0.2340303282 0.2007401184 0.2118079510 0.1819465147 0.1959425932 0.2264807572 0.2208895215 0.2070014003 0.1863071341 0.1939375170 0.2974079715 0.2208713962 0.2142950446 0.1960056756 0.2317718426 0.2683467764 0.2098231512 0.1877401543 0.2962603830 0.2015495765 0.3425622844 0.3559561795 0.4927932533 0.6200831225 0.7730592404 0.8853017379 0.9793026513 0.9042020262 0.8361632670 0.6602503004 0.5280249656 0.4035267916 0.3184353460 0.3198587799 0.2659730741 0.2666985118 0.1978257751 0.2025185103 0.2165187766 0.2471480892 0.2186133519 0.2570349769 0.1166968800 0.2087111392 0.2393661938 0.2304887763 0.2459296653 0.2293166068 0.2147082270 0.2168098594 0.2035405529 0.2515178799 0.1878398424 0.2657743311 0.2623992263 0.2137710000 0.1954514248 0.2927919025 0.3614137558 0.4965164235 0.6267545822 0.7267233699 0.8871616735 0.9338864743 0.8803175503 0.8252968200 0.7347220926 0.5517105811 0.4617503960 0.3059281363 0.3101039795 0.2372437838 0.2447545638 0.2224987334 0.2633565757 0.1755273392 0.2192432940 0.2302395813 0.2578968658 0.2764771156 0.2798849185 0.2004984442 0.1975359784 0.2459405745 0.2121934055 0.2225273668 0.2557844553 0.2250214530 0.2463556139 0.2276244245 0.2233076990 0.2120389957
0.1742812354 0.1671589733 0.2099904125 0.1933225613 0.1507978569 0.2047136614 0.2258318170 0.2881613445 0.2770863517 0.2932379196 0.4005365868 0.5532259818 0.6460751787 0.8353078325 0.9104344483 0.9638614493 0.8599872487 0.7525311895 0.6019022923 0.4604394103 0.3795868557 0.2494358245 0.2576894291 0.1848575942 0.2356291251 0.1807521374 0.1955680643 0.2076322746 0.2249578469 0.2137951737 0.2084406559 0.2315931711 0.2805052805 0.2012242044 0.2214718856 0.2307739856 0.1812535811 0.1964123257 0.2082780245 0.1691637762 0.1867775319 0.2362854795 0.1982582403 0.2387766405 0.1964023154 0.2613994483 0.3021542932 0.4241631560 0.5643803112 0.6986186032 0.8224048582 0.9057385182 0.9530385856 0.9306957930 0.7565426481 0.6122339808 0.5136513445 0.3551638744 0.3098969013 0.2521708387 0.2402527725 0.2413277899 0.1927693032 0.2427576947 0.2397468980 0.2539545094 0.2337636705 0.2231513470 0.1734606160 0.2484603130 0.2100294418 0.2157205177 0.1838356412 0.2496045270 0.2347660906 0.2163410393 0.2248255401 0.1875490550 0.1780610085 0.2932479365 0.2136915463 0.2467620074 0.2271075518 0.2725654988 0.4244704503 0.5205036254 0.6159832014 0.7328801875 0.9145264545 0.9791374319 0.9200228834 0.7765306797 0.6601740649 0.4964069203 0.4108040390 0.3187038933 0.2490558157 0.2854171354 0.1956352257 0.1932929181 0.2403961189 0.2073382718 0.2525632715 0.2479198262 0.2096082941 0.2357326715 0.2279148213 0.2054057344 0.2142788398 0.2274092982 0.2067485671 0.1976198546 0.2257049732 0.2014290683 0.2028786046 0.2647073810 0.2417161969 0.2342603393 0.2379301459 0.2360721974 0.3055613002 0.3730400746 0.4570482814 0.6403006454 0.7570770391 0.8995438620 0.9415803826 0.8963058205 0.8698948010 0.7126496229 0.5508113177 0.4027521458 0.3020812774 0.2658781429 0.2534335794 0.2631639421 0.2184956993 0.2563708982 0.2246650133 0.2506329787 0.2198262594 0.1905278104 0.2608745807 0.1789757585 0.2982195960 0.2347210013 0.2093552814 0.3379753863 0.1935853967 0.2418162285 0.2412886921 0.1907988348 0.2442171011 0.2413005040 0.2162043020 0.2222344643 0.2718205737 0.2434547592 0.3770579570 0.5053385996 0.5972553262 0.7392196891 0.8911732618 0.9413085939 0.9378452405 0.7509408175 0.7218950630 0.5271698451 0.4510778562 0.3219863500 0.3124971410 0.2172902525 0.2483409592 0.2536272594 0.2643176043 0.2099151426 0.2243699060 0.2623874244 0.2189881486 0.3018239900 0.2041481375 0.2308363017 0.2453181010 0.1937286510 0.2320541723 0.2258685080 0.2286798677 0.2762487890 0.2482823349 0.2034133059 0.2602397291 0.2447712219
0.2145749428 0.2328935061 0.2062555965 0.2103063167 0.2144513816 0.2316530003 0.2586135413 0.2382855054 0.2393277225 0.2941639986 0.4042686372 0.5125646487 0.7243330669 0.8112579360 0.8632671801 0.9208893499 0.8502842325 0.7864883875 0.6153086349 0.4231352455 0.4266015693 0.3179327920 0.2945852621 0.2165309277 0.2375779230 0.2234340894 0.2238076237 0.2263796180 0.2436876692 0.1344934148 0.2263362136 0.2000700266 0.2169833861 0.2062825750 0.1797835640 0.2550213009 0.2250264573 0.2036702568 0.1781336273 0.1966330512 0.1897427549 0.2619774673 0.1749364962 0.2007226159 0.2445177718 0.3283426743 0.2987670938 0.4024577192 0.5514193323 0.6426418010 0.7968061781 0.9184595451 0.9690210976 0.8653631341 0.8016187144 0.6266907008 0.4523824595 0.3932334504 0.3171952301 0.3016518268 0.2350854673 0.2118834135 0.2356826186 0.2257016421 0.1711375126 0.2255243733 0.2886939115 0.2026082388 0.2102078933 0.2170374283 0.2307951633 0.2402025146 0.2404397578 0.2445637964 0.2049085425 0.2123826529 0.2619285096 0.2233222905 0.1705193050 0.2455268405 0.2146966097 0.2414567379 0.2775502865 0.2687306668 0.4179097027 0.4869153238 0.6856736507 0.7649634006 0.9003945943 0.9379260258 0.9346869568 0.8045500239 0.6700949122 0.5205771534 0.3657919110 0.3601097949 0.2249385758 0.2653731681 0.1909474923 0.2148135534 0.2052244731 0.1955676988 0.2354430544 0.2450561869 0.2559837275 0.2346004439 0.2204304511 0.2465922816 0.2431391083 0.2347037467 0.1730171309 0.2598666661 0.2298572141 0.2058452464 0.2592519180 0.2359652926 0.2271481099 0.2378582610 0.3084838119 0.2585204861 0.2345939144 0.3593360045 0.4723182491 0.6491523222 0.7667305929 0.8921001750 0.8687392310 0.9681387873 0.8112828975 0.6758201531 0.5469366535 0.4541692213 0.3045281383 0.2393438466 0.2545818966 0.2413835051 0.2530813368 0.2499245976 0.2501611901 0.2400873128 0.1994951019 0.2677750490 0.2110220737 0.2537985885 0.2096494141 0.2099302999 0.2577189726 0.2699373620 0.2308331188 0.2639078601 0.1919184185 0.2655084684 0.2039936939 0.2285628899 0.2387911401 0.2093852938 0.2714636744 0.2681709090 0.3440667286 0.4682109396 0.6082966937 0.7563661416 0.8731772284 0.9498018512 0.9608510915 0.8324342417 0.6800473075 0.5837820177 0.4419320555 0.3570683771 0.2805101717 0.2551019937 0.2410109036 0.2477276306 0.2109809433 0.2376667905 0.2433788476 0.1940367992 0.2354434362 0.2223297349 0.2431971563 0.2974925269 0.2032677181 0.2520460392 0.2425200294 0.2284182537 0.2400899067 0.2859633641 0.2726511951 0.2002348582 0.2120481633 0.2312718184
0.2356482472 0.1607047074 0.2289546585 0.2389965819 0.1889462513 0.2174472455 0.2311595554 0.2330752533 0.2789828125 0.3371280981 0.3980412102 0.4905238185 0.6823930946 0.8070087496 0.9121599537 0.9617262826 0.8772439368 0.7161346790 0.6379349961 0.4667368117 0.3321064969 0.3341887307 0.2920279049 0.2116387266 0.2631111943 0.2729450108 0.2008852156 0.2518810893 0.2152784335 0.1588702060 0.2038885011 0.2455369470 0.2276777350 0.2176608123 0.2208322002 0.2334682436 0.2383505852 0.1727490622 0.2531868374 0.2071619677 0.2098623975 0.2150904003 0.2116099846 0.2422029170 0.2514910512 0.2811497095 0.3697249770 0.3975203382 0.4575530216 0.6646748774 0.7474845495 0.9459240092 0.9128734363 0.9002188761 0.7803947608 0.6193916159 0.5132879601 0.3976592388 0.3526107704 0.3098000879 0.2364669965 0.2008187751 0.1697211227 0.2101496815 0.2892952233 0.2843344380 0.1709939790 0.2502310023 0.2327081179 0.1862301200 0.1922562285 0.1952163859 0.2307150719 0.2537488331 0.1658388906 0.2570710252 0.2316419888 0.1965261684 0.2400065440 0.2049276361 0.2349186866 0.2586493441 0.2636443220 0.3374109717 0.4042164997 0.4777939102 0.6490113414 0.8118772863 0.8782527618 0.9330712332 0.9011295818 0.8119733145 0.6983506711 0.4767555880 0.4081697344 0.2999942724 0.2435648442 0.2196992983 0.2213718886 0.2654273517 0.2559135984 0.2557654366 0.2522838573 0.2132190333 0.1895539025 0.2207881378 0.2631755071 0.2257924720 0.2564020183 0.2445214271 0.2531844582 0.2510149788 0.2291308687 0.2225894454 0.2794597026 0.2213288581 0.2260407319 0.3081504383 0.2441327984 0.3006361733 0.2980690953 0.3757081385 0.4763324910 0.6601089621 0.7710772710 0.8635448513 0.9481788910 0.9612698894 0.8194599188 0.6926018156 0.5725776809 0.3911723135 0.3046964799 0.2522625693 0.1985927195 0.2463626387 0.2027462338 0.2255641516 0.2576912706 0.2474135246 0.2034454216 0.2188155668 0.2106384127 0.2658251143 0.2609671544 0.2706182842 0.2276510832 0.2844608856 0.2570617010 0.1666892345 0.2888595723 0.2482510035 0.2327116341 0.2267225758 0.2719737607 0.2263467944 0.2897425246 0.3029552253 0.3656371702 0.5481669513 0.6217013435 0.7312727268 0.8556912605 0.9164787325 0.9037327945 0.8692668953 0.6942786902 0.5659759283 0.4682039225 0.3141653621 0.2801562217 0.2434496960 0.2295750345 0.2742901030 0.2605664439 0.2622206114 0.2334157639 0.2143448901 0.2437014790 0.2121504020 0.2444953963 0.2540208898 0.1907026586 0.2858368929 0.3004879371 0.2585292893 0.2560955289 0.2164082544 0.2180473839 0.2134947090 0.2374589065 0.1555768515
0.2540273112 0.2380730543 0.2350358914 0.2434004571 0.1966491856 0.2279257926 0.1651619589 0.2423024436 0.2622140200 0.3406208920 0.4265196782 0.5069959842 0.6450507494 0.8134410159 0.9033642219 0.9161251027 0.9131884483 0.7167360293 0.5848496274 0.4217122252 0.3595667512 0.3009560311 0.2499351094 0.2420005631 0.2462588012 0.2306889539 0.2609140744 0.2179933462 0.2306524704 0.1801194321 0.1799334889 0.1948113766 0.2350959049 0.2483555155 0.2565878975 0.1894191199 0.2110776311 0.3057427674 0.1854586307 0.2049261860 0.1836340148 0.2051546402 0.2281267541 0.2170207546 0.2158635793 0.2805260459 0.3280220601 0.3629296573 0.5174274211 0.6404321301 0.8004590318 0.8616975983 0.9313084347 0.8840602828 0.7789813434 0.6658342779 0.5182433245 0.3954681206 0.2888448048 0.3113670981 0.2144627739 0.2648266828 0.2167371226 0.2502676386 0.1938758415 0.2250537071 0.2269832289 0.2483168577 0.2633816839 0.2463931216 0.2213418010 0.1859384659 0.2432080094 0.2140576979 0.2446174990 0.2462755406 0.2734353559 0.2377086350 0.2148306720 0.2285720285 0.1886343458 0.2541139801 0.2863523897 0.3342676529 0.3257032681 0.4768202712 0.6296694432 0.8172754902 0.8997506257 0.9722979590 0.8849601038 0.7701910166 0.6946728236 0.5640144510 0.3976512531 0.3112257546 0.2917963572 0.2182309093 0.1984355600 0.2170570733 0.2482881900 0.2038762795 0.2022292857 0.1718012741 0.2018479478 0.2657623543 0.2269652207 0.2512272177 0.2855306265 0.2609883186 0.2449816945 0.2130805886 0.2349828412 0.2536573080 0.2366396815 0.2133451979 0.2287975011 0.2502702550 0.2608661766 0.2487464349 0.3170287659 0.3972581355 0.5319825482 0.6010139601 0.7876842809 0.8821453932 0.9677645665 0.9388916418 0.8438112379 0.6927096856 0.5034715049 0.4524570130 0.3653816350 0.3047153855 0.2773735675 0.2256721333 0.2117604368 0.2579526296 0.2368460991 0.2260237913 0.2178120808 0.2498237771 0.1995371618 0.2288971978 0.2100402571 0.2483852799 0.2478481352 0.2165451580 0.2673507381 0.2009782664 0.2361826542 0.2663436924 0.2326333956 0.2224742396 0.2450536642 0.2021394053 0.3005049967 0.2721085391 0.3839623494 0.4656972060 0.5982906457 0.7670442638 0.9417113668 0.9772774040 0.9376288125 0.8537869061 0.6983944845 0.5260778422 0.4263943421 0.3245191981 0.2902138304 0.2440927617 0.2342175337 0.2284336825 0.2318292125 0.2308977937 0.2780691200 0.2440997860 0.2486040626 0.2223793236 0.2357168418 0.2414121593 0.2541778640 0.2853537506 0.1871983620 0.2159375693 0.2817334464 0.2596902593 0.2390066162 0.2549601117 0.2408433381 0.1857137662
0.2651511514 0.1884228436 0.1859291012 0.2158237483 0.2216389997 0.1616786303 0.2697042709 0.2736710087 0.2356816100 0.3517287044 0.3903119374 0.5078445556 0.6305548981 0.8395152360 0.8834011425 0.9425984970 0.8927218976 0.6784371353 0.6223099225 0.5021993751 0.3714485091 0.3430222701 0.2925193813 0.2672070167 0.2047905423 0.1994682507 0.2116691278 0.2408704465 0.2183912293 0.2394703461 0.2223287662 0.1852107508 0.2353299084 0.2276457720 0.2575838068 0.1971467378 0.2635948769 0.2051455722 0.2348176251 0.2222317664 0.2450745154 0.1947752417 0.2006143405 0.2219469924 0.2770189846 0.2358424906 0.3243505790 0.3913904649 0.4574818820 0.6305469932 0.7700458619 0.9068225421 0.9424357056 0.8954732073 0.8145218953 0.5746107490 0.5266421614 0.3549540880 0.2894144572 0.2805796444 0.2436478790 0.2289007369 0.2178138719 0.1933918025 0.2399605468 0.2262862402 0.1861352912 0.2113041218 0.1977691797 0.2376858028 0.1623538349 0.1758653590 0.2003627455 0.1779058565 0.2831190771 0.1932301378 0.2200117558 0.2131241671 0.1913075702 0.2153567674 0.2424823348 0.2737036026 0.2779503460 0.2852698301 0.3843649201 0.5072862207 0.6466062391 0.7714974363 0.8779260251 0.9497820820 0.9001411414 0.8020271613 0.6923093311 0.5317057474 0.3796743058 0.3107145810 0.2947241378 0.2177510616 0.2931153729 0.2456580829 0.1951544807 0.2079032270 0.2377937229 0.2138643511 0.2302930312 0.1915016982 0.2339961714 0.2239778368 0.2131031643 0.2366066543 0.1927263286 0.2125199646 0.2345181596 0.2220990303 0.2259611248 0.2603745654 0.1596695204 0.2050826716 0.2383654218 0.2967558738 0.2484707042 0.3615468722 0.4971675005 0.5688440102 0.7491354480 0.8567802638 0.9723596814 0.9759937577 0.8086391141 0.6542852117 0.5653831165 0.4082398502 0.2839421475 0.3009518799 0.2804881687 0.1946798352 0.2335464105 0.2078122630 0.2499628088 0.2422190393 0.2870976827 0.2331610740 0.1880175304 0.2017733293 0.2629894119 0.1858789266 0.2447803403 0.2461743690 0.2137176267 0.2756741175 0.2012189872 0.2210843699 0.1957862641 0.2110765062 0.2373668840 0.2222954239 0.2836002983 0.2629813554 0.3739213767 0.4933160527 0.6749503661 0.7436449007 0.8739236030 1.0000000000 0.9219703680 0.8779593824 0.6689075271 0.6035485239 0.4794437617 0.3332126116 0.2858453713 0.2811515515 0.2850244197 0.2421438527 0.2514395848 0.1932886221 0.2285646653 0.2281703925 0.1752938561 0.2261433349 0.2286657747 0.2604289329 0.2464283704 0.2471590398 0.1843741295 0.2045995059 0.1820008804 0.2529185740 0.2461797736 0.2481020856 0.2458344188 0.2736038176
0.2410544464 0.1856475940 0.2115953863 0.2164171360 0.2423262590 0.2328336300 0.2509501108 0.2255983273 0.2811250600 0.2650048976 0.4067724450 0.5318304409 0.6076293099 0.8097050582 0.9473665764 0.9468063388 0.8658358740 0.7647069659 0.6539906511 0.5151352213 0.3420535347 0.3077190120 0.3038267207 0.2192447101 0.2428067170 0.2244880538 0.1989342612 0.2194255132 0.1993454961 0.2153937165 0.2355748635 0.2444343726 0.2494273542 0.2153918842 0.2074042249 0.2075178137 0.1880957354 0.2636411790 0.2188007510 0.1817652620 0.2436611753 0.2601309449 0.2569215149 0.2678223262 0.1434521291 0.2475984811 0.2882164780 0.3861089601 0.4897422222 0.6863556266 0.7937275001 0.8901184253 0.9332432562 0.9086470676 0.7744835370 0.6598759293 0.5075424541 0.4019432680 0.2690905202 0.2919087293 0.2389070122 0.2479835034 0.1881721812 0.2333643939 0.2493429104 0.1839187180 0.1945064939 0.2322958610 0.2299973685 0.1754418088 0.1756620267 0.2343567670 0.2351175346 0.2218452175 0.2146926045 0.2187044764 0.1741261070 0.2858659194 0.1972825198 0.2209780649 0.2401246313 0.2429265457 0.2803246318 0.2837197034 0.2901885644 0.4804084315 0.6256778620 0.7893461838 0.8944180636 0.9568692549 0.9270103959 0.8084743802 0.6728175690 0.5234002030 0.4197078431 0.3060592554 0.2678972511 0.2389053902 0.2554553776 0.2379515666 0.2172490050 0.2418002444 0.2134224105 0.2204434659 0.2310282703 0.2112603838 0.1943822303 0.2149741802 0.1553778611 0.2225910670 0.1927109163 0.1796476977 0.2799177128 0.2522452666 0.2124784535 0.2372428006 0.1960164188 0.2706305857 0.2058960466 0.2506682327 0.3494837368 0.3516284597 0.4756346623 0.6382173702 0.7587794883 0.8934939599 0.9459436472 0.9441026727 0.8954650170 0.6822350755 0.5619595227 0.4224689181 0.3087280174 0.2431482848 0.2516384807 0.2269932941 0.2248731419 0.1934775475 0.2274415064 0.2285057701 0.1998972210 0.2572848710 0.1838178742 0.2274486247 0.2711687213 0.2526548289 0.2198382559 0.2984878618 0.2625574226 0.2313227710 0.2273300687 0.1908007322 0.2488188806 0.2544361621 0.2662709306 0.2785377758 0.2493854569 0.3178082791 0.3624034163 0.4562873697 0.5788616020 0.7490771425 0.8613527701 0.9338704142 0.9219350870 0.8205130169 0.7318764600 0.5232580268 0.4443433917 0.3132464262 0.3319855535 0.2497051382 0.2358852689 0.1985880160 0.2174843551 0.2744029481 0.2328601822 0.1940461756 0.1680898969 0.2052957967 0.2869409000 0.2498323010 0.1895657390 0.2226640403 0.1999319209 0.2532420932 0.2718435866 0.2146498892 0.2629345734 0.2393659275 0.2417942271 0.2313685006
0.2077503448 0.1934425640 0.1874516901 0.1910624619 0.1787384545 0.2417185463 0.1722987216 0.2237359452 0.2567459524 0.2596380500 0.3880742967 0.4902288237 0.6244784949 0.7970792130 0.8984496348 0.9250380492 0.8450676494 0.7726765235 0.6281262669 0.4773417906 0.3781138530 0.2837261423 0.2508549024 0.1925296491 0.2024476442 0.1663368805 0.2119591468 0.2499490847 0.2026457590 0.1703280329 0.2270747220 0.1897614987 0.2026448506 0.1988203950 0.1878028359 0.2429368437 0.1946165636 0.1668718286 0.2015415852 0.2102856502 0.2148223619 0.1958044677 0.2680456813 0.1813826831 0.2016774717 0.2628029892 0.2926505970 0.3911936098 0.4511172384 0.6551117205 0.8225474017 0.8618664524 0.9434054436 0.8594651883 0.7293006889 0.6365697620 0.4961835995 0.3563426331 0.3116462737 0.2803661889 0.2667033287 0.2030450363 0.1894861136 0.2392907783 0.2134983223 0.2460925941 0.2375877339 0.2225052942 0.1818699698 0.2232807310 0.1391127880 0.1967460416 0.2530646132 0.2087331577 0.2087987842 0.2052969078 0.2920238449 0.1985750465 0.2099520353 0.1950837340 0.2336947140 0.2347355100 0.2519684576 0.3292209266 0.3553208182 0.3971200486 0.5970028067 0.7293422813 0.8881224772 0.9031400906 0.9167582191 0.8352976549 0.6866624121 0.5029548181 0.4114029007 0.3282035589 0.2524746078 0.2961595015 0.2159241195 0.2063808080 0.2342038841 0.2366899108 0.2129132409 0.2226502403 0.2413981619 0.1733229195 0.2305107032 0.2089748440 0.1897521615 0.2157240103 0.1900005620 0.2137448461 0.1850282281 0.2255551865 0.2123054400 0.2075365654 0.2040316091 0.1995969097 0.3074887039 0.2671929451 0.3208947922 0.4013320771 0.4359502561 0.5807724437 0.7949044317 0.8899268055 0.9026130679 0.8796160188 0.7918106417 0.6875773889 0.5258771364 0.4678252559 0.3227066265 0.2474122165 0.2035978495 0.1892461125 0.1932650185 0.1820877944 0.2446733213 0.2191854132 0.2459169964 0.2091049360 0.2174102058 0.2015283342 0.1972616609 0.2290239965 0.1773123601 0.2127329842 0.2419765851 0.2324883676 0.1787461025 0.2068329987 0.2209763159 0.2388513162 0.2539860229 0.1974894591 0.2525362215 0.3472303240 0.3569883565 0.4428103538 0.5812663684 0.7652384324 0.8113971089 0.9346870173 0.9892792696 0.8489775045 0.6893428993 0.6053662272 0.4422018862 0.2946680121 0.2720565723 0.2948449348 0.2589581440 0.2280666099 0.2561947072 0.1932067299 0.1847050195 0.2093117163 0.1763729903 0.2497910919 0.2033389753 0.2090998960 0.2283946379 0.2313625757 0.2723634731 0.2341936466 0.2546139958 0.1904940544 0.2223250423 0.2685305004 0.2039567775 0.2087718381
0.1969625568 0.2290573626 0.2296702910 0.2603596853 0.1808526902 0.1899405401 0.2110874873 0.1517295760 0.2508040232 0.3126617310 0.3906051748 0.4820864026 0.6247475318 0.7631728207 0.8438343782 0.9007443064 0.8955106472 0.7570165743 0.5836396476 0.4915807530 0.3105318028 0.2860578596 0.2362593678 0.1934826024 0.1894744022 0.2308860724 0.1695723669 0.1946315972 0.2141551660 0.1868744261 0.2356441132 0.2608935102 0.1869173271 0.1910237441 0.1951731711 0.1914711638 0.1854065258 0.2145066020 0.1819561679 0.1737508186 0.1855223111 0.1650334656 0.1956047464 0.1799675881 0.1938751968 0.2421602375 0.2546370555 0.3773874080 0.4450002521 0.6528962592 0.7506256258 0.8726450393 0.9645508134 0.8500354342 0.7288878947 0.6246112829 0.5257123246 0.3829499966 0.3407346713 0.2435207067 0.1741475442 0.1765750217 0.2321880433 0.1873112368 0.2163259902 0.2035784255 0.2396932113 0.2182662415 0.2456333846 0.1900456018 0.2151043501 0.2373239794 0.2004645411 0.2393898489 0.1961844510 0.1560752726 0.1867274714 0.1839168712 0.1700766518 0.2503657218 0.2046337287 0.2053590990 0.1931888156 0.2688689651 0.3407381661 0.4403088280 0.5911295425 0.7646024144 0.8484843987 0.9260585281 0.8869600301 0.8127869515 0.6103708297 0.4369944549 0.4212438246 0.3637723256 0.2387537115 0.2322465967 0.2214746750 0.1622317227 0.1803010417 0.1969896304 0.2408403420 0.2302703619 0.2515463667 0.2586686571 0.1777596568 0.1960674922 0.1988648870 0.1939526549 0.1977212751 0.1618020587 0.2158040935 0.2008323389 0.2106245995 0.2033238108 0.2389441528 0.2080739219 0.1846009583 0.2610991341 0.2583260109 0.3302901891 0.4728522771 0.5766893486 0.7611740542 0.9055888760 0.9237307438 0.9223866044 0.7705052219 0.7250334247 0.5205804935 0.3616375332 0.3453383764 0.2633618462 0.2378304747 0.1389984461 0.2157617164 0.1407569306 0.1967490297 0.1978012055 0.2247681428 0.1905371120 0.2142432520 0.1675421427 0.2252526302 0.2377069531 0.1923283666 0.1913523585 0.1882852668 0.2690001176 0.2622673036 0.1742789826 0.2019112334 0.2233449931 0.2363738904 0.2673466265 0.2507790128 0.3587877356 0.3361046543 0.4567406186 0.5250351406 0.7342094396 0.8356158661 0.9444942595 0.9312581813 0.8241500488 0.7084681982 0.5099361411 0.4179857176 0.3043390730 0.2418941522 0.2093280632 0.1745364886 0.2255390748 0.1766773108 0.1748295237 0.1851861109 0.2073763554 0.1790362802 0.2047961123 0.2066023683 0.2180468924 0.1789805728 0.2430416964 0.1975149454 0.1844493239 0.2229145568 0.2266073085 0.1865404561 0.2395732087 0.2229295850 0.1933250041
0.1831114029 0.1312820188 0.2377209924 0.1963866502 0.2020221744 0.1308818838 0.2176235109 0.2552839677 0.2203319722 0.2912170686 0.3211853929 0.4793109891 0.6532184026 0.7607557266 0.8657837782 0.8969779233 0.8561619006 0.7669913313 0.5506927083 0.4606402654 0.3068683036 0.3342484939 0.2362998643 0.1984645617 0.1867388295 0.1818446314 0.2250892227 0.1777783675 0.1520574627 0.2206987926 0.1679905915 0.1795140738 0.2196185885 0.1854988422 0.1594464628 0.1735287198 0.1733868492 0.1588397710 0.1931033973 0.1837587809 0.1733327830 0.1968863308 0.1926442469 0.2512848828 0.2101974185 0.2393158068 0.2821147755 0.3944420662 0.4608157367 0.6188229577 0.7299514691 0.8618353816 0.8902494952 0.8661188978 0.8025152174 0.5780323666 0.4707866036 0.3706196972 0.3735807388 0.2650040043 0.2240390980 0.2058414859 0.1906475908 0.2204306724 0.1425328723 0.2021207714 0.1929997704 0.2152596496 0.1884546531 0.2475470884 0.1626434311 0.2249785337 0.1875276969 0.2119435835 0.1634348415 0.2050679902 0.2196128428 0.2317293308 0.1527157711 0.1834366455 0.2579664038 0.1625703514 0.2347019823 0.2718459023 0.3456562786 0.4743858507 0.6208709664 0.7387159075 0.9292295472 0.9405234452 0.8515207919 0.7758035733 0.6568770740 0.5249791429 0.3625139836 0.2695422800 0.1923713343 0.2191009141 0.1591715189 0.2168163870 0.1957309155 0.1975179828 0.2184193249 0.2187450177 0.1472013288 0.1650459513 0.1283474987 0.1916274513 0.1890279990 0.2420607171 0.2142102344 0.1291171638 0.2084619366 0.2264124978 0.2670437206 0.2044484269 0.2409553379 0.1834328531 0.2125153882 0.2038781606 0.2574894749 0.2924589897 0.4741604977 0.5401647351 0.7371246971 0.8686965737 0.9572830621 0.8777289902 0.8241207457 0.6675694983 0.5791646954 0.3636682445 0.2933466330 0.2510890029 0.2267660482 0.2140659947 0.2454870701 0.2139887981 0.1857590370 0.2304515553 0.1524341823 0.2074154348 0.1848833603 0.1428532349 0.1885598789 0.1844198120 0.2209667353 0.1686010609 0.2103849761 0.1523125435 0.2264519092 0.1794926932 0.1699624150 0.2568444025 0.1941849559 0.2134855862 0.2038407506 0.2588659524 0.3471421809 0.4221363077 0.5404728861 0.6833802909 0.8258536860 0.9451930535 0.9320462725 0.8096593119 0.6672286647 0.5775950468 0.3546927702 0.3346927400 0.3036606505 0.2520801144 0.3080007235 0.2281027934 0.2168293513 0.2473254611 0.1913436337 0.2203054669 0.1815137202 0.1536826976 0.1991071487 0.2167026364 0.2184019037 0.2389149101 0.1887762297 0.2386129101 0.1958903343 0.2476867539 0.2177309179 0.1799396924 0.1570484049 0.2154401144
0.2072086360 0.1849029856 0.2497198959 0.2102445762 0.1806982755 0.2009615496 0.1800877867 0.1742502062 0.2749983904 0.2753394758 0.3518518914 0.4683494705 0.6389888816 0.7749269905 0.8523074694 0.9235785614 0.8288161248 0.7920858394 0.6113710565 0.4321645289 0.3054150515 0.2711119733 0.2101854828 0.1808469805 0.1904137151 0.2254183910 0.1883213766 0.2360384027 0.2159394291 0.1356470633 0.2061845441 0.1912014666 0.1326299456 0.2094675652 0.2115928435 0.1677959423 0.2206660804 0.2082934284 0.1462034653 0.1914505198 0.2142365884 0.2075622235 0.1979621784 0.1876856735 0.1882982753 0.2669263209 0.2134584123 0.3687647968 0.4453343405 0.6447604553 0.7263150299 0.8225958334 0.9266437641 0.8524181110 0.7789436605 0.6065232054 0.5044662377 0.3546786078 0.2824772294 0.2269648076 0.2052391560 0.1912889789 0.1392226291 0.1647255268 0.2395922047 0.1913521837 0.1844098503 0.1656234083 0.1988661325 0.1697385857 0.1593681191 0.1386530109 0.1778559520 0.2116849401 0.2009642875 0.2054794652 0.1711444415 0.2013612310 0.1891469594 0.2421358033 0.1660064534 0.1858375648 0.2300650558 0.2842156786 0.3077875757 0.4437566363 0.5821077977 0.7260930700 0.8565226600 0.9308690428 0.8922666010 0.7945783713 0.6737723857 0.5136799645 0.3379710387 0.2907422548 0.1765769224 0.2153564848 0.1420005076 0.2187357918 0.1946056424 0.1745593252 0.1648123247 0.1720642825 0.2570511905 0.1977734580 0.1973754482 0.1574858674 0.1745722637 0.1773310738 0.2102823457 0.1582086486 0.1527983947 0.1871911559 0.1890588265 0.1756105912 0.2526879081 0.1736135267 0.1701238383 0.2008333073 0.2837999142 0.2989989536 0.4604565755 0.5667376179 0.6923433679 0.8073666064 0.9140207275 0.8999202399 0.8252180925 0.6361473888 0.5369265830 0.4792726973 0.2867112815 0.2453983636 0.2069243893 0.1784112233 0.1881340910 0.1549835639 0.1669882400 0.2418639332 0.1922427543 0.2151014648 0.1723084685 0.1939410302 0.1907592745 0.1714111076 0.2194019286 0.2173649292 0.2052106902 0.1960649358 0.2012481547 0.1528410077 0.2250802803 0.2182606979 0.2164211325 0.2310629871 0.2283746549 0.2092023789 0.3428181834 0.4361392752 0.5549139883 0.7054279639 0.8150580398 0.9258013793 0.9078296352 0.8157658103 0.6828887201 0.5774796492 0.4352364181 0.3088172973 0.2630367355 0.2397992594 0.2095541903 0.1725686568 0.1871322570 0.2157794542 0.2417164544 0.2306047147 0.1584204824 0.2090898422 0.2035832622 0.2003605589 0.2191073370 0.2024480645 0.2303551598 0.2294465768 0.2223564047 0.1944915622 0.1810900745 0.1684177299 0.1914841325 0.1536229742
0.2316731413 0.1529308799 0.1580732430 0.1534321148 0.1712820510 0.1870985472 0.1630945758 0.2084478477 0.2228563759 0.2727208196 0.3431369771 0.4627553759 0.5936984863 0.7760105438 0.8301237019 0.8465198776 0.8580563539 0.7880889405 0.6125061169 0.4440583690 0.3342335688 0.3057975791 0.2561920497 0.1793654168 0.1612083058 0.1928375039 0.1657849008 0.1502192760 0.1464886540 0.2048532947 0.2367736114 0.1556092434 0.1453321175 0.2013019853 0.1871187613 0.1977141936 0.2043482633 0.1682599933 0.2034933578 0.1927452192 0.1921787968 0.1638898733 0.1762980390 0.2192237504 0.1803940701 0.2363913511 0.2544586243 0.3142184365 0.4429635965 0.5836329919 0.7529672976 0.8568976163 0.8832984657 0.9064668547 0.7856782192 0.6676858371 0.5164990752 0.3932405070 0.2433349403 0.2773781680 0.2173507762 0.2054005984 0.1851085624 0.1474467291 0.1706790081 0.1634401529 0.1874120365 0.1873640182 0.2017109925 0.1534173072 0.1662903710 0.2189361870 0.1838804868 0.1783449585 0.2224541930 0.1456364432 0.1300768896 0.2048094514 0.1787571955 0.2009598782 0.1977750506 0.2073130724 0.2516183383 0.2212521652 0.3295897866 0.4611995623 0.5713617879 0.6936820729 0.8841710486 0.9251545463 0.9039730558 0.8044220867 0.6232639930 0.4628768647 0.3794883414 0.3193886300 0.2173329510 0.1753692093 0.2145380187 0.1434374902 0.1324434438 0.1752751893 0.2235845897 0.2087278092 0.1651453427 0.1890889799 0.1657204227 0.1811244235 0.1573170368 0.2309061215 0.2123245712 0.1758450834 0.1624658104 0.1872386347 0.1860188044 0.1770630364 0.2029480116 0.1851330426 0.1717951774 0.2533407436 0.2543398449 0.3407808009 0.4795051731 0.5799529356 0.7514241882 0.8288286690 0.9338013190 0.8647288941 0.7758203281 0.6829651800 0.4945458964 0.3777502125 0.3057820580 0.2535919623 0.2270417877 0.2356140857 0.2103676673 0.2400143693 0.1906657018 0.1895668332 0.2241319879 0.2317617700 0.1942934579 0.1752308955 0.2058725815 0.1540633436 0.2201407894 0.2517655052 0.1728320291 0.1638469626 0.1867688125 0.1506819879 0.2018453614 0.2157534316 0.1363169894 0.2552522448 0.2156731406 0.1976360363 0.3273220326 0.4759387135 0.4920731477 0.7061518884 0.7976491910 0.9379476810 0.9077316482 0.7929684061 0.7159491984 0.5644860294 0.4082945649 0.2631340604 0.2808275060 0.2220226412 0.2506096359 0.1313687440 0.2239650515 0.1877541817 0.1735311756 0.2081106450 0.2105585932 0.1951642760 0.2067172556 0.2349076167 0.2442394755 0.2346667038 0.2178873400 0.2054514480 0.1699121907 0.2218258345 0.2417500632 0.2042706719 0.1866718609 0.2093073505
0.2115970709 0.2693769586 0.1370051765 0.1790965360 0.2420448434 0.2158614898 0.1902494288 0.1962472607 0.1872864212 0.2762273367 0.3415140419 0.4623572958 0.5697426353 0.7440230028 0.8874022668 0.8275507082 0.7804786452 0.7235673058 0.6778004451 0.4776837483 0.3771133825 0.2605632046 0.2266472363 0.1875881235 0.1438994427 0.1731818469 0.1982901649 0.1587830272 0.1614883704 0.1552743817 0.1733287604 0.1080574145 0.1893927592 0.1746150999 0.1780978915 0.1585904695 0.1556422680 0.1765349275 0.1578770388 0.1718359771 0.1715560023 0.1892500570 0.1609556105 0.1708648198 0.2059535989 0.1894404635 0.2947337444 0.3545583218 0.4042340606 0.5571757347 0.7274536497 0.8821721574 0.8914108173 0.8623710751 0.7452152520 0.6155123568 0.4606691837 0.4021551517 0.2728300954 0.1800948810 0.1695110843 0.1500717341 0.1776065800 0.1531975086 0.1375295537 0.2077491280 0.1748525800 0.2023788676 0.1734941968 0.2141357342 0.2015435506 0.2109034143 0.1758167399 0.1633629224 0.1611308832 0.2019218340 0.1896048237 0.1831177323 0.1167614406 0.1381797321 0.1546120892 0.2798532557 0.2322758063 0.2584776937 0.3003142181 0.4875216066 0.5152485123 0.6991475808 0.8413434054 0.9107462481 0.8805694645 0.7884238811 0.6792788366 0.5558459967 0.3766844494 0.2531217056 0.2230991506 0.2297466898 0.1520507292 0.2138585674 0.1804786901 0.1827687044 0.1596342421 0.1568855495 0.2060950166 0.2113116655 0.2164502224 0.2332358178 0.1931966354 0.2072713981 0.1828007339 0.2113086900 0.2230296095 0.1640513151 0.1746208982 0.1239840515 0.1861904379 0.1911415244 0.1891485148 0.1828575374 0.2678521831 0.3700244217 0.3907903074 0.5332699065 0.7624762928 0.8487234912 0.9540581461 0.8963725514 0.8362356441 0.6870756091 0.5364689892 0.4518642401 0.2767369792 0.2429129453 0.1643293390 0.2154615314 0.1639527777 0.1662196620 0.1740466588 0.1835438177 0.1947174188 0.1511146690 0.2345368364 0.2017651663 0.2210523902 0.1607415735 0.1856215602 0.1922926936 0.1806467562 0.1571706624 0.2006502933 0.2149200052 0.1414851138 0.1685689325 0.1272271692 0.2114551194 0.1947105521 0.3120309021 0.3174899215 0.4006472339 0.5424926529 0.6735773378 0.7771738800 0.8562602027 0.8772637957 0.8267515225 0.7330417881 0.5796030259 0.4428893622 0.3143453119 0.2815589081 0.2586284259 0.1903773864 0.2070859296 0.2680053479 0.2667041105 0.1889267436 0.2267530485 0.1647825735 0.1530148146 0.1924533357 0.2099956215 0.2234131357 0.2304029519 0.1811236671 0.1669957649 0.2050302363 0.1798914803 0.1764532437 0.1657618968 0.1986060623 0.1518329751
0.1255803423 0.1962993901 0.1860777540 0.1782401805 0.1693738689 0.1877427657 0.1244395919 0.2110281509 0.1710673748 0.2628483526 0.3327983093 0.4268490352 0.6268874354 0.7647442798 0.8289713712 0.8884869041 0.8527351744 0.7898832537 0.6062246163 0.4968054092 0.3236117670 0.2833438258 0.2625207015 0.1746920007 0.2098449291 0.1748485562 0.1594056054 0.1768090512 0.1416621053 0.1969435119 0.1604396945 0.1944982069 0.1824931624 0.1839387793 0.1391315393 0.1233695283 0.1974780177 0.2217172487 0.1638531083 0.2232789956 0.1765172264 0.2026824468 0.1888845727 0.2283075575 0.1951213117 0.2379968831 0.2981918434 0.3028966900 0.4303240743 0.5969249645 0.7325475992 0.8100500178 0.8858821475 0.8903829582 0.7923906506 0.5969677158 0.4993503812 0.3539908521 0.2811467618 0.2645402955 0.2305150945 0.1806903701 0.1612230277 0.1886378837 0.2197119562 0.1793487991 0.1662366203 0.1213614932 0.1879367556 0.2107968616 0.2232646922 0.1850908817 0.1653879909 0.1547864803 0.1706529433 0.1895223652 0.1762445186 0.1762193687 0.1773695054 0.1871403180 0.1739710321 0.2257200721 0.1676495123 0.2685513193 0.3154339199 0.4341418122 0.5194741498 0.7141234326 0.8617746045 0.8664897644 0.9195002099 0.7678161539 0.6699229597 0.5195364632 0.3416708813 0.2335563278 0.2469534415 0.2041171114 0.2370348522 0.1627540245 0.1979738839 0.1648371245 0.2197232715 0.1786497495 0.1562916311 0.1859587321 0.1573431425 0.2138022247 0.1610315317 0.2037867795 0.1756913465 0.1853892685 0.2076309467 0.1798405116 0.1766007338 0.1756847921 0.1675317750 0.2076323086 0.1343992717 0.2699638333 0.2353452757 0.3437282656 0.4341478344 0.5296500865 0.6931233416 0.8471694102 0.9587910184 0.9024943751 0.7550188542 0.6230861102 0.5115109422 0.3828260432 0.3012366162 0.2064039236 0.2876243195 0.1600385714 0.1593494030 0.1868722866 0.1359505349 0.1780466529 0.1809160944 0.2450053660 0.1885479158 0.1893896741 0.2208157737 0.2032178456 0.2079431953 0.1457241608 0.1899296717 0.1562876579 0.1821627225 0.2385327650 0.1955188610 0.1823022596 0.1794464425 0.2029880925 0.2268719527 0.2476553695 0.3450742910 0.4402797617 0.5331475054 0.7009757794 0.7956369814 0.8911415830 0.9288108262 0.8117907359 0.7045779304 0.5420165818 0.3784009007 0.2823568604 0.2709525202 0.1794461616 0.2832296312 0.2113811336 0.2100024665 0.1775771762 0.2366472331 0.1899397507 0.2150665908 0.2109924918 0.2307969364 0.2589971629 0.1703052679 0.1947913608 0.1810735388 0.2014135746 0.1643638821 0.2191001787 0.1872810369 0.1605424638 0.1993458630 0.1811063650
0.1700202828 0.2147637852 0.1764066269 0.1967312336 0.2178183391 0.1878854970 0.1646164041 0.2026426860 0.1717227671 0.2065798823 0.3776427036 0.4836937023 0.5826041652 0.6967644910 0.8879280766 0.9158551439 0.8748837852 0.7361673254 0.5674370838 0.4343572385 0.3710444967 0.2656074485 0.2215796710 0.1653817189 0.2185316669 0.1914864861 0.1587003289 0.1807485313 0.1948902160 0.2030802884 0.2023118399 0.1800204181 0.1814143566 0.1954731560 0.2005366551 0.2435943628 0.1797512431 0.1310366014 0.1370479650 0.2076852946 0.1636449166 0.1715651913 0.1942104639 0.1851505325 0.1637148516 0.2813948382 0.2537110333 0.3514300164 0.4149856007 0.6119864282 0.7276229103 0.8408455147 0.9003569071 0.8237020067 0.7735841956 0.5753742734 0.4985306628 0.3678146446 0.2476850466 0.2546126972 0.1940259667 0.1598051528 0.1752712527 0.1919544729 0.2198198235 0.1504855616 0.1927762371 0.2070067547 0.1658562207 0.1576373657 0.1891559974 0.1971687798 0.2467122699 0.1432365709 0.1853707712 0.1673740675 0.1187098438 0.1876291874 0.2001363840 0.2092116980 0.2012968109 0.2107649542 0.2692403445 0.2561780242 0.2815875447 0.3933186724 0.5894692859 0.6842500245 0.8440582929 0.9118052146 0.9123135933 0.7980275619 0.6531360409 0.5342649838 0.3904091390 0.2581702841 0.2745803069 0.2039671467 0.2188670329 0.1972908567 0.1557332167 0.1947913105 0.1354254088 0.1909350384 0.1848108624 0.2111660733 0.2329776064 0.1639013419 0.2587900846 0.1923575823 0.1472928593 0.1629360272 0.2272183998 0.1814476780 0.2135081872 0.2148926129 0.1709702084 0.2188269891 0.2014908051 0.2253226964 0.3127153621 0.2888486698 0.3753913211 0.5407487755 0.6904631681 0.8462853889 0.9191289666 0.9387980171 0.8029238701 0.6496361885 0.5474417017 0.3967808572 0.2975006626 0.2421100779 0.1631932303 0.1742466125 0.2441608522 0.2095564536 0.2119414559 0.2020057039 0.2054000844 0.1965863166 0.1393586504 0.1989315404 0.1757964302 0.2150069453 0.2229069869 0.2332444182 0.1826612944 0.1953732113 0.1963272803 0.1873962655 0.1689238101 0.1563258694 0.2378649374 0.1722234281 0.1970898630 0.2461131577 0.3070483025 0.3991614938 0.5716068349 0.6714541862 0.8241670810 0.9283053401 0.9310259895 0.8928123517 0.7029279667 0.5618797998 0.4186952460 0.2798423560 0.2716543702 0.2209536494 0.1921439567 0.1433617299 0.1917007279 0.2232789795 0.2189793245 0.2243077644 0.2243527228 0.2063934107 0.1973906930 0.1944697018 0.1856664799 0.1906135329 0.1861224535 0.1948711590 0.2126078662 0.1728096397 0.1947323052 0.1966882752 0.2435065929 0.1619508471
0.1289684734 0.1756762068 0.2414210230 0.1496411503 0.1259875221 0.1649156961 0.1524513369 0.1796167709 0.1922493329 0.2661700581 0.3019135536 0.4810954029 0.5837662987 0.7554383602 0.8119976804 0.8743605107 0.8562640678 0.8228951651 0.5828917660 0.4769278711 0.3350623112 0.2854639262 0.2440296398 0.1893747310 0.1691603146 0.1627603751 0.1808894742 0.1810823729 0.1502445183 0.1993898619 0.1775600411 0.2321266958 0.1933508984 0.2252160223 0.1462365602 0.2671051888 0.1911070637 0.1363512544 0.1853120805 0.1184613081 0.2511260936 0.2020573557 0.1614367628 0.1902820971 0.2121966717 0.2323125532 0.2472502952 0.3231372118 0.4157134973 0.5670698938 0.7653982100 0.8332957272 0.9058601738 0.8792608841 0.7636617401 0.6752402667 0.5036729119 0.3663924771 0.2985632586 0.2231737832 0.1863897934 0.2080606008 0.2414728547 0.1380911972 0.1410392865 0.1714747475 0.1456360548 0.2139128944 0.1917464299 0.1539029496 0.2135436536 0.1750997786 0.1868211946 0.1678747870 0.1501034862 0.1830839389 0.2120969937 0.2212434195 0.1792069529 0.1542380686 0.2113294215 0.1934854900 0.1796959132 0.2847798659 0.2905319325 0.4468486344 0.5563310121 0.7292340668 0.8089377525 0.9136414613 0.8776011082 0.8025657482 0.6444220174 0.4850495924 0.3670904280 0.3371495249 0.2654528041 0.2287900798 0.1584777359 0.1824911618 0.1977159376 0.2266154026 0.2077724975 0.1406398384 0.1815279024 0.2179142660 0.2484352383 0.2292799607 0.1572234731 0.2247009984 0.1633610339 0.2121846996 0.1940187786 0.2081918484 0.1357923105 0.1966184330 0.1946826465 0.1719773056 0.2101928912 0.2220964816 0.2683103287 0.3397159960 0.3860529901 0.5189485413 0.6936105076 0.8383729694 0.9211309573 0.9056096612 0.8350983458 0.6524970138 0.5317324425 0.4355630188 0.3063134586 0.2876874765 0.2008772333 0.1761104263 0.1941639276 0.1857554701 0.1451058190 0.2114309072 0.2192220708 0.2017702865 0.1565846914 0.2245255091 0.2283137351 0.1577311380 0.1712521219 0.1436141604 0.2110568015 0.1681254233 0.1791446246 0.1923301290 0.1725636234 0.1867727966 0.1871388895 0.2093824271 0.2656148922 0.2459614633 0.3273956096 0.3889015170 0.5289006195 0.6905153579 0.8114091882 0.8938101986 0.9097444761 0.8409100749 0.6907276970 0.5977203391 0.4244095370 0.3160942412 0.2827111377 0.2443767199 0.1910549414 0.1828923970 0.1908752743 0.2157957338 0.2306578548 0.1266790753 0.1546817178 0.2189845170 0.1877678785 0.2136682946 0.2663112202 0.1968468706 0.1863380851 0.1998508942 0.2157798424 0.2602599249 0.2144437258 0.2356291079 0.2662390034 0.1774243319
0.1911284391 0.2061617625 0.1723872704 0.1552043762 0.1672388447 0.1867302493 0.2377321360 0.1903017124 0.1850666373 0.2696608254 0.3608821284 0.4107493510 0.5935244033 0.7526857623 0.8835815418 0.9139891374 0.8525482080 0.7863568720 0.6164622715 0.4810566798 0.3265387359 0.2505896585 0.2633443619 0.2236995522 0.1567944927 0.2334887901 0.2148391503 0.1864502550 0.1986476130 0.2436896430 0.1850049251 0.2167371843 0.1920903968 0.1894621266 0.1509772848 0.2035709017 0.2384009511 0.1652144366 0.2399860034 0.2022153880 0.1994763875 0.2198723620 0.1724731591 0.2450347686 0.2126848210 0.2320148611 0.2191903320 0.3090094760 0.4807344384 0.6197056258 0.7762773529 0.8551982163 0.9626466393 0.8781732325 0.7210316589 0.6621891991 0.4388921134 0.4124362478 0.2494885152 0.2561253366 0.1984045499 0.2115371832 0.1369631349 0.2000631833 0.2097183970 0.1913398016 0.1471368850 0.2432634148 0.2236848662 0.1968835914 0.2247526208 0.1900361052 0.1874643746 0.1715035821 0.2126659907 0.2171598767 0.1868199212 0.2023148206 0.2296978498 0.1986472914 0.1500677551 0.2375229507 0.1990358958 0.2655037177 0.2781781270 0.4726346581 0.5424762357 0.7466500032 0.8701004241 0.8634551242 0.8967244205 0.8848105530 0.7010521374 0.5232049642 0.3578275473 0.3043021044 0.2449479154 0.1619751409 0.2485869857 0.1876478987 0.2254421434 0.2191616433 0.1698784168 0.1942664888 0.2229457432 0.1581723768 0.2131390037 0.2072248117 0.1595917868 0.1967844538 0.2241385753 0.1623105169 0.2373770827 0.1304610618 0.2482109146 0.2288113995 0.2064267577 0.1641184818 0.1934860933 0.2451476015 0.2754337808 0.2869953474 0.4122832166 0.5367164499 0.6924480016 0.8771122095 0.9238014525 0.8903862638 0.8258357114 0.7201024458 0.5174309218 0.3688491928 0.3434022999 0.2552703318 0.2961209165 0.1972208016 0.2179841121 0.2345667107 0.2159581415 0.1859899128 0.2289540826 0.2045995494 0.2272395570 0.1906706954 0.2558768577 0.2345559546 0.1179322210 0.2252446772 0.1664756653 0.1972662317 0.1687703321 0.2037801188 0.2158945887 0.1904579568 0.1986971806 0.1963740347 0.2233986067 0.2496166976 0.2987531135 0.3753936721 0.5365443492 0.7235106567 0.8721828687 0.8877689823 0.9650556538 0.7753446723 0.6870936284 0.5239264650 0.4739007610 0.3275670199 0.2625184260 0.2469568492 0.2158987136 0.2070993818 0.1752462687 0.2237881281 0.2051891564 0.1755979616 0.2316982364 0.1743538859 0.1783370304 0.1987218974 0.2298771987 0.2238473303 0.2676651359 0.2093546383 0.2029362816 0.1978290144 0.2257973807 0.2681066230 0.1886114638 0.1734673372
0.2580281144 0.1703512022 0.2082794240 0.1973131071 0.1880349118 0.1645508672 0.2218888149 0.2246942189 0.1927415084 0.2547616879 0.3539551447 0.5257976760 0.6043024893 0.7355902631 0.8725752434 0.9064795930 0.9138773173 0.7397083848 0.6382569069 0.4793165709 0.3855077372 0.3026260623 0.2426428683 0.1960034623 0.0991274838 0.2316580227 0.1734708185 0.2134216059 0.1916692193 0.2010071124 0.1923018368 0.2480047815 0.1760798615 0.2017933643 0.2481770548 0.2041310391 0.2276874993 0.2121716445 0.2011255124 0.1976492607 0.1912352570 0.2268744769 0.1868478490 0.2091170047 0.1850550190 0.2228436586 0.2580186786 0.3645134424 0.4659567103 0.5660626447 0.7220126249 0.7742245367 0.8497067168 0.8914130330 0.7794537583 0.6832469919 0.5709215811 0.4276243576 0.3130620720 0.2797323266 0.2615025963 0.1709276464 0.1338481714 0.2289209577 0.1554229413 0.2206910714 0.2232687195 0.2355506879 0.2405009266 0.2145281371 0.2275945812 0.2042974647 0.1998878527 0.1881749424 0.1875386610 0.2128588085 0.2175396063 0.2228240497 0.1688033905 0.1796477596 0.2013766769 0.1912160466 0.2454029409 0.2361932643 0.2962861784 0.4395350829 0.5293553591 0.6869518362 0.8641239693 0.9408786581 0.9572651224 0.8071927902 0.6876139051 0.5482806391 0.4066181704 0.3376992237 0.3027142926 0.2120249868 0.2280867709 0.2026419226 0.1572730349 0.2054251567 0.2156965468 0.2481199645 0.2419463299 0.2003696718 0.2428330644 0.1649920240 0.2204783350 0.2186755957 0.1858713373 0.2084615887 0.2215550940 0.1702540926 0.1799186638 0.1413051336 0.2160869272 0.2012212466 0.2462171135 0.2586444699 0.2815027729 0.3017626731 0.3987263044 0.5615043841 0.6949392649 0.8211004801 0.9070703841 0.9232773854 0.8054789731 0.6598932112 0.5583475748 0.4651919415 0.3505700575 0.2703771606 0.2338839650 0.2137388237 0.2519018865 0.2286392450 0.2164039385 0.2354916618 0.1602268331 0.1792117005 0.2331053021 0.2435074343 0.2041236915 0.2264764942 0.2691756001 0.2518795041 0.2040660562 0.1968340057 0.2793021080 0.2760309699 0.2066092250 0.2059149804 0.1866955134 0.2279461161 0.2325603809 0.2723305241 0.3645359141 0.4030455523 0.5162709728 0.6924421392 0.8035167369 0.9372415186 0.9008381164 0.8807809515 0.7637612145 0.5749272124 0.4391254860 0.3420953313 0.2154655470 0.2298246396 0.2296953967 0.2149693066 0.1945301739 0.2214485318 0.1760705588 0.1988747101 0.1962266517 0.2081185763 0.2042030148 0.1904086069 0.1800380429 0.2015804629 0.2088084678 0.1940700717 0.1810955459 0.1850587242 0.2054330744 0.1802621013 0.1719808459 0.2033608051
0.2036545825 0.1670422024 0.1765106898 0.1463666632 0.1769515050 0.2097366603 0.2263856818 0.1675291336 0.2196180968 0.2306170042 0.3258077521 0.4834775843 0.5983309105 0.7254794346 0.8562483812 0.8975147819 0.8989767352 0.7552550535 0.6443621407 0.5133083988 0.3528016460 0.2740817124 0.2737125052 0.2135676243 0.2682226781 0.2454015962 0.2249827792 0.2042484169 0.2139309188 0.1757346363 0.2176243043 0.1923095638 0.1629356615 0.1515787593 0.2075332498 0.1677524711 0.2004467616 0.1945062941 0.2202407199 0.1876655554 0.1957758308 0.1825297770 0.1976249137 0.2320969836 0.2178700227 0.2180746846 0.2560660782 0.3828098526 0.4400657993 0.5555451320 0.7338826105 0.8468960939 0.8541650683 0.9546433075 0.8382979834 0.7297706343 0.5508707296 0.4096919017 0.2549039116 0.2341976793 0.2036076603 0.1936258533 0.1700864433 0.1635736816 0.2243240541 0.1523448336 0.1464604966 0.1796546799 0.1912725220 0.1589047791 0.2196961605 0.2258603230 0.1975409143 0.2382372552 0.1829476474 0.1544627748 0.2179067031 0.2349219370 0.1909918600 0.2291450326 0.2840194543 0.2039216274 0.2108837540 0.2990139146 0.3188942103 0.3993015319 0.5224452459 0.7099623102 0.8997950244 0.9332793986 0.9480221932 0.8212798743 0.7112602606 0.5963940987 0.3903435917 0.3536242061 0.2789549534 0.2309142383 0.2673214258 0.2240604895 0.1777356386 0.2589018202 0.2653633642 0.2609263067 0.1959010702 0.1352265359 0.2249747520 0.2230505719 0.2062656813 0.2339976971 0.2152276769 0.2391826512 0.2091976193 0.1760803966 0.1823637767 0.2194494869 0.2096957934 0.2520905705 0.2448811709 0.2179627877 0.2612263798 0.3636626333 0.4293123060 0.5171729958 0.6834530213 0.8299364262 0.9474045360 0.8992045445 0.8537718646 0.6933744722 0.5443896052 0.4502470336 0.3225785662 0.2375383982 0.2238858628 0.2188640234 0.2277374414 0.2343706318 0.2027249865 0.2403751068 0.2371460898 0.2335502942 0.3049873942 0.2328161498 0.1809069900 0.2337447174 0.2120866172 0.1851858206 0.2514499033 0.2133919017 0.2273637135 0.2539074841 0.2199607834 0.2486866711 0.1988152978 0.2757603862 0.2311814874 0.2663703443 0.3535568919 0.3698208553 0.5424866384 0.6990726922 0.8142287418 0.9584124487 0.9502703667 0.8493087494 0.7380780710 0.5637121360 0.4182005628 0.3589943357 0.3128346144 0.2033368229 0.1972199524 0.1832394518 0.2037614704 0.1964419419 0.2141844241 0.2352014917 0.2478515039 0.1965497675 0.1977976653 0.2026020542 0.1943664863 0.2293780397 0.2459270722 0.2109640243 0.2027065911 0.1865132684 0.2025846144 0.2151816533 0.2148955443 0.2648793326
0.1994052724 0.1281130813 0.2344137743 0.1975796894 0.2357083848 0.2223045311 0.2173933469 0.2599736466 0.2477006897 0.2719175876 0.3925662734 0.4638154919 0.5729377761 0.7363939957 0.8509529196 0.9512781130 0.8319181496 0.7934594533 0.6097903253 0.4769442668 0.4136478017 0.3175829849 0.1942055717 0.2325759598 0.2598575303 0.2669122171 0.1595824767 0.2181960624 0.1715100471 0.1669069198 0.2271214436 0.2318482766 0.1759500169 0.1506129924 0.1784211822 0.1837029161 0.2429258605 0.2095150342 0.2413321445 0.1799735775 0.2006878145 0.2214172747 0.1942563057 0.2331713925 0.2186382794 0.2843136776 0.2706220889 0.3043236667 0.4684777649 0.5373378472 0.7628528213 0.8470096109 0.9240160231 0.9230849345 0.8271999387 0.7124744018 0.5171496084 0.4290830587 0.3015491544 0.3180520452 0.2261441423 0.2044373766 0.1922013910 0.1994086870 0.1805609883 0.2062273444 0.1789821410 0.1925010477 0.1983746678 0.1725573429 0.2153026692 0.2517791999 0.2206938993 0.1669330820 0.1623124826 0.1757148469 0.2444215157 0.1945112463 0.1935751371 0.1345262370 0.1737248144 0.1957403727 0.2084133162 0.2030290109 0.3282588423 0.4493907305 0.5595583618 0.7360496648 0.8527399648 0.9267356721 0.8913977391 0.8591453697 0.7291542563 0.5809087377 0.4227143165 0.3349405334 0.3188193316 0.2689184012 0.2076785050 0.2166151037 0.1870789362 0.2890872717 0.1709155893 0.1940189467 0.1753678914 0.2053137550 0.2157297549 0.2197372820 0.2155182863 0.1828550234 0.1935798484 0.2196028867 0.1574209282 0.2552993753 0.1905455319 0.2324196609 0.1816929478 0.2344021795 0.2847865500 0.2290586436 0.2700205316 0.3158850933 0.4593856218 0.6008608894 0.6675979990 0.8641358954 0.9368375229 0.9349249595 0.8499959975 0.7126030578 0.6203984290 0.4714220824 0.3335544823 0.2411180069 0.2195804066 0.2302573161 0.2607811668 0.2279565109 0.2004361324 0.2023331136 0.2033953622 0.1828887367 0.1930241455 0.2078018763 0.1905598872 0.2397185774 0.1420620530 0.1921352887 0.2207194463 0.1719587309 0.1980593583 0.1938703960 0.1952797995 0.2249358655 0.2340472167 0.2162135700 0.2179042854 0.2749224363 0.2977540301 0.4240803019 0.5605776797 0.6165613255 0.8406358513 0.9189414092 0.9958795037 0.8945409631 0.7374429798 0.5491158942 0.4824198892 0.3576347795 0.3110776629 0.1845451978 0.2619317288 0.1781924027 0.2277968922 0.2149505876 0.2427871649 0.1966227076 0.2115543957 0.2292556921 0.2093185438 0.2364600343 0.2054428376 0.2354117826 0.2132611630 0.2319577687 0.2078949809 0.2013431611 0.2899333515 0.2026804910 0.1987829178 0.2373891014
0.1811799078 0.2050700156 0.2617139033 0.2022682385 0.1851970551 0.2175767267 0.2060564695 0.2223579230 0.2213901452 0.3156807982 0.2785776238 0.4593755498 0.5831922754 0.7595571706 0.8642296410 0.9014449646 0.8463351220 0.7870548222 0.6359347804 0.5250270315 0.3769273812 0.3136020501 0.2800030469 0.1904787156 0.2037875649 0.1951721651 0.2341854026 0.1720504323 0.2025088569 0.1569613960 0.2051730805 0.1879910054 0.1748783962 0.2226425330 0.1935799494 0.1614538461 0.2069381789 0.1812631296 0.1659675942 0.1617818904 0.1974447349 0.1910719139 0.2169356090 0.1589589079 0.2083823795 0.1675432737 0.3128385428 0.3807749530 0.4423851065 0.5866928433 0.7264694594 0.8349222909 0.9137431098 0.8911238103 0.7872552912 0.7014094498 0.5539338155 0.4193722755 0.3441216203 0.2633632846 0.2203455654 0.2356856531 0.2449276060 0.2168905399 0.1730835976 0.1924259081 0.1737380462 0.2144622720 0.2323570283 0.2013878071 0.1841191898 0.1920792395 0.2397273991 0.1975517575 0.1671608203 0.1920399045 0.1882974789 0.2379754428 0.2131407188 0.2033991662 0.2371603835 0.2792653647 0.2371465241 0.2874289874 0.3788378251 0.4614816615 0.5638170401 0.7007744964 0.8349962407 0.9407893818 0.9224296008 0.8708327128 0.7176820518 0.4916256117 0.4228055340 0.4179867219 0.3083752090 0.2206910065 0.1779890025 0.2454290616 0.2294808585 0.2377826118 0.2147329491 0.2548342391 0.2094344103 0.2133068032 0.1780924767 0.2597467866 0.2312276864 0.1896182691 0.2451144050 0.1869918912 0.2218814134 0.1876149673 0.1787768510 0.2180729299 0.2126184022 0.2109480086 0.2046336212 0.3093965057 0.2357379830 0.3256384019 0.4680425441 0.5800920123 0.7026049064 0.8378937580 0.9425157664 0.9880861666 0.8064150957 0.7618215273 0.5418382593 0.4159159849 0.3406143631 0.3021807032 0.2260134205 0.2505172272 0.2060938956 0.2340596310 0.2158513345 0.2068095078 0.1966639257 0.2162456062 0.2733717746 0.2203398917 0.2384704272 0.2560200041 0.1970711294 0.2310820591 0.1822049297 0.2118966001 0.2100688740 0.2184293115 0.1524152236 0.2060987707 0.1744724073 0.2424952438 0.2580968190 0.2437386624 0.3038846252 0.4205368052 0.5304024993 0.6640115896 0.8188534625 0.8882491235 0.9345665265 0.9129442382 0.7682479055 0.5760147160 0.4115042045 0.3849736398 0.2832353496 0.2297661031 0.2204203288 0.2263284526 0.2020448888 0.2312577426 0.2333379755 0.2304585080 0.1839907187 0.1833079855 0.2352230385 0.2179051603 0.2349658686 0.1436972066 0.2431105899 0.2189636205 0.2766502883 0.1685021919 0.1934524812 0.2501248244 0.2132906390 0.2473854080
0.1897228742 0.1555467709 0.1919253484 0.1679130370 0.1956620142 0.2127741663 0.1887172208 0.2189158181 0.2627099488 0.2569585650 0.3587783809 0.4505342846 0.6097429338 0.6914176999 0.8343986033 0.9301377790 0.8706784717 0.8176931884 0.6851897394 0.5075808094 0.3700154811 0.2809461789 0.2527810234 0.2624834611 0.1780345618 0.2370130527 0.1851861139 0.1676221159 0.1968418616 0.2074367983 0.2077666975 0.2222530019 0.1877061176 0.1778212289 0.2171014492 0.2541146848 0.2056503597 0.1659744031 0.1984009590 0.1860543178 0.2222193042 0.2080717830 0.2636642125 0.2226039206 0.2544763713 0.2629214495 0.2738907898 0.3499052536 0.4318600193 0.5844853265 0.7775592041 0.8502360009 0.9459333963 0.8734983894 0.7752979068 0.7075395006 0.5151077921 0.3972934104 0.3205550616 0.3119152957 0.1502294317 0.2045945975 0.2429570917 0.2650478208 0.2169712356 0.1947843832 0.2010858149 0.1396650057 0.1949553057 0.2374716096 0.2341264166 0.2301100200 0.1946191369 0.2175988965 0.2234675885 0.2638900097 0.2012324144 0.2091218562 0.2036451277 0.1839480460 0.2832920895 0.1870464665 0.2016741976 0.2698560621 0.3680413931 0.3773297445 0.5654878888 0.7452763303 0.9006543720 0.9300368847 0.8789127504 0.8636773793 0.7224522618 0.5707547604 0.4016473939 0.3227351046 0.2678993820 0.2692339234 0.1921921950 0.2416057737 0.2279179690 0.2364787070 0.2269141521 0.2246440403 0.2239099972 0.2597496567 0.1739402302 0.2416775701 0.2425997700 0.2256264969 0.2247355091 0.2384816468 0.2083965585 0.2248285380 0.1918215165 0.1728053997 0.2321508493 0.1971560139 0.1884385574 0.2935343536 0.3006164325 0.3159802159 0.4422760979 0.5390502643 0.7086042967 0.8398646487 0.9706335273 0.9485601790 0.8295054766 0.6880479622 0.5711499731 0.4475057326 0.3425157437 0.2490172059 0.2359579525 0.1842900731 0.2160431080 0.2114398356 0.2439290560 0.2074460777 0.2138644528 0.2154473184 0.2131837985 0.2452761171 0.2435705600 0.1799079141 0.2232108000 0.1821116862 0.2018369377 0.2054284913 0.1988831274 0.2256938588 0.2186099571 0.2729996556 0.2047203929 0.1931895848 0.2404419799 0.2805758213 0.3452959167 0.3978272251 0.5632027331 0.7067926886 0.7842262116 0.9173216922 0.8448599164 0.8389765819 0.7443765556 0.5963425558 0.4892201972 0.3496464141 0.2876061835 0.2199747916 0.2712894967 0.2089835005 0.2762186291 0.2313918461 0.2495995574 0.2418918259 0.2138273798 0.1944443635 0.2282467700 0.2078670716 0.1912329787 0.1801868553 0.2170730298 0.1622229011 0.2019526387 0.2560632956 0.1815483202 0.2291443630 0.2082145358 0.2281130080
0.1815239991 0.1521836924 0.2399057735 0.1572261525 0.1583796916 0.1858154814 0.2450969679 0.2614044603 0.1946581411 0.2767941904 0.3416626768 0.4507597892 0.5980229717 0.6977314096 0.8301101672 0.9965040751 0.8596916627 0.8057348795 0.7181206009 0.5433479668 0.3919251772 0.2912583172 0.2047730234 0.1729623680 0.1616188597 0.2238000587 0.1901701165 0.1896231076 0.2284563686 0.2032817230 0.1782830642 0.2119075286 0.1655108871 0.1857178890 0.2154403543 0.2249338758 0.2275840922 0.1904476913 0.2143439368 0.1653293772 0.2314878765 0.1642864044 0.1966215443 0.2426145492 0.2520611867 0.2192645909 0.2870105030 0.3375974983 0.4862799311 0.5733265300 0.7717844997 0.8519008719 0.9251272186 0.8801262063 0.8300941822 0.6611217987 0.5077094748 0.3625857630 0.3203294046 0.2500966731 0.2150775872 0.2173362689 0.2163009022 0.1530812247 0.2292397435 0.2072205153 0.2384837008 0.2287188754 0.1807499415 0.1751327698 0.1849357351 0.2064967365 0.1977988655 0.2014209393 0.1881619692 0.2291065277 0.2204498212 0.1917913635 0.2456329111 0.1638551915 0.1756417764 0.2244282819 0.2259462785 0.2791219436 0.3127763973 0.4328805511 0.6037127551 0.6331300324 0.8953869619 0.8716757353 0.9360692536 0.8046879038 0.6428024396 0.5516524280 0.4918072994 0.3279254806 0.2506675736 0.1453149985 0.2432718336 0.2167024919 0.2170680526 0.1968445664 0.2241535672 0.2273485658 0.2509815148 0.2225175254 0.2005590570 0.2361353945 0.1960669186 0.2085476725 0.1734257838 0.2285753738 0.2189514485 0.2360320648 0.2031454886 0.2024621191 0.2225720150 0.2456423177 0.2130708923 0.2390281506 0.2974191947 0.3259026684 0.4376189759 0.5500276559 0.7499478606 0.7913985958 0.9203346995 0.9575415248 0.7774470144 0.7106074912 0.5654477416 0.3933671299 0.3372094944 0.2717826845 0.2673211912 0.1723330333 0.1794111656 0.2078790274 0.2357693307 0.2036893640 0.2329249151 0.1853451850 0.1884084824 0.1790613808 0.1216313472 0.2375824939 0.1975223136 0.2335857989 0.1801448878 0.2112560236 0.2043824492 0.2005005166 0.2240994600 0.2264095007 0.1888548311 0.2322346551 0.2791635580 0.2311664195 0.3475842947 0.4386059302 0.5515936190 0.6657310510 0.8214989662 0.8964227348 0.9305204020 0.8670513385 0.7484252312 0.6337428781 0.4376041727 0.3586571789 0.2945250403 0.2143754961 0.1833742337 0.2485534992 0.2519275549 0.2098047830 0.2356419685 0.2104134143 0.2414451370 0.2577868655 0.1972178797 0.2205104686 0.2383433161 0.2539329436 0.2243643185 0.2264821433 0.2176988414 0.1775526660 0.2304562923 0.2348012549 0.2327495643 0.1989566330
0.1667183313 0.1429506687 0.1330423963 0.1569018992 0.2337855409 0.2026305052 0.1747387874 0.1745958110 0.1966475810 0.2561537008 0.3488956269 0.4859809813 0.5675231306 0.7005082205 0.8621255488 0.8966035878 0.9371429290 0.7929799132 0.6465970029 0.5422557462 0.3849854293 0.3293651913 0.1596602844 0.1986274580 0.1807503796 0.1920167338 0.1920358121 0.1658380272 0.1923757987 0.1828890259 0.2379336942 0.1873618160 0.2427952250 0.1672014621 0.1766972948 0.2158065049 0.2075433629 0.1773530211 0.1621221036 0.2264405520 0.1973501197 0.2178224684 0.2263944963 0.1685666111 0.1917846245 0.2566294532 0.2569691114 0.3482508617 0.4143655860 0.5313566152 0.6909277865 0.8862202708 0.8857848644 0.9012419072 0.7599528210 0.7235227583 0.5007989175 0.4185591139 0.3288583448 0.2879939848 0.2327689339 0.2132280173 0.1789782073 0.1847371037 0.1897744249 0.2336762261 0.2029057283 0.1889585790 0.2408201055 0.1303763208 0.1468449011 0.1720640426 0.2213027194 0.2291524037 0.1731519373 0.1934130522 0.1883661235 0.1734170064 0.1977539713 0.2111322179 0.1910292935 0.2172461630 0.2293528293 0.3157636993 0.3030780242 0.4502626125 0.5266488492 0.7299764806 0.7770999540 0.9359364324 0.9091126329 0.8385376909 0.6699410496 0.5509619730 0.3994834123 0.3314015745 0.2535529461 0.2492064376 0.2090550846 0.1900721846 0.1771349391 0.1692678953 0.2073416029 0.2122344347 0.1725134145 0.2203186179 0.1828104991 0.2229730196 0.1963110000 0.2183809262 0.2041260726 0.2086897982 0.2312465624 0.1808446736 0.1784979457 0.2178468581 0.1776889905 0.2213936784 0.1782834136 0.2076142020 0.2925115074 0.3229496338 0.4731174834 0.5409605106 0.6583613088 0.8785045222 0.9123560095 0.9293942160 0.8440039120 0.7177797268 0.5596936246 0.4480295321 0.2924125849 0.2877725376 0.2522407365 0.1748362021 0.2413140599 0.2182611106 0.1904932931 0.1475775104 0.2028414563 0.2080827250 0.1580521933 0.2135046252 0.1927095917 0.2245067673 0.1776103429 0.1706230408 0.2195484366 0.2778673084 0.2241567652 0.1869375308 0.1608930597 0.2419529802 0.1969725457 0.2134886293 0.1971350586 0.2293346532 0.2952109122 0.4223871404 0.5321174307 0.6673221736 0.8309978364 0.8894839323 0.9163714487 0.8685962037 0.7466116837 0.5724666181 0.4222474933 0.3559657473 0.2840950167 0.2339089016 0.2177667353 0.2290880318 0.1943946913 0.1928999761 0.2567664631 0.2302105540 0.2389408243 0.2164676598 0.2187962748 0.2061566602 0.2582982024 0.2201747394 0.2367272219 0.2424666612 0.2476136451 0.1976599299 0.2052259112 0.2428468789 0.1787349762 0.1975462857
0.2094466848 0.1497027832 0.2038671115 0.1834374861 0.1823970539 0.1127344152 0.1519413737 0.1791129455 0.2372604500 0.2372275086 0.3342670315 0.4212311439 0.5282113901 0.7331473729 0.8697387721 0.9325496309 0.8713667111 0.7550899878 0.6171576200 0.4623427112 0.3557279101 0.2544334266 0.1904685046 0.2484497757 0.1674133190 0.2380638801 0.1793944748 0.1366751228 0.2016874684 0.2030243333 0.2070443843 0.1918043181 0.1370725478 0.1642392833 0.1732403514 0.1739005492 0.2701411542 0.2027500230 0.1815696344 0.1852575250 0.2266413618 0.1899453993 0.1670984955 0.1906611649 0.1718044505 0.2083003687 0.2287915026 0.2901628351 0.4486674161 0.5255734398 0.7312272322 0.7819468058 0.8829819565 0.8760518195 0.7972656770 0.6591415713 0.5027511241 0.4196133455 0.2572346160 0.2429057436 0.2264460815 0.1847478340 0.1822959045 0.1839662772 0.1569716849 0.1657838854 0.2077851680 0.1362206869 0.1669321817 0.1924510280 0.1847485280 0.2015578929 0.1807821105 0.1708763761 0.1837994081 0.1927211228 0.1933076042 0.1995071043 0.1920147027 0.1784980765 0.2268370635 0.2543425789 0.2732610658 0.2672550980 0.3413562904 0.3786632126 0.5376159584 0.6716280379 0.8036486663 0.9042730556 0.8648792709 0.7723326223 0.6861294773 0.6143476225 0.4524968159 0.3236244414 0.2409912358 0.2174282008 0.1886453531 0.1806472343 0.2078827396 0.1654168378 0.2004748157 0.1765156352 0.2029516930 0.1490545147 0.2190610213 0.2209674939 0.2067232877 0.2279469226 0.1943842009 0.2231513567 0.1861484212 0.2210027170 0.1990226322 0.2328259257 0.2140777993 0.2254280133 0.2074387624 0.2116497519 0.2484978309 0.3284107297 0.4235903423 0.5410132243 0.6544748733 0.7848007067 0.9308697180 0.9270605993 0.8124186472 0.7257821456 0.6137881723 0.4840524046 0.3001596610 0.2872828785 0.2059569901 0.2295304023 0.1488254819 0.1820055016 0.2208782474 0.2249657235 0.1932001668 0.2222903732 0.2358098863 0.2232779499 0.1836348070 0.2548816118 0.1884029855 0.1947207646 0.1961612594 0.2387812293 0.1417900944 0.2272698436 0.1917958426 0.2239043478 0.1941453314 0.2213085500 0.2145456259 0.2858109391 0.2627822622 0.3950012417 0.5240427107 0.6143356586 0.7983557472 0.8888398743 0.9055882893 0.8317633261 0.7299932666 0.5736370888 0.4391116335 0.3360899372 0.2480049518 0.2551000097 0.1764085999 0.2006533338 0.2045052902 0.2547915933 0.2110411246 0.1912031782 0.2604592650 0.1657240515 0.2006062450 0.1755801045 0.2627414371 0.1860970247 0.2105124600 0.2102527983 0.2337680125 0.2412405472 0.1421440612 0.2019556663 0.2031450178 0.2215338420
0.2010741939 0.1345460761 0.1552445269 0.1805152689 0.1955315360 0.1585312433 0.1828768720 0.1959605007 0.1675574204 0.2552512149 0.3306630904 0.3503055909 0.5374553298 0.7077195479 0.8211322898 0.9218748228 0.9041354033 0.7586067115 0.6648658316 0.4288670966 0.3932693338 0.2817442797 0.1959085433 0.1731858463 0.1924148338 0.2109878008 0.1608705389 0.1875236706 0.2222701368 0.2229243778 0.1714646207 0.1894873945 0.1510894819 0.1492158965 0.1646334991 0.1537842027 0.1789841406 0.2008401722 0.1630999757 0.1992440007 0.2175586398 0.1709888769 0.1981402725 0.2127777757 0.1716631586 0.1845087779 0.2240486520 0.3309272363 0.3855821811 0.5319841082 0.7407856997 0.7785604270 0.9177759395 0.8945423519 0.8122661797 0.6528408038 0.5417605673 0.3721639396 0.3102074702 0.2700530070 0.2035746363 0.2188564286 0.1616232330 0.1936158138 0.1730247737 0.1855325625 0.1523354502 0.1473137179 0.1252005353 0.1529416401 0.1733002703 0.2061131250 0.1829370916 0.2285331551 0.1322919102 0.1848153895 0.1908458003 0.1639972435 0.2349519037 0.1586083881 0.1969503186 0.1977992630 0.2396517372 0.2656220319 0.3070633425 0.3609338413 0.4721046318 0.6569934694 0.8060826338 0.8669449542 0.9396847319 0.8226977970 0.6896062477 0.5448774005 0.4310300056 0.2708298673 0.2542892327 0.2295166082 0.1901910838 0.2381131388 0.1863203537 0.1894695764 0.2177146979 0.1737378573 0.2031043782 0.1607458685 0.2014982644 0.1835666040 0.1764939168 0.1476480569 0.1621285171 0.1553502360 0.2198193413 0.2425204633 0.1926079915 0.1514652274 0.1977547704 0.1465015203 0.1853847737 0.1447623987 0.2072176956 0.2980325314 0.3822537695 0.4994501558 0.6075939852 0.7719248732 0.8926381044 0.9118213069 0.8445554128 0.7579017906 0.5661385563 0.4127306028 0.3092812012 0.2400999842 0.1914002423 0.2291441252 0.1544543022 0.2346793241 0.1845771385 0.1835466043 0.1464530852 0.1909156466 0.1576374645 0.1985373805 0.2223357673 0.1851588690 0.1929600372 0.1958151058 0.2031322062 0.2059374726 0.1678765217 0.1702348115 0.2042808254 0.2012035844 0.1905967252 0.1777050188 0.2506283702 0.1738107071 0.2968190144 0.4038348396 0.4932274822 0.6798978073 0.7901486355 0.8997460114 0.9099989890 0.8842886286 0.7076736321 0.6557181544 0.4837549880 0.3244417475 0.2614722189 0.2580010892 0.1899736306 0.1790607989 0.2180627282 0.2341458219 0.1624269162 0.2162380196 0.1437965188 0.2269544902 0.1913785184 0.1731111717 0.2040122015 0.1901093464 0.1632166773 0.1697892673 0.2173088083 0.2851421315 0.1824888697 0.1781788572 0.2044409310 0.1984050242
0.2111020926 0.1530088310 0.2209223524 0.1243242966 0.2145676804 0.2109216841 0.1681948381 0.1765988383 0.1593425759 0.2712968934 0.2875983537 0.3955360070 0.5911210784 0.7316737985 0.8584403260 0.8515326206 0.8544138313 0.7316225931 0.6610557280 0.4879178583 0.3629977312 0.2862425323 0.2300840521 0.1941438748 0.1994574497 0.1544061999 0.1983816314 0.2110258193 0.1734908341 0.1671146809 0.1871221476 0.2202801417 0.1727079275 0.1878729086 0.1376850047 0.1617451379 0.2105214176 0.1484086709 0.1836756881 0.1063462442 0.1990869153 0.1555456419 0.1468239016 0.1843837427 0.1844244228 0.1565431228 0.2093490391 0.3128953010 0.3874625661 0.5816558953 0.6738635734 0.8006099499 0.7981454078 0.8445952694 0.8266203483 0.6846737972 0.4648308244 0.4219959371 0.3005912443 0.2385943398 0.1934749435 0.2049600641 0.1728772130 0.2114770697 0.1698492802 0.1743774437 0.1763489433 0.1760598781 0.1793606158 0.1863643344 0.1470186228 0.2102025861 0.1725476955 0.1829658522 0.1560283682 0.1692395708 0.1964336340 0.1539354100 0.1611222843 0.1941919779 0.1568491837 0.2105124537 0.2241234836 0.2423946242 0.2668957833 0.3622588825 0.5357092076 0.6709066763 0.7691022297 0.9241001130 0.8728267006 0.7967922627 0.6698724777 0.5426753538 0.4101235733 0.2806385902 0.2704500309 0.1967807123 0.1545492937 0.1747650427 0.1831119310 0.1270252005 0.1622127519 0.1593751077 0.1320505800 0.1693701095 0.1912147072 0.1843625971 0.2231889358 0.1871886926 0.1661491680 0.1805793897 0.1452047330 0.1690659672 0.1945449578 0.1809962100 0.1783721107 0.1890321261 0.1431981463 0.1919446236 0.2466865844 0.2624418774 0.3783103545 0.5316618883 0.6512322659 0.8267162789 0.8774099450 0.8523632079 0.8633198624 0.7116997804 0.5365021433 0.4058852139 0.2663028556 0.2543427880 0.1861661012 0.1701095808 0.2151872858 0.1843783291 0.2261137791 0.2027910646 0.1464247969 0.1499337274 0.1851360352 0.1595787456 0.1832002672 0.2022261443 0.2149814470 0.1684830427 0.2353251209 0.1786534693 0.2118235100 0.1679654634 0.1935644162 0.1408830137 0.1856086511 0.2063061925 0.1436317321 0.2616306397 0.2342488500 0.3649308666 0.4873906297 0.6029801429 0.7692991252 0.8732405196 0.8621059251 0.8640005098 0.7433113750 0.5791367589 0.4234823749 0.3504195823 0.2581614696 0.2236766349 0.1997612021 0.1610916542 0.1792929476 0.2028176618 0.1414440408 0.2092922213 0.2243382295 0.2824724168 0.2202621665 0.1847424050 0.2080209600 0.1604951680 0.1713704363 0.2405482030 0.1985600636 0.2000433614 0.2074013260 0.1812555005 0.1997392636 0.2006463357
0.1970557901 0.1507812514 0.1629258717 0.1818908602 0.1541015342 0.1693673881 0.1394089263 0.2078506174 0.1825249292 0.1735642357 0.2919619512 0.4029812077 0.5627478729 0.6805061923 0.7836526102 0.8459237315 0.8536074920 0.7879753781 0.6202206931 0.4868582703 0.3567587663 0.2649078343 0.1978330095 0.1744258234 0.1837493682 0.1390844355 0.1675545330 0.1667480740 0.1698148594 0.1338455966 0.1486040802 0.1221247954 0.1401950189 0.1561829382 0.1269950752 0.1848398561 0.0885185520 0.1646552294 0.1594339391 0.1472992133 0.1840703458 0.1620327373 0.1998442180 0.1195911531 0.1741737290 0.1801702421 0.2057166650 0.3290440571 0.3911877743 0.5340696596 0.6764508083 0.7756059927 0.8782927394 0.8278906922 0.8019261239 0.6070445431 0.5123660781 0.3685579383 0.2330813850 0.2414311586 0.1972715535 0.1735361550 0.1795932903 0.2047403952 0.1417027609 0.1714242910 0.1444804296 0.1773032812 0.1956351864 0.1508661936 0.1877915755 0.1550911056 0.1259907979 0.2491502543 0.1260695100 0.1725058050 0.1926326042 0.1471824998 0.1655602046 0.2258580378 0.1819845465 0.1568457712 0.2017486551 0.1801731183 0.3052181725 0.4175024670 0.5061722030 0.6934588606 0.7368557076 0.8389515987 0.8660600162 0.8446884963 0.6665369187 0.5441947586 0.4209699732 0.2846452992 0.2328065239 0.2201009909 0.1782350175 0.1669772491 0.1391725591 0.2275032412 0.1547015450 0.1799872467 0.1824077920 0.1729967192 0.1234232714 0.1527482301 0.2187375967 0.1530707594 0.1618493824 0.2278509418 0.1560960518 0.1778268611 0.1514506093 0.1777925438 0.1262010553 0.1956490829 0.1761674723 0.2224192042 0.2364222542 0.2904520343 0.3744499483 0.4049523398 0.6180364082 0.7818734470 0.8894670474 0.8606330364 0.8340793149 0.6561575142 0.5894542677 0.4202906071 0.3069493455 0.2149459627 0.2238839698 0.1909694530 0.2033845644 0.1736500131 0.1856125656 0.1352187053 0.1693812249 0.1565877489 0.1520984368 0.1568236825 0.1873329676 0.1626809323 0.1647385801 0.1711348302 0.2301190577 0.1745243454 0.2118941584 0.1748874043 0.1218512597 0.1418301710 0.1788454727 0.2120865943 0.1780259904 0.2596795006 0.3234154285 0.3603617543 0.4949421570 0.6416678858 0.7870424820 0.8942171600 0.8827121253 0.8510421824 0.7632458803 0.5718611968 0.4543560068 0.3224392620 0.2119356007 0.1803551344 0.1920461762 0.1483043167 0.1962703798 0.1597846884 0.2453634437 0.1845080105 0.1805673278 0.1798062210 0.2218683807 0.2248992091 0.1492711526 0.1534581592 0.1932567628 0.1630169004 0.2335682768 0.1716439399 0.1367194814 0.1875473919 0.1859011722 0.1418161562
0.1413447229 0.1830418037 0.1748632319 0.1567792871 0.1636900991 0.1326965108 0.1948722592 0.2001819628 0.1612504739 0.2623449570 0.3179204491 0.4038158704 0.4772064461 0.6873896030 0.8457289858 0.8972668354 0.8730920506 0.7879956464 0.6628815405 0.4992188020 0.3975771091 0.2095007770 0.1811590333 0.2071406719 0.1785846287 0.1716033546 0.2108722988 0.1430037315 0.1903442331 0.1390005482 0.1883212565 0.1765377637 0.1848980981 0.1083964483 0.2020364959 0.1510504016 0.1062342670 0.1429547077 0.1840025384 0.1127075143 0.1678603513 0.1320872236 0.1859366961 0.1532938188 0.2373235068 0.1971435246 0.2389380338 0.2964371533 0.3416730657 0.5111129533 0.6452000257 0.8359437735 0.8343975187 0.8715973853 0.8244322070 0.6648134958 0.5255479297 0.3794595861 0.2863281895 0.1889047505 0.1765851488 0.1937742024 0.1499743568 0.1708502541 0.1536987433 0.1101438882 0.1909205188 0.1569725531 0.1968853473 0.1317727988 0.1483235611 0.1875834199 0.1566531297 0.1407421563 0.1830299039 0.1599226074 0.1793105262 0.1698207005 0.1869718067 0.1542607254 0.1737539598 0.1794384540 0.1846916321 0.2461867581 0.3008379923 0.3739534660 0.4718086810 0.7088921756 0.8063081073 0.8981247732 0.8838115749 0.7906462716 0.6648291043 0.5299122142 0.4303749603 0.2432066814 0.2511052446 0.2145213844 0.1870180454 0.1915558742 0.1432469763 0.1541490596 0.1762852311 0.1677659502 0.2161474282 0.1693763928 0.1509378792 0.2025936139 0.2064653137 0.1763393359 0.1556141139 0.1445450584 0.2035627888 0.1425278107 0.1662835945 0.1387491344 0.1657777713 0.1624714728 0.1856453222 0.2191539587 0.2262716292 0.2881424368 0.3865320175 0.4711285298 0.6289280919 0.7497025198 0.8155814365 0.8993535511 0.7865948978 0.6769984511 0.5647336356 0.3902229783 0.3072070706 0.2172315049 0.1813459320 0.1693101823 0.1601570034 0.1548216123 0.1781318942 0.2013511295 0.2260576861 0.1898945436 0.1887554406 0.1770768844 0.1630250281 0.1735948317 0.1513459931 0.1613833391 0.1937669429 0.1538075417 0.1927982727 0.1912524005 0.1051743703 0.1946077887 0.1441802475 0.1361058569 0.1166452282 0.2192706810 0.2255806333 0.3514033372 0.4418105985 0.6344907699 0.7685439976 0.8950449527 0.8804459878 0.8349450167 0.7998348246 0.5627948086 0.3730640955 0.3205404136 0.2288758199 0.2024941592 0.2311749119 0.1652580655 0.2104515581 0.1993138170 0.1898297066 0.1573304172 0.1249747890 0.2704209626 0.1789003882 0.1911308675 0.1703131888 0.1648696213 0.2090613478 0.2229065314 0.2059461390 0.1897006055 0.1731401348 0.1761805923 0.1371679227 0.1998405437
0.1718707378 0.1636782955 0.1117043005 0.0962562284 0.1585172298 0.1401567914 0.1353057871 0.1772539432 0.1561474517 0.2072691528 0.2547464290 0.4211281538 0.4756288958 0.6482546797 0.8222022909 0.8436280099 0.8603432335 0.7421120001 0.5880353093 0.4798810565 0.3827531250 0.2447594228 0.2449383537 0.1901011821 0.1528206049 0.1565402693 0.0861216684 0.1688028649 0.1548566774 0.1735144958 0.1568651763 0.1687591557 0.0930159848 0.1303168559 0.1206792475 0.1423683184 0.1510109894 0.1634899791 0.1474134530 0.1489535671 0.2184990749 0.1493556317 0.1199523538 0.1806656814 0.1648464826 0.1810796329 0.2051664830 0.3199692661 0.3503203358 0.5285860453 0.6320928317 0.7602906949 0.8525370854 0.8130834971 0.7787465107 0.6566436178 0.5177754139 0.4261077562 0.2771880875 0.2742786682 0.1777428761 0.1677482330 0.1658418265 0.1247440703 0.1603905883 0.2090092352 0.1598594083 0.1452547309 0.1840964484 0.1792891273 0.1514389845 0.1610042909 0.1678197267 0.1628829490 0.1384444418 0.1397555465 0.1515795616 0.1759035922 0.1796600184 0.1614471005 0.1707911014 0.1913829235 0.2056884442 0.1660964715 0.3097568014 0.4083969407 0.5170339105 0.5988461060 0.7696739262 0.8607006274 0.8730851378 0.7820403904 0.6698467986 0.5493150112 0.4164627055 0.3179710879 0.2037989531 0.1697414591 0.2190582948 0.1488149591 0.1557013302 0.1629395874 0.1716341105 0.1760976414 0.1503689376 0.1645757533 0.2009485587 0.1471215836 0.1205038441 0.1524810792 0.1664659379 0.1525573339 0.1663611246 0.1672193861 0.1649174285 0.1929144486 0.1639963690 0.1379730558 0.1558162037 0.2016262720 0.1724568593 0.2122073250 0.3338604596 0.4862559045 0.6098491690 0.8069930920 0.8687921072 0.8950673700 0.8432768190 0.6838204389 0.5457093270 0.3719869647 0.3183202358 0.2579863292 0.1783963603 0.2183514551 0.1519509761 0.1246562192 0.2067739528 0.1725525690 0.2019580703 0.1856953367 0.1291229235 0.1844690987 0.1755017717 0.1560103727 0.1608138003 0.1461607616 0.1730132051 0.2155742293 0.1388987947 0.1592217112 0.1754554152 0.1880474349 0.1962676609 0.1808250730 0.1779162570 0.2538902715 0.2707049320 0.3439957542 0.4361099971 0.6686837510 0.7770590409 0.8700268133 0.8896986197 0.8362208427 0.7124559223 0.5500677712 0.5060437927 0.3242372795 0.2380749493 0.1944572074 0.1990489334 0.1938476670 0.1841444367 0.1670175315 0.1232968259 0.1485078940 0.1527131316 0.2012403983 0.1976736863 0.1780436892 0.1597922629 0.1757333381 0.1436393555 0.1616605331 0.2086808531 0.1895554588 0.2030908452 0.1701810911 0.2193962779 0.2172994746
0.1969091836 0.1172758808 0.1588607219 0.1048074810 0.1592896994 0.1436077561 0.1721336116 0.1444032804 0.1799815014 0.2001162491 0.2770864489 0.4118667627 0.5114364136 0.6414006669 0.8230929964 0.8781956200 0.8803174612 0.7904403605 0.6247870536 0.4536983849 0.3746513580 0.2592762552 0.2041907584 0.1492992258 0.1763158946 0.1689507042 0.1343271865 0.1895412862 0.1736999407 0.1847487760 0.1979514305 0.1799873031 0.1229340470 0.1791570598 0.1361652332 0.1567320852 0.1852434940 0.1062583994 0.1387951002 0.1424111703 0.1082808360 0.1412428744 0.1566483173 0.1244494768 0.1568788501 0.1958542226 0.2341449217 0.2627922069 0.4044922946 0.4772288415 0.6283878148 0.7771493843 0.8755288671 0.8793230778 0.7456216479 0.6732543449 0.4926124673 0.3799441299 0.2695627767 0.1980059002 0.1875790767 0.1580336711 0.1766097881 0.1280488388 0.1580651378 0.1802950366 0.1438025417 0.1160189151 0.1944249025 0.0962404760 0.1487894666 0.1379037519 0.1877260635 0.1554013731 0.1226906194 0.1890816127 0.1456612564 0.1493861020 0.1649353015 0.1200740685 0.1643922808 0.1910578771 0.1901472840 0.2398925215 0.2319104830 0.3600145149 0.5099459776 0.6838690488 0.7690146876 0.8614690912 0.9024792596 0.8009625629 0.6818761384 0.5715260587 0.3665038693 0.2974091977 0.2002783659 0.1653150501 0.1962823679 0.1362831793 0.1191359229 0.1286505123 0.1708688707 0.2112645446 0.1802575151 0.1834777602 0.1810891241 0.1677589923 0.1831564827 0.1213566328 0.1306292677 0.1514122756 0.1651488409 0.1729303899 0.1753602309 0.1771149367 0.1414454962 0.1994802346 0.1290916465 0.2111639600 0.2200012262 0.2220375743 0.3871000130 0.4480791258 0.6100876885 0.7762224453 0.8576812388 0.8873824379 0.8577424017 0.7269273160 0.5572886856 0.3691044616 0.2866308629 0.2493166434 0.1829495698 0.1738212384 0.2111336692 0.1467872047 0.1608659058 0.1931591013 0.2039410160 0.1568694151 0.1316063057 0.1585819110 0.1654712420 0.1780810456 0.1565381492 0.1514528473 0.2156061527 0.1578251674 0.1191669885 0.1382639782 0.1727621289 0.1867656116 0.1209555773 0.1647489929 0.1476154611 0.2187483264 0.2968043495 0.3511454844 0.4827284327 0.6192027606 0.7959726243 0.8625019265 0.8853385684 0.8396035920 0.7006385862 0.5304198579 0.4091469597 0.3185635526 0.2459883641 0.2506688370 0.1869618320 0.1617262327 0.2013523113 0.1964183938 0.1689283781 0.1905878490 0.1870489744 0.1603903289 0.1711903917 0.1942020205 0.1890636987 0.2140211123 0.1677517136 0.1706407390 0.1290265889 0.1426059601 0.1298362872 0.2102812054 0.1823934394 0.1973646391
0.1051141467 0.1364044511 0.1137537086 0.1611141554 0.1685346403 0.1624844740 0.1337640210 0.1307077603 0.1548165259 0.1900882489 0.2954103197 0.3959517072 0.5267174995 0.6730908445 0.7718179408 0.8586195357 0.8732431820 0.7982940376 0.6823345875 0.5008211628 0.3404104806 0.2049679408 0.2101843921 0.1788440992 0.1354261469 0.1813823098 0.1380645998 0.1653520817 0.1842429698 0.1419121794 0.1632007848 0.1993975549 0.1576655388 0.1345185244 0.1903353044 0.1548160285 0.1601493094 0.1161587867 0.1429267868 0.2014731953 0.1600179386 0.1739637677 0.2006267472 0.2096409538 0.2071520228 0.1638016864 0.2425038695 0.2754925635 0.3596846931 0.5067705696 0.6807628738 0.7986877826 0.8807134240 0.8705677665 0.7982299368 0.6178879953 0.5363984205 0.3841771755 0.2996814663 0.1702833605 0.1779482997 0.1995469242 0.1950922358 0.1977749327 0.2148147884 0.1228586179 0.2121633971 0.1767928982 0.1350594696 0.1896719399 0.1638204371 0.1049045488 0.1663711878 0.1838157348 0.1511414880 0.1575026936 0.1922616112 0.1366956742 0.1875359250 0.2138567430 0.1674126471 0.2106405199 0.2317935405 0.2475780914 0.2310115828 0.3319459387 0.4970710730 0.6399479204 0.7921015548 0.8356132528 0.9208665422 0.8139209702 0.6588025445 0.5646137903 0.4331826829 0.2930184521 0.2147631588 0.2105494800 0.1491740836 0.1699142077 0.1593701719 0.1542504287 0.1778257708 0.1573398470 0.2184850500 0.1707001319 0.1354574770 0.1539691480 0.1841772710 0.1928338234 0.1605098856 0.1741636391 0.2203500870 0.1560052311 0.1974773610 0.1534414122 0.1597357202 0.2473160650 0.1570947278 0.1871881258 0.2344904267 0.3137616220 0.3575201370 0.4608849833 0.6724014690 0.7644253860 0.8846893643 0.8779626476 0.8079837394 0.6482384720 0.5815531558 0.3986646935 0.3578545427 0.2599308888 0.2410660905 0.2025872518 0.1473745265 0.2211245194 0.1213459192 0.1127664200 0.1752897557 0.1121764465 0.1951175110 0.1536225130 0.1721376095 0.1255056874 0.1562192779 0.2216188918 0.1746542198 0.1623989829 0.1979633550 0.1597807435 0.1617458606 0.1991197710 0.1507419422 0.1524480639 0.2207811250 0.2314326599 0.2677452266 0.3307205920 0.4208679050 0.5995731838 0.7334048185 0.8867889681 0.8904955696 0.8213237677 0.7036146483 0.5960608787 0.4237945586 0.3212780931 0.2661133074 0.2689336147 0.1851861441 0.1878767612 0.1666824618 0.1557652450 0.1615650764 0.1206463479 0.1935674970 0.1565048178 0.2040103133 0.1701312974 0.1896846602 0.1794805839 0.2365488654 0.1435458610 0.1666745779 0.2216510002 0.1323574107 0.1342061779 0.1906424617 0.2228552613
0.1452046580 0.1841401769 0.1163497433 0.1699390513 0.2219070745 0.1370959884 0.1997367391 0.1752719125 0.1841452021 0.1746363404 0.3013608440 0.4297254629 0.4947957015 0.7301380449 0.8126282811 0.8534902320 0.8684464784 0.7389549645 0.6252623539 0.5260648862 0.4321451300 0.3293552780 0.2426519932 0.1537378445 0.1751869144 0.1741055623 0.1852179595 0.1622271333 0.1611694726 0.1689369598 0.1603054829 0.0931049100 0.1723008641 0.1470460613 0.1970212254 0.1334570156 0.1464397370 0.1278828017 0.1400940060 0.1461670373 0.1364045209 0.1652892046 0.1746582922 0.1503586083 0.1287754744 0.1764485202 0.2334045959 0.2473061557 0.3765742364 0.5032311259 0.7164051826 0.7908797000 0.9625952065 0.8198850293 0.8251632059 0.6437137917 0.4976963337 0.4100021753 0.2807283407 0.2142641723 0.1868733733 0.1942331831 0.1484132634 0.1755960096 0.1919185114 0.1303485927 0.1611625948 0.1751784090 0.1373654921 0.1121689759 0.1909888374 0.1310101312 0.1665996046 0.1685773241 0.1810933478 0.1699812355 0.2180826421 0.2274102055 0.1626313522 0.1406652218 0.1353754821 0.2158225365 0.2087520741 0.2092795561 0.2479835828 0.3669796988 0.4820697806 0.6573835618 0.7850213175 0.8355425552 0.8647679409 0.8540489448 0.6964577454 0.5922573882 0.4385611303 0.3039499812 0.2571405301 0.2287553027 0.1476615476 0.1335010817 0.1973300072 0.1549988860 0.1125317805 0.1611422276 0.1719538902 0.2049307604 0.1855973577 0.1515610098 0.1479603883 0.1901240133 0.2048418406 0.1930086285 0.1158469529 0.1903083611 0.1926802823 0.1699953684 0.1472964839 0.1633840994 0.1867105888 0.1809748940 0.2436368345 0.3061869856 0.3675755481 0.4523790349 0.6375755523 0.7672060980 0.8438799058 0.9132101384 0.8183614409 0.7266029684 0.5317823387 0.4327658557 0.2949176232 0.2359283256 0.2425790711 0.1864443417 0.2418092102 0.2412789756 0.1499863292 0.1722160394 0.1141427182 0.1621410224 0.1494766184 0.1944905699 0.2091378518 0.1958004884 0.2013814392 0.1437370688 0.1906351053 0.1323632329 0.1924714060 0.1622970462 0.1756085684 0.2071783603 0.1770869956 0.2047225156 0.1826654477 0.2423368682 0.3114640447 0.3866761068 0.4201362791 0.6364377949 0.7451023018 0.8554047036 0.9068499015 0.8395411070 0.7260262009 0.5720856591 0.4778538533 0.3911815912 0.2797625653 0.1676610930 0.2044529667 0.2032890577 0.2028072026 0.1869005437 0.1648874978 0.1923884586 0.1542597694 0.1798836063 0.1869625860 0.1934225413 0.1447046244 0.2327078947 0.1323232538 0.2034250292 0.1995966673 0.1608906791 0.1874006156 0.1252017834 0.1643621047 0.1693644800
0.1534498533 0.1560725341 0.1568527652 0.1852738740 0.1916110931 0.1333737082 0.1724538257 0.1927767836 0.1800234594 0.2393472609 0.3512015594 0.4203595208 0.5224297394 0.6675971401 0.7760948296 0.8503241258 0.8955246262 0.8206320815 0.6445867928 0.5722231509 0.3709524503 0.2242806101 0.1835855870 0.2145458239 0.1894467590 0.1863405198 0.1281698108 0.1694603237 0.1968283187 0.1695091518 0.1663955715 0.1621631164 0.1779830944 0.1752634509 0.1605571827 0.1653335947 0.1195464739 0.1301204827 0.1606212952 0.1999871893 0.1939009930 0.1498104634 0.1760074452 0.2044024483 0.1620366229 0.2261035230 0.2521738429 0.3182772960 0.3851574075 0.4736323677 0.6378741004 0.8297379986 0.8863770299 0.8959855352 0.8224001686 0.7561838839 0.4916841513 0.4016082308 0.2763155434 0.2398291680 0.2104535940 0.1413375273 0.1618116165 0.1776496808 0.1829734951 0.1464578441 0.1662500905 0.2473345137 0.1608941184 0.1884948383 0.1626950984 0.2139063327 0.1240387711 0.1867889651 0.1560255613 0.1665413785 0.1703464512 0.1531602894 0.1409568606 0.2128668896 0.2095992651 0.1701884779 0.2061537780 0.2041295482 0.3445545168 0.3683394843 0.4649735203 0.6597479300 0.7883205429 0.8492211080 0.8789470612 0.8558104701 0.7255375572 0.5002249284 0.3901474197 0.3508967353 0.2133156706 0.2459052682 0.2199498689 0.1460862035 0.1347740284 0.1607104122 0.1676203087 0.1475079244 0.1353717441 0.1735432833 0.1628645721 0.2144590963 0.1344663942 0.1521332730 0.1359453081 0.1366054061 0.1175900420 0.1853411530 0.1683674906 0.1740512754 0.1501258679 0.1892930599 0.1548883805 0.1439328898 0.2035792012 0.2904606403 0.3576357005 0.4393556565 0.6960862901 0.7501050585 0.8390637471 0.8866571163 0.8437498933 0.7070416644 0.5637970800 0.4316606132 0.3395135776 0.2636598440 0.2050327308 0.1838169968 0.1828009319 0.1597912244 0.2074365178 0.1436316443 0.1783403346 0.1558116111 0.1624069746 0.2292168943 0.1970976742 0.1599386890 0.1359936002 0.1394840473 0.1357372710 0.1096205937 0.1562086746 0.2120771480 0.0904605773 0.2015477305 0.2062240368 0.1803261889 0.2541739010 0.2225110092 0.2536812331 0.3414513609 0.4569002568 0.5912477286 0.7543866624 0.8772308149 0.8692692882 0.8796462685 0.6790124758 0.6467471409 0.4436038741 0.3171382879 0.2890015336 0.2009881911 0.2092655047 0.1982389627 0.1933455645 0.2013325849 0.2114042219 0.2000866605 0.1482136037 0.1746817507 0.2210979265 0.1898948301 0.1837166847 0.1790948565 0.2526049434 0.1808015769 0.2274331164 0.1852030819 0.1969048974 0.1965451595 0.1443985508 0.1594759926
0.1988977398 0.1792623129 0.1794259412 0.1438286489 0.1441957823 0.1761318106 0.1413487030 0.2503652477 0.1903254290 0.2280282883 0.2556223358 0.3853425356 0.5318898138 0.6592770247 0.7781303526 0.8520618260 0.9056282034 0.8124530442 0.6778203852 0.4883823911 0.3974891158 0.3104287492 0.2544097737 0.2335907982 0.1265402141 0.1204606485 0.1595274595 0.2013985401 0.1186994304 0.1304998921 0.1585993285 0.1392396730 0.1621819236 0.1817559504 0.1648976631 0.1283758215 0.1913404735 0.2252341722 0.1856851751 0.1397440054 0.1980139758 0.1859779843 0.1528204901 0.1917193610 0.1860834924 0.1931469941 0.2311512953 0.3103322847 0.4021114188 0.5407889702 0.6869521538 0.8334453550 0.8572519803 0.8314701430 0.7854022297 0.7185363479 0.5342068316 0.4068769810 0.3208754593 0.2139054920 0.2223687500 0.1758684553 0.1457658295 0.1692078063 0.1805484202 0.1585717342 0.1766843806 0.1918421373 0.2005623636 0.1576655021 0.1656956077 0.1881663796 0.1808115564 0.1871622946 0.1792723137 0.1901895999 0.1607879275 0.1531835169 0.1721142616 0.1690899214 0.1540762573 0.1969821185 0.2003517909 0.2243842674 0.2825806292 0.3426058520 0.4910161775 0.6629699868 0.8487511564 0.8516359364 0.9707563358 0.9177253784 0.6876094417 0.5872766265 0.4118407376 0.3555825059 0.2618988709 0.2473092664 0.1949824401 0.2007842153 0.1975611357 0.1596095954 0.1873231883 0.1775047002 0.1134434772 0.2592939187 0.2064912420 0.1776147204 0.1778138687 0.2318271375 0.1916790830 0.2029176066 0.2087721429 0.2165479960 0.1894549811 0.2171180560 0.2008070673 0.2027379250 0.2139487889 0.1884909273 0.2469021014 0.2914658528 0.3546100574 0.5280677306 0.6336751714 0.7171817655 0.8384115413 0.9168329734 0.8270037281 0.7845772141 0.6210271986 0.4169885819 0.3402301293 0.2686314062 0.2159568842 0.2148894753 0.1660365398 0.1922713686 0.2053254922 0.1804841384 0.1802325901 0.1736814278 0.2204974797 0.2157057460 0.1966242087 0.2276285099 0.2256606108 0.2186164531 0.1798468050 0.1388953614 0.1837990182 0.1935113885 0.1938202764 0.1685416996 0.1740206706 0.1476846592 0.2087557208 0.2153765352 0.3172408020 0.3407672434 0.4623730688 0.5572113240 0.7638678228 0.8549819953 0.9089399673 0.8583961429 0.7428042913 0.5893925707 0.4604199051 0.3366260813 0.3020326480 0.2606632276 0.2046434159 0.2077841549 0.2077018364 0.1285642204 0.1343384798 0.2121304880 0.1651543909 0.1734048829 0.2372730384 0.2250331802 0.2253174902 0.1670910016 0.1759943562 0.2225926503 0.2551225337 0.1911720552 0.2125971435 0.2149701096 0.1943610582 0.1703548816
0.1727058617 0.1871732417 0.1529207305 0.1637727009 0.2156399210 0.1505197089 0.1707796998 0.1591092703 0.1814548366 0.1837194545 0.2878242100 0.4431604767 0.5277108369 0.6794323792 0.7828691326 0.8111193977 0.8826252818 0.8070314026 0.7076347121 0.5613510939 0.3773460218 0.2797261774 0.2506385512 0.1465434465 0.1709724920 0.2163554137 0.1740020382 0.1538335075 0.1841859262 0.2090161837 0.1738903185 0.1512950447 0.1988698885 0.1355828340 0.1915549776 0.1789496569 0.1288086570 0.1818309942 0.1501907160 0.1755170977 0.2051575834 0.1733510833 0.2516095713 0.1848241333 0.2218109450 0.2311302424 0.2148665001 0.3019374153 0.4015815090 0.4724863140 0.6789565074 0.7944192323 0.8657450238 0.7969350854 0.8281775448 0.6668792754 0.5395150570 0.3661971879 0.3414985667 0.1876049889 0.2152005150 0.1431087240 0.1637725835 0.2076147113 0.1432135160 0.1632733192 0.1731646325 0.2255098458 0.1838049191 0.1999239769 0.1916092905 0.1792491596 0.1732984207 0.2333892298 0.2094992729 0.2079689110 0.2456457267 0.1789901028 0.1605888977 0.1773328157 0.1242734230 0.1958793567 0.2171102166 0.2466034177 0.2890056089 0.3132678966 0.5243398813 0.6621018528 0.8087162536 0.8604762083 0.9166410017 0.8876550635 0.7306760337 0.6074133240 0.4047719285 0.3316392922 0.3027075794 0.2080064922 0.1743478388 0.1646325587 0.2212674898 0.1837392872 0.1910755790 0.1619970838 0.1100347543 0.2071376235 0.2209913503 0.2077678946 0.1776159647 0.1522132642 0.1381368474 0.1819846385 0.1509266579 0.2204262829 0.1782710591 0.1914374314 0.1575770574 0.2429741004 0.2091056097 0.2170259173 0.2355147270 0.2712487636 0.3583979256 0.4885692538 0.6727706042 0.7886279661 0.8440817355 0.8766063775 0.8436336231 0.7554455244 0.6237792683 0.5017074797 0.3848050011 0.3221990993 0.2456603080 0.1694087387 0.1693492523 0.1972006472 0.1978929207 0.1739748366 0.1990087794 0.1633704075 0.2315817264 0.2469779653 0.1900238641 0.2042396458 0.1929726099 0.1695666651 0.1912526137 0.1745741064 0.1672021510 0.2216413219 0.1903920645 0.1932132092 0.1465289349 0.1936650881 0.1826348319 0.2369129243 0.2789293261 0.3806905716 0.4884900517 0.6345260394 0.7730892675 0.9194996397 0.9210025780 0.8798418978 0.7500064645 0.6282209724 0.4378201051 0.3447541874 0.2531318433 0.2344487343 0.2139074422 0.1728892372 0.1932920549 0.1817041974 0.2329557842 0.1876602000 0.1969935702 0.2410480214 0.2051097221 0.1991339399 0.2139716592 0.2022053577 0.2106348551 0.2076939459 0.2011389651 0.1627458631 0.1884192035 0.2102875702 0.1858750752 0.2098427174
0.1573594439 0.1802637602 0.2235273743 0.1846265773 0.1891450624 0.1917753035 0.1328593877 0.2018055744 0.1899878844 0.2696646003 0.3205738988 0.3988341415 0.5007626821 0.7056128778 0.8004519916 0.8783719214 0.8721223721 0.7977457422 0.6831882804 0.5470960345 0.4194544982 0.2621120360 0.2196615934 0.2554348068 0.2252203939 0.2163200132 0.1612643136 0.1971255180 0.1668792400 0.1684970379 0.2012639270 0.1491804332 0.1762640008 0.2337030374 0.1885356833 0.1904861654 0.1940901122 0.1646742088 0.1907397574 0.1892780442 0.1858308834 0.1729429206 0.1806065205 0.1900476921 0.2033121369 0.2201347828 0.1987568657 0.2310379030 0.3649735376 0.5306154742 0.6528188293 0.7650327588 0.8858539491 0.9302865472 0.8353200879 0.7154502886 0.5437421308 0.4353531507 0.2774092635 0.2645627877 0.1699825778 0.1808594880 0.2387701054 0.2022506237 0.2243455303 0.2164613717 0.1838381007 0.1819991009 0.2124244340 0.1628990474 0.2102042251 0.1677577523 0.1575054120 0.1752051545 0.2317009267 0.1669847544 0.1779787478 0.1967761777 0.1528616579 0.1266308826 0.1525574399 0.2152042984 0.2431403680 0.2432805265 0.2869796605 0.3635094489 0.5227068071 0.6531596810 0.8036930759 0.8685513853 0.9376721665 0.8836726168 0.6985416965 0.5792984657 0.4224773445 0.3890630721 0.2879207494 0.2099895022 0.1928090199 0.2245105973 0.1670960569 0.2018035768 0.1933228940 0.1829324302 0.1641129995 0.2128656247 0.1773925815 0.2453433341 0.1751182802 0.2127784650 0.1375160361 0.1773129529 0.1692996121 0.1507947698 0.1548990668 0.2165215916 0.1980847740 0.2016835899 0.2158014960 0.2160167228 0.2568278850 0.3008478104 0.3851927253 0.4851621300 0.6467021963 0.7470912090 0.9243668818 0.9848365973 0.8335809491 0.7520582878 0.6185149062 0.5016289911 0.3726684046 0.2718957936 0.2507872004 0.2172695023 0.2092873320 0.2262552763 0.2380576269 0.2036507559 0.1833116797 0.2272163386 0.2091637939 0.2197908205 0.1288362315 0.2174792327 0.1956569817 0.2280811310 0.1656123043 0.2227240739 0.1725621430 0.1837978493 0.1917899913 0.1898346044 0.1761620392 0.2020905188 0.2817412892 0.2390325605 0.2535178693 0.4120804266 0.4742436244 0.6040855054 0.7812469033 0.8468883204 0.9148304702 0.8626680631 0.7753803601 0.6504160509 0.4552523142 0.3701904619 0.2939425162 0.2446532319 0.1793879190 0.1805980152 0.1813057902 0.1606884035 0.2074419040 0.1642231763 0.1980621091 0.2024544898 0.1858236594 0.2407158407 0.2201577411 0.2412941664 0.1877647281 0.2245764856 0.2514972234 0.2167591846 0.2203641166 0.1886351898 0.2077632179 0.2240494433
0.1846572688 0.1821218111 0.1776120182 0.1716741551 0.2203995313 0.2071890000 0.1865021723 0.1542053262 0.2032728611 0.2337129845 0.3210945638 0.3910509185 0.5456928189 0.6156638904 0.7662009086 0.9103357662 0.9060587223 0.8001084664 0.6794215454 0.5273738868 0.4031775047 0.2923045245 0.1862245462 0.2706263725 0.1721011260 0.1905793667 0.1891149349 0.1731485129 0.1956778794 0.1926941470 0.1683617517 0.1731541875 0.2029204784 0.1310505996 0.1840646400 0.2153354219 0.1619756271 0.1726372751 0.1702410385 0.1807707190 0.1532524398 0.1851718156 0.2211236217 0.1832905179 0.1547737091 0.1326608846 0.2047759948 0.2735520943 0.3766173821 0.5288956850 0.6983380990 0.7837418092 0.9468669644 0.8506003055 0.8477110416 0.6895314517 0.5398013486 0.4026719257 0.3128915247 0.2764556697 0.2040297623 0.1600738731 0.2064439904 0.1238242425 0.2085223023 0.2048834619 0.1972925670 0.1803056707 0.1815620548 0.1606354434 0.1723084959 0.1932366483 0.1587427265 0.1622606430 0.2083535130 0.1680712994 0.1703164723 0.2172456228 0.1403021911 0.1929060779 0.2207726581 0.1951000835 0.2364584742 0.2186659472 0.3016463986 0.3824957829 0.5212625067 0.6690671262 0.7993238623 0.8685075228 0.8875862301 0.8493401460 0.7326606228 0.6280595187 0.4136456790 0.2993258277 0.2719785242 0.1955388434 0.2502383697 0.1656716387 0.2063413790 0.2167753796 0.2007562391 0.1529650729 0.1527276752 0.1572079538 0.2020166844 0.2132925399 0.2070351571 0.2004422288 0.1732691366 0.1830593694 0.1843822857 0.2143668610 0.1396380277 0.2215203469 0.1885698181 0.1889632484 0.2087797663 0.2720613652 0.1940935573 0.2667964400 0.3034566073 0.4997243603 0.6674364181 0.7650928878 0.9296382031 0.9699430044 0.8930505826 0.7231786106 0.6567622422 0.4849837766 0.3016247505 0.2889568950 0.2431990323 0.2094010696 0.1948501046 0.1838558836 0.2017400270 0.1863242115 0.1983981816 0.2016624946 0.2799745153 0.2021750306 0.1872538660 0.1873544194 0.1683595861 0.1841946917 0.1808337766 0.2079555434 0.1799066840 0.1877942507 0.1952264789 0.1769152193 0.1822212082 0.1570773505 0.2524218611 0.1961529338 0.3046453337 0.3400509314 0.4706624610 0.6499024856 0.8151021703 0.9089693324 0.8958247634 0.8807113818 0.8215952926 0.6073484056 0.4719731176 0.3327017786 0.2741237060 0.1740429930 0.2097819239 0.2102010331 0.1838803943 0.2173877714 0.1965389299 0.2128894561 0.2073030357 0.1625957787 0.1909114267 0.2053853877 0.1994713538 0.1762925962 0.1866842002 0.2131312067 0.1698069436 0.2161869626 0.2073243654 0.2150582364 0.1815289761 0.1773412410
0.1724774462 0.1775849319 0.1863126931 0.1947494897 0.1899390120 0.1655612327 0.1586981798 0.1599461059 0.2633139448 0.2569194031 0.2889352527 0.4062083869 0.4867109351 0.6797825424 0.8134262091 0.9070099816 0.8722508459 0.7895791175 0.7049103409 0.5359089029 0.4196039428 0.3017651241 0.2776250497 0.1643543400 0.1737138570 0.2025598904 0.2007577463 0.2356672529 0.2001888423 0.1468192094 0.2384260248 0.1735599955 0.1922689795 0.1713538002 0.1229014963 0.2617987475 0.1832289587 0.1608684142 0.1672356429 0.1724095309 0.1782071197 0.1873252675 0.1522487736 0.1979851053 0.1664930329 0.2020508292 0.2732456542 0.2754752239 0.4138490025 0.5509353623 0.6590100789 0.7532132325 0.9244076203 0.8707232514 0.7923845281 0.7017491502 0.5720129299 0.4183076171 0.3191124970 0.2542263188 0.2332727605 0.2458355742 0.1698167056 0.1992886561 0.2492479713 0.1414876517 0.1593794391 0.1685162992 0.1956128530 0.1900930373 0.1942148573 0.1937417882 0.1721176294 0.1904391059 0.1623079199 0.1345360799 0.1984838383 0.1405306417 0.1565994699 0.1969767863 0.1999184792 0.2163056920 0.1955380271 0.2583487860 0.2612387405 0.3854564148 0.5352996922 0.6432431894 0.7439874281 0.9318130929 0.9690591862 0.8516271503 0.7228216703 0.5322534529 0.4431314877 0.3329142958 0.2551198736 0.2392348173 0.1538279170 0.1956091601 0.1808642529 0.2115198164 0.1760806847 0.1692166204 0.1694762611 0.1929515454 0.1462073852 0.1918641156 0.2078150067 0.2391467499 0.2170321100 0.1365242337 0.1568935516 0.2125231945 0.1851585303 0.1248148156 0.1982092926 0.1475140424 0.1997890243 0.2016592917 0.2388549453 0.3048983696 0.3407997185 0.4929180478 0.5773028163 0.7552977478 0.8747652634 0.9147180436 0.8314789423 0.7639523099 0.6258751153 0.4611251358 0.3258681238 0.2987901728 0.1797966720 0.2095655220 0.2261743117 0.1838814872 0.2105283338 0.2209152572 0.1702081389 0.2089670294 0.1654839493 0.2524115371 0.1863905205 0.1692809237 0.1624483307 0.2001388771 0.2315065630 0.2226560093 0.2272127059 0.1948391965 0.1738465928 0.1395131337 0.1724304358 0.1856960665 0.1785236438 0.2423655369 0.2959800567 0.3410281092 0.4646110985 0.5949367656 0.7764937839 0.8675496794 0.8908538906 0.8452217180 0.7998756836 0.6466851788 0.4693003117 0.3610942300 0.2742201510 0.2072913088 0.2217988381 0.2160140299 0.1853167935 0.2434193787 0.1856910349 0.2059499309 0.1998795834 0.2067154003 0.2046370524 0.2144452305 0.1757360412 0.2140107643 0.2065941669 0.2309037531 0.1850508711 0.2198579519 0.2435863295 0.1708602828 0.2153897214 0.2085799323
0.1530818619 0.1717734206 0.2090934266 0.1836292689 0.1519132275 0.1852186088 0.1595533443 0.1577641090 0.1934979093 0.2352865008 0.2887677602 0.3828757944 0.5462944375 0.6888676133 0.8300157079 0.9108999839 0.8841524899 0.8422174579 0.6628086168 0.5295367480 0.4066471845 0.2694952248 0.2440654373 0.1465940986 0.2277062586 0.2134111528 0.2050911671 0.1764141968 0.1948971807 0.1526279677 0.1532377833 0.1912574399 0.1554563897 0.1961232686 0.1559483156 0.1576250181 0.1619662877 0.1473939443 0.1182421420 0.1359861813 0.2038875900 0.1742266830 0.1618896089 0.1575512945 0.1888621713 0.1945679758 0.2183956507 0.2450573763 0.4082681193 0.5222852995 0.6584420321 0.7855751532 0.8787222342 0.9197499025 0.8407417364 0.7315302216 0.5304433992 0.4095880117 0.3220457115 0.3082747259 0.1698740640 0.2047229426 0.1683208143 0.1778477437 0.1279640243 0.1559897965 0.1932937780 0.2049662898 0.2098409770 0.1533002004 0.1817581668 0.2010065791 0.1890071504 0.1695303042 0.1903874030 0.2175426805 0.1564199787 0.2029825813 0.1575320498 0.1747494719 0.1729333462 0.1864558605 0.1936331330 0.2256418555 0.2631102002 0.3464732437 0.4520611133 0.6191097701 0.7511090163 0.8698394412 0.8637550234 0.8132658904 0.7438385887 0.6045292137 0.3893029647 0.3076731663 0.2519111919 0.2665486129 0.1984251264 0.2003130809 0.2296225553 0.1447854824 0.2213743594 0.1636550286 0.1714433610 0.1972984217 0.1332288066 0.1775220429 0.1996697378 0.2390572869 0.2314306919 0.2074474477 0.1797684535 0.1565726826 0.1489384531 0.2197455779 0.1935447391 0.2199720791 0.2025425184 0.1971013452 0.2508359334 0.2630739472 0.3466184830 0.4780078878 0.6355150893 0.7460282174 0.8202101874 0.9285978050 0.8505562202 0.7632069418 0.5605311768 0.4333334950 0.3139366890 0.2546766671 0.2311751123 0.1943768072 0.1986613487 0.1976737871 0.1558961579 0.1837469241 0.2018858224 0.1941566850 0.1705647641 0.2253265215 0.1787268751 0.1643419203 0.1785927463 0.2201160799 0.2004393361 0.2037487792 0.1745502068 0.2153195452 0.2592814002 0.1887121733 0.1910662211 0.2028879969 0.1599343411 0.3022584178 0.2942178145 0.3054801984 0.4748268250 0.6161388654 0.7337486430 0.8311715457 0.8994630457 0.8691026158 0.7649372277 0.6874967263 0.5011237707 0.3574420607 0.3292101649 0.2188637488 0.2465723333 0.1918030855 0.2147318527 0.2464459962 0.2127065768 0.1885255380 0.1771404555 0.2402831184 0.1626841027 0.1926120848 0.2483316615 0.1682920779 0.2261568585 0.2180564120 0.2305867068 0.2208474298 0.2096723365 0.1976543637 0.2208722599 0.2057577361
0.2104028440 0.1795458444 0.1410196320 0.1562176229 0.1659466662 0.1509986171 0.2119512112 0.1636814561 0.1643358107 0.2131582415 0.2777844309 0.4124871075 0.4692972117 0.6507372616 0.7515384458 0.8648977393 0.8644705515 0.8328289140 0.6832200567 0.5291121519 0.3831816400 0.2687167156 0.2048417841 0.2186462640 0.2251513089 0.1882116937 0.1536084546 0.1666431265 0.1550715811 0.1590245671 0.1598297062 0.1750603901 0.1178897242 0.1875949002 0.2160237180 0.1890923545 0.1970459077 0.1751776272 0.1774752691 0.1586824219 0.1744933992 0.1626034584 0.2086978775 0.1753809004 0.1626686516 0.1992818078 0.2589009103 0.2844247343 0.4071157112 0.4759262552 0.6342057386 0.7804476328 0.8872908326 0.9022534436 0.7919137608 0.7221837025 0.5078082770 0.4599119833 0.3750439858 0.2385069545 0.2028725398 0.1942752921 0.1521918659 0.1653889842 0.1828551450 0.1887264382 0.1700176934 0.1854988909 0.2315038949 0.2263979368 0.1745310814 0.1786855547 0.0823561225 0.1759161660 0.1736761190 0.1987901364 0.1416683178 0.1422687511 0.1362249624 0.1893295453 0.1888698061 0.1685444524 0.2206084876 0.2422069592 0.3056245802 0.3599493053 0.5216353485 0.6673273424 0.7432391259 0.8866536701 0.9099223502 0.8499666608 0.7005496501 0.5869426157 0.4337169970 0.2980462157 0.2364103644 0.2623987401 0.2090793280 0.1882214141 0.1409825330 0.1768429016 0.2133933736 0.1907135320 0.1776139006 0.1813768958 0.1804241903 0.1972769727 0.1940048754 0.1356431707 0.1710911199 0.1599949291 0.1923333395 0.1573432276 0.1697642316 0.1963188567 0.2171220348 0.1803086674 0.1976642558 0.2488168112 0.2164776707 0.2948391637 0.3578043238 0.5380043144 0.6164376296 0.7965085376 0.8934093501 0.9051988616 0.8309444707 0.7152340574 0.6224607462 0.5066276561 0.3431534587 0.2702315667 0.2721046806 0.1986546500 0.1959742051 0.1664428287 0.1988362542 0.1981453049 0.1706727863 0.1908844316 0.1930760020 0.2189136502 0.1789831494 0.1724836748 0.1834334436 0.2058285921 0.1729673610 0.1780458207 0.1597131495 0.2057453489 0.1676944695 0.1781705675 0.1535363466 0.1761739998 0.2147321383 0.2827299087 0.2957631416 0.3551912571 0.4360460380 0.6235553211 0.6958141219 0.9086258241 0.9259885546 0.8575151246 0.7451859941 0.6078808517 0.5054611850 0.3134695128 0.3005173961 0.2597831802 0.2218924411 0.1804203252 0.2077721268 0.1702906638 0.2051192714 0.1931754201 0.1978761255 0.2054556176 0.2184069649 0.2149618700 0.1724414522 0.1804415346 0.1784777479 0.2332755258 0.1583375347 0.2202518255 0.1423722191 0.2126001169 0.1339565050 0.1825459788
0.1337768211 0.1078631548 0.1663397957 0.1685468224 0.1158901787 0.1235825897 0.1302927669 0.1355162732 0.1798620204 0.2380447971 0.2410201022 0.3936404910 0.4934070240 0.6662633265 0.7898666274 0.8906936893 0.8750238802 0.8427035429 0.6605918245 0.5459287967 0.4065277897 0.3081520933 0.2543820256 0.2189481818 0.1442228255 0.1685504631 0.1311032878 0.1387834364 0.1533880100 0.2316039605 0.2179011826 0.1889739820 0.1471733111 0.1727618532 0.2065530478 0.1762114244 0.1996442044 0.1948820681 0.2151299614 0.1529829211 0.2190107851 0.2036154929 0.1637698917 0.1840934523 0.1883459973 0.1896721032 0.2167888119 0.1977094008 0.3441330679 0.4396632810 0.6289102448 0.7953295816 0.8947366872 0.8985293986 0.8389200274 0.7389495051 0.5162395187 0.4009842941 0.3576969512 0.2087875062 0.2191619574 0.1980433242 0.1131810288 0.1799759141 0.1377795789 0.1935906342 0.1919578120 0.1559799912 0.1327515701 0.1554871483 0.1175982552 0.1666464814 0.2136893206 0.2300962067 0.1948717337 0.2072597141 0.1386630473 0.1487524715 0.1336412436 0.1833981281 0.1553941704 0.1667115911 0.2142674853 0.2406089223 0.2253732783 0.3735676722 0.4563277110 0.6568497776 0.7691816140 0.8223123701 0.8746934163 0.8692922873 0.7783398834 0.5675870699 0.4419078893 0.2988087681 0.2584324557 0.1829266889 0.1598510050 0.1630187480 0.1590464174 0.1646888318 0.2039802986 0.2123080781 0.1569390656 0.1498680751 0.1450133113 0.2042102438 0.2239421708 0.1434974982 0.2166815103 0.1100528624 0.1512300155 0.1839481892 0.2029024896 0.1363092997 0.1713768401 0.1418514815 0.2172882852 0.1669787706 0.2006662207 0.2704404104 0.3369110861 0.4560688930 0.5952697363 0.7683727608 0.8275409933 0.9064321474 0.8110220851 0.7296271105 0.5955259270 0.4407999043 0.3247742857 0.2296765340 0.2230117324 0.1850917974 0.2123188532 0.1758577001 0.2401221604 0.1620727568 0.1345372473 0.2411296815 0.2373934678 0.1876885632 0.2103526930 0.1812101356 0.1999434153 0.1676374115 0.1457991806 0.1962900256 0.1962442279 0.2027200880 0.1836802228 0.1306331764 0.1792189465 0.1814863155 0.1517973145 0.2502244939 0.1905269908 0.3344242876 0.4734420821 0.6302837223 0.7307705181 0.8550318708 0.8841820215 0.8606699166 0.7924394386 0.6132466852 0.4862083542 0.3388705639 0.2366186161 0.2284817697 0.1890936932 0.2165742811 0.1544036021 0.1944295897 0.1699623587 0.1960479665 0.1653295218 0.2296928606 0.2213578087 0.1602078688 0.1655190238 0.2264550591 0.1315114801 0.2087736770 0.1312419305 0.1657399330 0.1647900046 0.1884484076 0.2095835677 0.1820814744
0.1157473416 0.1511303208 0.1829085007 0.0657171661 0.1528475511 0.1008236421 0.1528982497 0.1303365926 0.1824284470 0.2207450771 0.2570082436 0.3354821046 0.4512342754 0.6186855515 0.7884795648 0.8946369516 0.8426087814 0.8238482940 0.6391786206 0.5347770503 0.3838742626 0.2329588759 0.1943729500 0.1535779551 0.1428334439 0.1621916350 0.1353862606 0.1276119755 0.1773543392 0.1689631204 0.2025763378 0.1559442377 0.1482575152 0.1506050341 0.1656133965 0.1383957739 0.1477502302 0.1007930113 0.1503743243 0.1336157323 0.1690481032 0.1540351806 0.1235741780 0.1910809726 0.1859268738 0.1748229884 0.1788858861 0.2259270148 0.3468240624 0.4650446232 0.6268654357 0.7717096378 0.8446773089 0.8882286889 0.7921383346 0.7196121189 0.5217208225 0.4209553923 0.3431006552 0.2475397508 0.1847006756 0.1810629462 0.1676558348 0.1580706996 0.1466269014 0.1674852768 0.1591922936 0.1700403230 0.1702827359 0.1409368640 0.1768034018 0.1844303668 0.1398284961 0.1676869448 0.1866654849 0.1588975963 0.2081015439 0.1484749417 0.1998493395 0.1690194324 0.2094740454 0.1363268803 0.2154653004 0.2074029569 0.2607179241 0.2627340026 0.4429028067 0.5975482140 0.7526295160 0.8310634009 0.8768861177 0.8434304978 0.6679820723 0.5909170509 0.4778030470 0.3614648600 0.2411246543 0.1838781308 0.1835332560 0.1424359078 0.2739715186 0.2096478421 0.1740312899 0.1405735170 0.1551408512 0.1739411791 0.1817450139 0.1524350187 0.1929109428 0.1710363934 0.1862070521 0.1782912699 0.1244163522 0.1534943132 0.1713127293 0.0777719599 0.1390715147 0.1574836963 0.1693827402 0.1994696338 0.2052437756 0.2080072107 0.3513535800 0.4380938848 0.5947842194 0.7496678641 0.8357851927 0.8688231578 0.8192927937 0.7057176183 0.6353978151 0.4821352589 0.3794337552 0.2274405677 0.1434404654 0.1765194325 0.1702399890 0.1842060644 0.1365655412 0.1598525994 0.2020107911 0.1747034527 0.1757022736 0.1731269187 0.1723881787 0.1617425979 0.1547322918 0.1510449937 0.2153810409 0.2058430334 0.1819580758 0.2067109286 0.1118267867 0.1184628373 0.1626309977 0.1800959893 0.1911959868 0.1972909566 0.2657455402 0.3064735525 0.3957565607 0.5646383744 0.7231941254 0.8392579683 0.9061545075 0.8782406553 0.7525342085 0.5822847230 0.5335361721 0.3619455854 0.2393688222 0.2122297083 0.1723924926 0.1813573293 0.1539174461 0.1904366110 0.1220142737 0.2337682111 0.2042655500 0.2126041914 0.2156555377 0.2328040781 0.1900037403 0.1421395961 0.1797833285 0.1610921163 0.1487568283 0.1711699178 0.1547304921 0.1154681726 0.1629798534 0.1985185142
0.1485837469 0.1530655223 0.1717059273 0.1884299355 0.0998791939 0.1687941665 0.1932891940 0.1223666745 0.2183221330 0.2008355403 0.2253105835 0.3750730090 0.4546936779 0.5762395150 0.7685971655 0.8697783745 0.7985506882 0.8200622609 0.6766699119 0.5075660761 0.4039397157 0.3145715992 0.2287597916 0.1350279479 0.1607560971 0.1729862794 0.1435272164 0.1361197871 0.1431883911 0.1410504801 0.0797678723 0.1898944119 0.1395364564 0.1401494037 0.0880891211 0.1243068056 0.1073760216 0.1538869859 0.1700025508 0.1753663439 0.1451258563 0.1754585009 0.2185083767 0.1908719492 0.1432739026 0.1674249236 0.2327290199 0.2656341881 0.3693182670 0.3942048229 0.5782071301 0.6941983678 0.8337429546 0.8409338916 0.7936246560 0.6892509852 0.5492699894 0.3954807394 0.3039978298 0.2335350027 0.2219754360 0.1603479119 0.1840380894 0.2035788915 0.1519738043 0.1573728705 0.1768427907 0.1412967396 0.1808765357 0.1289394659 0.1972131255 0.1771272272 0.1222674766 0.1895731899 0.1588595026 0.1635442136 0.2137532484 0.1747588858 0.1870147707 0.1949857416 0.1390440294 0.1858410479 0.2061953170 0.1992422934 0.2278944263 0.3096954443 0.3981676330 0.6323298345 0.7442003370 0.8845465664 0.9057686494 0.8401450609 0.7216860214 0.5309895458 0.4289939970 0.2964047824 0.2469393633 0.1378627430 0.2040070406 0.1299217353 0.1226890097 0.1407117891 0.1761314712 0.1699273231 0.1732272505 0.2109709228 0.1542850982 0.2105309475 0.1940469498 0.1134106620 0.1724179802 0.1580028776 0.1527926178 0.1744868164 0.1580206420 0.1473753352 0.1477530809 0.1633568098 0.1368190967 0.1825476437 0.2078086450 0.2689862375 0.3388182436 0.4148556404 0.5085154119 0.7096795602 0.8342281555 0.8933013149 0.8481424374 0.7377151820 0.6385248003 0.4512792407 0.3064842256 0.2853993109 0.1706802790 0.2134152474 0.1519032797 0.1326697869 0.1529626811 0.1338922559 0.2121120446 0.2290396802 0.1776838741 0.1567138001 0.1421805150 0.1247874959 0.1522541013 0.1353612664 0.1590561751 0.1274201901 0.1476994716 0.1604203682 0.1799660585 0.2002842198 0.1303646021 0.1777720764 0.2017985349 0.2089623752 0.2773558895 0.3052579965 0.4684199197 0.5666628977 0.7164241701 0.8260911144 0.9267137753 0.8171110958 0.8067871948 0.6734685256 0.4663266504 0.3470792069 0.2956307818 0.2333239907 0.1676248381 0.2316401618 0.1468864685 0.1509212725 0.1739394457 0.1495368679 0.1755785106 0.1199866663 0.1171428639 0.1604743365 0.1771404989 0.2009828496 0.1707242395 0.2026942910 0.1659872590 0.1742256721 0.1731133051 0.1437863402 0.1407443699 0.1473811552
0.1880504556 0.1789448160 0.1710474569 0.1417076185 0.1812272938 0.1066811878 0.1529411393 0.1217301313 0.1654518813 0.2523350540 0.2530687784 0.3833806162 0.4293858326 0.6256495284 0.7274346104 0.8408434967 0.8671416060 0.7671103666 0.7031619039 0.5166865974 0.3550963843 0.2654096848 0.2074105588 0.1981794819 0.1021463901 0.1891841063 0.1402295871 0.1587225267 0.2063869217 0.1328428489 0.1367076048 0.1194886406 0.1681576995 0.1787737720 0.1353679517 0.1390732861 0.1131935349 0.1405060886 0.1404279966 0.1698879329 0.1353821403 0.1337762899 0.1039631838 0.1258974259 0.1559666985 0.1771611036 0.1717179579 0.2176136088 0.3323157925 0.4080754891 0.5995549373 0.7496432772 0.8237240354 0.8199533326 0.7448958021 0.7117196248 0.5461530636 0.4274389688 0.3037592823 0.1590138499 0.1872510801 0.2249235752 0.1580545938 0.1537417526 0.1056647461 0.1247671069 0.1541595477 0.1319036365 0.1599871007 0.1273643400 0.1411951888 0.1473342114 0.1210210623 0.1525904617 0.1419394799 0.1818438617 0.2316173772 0.2068963346 0.1600180506 0.1800479509 0.1142855369 0.1765598121 0.1140422921 0.1794616719 0.1819306760 0.3659920264 0.4165812486 0.6110395994 0.7365816740 0.8284943932 0.8135051631 0.8609040733 0.7046846615 0.5985210900 0.4067035187 0.2701533340 0.2484406297 0.1481460550 0.1584009725 0.1524228196 0.1532391411 0.1156085982 0.1506985292 0.1247075964 0.1550161441 0.0601043788 0.1426586990 0.1455268233 0.1007996946 0.1432872111 0.1682198321 0.1746635813 0.1852637044 0.1689783813 0.1660304684 0.1966847663 0.1253184562 0.1635401412 0.1239094006 0.1756476201 0.1912129002 0.2562607435 0.3324011240 0.4231141227 0.5932762111 0.6908801664 0.8015543447 0.8778521011 0.8191977367 0.6775093487 0.5907331944 0.4580657540 0.3433721280 0.2537656563 0.2209296934 0.1966468510 0.1850668743 0.1165869189 0.1739674987 0.1659792395 0.1455222404 0.1820234058 0.1623600255 0.1462251510 0.1836395572 0.1774872123 0.1639182953 0.1399336244 0.1263752020 0.1456179116 0.1459876230 0.1769792048 0.0974837922 0.1754478909 0.1562226328 0.1587589530 0.1761131181 0.1651153266 0.2242995766 0.3347246733 0.3737432866 0.5578167054 0.6955403456 0.8105345756 0.8872162362 0.8897927567 0.7548061002 0.5930860230 0.4454036169 0.3453297576 0.2513701410 0.1913036998 0.1844494285 0.1673019414 0.1831160536 0.1048114924 0.2312161434 0.1722860728 0.2027659983 0.1662392324 0.1713170953 0.1673551786 0.1620301375 0.1498860152 0.1154741251 0.1695198637 0.1792998009 0.0777513268 0.1905627937 0.2000322468 0.1852108710 0.1734846260
0.1589122443 0.1512522736 0.1595670395 0.1427448398 0.1352165843 0.1704801583 0.1665201344 0.1793514073 0.1533331371 0.1888772067 0.2422860686 0.2881126813 0.4779141881 0.6194310259 0.7517616921 0.8457775385 0.8346787822 0.7947526671 0.6554234557 0.5026590437 0.3832343593 0.2790528099 0.1786444659 0.1713680377 0.1621397583 0.1694176611 0.1411263359 0.1558698743 0.1661710042 0.1244079360 0.1503042130 0.1450684764 0.1117048239 0.0971802294 0.0907281880 0.1160543965 0.1652323092 0.0958099326 0.1317558527 0.1638634832 0.1414351215 0.1036117431 0.1369731182 0.0929899929 0.1712646133 0.1304657410 0.2161858563 0.2708469053 0.2901756611 0.5190202267 0.6129920370 0.6698456860 0.8925592185 0.8246083351 0.8393445048 0.6911060743 0.5216211092 0.4367137991 0.2745400471 0.2612778070 0.1622572176 0.1147499553 0.1759313267 0.1290903048 0.1596278804 0.1850743222 0.2327947275 0.0994908356 0.1219107582 0.1144210538 0.0999068083 0.1334498464 0.1420833754 0.1650126113 0.0804865978 0.1417224235 0.1234146463 0.1315313402 0.1404655440 0.1639904186 0.1624139126 0.1041359238 0.1766281492 0.1992054362 0.2433452768 0.2985973071 0.4377070901 0.5433935173 0.7534280250 0.8224986735 0.8567030133 0.7995236329 0.7632408379 0.5946414120 0.4306348616 0.3129380820 0.2430653723 0.1581682849 0.2114245017 0.1629199975 0.1673994312 0.1212006771 0.0950615505 0.1442697109 0.1503233637 0.0950230384 0.1190071939 0.1993960547 0.1511660284 0.1630058264 0.1630333567 0.1513969924 0.0847436268 0.1535584858 0.1014259049 0.1561459222 0.2090716168 0.1057209646 0.1522608615 0.2239935314 0.1812421932 0.2452211254 0.2879253037 0.3870015221 0.5697674198 0.6990280760 0.8438604493 0.8816409007 0.8129435777 0.7941951632 0.5647507232 0.4403312735 0.3542105460 0.2145714996 0.1762461840 0.1721466188 0.1803438451 0.1869835801 0.1391397377 0.1724027673 0.1254686814 0.1391072203 0.1690830386 0.1213946957 0.1173892570 0.1521889203 0.1353101434 0.1435115686 0.1233470581 0.1203652639 0.1260082041 0.1554455018 0.1707412470 0.1432491655 0.1185183784 0.1406809647 0.1623616879 0.1771489494 0.2504955817 0.3042972440 0.4316369175 0.5699711573 0.6936637357 0.8271094402 0.8803297987 0.8804193896 0.7564037260 0.5663700700 0.4656013607 0.3299534729 0.2643871458 0.1375007680 0.2026987848 0.1760632174 0.1804922784 0.1503706734 0.1445508226 0.1872913971 0.1150970380 0.1573645334 0.1733140648 0.1863589819 0.1677321624 0.1441653988 0.1877845474 0.1963449584 0.1664040841 0.1615297048 0.1535947915 0.1490095367 0.1897711474 0.1190951394
0.1324737135 0.1105649898 0.1098001856 0.1754398445 0.1497729987 0.1237122402 0.1669394198 0.1583409729 0.1603047835 0.1406623072 0.1953469599 0.3269478584 0.4550046652 0.6017602567 0.6785178009 0.8354776376 0.8704428023 0.7691909138 0.7126316970 0.4946101255 0.3576812902 0.2652347106 0.2371905711 0.1869876854 0.1446622094 0.1478322122 0.1387623909 0.0923488206 0.2397580840 0.1458858159 0.1716348738 0.1038737733 0.1521984763 0.1246197903 0.0957255890 0.1446229325 0.1097362269 0.1351047384 0.1626913907 0.1554464008 0.1290865027 0.1466136911 0.1130582512 0.1170030148 0.1054184234 0.1487349980 0.1577254648 0.2078451066 0.3060977864 0.4027099789 0.5932243347 0.7160863620 0.8466908287 0.8246257044 0.7725034633 0.6562698024 0.5570201514 0.3982701777 0.3053200562 0.2091807714 0.2165317813 0.1574300326 0.0985138990 0.1531023787 0.1356304373 0.1701387224 0.1489640913 0.1318094338 0.1668375216 0.1091008553 0.1398370285 0.1389694449 0.1200389603 0.1237785029 0.1375807077 0.1384436858 0.1095510242 0.1302444411 0.0984793996 0.1876128819 0.1317147260 0.1455000030 0.1706888298 0.1780128996 0.2271221145 0.2732427724 0.4322360271 0.5915582422 0.7250017839 0.8384941688 0.8886121503 0.8043293816 0.6809429424 0.5407328334 0.3876272264 0.2986635086 0.2380075070 0.1977097918 0.1695814729 0.1279367558 0.1229329221 0.1879082723 0.1033274386 0.1592566484 0.1451291443 0.1486258303 0.1758224667 0.1370204654 0.1554521578 0.1262056038 0.1036998590 0.1721083847 0.1368512891 0.1356206442 0.1154682424 0.1010037941 0.1306563695 0.1696874031 0.1146123784 0.1704484507 0.1143662302 0.1794857813 0.3061436412 0.4454744988 0.5354096170 0.7364649885 0.7814404741 0.8636905264 0.8577514756 0.7751486059 0.5954878217 0.3968986884 0.3110243377 0.2793620396 0.1667384889 0.1775327629 0.1229127334 0.1599257364 0.1901698981 0.1597436562 0.1450060059 0.1288170391 0.1609776723 0.1501349815 0.0845267539 0.1353818989 0.1605979958 0.1992294374 0.2073842929 0.1720245707 0.1540621706 0.1221156620 0.1813914936 0.1645829770 0.1860311811 0.1563169685 0.1178949383 0.1616736853 0.2752495564 0.3101596423 0.3782049749 0.5827232759 0.6415297139 0.8018307584 0.8042890116 0.7946206742 0.7716180534 0.6186214654 0.4614173141 0.3848767639 0.2364391407 0.2071609495 0.1766293790 0.1384730235 0.1313672222 0.1202605547 0.1530806730 0.1686087022 0.1417948082 0.1517870101 0.2119651310 0.1336925155 0.2104443936 0.1416526237 0.1347127227 0.1778775975 0.1727908627 0.1703410883 0.0959017209 0.1253249542 0.1207885231 0.1988975279
0.1276729658 0.0772426102 0.1406022098 0.1554538890 0.0864378687 0.1002701488 0.1251783775 0.1635218533 0.1572193037 0.1493323323 0.2247740834 0.3503937385 0.4446171335 0.5768490775 0.7512838463 0.8127243412 0.8956061659 0.7922290389 0.6670757711 0.5263570752 0.3346593534 0.2657144292 0.1904234866 0.1670198842 0.1289720327 0.1245994257 0.1746362276 0.1204503421 0.1750473409 0.1085319814 0.1625657712 0.0916252658 0.1602124489 0.1430705619 0.1478565184 0.1539599727 0.1910347237 0.1247143803 0.1136391276 0.1909612868 0.1110848502 0.1497397906 0.0884742049 0.1270021265 0.1633740364 0.1822828655 0.1916519434 0.2208843761 0.3274290679 0.3823450565 0.6046725082 0.7382797409 0.8451380011 0.8190300375 0.7894992252 0.6603699550 0.5402108781 0.4056208882 0.3338976998 0.2626684973 0.1556594610 0.1677387445 0.1537275421 0.2104276422 0.1329864670 0.1346394372 0.1371268148 0.1344108339 0.1329236215 0.1469071813 0.1734591212 0.1039711371 0.1634546415 0.1285136761 0.0989909526 0.1011936496 0.1585710367 0.1120984162 0.1137802573 0.1847608444 0.1783931418 0.1320093300 0.2061194068 0.1902349496 0.2537285938 0.3120994938 0.4477508251 0.5684507755 0.6511307437 0.8065269946 0.8627246159 0.8252602721 0.6767181733 0.5271592671 0.4946612816 0.2729105841 0.2648693106 0.2053616303 0.1415707503 0.1412928575 0.1663474535 0.1683563046 0.1349142853 0.1145429415 0.1467204001 0.1814283089 0.0970480523 0.1288234780 0.1685470368 0.1548976522 0.1346187062 0.1343266994 0.1378125350 0.1511463577 0.2005921567 0.1141511466 0.1678269014 0.1472985043 0.1391956123 0.1636352220 0.1404968079 0.2396515989 0.3037413432 0.3804051991 0.5032530444 0.6843951084 0.8051193503 0.8649407185 0.8699632845 0.7354531594 0.5607861966 0.4571967618 0.3662386151 0.2177275093 0.2152909198 0.1557936271 0.2070750314 0.1217670195 0.1511799605 0.1467491317 0.1581870765 0.1397015847 0.1325974432 0.1957882554 0.1897548612 0.1276627883 0.1682993776 0.1851609366 0.1460613138 0.1303364889 0.1585064494 0.1468259253 0.1455992975 0.1633781206 0.1228030446 0.1582224952 0.1586216044 0.2128586198 0.2585093687 0.2824699343 0.4295165344 0.5292595307 0.7120989749 0.8367414367 0.8577407133 0.8496744195 0.7471101757 0.6399064354 0.5260121837 0.3311615488 0.2706949983 0.2139775100 0.1870363607 0.1773078079 0.1897205696 0.1265837968 0.1652033910 0.1794950434 0.1347358503 0.1609980632 0.1902206222 0.1551264907 0.1505926401 0.1637394954 0.1524637959 0.1093818567 0.1296026946 0.1526870479 0.1327072536 0.1179960370 0.1354489112 0.1067345707
0.0947050034 0.0987006212 0.1254287566 0.1396154591 0.1065498807 0.1047118473 0.1510391447 0.1047101385 0.1418291248 0.1935689032 0.2717683487 0.3146572617 0.4943900682 0.5939456731 0.6867707584 0.8596238916 0.8360438354 0.7510020461 0.6638738290 0.5119541477 0.4249386276 0.2978745276 0.2285418190 0.2078104806 0.1344402277 0.1837909644 0.1691566810 0.1733751676 0.1326733016 0.1120187083 0.1198730319 0.1689807105 0.0924800343 0.1415307331 0.1475229844 0.1430709281 0.1922229008 0.1395329439 0.1749326335 0.1520144218 0.1584438296 0.1147562284 0.0509058260 0.1159037406 0.1110810200 0.1625859314 0.1812377635 0.2231547834 0.3137715844 0.4519311852 0.5378907705 0.6858699083 0.8277793610 0.8346587079 0.7995765908 0.6972824312 0.5623633091 0.4382480436 0.3186243597 0.2685773130 0.2125581799 0.1857188969 0.1562579353 0.1374145230 0.0908873075 0.0989474704 0.1448084281 0.1624361016 0.1015410742 0.1817190912 0.1614152072 0.1614748155 0.1453606900 0.1520476986 0.1686487607 0.1290864195 0.1715969604 0.1842038764 0.1998164892 0.1417732126 0.0947256118 0.1001073766 0.1435403663 0.1716439395 0.2219122989 0.2874142536 0.4113842722 0.5895404690 0.7118971863 0.8211270529 0.8560868899 0.8434282663 0.6831558525 0.5465087713 0.4746252499 0.3124702549 0.1945831606 0.1668857602 0.1414735777 0.1956631214 0.1590689327 0.1021124628 0.1827928718 0.1278992026 0.1542818413 0.1338136464 0.1260449074 0.1550530227 0.1876713025 0.1349345202 0.1646536956 0.0888607838 0.1300211045 0.1248852431 0.1460629506 0.1926500910 0.1607224075 0.1370966448 0.1413332318 0.1311802434 0.1853089381 0.2126556261 0.2827381822 0.3862959543 0.5614487718 0.7114692041 0.8637898036 0.8127940743 0.8466893855 0.6853993267 0.5578368941 0.4536582634 0.3278958368 0.2511052355 0.2142271565 0.1138227077 0.1478812021 0.1603434135 0.1022854053 0.1795506900 0.1466980218 0.1145715437 0.1544092441 0.1278602863 0.1006635179 0.1770700708 0.1720461757 0.1734257016 0.1626029958 0.1534965751 0.1717916703 0.1532578176 0.1533481196 0.2041160087 0.1182107206 0.1605808655 0.1227505409 0.2015864527 0.2227113631 0.2951455855 0.4103542379 0.5432112112 0.6831067708 0.7966863627 0.9107253011 0.8821037655 0.7204006314 0.6519325434 0.4902022659 0.3616960912 0.2667172838 0.2322715381 0.1948410629 0.1651193272 0.1132505361 0.1488287260 0.1850576349 0.1579618858 0.1499204476 0.1594946367 0.1839679747 0.1846821004 0.1426909152 0.1798775353 0.1467590546 0.1707298954 0.1760684051 0.1299996300 0.1474869304 0.1726682374 0.1553325541 0.0872653073
0.1493537102 0.1547234331 0.1621730369 0.1175680804 0.1523416424 0.1563735531 0.1797245366 0.1114309515 0.1452490789 0.2444754088 0.2903824471 0.2786548898 0.4690083164 0.5857948510 0.7719974286 0.8109461297 0.8545452147 0.7555556658 0.6841072965 0.5375333904 0.3983068082 0.2810807763 0.1982799630 0.1636130131 0.1723327879 0.1931623680 0.1776417191 0.1122326833 0.1144818344 0.1738706985 0.1194288569 0.0879440161 0.1201583616 0.1317241813 0.1262126974 0.1392312734 0.1672428347 0.1327538935 0.1286861733 0.1875063502 0.1562171655 0.1827751512 0.1283419150 0.1617655961 0.1841578240 0.1390701218 0.1504810208 0.2408923373 0.3159100913 0.4112766256 0.5940006606 0.7484135860 0.8002460597 0.8648650765 0.8463809346 0.7339472266 0.5019496620 0.4152360563 0.3119039251 0.2262447285 0.1538598560 0.1673828560 0.1238952020 0.1304575643 0.1439816350 0.1429022603 0.1553694094 0.1389553412 0.1868475940 0.1076292653 0.1379663724 0.2323624740 0.1266544941 0.2004627766 0.1059232950 0.1352292669 0.1268462456 0.1033997811 0.1568027264 0.1442775078 0.1765076761 0.1411383768 0.1288211259 0.1947027440 0.2077134482 0.3185350939 0.4922342059 0.5446858598 0.7196400561 0.7999360090 0.9337510423 0.8412351764 0.7595487024 0.5983011380 0.3836834393 0.3836118954 0.2690987480 0.2214141701 0.1794632955 0.1206556480 0.1107065474 0.1792624261 0.1485138040 0.1603609013 0.1593863132 0.1527963640 0.1971165821 0.1820773615 0.1545520058 0.1314032030 0.1631766939 0.1161275039 0.1265722207 0.1761244301 0.1678590121 0.1665529255 0.1595830617 0.2250915839 0.1343286932 0.1425306240 0.2164986473 0.1797848726 0.2563108657 0.4004753724 0.5624834793 0.7199840674 0.7922709783 0.8474423228 0.8427358710 0.7542415306 0.6221468584 0.5026863740 0.2800792289 0.2447749937 0.2476242829 0.1740282065 0.1797188285 0.1982208406 0.1623692373 0.1478839094 0.1471806482 0.1215394451 0.1424007526 0.1302232974 0.1848949909 0.1557315783 0.1145011497 0.1064786551 0.1278919436 0.1735230512 0.1685140971 0.1794938676 0.1668695910 0.1738301724 0.1446512204 0.1000535589 0.2208942206 0.2283062678 0.2022538936 0.2627636240 0.3618555464 0.5293418771 0.6728206463 0.8341323133 0.9207433702 0.8438598408 0.7834964877 0.5991274385 0.4956525362 0.3498133756 0.2754596060 0.1853269636 0.1855732723 0.1253006473 0.1339990416 0.1982788573 0.1640091639 0.1346989081 0.1157507223 0.1577177800 0.1528478253 0.1635301232 0.1489501875 0.1918478087 0.1709835031 0.1522240886 0.1611327709 0.1699207863 0.1663215156 0.1929045441 0.1847433421 0.0973728472
0.1143482357 0.1885916345 0.1467415548 0.1222642380 0.1290535279 0.1444884601 0.1654523075 0.1564884489 0.1901744511 0.1797867678 0.2774600542 0.3158323746 0.4704557371 0.6214827784 0.7231819731 0.8648503466 0.9336688601 0.7790131338 0.6942388712 0.5900536208 0.3780751466 0.3283561879 0.2016310850 0.1536626369 0.1890546261 0.1794560846 0.1596779290 0.1383842122 0.1317968239 0.1056317854 0.1678557256 0.1420046868 0.2046971295 0.1456372368 0.1798639958 0.1527646005 0.1695092736 0.1318805317 0.1498037047 0.2082345905 0.1710766772 0.1664270613 0.1238252926 0.1612267407 0.1213160028 0.1280744115 0.1909910694 0.2521592999 0.3147688422 0.4557424433 0.6109135881 0.7408445777 0.8829820176 0.8728690287 0.7949516064 0.7358088090 0.5418433074 0.4194247743 0.3073840578 0.1993522658 0.2051260596 0.1451330541 0.1659636071 0.0978920845 0.1280978406 0.1346179745 0.1202766670 0.1826922281 0.1526170533 0.1442243023 0.1454737076 0.0976637753 0.1215682172 0.0847356947 0.1442779901 0.1454143385 0.1288756461 0.1362702555 0.1388188908 0.1528449619 0.2002607667 0.1667736524 0.2073648213 0.1994211684 0.2310598301 0.3413069142 0.4433816921 0.5180932769 0.6971060880 0.8566630640 0.8594854717 0.8410092734 0.7190676776 0.5774103221 0.4167300970 0.3093839085 0.2658033300 0.1167496879 0.1578954974 0.1148668431 0.1335397839 0.1270131109 0.1578984756 0.1654623150 0.2139768982 0.1295020823 0.1448783855 0.1338706395 0.1297560540 0.2077992933 0.2304179624 0.1748088041 0.1646376054 0.1722100856 0.1107328226 0.1622419225 0.1505280798 0.1203942700 0.1474959041 0.1344598315 0.2592679792 0.1842503286 0.3180523587 0.4413936480 0.5666162364 0.7384755953 0.7999194764 0.8336716400 0.8195056906 0.7719840972 0.6529163371 0.5188657636 0.3666537846 0.2475847150 0.2054260115 0.1936884755 0.1716561575 0.1860776035 0.1442330787 0.1953077019 0.1263950784 0.1814617931 0.1872279489 0.1017500194 0.1459019723 0.1619318116 0.1732351732 0.2039416185 0.1835160271 0.1622614092 0.1186110136 0.1346729414 0.2253120874 0.1916957420 0.1979954525 0.1885852614 0.1734783418 0.2194956793 0.2346583627 0.3294861165 0.3621186873 0.5285809587 0.6837772716 0.8202168619 0.8904766105 0.8123920985 0.7726092155 0.6329607752 0.4684034027 0.3777592780 0.2583748212 0.1970079129 0.2226087710 0.1924508018 0.1913013294 0.1995712931 0.1788441816 0.1502131281 0.1526751726 0.1485853887 0.1637772228 0.1890937593 0.1557770310 0.1523701114 0.1664296291 0.1462828604 0.1612579922 0.1833750515 0.1884084297 0.1767643983 0.1741472185 0.1413439374
0.1883409254 0.1881652023 0.1801145341 0.2001390191 0.1959253206 0.1724230040 0.1586498382 0.1949736393 0.1439046219 0.1855608062 0.2306638425 0.3332811534 0.4465977348 0.5919899295 0.7406100022 0.8225767972 0.8983143351 0.8135848520 0.6599247082 0.6136209533 0.4081951475 0.3820061560 0.2438041884 0.1394235826 0.1746107784 0.2801988893 0.1159397227 0.1223340956 0.1478814921 0.1531740597 0.1547617269 0.1335740010 0.1750707650 0.1500212402 0.1237251415 0.1720070721 0.1297815050 0.1044277875 0.1342748679 0.1502811918 0.1458515415 0.1420593858 0.1815738461 0.1178732732 0.1708737488 0.1569895089 0.2208380453 0.2299050297 0.3385659515 0.4831514826 0.5613673717 0.7220601126 0.8404675339 0.8886789584 0.8409643167 0.6711940860 0.5979613477 0.4391880763 0.3254416226 0.2557009028 0.2059817819 0.1193345105 0.1681948895 0.1334661351 0.1359542084 0.2050429229 0.1976714862 0.2008414993 0.2039454737 0.1756182674 0.1187495180 0.1202253022 0.1570073025 0.2127036372 0.1707906857 0.1357620493 0.1517014969 0.1272319153 0.1394585136 0.1607519661 0.1566900015 0.1109645695 0.1910100467 0.2224862559 0.2368591311 0.3270309768 0.4019118678 0.5704607084 0.7250601417 0.8213648738 0.8552512674 0.8344998977 0.7607878660 0.6531538088 0.4765061377 0.3387079716 0.2363624561 0.1827331016 0.1627765812 0.1754454274 0.1939753898 0.1446525019 0.2117797003 0.1231350858 0.1774647754 0.1465277378 0.1294301213 0.1759260055 0.2417617422 0.1568659718 0.1314936993 0.1525049544 0.1849428234 0.1685407832 0.1440468053 0.1999374496 0.1770241565 0.1813578139 0.1867533332 0.1631119656 0.2409874502 0.2358245980 0.3253681035 0.4511104413 0.5177277151 0.7079312339 0.8191247752 0.8311343529 0.8386788725 0.7308850108 0.5843808778 0.4888631383 0.2999904698 0.2623863554 0.2359126649 0.2148913899 0.1816787981 0.1491110430 0.1836796732 0.2087750867 0.1763362770 0.1649948274 0.1538735262 0.0961876088 0.1840805793 0.1764853339 0.1660329116 0.1995421887 0.1929030192 0.1942186849 0.1853215121 0.1900198707 0.2012098743 0.1610383171 0.1620051101 0.1909216632 0.2138346406 0.1563516539 0.2561820411 0.2984292601 0.4381266591 0.5231435229 0.6782590493 0.8707598944 0.8943633877 0.8916236446 0.8053666473 0.6318169621 0.5231365770 0.4151511412 0.2306443112 0.2360189870 0.1944086494 0.1465966884 0.1366041047 0.1615405427 0.1910982244 0.1844358976 0.0914349885 0.1972036006 0.1275390043 0.2298978254 0.1242062487 0.1275876467 0.2085269047 0.1517718529 0.1974781046 0.1417673847 0.2370345457 0.1701958449 0.1634295424 0.1744240957
0.1335463517 0.1764408322 0.1429358125 0.1980351610 0.1490613252 0.1539206007 0.1285123149 0.1637158080 0.1699564124 0.1824898096 0.2545497165 0.3627543352 0.4495266587 0.5926904834 0.7116005432 0.8799779743 0.8742418423 0.8087055504 0.7297145393 0.5888557763 0.4030867554 0.3473833439 0.2491228713 0.1847945784 0.1647491302 0.1416161120 0.1320982248 0.1361547883 0.1493171927 0.1233608846 0.1668644860 0.1311344833 0.1271281911 0.1810855279 0.1355376678 0.1790080529 0.1316515042 0.1536017556 0.1392602798 0.2213479964 0.1342738447 0.1454090884 0.1624692151 0.1094611721 0.1650759289 0.1811330607 0.2184527031 0.2473309936 0.3056207088 0.4088257701 0.6414525548 0.7319168043 0.8405862627 0.8610973788 0.8094113430 0.7326055694 0.5671893198 0.4230273352 0.3311996473 0.2167235268 0.1979173003 0.2048781789 0.1329919505 0.1950244706 0.1476842696 0.1433126893 0.1954454205 0.1808796100 0.1416020673 0.1494918289 0.1632844461 0.1690064813 0.1951563196 0.1957516260 0.1343899081 0.1738989744 0.2043593491 0.1289427516 0.1191229826 0.1140164012 0.1759319875 0.1641297839 0.1724437169 0.2563911045 0.2598063162 0.2949611657 0.4750033579 0.6078160178 0.7156910015 0.8137599352 0.8669361256 0.8749621627 0.7186819161 0.6224926067 0.5132779056 0.3286200191 0.2964423513 0.1861519726 0.1427539572 0.1687357411 0.2058078804 0.1180857265 0.1524885820 0.1885755099 0.1319604334 0.1695036547 0.1985728810 0.1332341763 0.1521755726 0.1820569860 0.2091336344 0.1413480078 0.1979884532 0.1793243007 0.1613328875 0.1555194505 0.1925142882 0.1248537025 0.1449595562 0.1715055418 0.1725583123 0.2516765568 0.3303322823 0.4236696742 0.5656379070 0.7049866352 0.8050831204 0.8891800223 0.9242389566 0.7770927428 0.6464745532 0.4631619885 0.3584778689 0.2295267061 0.2057140518 0.1684768085 0.1749631115 0.2103224775 0.1308877019 0.1568930856 0.1563609826 0.1582793692 0.1456016050 0.1596023006 0.1536382878 0.1831391686 0.1480356286 0.1453787204 0.1409313724 0.1532993412 0.1822420359 0.1985281778 0.1711852204 0.1960681731 0.1699644712 0.2313491523 0.1462411116 0.1835147943 0.2408694951 0.3166918398 0.4178607681 0.5495257526 0.6530030038 0.8163088535 0.9118720530 0.8750624126 0.8179471771 0.6707992070 0.4949097386 0.3277627272 0.3036485434 0.2506110969 0.1647545220 0.2127280150 0.1692400746 0.1553083320 0.1834166574 0.1310298257 0.1867854543 0.2044270194 0.1883241941 0.1746739409 0.1932092385 0.1892159162 0.1397862879 0.2200538470 0.2239240736 0.1244644222 0.1884586035 0.2102124972 0.1767863256 0.1861625593
0.1462245205 0.1561432158 0.1299338152 0.1715365854 0.1477514217 0.1499920972 0.1731545027 0.1724050555 0.1565010065 0.2287126649 0.2469252498 0.2821803750 0.4216806517 0.6011387620 0.7064766604 0.8970807566 0.8581206836 0.7968219153 0.6583967127 0.5736752639 0.3935088607 0.3772758340 0.2308358563 0.2148654017 0.1452847006 0.1488198167 0.1563922897 0.1165835316 0.1953838964 0.1548337078 0.1917694899 0.1859387079 0.1807732303 0.1611453431 0.1785096125 0.1686037215 0.1633820060 0.1336431495 0.1809852383 0.1605811873 0.1239519673 0.1818498318 0.1990027191 0.1569686566 0.1466362557 0.1660760934 0.1900275114 0.2350460559 0.3376175112 0.4810604539 0.5704130566 0.6688324361 0.8605144570 0.8415131341 0.8577301841 0.7076210022 0.5725593781 0.4113879664 0.2931198310 0.2634754629 0.2384934902 0.1610321276 0.2011093451 0.1934024812 0.1546378665 0.1406731428 0.1238471063 0.1759294983 0.1351681833 0.1257620423 0.1886848802 0.2191413597 0.1735883611 0.1627200908 0.1563405753 0.1377699199 0.1557288959 0.1460822416 0.1890029747 0.1900940134 0.1091170153 0.1909575887 0.1328836264 0.2319444895 0.2867737879 0.3628062041 0.4358757273 0.5682540267 0.7297161105 0.8292388031 0.8902952502 0.8693035584 0.7492188831 0.5965844676 0.4321893595 0.3568462595 0.2757265117 0.2316656438 0.2133878093 0.1682663002 0.1734084986 0.1665745087 0.1738570332 0.1776802048 0.1963212148 0.2012952105 0.1531761845 0.1963300944 0.1809374360 0.1209723273 0.1674892049 0.2098840435 0.1770548839 0.1801603241 0.1931596330 0.1416188138 0.1956059420 0.1863005531 0.1819642358 0.2028337040 0.2308326028 0.2387675467 0.3257554094 0.3609507357 0.5615265748 0.6866476484 0.8335137714 0.8976554912 0.8692946666 0.7803892381 0.6490637846 0.4443402495 0.3246476781 0.3293600114 0.2279153762 0.1577089886 0.1765343680 0.1646380790 0.1726034957 0.1318878932 0.1505456795 0.1408253040 0.1558538260 0.1500569899 0.1921482500 0.1834889836 0.1882367599 0.1661017310 0.1815438670 0.1925073966 0.1034418062 0.1772215489 0.1198807335 0.1710102142 0.1878309503 0.1993913640 0.2094383457 0.1968950449 0.2069103020 0.3375730464 0.4546685829 0.5744560511 0.7074812728 0.8241265140 0.9352153818 0.8664912560 0.8174529914 0.6899223535 0.4853263474 0.3574333834 0.2661076364 0.2334904596 0.2157371459 0.2046902771 0.1428846320 0.1215265062 0.2162233830 0.1780312830 0.1306557976 0.1997007496 0.1923816540 0.1505333436 0.1358585962 0.1115331983 0.1573881319 0.1876540570 0.1993220438 0.1524231192 0.2022405152 0.2171917564 0.1511881270 0.1700046625
0.1700511653 0.1230856330 0.1581650497 0.1525199617 0.1596020145 0.2149491290 0.1888051141 0.1961008776 0.1588232764 0.2406503564 0.2519296124 0.3399984634 0.4387263254 0.5668809886 0.7677097667 0.7817181625 0.8955453844 0.8509647115 0.7155334979 0.5576172057 0.4303871944 0.3105342638 0.2475035739 0.2076318068 0.2106190952 0.1699133356 0.1338584279 0.1696001320 0.1344487045 0.1690166314 0.1162480951 0.1430930504 0.1293575516 0.1577613612 0.1609818708 0.1506526423 0.2130341744 0.1156024008 0.0853010398 0.1667870815 0.1649521241 0.1821760840 0.1973078019 0.1268875915 0.1628975231 0.1876790872 0.1893066454 0.1961003304 0.3411691139 0.4488908533 0.5508413592 0.6996393378 0.8445914293 0.8389487155 0.8121762273 0.6940797614 0.6155600197 0.4252504229 0.3310773483 0.2541870005 0.2013605544 0.1932890451 0.1573392337 0.1678220844 0.1933067615 0.1305763509 0.1555973231 0.2002919319 0.2104160053 0.2173676931 0.1767581524 0.1981784924 0.2021033731 0.1912589142 0.1803413452 0.1453649427 0.1916989804 0.1416273800 0.1742336486 0.1391721126 0.1486197548 0.1966987063 0.2148601575 0.2051267250 0.2327198601 0.2990760878 0.4187068152 0.5574301763 0.7141968088 0.8412207328 0.9089157408 0.8722040640 0.7655944811 0.6333642213 0.4855094850 0.3497136465 0.2886801886 0.2210540991 0.2192040052 0.1584172592 0.1827285812 0.1817819373 0.1612405908 0.1953185500 0.1724649577 0.2016628751 0.1864170157 0.1879551558 0.1292457985 0.1185373723 0.1663678688 0.1611170757 0.1749975576 0.1781336429 0.1717233784 0.1916953818 0.2373801348 0.1997942920 0.1634871442 0.1573401643 0.1969981060 0.2488264877 0.3318407963 0.4044196518 0.5595179961 0.6968984267 0.8312591377 0.9168338262 0.8787857378 0.7787719735 0.6465082701 0.5145653687 0.3714515219 0.2810721116 0.2556793245 0.1800140874 0.2146336422 0.1411227661 0.1834494673 0.1493321315 0.1998182440 0.1849233483 0.2067875192 0.1503027387 0.1377209950 0.1712083740 0.1666700022 0.1127822893 0.2030980943 0.1490849597 0.1225072867 0.1727978411 0.1596914974 0.1998244888 0.2062627178 0.1775521377 0.2365517238 0.2225425304 0.2721895357 0.3228964900 0.4436953944 0.5524453272 0.6719427300 0.8434494584 0.8872023325 0.8879473122 0.8302114641 0.6655465873 0.5712581369 0.4147229367 0.2657368888 0.2493189639 0.2178636914 0.2112770067 0.1683478954 0.2049129266 0.1788569961 0.1797074422 0.1903817883 0.1864235501 0.1815214431 0.1776569413 0.2075812022 0.1803249484 0.2188038792 0.1516830880 0.1748207988 0.1508008794 0.1954467875 0.1713084751 0.1902018942 0.1480564410
0.1944921368 0.1904729678 0.1587562588 0.1505681986 0.1378670970 0.1913305434 0.1707080387 0.1839765110 0.1326560549 0.1892367952 0.2197637912 0.3274467586 0.4795756250 0.5743331059 0.7199402099 0.8599605962 0.8635905142 0.8296922093 0.6874773576 0.5507748333 0.4451909976 0.3239839877 0.1864240863 0.1805120880 0.1896206072 0.1567561098 0.1349085262 0.0870669837 0.1975214261 0.1035468254 0.1841119108 0.1720266157 0.1282258711 0.2458579433 0.1692003099 0.1622489901 0.1924663605 0.1596313610 0.1119184110 0.1845486756 0.1360988929 0.1426366143 0.1874821573 0.1359626218 0.2156279673 0.2443363191 0.1859412926 0.2266274073 0.3251665124 0.4199327992 0.5831513510 0.7192177865 0.8615233980 0.8806133608 0.8164551839 0.7773828382 0.5868632429 0.4448074877 0.3119567614 0.2934973981 0.1777238028 0.1591561304 0.1350855881 0.1802671072 0.1214611046 0.1689932754 0.1778163515 0.1756703119 0.1993840068 0.1779121005 0.1961013931 0.1692322510 0.1805031369 0.1814148091 0.1592388115 0.1884650250 0.1756096011 0.1842567346 0.2124223481 0.1785709710 0.1840068418 0.1755850827 0.1745945538 0.2187272062 0.2098050324 0.3653389754 0.4058625951 0.5498167432 0.6575330560 0.8080131925 0.8851642384 0.8794270350 0.7539578358 0.5934915374 0.4151743615 0.3209063743 0.3093320301 0.2661772706 0.1924846921 0.1622491916 0.1612256909 0.1764307620 0.1332857782 0.1456910571 0.1541229002 0.1139926372 0.1463847213 0.1805748909 0.1681321123 0.1532264982 0.1697218482 0.1623104120 0.1731289466 0.1838952790 0.1806851776 0.1531885450 0.1938530404 0.1520304365 0.1769756823 0.1558406510 0.2100997553 0.2172539173 0.3365426269 0.4023214358 0.4944624958 0.7208323388 0.7983161366 0.9665205875 0.8426918814 0.7457705640 0.6555779840 0.4728734800 0.3118947168 0.3057944929 0.2364519414 0.1918319930 0.2016255546 0.1837708304 0.1731805055 0.1759413841 0.2086518774 0.1826088478 0.1789744422 0.1888843857 0.1309889454 0.2030599271 0.2028264283 0.1630199532 0.2053389418 0.1915372888 0.1835229309 0.1308801800 0.2101887578 0.1707958562 0.2172177475 0.1618562614 0.2042158031 0.2493897503 0.2107673656 0.2843755019 0.4513192966 0.5296591785 0.7046641113 0.8405299611 0.9117438784 0.8946155795 0.8068394548 0.6960267439 0.5319886618 0.3395207908 0.2726873766 0.2827138933 0.2385380140 0.1217026550 0.1900065194 0.2177862009 0.2288253705 0.1913672894 0.2353360769 0.1479546569 0.2172677993 0.1723537877 0.1993967131 0.2334072726 0.2239249912 0.2162272939 0.1869756530 0.1954378044 0.1413140663 0.1873174069 0.2308231680 0.1960966316
0.1546886743 0.1568511916 0.1422201411 0.1519546813 0.1663165005 0.1534010783 0.2005716937 0.1338776686 0.1642459457 0.2016170815 0.2598967379 0.3350648173 0.4444341096 0.6113191937 0.7003687243 0.8330141145 0.8430763169 0.8541388883 0.7319202490 0.5967014398 0.4570192459 0.3698987500 0.2268927441 0.2226278184 0.1405385703 0.1794476367 0.1642835980 0.1216677740 0.1231702813 0.1640769165 0.1367997388 0.1149097938 0.1433121593 0.1802289011 0.1629655454 0.0995504351 0.1781497162 0.1784376506 0.1828680731 0.1649178589 0.0832395248 0.1303494932 0.1549762486 0.1477090676 0.1556739525 0.1399240964 0.2410631105 0.2256555861 0.2586550641 0.4580356868 0.5790848238 0.7554289057 0.8542141854 0.8954499683 0.8570301471 0.6999596345 0.5265235252 0.4736260057 0.2519918240 0.2477167722 0.2633818447 0.2156333924 0.1199698736 0.2154387900 0.1974124808 0.1687813382 0.1209762148 0.1477887916 0.1568166076 0.1539542593 0.1676416227 0.1366154627 0.1997856864 0.1138110758 0.1770392963 0.1564092275 0.1591515596 0.1363273967 0.1622871554 0.1609920586 0.1609632452 0.1373658948 0.1550318541 0.2105109779 0.2509057350 0.2849281951 0.3985855379 0.5559726568 0.7112204715 0.8163867671 0.9157745358 0.8213059569 0.7810709782 0.6061791440 0.5203914423 0.3928079708 0.2604201499 0.2178577463 0.2152300720 0.1347703011 0.1635571673 0.1646143025 0.1993998576 0.1440023822 0.1844377192 0.1387883802 0.1982874400 0.1055477080 0.1699244119 0.1582465776 0.1713900895 0.1674636212 0.1057748474 0.2345885302 0.2564451513 0.1549629091 0.1515342686 0.1112952150 0.1799264586 0.1748474245 0.1979114645 0.2665520054 0.2894930515 0.4225266004 0.5513602937 0.7243633969 0.7811312464 0.9142815131 0.8643524718 0.7897677068 0.6883035946 0.4799698645 0.3485515830 0.2535722885 0.2339279963 0.2330658937 0.2357701069 0.1221282658 0.1449235911 0.1613948096 0.1808786275 0.1696040519 0.1772617621 0.1641592604 0.1577109411 0.1717576733 0.1399397375 0.1635601265 0.1678647499 0.1432747567 0.1512795161 0.1919356170 0.1966120986 0.2038088579 0.1615632431 0.2006795467 0.1718742656 0.1958738252 0.2615962464 0.2860957553 0.3692715967 0.5010868500 0.7123121245 0.7992738496 0.8768282931 0.8960815720 0.8055444870 0.6888413215 0.5182822823 0.4099206262 0.3226440069 0.2483061153 0.2121843203 0.1643279394 0.1294392027 0.1857002825 0.1620693901 0.1637527558 0.1505651903 0.2051702950 0.1851750251 0.1017857432 0.2073290038 0.1662416401 0.1728425700 0.2362406821 0.1745543785 0.1610952779 0.1839290807 0.1652415227 0.1510131055 0.1947869716
0.1122203304 0.1327072309 0.1219810195 0.1359710854 0.1239387056 0.1643274498 0.1497034299 0.1999083743 0.1862126146 0.1972331559 0.2587542456 0.2754332520 0.4552161606 0.5328818351 0.7207886969 0.8175416276 0.8461538016 0.8657623804 0.7167916452 0.5600884596 0.3959519485 0.2841820945 0.2653743239 0.1817722552 0.1200595527 0.1528730474 0.1492149713 0.1590258947 0.1821368139 0.1782232828 0.1641941694 0.1123764811 0.1574377727 0.1455917879 0.1451696378 0.1717165755 0.1958606541 0.1121899817 0.1281613639 0.1367030354 0.1510524646 0.1450659730 0.1643292831 0.1586335966 0.1599659033 0.1940676072 0.1721845709 0.2298443787 0.2822534940 0.5033413947 0.5606057791 0.7305831824 0.8480595792 0.8375559952 0.8152783158 0.8043505038 0.5538076232 0.4320493744 0.3694103507 0.2002231142 0.2303174595 0.1727219227 0.1628579139 0.1694459308 0.1680933888 0.1508616844 0.1288686176 0.1037092645 0.1388295464 0.1560807668 0.1664058715 0.1296267722 0.1226258731 0.1921501294 0.1652920571 0.1718177520 0.1626745243 0.1865173673 0.1563946025 0.1268513519 0.1488165012 0.2153246238 0.1842860147 0.2001528585 0.2526449315 0.2999546341 0.4512377287 0.5741563356 0.6931756192 0.8252002308 0.9137405671 0.8697420678 0.8125493564 0.6707716545 0.4925206639 0.3312010583 0.2464035286 0.2043580510 0.2008341696 0.1814014192 0.1214979444 0.1647863363 0.1621263232 0.1578892222 0.1267176018 0.1707487622 0.1484189654 0.1571613701 0.1767392338 0.1498714282 0.1360335906 0.1401334168 0.1462664502 0.1587669144 0.1925157930 0.1767710193 0.1666721475 0.1479678669 0.1138838526 0.1837296614 0.2029311739 0.1803562628 0.2786169167 0.3680391065 0.5104134937 0.6808898231 0.7966133514 0.8803002577 0.8668619523 0.7632141383 0.6404366130 0.4478693870 0.3353612361 0.2511398840 0.2048455484 0.2639191523 0.2204682403 0.1835326971 0.2006602844 0.1919448630 0.1324072076 0.2023331144 0.1739148549 0.1561335151 0.1577759873 0.1523722182 0.1898158809 0.1310153981 0.1301611571 0.1744592513 0.1424586279 0.1340128256 0.1578246036 0.1939388168 0.1681424532 0.1313635779 0.1992362453 0.2254000253 0.2560499709 0.2551601936 0.3928991148 0.5375816900 0.6843944505 0.8221474348 0.8869003829 0.8813786797 0.7854022701 0.6224948507 0.5083162919 0.3886881846 0.3065638097 0.2254984671 0.1732173091 0.1814535555 0.1663684128 0.2173287960 0.1409846000 0.1950869479 0.2037633251 0.1734719284 0.1645874836 0.1443822978 0.1116927145 0.1399086214 0.1497000492 0.1315146062 0.1905374946 0.1707237276 0.1622693909 0.1842714509 0.1518047592 0.1597844718
0.1474747823 0.1264413105 0.1302061417 0.1109734533 0.1297099671 0.1313937676 0.1090319076 0.1203393253 0.1784946928 0.1203482377 0.2284785694 0.3096468402 0.4009538735 0.5701103564 0.6938490146 0.9048847205 0.8457028028 0.8622894500 0.7183854771 0.5585674071 0.4533934283 0.3433287442 0.2756590673 0.1733711843 0.1266894991 0.1737092507 0.1787682232 0.1525074170 0.1927080607 0.1588247939 0.1386708507 0.1434467212 0.1295910286 0.1088862992 0.1049281741 0.1714620004 0.1923380084 0.1508807692 0.0810654526 0.1524896405 0.1025076640 0.1026056600 0.1547825672 0.1532493880 0.1769299846 0.1894734860 0.1667101147 0.2584970922 0.2923095040 0.4841237391 0.5529215569 0.7090625400 0.8807296761 0.8788571048 0.8611140956 0.7119519794 0.5550268890 0.4753973659 0.2995749388 0.2663730908 0.1527134251 0.1425907459 0.1738223474 0.1568170403 0.1229448397 0.2063242545 0.1020569357 0.1837690213 0.1222708471 0.1659315468 0.1221652733 0.1688464926 0.1516315667 0.1406575168 0.1547607399 0.1269542625 0.1756157870 0.1222157819 0.1438528627 0.1739047339 0.1749436089 0.1199589354 0.1719096174 0.1229976803 0.2322260128 0.3341533522 0.3869795730 0.5176340817 0.6348594473 0.8334113840 0.9052321957 0.8454024417 0.7393585676 0.6454336905 0.4606606388 0.3151249224 0.2872507701 0.2372585321 0.1159861439 0.1295871087 0.1496540172 0.1349909676 0.1695629740 0.1939343189 0.1200282995 0.1607164306 0.1651069976 0.1309037855 0.1491203150 0.1525270170 0.1304801980 0.1537053691 0.0926118835 0.1455184263 0.1578597049 0.1484682007 0.1576738237 0.1797140885 0.1747015529 0.1621583798 0.1949776217 0.1929365074 0.3221596318 0.3554175728 0.6064142633 0.7107967176 0.8182913478 0.8922582793 0.8386031664 0.7606512718 0.6628364771 0.4793062556 0.3533848926 0.2759172988 0.2038562278 0.1537919926 0.1470028328 0.1886052267 0.1643723297 0.1754378737 0.1490277537 0.1406660906 0.1851590313 0.1704453412 0.1593744411 0.1738021702 0.0954059206 0.1369788100 0.1595379985 0.1562587333 0.1254129377 0.1528772148 0.1930670736 0.1429981340 0.1452571407 0.1665793331 0.1791466293 0.1718748483 0.2161427369 0.3031015563 0.3509646410 0.5007295562 0.6442083504 0.8041052074 0.8847805335 0.8580382715 0.7583823735 0.6687034133 0.4328933724 0.4323394301 0.2859416752 0.2282885150 0.1872953893 0.2031484874 0.1485697097 0.1411273234 0.2026426101 0.1714265220 0.1276606504 0.2012212763 0.1415331700 0.2061870816 0.1584484152 0.1353700669 0.1949170237 0.1564826203 0.1981237129 0.1900604037 0.1861558997 0.1007778121 0.2022258446 0.1615415984
0.1259409709 0.1166966518 0.1501195971 0.1748412038 0.1507577612 0.1571292070 0.1259413958 0.1665264551 0.1755647330 0.1796966399 0.1967550214 0.2991318110 0.3837636174 0.5363434271 0.6969359209 0.8235667790 0.8641369346 0.7901940124 0.7163083059 0.5682424411 0.4404755996 0.3030191981 0.2363098743 0.2145606278 0.1407958756 0.1323361176 0.1250081915 0.1542313962 0.1980710184 0.1435253876 0.1455564329 0.1126596076 0.0991247718 0.1804150129 0.1306245076 0.1187025611 0.1648873557 0.1537930499 0.1191220240 0.1779397338 0.1238847441 0.1183492479 0.1453359140 0.1680887206 0.1656733371 0.1582793882 0.1949163711 0.2119881717 0.2384975071 0.4059593090 0.5937627480 0.6806860087 0.8128140205 0.8648359276 0.8451741874 0.7790272705 0.5871228694 0.3960717064 0.2943627835 0.1821976174 0.1797389296 0.1384369072 0.1640891212 0.1877776769 0.1474806453 0.1315898360 0.1179355033 0.1302979611 0.1382198319 0.1157382564 0.1480213303 0.1251431288 0.1340016652 0.1196088725 0.1726986060 0.1464662209 0.1444994775 0.0980411447 0.1344271856 0.1530626475 0.1628919252 0.1397179645 0.1146770370 0.1351613158 0.2389400000 0.2972974888 0.4008923674 0.6311992245 0.6533517853 0.7532310386 0.8635627857 0.8172964114 0.7371282784 0.5952708691 0.4946678028 0.3005839658 0.2484668284 0.1895004345 0.1482374865 0.1509996786 0.1554926564 0.1370259069 0.1718149512 0.1192010101 0.1180958201 0.1286764000 0.1657523290 0.1812342360 0.1503849302 0.1764541080 0.1556781561 0.1566494898 0.1145566995 0.1120611827 0.1675429408 0.1353889835 0.1797957321 0.1495992896 0.1336351013 0.1435507062 0.1620121922 0.2511145486 0.2888618067 0.4245234885 0.5291524653 0.6741058776 0.8218945968 0.9283164813 0.8592227574 0.7785774345 0.6639325082 0.4827029256 0.3962010974 0.2855465161 0.1673544189 0.1676917207 0.1421574314 0.1788981641 0.1113537581 0.1415691092 0.1511905265 0.1741188324 0.1565717807 0.1639524843 0.1497220438 0.1467874546 0.1696814012 0.1820022282 0.1026999806 0.1945192253 0.1666042403 0.1864750625 0.1715769894 0.1298439252 0.2094259845 0.1553047260 0.1669835674 0.1647323936 0.2340504189 0.2432069406 0.3888452220 0.5095587777 0.6416332374 0.7727965400 0.9018684003 0.8792412640 0.8053551012 0.6617724808 0.5063951557 0.3775439536 0.3201515917 0.2006678306 0.1849430613 0.2036474184 0.1451763706 0.1406075755 0.1301358775 0.1932773214 0.1173549851 0.1718032218 0.1527616627 0.1737987941 0.1822224551 0.1594080116 0.1863782536 0.1725087019 0.1330803333 0.1447159915 0.1865249363 0.2231782732 0.1758823472 0.1741773029
0.1341893518 0.1014434742 0.1556155801 0.1330543320 0.1139193523 0.0861822492 0.1263129835 0.1622992598 0.1235297172 0.1718191408 0.1719922577 0.3003364351 0.4185448779 0.5193310166 0.7280463986 0.7888278849 0.8334886957 0.7892234678 0.7094543488 0.5242016133 0.4165918357 0.3035015530 0.2419703149 0.1711846258 0.1406455779 0.1140004576 0.0908031269 0.1491114865 0.1028788813 0.1203692923 0.1762534731 0.1164878492 0.1773096421 0.0935313780 0.1291894049 0.1704674837 0.1281694376 0.1373285335 0.1905183347 0.1117186385 0.1233889865 0.1409818832 0.1148876471 0.0929961028 0.1857351987 0.0891951030 0.1730458429 0.2145920395 0.2965356094 0.4002679209 0.5356237799 0.6408473838 0.8075955585 0.8332189970 0.8659121319 0.7187937807 0.6020546145 0.4688666907 0.2606225506 0.2442918399 0.1773969591 0.1431054426 0.1411454294 0.1903264763 0.2040451020 0.1084566677 0.1465419187 0.1420102909 0.1199671448 0.1154632549 0.1373044759 0.1350523719 0.1399476558 0.1403168898 0.1152998993 0.1534959529 0.1205339868 0.1391753373 0.1229718980 0.1249289276 0.1796144690 0.1571670245 0.1302637154 0.2463360897 0.2256884556 0.2653932348 0.3763438336 0.5703685485 0.6406361740 0.8067175732 0.8954701999 0.8614940079 0.7839153597 0.5920364239 0.4198256547 0.3654576058 0.2360376622 0.2345505326 0.1480500030 0.1538971806 0.1466045631 0.1254572850 0.1429754675 0.1184409647 0.1507677986 0.1199915678 0.1984861218 0.1467290391 0.1098711103 0.1147186653 0.1634638807 0.1599631615 0.1990179950 0.1560122123 0.0749420741 0.1796701116 0.1507429174 0.1484552030 0.1288794293 0.1646143319 0.1490579735 0.2226346469 0.2700509464 0.3843821615 0.5624196257 0.7015208712 0.7871731519 0.9051535867 0.8853151164 0.8102393615 0.6177655943 0.4833998237 0.3502582228 0.2457922974 0.1868057590 0.1910617264 0.2065311524 0.1076286341 0.2087137460 0.1217287724 0.1405142265 0.0972950961 0.1314734145 0.2218733196 0.1225349458 0.1247913805 0.1550658061 0.1481022015 0.1831276561 0.1403498645 0.1448589360 0.1170368918 0.1458048783 0.1389502157 0.2051305327 0.1530413208 0.1716391580 0.1441543961 0.1944904040 0.2637104621 0.4039784325 0.4815576958 0.6777495161 0.7580423619 0.8639365155 0.8413986782 0.8357801058 0.6516040538 0.5427261611 0.3669177294 0.2149387347 0.2042101458 0.1562798504 0.2067311649 0.1547668539 0.1953889065 0.1695283165 0.1501630330 0.1247603477 0.1232409505 0.1376104049 0.1876606000 0.1740468983 0.1733395634 0.1402353544 0.1628930726 0.1995440285 0.1694590672 0.1370625912 0.1202244035 0.1416949057 0.1531451705
0.1766681563 0.1291917782 0.1341707820 0.1513067115 0.1761081935 0.1099197990 0.1183907072 0.1717193769 0.1440005362 0.1538644409 0.1444092477 0.2973057761 0.4562254362 0.5235422513 0.6568391709 0.7680521787 0.7936196929 0.8052302113 0.7186323015 0.5220929030 0.3749573186 0.2993803524 0.2442754070 0.1658356174 0.1668236256 0.1528479967 0.0926502326 0.1003803140 0.1043594572 0.1478863829 0.0998564754 0.1665429447 0.1459809493 0.1227151362 0.1413051439 0.1508590981 0.1191052339 0.1219622532 0.1287752526 0.0958770771 0.1232162865 0.1018860686 0.1770785176 0.1226305170 0.1225206590 0.1443541334 0.1661958001 0.1660217716 0.3217168612 0.3544903654 0.5243793355 0.6647743274 0.7950933140 0.8467879351 0.8345732209 0.7401991827 0.5199267321 0.4780613218 0.3084559509 0.2166561733 0.1914238048 0.1769750498 0.1267497482 0.1506479695 0.1455673639 0.1027338101 0.1528789870 0.1139628151 0.1090905571 0.1224595504 0.1128144019 0.1395658889 0.1060855284 0.1167406175 0.1612658509 0.1419722240 0.1299998192 0.1036847409 0.1334682232 0.1228382224 0.1512030611 0.1279763512 0.1855251235 0.2044460293 0.2175884809 0.2990734483 0.4180230993 0.5064037543 0.6877306277 0.7811185457 0.8787205224 0.8267085499 0.7131138263 0.5876135095 0.4664539537 0.3341419660 0.2554053105 0.1947638035 0.0583103989 0.1775777794 0.1605326425 0.1455896790 0.1065994196 0.0844250394 0.1511874063 0.1425229412 0.0994321958 0.1261799713 0.1423749470 0.1102420222 0.1365708708 0.1351390141 0.1425088656 0.1039222305 0.1066862441 0.1087563247 0.1627915350 0.1301878788 0.2013769454 0.1495302930 0.1208076515 0.1638168892 0.2682214028 0.3877693376 0.4942358178 0.5757906123 0.7802147161 0.9023402689 0.8673411084 0.7568229650 0.6317331437 0.4978659541 0.3213965622 0.2932031006 0.1854886337 0.1344371153 0.1554744626 0.1307867576 0.1284397397 0.0975877116 0.1560080299 0.1159217645 0.1400974485 0.1343358239 0.1276118417 0.1384838570 0.1194824496 0.1332578076 0.1385854681 0.1419785449 0.2179798898 0.1558565804 0.1674196911 0.1126571255 0.1202236372 0.1993898447 0.1914800292 0.1994987837 0.2061225547 0.2345161425 0.3535525316 0.4983845153 0.6381504454 0.7588993597 0.8679972339 0.8500934764 0.8345444087 0.6697151073 0.5022311699 0.3850452508 0.2896958123 0.2584821841 0.1415697632 0.1563662212 0.1272997633 0.1552477615 0.1264190728 0.1243722089 0.1211571625 0.1691960053 0.1124336524 0.1094406754 0.1543234076 0.1285918602 0.1206848501 0.1668556767 0.1188578875 0.0907565069 0.1790675637 0.1890688814 0.1592027413 0.1235859171
0.1514353641 0.0885474287 0.1571103665 0.1409830433 0.1024698794 0.1288065066 0.1353225746 0.0815227701 0.1542299096 0.1104779635 0.1718093197 0.2530572080 0.3351447373 0.5319523105 0.7197637889 0.7959329392 0.7998558793 0.7847507833 0.7202222895 0.5329061559 0.4131940280 0.3148067410 0.2586561528 0.1554575825 0.1018632648 0.0757101646 0.1762084639 0.1458900398 0.1782034666 0.0780921380 0.1066095835 0.1244217522 0.1338956458 0.1491340146 0.1501884524 0.0946594766 0.1020353406 0.1486176655 0.1372248338 0.1348312749 0.1096363903 0.1230898844 0.0976076001 0.1387310337 0.1187030233 0.1435641336 0.1251442264 0.1733659508 0.3420766865 0.4434585738 0.4838366528 0.7415643674 0.8157084085 0.8206405614 0.8069461320 0.7391143796 0.5500392010 0.4152184314 0.3186458644 0.1887241565 0.2225359999 0.1123127559 0.1642887070 0.1606673476 0.1374600625 0.1397215481 0.1526919967 0.0725412657 0.0896011271 0.1362721074 0.1660922904 0.1312829150 0.0999467284 0.0922869470 0.1352009710 0.0970477416 0.1336462228 0.0943301808 0.1344585519 0.1255324372 0.1506537956 0.1053361464 0.1016462028 0.1577642075 0.1488179879 0.3098871442 0.3484996907 0.5464297563 0.6176025062 0.7541803786 0.8650354080 0.7943222953 0.7208540039 0.6238812144 0.4622107599 0.3320443868 0.2193164232 0.1531628190 0.1696360920 0.1561991953 0.1412576770 0.1652561117 0.1132589308 0.1316478733 0.1104113472 0.1040476092 0.1324060408 0.1855697172 0.1457898594 0.1193826474 0.1263299749 0.1107686144 0.1789877355 0.1346489256 0.1390353147 0.1606449121 0.1293486067 0.1133261095 0.1041664401 0.1230444179 0.1124320644 0.2660650465 0.2668487518 0.3480887235 0.4566255850 0.6319402516 0.8202890288 0.8347281798 0.8020347558 0.8034291250 0.6496776310 0.5053292934 0.4034420654 0.2138920912 0.1970650481 0.1652340323 0.1887899561 0.1327400358 0.1662249631 0.1026101844 0.1264873085 0.1295947134 0.1348732008 0.1179273611 0.1492496178 0.1569048016 0.1823945838 0.1798041340 0.1064447598 0.1776433177 0.1507095202 0.1245812418 0.1448153924 0.1571992281 0.1413850744 0.1086992178 0.1577048989 0.2171801209 0.1816203754 0.2513084630 0.3400761280 0.5179083596 0.6508091472 0.7934073606 0.8297970380 0.8363627025 0.7363343808 0.6800465681 0.4943929422 0.3563958023 0.2851916591 0.2485503775 0.1630788957 0.1369910499 0.1828555571 0.1442114171 0.1451335120 0.1680085291 0.1238359288 0.1578272236 0.1025498664 0.1648227049 0.1361942927 0.1551895034 0.1445097074 0.1090660490 0.1690577221 0.1132268117 0.1106650937 0.1368723820 0.1449846391 0.1728417057
0.0666367154 0.1498453729 0.1140854649 0.1287166183 0.0878200185 0.1229329653 0.1439694902 0.1033579792 0.1405200560 0.1443495902 0.1909220272 0.2966971044 0.4400767991 0.5166380981 0.6900494059 0.7888225235 0.8730747813 0.8041955073 0.7551275393 0.5805690441 0.4240513925 0.3026742997 0.1868335796 0.1523335311 0.1617241262 0.1431528407 0.1057405013 0.1081385075 0.1465865160 0.1253809897 0.1618166832 0.1290117258 0.1112069837 0.1350229751 0.1430005507 0.1215284405 0.0636800335 0.1589684868 0.1465618088 0.0684730760 0.1293577013 0.1497041572 0.1254723821 0.0628814640 0.2194109748 0.1488852271 0.2151135446 0.1821438503 0.2437921723 0.3745650327 0.4691041069 0.6638122875 0.7294166751 0.8110837092 0.7876133622 0.7473559324 0.5767821002 0.3555532050 0.3168085628 0.1979682061 0.2112774610 0.1624246236 0.1734000039 0.1700025867 0.1093042116 0.1384505046 0.0867438847 0.1487893594 0.1061079901 0.1490023574 0.1193721036 0.1163565620 0.1286325659 0.1149478282 0.1199483007 0.1220378593 0.1346962943 0.1115040960 0.1682467090 0.1277627361 0.1062864519 0.0950720290 0.1443071873 0.1641229504 0.2272236479 0.2627753000 0.4241315730 0.5247555424 0.6214479599 0.7720515040 0.8117298149 0.8351267774 0.7238931477 0.5317342961 0.4537127681 0.3543731003 0.2109416896 0.1049311904 0.1441033560 0.1605412116 0.1247972352 0.1555919899 0.1385149391 0.1336850378 0.1257946393 0.1556990241 0.1612519688 0.1603555932 0.1697957358 0.1219984498 0.1309907517 0.1428995741 0.0841355654 0.1242754526 0.1292444037 0.1281556935 0.1134500584 0.1327540264 0.1371568090 0.1475490952 0.1339318446 0.1487180076 0.3033373973 0.3239891033 0.5052653547 0.6824638640 0.7264518756 0.8080123469 0.7941513445 0.7796351897 0.6370813107 0.4689232074 0.3708724839 0.2354135050 0.1590006598 0.1401108437 0.1824338452 0.1029600784 0.1461429059 0.1526939627 0.0934240640 0.1375277873 0.1399266943 0.0820022873 0.1497823370 0.1462547217 0.0932460645 0.1393161799 0.1366356322 0.0907046324 0.1483848337 0.0968649149 0.1066797551 0.1518850577 0.1311104063 0.1715333322 0.1951409308 0.1391422000 0.1603814162 0.2687712457 0.3932130006 0.4690660688 0.6214362533 0.7123808987 0.8341506691 0.8161240404 0.7799241028 0.6670344120 0.4799659497 0.3107178637 0.2297679312 0.1690691582 0.1987962946 0.1738940710 0.1294371828 0.1223945966 0.1599978492 0.1305590675 0.1439078817 0.1292124519 0.1097199540 0.1254427518 0.1010033329 0.1337841860 0.1315915012 0.1478248351 0.1956603387 0.1905076333 0.1441599709 0.1817155252 0.1183049048 0.1467504631
0.0986572632 0.1631427129 0.1462127142 0.1121933218 0.0994235606 0.0769849909 0.1272335399 0.0976029107 0.0845074276 0.1631458132 0.1721451100 0.2389083425 0.3375112998 0.4661669230 0.6620041652 0.7910893517 0.8774280432 0.8632949428 0.7110101415 0.4977158998 0.4318741739 0.2987083171 0.2115631648 0.1410860479 0.1353606907 0.1483661084 0.0966734142 0.0927835195 0.1212557447 0.1654872956 0.0927454671 0.1203696171 0.1538834802 0.1001066489 0.1477610290 0.1442073809 0.1060600159 0.1425857543 0.1106727514 0.1451985807 0.1447862719 0.0739241949 0.1577742497 0.0667605362 0.1405388672 0.1827832964 0.1428066053 0.1949531158 0.2592628359 0.3570375369 0.5337007844 0.6187288532 0.7714768357 0.8159882333 0.8084292770 0.7227691102 0.5765704757 0.4409216474 0.3142949985 0.2319204127 0.1894551592 0.1517878647 0.1240375843 0.1029024049 0.1686889703 0.1425326408 0.1233981040 0.0998770439 0.1557982296 0.1326260817 0.1382912599 0.1517403258 0.0649376048 0.1191771250 0.1295056214 0.1282189270 0.1337826040 0.0970205051 0.1273041982 0.1325584993 0.1075274609 0.1368974951 0.1720909281 0.1640150491 0.1874477007 0.2402058818 0.3766599809 0.4953222424 0.6721033343 0.8060367069 0.8870849674 0.7493686570 0.7473320022 0.6068908911 0.4274016031 0.3053564313 0.2367762725 0.1605743613 0.1205243432 0.1078895468 0.1149289555 0.1678376487 0.1336703956 0.1271706586 0.1147008116 0.1517010549 0.1197387625 0.1106812804 0.1098263040 0.1504248199 0.1349673863 0.1494096010 0.1260804373 0.1259923119 0.1538274824 0.1116480520 0.1503703609 0.1453614090 0.1423508150 0.1826895398 0.0986942835 0.1861709375 0.2119149200 0.3223488579 0.4524243870 0.5967231804 0.7980109703 0.8622843216 0.8639758468 0.7536246190 0.6177427735 0.4259945038 0.3489395981 0.2655722871 0.1883085474 0.1594855062 0.1409666088 0.1020969201 0.0820728040 0.1005123473 0.1368555401 0.1030678491 0.1386768803 0.1309268203 0.1274222405 0.1060513066 0.1494568627 0.1222284551 0.1362070501 0.1528104436 0.1600432113 0.1653888660 0.0956841412 0.1008118686 0.1824833329 0.1136426992 0.1503775768 0.0910644772 0.1575333225 0.2830259588 0.3427210087 0.4461103319 0.6265936530 0.8030196958 0.8140380887 0.8462854082 0.8282330471 0.5841976883 0.4937007240 0.3835042400 0.2961835216 0.2372673876 0.1298183123 0.1797025090 0.1208990759 0.1570156654 0.0994696527 0.1506878863 0.1542335163 0.0833203204 0.1354645964 0.1417771978 0.1277237082 0.0980311124 0.1707816529 0.0843837406 0.1361111332 0.1104619714 0.1158240591 0.0965506823 0.1252762470 0.1330025354
0.1060567560 0.1593108702 0.1036168067 0.1301427586 0.1133298984 0.1029814881 0.1563574080 0.0972892567 0.1503874585 0.1526037397 0.2006693213 0.2599267500 0.3708004736 0.5475047761 0.6799276544 0.7716166007 0.8391498610 0.8513341140 0.6941242076 0.5268421247 0.4197407772 0.2764477086 0.2102162164 0.1513877451 0.1449681320 0.1008416937 0.1966700416 0.1266773702 0.1157405037 0.1691710068 0.1180637238 0.0979833772 0.0965029868 0.0872518565 0.1392688917 0.0920408862 0.1343235904 0.1193992468 0.1193276831 0.1276373981 0.1358606479 0.1639652359 0.1514160717 0.1094994449 0.0682326890 0.1129423128 0.1730594306 0.2047529549 0.2807938504 0.3778038323 0.4947036217 0.7249639661 0.7583561361 0.8020050963 0.7889812096 0.7640815752 0.6045026909 0.4366823311 0.3352910770 0.2955136527 0.1808779317 0.1683848128 0.1142127421 0.1127770292 0.1244481483 0.1188657358 0.1106076179 0.1356106219 0.1163642616 0.1463111810 0.0877114293 0.1498977037 0.1003083285 0.0986809714 0.1541419947 0.1371001933 0.1680475083 0.1263907279 0.0986274198 0.0551052483 0.1386373980 0.1222294045 0.1074745400 0.1299408932 0.1811800899 0.2337462281 0.3600445805 0.4519595382 0.6580044570 0.8209003452 0.8327976658 0.7842416074 0.7665501134 0.6627238002 0.4424992197 0.3405942837 0.2353963886 0.1927662529 0.2031375692 0.1527299929 0.1431695241 0.0937642614 0.1070482140 0.0837789395 0.1691063882 0.1450705069 0.1384641129 0.1626568453 0.1032357291 0.1567715621 0.1613468637 0.0814864846 0.1413978603 0.1425280791 0.0981819877 0.1558950009 0.0809441373 0.1293687543 0.1891826503 0.1532986190 0.1913731190 0.1316248012 0.2410673947 0.3475378395 0.5060105404 0.6315470083 0.7257907568 0.8296687682 0.8251866527 0.7431404587 0.6085814873 0.4750755683 0.3809283001 0.2759951049 0.1981518024 0.1922681079 0.1685273046 0.1819566902 0.1240260050 0.1132816171 0.2192399674 0.1558337039 0.0918864221 0.1543376798 0.1423004587 0.1718729486 0.1071511198 0.1271472963 0.0981773950 0.1500257037 0.1122034430 0.0877734864 0.1045856296 0.1434402324 0.1530459755 0.0985001254 0.1339888657 0.2252336965 0.2029734887 0.2299478568 0.3264331500 0.4689676393 0.6184488652 0.7517445686 0.8045956357 0.8659416913 0.7714580801 0.6301763242 0.5223232500 0.4001208177 0.2576503219 0.1504462495 0.1481990090 0.1382941672 0.1176907034 0.1864462343 0.1312422985 0.1436491884 0.0998127287 0.1310960405 0.1245897532 0.1176461453 0.2016188503 0.1114867858 0.1471676016 0.1508215685 0.1622042806 0.1943424317 0.1589420780 0.1490631421 0.0921307643 0.1353046764
0.1283853115 0.0769613352 0.1420298423 0.1752363648 0.1116613197 0.1287888562 0.1375520956 0.1066982029 0.0880183524 0.1451258236 0.1768472878 0.3004958584 0.4302171380 0.5182670733 0.6290399435 0.7779186398 0.7987466415 0.8239317514 0.6845107605 0.5656872866 0.4379517327 0.2967453540 0.2331313015 0.2025476698 0.1187995177 0.0985921553 0.1503914607 0.1295312754 0.1010579329 0.1124242084 0.1463354622 0.1147436770 0.1048406350 0.1485987609 0.0706484370 0.1406596766 0.0638471428 0.1730733210 0.1669974688 0.1803641287 0.0917493582 0.1253619804 0.1388724950 0.1111782165 0.1061648174 0.1851256262 0.1981710756 0.2053228522 0.2867902605 0.4090195597 0.5171258714 0.6260618070 0.8353873021 0.8460705388 0.8307119838 0.7481734510 0.5981117345 0.4409880553 0.2908324611 0.2116738099 0.1437017732 0.1576558884 0.1683927001 0.1992274164 0.1027020512 0.2169978884 0.1056344425 0.1207220453 0.1145054810 0.2262141002 0.1744821776 0.0805344338 0.1400666470 0.1763589049 0.1000183453 0.1577303008 0.0882595240 0.1424381881 0.1634468927 0.1064723625 0.0955044448 0.0996201012 0.1282937223 0.1959510696 0.2054523705 0.2183419155 0.4208421819 0.5201336434 0.6362996490 0.7763047539 0.8684318432 0.8804368354 0.7737814070 0.5845224549 0.4161537317 0.3190288388 0.2513922647 0.2619629199 0.1414759567 0.1509554262 0.1365980570 0.0993183638 0.1470259816 0.1403123170 0.1000583777 0.1456285368 0.1614302925 0.1203378795 0.1063338923 0.1370746847 0.1353423867 0.1269515752 0.1417344082 0.1923315468 0.1453998762 0.1066896218 0.1130409623 0.2050486366 0.1254210747 0.1485551584 0.2221722861 0.1943807460 0.2837635150 0.3598503440 0.4434377122 0.6720463847 0.7728567780 0.8063499712 0.8843320949 0.8061836618 0.6385424498 0.4976489157 0.3386987116 0.2573194412 0.1512607341 0.1712567697 0.1575081482 0.1467576037 0.1449876435 0.1474297816 0.0623306618 0.1566003575 0.2054712377 0.1084257128 0.1457325307 0.1555223464 0.1348742401 0.1155167861 0.1943300995 0.1964230853 0.1311178120 0.1401068118 0.1837219287 0.1637746632 0.1325433543 0.1020813445 0.1110826114 0.1594330357 0.1680850460 0.2031135991 0.3583953804 0.5081535653 0.6363934097 0.8030838266 0.8420981556 0.8474296609 0.7512873182 0.6673551909 0.5038935131 0.4602199133 0.2740386727 0.1609545553 0.1980777762 0.1372524086 0.1183896598 0.1479467424 0.1407307913 0.1513871052 0.1411191654 0.1421065396 0.1616693962 0.1801785043 0.1461135157 0.1559017730 0.1582142501 0.1983314215 0.1030453515 0.1738518741 0.1794209342 0.1154314942 0.1394369263 0.1159615712
0.1914104688 0.0956011624 0.0941832402 0.1501097731 0.1177538478 0.1469800860 0.1272008279 0.1541708000 0.1336049053 0.1842697631 0.2120389536 0.3345906622 0.3989735462 0.5552306217 0.6348574871 0.7644657981 0.8665891009 0.8174134790 0.7071589369 0.5997478757 0.3783617061 0.3610673775 0.2491349000 0.2041618375 0.1369256766 0.0897408401 0.1265796764 0.1288282967 0.1166485716 0.1705848226 0.1900492391 0.1610619199 0.1001747825 0.1414476271 0.1141803437 0.1331925695 0.1417652594 0.1430366326 0.1789401976 0.1195951502 0.1157659121 0.1183118162 0.1287704116 0.1554161740 0.1345764871 0.1601747701 0.1515177249 0.2408887118 0.2445448278 0.3840630963 0.5309465100 0.6882573126 0.7901335629 0.8676165953 0.8453626980 0.7407042239 0.6698189797 0.4759424031 0.3541254771 0.2282618548 0.1838135128 0.1334146185 0.1373704430 0.1209596613 0.1375316336 0.1451191660 0.1322509734 0.1427777975 0.1305779619 0.1595964371 0.1490308978 0.1097958967 0.1589397767 0.1234421608 0.1376966276 0.0977550829 0.1266585050 0.1093690278 0.1189943890 0.1267287425 0.1168306764 0.1676961926 0.1257566098 0.1853761806 0.1310701937 0.2589841391 0.4012894871 0.5220657537 0.6487934618 0.8339307125 0.8971277254 0.8340462174 0.7294121153 0.6378044852 0.4393797570 0.3697779602 0.2617142965 0.2213794080 0.1513759423 0.1358744025 0.0968743012 0.1717386246 0.1432079273 0.1391884353 0.1250683141 0.1501065240 0.1747428839 0.1201240512 0.1199590378 0.1712177257 0.1945560071 0.1273452677 0.1525063184 0.1566166908 0.1300733781 0.1442364604 0.1030737204 0.1532169973 0.1388890553 0.1205977227 0.1529833881 0.2334914709 0.2796911646 0.3589451367 0.5489887131 0.6508100682 0.8270792088 0.8040630325 0.8530337199 0.7808632966 0.6989275115 0.4966568930 0.3826531918 0.2327337295 0.2303818323 0.1873061570 0.1074201922 0.1226836655 0.1692690185 0.0807316563 0.1615393125 0.1557474919 0.1643133438 0.1523959340 0.1623425809 0.1870737006 0.1468651664 0.1583393464 0.1083563963 0.1578937502 0.1500093938 0.1177430686 0.1590229602 0.1690629530 0.1103125767 0.1119743836 0.1248145808 0.1627142540 0.1951301405 0.2939205708 0.3421487644 0.4707783927 0.6451337032 0.7630168406 0.8597134382 0.8630961369 0.8005887187 0.6847531589 0.4971594535 0.4490596610 0.2679090302 0.2124756279 0.1603060093 0.0997923263 0.1724512152 0.1640723946 0.1645375376 0.1582083048 0.1758305912 0.1571063141 0.1572861278 0.1727614382 0.1954647851 0.1679390014 0.1546136979 0.1282270841 0.1342766366 0.1405041986 0.1375940407 0.1459085495 0.1499997821 0.1701752468
0.1450680327 0.1718356254 0.1079391317 0.1275542440 0.1070054489 0.1521449279 0.1480621993 0.1943130438 0.1119732122 0.1796905337 0.2469773549 0.2870855171 0.4120054222 0.5263425281 0.6973269120 0.7574619628 0.8574565967 0.8178038171 0.7347637271 0.5667803484 0.4445820907 0.3162440290 0.2455833687 0.2049886344 0.2226169907 0.1138898736 0.1259518996 0.1437340173 0.1235606183 0.1300049985 0.1391554238 0.1411264449 0.1538464023 0.1313538277 0.1958291349 0.1161440490 0.1499354087 0.1390771288 0.1122856582 0.1518967445 0.1369743879 0.1185306385 0.1307320852 0.0843138463 0.1058663897 0.1593572725 0.1590149150 0.2391307462 0.2994668261 0.3279317386 0.5398209237 0.6862827626 0.7923974566 0.8946326866 0.8580770931 0.7393391282 0.6168701324 0.5014864035 0.3167641007 0.2466905506 0.2688733998 0.1628820987 0.1807967842 0.1768203909 0.1339881133 0.1345842847 0.1734935500 0.1307794266 0.1299650245 0.1493978139 0.1550193630 0.2142286178 0.1405911625 0.1073457887 0.1396729558 0.1178616986 0.1999534006 0.1326100901 0.1510201026 0.1162927319 0.1748906067 0.1551787676 0.1748742294 0.1853105041 0.2093618793 0.2280971862 0.3805614405 0.5143862324 0.6831481174 0.7983534328 0.9354288318 0.8534504562 0.7795732476 0.6176845558 0.4504493977 0.3612153939 0.2980501818 0.2137064926 0.1609926761 0.1318466507 0.1662333625 0.1415594542 0.1202456728 0.1511687284 0.1587490422 0.1956541872 0.1154188175 0.1554182999 0.2012374817 0.1573748437 0.1469409095 0.1292971777 0.1741796534 0.1170399176 0.1591652802 0.1595268717 0.1002443982 0.1528366604 0.1180010211 0.1405792180 0.1495921086 0.2209311225 0.2928724528 0.3521660627 0.4556461313 0.6453743284 0.7847555919 0.9080339899 0.8267620300 0.7704367052 0.6730032655 0.5101597889 0.3324065330 0.2637466269 0.1722887280 0.1394369376 0.1191318436 0.1748037705 0.1651118992 0.1269543942 0.1404518324 0.1587975945 0.1562896760 0.1390739198 0.1528719256 0.1191264948 0.1668002388 0.1798399604 0.1723072498 0.1744459075 0.1263877047 0.1434551186 0.1265629940 0.0933523131 0.2040308225 0.1518260010 0.1614162744 0.2575952997 0.1288360694 0.2498875794 0.3481842014 0.5092093379 0.6655999541 0.7342326016 0.8412405344 0.8131289930 0.8526888837 0.7111372024 0.5142536100 0.3860868236 0.2928600996 0.2207297012 0.2062365944 0.1383683101 0.1342419752 0.1650660465 0.1573464691 0.1693726656 0.1409273368 0.1373859501 0.1880630725 0.1245541013 0.1366733625 0.1637131189 0.1926949664 0.1771782674 0.1605390755 0.1325102813 0.1789607373 0.1859000107 0.1976710198 0.1734835772
0.1171858367 0.1813819911 0.0894910919 0.1467687660 0.1372372734 0.1793374006 0.1677916021 0.1390478758 0.1489263203 0.1490641742 0.2093601233 0.2615585821 0.3586551365 0.5648292900 0.6580414097 0.7611910219 0.9276443285 0.8087403559 0.7760440050 0.5721231351 0.4433513419 0.3270262724 0.2835580940 0.2040188327 0.1590575627 0.1659489305 0.1755989123 0.1396509700 0.1631563068 0.1286206112 0.1739624875 0.1475804372 0.1117564959 0.1751201477 0.1101065298 0.1322433497 0.1767377847 0.1624624790 0.1618987794 0.1444649893 0.1274767298 0.1449719404 0.1318438689 0.1326572852 0.1567451331 0.1338228691 0.2159749964 0.1954253285 0.2595817611 0.3683901752 0.5144416952 0.6296560274 0.8101904748 0.8327213536 0.8676230876 0.7536946460 0.6099571974 0.4684979293 0.3085986040 0.2140185578 0.1767992225 0.1812556015 0.1697586789 0.1340100301 0.1237552027 0.1313272923 0.1394327988 0.1476630806 0.1143892130 0.1699623195 0.0831954349 0.1365933137 0.1573688699 0.1402634832 0.1825764009 0.1645566710 0.1675937990 0.0984580542 0.1945040308 0.1580557705 0.1277573169 0.1166163003 0.1744186696 0.1980137833 0.2246211746 0.3202551843 0.3602197166 0.5177468540 0.6794703264 0.7230754982 0.8587929889 0.8951825598 0.7901279505 0.6230959674 0.5176903869 0.3786113610 0.2848835829 0.2011391084 0.2279810999 0.1832280846 0.1228224512 0.1237837477 0.1422294392 0.1500476275 0.1643457316 0.1668040455 0.1593444206 0.1745107234 0.1941044777 0.1559335803 0.1278295220 0.1236481529 0.2124321287 0.1483196954 0.1302003947 0.1665557950 0.1780524171 0.1662121068 0.1619503247 0.1772924097 0.1554887703 0.2459261006 0.3091110220 0.3449977240 0.4956634613 0.5941829557 0.7855033004 0.8823686308 0.8060185211 0.7967725494 0.7135450466 0.5343145082 0.3493899243 0.3010679247 0.2075199685 0.2108150720 0.1578121416 0.1497159918 0.1678190945 0.1420436675 0.2025984295 0.1773168580 0.1983064886 0.1907398824 0.1428841248 0.1449572988 0.1508393577 0.1326729812 0.1533792651 0.1503187702 0.1325383970 0.1556939332 0.1384358068 0.0915293253 0.1537951921 0.1115842388 0.1593660817 0.1813889733 0.2273396291 0.2235159097 0.3814029488 0.4677847806 0.6154118741 0.7318119822 0.8630668737 0.9047927022 0.8307992982 0.6981689811 0.5218941990 0.3548492495 0.2703867967 0.2084220778 0.2286846076 0.1323237586 0.1970735434 0.1959421888 0.1551881417 0.1940746298 0.1561091138 0.2047599641 0.1242328207 0.1953395537 0.1664641280 0.2073717811 0.1384706038 0.1778787352 0.1276557169 0.1379793138 0.1229762359 0.1294175434 0.1989583295 0.1613265032
0.1694302328 0.1307707639 0.1580456249 0.1782959110 0.1051694847 0.1216574687 0.1143004816 0.1268091423 0.1840453145 0.1616950570 0.2552435421 0.2552813830 0.4110664863 0.5749024044 0.7199489020 0.8491289217 0.8311132574 0.8584965372 0.7178752625 0.5624994366 0.4626733547 0.3524476047 0.2188682148 0.2274320505 0.1588112765 0.1955410886 0.1555301956 0.1306553532 0.1457412705 0.1579198377 0.1467888983 0.1486734821 0.1770200930 0.1676696194 0.1344420145 0.1242522945 0.1402898256 0.1075138132 0.1624508918 0.1925201929 0.1912874846 0.1252283713 0.1385943719 0.1507743981 0.1056067960 0.1518744401 0.1326727397 0.1954012741 0.2471166813 0.4338930610 0.4969489785 0.7114938231 0.8043072472 0.9016253531 0.8058021042 0.7266036760 0.6466214896 0.4367646559 0.3403109147 0.2741917754 0.1876592487 0.2026731033 0.1478114972 0.1493300811 0.1486470047 0.1666647151 0.1686035424 0.1531769682 0.1385412828 0.1525685403 0.1964887557 0.0714929196 0.1957620488 0.2057498941 0.1401015536 0.1799081123 0.1831130417 0.1460732263 0.1560344703 0.1513658765 0.1860123252 0.1724680991 0.1494393152 0.2140708884 0.2479396242 0.2328864427 0.3825754801 0.5041808595 0.6262862304 0.7635874868 0.8723631823 0.8801931248 0.7410972999 0.6067287499 0.4876292687 0.3340420766 0.3053795253 0.2441691346 0.1796126615 0.1843665643 0.1693304823 0.1751673397 0.1476237690 0.1825510002 0.1633865755 0.1726314562 0.1598397624 0.1949204300 0.1613802864 0.1892801022 0.1700568938 0.1318831228 0.1441363206 0.2115435755 0.1945180625 0.2047069256 0.1665828980 0.1661050627 0.1903507777 0.1432325774 0.1912601776 0.2025909165 0.2492519735 0.3728244289 0.4746668713 0.6501347509 0.7265033724 0.8288903263 0.8779760715 0.7898689937 0.6978244731 0.4617728048 0.4085295804 0.2685407738 0.2255462817 0.2385141168 0.1863765762 0.1708799066 0.1697199564 0.1757337171 0.1241536415 0.1855911663 0.1400415486 0.1141286097 0.1795552992 0.1738155251 0.1534214496 0.2002743231 0.0910957736 0.1660320560 0.1776474626 0.1491749541 0.1028071243 0.1996409863 0.1338662189 0.1320360970 0.2254978838 0.1324859858 0.2179243214 0.3120737994 0.3960732774 0.4821493402 0.6660635472 0.7952907225 0.8681795642 0.9362661016 0.8137801591 0.6545866349 0.5447653609 0.3735029259 0.2899246794 0.2407218194 0.1975167921 0.2353966662 0.1936153679 0.1939524003 0.1256310667 0.1708794095 0.1824110945 0.1516957308 0.1688993161 0.1960246526 0.1682049686 0.1528197814 0.1558534044 0.1549648703 0.1331441197 0.2394445438 0.1909438839 0.1750912777 0.2114939698 0.1353887109
0.1763423278 0.1300306468 0.1131553476 0.1628199108 0.1212770748 0.1372260193 0.1950990242 0.1667031659 0.1810338362 0.1521080321 0.1700575243 0.2592960568 0.3880922054 0.5035017823 0.6797164352 0.8074062133 0.8645961485 0.7928922141 0.7895157394 0.6303075537 0.4380212252 0.2872705944 0.2564786270 0.1942759708 0.1498103216 0.1195434372 0.1411236463 0.1478288821 0.1491178220 0.1210567307 0.1869671228 0.1562767259 0.1160603308 0.1519565631 0.1270909503 0.1140133762 0.1990488674 0.1255178255 0.1294568640 0.1804096358 0.1073420506 0.1619399670 0.1899122381 0.1781622512 0.1376840568 0.2138088224 0.1819345675 0.1951469952 0.3340318954 0.3713263282 0.4960281481 0.6932054332 0.8099166045 0.8968258234 0.8445711051 0.7900414477 0.6567175276 0.4914525944 0.3639126959 0.2849340000 0.2447428295 0.1603044700 0.1724185677 0.1493629381 0.1068306413 0.1154479568 0.1456981045 0.1433114225 0.1332824217 0.1375853926 0.1672452993 0.1750925033 0.1975984051 0.1209901830 0.1215148389 0.0992198992 0.1440754159 0.1406803532 0.1221641141 0.0907741593 0.1322489035 0.1569704097 0.1916868339 0.2249879738 0.2286325368 0.2855136507 0.3577072744 0.4722510351 0.6898398796 0.7462193434 0.8441290051 0.8537138621 0.7922994469 0.6648054738 0.5096439274 0.3407544011 0.2924331907 0.2597134244 0.1739769227 0.2160440864 0.1805718431 0.1306278222 0.1620625780 0.1833581911 0.1507839351 0.1201885936 0.2057893267 0.2028157071 0.1704446225 0.1694021786 0.1886740501 0.1729437805 0.1863257220 0.1722834128 0.1494090711 0.1571191058 0.1643790545 0.1744918593 0.1722042764 0.1781081848 0.1754245646 0.2027832362 0.3489049675 0.3365290252 0.4727121452 0.5722014138 0.7838086348 0.8498256266 0.8989858775 0.7519371745 0.6726052624 0.5380065326 0.3726237993 0.3344681770 0.2180898551 0.1260847480 0.2174911743 0.1395794865 0.2420065348 0.1773037242 0.1850843409 0.1358287578 0.1926348363 0.1863987046 0.1665743080 0.1690337731 0.1255512729 0.1878867603 0.1798920830 0.1342477792 0.1532204524 0.1576071436 0.1588592267 0.1862682848 0.1142292810 0.1926335983 0.1796889047 0.1853375392 0.3250328415 0.2091512442 0.3323139684 0.4835475787 0.5917478106 0.7765384641 0.8777011882 0.8741217154 0.8065825344 0.6753030380 0.5280664938 0.4206993336 0.3167021977 0.2653288178 0.2499340858 0.2190623754 0.1544200827 0.1864917758 0.1607651876 0.1936080886 0.1784077264 0.1717042663 0.1930395495 0.1744062076 0.1665952522 0.1748392292 0.1753738492 0.1331408921 0.1643326324 0.1682159584 0.2091390445 0.1993250427 0.1740553728 0.1483920141
0.1408589647 0.1386136058 0.1389117135 0.1259719963 0.1438848000 0.1361948230 0.1872064150 0.1567282936 0.1376602120 0.2006442951 0.2203132290 0.2358028939 0.4280113090 0.5535773887 0.7122375048 0.8150250978 0.8656770006 0.8394821185 0.7193867020 0.5895077432 0.4806784387 0.3632547608 0.2628300857 0.2237693692 0.1939639343 0.1648585573 0.0886373052 0.1158958080 0.1032253229 0.1229657896 0.1502912969 0.1318045322 0.0995109985 0.1690788530 0.1114135224 0.1084702851 0.1214547667 0.1447511152 0.1925602344 0.2198207309 0.1678294477 0.1499090104 0.1159213413 0.1562579163 0.1494424180 0.1605156786 0.1952835694 0.2757923092 0.3368955975 0.4017520447 0.5594275727 0.7023941470 0.7552281360 0.8332512889 0.8637291055 0.7325334333 0.6408580864 0.4951398870 0.4099194940 0.2545940719 0.1846824447 0.1911298394 0.1626571533 0.0977606286 0.1307161712 0.1190864987 0.1471095822 0.1790726731 0.1817782252 0.1484301726 0.1171096926 0.1201964340 0.1244066071 0.1667452268 0.1209421532 0.1440543770 0.1570298464 0.1846262910 0.1669879703 0.1708613713 0.1560700711 0.1570493040 0.1688755148 0.2079781252 0.2554257301 0.2585981073 0.3904885493 0.5290128889 0.6391840646 0.7923047616 0.8562826062 0.9346629940 0.7870515540 0.6603189020 0.5254615514 0.3865795298 0.2899066771 0.2157477088 0.1711580739 0.2186757406 0.1680752152 0.2021709533 0.2157989323 0.1966309330 0.1138482552 0.1574101239 0.2150803235 0.1634292751 0.1519626353 0.1547498757 0.1793728835 0.1491994763 0.1338153110 0.1633474378 0.1689334127 0.1380983955 0.1063609005 0.1805171484 0.1529815844 0.1410850153 0.2095609461 0.1928792298 0.2636662446 0.3883996741 0.4752471362 0.6330889003 0.8466786532 0.8242650844 0.8490964026 0.7917330394 0.7282776380 0.4842840313 0.4356511149 0.3091088687 0.2072988874 0.2250698555 0.2061898965 0.1850285369 0.1672460672 0.1714861273 0.1968241306 0.1868134244 0.1642674240 0.1267379731 0.2065192347 0.1749419448 0.1007500403 0.2185148332 0.1700582518 0.1451661476 0.1525193198 0.1430433307 0.1395339494 0.1705116561 0.1656337953 0.1694295861 0.1528982310 0.1693474610 0.2178084870 0.2835836237 0.3467042625 0.4739190132 0.6500914950 0.7730916935 0.8671791088 0.9212905807 0.8545839758 0.6955636068 0.5984874986 0.3900442190 0.3395658508 0.2533483438 0.1672118112 0.2107876638 0.2336005835 0.1995551909 0.1635883607 0.1558109959 0.1847713471 0.1669122527 0.1328552205 0.1951219510 0.1276040152 0.1984247802 0.1701059323 0.1839095314 0.1798769336 0.1335155335 0.1737756752 0.1348333941 0.1867973845 0.1328268394
0.1303455595 0.0946212723 0.1469945039 0.1465936478 0.1510111854 0.1170472084 0.1664681285 0.0943714720 0.1971495548 0.2158895782 0.2729191615 0.3023802898 0.3891197747 0.5187948799 0.6866563562 0.7481267929 0.9057688069 0.8455536153 0.7317703228 0.6404448954 0.4887357632 0.2978993058 0.2626227101 0.2187874992 0.1893056065 0.1468472237 0.1796352081 0.2166055782 0.1828901046 0.1804119222 0.1334076328 0.1303988890 0.1230457913 0.1642233371 0.1743549655 0.1026652405 0.1702997447 0.1422312538 0.1364294455 0.1753374342 0.1380918917 0.1953467393 0.1405767091 0.1402126409 0.1657153030 0.1565830189 0.1663427961 0.2185573564 0.2315335178 0.3917788313 0.5394806536 0.6533059040 0.8415071052 0.8283314072 0.8733184619 0.7518188253 0.6725249795 0.4553140327 0.3242482477 0.3044596334 0.2017788162 0.1927146751 0.1370342363 0.1053863105 0.1994016314 0.1476509687 0.1465017092 0.1465214079 0.1502803640 0.1486073147 0.1748321202 0.1554645726 0.1276922749 0.2057488408 0.1428026740 0.1406877623 0.1809819100 0.1753936333 0.1519384729 0.0961392631 0.1635335959 0.1381421138 0.1978076540 0.2045099098 0.1886329146 0.2700918945 0.3642605559 0.4782464232 0.6787390405 0.7564288635 0.9027447685 0.8709980907 0.8193832681 0.6681217318 0.5381324241 0.3545357234 0.2935100798 0.2602476322 0.1375336088 0.1727776922 0.1001805916 0.1878551651 0.2121339928 0.1483425370 0.1606720610 0.1471455526 0.1727076448 0.1844151412 0.1602183543 0.1610279064 0.1553205063 0.1633422682 0.1475466541 0.2265681287 0.0699489452 0.1881573767 0.1320106634 0.1275071081 0.1402937850 0.1782346208 0.1887076344 0.2240276487 0.2526723673 0.4041414206 0.4812282028 0.6715292118 0.8173666810 0.8630200116 0.9493011678 0.8116223093 0.6850554946 0.5166974582 0.4159776306 0.3107893741 0.2517872820 0.1753240516 0.1124391469 0.1370271721 0.1518656529 0.1950851425 0.1149181112 0.1870048811 0.1236274015 0.1939759984 0.1227014099 0.1220443737 0.1387911475 0.1550621646 0.0884662760 0.1694114732 0.1383945561 0.1848886698 0.1766424155 0.1816834832 0.1652458077 0.1220112941 0.1934427041 0.2266069439 0.2235194100 0.2919494151 0.3029565572 0.4959007276 0.6554319775 0.7417134222 0.8580891556 0.8457164652 0.8531699709 0.6662042604 0.5623808646 0.3995369178 0.2683229863 0.2473964234 0.1811901227 0.2732367759 0.1223454750 0.1820153312 0.1744406875 0.1292726033 0.1558043571 0.1499689072 0.2114866167 0.1351056967 0.1581094905 0.1584011027 0.1675890031 0.1583333147 0.1725832578 0.1886153654 0.1502965501 0.1452900533 0.1582132811 0.1383502736
0.1908817190 0.1106244702 0.1549302296 0.1681395222 0.1468127800 0.1976201898 0.1549047234 0.1488460885 0.1940401610 0.2161620821 0.2070043707 0.2542635104 0.3648052214 0.5252988974 0.6787385359 0.7898564423 0.8353229268 0.8536920544 0.7738053232 0.6329630371 0.4493497773 0.3615443815 0.2696315946 0.2516215589 0.1576349689 0.1145844842 0.1838164326 0.1603903108 0.1905596984 0.1764047440 0.1765849300 0.1190839425 0.1402537529 0.1053566042 0.1136411330 0.1555276537 0.1526634653 0.1064832873 0.1372032495 0.1106605225 0.1101916240 0.1524598807 0.0976912402 0.1889059562 0.1611003559 0.1806652713 0.2102292140 0.2032386450 0.3424392884 0.3956818429 0.4760808016 0.6607353436 0.7543980916 0.8479786641 0.8073846349 0.7832981709 0.6321244890 0.5141096226 0.3748903098 0.2562969368 0.1819074488 0.1743253853 0.1782100678 0.1441162003 0.1680160404 0.1890919660 0.1338727952 0.1352027100 0.1718189103 0.1686002249 0.1448102485 0.1800515169 0.1305017008 0.1253951286 0.1170308096 0.1394385245 0.1811696925 0.1248491404 0.1276846186 0.1263699684 0.1245443635 0.1565628758 0.1714286059 0.1697306479 0.2526468624 0.2462709319 0.3633053936 0.5214853337 0.6366195069 0.7631731121 0.8701797456 0.8614857526 0.7904473881 0.6725013208 0.4887374091 0.3601198175 0.2733120543 0.2630678033 0.1848175112 0.1417361793 0.1899540698 0.1434243629 0.1806121347 0.1618559687 0.1901813033 0.1654558813 0.1558878298 0.1139936188 0.1579655640 0.1425859517 0.1541243218 0.1521169083 0.1243555745 0.1708731472 0.1697953156 0.1390991242 0.1821856026 0.1560531463 0.1482352880 0.1688324775 0.1904561772 0.1887894170 0.2415425492 0.3701717827 0.4397224720 0.6285651648 0.7153823565 0.8289142975 0.8469930775 0.7888555141 0.6279197963 0.5475118777 0.4192022789 0.3092988656 0.1870928516 0.1833424807 0.1383780971 0.1675820728 0.1415579029 0.1810062607 0.1477944160 0.1890375652 0.1028672922 0.0999847397 0.1525540414 0.1696861744 0.2215492887 0.1651929835 0.1699603653 0.1449049161 0.1962654963 0.1965795985 0.1520787879 0.1717216932 0.1617170182 0.1387922389 0.1578880059 0.1646179228 0.1928344449 0.2401773929 0.2849395584 0.4731896183 0.5587158118 0.7658981855 0.8082731593 0.8408382156 0.8019419522 0.7047892847 0.5725639568 0.4266514958 0.2827569162 0.2308679473 0.1888770571 0.1953100837 0.1609721861 0.1646123250 0.1962726525 0.1578395780 0.1609483901 0.1753521875 0.1566391127 0.1150021450 0.1442063363 0.1669074577 0.1942996656 0.1600093734 0.1528113402 0.1568759998 0.1785643170 0.1409025865 0.1498570199 0.1287537231
0.1342481772 0.1478333120 0.1146385538 0.1388750473 0.1428177953 0.1407316619 0.1400836498 0.1270660689 0.1582262665 0.1387073098 0.2210133446 0.2431621937 0.3662863368 0.4620012835 0.5919957342 0.8366029812 0.8833508292 0.8264161649 0.7321114121 0.6347311990 0.4629998563 0.2882836318 0.2328966647 0.2389564862 0.1419456659 0.1265311836 0.1411682875 0.0964405499 0.1588095781 0.1339341908 0.1495315943 0.1335223312 0.1737696663 0.1635113543 0.1653012008 0.1317944801 0.1374739581 0.1589702133 0.1091022552 0.0940847003 0.1816179326 0.1223040031 0.1533282360 0.1767385266 0.1562555564 0.0860302892 0.1704257256 0.1834999879 0.2046015170 0.3177180292 0.4727644473 0.6706681776 0.8025811166 0.8978253715 0.8593319099 0.7371898943 0.6216099921 0.5117283875 0.3669669275 0.1856887064 0.1489589672 0.2115327995 0.1955584743 0.1441084815 0.0988210428 0.1140293298 0.1029945117 0.1027226223 0.1068562092 0.1146734861 0.1633384815 0.1264004863 0.2065933882 0.1089437471 0.1776090255 0.1768534141 0.0661905985 0.1583809716 0.1550555688 0.1517392975 0.1493819276 0.1723871932 0.1193344591 0.1395250414 0.1859872708 0.3138897592 0.3475553631 0.4889471831 0.6279613681 0.7762816754 0.8600847553 0.8808613450 0.7499985700 0.6375324522 0.5741567992 0.3524345375 0.2901999876 0.2213477907 0.0934446562 0.1725360085 0.1397154675 0.1171020629 0.1144216554 0.1648242782 0.1187142899 0.1664283881 0.1063729381 0.1631063064 0.1353902060 0.1797411758 0.1474974112 0.1446445590 0.1307733563 0.1349729312 0.1862162202 0.1151227722 0.1232058008 0.0951681219 0.1996429588 0.1436763704 0.1289027656 0.1665869111 0.2374882817 0.3615587943 0.4871539065 0.6335852227 0.7813914625 0.8440316333 0.8575066518 0.7687970076 0.6820720485 0.5112262018 0.3860538074 0.2969478567 0.2329699511 0.1910696352 0.1490238768 0.1666635288 0.1262219362 0.1278592271 0.1524351290 0.1634261512 0.1813957864 0.1699983527 0.2018675257 0.1729478976 0.1034724114 0.1492605065 0.1136251135 0.1330625761 0.1669563986 0.1551300570 0.1382159438 0.1480164229 0.1417507376 0.1702443188 0.1281143596 0.1676860332 0.1661106778 0.2197146710 0.3367559979 0.4089597749 0.6608279830 0.7652504839 0.8906974274 0.9066577360 0.8180304306 0.7101491859 0.5015333918 0.4021315768 0.3004010298 0.2015234775 0.2007834053 0.1489285466 0.1845555445 0.1792926830 0.1851849617 0.1390160787 0.1759372575 0.1535477955 0.1451839524 0.1545619619 0.1924788054 0.1289487552 0.1369351222 0.1512589865 0.1149368718 0.1258303879 0.1380582011 0.1562640258 0.1611471740 0.1623883604
0.1651008247 0.1558573946 0.1205878793 0.1947129065 0.1431032460 0.1027862413 0.0865029031 0.1479079816 0.1041763501 0.1296586479 0.2057987122 0.2789434178 0.3807497484 0.4974883556 0.6877765533 0.7646885216 0.8556849670 0.8205079458 0.7127048831 0.6361882870 0.4294272289 0.3298145365 0.2480440739 0.1566544051 0.1587046193 0.0977179697 0.1587991985 0.1704431566 0.1393790376 0.1281350501 0.0875965903 0.1018748678 0.0893683891 0.1108279808 0.1913044072 0.1311386891 0.1657453207 0.1125563826 0.0861527294 0.1596178626 0.1227870849 0.0952674721 0.1441222138 0.1915797810 0.1200140610 0.1453724241 0.1134089743 0.1926912185 0.2349429551 0.2992253625 0.4942878959 0.6497160842 0.7613029677 0.8791480260 0.9156344428 0.7708505610 0.6408457380 0.5083981036 0.3050322460 0.2104535490 0.1673667731 0.2063751675 0.1271965771 0.1455332973 0.1092856930 0.1072061179 0.1233119204 0.1447646266 0.1410739613 0.1589633926 0.1334249759 0.1956298262 0.1182199946 0.1492143498 0.1198134917 0.1263883212 0.1328040960 0.1485559034 0.1495636313 0.1674504503 0.1054204977 0.1651305774 0.1687986621 0.1556657084 0.2123564402 0.2564837543 0.3971688716 0.4491398530 0.5804497429 0.7724037564 0.8600881281 0.8555229952 0.7681864144 0.7102168153 0.5189750086 0.3687515649 0.3089100623 0.2024483319 0.1924706211 0.1225085907 0.1390740871 0.1201391999 0.1682305623 0.1096928144 0.1164504737 0.1678666690 0.1476716636 0.1297074300 0.1711952651 0.0889890146 0.1341429435 0.1360677717 0.1311518776 0.1208885718 0.1304382002 0.1220532887 0.1620486956 0.1572266173 0.1623313049 0.1761819921 0.1355999746 0.1964937550 0.2216395691 0.3261483178 0.5021193388 0.5860732577 0.7228040054 0.8395438873 0.8435098620 0.8043411834 0.6807523908 0.5153636610 0.3660329064 0.2593311055 0.1884488760 0.1925214337 0.1621357427 0.1265334435 0.1048675444 0.1908819430 0.1083801074 0.1635444841 0.1476601755 0.1413580768 0.0957269880 0.1333208191 0.1447606225 0.1650992429 0.1628463566 0.1171038173 0.1058294270 0.1534146293 0.1401536185 0.1214716395 0.1732290263 0.1319491384 0.1681332890 0.1276310283 0.2017408442 0.2149202216 0.3599326753 0.4391977505 0.6441335955 0.7093771061 0.8628546587 0.8656558090 0.8437268819 0.7345960468 0.5473765099 0.4169192698 0.3267382732 0.2257835709 0.1600791363 0.1553499735 0.1498218819 0.1251475989 0.1447734331 0.1788775715 0.1520583100 0.1322648115 0.1898302785 0.1675262209 0.1298905162 0.1180918822 0.1283320357 0.1597876391 0.1395577437 0.1414334820 0.1547322609 0.1617981064 0.1378292613 0.1438276150
0.1316289752 0.1625634235 0.1701927856 0.0995050423 0.0905994225 0.1490236912 0.1464532652 0.0894078934 0.1264554046 0.1631503631 0.2098944006 0.2814271892 0.3357411783 0.4932520750 0.6432805992 0.7855604311 0.8995747259 0.8358297826 0.7451044897 0.5997554294 0.4740501769 0.3112009669 0.2400395497 0.1735563916 0.1491300424 0.1341481176 0.0899873957 0.1278585710 0.1317096576 0.1578240251 0.1497155830 0.1100639994 0.1328657858 0.1647214828 0.1199442802 0.1195471899 0.1319594271 0.1710294157 0.1656337416 0.1056629739 0.1342939490 0.1107076676 0.1444755457 0.0980211753 0.1345006254 0.1212573588 0.2152541095 0.1438979091 0.2150596764 0.3728421860 0.4705838682 0.5907646729 0.7469007757 0.8332155274 0.8163937936 0.7704561749 0.6199546728 0.4893952912 0.3223234430 0.2692413232 0.1760509541 0.1402580475 0.1456882112 0.0973631759 0.1827987697 0.1767608964 0.1611169557 0.1651268034 0.1086694327 0.1483723714 0.0942416917 0.0872990840 0.1263787328 0.1309476633 0.0857886606 0.1396142003 0.1440128223 0.1362921248 0.1820106603 0.1525522989 0.1040746277 0.1545158553 0.1671396637 0.1669951855 0.1932214696 0.2422890156 0.3392349847 0.4840584142 0.5790054978 0.7511696310 0.8302606257 0.8715420340 0.7930534457 0.6503238969 0.5186117564 0.3876469684 0.2437320296 0.1600966168 0.1880618844 0.1054434345 0.1452290060 0.1632117590 0.1468301127 0.1327231949 0.1286942339 0.1307097496 0.2195133288 0.1326738506 0.1105124841 0.1508362113 0.1370583913 0.1570196597 0.1059049947 0.1081299824 0.1384996427 0.1380806243 0.0998866106 0.0936896297 0.1649264394 0.1529994175 0.1185744208 0.1302589792 0.2490658038 0.3054168978 0.4480510979 0.6297315464 0.7685732810 0.8274718769 0.8782412998 0.7777757309 0.6538551119 0.5157707165 0.4095813993 0.2820544028 0.1740263408 0.1944996966 0.1398651696 0.1730101136 0.1196442600 0.1145646263 0.0937461983 0.1898370028 0.1645898050 0.1404871171 0.1678740623 0.1399575235 0.1853881082 0.2121149453 0.1946436923 0.1614970919 0.1617040194 0.1124553950 0.1315533992 0.1716996857 0.1529424580 0.1674134946 0.1678906848 0.1746926868 0.1716931531 0.2285915044 0.2879486288 0.4981713136 0.6364221637 0.7295360337 0.7868569242 0.8559019685 0.8539685584 0.6764690318 0.6030920561 0.4173695019 0.2900146647 0.2005953333 0.1644811032 0.1720701865 0.1257814199 0.1327497859 0.1812702859 0.1162402233 0.2238977148 0.1180695740 0.1301845439 0.1082094186 0.0970287674 0.1675153710 0.0854348656 0.1527334178 0.1392966807 0.1123894728 0.1038654119 0.1806641323 0.1827083006 0.1647638791
0.1258308282 0.1152981992 0.1309811688 0.1421152090 0.1014569629 0.1197957702 0.1102470195 0.0917251197 0.1606050370 0.1473844957 0.1611877618 0.2456643579 0.3220925992 0.5251332250 0.6103232159 0.7142519752 0.8282531331 0.7853516013 0.7539674788 0.5838165515 0.4619101052 0.3277710229 0.2104148472 0.1486324475 0.1368262277 0.1278655895 0.1144710143 0.1362263579 0.1118685311 0.1254922833 0.0923941374 0.1010747233 0.0662680651 0.1346589172 0.0983035805 0.0980316028 0.1344960709 0.1616601619 0.1024602738 0.1706318032 0.0855509597 0.0804299525 0.1349878276 0.1451388398 0.0755912444 0.1499668791 0.0662624293 0.2555350054 0.2982521170 0.3582301417 0.4821968224 0.6236218125 0.8105760585 0.8242563422 0.8057706443 0.7610844308 0.6283684723 0.4775354210 0.3124730282 0.2742226099 0.2119632036 0.1082903656 0.1600312673 0.0933694519 0.1221734334 0.1272914018 0.0978181105 0.1161688854 0.1569821327 0.1362499879 0.1407547390 0.1254091963 0.1042788290 0.1554497217 0.1040638402 0.1026337585 0.1405769175 0.1378240730 0.0878613041 0.1019276169 0.1163447114 0.1411737560 0.1229469047 0.1591588128 0.1439642843 0.2909410655 0.3163681612 0.4796393815 0.6109892193 0.7200064240 0.8506127910 0.8471965832 0.8208107741 0.6019376963 0.5102475210 0.3460177793 0.2531033742 0.1745036210 0.1761890519 0.1598149662 0.1074363481 0.0811793227 0.1211172209 0.1012401908 0.0596688431 0.1222974305 0.1361148894 0.1652026904 0.1891802972 0.1265629779 0.1373286047 0.1540570343 0.1066300501 0.1430694954 0.1305262234 0.1304963943 0.1590648196 0.1383567584 0.1529831443 0.0806907483 0.0954642418 0.2101605065 0.2310808518 0.3230610234 0.4554226503 0.6109994376 0.7284504986 0.8628791415 0.8855355458 0.8065790818 0.6475744333 0.5160587330 0.3810926170 0.3069493271 0.2012990433 0.1840780108 0.1563486095 0.1331405630 0.1767713743 0.1434399984 0.1051585157 0.1062629182 0.1035448435 0.1312089822 0.1967647788 0.1251803224 0.1240722503 0.1532055133 0.1692590481 0.1717159768 0.1597927728 0.1254548599 0.1384098002 0.1258835927 0.1088131341 0.1565859655 0.1123751602 0.1264245982 0.1756703406 0.1896731764 0.3130678186 0.3855626034 0.6022921869 0.7410403927 0.8022994916 0.8595374387 0.8404429419 0.6926043814 0.5507799697 0.3860536963 0.2542736845 0.2288466624 0.1609842181 0.1849469149 0.1597266076 0.0845069946 0.1618265237 0.1542664328 0.1311645168 0.1619228894 0.1183077023 0.1448944869 0.1234555364 0.1457121645 0.1763615519 0.1017850463 0.1192894363 0.1028158882 0.1545184369 0.1732233856 0.1780233836 0.1678225221
0.0959173605 0.1102377638 0.1179383954 0.1212527199 0.1227247500 0.0910178184 0.1371792466 0.1099471603 0.0694858599 0.2146157117 0.2062474238 0.2286193365 0.3712556903 0.4820600688 0.6094857182 0.7810864294 0.8165764401 0.8243015310 0.7562403985 0.6186827569 0.4421852502 0.3397456000 0.2451018514 0.1638337812 0.1420238421 0.1560871086 0.1359883018 0.1192005040 0.1481784141 0.1164627584 0.1464117842 0.1205265267 0.0669388695 0.1069965117 0.1035476993 0.1461873621 0.1527741107 0.0586735457 0.1377248555 0.1068903800 0.1138952719 0.1418324100 0.1255285720 0.0809826611 0.1225216930 0.1521001421 0.1637694484 0.2027027562 0.2604857597 0.3432126833 0.4734699524 0.6371755039 0.7205083237 0.8053544037 0.8307115302 0.6897407014 0.6265940367 0.4966525806 0.3679329589 0.2321338348 0.2062293240 0.1383089745 0.1165533868 0.1006177603 0.1366124123 0.1797868945 0.1143218738 0.1370824651 0.1247335547 0.1272953116 0.0901510548 0.1156241258 0.1510094439 0.1349727715 0.1753592789 0.1329263114 0.1390640754 0.1009644267 0.1187941444 0.0939905978 0.1011277357 0.1247258113 0.0559017194 0.1423719579 0.1490945272 0.1890250277 0.3042986530 0.4394385325 0.5556423076 0.7122163883 0.8129469264 0.9012250900 0.7789304485 0.5994419419 0.4378785790 0.3464283046 0.2525440298 0.1828818857 0.1323730830 0.0652619577 0.1291839645 0.0940160310 0.1067973567 0.0984925098 0.1520840186 0.1271822318 0.1508438358 0.1049589207 0.1385871837 0.1175678449 0.1745083710 0.0901000612 0.1488093005 0.1151845685 0.0956127323 0.1642167993 0.1382749119 0.1776500677 0.1539082078 0.1040223945 0.1119802995 0.1843582815 0.2515615801 0.2965967077 0.4298108588 0.6043819478 0.7293530517 0.8190309232 0.8767355513 0.7870305167 0.6715583522 0.5445650214 0.4113760869 0.2707069857 0.2023127646 0.1626348863 0.1402260687 0.0881274132 0.1469278260 0.1237975012 0.1381781828 0.1583114504 0.1310290450 0.1383665893 0.1284992662 0.1189455387 0.0788373697 0.1262216891 0.1261408629 0.1231466185 0.1307363543 0.1467966408 0.1100971781 0.0991644109 0.1055824928 0.0867968735 0.1531875532 0.1343850237 0.1879511096 0.2568585904 0.3050938748 0.4049319329 0.5644038824 0.7852059291 0.8127970579 0.8290181472 0.8223073432 0.6741987381 0.5585949790 0.3689438306 0.2331232078 0.2600225649 0.1244299339 0.1674511326 0.1415671669 0.1354274872 0.1207964530 0.1691944599 0.1570850205 0.1469351393 0.1333284378 0.0822428266 0.1554665412 0.1265010880 0.0863845151 0.1347518958 0.1640207648 0.1399700387 0.1769196170 0.1373881718 0.1158044953 0.1284365818
0.1107372217 0.0572441883 0.1140762313 0.1102475263 0.1435984220 0.1506829181 0.0696195547 0.0833051508 0.0928364971 0.1591816129 0.1719997287 0.2559409797 0.3482815840 0.4625098026 0.6355168931 0.7950615783 0.8420363854 0.8244503773 0.7605031860 0.5769869985 0.4170652482 0.3605349891 0.2174292275 0.1982281120 0.1939916441 0.1214240592 0.1140740259 0.1186586854 0.1272299147 0.1119704010 0.1697185566 0.0962732285 0.1134787416 0.1231477245 0.1700072408 0.0883815867 0.1243335510 0.1210421643 0.1139546672 0.1492798033 0.1395470890 0.1753810359 0.1258914375 0.1197694132 0.1397074958 0.1103485207 0.1492401171 0.1873019330 0.2570518072 0.3319690197 0.4529724010 0.5823865116 0.6942691382 0.8375956818 0.8048325642 0.7288013321 0.6642591770 0.5070297101 0.3368813745 0.2073346805 0.1799531244 0.1371903521 0.1421670074 0.1483767653 0.1363216691 0.1500733415 0.1268317967 0.0876456837 0.1204547982 0.1084389260 0.1041358617 0.0740246773 0.0956170691 0.0728335891 0.1369599639 0.1747887994 0.1090715075 0.1340231234 0.1138036451 0.1391857598 0.1543589306 0.1177940277 0.1213306272 0.1281953370 0.1884022762 0.2258310338 0.3116085131 0.4602564629 0.5999306244 0.7115383721 0.8263222557 0.8386428882 0.7566178742 0.6962350580 0.5358524059 0.3491220229 0.2314572453 0.1392870096 0.1820992221 0.1772436499 0.0969425742 0.1784851444 0.1465827944 0.1455355769 0.0900230843 0.1785288954 0.0878330632 0.1007672154 0.0995908114 0.1649433088 0.1255289551 0.1160179807 0.0910009904 0.1310249490 0.1395609496 0.1437001290 0.1441783756 0.1274963002 0.1314709390 0.1340678445 0.1763675326 0.1631898761 0.2544490151 0.3320098651 0.4863033690 0.6107412718 0.6932582216 0.8024208494 0.7776511267 0.7725486779 0.6679557503 0.5260034113 0.3625897945 0.2902641941 0.2185927747 0.2193561635 0.1498485871 0.1093140327 0.1409002627 0.1298490490 0.0539261311 0.0982854649 0.1172383330 0.1114532774 0.1557878675 0.1107328521 0.1007512300 0.1195658722 0.1553990065 0.1222001367 0.1904654697 0.0935042141 0.1428561306 0.0977660468 0.1648045470 0.1070099444 0.1264383545 0.1074662940 0.1383337124 0.2264999307 0.3263943996 0.4508393217 0.5078601718 0.7438392360 0.7995575307 0.7858646830 0.7781749987 0.6560068574 0.5480661522 0.3899292405 0.2997985723 0.2418817340 0.1477013878 0.1254267772 0.0858632986 0.1129366150 0.1137882290 0.1548050118 0.1061646884 0.1401837625 0.1253748049 0.1309024951 0.1522211028 0.1438031150 0.1097938851 0.1350795407 0.1366108587 0.2174369617 0.1092190847 0.1120447092 0.1557060676 0.1204800794
0.1496946989 0.1501541878 0.1132706303 0.0871689047 0.1196546059 0.1364481739 0.1132208287 0.1145365402 0.1422681630 0.1708910823 0.1572066273 0.2330178561 0.3284701148 0.5415069049 0.6125165232 0.7243887373 0.8580716678 0.8343429718 0.7466643592 0.6065894425 0.4197684602 0.3402364155 0.2152334304 0.1959011980 0.1709742626 0.1148164100 0.0893762118 0.0669599566 0.1010562347 0.1060067399 0.1385020118 0.1198861705 0.1832106188 0.0376618442 0.1190042345 0.1275072861 0.1407393682 0.1156581813 0.1302359820 0.1570500522 0.1628630682 0.1343964008 0.0953124744 0.1008017222 0.1529492369 0.1229754674 0.1842237318 0.2311320812 0.2477660943 0.3263251192 0.4481412873 0.6082658484 0.7183613628 0.7879581880 0.8409469833 0.7497301606 0.6307354469 0.4830835096 0.3577934597 0.2726259404 0.2636202340 0.1656794910 0.1266284100 0.0847362550 0.1012774680 0.1127567826 0.1063271421 0.1019386675 0.1293595245 0.1326314432 0.0664395994 0.0775691664 0.1674564337 0.0807497180 0.1047149033 0.1227171213 0.0570745804 0.1514651583 0.1586271456 0.1087600841 0.1499471707 0.1116112123 0.1312637757 0.1448097481 0.1641724127 0.2566976152 0.2969974572 0.4592355923 0.5823212656 0.7365796945 0.8804968983 0.8538198949 0.8046040413 0.6818203827 0.5399766398 0.3767538350 0.2431300103 0.1986890566 0.2144569525 0.1371692380 0.1738415007 0.0944790225 0.1042299235 0.1058022922 0.1054379739 0.0989500056 0.1184560332 0.1030443552 0.1075659327 0.1030012133 0.1081125966 0.1078758495 0.0614298323 0.0820354414 0.1670713321 0.1255287176 0.0795671564 0.1158263364 0.1288904486 0.1493723966 0.1043106482 0.1294056712 0.2840494256 0.2441262427 0.4606668376 0.5411478026 0.7348854951 0.7882086712 0.8691676475 0.8180251473 0.6731114497 0.4970999052 0.3330062405 0.2596561417 0.1659377454 0.1810858063 0.1750802682 0.1201032192 0.1392594120 0.1474782971 0.1093791862 0.0846398844 0.1113186339 0.1257443979 0.1059389113 0.1069341949 0.1495809507 0.1573640852 0.0898471283 0.1342837322 0.1691836879 0.1605317194 0.1297997100 0.1409063342 0.1519472226 0.1120235555 0.1426176582 0.1160951747 0.1465052053 0.1928192964 0.3101325983 0.3977321813 0.5653070625 0.7381582163 0.8193821861 0.8690456087 0.7318359129 0.6962534393 0.5600843652 0.4084689448 0.2650376651 0.2209676166 0.1979417499 0.1528390856 0.1764268897 0.1073059625 0.1504697413 0.0986742067 0.1541180634 0.1035132820 0.1710225867 0.1273669452 0.1250264309 0.1400951685 0.1025527331 0.1146247484 0.1937969888 0.1315290298 0.1302846920 0.1214554549 0.1481503122 0.1748557669
0.1486104118 0.1468828188 0.1015943653 0.0823477853 0.1148662002 0.0701117936 0.1432909450 0.1360398577 0.1212415375 0.1053427546 0.2027197287 0.2276092738 0.3407764283 0.4653885264 0.6410967601 0.7831722153 0.7823982548 0.8431725622 0.7226381729 0.6176219451 0.4122212650 0.3310767151 0.2716713114 0.1758479124 0.1126265564 0.1279811378 0.0888660650 0.1463044594 0.0963255849 0.1734113080 0.1311287087 0.0690611953 0.1327439552 0.1477973295 0.1222735198 0.1265576510 0.1786245106 0.1592934882 0.1047981697 0.1112741750 0.1355391065 0.1536789007 0.1306452537 0.1627095155 0.1425428187 0.1240747369 0.1473262408 0.1801554528 0.2590156206 0.2732580035 0.4293309549 0.5857328120 0.7433283953 0.8048759477 0.8208925497 0.8309561229 0.6683718915 0.5057552849 0.3269385373 0.2963445735 0.2070907992 0.1396679702 0.1279167576 0.1101018371 0.1175917134 0.2032966196 0.0899596682 0.1468462695 0.1422100527 0.1215480707 0.1387223456 0.1452246668 0.1331735843 0.1477473523 0.1046413968 0.1203374278 0.1009792317 0.0965929328 0.1825412202 0.0887548635 0.1166464421 0.0841999594 0.1427701924 0.1793907722 0.1462451750 0.2114937762 0.3322543078 0.4882131930 0.5847346183 0.6722016667 0.8384667267 0.8856586406 0.7813149419 0.6172863353 0.5095453265 0.3747866813 0.2810971816 0.2214612639 0.1554280637 0.1592120753 0.1336866700 0.1568375091 0.1566136772 0.1204508946 0.1306721585 0.0795656666 0.1374301668 0.1310488552 0.0937976755 0.1092301127 0.1350361564 0.1326091142 0.2128043269 0.1673209873 0.1695624430 0.0937234230 0.1152946937 0.1473201871 0.1694881403 0.1308216029 0.1341978340 0.2142030773 0.2138281309 0.3668365490 0.4531834691 0.6116842048 0.7613482216 0.8088906485 0.8376435762 0.7628817209 0.6767010806 0.5243602439 0.3943766026 0.2965564463 0.2116720670 0.1760343111 0.1145093154 0.1526249553 0.1331197826 0.1373804909 0.1054153508 0.1189030812 0.1144190391 0.0896840910 0.1161751299 0.1557507028 0.1008917875 0.1403272118 0.1060585206 0.1279445874 0.1389088823 0.1719664228 0.1327931459 0.1619503948 0.1512373737 0.1484650753 0.1056149974 0.2012418717 0.1919616350 0.1702602049 0.3536160661 0.4162162095 0.5233632082 0.6656230574 0.8294076844 0.8619362125 0.7907310106 0.7133832433 0.5425451508 0.4391898457 0.3026026848 0.2582003226 0.1549651820 0.1466194953 0.2203834344 0.1583351396 0.1531814616 0.1606682914 0.1689587083 0.1470200763 0.1464485749 0.1983156836 0.1270367889 0.1785053019 0.1368618702 0.1885609547 0.1584365848 0.1218453106 0.1163756805 0.0896691319 0.1723183929 0.1133094352
0.1109769620 0.0901612152 0.1123209997 0.0826489138 0.1430284404 0.1106120825 0.1609233913 0.1336958545 0.1740162865 0.1451882411 0.1532853546 0.1911034764 0.3490944270 0.4905763806 0.6035750400 0.7444981465 0.7773108875 0.8732962054 0.7262127834 0.6178714605 0.4421312658 0.3595202016 0.2621750950 0.1676885384 0.1177301909 0.1772159194 0.1409526040 0.1334390028 0.1067160935 0.1364577941 0.1281808683 0.1163924247 0.1223727157 0.1606165188 0.0868307264 0.1547825129 0.1099956572 0.1279216252 0.1533420988 0.1251199703 0.1496947765 0.1473147961 0.1286398060 0.1038377425 0.1399993148 0.1185003145 0.1666103654 0.1861135999 0.2400046127 0.3468817332 0.3933394510 0.5992663623 0.7732241038 0.8223193240 0.8683002235 0.7545477279 0.6372030271 0.4906632050 0.3712099145 0.2387164406 0.1190363366 0.1472584334 0.1046295794 0.1351533613 0.1546309398 0.1405792746 0.1301284358 0.1074078424 0.1148137469 0.0875636020 0.1280425228 0.1429289553 0.1305961676 0.1556100992 0.1470854460 0.1575843670 0.0979000693 0.1308243150 0.1476974501 0.1209598297 0.1741400090 0.1460252507 0.1366500841 0.1525492395 0.1099446364 0.2611569763 0.3531429754 0.4310052532 0.6136002416 0.7580153934 0.7955152255 0.8508333790 0.8129356777 0.7014020027 0.4754670785 0.3889372126 0.2805075855 0.2003332553 0.1067684098 0.1614080329 0.1529712336 0.1897157264 0.1234096962 0.1708196773 0.1097310411 0.1286607751 0.1278342608 0.1360475937 0.1774958366 0.1501054255 0.1737133113 0.0840212505 0.1136130706 0.1461621364 0.1576233305 0.1522236413 0.0944700752 0.1171197429 0.1566788206 0.1366142238 0.1518284965 0.1725597952 0.2170279983 0.3322469165 0.4386927772 0.5791983083 0.6773457197 0.8241325888 0.8079329368 0.8215632156 0.6759277691 0.5219260363 0.4297408241 0.2522109589 0.2332791306 0.1879051266 0.0954130539 0.1714285234 0.0928499175 0.1434382443 0.1513348091 0.1819451996 0.1926995471 0.1198973001 0.1940942794 0.1395896520 0.1269942438 0.1527828631 0.1600253447 0.0977707273 0.1218072501 0.1451018368 0.1503073573 0.1864765332 0.1085220955 0.1167576847 0.1026325193 0.1347544535 0.1643745832 0.2121108773 0.3006677903 0.4198061973 0.5589511086 0.7677755026 0.8180140832 0.8025945666 0.8012521886 0.7923760578 0.5249709592 0.3930330138 0.2940875037 0.2211493384 0.2079430664 0.1772484045 0.0890568668 0.1600155300 0.1197093079 0.1850740915 0.1321061707 0.1278950341 0.1685240756 0.1127361412 0.1284098387 0.1518370436 0.1807541273 0.1247356462 0.1265752734 0.1407337699 0.0877919035 0.1416803355 0.1800085278 0.1271399808
0.1761055186 0.1389897694 0.1412813016 0.1114791214 0.1560323005 0.1382791202 0.1692147758 0.1144960807 0.1667770887 0.1067586829 0.1969119207 0.2614671532 0.3522300104 0.4237196462 0.6173266187 0.7605035844 0.8281653549 0.8352327631 0.7591504062 0.6876988057 0.4935804446 0.3736406569 0.2158512289 0.1936227210 0.1351687978 0.1717175102 0.1434966638 0.0753732975 0.1293033479 0.1493906800 0.1036632452 0.1581606372 0.1415125807 0.1101455796 0.1190465801 0.1339942973 0.1934140014 0.1095963554 0.1992946254 0.1310823577 0.1363580315 0.0983577024 0.1807470263 0.1257100789 0.1784627201 0.1340125369 0.1427638482 0.1849797078 0.2441878851 0.3154440060 0.5283598259 0.6371144639 0.7210529200 0.8625164060 0.8293455519 0.7712398849 0.6747271814 0.4583607090 0.4058416706 0.2806810668 0.2049753349 0.1756643615 0.1806183335 0.1271772956 0.1464282593 0.1367036270 0.0758143116 0.1577884424 0.1559120774 0.1158950913 0.1119383578 0.1205733152 0.1820923552 0.1704242779 0.1673712225 0.1290714574 0.1683959384 0.1562964246 0.1033035848 0.1442315309 0.1381681266 0.1578180760 0.1197886183 0.1518178092 0.1746780271 0.2499366996 0.3293189646 0.4848120132 0.5364627274 0.7251010541 0.7916179230 0.8991630586 0.7680949443 0.6569842087 0.5356712376 0.4068604074 0.3130431689 0.1906845437 0.1485421938 0.1881541443 0.1623022083 0.1636383216 0.1380050438 0.1301420150 0.1383060523 0.1441924154 0.0923839939 0.0940059051 0.1804318998 0.1075330651 0.1158857670 0.1558463037 0.1720082199 0.1403445228 0.1010080265 0.1425849917 0.1352067561 0.1640805728 0.0853985579 0.1566125596 0.1817490158 0.2360137872 0.2308834007 0.3243355430 0.4012422838 0.6367866219 0.7058907632 0.8085603056 0.8518104231 0.8259078241 0.7222810077 0.5603576422 0.3766286358 0.2877924794 0.2135159065 0.2025526711 0.1913438405 0.1249794157 0.1605968579 0.1500550511 0.1678546136 0.1675930665 0.1008670189 0.0896080684 0.1537328928 0.1806747124 0.1424757718 0.1057205884 0.1652852308 0.1655796441 0.1053363177 0.1830103197 0.1595888083 0.1814085650 0.1678448919 0.1449585644 0.1714198138 0.1288912240 0.2112993325 0.2151146022 0.2894272115 0.4577270900 0.5538161292 0.7373310527 0.8586466696 0.8769716519 0.8316085293 0.7000006775 0.5930119068 0.4338156404 0.3148800020 0.2098703288 0.2126080076 0.1769928895 0.1996316158 0.1112771033 0.1078124412 0.1479729456 0.1487011848 0.1916373410 0.1033977686 0.1535292767 0.1891860356 0.1725184845 0.1097311695 0.1113877338 0.1513456334 0.1625117579 0.2009803724 0.1344553123 0.1654536336 0.1226723282
0.1004010038 0.1937293776 0.1615861620 0.1788164224 0.1464350453 0.1384131643 0.1992104147 0.1082690381 0.1767752907 0.1377541475 0.1933086468 0.2828315866 0.3203037418 0.4550101292 0.6435975684 0.7741540859 0.8674589198 0.8208619490 0.7784450239 0.6217093589 0.4699842160 0.4000735577 0.2901087577 0.2209624349 0.1519310749 0.1369667580 0.1447103326 0.1378566552 0.1362221675 0.1397507677 0.1374676078 0.1421105341 0.1261461603 0.1516634961 0.1481130883 0.1980368684 0.1075647270 0.1184550282 0.1082521417 0.2059765015 0.1636259456 0.1487510277 0.1688201149 0.1640898925 0.1813146834 0.1351976174 0.1294724150 0.1914570929 0.2508906377 0.3383170191 0.4308072031 0.6382166969 0.7311082054 0.8908883722 0.8336695215 0.8659552390 0.6699255275 0.5323186482 0.4082363127 0.2865591356 0.1686851669 0.1459415612 0.1535341425 0.1725483535 0.1366191483 0.1365257787 0.1635570520 0.1173845603 0.0601388948 0.1146726850 0.1802711987 0.1411509538 0.1441039207 0.1928447741 0.1800371655 0.1422201336 0.1717893800 0.1233247010 0.1367129062 0.0972417796 0.1526187867 0.1423980615 0.1477659665 0.1999361047 0.1849416413 0.1982356008 0.3493828022 0.4725202718 0.5480431599 0.7074999237 0.8317103573 0.8211328672 0.7961526049 0.6355562672 0.5322070875 0.3755330992 0.2902613714 0.1890513849 0.1596952852 0.1478599576 0.1570498748 0.1363422718 0.1369600715 0.1677822830 0.1678180885 0.1315186156 0.1496582471 0.1267548805 0.1927423002 0.1675365130 0.1611699749 0.1509307128 0.1716281242 0.1304730579 0.1461269038 0.1793501667 0.1865217463 0.1445663375 0.1036340984 0.1641528609 0.1378402729 0.2049532156 0.2359473361 0.3447139613 0.4130243321 0.5745395391 0.6624056047 0.8607124199 0.8930439713 0.8332966407 0.7133950453 0.5895782238 0.4342219904 0.2987204480 0.2154438686 0.1910249907 0.1341885181 0.1752498634 0.1987628335 0.2203438471 0.1280692712 0.1453431717 0.1814203151 0.1746109138 0.1421389619 0.1651492491 0.2186759969 0.1025861085 0.1516227151 0.1889613372 0.1865838048 0.1810460092 0.1368084398 0.1424063979 0.1475974128 0.2099318952 0.1987380426 0.1933937534 0.2217908273 0.2594369497 0.2990577620 0.4108246323 0.5967202100 0.7703706537 0.8231558432 0.8944765941 0.8359123975 0.7052948734 0.5760996412 0.4458135633 0.3591801544 0.2364275693 0.1730405945 0.1607930963 0.1607414252 0.1677122479 0.1530992223 0.1775626478 0.1592067340 0.1425339580 0.1504621539 0.1941440517 0.1919307916 0.1171885366 0.1548744240 0.1623433754 0.1310990896 0.1349081778 0.1468122965 0.1736531793 0.1585382347 0.2024107167
0.1536641124 0.1115980761 0.1674811926 0.1032094434 0.0482872294 0.1232405815 0.1099474325 0.1677005579 0.1613257279 0.1563421651 0.2228967136 0.2681921511 0.3105709895 0.5047241589 0.6400001671 0.7479040418 0.8290767285 0.8528607494 0.7694260839 0.6850753816 0.4990104307 0.3997314793 0.2378358757 0.2269457682 0.1615476771 0.1107658092 0.1614529413 0.1077504313 0.1558354883 0.1451056907 0.1752774280 0.1523701258 0.1032306831 0.1268558723 0.1520610005 0.1163693392 0.1126332638 0.1334070994 0.1429722727 0.1255030898 0.1466693871 0.1498676427 0.1444053539 0.1511663690 0.1331185807 0.1425111046 0.1477004559 0.2089057742 0.2420527934 0.3254441337 0.4985400905 0.5641384835 0.7227337656 0.8450333683 0.8319426870 0.8184659782 0.6915441208 0.5138445461 0.3753696132 0.2886338924 0.2096628154 0.1788642144 0.1680257679 0.1369508868 0.1905069699 0.1274376066 0.1764502584 0.1630381315 0.1512274264 0.1409711686 0.1769120222 0.1775818040 0.1106404029 0.1451257297 0.1623604409 0.1221864534 0.1446163120 0.1413845777 0.1449807997 0.1232041883 0.1683675622 0.1522315709 0.1776985382 0.1327228728 0.2075823709 0.2214402714 0.3628753866 0.4489187363 0.6085508646 0.7384979569 0.8437898966 0.8683328570 0.8227140571 0.7123253108 0.5316564424 0.3703063037 0.2862294559 0.1917861649 0.1910117726 0.1912807158 0.1440316198 0.1618004738 0.1460413361 0.1654780641 0.1509644286 0.1691577278 0.1563302497 0.1617879752 0.1246367435 0.1569138316 0.1173855774 0.1097897260 0.1558696606 0.1121504180 0.1949851914 0.1388101425 0.1487035283 0.1938102850 0.1368214121 0.1229735739 0.1544952902 0.2245347082 0.2510711053 0.2767013882 0.4472935674 0.5775298744 0.7117759661 0.7817537452 0.9167090276 0.8073639356 0.7254823653 0.5477685656 0.4107947102 0.3130481988 0.2718571051 0.2097451351 0.1715484640 0.1246780031 0.1254647915 0.1248825521 0.1856770809 0.1638858861 0.0939087316 0.1461160836 0.1711600846 0.1573032717 0.1092156000 0.1690367278 0.1899290299 0.0862753482 0.1163917804 0.1336401344 0.1789275191 0.1125155546 0.0956285905 0.1552319702 0.1347121866 0.1751336724 0.2000401949 0.2631431620 0.3195860391 0.3793777764 0.5937280505 0.7102928758 0.8500433188 0.8921417933 0.8250840460 0.7328602980 0.6313157483 0.4379086443 0.3329788214 0.2704865972 0.1909680423 0.1858669332 0.2439668653 0.1629294895 0.1859208632 0.1722460166 0.1987903796 0.1590125273 0.1502953364 0.1924615858 0.1628782439 0.1522551229 0.1553768682 0.1764850829 0.1533768070 0.1543519523 0.1627380232 0.1943479826 0.1943797640 0.1477703295
0.1320458132 0.1632658111 0.1902229797 0.1510597130 0.1494632194 0.1446420568 0.1595918663 0.1737069052 0.1615591951 0.1886078302 0.2093669357 0.2543243280 0.3562209179 0.4815810101 0.6287777786 0.7485419356 0.8615833468 0.8211365389 0.7654180252 0.6030900139 0.5333375106 0.3987463282 0.3016915250 0.2099131450 0.2008155863 0.0866898475 0.1439960888 0.1692889422 0.0894954307 0.1309133296 0.1371583589 0.1411513292 0.1074190667 0.1066810273 0.1240051965 0.1502301194 0.1125992148 0.1623666121 0.1812695001 0.1074373238 0.1368229912 0.1516407689 0.1241600073 0.1396832287 0.1349460815 0.2246787448 0.1450233005 0.2309676096 0.2275123668 0.3616027791 0.4497062958 0.5883225990 0.7429542941 0.8007554234 0.8330056400 0.8083787543 0.6753642194 0.5591730329 0.4339107551 0.2827235415 0.2280941102 0.1411399357 0.1672641028 0.1954982784 0.1610698591 0.1853876063 0.1730930433 0.1423637057 0.1395747550 0.1645348710 0.1456118656 0.1237395958 0.1785724912 0.1470129109 0.1790709229 0.1707946651 0.1565301411 0.1318503184 0.1176176344 0.1775440028 0.2058321579 0.1792548484 0.1601131950 0.1513036260 0.2124566372 0.2771662682 0.3166707463 0.5231632986 0.6296847138 0.7784900352 0.8487045451 0.8903788315 0.8089444937 0.7124778023 0.5439206834 0.3946732528 0.2806554424 0.2894998197 0.1970024704 0.1414048072 0.1503780614 0.1290651054 0.1652016515 0.1782169359 0.1512864065 0.1265852545 0.1682129372 0.1460123132 0.1395559449 0.1931041037 0.2416096479 0.1861681545 0.1747011294 0.1853533245 0.1825662081 0.1931970215 0.1883289155 0.1614279536 0.1890555191 0.1715311763 0.1822926567 0.1973609921 0.2288887255 0.3217556474 0.4260969809 0.5780845012 0.7315735398 0.8377789329 0.8897298037 0.8531499108 0.7383460988 0.5807809451 0.4339163864 0.3949180081 0.2438017921 0.1750208543 0.1363928857 0.1431293189 0.1875671806 0.1750434622 0.1983348549 0.1433334627 0.1499065627 0.2033166777 0.1372797309 0.1665001184 0.1601872595 0.2136732391 0.1567672204 0.1601664444 0.1457463573 0.1785513533 0.1770059742 0.2257545656 0.1698716122 0.0902768844 0.1960242611 0.2185735208 0.2233263646 0.2405632016 0.3189810912 0.4383641280 0.5537626832 0.7779976624 0.8521609963 0.8783432405 0.8564246558 0.7040856949 0.6147188728 0.4826544134 0.3526960332 0.3206346679 0.1970474732 0.2288133745 0.1362653828 0.2033893634 0.1344666773 0.1651831840 0.1855774269 0.1644326261 0.1585152987 0.1160427725 0.1643425677 0.1516234407 0.1399384740 0.1848016408 0.1822764083 0.2116909112 0.1929907252 0.1555167905 0.1380656109 0.1508586820
0.1544782613 0.1375724933 0.1480938782 0.1888397558 0.1134254706 0.0930823067 0.0847902871 0.1051004753 0.2108293437 0.1343461609 0.1891292568 0.2350636614 0.3415643461 0.4897671215 0.6119628783 0.7911354463 0.9336538818 0.9094781646 0.7882953243 0.6340298598 0.5449859553 0.3723489001 0.2790585291 0.2121005286 0.1977987774 0.1557757729 0.1623585987 0.1446922314 0.1446384312 0.1285999504 0.1620969902 0.1653572595 0.1383732854 0.1715300004 0.1790455718 0.1530776095 0.1528540618 0.1803120009 0.1373577667 0.1288290733 0.1908192809 0.1551654707 0.1552720462 0.1798093502 0.1239774466 0.1814527773 0.1707887080 0.1613367926 0.2729995777 0.4126501809 0.5045211830 0.5949844480 0.8037976717 0.8713051272 0.8465010699 0.8238266331 0.6864753139 0.5247358948 0.3913141915 0.2982547001 0.1974287396 0.1415234624 0.1726464587 0.1654271690 0.1830351709 0.1318893303 0.1574348325 0.1455031657 0.1567108707 0.1595849976 0.1735254743 0.1749437090 0.1780172515 0.1963560733 0.1177672825 0.1725001699 0.1389972018 0.1643076155 0.1490783393 0.1779131701 0.1324418838 0.1295661281 0.1338068421 0.1416214060 0.1851045707 0.2360995277 0.3260360916 0.5013561971 0.6133549872 0.6756349162 0.8320762799 0.9060419157 0.8639660263 0.6949897552 0.5770110991 0.4254809522 0.2765050747 0.2692292500 0.1741007468 0.1864431831 0.1311743499 0.1528713645 0.1277500343 0.2006560560 0.1183544219 0.2073298792 0.1695815745 0.1554464856 0.1706495234 0.1647700240 0.1572495483 0.1938290625 0.1641966114 0.1732003788 0.1127064706 0.1689420590 0.1949089178 0.1797490093 0.1899068769 0.1128874789 0.1895677210 0.1959349684 0.2288660540 0.3530348739 0.4399911015 0.6422795109 0.7566787312 0.8393366269 0.8763767431 0.8544990066 0.7304840609 0.5371058124 0.4406065606 0.3011319379 0.2054372881 0.1858355118 0.1321853508 0.2077073545 0.1196322508 0.1689860521 0.1761338849 0.2136096934 0.1609362298 0.1618079548 0.1827383915 0.1629869586 0.1871667791 0.2204642329 0.1954088237 0.1241188469 0.1666695449 0.1376304211 0.1872222461 0.1387835703 0.1907165197 0.1745299057 0.1249659479 0.1889906679 0.1613914250 0.2979387188 0.3169837323 0.4691472025 0.6382525445 0.7442546708 0.8945511879 0.9001313297 0.8403859097 0.7576949288 0.5914225442 0.5080429485 0.3479657959 0.2684630724 0.2267452739 0.2039013719 0.1897848619 0.1727270143 0.1908711034 0.1289065585 0.1544019558 0.1709151733 0.1438542639 0.1433153354 0.1844788360 0.1520267443 0.1469386087 0.1861474017 0.1409208106 0.2260694313 0.2469071173 0.2105112090 0.1968819201 0.1832338646
0.1701553025 0.1827921373 0.1689646385 0.1046503586 0.1970208540 0.1450791199 0.1495282537 0.1809116959 0.1277062773 0.1699844815 0.1558946501 0.2950709000 0.3016575957 0.4792551529 0.5871246514 0.7504067781 0.8795752307 0.8412304207 0.7642152060 0.6054442991 0.4849946052 0.3698185871 0.2902121409 0.1856410655 0.1695153022 0.1763659908 0.1472792345 0.1685619363 0.1678735134 0.1218038194 0.1672679869 0.1668517360 0.1843702063 0.0977974053 0.1910072598 0.1488184984 0.1587897629 0.1221281321 0.1356744848 0.1306551124 0.1762611384 0.1568912584 0.1464257432 0.1563066566 0.1867055458 0.1363939900 0.2157433020 0.1567393840 0.2412663748 0.3394795861 0.4767362837 0.6104057650 0.7587679215 0.8284550536 0.8631609319 0.8179494476 0.7493103746 0.5422172470 0.3774962727 0.2978521771 0.2176579265 0.2215370431 0.1351335245 0.2153208902 0.1574042241 0.1884593195 0.1371019775 0.1672438196 0.1638820104 0.1520707980 0.0945853441 0.1458165139 0.1343605320 0.1915786101 0.1557462383 0.1662704619 0.1701633532 0.1336041348 0.1224911199 0.2026344230 0.1240004097 0.1505399276 0.1206404587 0.2049681043 0.2012043355 0.2749550682 0.3671367525 0.4516224034 0.5955499228 0.7428179969 0.8150707236 0.9059132495 0.8570363500 0.7614487778 0.5518261253 0.4386775235 0.3121638737 0.2608919937 0.1481123563 0.1494162051 0.1793181188 0.1218224507 0.2093579908 0.1842414318 0.1770868252 0.1675259229 0.2088811933 0.1926729624 0.0909775721 0.2345999024 0.1087406788 0.1964576546 0.1687092580 0.1483595708 0.1393939859 0.1581184387 0.1505537094 0.1421940637 0.1767478928 0.1273017945 0.1631380514 0.1981693073 0.2565355273 0.3489537782 0.4168652510 0.6445763354 0.6936294091 0.8504306710 0.9219806411 0.8265895905 0.6951488565 0.6314124657 0.4193517419 0.3308986763 0.2389677251 0.2096286693 0.2216952348 0.1400246583 0.1548747101 0.1656474167 0.1626730049 0.1963758594 0.1328419707 0.1491081298 0.1563528331 0.1741135982 0.1482954223 0.1785483517 0.1368967007 0.1741548623 0.2114158990 0.1775377617 0.2063623421 0.2160718381 0.1767229940 0.1791955071 0.2335302133 0.1355838444 0.2188393037 0.2541827726 0.3485466195 0.4122164556 0.5455522010 0.7106316170 0.8597417486 0.8658669018 0.8667853458 0.7207949302 0.6286460592 0.4375110823 0.3654706426 0.1978427667 0.2122102325 0.1837521352 0.1307556177 0.1419526382 0.1815351734 0.1373116626 0.1742558092 0.1909466944 0.1445802681 0.2020636777 0.2119820418 0.2017337139 0.1883227935 0.1436089509 0.1748776905 0.1424138719 0.1679141705 0.1027581182 0.1502779191 0.1441298068
0.1724673991 0.1526032665 0.1533863288 0.1834592252 0.1466148699 0.1891852861 0.1140042181 0.1567763551 0.1468963772 0.1956668372 0.2151189646 0.2225148714 0.3524205928 0.5061223949 0.6910806323 0.7459557800 0.8659734845 0.8787297983 0.8105411853 0.6695165621 0.5504991198 0.3742645885 0.3146932588 0.1871789395 0.1570919482 0.1176951833 0.1086590222 0.1593851327 0.1326992974 0.2110568490 0.1517532757 0.1742818449 0.2128864204 0.1611861315 0.1445159003 0.1690473819 0.1433978231 0.1752714750 0.1529375459 0.1235947467 0.1047552183 0.1361885597 0.1518583757 0.1790004381 0.1674629913 0.1490722987 0.2392886406 0.1999277488 0.2674222752 0.3625715382 0.4717312650 0.6156491609 0.7575226703 0.8515335465 0.8806481509 0.8268514596 0.6995424048 0.5352120727 0.4426360975 0.2782130671 0.2175986250 0.1697568841 0.1629496533 0.1935979153 0.1346010565 0.1228748489 0.1793626048 0.1340795791 0.1454443668 0.1745903806 0.1770642173 0.1313439065 0.1857291207 0.1729897413 0.1743431456 0.1410665695 0.1478669641 0.1315297181 0.1400330220 0.1633455096 0.1538464284 0.1636975809 0.1715820879 0.2241374521 0.2238848734 0.2484772311 0.3536255564 0.5143098283 0.5949481566 0.7634795250 0.8068391933 0.8855238669 0.7959553454 0.7415933769 0.5793866795 0.4560956446 0.3613894446 0.2486300717 0.1773576030 0.1884585329 0.1486936232 0.1308032071 0.1441962558 0.1956854310 0.1578802125 0.1862822866 0.1539703790 0.1486605418 0.1329845616 0.1274900489 0.1877744502 0.1300569032 0.1827591203 0.1405427814 0.1657046391 0.1352605044 0.1916179200 0.1713619648 0.1335739630 0.1451325845 0.1638036334 0.1721647433 0.2608812588 0.3232480532 0.4714303742 0.6030929873 0.7074070889 0.8475809111 0.8903566370 0.8272318144 0.7001487719 0.5865141557 0.4192252642 0.3362126403 0.2177570979 0.2412460172 0.2054292649 0.1656714433 0.1464436974 0.1307487271 0.1674506574 0.0976188501 0.1990445033 0.1559743208 0.1439875746 0.1659870994 0.1390736510 0.1744498511 0.2006904988 0.1588991568 0.1212872774 0.1557074148 0.1508123283 0.1642096960 0.1224114192 0.1261563728 0.1844046913 0.2198503072 0.1982360032 0.2673314850 0.3531093474 0.5048125165 0.6007572817 0.7412327346 0.8166179045 0.9070465176 0.9043407135 0.7735500932 0.6008308234 0.4822745272 0.3560371519 0.2399091451 0.1927597770 0.1919351817 0.1630339163 0.1770064827 0.1596880748 0.1382633621 0.2198796059 0.1661195182 0.1921777444 0.0992750054 0.1903488505 0.1496672729 0.1870848679 0.1302766814 0.1495655316 0.1658596595 0.1548141279 0.1638911205 0.1672286283 0.1442622154
0.1352409065 0.1699936679 0.1171758996 0.1082896010 0.1477754980 0.1099798165 0.1799040424 0.1760582186 0.1526783763 0.1933649711 0.2128092341 0.2371063765 0.3556511098 0.4776332415 0.6219354078 0.8120962358 0.8127669036 0.8483377948 0.8351268522 0.6681890309 0.4817330850 0.3793889934 0.2374461064 0.1868645424 0.2127149045 0.1601317256 0.1498576112 0.0971140276 0.2051017171 0.1210723639 0.1570183055 0.1770142489 0.1499906753 0.1556310873 0.1631305628 0.2025883627 0.1784077899 0.1597138725 0.1779522355 0.0968509292 0.1686485187 0.1408641882 0.1680330605 0.1641778926 0.1485455723 0.1566403204 0.1229585872 0.1627099919 0.2274694882 0.3630832678 0.4725047625 0.5409433462 0.7260086171 0.8657749040 0.8554473834 0.8014928198 0.6765476020 0.4571500533 0.3949040576 0.2838005654 0.2360569366 0.1787431338 0.1231154456 0.1418878075 0.2228380055 0.1697780853 0.1229742052 0.1896604732 0.1678630345 0.1421111269 0.1402387454 0.1357620766 0.1847910811 0.1479859562 0.1336797729 0.1745677144 0.1661580930 0.1421045691 0.1483378997 0.0961505404 0.1282088158 0.0662003678 0.1619263503 0.1663814590 0.2071369327 0.2635978109 0.3322577572 0.4480244641 0.6074068290 0.7755476950 0.8280979215 0.8610419151 0.8462215124 0.7146630737 0.5440684934 0.4170480942 0.3211816529 0.2560267242 0.1960466093 0.1746330031 0.1401461153 0.1698926381 0.1442456494 0.1845423943 0.1756624544 0.1588006430 0.0829093226 0.1622162518 0.1201454230 0.1483111636 0.1256994836 0.1366151386 0.1882719449 0.1229498343 0.1555909809 0.1874889011 0.1366149085 0.1431279457 0.2204911819 0.1658898084 0.1872459045 0.2387294842 0.2553692824 0.3577886837 0.4204799569 0.6164314953 0.7542520696 0.8492517736 0.8617553711 0.8497959577 0.7189002093 0.6154407667 0.4534735399 0.3455101807 0.2210388177 0.2036090943 0.1834384286 0.1400707182 0.1849478192 0.1072052077 0.1569909677 0.1567804192 0.1864844148 0.1550651268 0.1767038633 0.1518961260 0.1373994349 0.1227591556 0.1157456969 0.1241122429 0.1488591189 0.1225256175 0.1371499389 0.1728160019 0.1722016732 0.1828863652 0.1202823565 0.1557998215 0.2257306857 0.2394191992 0.3663644013 0.4409020161 0.5408768784 0.6522630488 0.7749920098 0.8739979718 0.9012059639 0.7792093332 0.5934692891 0.4794981284 0.3331900040 0.2558543433 0.2143189935 0.2119674876 0.1688964519 0.1907770994 0.1239145996 0.1076951747 0.1859501777 0.1594164103 0.1686689187 0.1224375305 0.1571898365 0.1140306020 0.1852870011 0.1410975923 0.1935827395 0.1861064134 0.1804684826 0.1790491767 0.1663849478 0.1424351509
0.1690755940 0.0948537387 0.1231920709 0.1246007799 0.1530912880 0.1897839206 0.1014682995 0.0915610442 0.0924545307 0.1169006888 0.1357059549 0.2261871980 0.3349472114 0.4804977782 0.6576668626 0.7323030016 0.8504343013 0.8423487085 0.7916050560 0.6761619130 0.4914240756 0.3489994773 0.3197844666 0.2317904255 0.1764406563 0.1419239931 0.1329765274 0.1426091465 0.1092281883 0.1734419369 0.1286552305 0.1650156925 0.0762669084 0.0993597211 0.1152731900 0.1041068006 0.0903762942 0.1703055014 0.1118138559 0.1148785687 0.1325358279 0.1553471005 0.1909352201 0.1203970319 0.1688674887 0.1605083540 0.1833417159 0.1423832716 0.2630214658 0.3227657941 0.4350425567 0.5818417745 0.7141261928 0.7319801998 0.8358715136 0.7738691588 0.6642018307 0.5639285341 0.3727134369 0.3441110023 0.2385039560 0.1939280237 0.1651626660 0.1261305913 0.1770821122 0.1145293447 0.1480304612 0.1306957823 0.1830552613 0.1019980899 0.1240851399 0.1593667571 0.1619438485 0.1696113743 0.1663287922 0.1855313307 0.1306757882 0.1698351207 0.1388977332 0.1501957084 0.1263649020 0.1989360176 0.1460936397 0.1669284404 0.2374326770 0.2215959375 0.3346509114 0.4381710368 0.6111067903 0.6934183511 0.8255574957 0.8340731040 0.8255949190 0.7317646556 0.5621643671 0.4454760354 0.3048225029 0.2518146100 0.2228542249 0.1616358708 0.1829293651 0.1205171386 0.1369380279 0.1566090815 0.1120069962 0.0910435313 0.1978168494 0.1917735606 0.1678977859 0.1630063698 0.1567080184 0.2004761803 0.1940186272 0.1678080263 0.1686392387 0.1609526049 0.1357754216 0.1951899874 0.1246932943 0.1458554064 0.1533075877 0.2125854743 0.1890069319 0.2914379823 0.4551278115 0.5236921637 0.6902083792 0.8548257943 0.9013670471 0.8202753772 0.7377342276 0.5902710512 0.4421115358 0.3014199612 0.2252419506 0.1898940070 0.1992238827 0.1791127287 0.1086464078 0.2100882122 0.1382915697 0.2156608624 0.1098640067 0.1556767991 0.1736995994 0.1778621149 0.1666804677 0.1003070119 0.1768338810 0.2079774655 0.1614811363 0.1568619432 0.1456156642 0.1812471187 0.2288039425 0.1133643749 0.1651774142 0.1486971436 0.1760441624 0.2364769546 0.3008282721 0.4001861871 0.5359055466 0.7261505611 0.8353101816 0.8671010514 0.8600412451 0.7241390087 0.6089128901 0.4581375645 0.3337062195 0.2531234463 0.2123046203 0.1815384842 0.1772978660 0.1719781263 0.1600602699 0.1956809317 0.1336364569 0.1324394651 0.1465117128 0.1479020332 0.1855888624 0.1343207294 0.1256409787 0.1180271639 0.1206404048 0.1496356115 0.1450932869 0.2020799845 0.1207481366 0.1349826643
0.1517172749 0.1331226776 0.1457190920 0.1600298446 0.1178579238 0.1409629934 0.1410491262 0.1613045110 0.1222721571 0.1420959514 0.1827992947 0.2523799798 0.3068405143 0.4443038674 0.5724076283 0.6976061010 0.7930854695 0.8540909000 0.7792015294 0.6862089154 0.4678405849 0.3909854016 0.2307449351 0.2275760072 0.1471320523 0.1082735165 0.0894607671 0.1550916368 0.1540366790 0.1312127998 0.1651955516 0.0912680794 0.1702293543 0.1603692420 0.1828490923 0.1713327007 0.1765813292 0.1554664116 0.1139621026 0.0996713330 0.1865129247 0.1168955077 0.2055367579 0.1242051205 0.1456190362 0.1843159553 0.1788481832 0.2092494408 0.1948895622 0.3053887600 0.3757427784 0.5564352793 0.7519715910 0.8268971769 0.8667845515 0.8202759233 0.6936550423 0.5600133126 0.3943895354 0.2918724827 0.2073339703 0.1717000935 0.1800451664 0.1428108410 0.1478590078 0.1543439382 0.1312891220 0.1801181606 0.0994746419 0.1232077001 0.0880280510 0.1318291148 0.1083191262 0.1546365982 0.1413855955 0.1197195804 0.0875840794 0.1484494767 0.1536586305 0.1610698710 0.1684564142 0.1563977392 0.1740109973 0.1374672095 0.1808191344 0.2281808076 0.2768343899 0.4241286709 0.5307745790 0.7249205993 0.8395934396 0.8924885302 0.8220558873 0.7668658468 0.5676412199 0.4113623857 0.2940521556 0.2326379729 0.1806856792 0.2022589045 0.1571004145 0.1152543138 0.1165852640 0.1803339936 0.0913082285 0.1353084376 0.1888914614 0.1620755131 0.1569006901 0.1106657686 0.1163571366 0.1549120128 0.1491537839 0.1237735258 0.1705726489 0.1316792896 0.1301378708 0.1127313789 0.1446145925 0.1247353114 0.1367686767 0.1780529074 0.2360078965 0.2568119218 0.4440514452 0.5708908615 0.6966096607 0.8428127036 0.8432009606 0.8284581971 0.7484285823 0.5781815767 0.4152619471 0.3521436651 0.2866532502 0.1967507475 0.1594300582 0.1888462068 0.1170427613 0.1095352986 0.1406425305 0.1362417897 0.1406757479 0.1212103691 0.1443667624 0.1388741132 0.1613316638 0.1825417969 0.1612017699 0.1827214041 0.1422498371 0.1389462518 0.1141600429 0.1508287936 0.0938374683 0.1508441496 0.1561017182 0.1608905824 0.2095269549 0.2618870937 0.2988829593 0.3399831287 0.5334612728 0.7310761812 0.8250080652 0.8440462724 0.8512522319 0.7439373655 0.5702490389 0.4618779467 0.3081329087 0.2414842953 0.2449586060 0.1279936477 0.1660300802 0.1589434088 0.1693322066 0.1549683682 0.1720536962 0.1649691730 0.1849219983 0.1465858223 0.1746478161 0.1701897415 0.1680816709 0.1733025063 0.1724314218 0.1941377362 0.1908943085 0.1404368320 0.1094464221 0.1398575691
0.1128635148 0.1049968686 0.1423851247 0.0998078886 0.1362206885 0.1198160130 0.0998698193 0.1101854863 0.1325575080 0.1017867376 0.1681998969 0.2023999291 0.3256337803 0.4850836191 0.5753973272 0.7344188901 0.8167947976 0.8883501493 0.7849271862 0.6239111710 0.5370476258 0.4239099204 0.2508049198 0.2399268029 0.1933049173 0.1538793435 0.1408361846 0.0813919360 0.1382001675 0.1450974970 0.1567774897 0.0954260234 0.1340420811 0.1544946845 0.1052025486 0.1156453363 0.1503591008 0.0922260910 0.1738163375 0.1213160685 0.1472855670 0.1644030826 0.1632659986 0.1490795226 0.2147264983 0.1292564342 0.2012854323 0.2042505700 0.2702759884 0.3513827896 0.3976136272 0.5889389811 0.6765080157 0.8022153052 0.8754128418 0.8133497786 0.6528048587 0.5751721188 0.3859506083 0.2939035821 0.2430887454 0.1563888015 0.1458026130 0.1053137842 0.1783109247 0.1093602323 0.1846567134 0.1223613978 0.1281128010 0.1074859422 0.1396361344 0.1287045916 0.0963581781 0.1469302767 0.1205428123 0.1185318050 0.1477768595 0.1553708222 0.1541595548 0.1168405360 0.1516720215 0.1085189573 0.1368858063 0.1396745367 0.1806665779 0.2233025891 0.2900129839 0.4337145462 0.5376866791 0.7391999628 0.8054029898 0.8080667722 0.7710219955 0.7090826100 0.5886464339 0.4558762831 0.3095819306 0.1827986060 0.1743426873 0.1556335852 0.1614015597 0.1077490166 0.1578696235 0.1225906808 0.1568107591 0.1151866824 0.1587107965 0.0994457038 0.1298971726 0.1371885170 0.1142934699 0.1378908326 0.1530458930 0.1225372041 0.1593650394 0.1240710078 0.1834603562 0.1082504015 0.1413634694 0.1451183381 0.1638204356 0.1762605026 0.1928436783 0.3475825363 0.3672601171 0.5579907596 0.6763422730 0.8106313124 0.9058001107 0.7746240642 0.7726530807 0.5793446728 0.4664086524 0.3460544637 0.2210409051 0.1705301601 0.1815720154 0.1989654691 0.1096874794 0.1318225773 0.1521852675 0.1305132621 0.1422465718 0.1049997116 0.1224515507 0.1132284779 0.1376671843 0.1373512839 0.1391340419 0.1375424824 0.1460133753 0.1316665135 0.1156678461 0.1669790319 0.1566204147 0.0723420948 0.1729310276 0.1631360370 0.1565321236 0.1841780742 0.3037025607 0.4379716092 0.5337056343 0.6797924894 0.8826257780 0.8382894423 0.8719889581 0.7548963785 0.5719881379 0.4643375832 0.2998560892 0.2661227792 0.2228339013 0.1819088998 0.1397096271 0.1579949768 0.1318670672 0.1325404596 0.1467690737 0.1513223694 0.1710195973 0.1726342154 0.1766643535 0.1550694271 0.1228121757 0.1672626155 0.1565437542 0.1994492393 0.0778759828 0.1518285838 0.1338874621 0.1891593272
0.0865085571 0.1206724712 0.1368922916 0.0849056051 0.1262046589 0.1431677407 0.1189810473 0.0894135211 0.1029599547 0.1634628731 0.1720376832 0.2448895434 0.2978917095 0.4200580196 0.6318835422 0.7733702099 0.7596420160 0.8393188879 0.8010800649 0.6721286220 0.4916414873 0.3306933937 0.2558481372 0.2423979981 0.1145574283 0.1468070028 0.0887591899 0.1251706947 0.1413672600 0.1703823263 0.1373907968 0.1381920183 0.1264961805 0.1631047416 0.1260866421 0.1330091700 0.1432609588 0.1316393757 0.0994308577 0.1530240946 0.1407713873 0.1187630812 0.0734241935 0.1024008611 0.1346879390 0.1251668610 0.1542797891 0.1777187173 0.2280273325 0.3767274779 0.4318689370 0.5687904876 0.6747250189 0.7724601781 0.8471919688 0.7725240545 0.6600997886 0.5119302401 0.3690364927 0.2953516350 0.2443029257 0.2098465580 0.1901332970 0.1661903510 0.1260186655 0.1444969121 0.1246785012 0.1286187043 0.1761470190 0.1297335793 0.1566991795 0.1163198517 0.0866939821 0.0915974199 0.1198389764 0.1940020258 0.1766516849 0.1369089193 0.1706475215 0.1563866893 0.1104802868 0.1204459335 0.1142603023 0.1395501204 0.1725631276 0.2235738101 0.3408001479 0.4426330367 0.5248564942 0.7150137894 0.8431508024 0.8537420456 0.7773516709 0.7282631622 0.5866161081 0.4376293004 0.3179623947 0.2251649087 0.1648747254 0.1624722241 0.1538096293 0.0741816477 0.1062844038 0.1550676452 0.1250105680 0.1210414990 0.1269611725 0.1313713660 0.1424648440 0.1199537002 0.1343130875 0.0974403977 0.1460189682 0.1114020707 0.1147592117 0.1467954244 0.0846106842 0.1628928333 0.1144477338 0.1192924169 0.1548399585 0.1187826231 0.1928665334 0.2796465759 0.4161061130 0.5367860975 0.7081377068 0.8038647395 0.8004610450 0.8148352165 0.6841263566 0.5600075504 0.5120800297 0.2957868381 0.2463213065 0.2101602503 0.1100581649 0.1437040887 0.1316145059 0.1637067248 0.1162991618 0.1425707828 0.1091395004 0.0946241555 0.1553989125 0.1358541911 0.1441597054 0.2064933226 0.1287387536 0.1765194654 0.1529035499 0.1511666598 0.1255826326 0.1636581715 0.1217550346 0.1045980418 0.1642881554 0.1537398597 0.1851545405 0.2544169289 0.2374334569 0.3581386094 0.5238525934 0.6733904165 0.7721759897 0.8178870121 0.8370588300 0.7667558692 0.6045395411 0.4722459419 0.3000259887 0.2377108747 0.1890576242 0.1711737636 0.1606463908 0.1466737202 0.1207725505 0.1349781413 0.2046858463 0.1121213681 0.1523797007 0.1192696634 0.1105732401 0.1320517081 0.1372314567 0.1544381263 0.1657988952 0.1030769733 0.1905957436 0.1727426753 0.1189742284 0.1479461364
0.1319463741 0.1319931042 0.1249685562 0.1366907323 0.1788817357 0.0772726932 0.0957836685 0.1293708743 0.0886367824 0.1254964796 0.1379701262 0.2114122827 0.3210377793 0.4483118957 0.5653021640 0.6947257771 0.8447881241 0.8069426086 0.7670648982 0.6607540473 0.4667404203 0.3439775474 0.2947297285 0.1890820228 0.1122467380 0.0995755256 0.0860769631 0.1078068519 0.1534661151 0.1499021238 0.1477657286 0.1532588562 0.1581177352 0.1022208587 0.1538245011 0.1100094262 0.1052023298 0.0955810365 0.1711536007 0.1084219868 0.1458038645 0.1019108807 0.0719061676 0.1043336688 0.1640724793 0.0842279440 0.1384732637 0.1361812724 0.1672835765 0.3242498873 0.4325718472 0.5237483674 0.7082730504 0.7989072154 0.9013935573 0.8213556527 0.6751214968 0.5185248079 0.4230300445 0.2644998796 0.2002395690 0.2027849767 0.1446121052 0.1018287682 0.1559559591 0.0929121700 0.1667366010 0.0841478793 0.0858633953 0.1237397643 0.1229050504 0.1072948804 0.1438272147 0.1492871107 0.1308455315 0.1078470742 0.1006517998 0.1085220510 0.1081196593 0.1428519395 0.1210262264 0.0867879548 0.1352144376 0.1807782670 0.1409130487 0.2216028313 0.3227091387 0.4473515197 0.5557597995 0.6538861426 0.8348003255 0.7822499368 0.8190785010 0.6665040443 0.5924530716 0.4374857230 0.3269334930 0.2135957676 0.1831340736 0.1616440418 0.1792297878 0.1211518849 0.1448668634 0.1095087430 0.1633034206 0.1580486939 0.1231071927 0.0977691197 0.1253820701 0.1273992014 0.1184806470 0.1289752986 0.1554701486 0.1069805996 0.1279665590 0.1196738434 0.1548430392 0.1225284981 0.1507891996 0.1669980000 0.1392099036 0.1446572518 0.1990665327 0.2520409777 0.3988370033 0.5229992692 0.6780759097 0.7748232913 0.8667013569 0.7859861194 0.7599423162 0.5703855450 0.4684301510 0.3070389840 0.2514801560 0.1946884332 0.1632714397 0.1660800292 0.1328755734 0.1675995412 0.1227515737 0.1683656888 0.0990600782 0.1652949798 0.1523723543 0.1236857636 0.1386160252 0.1489680164 0.1276931254 0.0899447951 0.1399259656 0.1552429605 0.1320298745 0.1825391678 0.1625899765 0.1427971174 0.1159411357 0.1267334821 0.1761924137 0.2559649876 0.2435801891 0.3475104491 0.5033701622 0.6641531869 0.8090704016 0.8433068469 0.7639530170 0.7181911647 0.6050745686 0.4568068652 0.3463849421 0.2254142275 0.1848590331 0.1306714852 0.1468870635 0.1864451902 0.1457621648 0.1400887396 0.1288294681 0.1232361122 0.1593382412 0.1965755182 0.1465609273 0.1399593437 0.1048906168 0.1108608552 0.1802642141 0.1697686729 0.1246960677 0.1965440821 0.1002652951 0.1531323982
0.1133152021 0.1270827835 0.1319705891 0.1561807684 0.1689257703 0.1285107053 0.1173137648 0.0714865528 0.1570254714 0.1534803428 0.1501931324 0.2433382647 0.3232226526 0.4860531752 0.5354024546 0.6916338489 0.7701479448 0.8145978889 0.7736162407 0.6620532302 0.4899306767 0.3367882255 0.2289652409 0.2221151206 0.2035054398 0.1475038491 0.1139443799 0.1047034582 0.1382501222 0.1188679542 0.1296178006 0.1123797551 0.0781212143 0.1256227270 0.1135018377 0.0786193963 0.1541950439 0.1320334564 0.1445280152 0.1235228763 0.1026057132 0.1165315009 0.1126095273 0.1087439996 0.1469687522 0.1193293939 0.1482694921 0.1463052997 0.2040944428 0.2820185552 0.4504559588 0.5534334395 0.7286599995 0.8143804369 0.8336855942 0.8010803260 0.6702176822 0.5421081349 0.4420755544 0.3260146153 0.2076083584 0.1288376836 0.1301550155 0.1495020015 0.1363424731 0.1383160783 0.1194725917 0.1371224986 0.1124403998 0.1055349597 0.1315906093 0.1134525079 0.1264687567 0.1546553122 0.1635074986 0.1093343188 0.0871168479 0.1221067631 0.1523863182 0.0769764116 0.1105544171 0.1099917399 0.1605697361 0.1293143634 0.1085174058 0.1895041952 0.3039998290 0.4083419943 0.5162546090 0.7558087799 0.8319090211 0.8513031709 0.8082910224 0.6582563863 0.6117851317 0.4205593997 0.2813215892 0.2299041180 0.1638719616 0.1768882828 0.1428968404 0.1199372274 0.1509945161 0.1749906549 0.0697250258 0.1281818783 0.1149045115 0.1853446911 0.1359161734 0.1182431510 0.0931134856 0.1353027056 0.1488766253 0.1950429234 0.1548089054 0.0896530470 0.1117441618 0.1243227706 0.1358094825 0.1329743908 0.1292633282 0.1704247316 0.2076726071 0.2408342263 0.3450724105 0.4918192753 0.7100876339 0.7440693051 0.8442566561 0.8188322095 0.7937668433 0.5905588410 0.4463928097 0.2429175110 0.1796334479 0.1674060765 0.1359479191 0.1167666326 0.1811162455 0.1224516412 0.1256686618 0.1290496082 0.1299910382 0.1723706653 0.0916186189 0.1401373854 0.1062236939 0.0994898390 0.1513961409 0.1387014433 0.1291050065 0.1004865883 0.1463787988 0.1622940972 0.1732725605 0.1390815994 0.1407001342 0.1393217074 0.1245738514 0.2483528777 0.2931025163 0.3302937378 0.5419217206 0.7016437261 0.8152977172 0.8549210699 0.8159740508 0.7384669569 0.5996075588 0.5032983059 0.3238513124 0.2489753016 0.2228858472 0.2364374509 0.2160978138 0.1687807276 0.1362178137 0.1236308657 0.1559964424 0.0880020901 0.2085588324 0.1905343079 0.1320297283 0.1599443268 0.1474749042 0.1277713486 0.1387694164 0.1682226966 0.1469870949 0.1035525779 0.1099381819 0.1274464272
0.0598893420 0.0704078530 0.1885696642 0.1371740489 0.1132623780 0.1266638819 0.0912411187 0.0779791657 0.1584864283 0.1670899585 0.1342218442 0.2474352942 0.2918760298 0.3839761400 0.5450354480 0.7284090631 0.8182058475 0.8526215118 0.7928450000 0.6753658163 0.5640602785 0.3677948992 0.3226683785 0.1627949149 0.1823463035 0.1602377259 0.0918830102 0.1475522821 0.1404857797 0.1208314256 0.1133365087 0.1173242591 0.0532453443 0.0862474903 0.1465576492 0.1001396846 0.1260896536 0.1878107583 0.1661662422 0.1564489425 0.0790865543 0.1676247368 0.1534257552 0.1275242997 0.1212159611 0.1011275743 0.0844983021 0.1679597828 0.2387018272 0.2992700629 0.4320377597 0.6070510347 0.7001389041 0.7836695532 0.7902643783 0.8246019456 0.7209552949 0.5464183788 0.4168987699 0.2976094146 0.2354954552 0.1546867871 0.1220167287 0.0665210679 0.1327222509 0.1180746389 0.1275673098 0.1058430482 0.0766685006 0.1272524800 0.2060834181 0.1394240890 0.1518477801 0.1815424475 0.1599432735 0.1183708631 0.1144318556 0.1212812987 0.1032640722 0.1354302013 0.1453941513 0.0927816876 0.1152416275 0.0817721744 0.1995735617 0.2215680440 0.3013810649 0.4195756720 0.5122508373 0.6792979076 0.7683525394 0.8564131026 0.7406556148 0.7364029510 0.5774754421 0.4483083011 0.2595046300 0.2254312010 0.1883428178 0.1706383425 0.1383595671 0.1120228538 0.1764375572 0.0926600408 0.1282159186 0.1537261942 0.1291850643 0.1210412501 0.1454642083 0.1102638698 0.1238137759 0.1284464402 0.1862795083 0.1019279146 0.1417094552 0.1139158181 0.1472908045 0.1157094350 0.1433378900 0.1746041605 0.1446052573 0.1695711091 0.2327609905 0.2844420087 0.3734716877 0.5515850233 0.7339211966 0.8265885361 0.8436499524 0.8500579185 0.7364229738 0.6487505352 0.4771060850 0.3216143089 0.2444170361 0.1247028643 0.1741775507 0.1561830531 0.1720559522 0.1439637172 0.1337145114 0.1413353052 0.0967079236 0.1012612486 0.1669532632 0.1928298656 0.1177591997 0.1498119210 0.1854252356 0.1476974190 0.1169579266 0.1545266801 0.0398041862 0.0887813528 0.1639013931 0.1230431420 0.1706965024 0.1753825551 0.2011655850 0.2085113465 0.2563992906 0.3496898398 0.4548298247 0.7029440979 0.8313284581 0.8596318336 0.8355127862 0.7419837915 0.5997279549 0.4619923476 0.3379644932 0.2822983791 0.1627390606 0.1620639963 0.1562443847 0.0720236119 0.1124675713 0.1021787743 0.0774229778 0.1764513010 0.1216039171 0.1288790070 0.1422549868 0.1533953612 0.1806405978 0.1601495146 0.1459378574 0.1478954001 0.1740013992 0.1671497131 0.1712182325 0.1187714918
0.0365548068 0.0897968062 0.1472908974 0.1269283629 0.1479618059 0.0923987004 0.1449712392 0.1374725550 0.1412689692 0.1426582842 0.1616896639 0.2403726199 0.2608619207 0.4042398379 0.6026353405 0.7231212398 0.8388667931 0.7956154886 0.7778845053 0.6654581740 0.5187425307 0.4259019773 0.2351179727 0.1730299350 0.1667466198 0.1706288664 0.0817061100 0.1236590324 0.1160751585 0.0836778395 0.0990787120 0.1110988248 0.1591604083 0.0867312874 0.1164607302 0.1567499025 0.1166550571 0.1006054978 0.0935369133 0.1008142518 0.1501878462 0.1127400275 0.1616042738 0.1166704218 0.1238954694 0.1089903970 0.0791044244 0.1909532768 0.2287539616 0.2861851384 0.4105148340 0.5734172565 0.6885821537 0.8007364456 0.8610133199 0.8201494675 0.7254826290 0.5109432722 0.4015880352 0.2968707241 0.2231318608 0.2060620198 0.1008175247 0.1247839065 0.1092353246 0.0775553164 0.1416402001 0.0864454403 0.1230394879 0.1766372301 0.1550246293 0.1442389001 0.1436259739 0.1311267813 0.1260500199 0.1610914028 0.1106075676 0.1152895416 0.1492865220 0.1151542683 0.1361308464 0.1569203973 0.1242459517 0.1257415713 0.1588362210 0.2195080913 0.2550955722 0.4244261565 0.5503485311 0.6340187206 0.8104954504 0.8510257659 0.8168828921 0.7191635099 0.5303700055 0.4591260251 0.2945909848 0.2077754263 0.2298500273 0.1745409252 0.1409938889 0.1276265744 0.1599038953 0.1175595593 0.1084848643 0.1279522944 0.1522789473 0.1787141649 0.1139611444 0.1391476676 0.1465387193 0.1507794818 0.1523607887 0.1626460827 0.2203927994 0.1228213349 0.1795431721 0.0900034726 0.1023876611 0.1039059205 0.0977625879 0.2061912942 0.2270837897 0.2742371764 0.3663047466 0.5495104036 0.6455692700 0.8316555881 0.8670863904 0.8708600759 0.6858236750 0.5318607042 0.4438596086 0.3081668003 0.2258007747 0.1863039251 0.1594730106 0.1415357903 0.1830906629 0.1632086810 0.1432581841 0.1288270872 0.1383910445 0.1458526303 0.1542941921 0.1440621422 0.1439744316 0.1324027500 0.1569245437 0.1455990937 0.0998191370 0.1541926280 0.1247987868 0.1833295217 0.1460115286 0.1362315675 0.1138868166 0.1259389053 0.1422752667 0.2461257705 0.2816268591 0.4205327542 0.4569798406 0.6321795819 0.7761506562 0.9098813249 0.8224569719 0.8031593647 0.5575824270 0.4462723604 0.3461556673 0.2431563136 0.1482420774 0.0854801636 0.1335801820 0.1050281248 0.1238989654 0.1617381398 0.1716162171 0.1340487833 0.1419364115 0.1372792917 0.1267661421 0.1374528954 0.1193015491 0.1169548574 0.1485810254 0.1261682807 0.1088735041 0.1676978128 0.1213023328 0.1501608014
0.1217804233 0.0807862372 0.1213585825 0.1019156582 0.1201476000 0.1314980443 0.1504035191 0.1077313425 0.2111077676 0.1233692805 0.2035268785 0.2027239392 0.3174493159 0.4423940842 0.6417980690 0.7627617770 0.8137431376 0.9068811478 0.7922297804 0.7029333219 0.5435271758 0.3855813064 0.2641385773 0.1992886578 0.2029986957 0.2017655956 0.1615157802 0.1539265315 0.1284738890 0.1502261159 0.1193981528 0.1254391121 0.1635083949 0.1268053389 0.1236886238 0.1246157610 0.1007170804 0.1584256164 0.1438657035 0.1454912333 0.1595279579 0.1518541659 0.1770140185 0.1442424596 0.1288518224 0.1218364268 0.1324014771 0.1597421170 0.2005046747 0.3179431780 0.4210686019 0.5815549353 0.7186579125 0.8221684817 0.8307257008 0.7757424541 0.6716269635 0.5084226431 0.4394807096 0.2913408195 0.2255132347 0.2432644133 0.1376271662 0.1655101947 0.1438645471 0.1602058819 0.1933005556 0.1249122180 0.1042271829 0.1689333429 0.1523904211 0.1142535538 0.1296861642 0.1746755253 0.1448821177 0.1498042732 0.0693650144 0.1157162163 0.1735619853 0.1200630980 0.1411176361 0.1643508911 0.1206167660 0.1507478753 0.1934288095 0.1684473052 0.2781146412 0.4199233767 0.5344191161 0.6577766046 0.8751085105 0.8497304248 0.8789572120 0.7429366542 0.5809310783 0.4530904741 0.3607303723 0.2129166169 0.1869596513 0.1213814249 0.1138102879 0.1052224081 0.1609467545 0.1464363812 0.1211747971 0.1226705521 0.1774788119 0.1287780669 0.1419025828 0.1180663437 0.1748082596 0.1305985168 0.1467232486 0.1559230839 0.1221278675 0.1555628058 0.1363301486 0.2003544156 0.1407765988 0.1529008656 0.1995003115 0.1751889302 0.1808101255 0.2472451689 0.3852980306 0.5272691851 0.6471267988 0.7865728474 0.8876013193 0.8521204840 0.7289292847 0.6442142514 0.4517639035 0.2763754989 0.2436765530 0.1754097571 0.1719784494 0.1080116109 0.1468070307 0.1341569861 0.0553606385 0.1716766224 0.2125765838 0.1469260443 0.1747885369 0.1623969194 0.1275999415 0.1117030094 0.1464942205 0.1556452681 0.1482980746 0.1571865494 0.1482922749 0.0829108339 0.1376774324 0.1813071087 0.1801558332 0.1639541119 0.1876435165 0.2185001931 0.2925239051 0.3985264662 0.5393386876 0.6703030536 0.7838437449 0.9412820266 0.8716823377 0.7872413899 0.6399226963 0.4303362571 0.3586051271 0.2782499494 0.2015278755 0.2019980589 0.1716197667 0.1447429647 0.1473319320 0.1732462206 0.1919835059 0.1811555993 0.1413564482 0.1016091484 0.1591424302 0.1529832961 0.1161484640 0.1294749428 0.1813984108 0.1885496059 0.1487003851 0.2064287765 0.1352604204 0.1642612416
0.1466545603 0.1015674491 0.1274043214 0.1391839268 0.0959117294 0.1514128186 0.1629943160 0.1586721359 0.1320373592 0.1724733864 0.1934278157 0.1933027514 0.3235891238 0.4932288439 0.5802525230 0.7216494065 0.8351703449 0.8472877098 0.7836621084 0.6900815339 0.5609208638 0.4253533217 0.3359893600 0.2106617796 0.2486365644 0.2229941721 0.0630584176 0.1803603536 0.1430918045 0.1226626309 0.1023546693 0.1453531834 0.1281661402 0.0846837320 0.1143023136 0.1386924204 0.1824595911 0.1266064397 0.1467232434 0.1046932307 0.0962442882 0.1440794572 0.1666927223 0.1598706341 0.1951278304 0.1230643225 0.1447802342 0.1702680733 0.1536894572 0.3134285571 0.4486379942 0.5431772285 0.7112494687 0.8037577105 0.8210481842 0.8626696932 0.6986286080 0.5570533287 0.4140735524 0.2902027688 0.3174618617 0.2247010962 0.1597950070 0.1034490378 0.1302438151 0.1518000229 0.1013528839 0.1637323283 0.1055071707 0.1357066578 0.1463895582 0.1516862314 0.1521694402 0.0958107883 0.1364475148 0.1027697745 0.2067356734 0.0955044826 0.1775766198 0.1515736654 0.1458337061 0.1087614331 0.1795383490 0.1634249157 0.1810397839 0.2195535046 0.2678039609 0.3661798604 0.5731131411 0.6850801928 0.8318024294 0.8901029073 0.8485557447 0.7138738704 0.6249463283 0.4866468721 0.3421674396 0.2678418791 0.2001551995 0.2070092467 0.1437906799 0.0896566392 0.1208633841 0.1963230993 0.1576634396 0.1762891289 0.1350731781 0.1294099188 0.1739853224 0.1860852283 0.1001601549 0.1574511073 0.1882376464 0.1423029529 0.1559254755 0.1485311742 0.1922439031 0.1723426502 0.1364864090 0.1539359048 0.1688829420 0.1778774528 0.1737478359 0.2952950316 0.4480878810 0.5587739981 0.7183911435 0.8026894696 0.8772048018 0.8058133384 0.7862331537 0.6077269858 0.4768070215 0.3593980254 0.2656411164 0.2178763337 0.1787870497 0.0996340749 0.1534916655 0.1461469333 0.1391943230 0.2045024239 0.1391859745 0.1457753136 0.1299547593 0.1313551813 0.1361301361 0.1133844821 0.1728753538 0.1167902391 0.2026681342 0.1305085829 0.1880493479 0.1580677649 0.1523673649 0.1627894920 0.1691781143 0.1484221093 0.1305495774 0.1929819407 0.2971232281 0.3433340037 0.5664554765 0.6269493827 0.8325061512 0.8523419238 0.8254748865 0.7839773035 0.6294077219 0.4767257253 0.3495887210 0.2729996351 0.1775179808 0.1375088770 0.1819147196 0.1139981468 0.2002482581 0.1833178737 0.1690851790 0.1682126919 0.1307573870 0.1460148585 0.1767157197 0.1527631230 0.1758287517 0.1560182767 0.1449113900 0.1690731562 0.2115022640 0.1467785597 0.1496433005 0.1325766754
0.1174824391 0.1744032301 0.1280067420 0.1223788864 0.1131145495 0.1465121951 0.1263816029 0.1734416480 0.1424234606 0.1701278574 0.2316463794 0.2062686489 0.3277725373 0.4662201056 0.6179048069 0.7185167628 0.8292045980 0.8927805815 0.8163312798 0.7284818095 0.5727114272 0.4146917248 0.2986078278 0.2182196967 0.1660144336 0.1610564979 0.1394677481 0.2020709825 0.1676256172 0.1419186744 0.1529026653 0.1585672892 0.1748356996 0.1337326236 0.1701428230 0.1705609004 0.1697136190 0.1878753505 0.1654391401 0.1619772734 0.1658340860 0.0995752132 0.1710055589 0.1526440588 0.1572580412 0.1317119812 0.2210046628 0.1982945550 0.2099972994 0.3056314336 0.4603903754 0.6086447034 0.7549053173 0.8456532484 0.9235478149 0.8264605136 0.7010791105 0.6412020050 0.4588463202 0.3506230410 0.2376441902 0.2521793825 0.1737831899 0.1658001862 0.1806081229 0.1612386004 0.1485577786 0.2394950224 0.1389150643 0.1313632750 0.1309285296 0.1808361615 0.1324000486 0.1938498257 0.1520330613 0.1358003679 0.1899011877 0.1487093065 0.1907804810 0.1936564592 0.1567665902 0.1515613861 0.1723911108 0.0918901955 0.1921379714 0.2683234777 0.2951366939 0.4425332516 0.5676427251 0.6862186882 0.8351397940 0.8683747115 0.8893472923 0.7816815324 0.6070198886 0.4391768223 0.3568953584 0.2583363086 0.1899813712 0.1577415340 0.1148833014 0.1106515635 0.1542059005 0.1231205063 0.2013564808 0.1457185118 0.1508596622 0.1283634588 0.1950443626 0.1467489753 0.1183373396 0.0955656295 0.1004173698 0.1402855896 0.1549951366 0.1854200104 0.2036933539 0.2058162197 0.1974336537 0.2238196456 0.1999200236 0.2108116388 0.2620197707 0.3259510803 0.3846687779 0.5642931678 0.7231591485 0.7856814878 0.8575514574 0.8822728063 0.7425231171 0.5898114865 0.4596648830 0.3651891949 0.2685833912 0.1684797537 0.1713686345 0.1736643413 0.1404529264 0.1144710408 0.1429045906 0.1666034025 0.1745269103 0.1498082546 0.1566643187 0.1421265488 0.1672036358 0.1828449216 0.1333660604 0.1463165223 0.1771051313 0.1379278310 0.1888334812 0.1134384132 0.1692101536 0.1322332351 0.1753384927 0.1434949785 0.1564627105 0.2440069720 0.3238898753 0.3219382585 0.5194033926 0.6855672488 0.7857730803 0.8680007613 0.8330118694 0.7978363309 0.6757233763 0.4705826364 0.3996261874 0.2724141375 0.2461458570 0.1796315621 0.1347410845 0.1630007941 0.1825384876 0.2062392636 0.1501405057 0.1474962663 0.1145648879 0.1849785382 0.1986489309 0.1648809137 0.2209634176 0.1915581410 0.1963685357 0.1956121027 0.1467397551 0.2078163570 0.1618062525 0.1577305895
0.1498468913 0.1551807777 0.1669031257 0.2168030969 0.1633520362 0.1837822219 0.1552210443 0.1189729441 0.1299849038 0.1806493556 0.2043091504 0.2575667641 0.3170347848 0.4042571262 0.5936804110 0.6825320588 0.8157038549 0.9096305110 0.8540674612 0.6938823295 0.5656905302 0.4627083735 0.3454768989 0.2119018660 0.2542138781 0.1698275984 0.1979243619 0.1457185310 0.1411870609 0.1385525174 0.1647489680 0.1897473928 0.1354298143 0.1605011534 0.1680297095 0.1670815360 0.1697873415 0.2339788290 0.1556189709 0.1157510599 0.1781346265 0.1299357071 0.1369627620 0.1778350070 0.1684780579 0.1625299961 0.2366507286 0.1575885119 0.2772241665 0.3225256076 0.3717236994 0.6147697557 0.7487678637 0.8690334519 0.9280815091 0.8238116103 0.7336787698 0.5627538609 0.4710010172 0.2950846093 0.2264787971 0.2419322913 0.2247771174 0.1372908779 0.1210908375 0.1362624340 0.1043918876 0.1408326338 0.1766064250 0.1390904671 0.1524531865 0.1822408944 0.2176675126 0.1719677947 0.2036868927 0.1528722243 0.1728763864 0.1526484995 0.2196976810 0.2144825829 0.1568207315 0.1454694676 0.2158524833 0.2116796282 0.2219168671 0.2014458177 0.3380435909 0.4497444085 0.5221743771 0.6998010831 0.8335940013 0.8689471442 0.8483395285 0.7693055591 0.5946340659 0.4195965527 0.3192232636 0.1915083232 0.2624229387 0.1776660147 0.1784245946 0.1192233022 0.1781652388 0.2147594582 0.1983555395 0.1553382683 0.2136903448 0.1156685784 0.1350388226 0.1396707702 0.2031437687 0.1531037657 0.1549621945 0.2059145088 0.2001763502 0.1700412818 0.1557758088 0.1627302443 0.2127182674 0.1990434844 0.2175194337 0.2030377776 0.2665722691 0.2638091932 0.4173893437 0.5508849073 0.6982526781 0.8161258945 0.8886044799 0.8669570922 0.7861047318 0.6100209666 0.4787695482 0.3336729544 0.3000963972 0.1616155139 0.2249811486 0.1975113432 0.1963516170 0.1291461900 0.1740295965 0.2442238527 0.1215503761 0.2253241328 0.1745867281 0.1655452277 0.1575673769 0.1987703676 0.1620011386 0.2154964387 0.1394942090 0.2119944964 0.1450185967 0.1493835142 0.1921447116 0.2012227458 0.1759627873 0.2016568634 0.1696380196 0.2170985889 0.3346658365 0.4500368315 0.5740186133 0.6570294269 0.8021912321 0.8845552978 0.8554569766 0.7764316462 0.6774443927 0.4779144283 0.4041548924 0.2757085704 0.2856581745 0.1714143087 0.2050822208 0.1166505934 0.1755532452 0.1332481946 0.1827291603 0.1881210202 0.1905780668 0.1923172061 0.2001665833 0.1671247452 0.2039468754 0.1953515812 0.1729583758 0.1684756450 0.1876488496 0.1487622703 0.2102635019 0.1255537048
0.1646971008 0.1439037324 0.2031692661 0.1239448197 0.1086262668 0.1265292071 0.1618613547 0.1594485529 0.1454724984 0.2046177328 0.1944483696 0.2096285642 0.3248876656 0.4376501204 0.5965567424 0.7455143685 0.8770954244 0.8659172403 0.8779854562 0.6983179601 0.6073476927 0.4656958939 0.2767888346 0.2772885456 0.2569018595 0.1693046865 0.1403352857 0.1897189202 0.1552797738 0.1614312149 0.1654818187 0.2113083115 0.1812332511 0.1695481498 0.1045075840 0.1416226251 0.1856912952 0.1748466293 0.1551828446 0.1682640247 0.1379223021 0.1418390418 0.2285460339 0.1824661814 0.1524849561 0.1863430226 0.2179709088 0.1785919839 0.2213475066 0.3425995670 0.4670282130 0.5623776897 0.7104535897 0.8486300320 0.8526410750 0.8555378072 0.7236334598 0.5974891524 0.4072649154 0.3152009234 0.3039438997 0.2208053645 0.2128582569 0.1924662574 0.1449397394 0.1515154513 0.1615721103 0.1580981939 0.1427740355 0.2122889144 0.1269285763 0.1665874710 0.1871366050 0.1534904225 0.2099670273 0.2135779633 0.1906701797 0.1367496758 0.1674843822 0.1380186043 0.1207107889 0.1403550958 0.1543986385 0.1584496601 0.2118259682 0.2626924634 0.2896633594 0.4291461854 0.5546283069 0.6735944651 0.8345669818 0.8540094986 0.8706672797 0.7206951756 0.6012462357 0.4929766081 0.3423058048 0.2879308548 0.2096674072 0.1875677677 0.1756895445 0.1631886034 0.1781719721 0.1771437118 0.1415961488 0.1546384823 0.1713563427 0.1375258213 0.1898184691 0.2140503104 0.1646712952 0.1533000449 0.1512533029 0.1309545234 0.1991410212 0.1471970692 0.1825994369 0.1455981618 0.2457833957 0.2131317969 0.1212556380 0.2352303621 0.2504923300 0.3704760524 0.3832826330 0.6042559134 0.7228934364 0.8403747777 0.8879040567 0.8848324044 0.8033425148 0.6139541244 0.4836643369 0.3722321920 0.3027373226 0.1723815190 0.1789754092 0.1802644623 0.1704574034 0.1307859963 0.2369179564 0.2039702586 0.2155835415 0.1643325168 0.2038574587 0.1472358428 0.1871958459 0.2110760488 0.2105166077 0.1566856103 0.1510447860 0.1836243461 0.2362601365 0.1268568955 0.2190868495 0.1652054478 0.1938155649 0.1829284033 0.1645078104 0.2460915575 0.2727360791 0.4399757298 0.5415749409 0.6811613834 0.8247775857 0.9580101262 0.9107078811 0.7747937271 0.6451413653 0.5956384803 0.3968410018 0.3091675230 0.2345362815 0.1744101465 0.1403830697 0.1833553981 0.1725054854 0.1766064015 0.1922318330 0.1990517285 0.1493885231 0.1718190674 0.1539509597 0.1787988423 0.1580775470 0.1932375929 0.1656363949 0.1765314116 0.1964453358 0.2058248691 0.1460458396 0.1877859427
0.1846307526 0.0997954991 0.1513265794 0.1414989396 0.1368334986 0.1812541633 0.1583087820 0.1554614828 0.1621784596 0.2034733544 0.2331255938 0.2504144073 0.2818368957 0.3846606825 0.6091571208 0.6995391549 0.8486325513 0.8898211100 0.8665237440 0.7351003031 0.5927042521 0.4178186531 0.3544336184 0.2232526968 0.1856468987 0.1496111082 0.1275264177 0.1991436336 0.2006921425 0.1247381722 0.2111412177 0.1426040617 0.1480722655 0.2085610556 0.1740442456 0.1620037573 0.1105740036 0.1800894928 0.1436840984 0.1217681412 0.1070281081 0.1102694910 0.1879850197 0.1770311810 0.1077494152 0.1639313437 0.1758093437 0.2057332192 0.2724621299 0.2825368786 0.4097406757 0.6088106517 0.7382623985 0.8053669057 0.8806844167 0.8534983883 0.7919097148 0.5702983217 0.4433142668 0.3234324133 0.2538976328 0.2041685971 0.1398196781 0.1728954610 0.1669761111 0.2010001700 0.1574147697 0.2429272063 0.1816802563 0.1659331431 0.1560556044 0.1319063984 0.1428740503 0.1578211443 0.1960278330 0.1902770123 0.1393279318 0.1945326299 0.1832000370 0.1263907584 0.1957347566 0.1273601723 0.1556809051 0.1435616891 0.2196566479 0.2768418621 0.2881122220 0.4596624602 0.5807953970 0.7550866418 0.8067500222 0.8863277812 0.8770285977 0.7831094760 0.6482647216 0.4419743592 0.3666954502 0.2681329529 0.2500284953 0.2144765653 0.2009704211 0.2105517981 0.1554845973 0.1608839572 0.1581231716 0.1769733507 0.1472036527 0.1911429618 0.1333313128 0.2148886631 0.1251352790 0.1389588910 0.1768358817 0.1841246177 0.2018390022 0.1871627559 0.1878072934 0.1825405811 0.1810398043 0.1927242009 0.1915469394 0.2048688782 0.2060765392 0.2737281027 0.4322186401 0.5354808249 0.7425575626 0.7716361304 0.9287632893 0.8927147237 0.8051630246 0.6910879242 0.4774580942 0.3846617642 0.2475877816 0.2270819288 0.2216442214 0.2056470732 0.1899632141 0.1934111088 0.1377192733 0.1901052601 0.1734408592 0.1749800470 0.1798385965 0.1629934985 0.1756608188 0.1445869600 0.1880217489 0.1657336780 0.1653274869 0.1764716250 0.1847787332 0.1954156330 0.1506644488 0.1282705737 0.1955817095 0.1744899554 0.1834909620 0.2745800130 0.3360542960 0.3942331243 0.5327216118 0.6684194042 0.8518831757 0.9184317431 0.8788526158 0.7925447810 0.6830657555 0.4705129904 0.4125655001 0.3506068611 0.2448503043 0.2129503958 0.1767563593 0.1521134654 0.1916876550 0.1976871158 0.1971778767 0.0986552286 0.1479497850 0.1254903942 0.1820346836 0.1633794516 0.1538435345 0.2188158629 0.2419411203 0.1979601126 0.1932666451 0.1731508710 0.2118507174 0.2202558590
0.1584788375 0.1238251406 0.1629948099 0.1615269490 0.1489940746 0.2064212661 0.1627855289 0.1405773049 0.1527361013 0.1821200289 0.2199549909 0.2428501444 0.3043424410 0.4278097204 0.6072446515 0.7480971085 0.8231500310 0.8373873742 0.8409882540 0.7112321034 0.5495447025 0.4993485979 0.2972945188 0.2298457811 0.2386387220 0.1777407096 0.1245456489 0.1712868557 0.1698316443 0.1815986157 0.2028693207 0.1599427916 0.1603470706 0.1531216085 0.1488185429 0.2164160695 0.2029637459 0.1421270910 0.1387668239 0.1968095895 0.1888008945 0.1756504773 0.1823244828 0.1486918545 0.1484984544 0.2202701872 0.1679081058 0.2339773110 0.2221135194 0.3286986766 0.4744917984 0.5514857180 0.7397508776 0.8303690266 0.8860184018 0.8312642863 0.7748701303 0.5818927044 0.4578100176 0.3417221585 0.2485153020 0.2443815917 0.1888764034 0.1803759468 0.1920073681 0.1914535156 0.1705775279 0.2068714394 0.2203563400 0.1642987074 0.2059230562 0.1769358611 0.1836636791 0.1723080159 0.1769683640 0.1829780139 0.1615537379 0.1702808192 0.1661293679 0.1252681509 0.1967614529 0.1497716363 0.1080718947 0.2314844273 0.2311157810 0.2661077809 0.3412844359 0.4686530081 0.5535695114 0.7579265373 0.8485459820 0.9084112542 0.9068752984 0.7628399094 0.6080857726 0.4132762009 0.3672496357 0.2886398528 0.2017185758 0.2161930864 0.1564161621 0.1896870777 0.1855215300 0.1797764071 0.1740585860 0.2165050402 0.1844367871 0.1844994069 0.1087358312 0.1907710160 0.1582677373 0.2055483660 0.1559171697 0.1947095683 0.2247957258 0.1619869374 0.1550029035 0.1753013990 0.2391211128 0.2237001450 0.1528028707 0.1929159622 0.2631346889 0.3097327408 0.3844338760 0.5773621773 0.6839825996 0.8104514315 0.8891525459 0.8531526764 0.8275036568 0.6969695874 0.5028014285 0.3853701100 0.3301039892 0.2519376162 0.1547710288 0.1794250997 0.2066806710 0.1326646746 0.2422767903 0.1721481740 0.1854442568 0.1749287272 0.2098544695 0.1644578379 0.1527626103 0.1468663329 0.1786272585 0.1718506573 0.1913762350 0.1801831344 0.1329777565 0.1342332037 0.2079415902 0.1528524895 0.1781078791 0.1657181937 0.2028350986 0.2523036658 0.2922329696 0.4222240532 0.4875379412 0.6699182064 0.8476304643 0.8547525391 0.9338975773 0.8141421747 0.6924426220 0.5275830791 0.3710274981 0.2823645074 0.2299442337 0.2014834213 0.1699035200 0.1766596369 0.1849442017 0.2178680203 0.1560527969 0.1718693989 0.1914511915 0.1733671302 0.1416824504 0.1831625619 0.1330245806 0.1665266312 0.1906583191 0.1896608656 0.2036637964 0.1672624401 0.1905290917 0.1817903958
0.2078203727 0.1557961670 0.1353651168 0.1828522580 0.1628644437 0.1389994870 0.1591285326 0.2148593779 0.1990710901 0.1174239589 0.1910554544 0.2428492588 0.3150404212 0.4549662221 0.5691431652 0.7219365030 0.8367132777 0.8450372312 0.8144716081 0.6811314903 0.6220953517 0.4546710803 0.3511578502 0.2837099616 0.1958710994 0.1997059972 0.1459252509 0.1451891296 0.1646200676 0.1328489828 0.1709165491 0.1642046260 0.1711397876 0.1809359283 0.1037963555 0.1984213819 0.1411479429 0.1949139497 0.1960663932 0.1795164821 0.1075175808 0.1364016665 0.2061256544 0.1841964045 0.1526594795 0.1142759141 0.1876860668 0.2462288515 0.2645378134 0.3157764161 0.4222053105 0.5242917650 0.7091716702 0.8386694797 0.9042131198 0.8387270735 0.7475269980 0.6098279967 0.4370585761 0.3606721421 0.2391492715 0.2478665764 0.1967959366 0.1937478503 0.2050767291 0.1711645807 0.1504206432 0.1789224765 0.1573591180 0.1862595929 0.1632611466 0.1110335185 0.1502230082 0.1704326893 0.1753461187 0.1583521236 0.1544863078 0.1205602455 0.1502599789 0.1619594599 0.2174196168 0.2045325817 0.1830003657 0.1829397606 0.2074425528 0.2255492225 0.3434939049 0.4206808588 0.5067771268 0.6868156426 0.8580691049 0.9195771056 0.8787955723 0.7626432957 0.6335601031 0.5145042621 0.3418284857 0.2621209363 0.2245758400 0.2139086488 0.1594604342 0.1550502397 0.1663146359 0.1645767774 0.1422236679 0.1546580611 0.1361184425 0.1861428066 0.1085964348 0.1772574720 0.1542150634 0.1797386724 0.1891274236 0.1656834952 0.1457559379 0.1513500762 0.1805320035 0.1333048316 0.1940182987 0.1881464817 0.1352855061 0.1840991814 0.2150016216 0.2528614432 0.4603965652 0.5317520945 0.7066505054 0.8033895714 0.8924191392 0.8590232162 0.8068780249 0.6318123989 0.5256747830 0.4068373775 0.2831317847 0.2698706617 0.1448157901 0.2043304428 0.2484265971 0.1309937604 0.1578459231 0.2371107240 0.1403238504 0.1861688062 0.1778997988 0.1796150267 0.2210362677 0.1632159739 0.1710407814 0.1332113123 0.2390675942 0.2035764530 0.1984742730 0.2044125874 0.1782061454 0.1343332109 0.1557570738 0.2079230394 0.2047808550 0.2534035045 0.2824430280 0.4276768082 0.5318291401 0.7149981198 0.7999506011 0.9121081240 0.8960878687 0.8163929432 0.6701651908 0.5414253590 0.3760991452 0.2826022427 0.2572001039 0.1834040932 0.1644006499 0.1930419148 0.1943139132 0.1277491605 0.1781329559 0.1643022768 0.1983579938 0.1812203193 0.2134470407 0.1839541983 0.2393103689 0.1994837394 0.2122080151 0.2303994209 0.2076057846 0.1160872611 0.1586269836 0.2172342096
0.1839879501 0.1521185502 0.0999100798 0.1443034842 0.1674287594 0.1612707960 0.2126925692 0.1318047089 0.1715134183 0.1631400010 0.1893158051 0.1975339398 0.3192690508 0.4015292715 0.5742979099 0.7568761096 0.8050204201 0.8107696717 0.8277257440 0.7780920213 0.5973769345 0.4354536707 0.3153301933 0.2352464207 0.1990357947 0.1925893846 0.1624198998 0.1475993898 0.1194102996 0.2070515017 0.1086277923 0.1730575875 0.1266797919 0.1773009341 0.1786210846 0.1383056360 0.1683964536 0.1548180370 0.1094718283 0.1516395968 0.1523177929 0.1419925294 0.1672737938 0.2329343236 0.1174899944 0.1903765657 0.1851787660 0.1741981666 0.2293642763 0.3323388140 0.4149001245 0.5607106180 0.7479670076 0.8159541013 0.9062858579 0.8891451126 0.7229924000 0.6066110919 0.4557686695 0.3517921320 0.2853358414 0.1882787340 0.1549709990 0.1567260282 0.1600035545 0.1369913415 0.1497411910 0.2036101453 0.1937250048 0.1933308489 0.1586010692 0.1927218747 0.2396519428 0.1438372681 0.1517204609 0.2039884826 0.1605117338 0.1861359121 0.1711629452 0.1842277408 0.1505934866 0.1678771540 0.1436822636 0.2466088837 0.1952628362 0.2976778443 0.3055801082 0.4059572019 0.5411926778 0.7099701193 0.7877263757 0.8509830933 0.8011444242 0.7614402649 0.7040513575 0.4762477407 0.3413189398 0.2893389036 0.1906063826 0.1797222146 0.1840495426 0.1994677518 0.1712304914 0.1530264692 0.1281358855 0.1808842390 0.1617829034 0.1694423761 0.1301540071 0.1517135015 0.1946527757 0.1948799776 0.1658510451 0.1995939961 0.1619987343 0.1938762107 0.1330977972 0.1664170341 0.1147840339 0.2226214587 0.1784756607 0.2375307482 0.2559276841 0.3038768357 0.4280581656 0.5711266703 0.7001471614 0.7966424204 0.8573935628 0.8492469974 0.8500519368 0.6522271969 0.5396846093 0.4264330972 0.2863458192 0.2409869764 0.1920184714 0.2101188462 0.1983781262 0.1760095649 0.1401310579 0.1892473570 0.2141944838 0.1579353151 0.2170823928 0.1897465168 0.1669038020 0.1754381374 0.1696887811 0.1014459290 0.1740221141 0.1759488051 0.1799197102 0.1602430684 0.1811896171 0.2274489476 0.1674202521 0.1940985870 0.1801363137 0.2465160288 0.3306773893 0.4384946764 0.5254929921 0.6980467282 0.8240565225 0.8628714253 0.8517012451 0.8161202055 0.6514752366 0.5676650782 0.4408340339 0.2812421808 0.2070571485 0.2144836740 0.2022006916 0.2124898468 0.1686994985 0.1549780024 0.1816557286 0.1998673694 0.1550564910 0.1928882551 0.1769268261 0.1401302469 0.1410157822 0.1860595842 0.0971430264 0.2265646254 0.2216396688 0.2243055645 0.2346267222 0.1675946752
0.1416575605 0.1231519923 0.1648660036 0.0815638595 0.1782456610 0.1408690752 0.1847755559 0.1983642781 0.1981047736 0.1468214557 0.1768569621 0.2245060677 0.2843091279 0.4129267348 0.5388430154 0.6868474806 0.8323248610 0.8809864798 0.9035769187 0.7164688843 0.5842914264 0.3813785993 0.3035039563 0.2547507229 0.1750740711 0.1520549239 0.1505433240 0.1675070482 0.1700662759 0.1755201976 0.1815988604 0.1544637011 0.1300981746 0.1961238719 0.1266632185 0.1962809549 0.1655760275 0.1386001562 0.1932092111 0.1601392294 0.2048120917 0.1811722299 0.1619918739 0.1288284386 0.1590289889 0.1307707218 0.1588357890 0.2026089565 0.2267195701 0.2495132339 0.4812034101 0.5341456570 0.6941914417 0.8055630094 0.9019461532 0.8380878252 0.7497910730 0.5813721996 0.4474374478 0.3764814450 0.2296334954 0.1906819529 0.1981971052 0.1867462369 0.1235199294 0.1162280341 0.1820815698 0.1423887114 0.1029659791 0.1441260320 0.1506580684 0.1606901423 0.1501992198 0.1281253904 0.1630920694 0.1586532480 0.2320498269 0.1930707786 0.1426218768 0.1695645774 0.1582319263 0.1990281531 0.1315261955 0.1745734200 0.1971705856 0.2296340595 0.2791872790 0.4121815815 0.5695944671 0.7174708337 0.8119875688 0.8853435743 0.8623345939 0.7937258558 0.5744577066 0.5203731790 0.3695617853 0.3099859023 0.2206172870 0.1724939462 0.1475330155 0.1578906321 0.2008275517 0.1444560777 0.1860175840 0.2142568470 0.1836106532 0.1177108398 0.1749432223 0.1961903582 0.1592930125 0.1578561325 0.1395779783 0.1924567266 0.1827305528 0.1648748078 0.1786712749 0.1559713240 0.1940433954 0.2062255245 0.1458077172 0.2201398073 0.2509471037 0.2754707968 0.3683373611 0.5392383632 0.6719981533 0.8050410225 0.9022930363 0.8964849186 0.7727305069 0.6141453330 0.4887555697 0.4051809007 0.2816550024 0.2615739125 0.1725361649 0.1811949064 0.1955296357 0.1800254939 0.1825052194 0.1686322149 0.1746242056 0.1205336112 0.1822834412 0.1827045613 0.1238739965 0.2083895633 0.2121682200 0.1821135059 0.1627198645 0.1109376685 0.1364005339 0.0971377381 0.1428344664 0.1726382415 0.2056359215 0.1913940389 0.2049712854 0.2496905338 0.2623167640 0.3666502563 0.5225815264 0.6800953177 0.8039154735 0.8657098797 0.8931714213 0.7983460645 0.7343115583 0.4941767791 0.3707717832 0.3031557421 0.2844517490 0.1627036755 0.2095041397 0.1864559841 0.1471782419 0.1378686721 0.1788645344 0.1823223067 0.2236387585 0.1686806124 0.2013567148 0.2261806452 0.1868356405 0.1615094875 0.2085661789 0.1765160333 0.2038883537 0.1299889539 0.2044249719 0.2081326197
0.0751273395 0.1598327225 0.1155517196 0.1519996109 0.0973763881 0.1589092281 0.1485840783 0.1606201171 0.1312031729 0.1731864077 0.1832189386 0.2930968118 0.2729411053 0.4282122796 0.5938725519 0.6719520077 0.8368757538 0.8232369263 0.8351525247 0.7012041763 0.5809858780 0.4413501897 0.3739971609 0.2160375662 0.2550612435 0.1956003072 0.1466934011 0.0921607867 0.1326934286 0.1419085209 0.1577545520 0.1409090248 0.1515248364 0.1679246308 0.1755642117 0.1110439691 0.1809511679 0.1443838865 0.1324827683 0.1785603798 0.1724624299 0.1398811828 0.1606875405 0.1667951428 0.1300712368 0.1404768513 0.1623327640 0.1741301853 0.1946689206 0.3263055780 0.3835871920 0.5318124524 0.6884174565 0.7863314966 0.8609710277 0.7981447696 0.7674302271 0.5934473470 0.4405638082 0.3744087794 0.2684614231 0.1896426325 0.1660611060 0.1411232874 0.1937621999 0.1854119171 0.1486495378 0.1506360996 0.0905689488 0.1348224435 0.1785408299 0.1519329095 0.1154185274 0.1666545525 0.1820274955 0.1644161285 0.1462883690 0.1527050450 0.0693402204 0.1724013746 0.1907965889 0.1768586390 0.1711559130 0.2238955298 0.1804871856 0.2576928982 0.3319630275 0.3969762816 0.5277408088 0.6604062940 0.7766743678 0.8873442296 0.8667687817 0.7261284599 0.6337764339 0.4996698587 0.3515131062 0.3038874721 0.2235826834 0.1966213234 0.1614378161 0.1432104503 0.1792118324 0.1551421246 0.1260397871 0.1796646438 0.1691399850 0.1319376636 0.1652906447 0.1688238589 0.1473973697 0.1282866872 0.1459654048 0.1561244955 0.1665312991 0.1845194927 0.1574177907 0.1412544961 0.1698760029 0.1542296189 0.1529511390 0.1691087801 0.2821107343 0.2587362936 0.3884308266 0.5068665150 0.6560392641 0.7632565143 0.8610596900 0.9047048000 0.8198348979 0.6853802532 0.5425886845 0.3885692014 0.2590605514 0.2647474971 0.1807243890 0.1354617718 0.1719205106 0.1510095797 0.1618718675 0.2351672891 0.1803140606 0.1495943196 0.1633895545 0.1430282509 0.1225792068 0.1919192814 0.1885217560 0.2140001166 0.1452789178 0.1533539847 0.1480055838 0.1818244034 0.1836285336 0.1200764201 0.2018268571 0.1654025218 0.2089094456 0.1849397117 0.2426821496 0.3933860507 0.5442774157 0.6189869409 0.8171902700 0.8977360614 0.9027715710 0.7886734792 0.6617796391 0.5693851297 0.4217393297 0.2885308558 0.2730652770 0.1910260881 0.1833506994 0.1815557410 0.1732729115 0.1733149577 0.1736348986 0.1839177375 0.2154597886 0.1872005702 0.1660073079 0.1743852004 0.1738042940 0.1865772088 0.1925530688 0.1876753067 0.1716548200 0.1767954902 0.1634778007 0.1984222549
0.1191501954 0.1687467694 0.1320919781 0.1791784418 0.1125177542 0.1275608800 0.1352690025 0.1511635583 0.1288380908 0.1586939010 0.1865643234 0.2270039864 0.3144125931 0.3709862668 0.5463786204 0.6747461040 0.8708796673 0.9471816402 0.7947221267 0.7072245632 0.5877367437 0.4549138741 0.3306025907 0.2819130502 0.1520384605 0.1278156398 0.1821648853 0.1734332195 0.1562634018 0.1560430923 0.1531652625 0.1459214407 0.1432436436 0.1602380493 0.0974973394 0.1485026235 0.1262076995 0.1250592150 0.1429530955 0.1553485005 0.1355575158 0.1106317303 0.1360216385 0.1074005976 0.1455806915 0.1714955357 0.1673688581 0.1946233378 0.2144123461 0.2939242565 0.3934434422 0.5414983069 0.7113932615 0.8205754250 0.8532863492 0.8124570476 0.7316382665 0.5385474150 0.4739625394 0.2844875341 0.2540668290 0.2184393041 0.1749537995 0.1518906184 0.1678486669 0.1692067409 0.1746874087 0.1746949369 0.2214824705 0.1882956713 0.1116133837 0.1217608651 0.1929697223 0.1147922972 0.1701648400 0.2035008381 0.1019160627 0.1246436566 0.1690942576 0.1168206777 0.1506920324 0.1746856241 0.1544805835 0.1726208117 0.1960562215 0.1635160103 0.2893073993 0.4101579428 0.5617664252 0.6786491456 0.7742341116 0.9068467508 0.8685775703 0.7465352393 0.6286728703 0.4040399946 0.3130151065 0.2631542838 0.2026463310 0.2115158696 0.1562190675 0.2020672890 0.2236895892 0.2191056875 0.1737191719 0.1177340065 0.1280391579 0.1584353165 0.1396974919 0.1570857982 0.1732105350 0.1793689036 0.1882754530 0.1806315740 0.1230175069 0.1991190187 0.0822808840 0.1672108190 0.1882843280 0.1492311313 0.1460949730 0.1749235474 0.2300021600 0.3221563287 0.3943700350 0.4722792669 0.7007600487 0.7877469778 0.8804204963 0.8753199748 0.8093046042 0.7139840072 0.4955440002 0.4087409189 0.2782342112 0.2686890177 0.1724488622 0.1732917989 0.2055863539 0.1211496618 0.1710034136 0.1717835220 0.1999352346 0.1124119598 0.1210542867 0.1741698454 0.1076916801 0.1593269919 0.1944189513 0.1751555275 0.1136397567 0.1163660734 0.1302807324 0.1243436339 0.1525058298 0.1677608863 0.1390355811 0.1481236371 0.2082255234 0.1812501826 0.2595482018 0.3696275796 0.5331144633 0.6750349299 0.7778204964 0.9548415393 0.8502230195 0.8261090426 0.6661923519 0.4404302923 0.3939819018 0.2651952439 0.1941038523 0.1748947740 0.1152651368 0.1805579560 0.2429213677 0.1607284217 0.1337010007 0.1278794360 0.1364982279 0.1707292907 0.1181124846 0.0865059197 0.1987523205 0.1828722109 0.1677271571 0.1846596210 0.1837440962 0.1629960350 0.0944330200 0.1662367509
0.1466026684 0.1325360283 0.1328089028 0.1330963863 0.1487368460 0.1193533943 0.1473400605 0.1168840652 0.1789930641 0.1727967228 0.1942143366 0.1952600722 0.3178391508 0.4113149039 0.5341975442 0.6814855829 0.7259015775 0.8441200068 0.7923950934 0.7014160347 0.6402646335 0.4221732418 0.3101743478 0.2616288363 0.2103374036 0.1398132629 0.1235116374 0.1646390921 0.1465128474 0.1675448161 0.1586192649 0.1544934949 0.1247903664 0.1193573596 0.1130212668 0.1323195510 0.1135969831 0.1744785582 0.1325463315 0.1372519165 0.1673829573 0.1452099419 0.1497325273 0.1394915066 0.1714744084 0.1776636053 0.1957255302 0.2012273733 0.2078910484 0.2838569086 0.3630395596 0.5061588854 0.6663239173 0.8359746727 0.8743468716 0.8288634871 0.7070602677 0.5876980045 0.4492075649 0.3111173768 0.1976093959 0.1891437499 0.1616193714 0.1650622871 0.1648296135 0.1832880832 0.1334370799 0.1124317352 0.1532013773 0.1169048000 0.1290936834 0.1520992816 0.1285311414 0.1744256148 0.1129122348 0.1423545050 0.1185230139 0.1366148487 0.1534477917 0.1337981148 0.1631094868 0.1396137549 0.0969596106 0.1181149244 0.2118707327 0.2205619194 0.2776731429 0.4295937934 0.5355211444 0.6415068942 0.7754333906 0.8081880375 0.8824669066 0.7408185049 0.6327103028 0.4632030428 0.3743557748 0.2487162348 0.1627406391 0.2117629476 0.0807886269 0.1432561777 0.1390702049 0.1290056885 0.1404343990 0.1310791955 0.1574289779 0.1296774133 0.1436197969 0.1773080376 0.1643398907 0.1704769989 0.1828429604 0.2031522188 0.1867804439 0.1528675657 0.1659672567 0.1687297204 0.1132878509 0.1672390513 0.1213858099 0.1498013078 0.2045722566 0.2640421856 0.3779751818 0.4824560318 0.6754096036 0.7159172639 0.8036871523 0.8421096582 0.7881850924 0.6418748395 0.4807107412 0.3965812762 0.2798282778 0.1960973201 0.0917570274 0.1361098557 0.0965424812 0.1437989621 0.2128488612 0.1786868185 0.1194563296 0.1705724582 0.1308953219 0.1045497852 0.1112633958 0.1640914816 0.1581050870 0.1771022672 0.1941543373 0.1598612311 0.2154536306 0.1577643713 0.1607582718 0.1100517389 0.1804040097 0.1820789636 0.1396588519 0.1882461067 0.2595852027 0.3490603340 0.5346789167 0.5922803424 0.7616761162 0.8917382313 0.9049911681 0.8822198074 0.6673626042 0.5622798991 0.4186035835 0.2397191808 0.2237140824 0.2100409530 0.1370339975 0.1735993726 0.1207386156 0.1551850202 0.1086409973 0.1800868343 0.1410196286 0.1923042383 0.1742528933 0.1702317691 0.1528806274 0.1824438594 0.2087088962 0.1696472343 0.1701115560 0.1433712995 0.1476432484 0.1773207835
0.1195838960 0.1496847737 0.1284778435 0.1842571401 0.1067969745 0.1670469899 0.1272118280 0.1399202854 0.1416425811 0.1569213504 0.1952304755 0.1450272559 0.2860571643 0.3990837595 0.4823150903 0.7114455739 0.7745605543 0.8406251955 0.8017162522 0.7819069760 0.5988334697 0.4538243157 0.2929483475 0.2626818379 0.1628882971 0.1501345588 0.1263446310 0.1691815365 0.1677430574 0.1715220213 0.1581957999 0.1220393404 0.1300260049 0.1044701558 0.1407621171 0.1159844016 0.1120588576 0.1264964848 0.1098719236 0.1381824915 0.1467502015 0.1369590700 0.1345678513 0.1527182410 0.1214831379 0.1548045544 0.1319381071 0.1480881364 0.2445981512 0.2781894782 0.3696060345 0.5226199959 0.6761616421 0.7625351198 0.9212839847 0.8340956392 0.7644196718 0.6186109132 0.4598831727 0.3750881277 0.2219230709 0.1495657262 0.1952800750 0.1690054530 0.1577220640 0.1545269737 0.1433344158 0.1153107245 0.1379874286 0.2118308985 0.1135549627 0.1376455827 0.1843564677 0.1585060703 0.2024691086 0.1325709163 0.1238640363 0.1477797055 0.1522499002 0.1591909863 0.1613970230 0.1674550094 0.1680392216 0.2031317981 0.1865217043 0.1886116645 0.2968559751 0.3864872922 0.5531946180 0.6391170491 0.7959883332 0.7913155289 0.8087466298 0.7463376932 0.6224929560 0.4025019479 0.3670397110 0.2144818203 0.2490149506 0.1034063043 0.1609513800 0.1297621880 0.1601382013 0.1563917008 0.2036841024 0.1633505862 0.1647080983 0.1868734552 0.1219977344 0.1413340106 0.1161799789 0.1231370812 0.1872474342 0.1237615029 0.1630900117 0.1218401162 0.1789508703 0.1258790868 0.1049454562 0.1707913329 0.1861103318 0.1898677311 0.1981080432 0.3123914006 0.4132129339 0.5327534080 0.6540941897 0.7581111567 0.8114826165 0.8631795499 0.8130651398 0.6756057646 0.5000782409 0.3415830613 0.2580392905 0.2463298566 0.1700275725 0.1868573099 0.1358802464 0.1160481688 0.1996422064 0.1805216056 0.1657828555 0.1933524674 0.1823674516 0.1248343065 0.1216241651 0.1640755404 0.2096839106 0.1779045181 0.1732660723 0.1292188864 0.1574729188 0.2055818691 0.1072522778 0.1898343826 0.1774018514 0.1723410261 0.1075952984 0.2364678104 0.2623362605 0.2835211214 0.5124472808 0.6218886378 0.7789306576 0.9183474748 0.8352522178 0.8296877301 0.6783618303 0.5170247127 0.3601525400 0.2582346200 0.2883577216 0.2113664234 0.1886624132 0.1407116474 0.1457060108 0.1818865011 0.1707957638 0.1518299179 0.1322005472 0.1501741972 0.1384499628 0.0895914109 0.1372894946 0.1009326303 0.1818603536 0.1202975057 0.2011184587 0.1116773194 0.1813693732 0.1225306626
0.0690186069 0.1058298543 0.1490785612 0.1111043287 0.1235903811 0.1448960468 0.1532378896 0.1736859773 0.1055480857 0.1308303030 0.1746317689 0.2303811443 0.2135111883 0.3934874009 0.5787618249 0.6877198598 0.7652040138 0.8658148902 0.7969747597 0.7324360766 0.5717815279 0.4088462007 0.3139356722 0.2092413786 0.1669419561 0.1255765781 0.1350301989 0.1387002472 0.1181754231 0.1286014732 0.1699435292 0.1464001572 0.1461991811 0.1879185172 0.1296885206 0.1329718239 0.0975318680 0.2005017915 0.1007138336 0.1255521080 0.2060779137 0.1280102353 0.1368001280 0.0916970535 0.1485141330 0.1324076540 0.1075409552 0.2036048010 0.2395967439 0.3046097134 0.3656292439 0.4910125991 0.6528558103 0.8329496456 0.8618343942 0.8588757154 0.7260049384 0.6209294435 0.4195454592 0.3420633168 0.2924460241 0.1850724069 0.1008561617 0.1374247443 0.1387716045 0.1447840240 0.1933021111 0.1520946715 0.1553821607 0.1253767420 0.1481898079 0.1613342927 0.1087469305 0.1199579530 0.1455997233 0.1862082480 0.1481640150 0.1783295249 0.1467799856 0.1525171538 0.1787176162 0.1034529659 0.1810933899 0.1626688083 0.1332896694 0.2423264618 0.2887119049 0.3619138241 0.5149571258 0.6594050474 0.7708120998 0.8583655800 0.9037104644 0.7403695941 0.5905391956 0.4918902111 0.3951283382 0.2744368582 0.1881085730 0.2130481515 0.1441656964 0.1431371816 0.1927158180 0.1681103504 0.1039570926 0.1810880023 0.1373411667 0.1113212563 0.1275067879 0.1784157091 0.1784290580 0.1475219605 0.1329807599 0.1484944075 0.1590735918 0.1495630626 0.1197182238 0.1598228945 0.1512640006 0.1423773988 0.1318291038 0.1821739202 0.1855965133 0.2534505940 0.3996449334 0.4916619464 0.6334750921 0.7981756949 0.8807312130 0.8755515813 0.8027642055 0.6558074812 0.4457326976 0.3565638054 0.2958612968 0.2346126637 0.1803231319 0.2107307400 0.1368682054 0.1455135093 0.1313075022 0.1332156191 0.1333640048 0.1463020037 0.0987227863 0.1655095701 0.2305864189 0.1772720961 0.1734618221 0.1462638067 0.1664420338 0.2045035466 0.1873670521 0.1319319525 0.1445478295 0.1612071387 0.1782837611 0.1733013080 0.1197434428 0.2322788808 0.2677625071 0.3482091250 0.4616974556 0.6029167083 0.7419455202 0.8572185873 0.8876734725 0.8740383342 0.6841274302 0.5475888674 0.3412325614 0.2807316454 0.2473800651 0.1732086687 0.2157171896 0.1348526276 0.1394982031 0.1962770079 0.0966129084 0.1870944297 0.1479914962 0.1316256156 0.1492508719 0.2042048914 0.1729268831 0.1357452237 0.1636488811 0.1355977304 0.2004728625 0.1813361647 0.1629041819 0.1573571995
0.1910044252 0.1510103075 0.0772697944 0.1446749358 0.1663925820 0.1454932652 0.1404328319 0.1536488505 0.1392040776 0.1854333152 0.1750837135 0.1774694145 0.3209723112 0.3816382925 0.4723000147 0.7062419024 0.7927194767 0.9149539155 0.8700855736 0.6943128263 0.5960397298 0.4736322230 0.2757515858 0.2390355982 0.1778274484 0.2093380388 0.1304537927 0.1656706480 0.1053036582 0.1401399205 0.0712853408 0.1300644889 0.1493843091 0.1072425794 0.1655611666 0.1293922892 0.1261534723 0.1065796379 0.1704607457 0.1599020720 0.1330069253 0.1383240455 0.1519256996 0.1270229836 0.1417113356 0.1494189148 0.1162449043 0.1874916512 0.2099285131 0.2612869162 0.3631838215 0.5215199410 0.6382625948 0.7969182841 0.8309319202 0.8709647157 0.7351588192 0.6131777938 0.4657543099 0.3258940807 0.2009671081 0.1858928211 0.2102147522 0.1875617018 0.0943617847 0.1364654236 0.1298114195 0.1162890894 0.1879772831 0.1492496810 0.1658904374 0.1279156816 0.1615935854 0.1440836438 0.1698568362 0.1622084938 0.1818265192 0.1462049588 0.1635295703 0.1654963715 0.0978558039 0.1548817791 0.1355805800 0.1504776000 0.1506128864 0.2466830496 0.2349225797 0.3680472512 0.4844070549 0.6272816610 0.7934350389 0.8852088815 0.9014246646 0.7878350016 0.6507638097 0.4782125460 0.3650811999 0.3062007695 0.1894607406 0.1948962588 0.1925774582 0.0835570989 0.1197570701 0.1466965771 0.1359236548 0.1741357406 0.1481469103 0.1632462797 0.1331410334 0.1218315299 0.1605432453 0.1798188852 0.1563852872 0.1494965019 0.1671815556 0.1788047609 0.1659317362 0.1489633431 0.1433576197 0.1829972651 0.1628878367 0.1659700024 0.1849742694 0.2863363697 0.3337151676 0.4849089738 0.6332947829 0.8026047020 0.8402071657 0.8358661654 0.7982279075 0.6788987596 0.5303958308 0.3507446625 0.2537756257 0.2227836997 0.1550594306 0.1739380716 0.1387663501 0.1453458036 0.1764142717 0.1420884701 0.1822583260 0.1090135349 0.1579587423 0.1906630595 0.2109853079 0.1573708175 0.1912707061 0.2017722080 0.1837732274 0.1862600300 0.1963727831 0.2293627857 0.1583814125 0.0933077458 0.1816057136 0.1509011887 0.1865896035 0.2046215714 0.2543725893 0.3575516713 0.4649257574 0.6209991787 0.8019335284 0.8822855761 0.8673553919 0.8038997643 0.6515541391 0.5249321359 0.4198895506 0.3221617440 0.2143465299 0.2335511467 0.2032005768 0.1377555093 0.1827533445 0.1517949019 0.1559445506 0.1543577874 0.1524571979 0.1523035713 0.1585377232 0.2110492897 0.1889729066 0.1998471743 0.1698033770 0.1999739838 0.1353189017 0.1294068789 0.2124849210 0.1645401750
0.1485328581 0.1737263692 0.1967391794 0.1582397396 0.1409266573 0.1104792531 0.1551531514 0.1545205449 0.1774302234 0.1564057544 0.1424471618 0.2647634923 0.2402294214 0.3563093527 0.5112978556 0.6778196861 0.8420443007 0.8855385740 0.8656054017 0.7389449363 0.6296958178 0.4322076839 0.3263750930 0.2470740348 0.1637682329 0.2175814949 0.1927424684 0.1603862521 0.1271563322 0.1212687768 0.1765831184 0.1432830582 0.1935188725 0.1797686022 0.1447902010 0.1696975257 0.1718756594 0.1380358721 0.1036063579 0.1747988134 0.1165158632 0.1617412041 0.1430878412 0.2098900785 0.1417150317 0.1585546765 0.1847196196 0.1834590479 0.2321460493 0.2360950737 0.4015711874 0.4742265293 0.6641358790 0.7964098042 0.8648287835 0.8775344927 0.7489297103 0.6516665461 0.4999157429 0.3254249009 0.2668296686 0.1674144198 0.1362841063 0.1435211578 0.1145876761 0.1220293083 0.0598446058 0.1870719578 0.1371249425 0.1648461920 0.1243239430 0.1325840346 0.0955017764 0.0842886231 0.0858638151 0.1269738287 0.1319013239 0.1465218971 0.1701386925 0.1609586600 0.1469437218 0.1531611751 0.1499457601 0.2063836752 0.1646144956 0.2085405010 0.3043919019 0.3731292625 0.5272522573 0.6036603383 0.7258079449 0.8674102779 0.8994316009 0.7796501800 0.6761441687 0.5000822627 0.3325209379 0.2207362092 0.2297226964 0.1690688803 0.1043894068 0.1968595902 0.1464725185 0.1545823430 0.1250459284 0.0958106923 0.1731058789 0.1786965087 0.1568968286 0.1456187211 0.1761262686 0.1524712264 0.1587658430 0.1519578896 0.1418810581 0.1622462861 0.1490472737 0.1234192718 0.1722839136 0.1523299587 0.1771215013 0.1816308203 0.2230691371 0.2928935477 0.3935277871 0.4979753096 0.6178955909 0.8041419393 0.8778943181 0.8827880105 0.7860230227 0.6315222480 0.5346020496 0.3782749284 0.3289188024 0.2397048138 0.1597286615 0.1571608709 0.1502652133 0.1368007010 0.1544045053 0.1582021237 0.1522459644 0.1334615674 0.1442773146 0.1547536792 0.1551498058 0.1884931930 0.1483049939 0.1315745854 0.1669735212 0.1812986005 0.1708776488 0.1986565675 0.1689045520 0.1602828778 0.1017868503 0.1416852908 0.1896900840 0.2598149079 0.2992945239 0.3514568008 0.5441662229 0.6075255679 0.7789343324 0.8530801144 0.8392497553 0.8303929433 0.7253159549 0.5266352667 0.4091709845 0.2889849314 0.2419669986 0.1536820485 0.1729135352 0.1684904243 0.1761330072 0.1551419500 0.1474095828 0.1566934368 0.1813270573 0.1545738680 0.1140275791 0.1548947784 0.1515444579 0.1877363956 0.1459168381 0.1362757368 0.1479055921 0.1404942187 0.1617342051 0.1647610261
0.1387930693 0.1215960260 0.2050295375 0.1144442250 0.2168530486 0.1055888331 0.2095207840 0.1739882954 0.1700248971 0.1517313348 0.1677313640 0.2405941523 0.2609201151 0.4319811992 0.6052636728 0.6762250812 0.8364050687 0.8586728611 0.8208928931 0.7120910464 0.5999185008 0.4664984427 0.3296433612 0.2693187007 0.2168457683 0.1915288005 0.1150042156 0.1556678475 0.1775409701 0.1363370984 0.1756529489 0.1622338675 0.1665670766 0.1305683908 0.1920556484 0.0923453572 0.1124436568 0.1606470479 0.1214777330 0.1800048412 0.1584523690 0.1810104936 0.1569955777 0.2211278387 0.1579231922 0.1482094697 0.1352891646 0.1977087012 0.2131592313 0.2621749436 0.3616848178 0.5226940886 0.6419134740 0.8310094872 0.9115626538 0.8592135601 0.7924301724 0.6057234505 0.4668630427 0.3239770878 0.2360126626 0.2967504708 0.1826601277 0.1859044291 0.1444996860 0.1710162192 0.1839595979 0.1776868182 0.1628988811 0.0968541051 0.1754930272 0.1492044284 0.1268703999 0.1516888865 0.1601340144 0.1626509945 0.1572327622 0.1176550883 0.1194528091 0.1559989096 0.1476471904 0.1547762413 0.1801359930 0.1720515074 0.1838831378 0.2058750568 0.2610265206 0.3321681895 0.5496162594 0.6525958178 0.7482039214 0.8899738326 0.8962845998 0.7953284616 0.6804580366 0.5075736957 0.3695392800 0.2247424809 0.2110946377 0.2021081739 0.1856845409 0.1774608220 0.1681757563 0.1633648725 0.1983578612 0.2016583955 0.1583180468 0.1449605063 0.1273145235 0.1770687301 0.1475055883 0.1611898306 0.1460112866 0.1992049455 0.1531408754 0.1652344808 0.1350075849 0.1893353452 0.1377168753 0.1649079840 0.1948280634 0.2273197945 0.2652086229 0.2372752723 0.3855392760 0.5835389862 0.6448465520 0.7754127969 0.8973379626 0.8741759201 0.8082954920 0.6980842036 0.4958920730 0.4066671406 0.2752798977 0.2380412554 0.2149166623 0.1554790512 0.2017099287 0.2018217115 0.1432823742 0.1853058387 0.1784892316 0.1389924546 0.1699767237 0.1692950204 0.1396784244 0.1546532234 0.1902091740 0.1696104056 0.1408694684 0.1788255147 0.1872780969 0.1684718391 0.1570800660 0.1752601337 0.1410729806 0.1451152765 0.1713574893 0.2402696445 0.2854810167 0.3672580202 0.4602490117 0.6254308011 0.7492698888 0.8301318756 0.8959147492 0.8234714330 0.6947441600 0.5271528781 0.4281733709 0.3478870266 0.2736210866 0.2005871394 0.1580186921 0.1815207957 0.1923929174 0.1708795820 0.1560787375 0.1476569852 0.1257656786 0.2185695778 0.2120591213 0.1748959587 0.1645032027 0.1815804000 0.1899337401 0.1826979175 0.2158522823 0.1901191938 0.1559941559 0.1532303437
0.1178491420 0.1329233578 0.1016030902 0.1579611058 0.1657359648 0.1386703505 0.1755256116 0.1808912187 0.2006516431 0.1263737159 0.1657300507 0.2356798403 0.2882870133 0.3559742505 0.5138703625 0.6518224904 0.8896114003 0.9098497155 0.8500628666 0.7861015592 0.5510133235 0.4414325703 0.4129164850 0.2332069103 0.2283872860 0.1829927234 0.1807557810 0.1631154778 0.1693357331 0.1327967446 0.1635164743 0.1329894540 0.2174572860 0.1451272223 0.1730590375 0.2083594856 0.0701599393 0.1470333171 0.1730342944 0.2243648783 0.1760806962 0.1614192932 0.1427051512 0.1833916726 0.1541374367 0.1295185601 0.1464966917 0.2110086112 0.2299497932 0.3255374172 0.4048565104 0.5360112394 0.7262025443 0.8023561027 0.8495610654 0.8617382434 0.7997809211 0.6535554020 0.5108638181 0.4452047648 0.2875252990 0.2135408701 0.1429099104 0.2025945294 0.1278369616 0.1754141235 0.1945686199 0.1640547804 0.1729726282 0.1409683413 0.1427194078 0.1607012976 0.1946638679 0.1799671631 0.1978025160 0.1714292810 0.1592389947 0.2296353576 0.1654657229 0.1607146022 0.1382875719 0.1684570371 0.1444967809 0.1842852362 0.2352460363 0.2576290147 0.3426973584 0.4078518716 0.5293294844 0.7188357479 0.8038124388 0.8875912572 0.8638731835 0.8011825660 0.6454738625 0.4891761686 0.3653703533 0.3630032342 0.2148171235 0.2052810495 0.1858960702 0.1766978846 0.1700940079 0.1646512377 0.1584461528 0.1835990689 0.1578719114 0.1926378745 0.1583213212 0.1624393523 0.1734618004 0.1552438314 0.2000732042 0.2204426309 0.1675427752 0.1702758868 0.1722884717 0.1654522158 0.1497850406 0.1462798262 0.1846282598 0.1937326342 0.2234079132 0.2537690687 0.4379767054 0.4688427658 0.6367692317 0.8519305929 0.8479545515 0.8857813675 0.8033626045 0.6680581381 0.4940276106 0.4247908886 0.3088707520 0.2293519253 0.2654692978 0.1863747046 0.1811218668 0.1188737842 0.1754374592 0.2136077910 0.1831492669 0.1757359865 0.1599577094 0.2141588803 0.1954783383 0.2260509449 0.1637528329 0.2012344890 0.1679915605 0.2208210322 0.1636786229 0.1315390254 0.1531159703 0.1831585982 0.1425149205 0.1525399534 0.1858927282 0.2541122668 0.2649312423 0.3613348247 0.5337511849 0.6322870803 0.7158625819 0.9094333529 0.8791473788 0.8693954966 0.7270615266 0.4956958595 0.4259217498 0.2544251469 0.2779626605 0.2209902637 0.1289870094 0.1904036518 0.1610621466 0.1750439416 0.1849038615 0.1717291207 0.1909553647 0.1860364637 0.1396404578 0.1871537696 0.1435210767 0.1973518891 0.2277527442 0.1793256613 0.2045360364 0.1715307030 0.1826006328 0.2679282334
0.1318110711 0.1839903293 0.1736193452 0.2162125006 0.2114675739 0.1573105621 0.1147944755 0.2311480516 0.2108541628 0.1844989976 0.1660764766 0.2522962019 0.3373291238 0.4011219627 0.5227883798 0.7091445901 0.8368266550 0.8544625751 0.8549555586 0.7883929817 0.5755757254 0.5110786555 0.3620498178 0.2784762151 0.2378699401 0.1819992647 0.1097283873 0.1410573082 0.1571761052 0.1940251630 0.1349677206 0.1465961101 0.1109230696 0.1981682894 0.1418358217 0.2086561879 0.1601814263 0.2182953159 0.1767053594 0.2065278825 0.1707149919 0.1664600429 0.2040667878 0.1842219129 0.1890394714 0.1575970047 0.1964129478 0.1980612220 0.2279614602 0.2697918069 0.3708481805 0.5236397859 0.6802129759 0.8187875351 0.8940066740 0.8935494866 0.7257162728 0.6975838545 0.4680890872 0.4317365109 0.3263589554 0.2453554529 0.1905479228 0.1292145924 0.1441993435 0.1612208835 0.2444605452 0.1835176327 0.1809138639 0.1997305865 0.1133101180 0.1876057517 0.1888241286 0.1814485748 0.1350459929 0.1469278525 0.1122730385 0.1822496757 0.1861975950 0.1940929825 0.1694515247 0.1513110561 0.2164100272 0.1795406571 0.1382525268 0.2696400865 0.2833785222 0.4372910729 0.5502345349 0.6664766059 0.7636452299 0.8774617425 0.8580682725 0.7990821995 0.6775440908 0.5157360574 0.3619081055 0.2624481788 0.2478058183 0.2313437315 0.2160238383 0.1324375126 0.2146146629 0.2038501206 0.1367540089 0.1296126342 0.1881331318 0.2079311434 0.1404051617 0.1468944923 0.2463582999 0.1724411540 0.1593302225 0.1853170479 0.1834042830 0.1557701578 0.1597828321 0.1551327828 0.1735632449 0.1505151224 0.2302444058 0.2227195148 0.2406944689 0.2553234384 0.3667922143 0.4808830928 0.6221477051 0.8138544565 0.8977780818 0.8792135758 0.7951925857 0.6685501319 0.5618286541 0.3968108053 0.3143056155 0.2086531924 0.2180755271 0.1338794745 0.1735427927 0.1451147239 0.1424483321 0.1829453311 0.2056741253 0.1749142846 0.1831017595 0.2226373104 0.1546091718 0.2436757515 0.1946385924 0.1811049433 0.1996087738 0.2100521629 0.1357333936 0.2260854468 0.2187592518 0.1853245918 0.2129570778 0.1725405762 0.1816418641 0.2205624589 0.2021552132 0.3910999172 0.5340871183 0.6346069179 0.7795457109 0.8883028869 0.9391401643 0.8282651127 0.7245138624 0.5676642094 0.4035454193 0.3139336766 0.2501687728 0.2698908455 0.1942274082 0.2023904191 0.2116767629 0.1781733629 0.1975237490 0.2431752879 0.2263687492 0.2047208230 0.2153933528 0.1011597076 0.1707775463 0.1449856653 0.1949246117 0.2229957153 0.1803181286 0.1916650496 0.2137525724 0.1625878291
0.1472134350 0.1171999371 0.1752302866 0.1266380523 0.1359328073 0.1797795816 0.1457881287 0.1401741065 0.1831442981 0.2152796713 0.1777096077 0.2274338735 0.3356831997 0.4055156198 0.6005020124 0.7740270454 0.8528807344 0.9263618726 0.8750987536 0.7675339370 0.5903916058 0.4874899426 0.3562918514 0.3041990785 0.2787501813 0.2397905787 0.1809064042 0.1733261025 0.1326405563 0.1559281632 0.1670283542 0.1779183590 0.1756597847 0.1430703699 0.1953021256 0.1408819283 0.1667744306 0.2398238985 0.1455226669 0.1676439673 0.1993427268 0.1552315393 0.1540581092 0.2052540668 0.2014231461 0.1442250677 0.1851612487 0.1638589911 0.2046716135 0.3358416460 0.4088392908 0.5117223714 0.6808957234 0.8218844357 0.8874638752 0.9060973798 0.8026278991 0.7119571273 0.5010207916 0.3999595501 0.3238025883 0.3233431540 0.1958038200 0.2022569799 0.2136108663 0.2107856235 0.1539405860 0.1492553838 0.1293929001 0.1612904949 0.1770926156 0.1938130378 0.2183162825 0.1852622629 0.1828756295 0.1758765747 0.1837482454 0.1610030614 0.1536148274 0.1841483413 0.1859909131 0.1747835413 0.1479583236 0.2140261372 0.1952470657 0.2337050722 0.3395598521 0.3730826041 0.5560207139 0.6425158590 0.8146974472 0.8821619716 0.9017988669 0.8680533286 0.6982350743 0.5195832046 0.4638525598 0.3054846321 0.2628796552 0.1979070115 0.2383416729 0.1709653033 0.1782087945 0.1582056045 0.1914129127 0.1975275864 0.1656040253 0.1752318769 0.1858666399 0.1826237542 0.2693921336 0.2123757504 0.1908608531 0.2112742110 0.1645147874 0.1249250099 0.1964727016 0.1829529367 0.2010325536 0.1751696231 0.1949082469 0.2135281558 0.2252912048 0.3064882550 0.3736473688 0.5206635925 0.6751301475 0.8042918201 0.9226612307 0.8814847175 0.8672697501 0.7200991987 0.5399313303 0.4650712866 0.3182878420 0.3048637429 0.2008457005 0.2101318552 0.2099494940 0.1732951436 0.2243798214 0.1573395230 0.1212345987 0.2040347149 0.2147716627 0.1565055326 0.2070695008 0.2099564604 0.1702563573 0.2096858707 0.2166253677 0.2033224686 0.2361138055 0.2027502334 0.1834948193 0.1467681764 0.2131979637 0.1711325239 0.2133996871 0.2796616355 0.2990873039 0.3772538706 0.4959313775 0.6287787544 0.8210167163 0.8823499624 0.9077280521 0.8497572002 0.7417033907 0.5932416139 0.4709747642 0.3554036419 0.2174806235 0.2559987674 0.2093082240 0.2009928671 0.2072356874 0.2227051031 0.2193653769 0.2504300390 0.2118636380 0.1734009088 0.1960929328 0.1681420458 0.1645769751 0.2078373659 0.2033537609 0.2347365845 0.1840355290 0.2174968262 0.2061105405 0.2230694449
0.2086304544 0.1347892669 0.2191554521 0.1496034469 0.1567519916 0.1912919606 0.1928893138 0.2026987645 0.1404246787 0.2303153678 0.2224365735 0.2494840982 0.3088936845 0.4076997623 0.5772342480 0.6908339355 0.8061482949 0.8703747446 0.8752380793 0.7602561860 0.7039918032 0.5497245240 0.3856704926 0.2806745877 0.1798422294 0.1950265547 0.1308818702 0.2128278821 0.1846502998 0.2071539917 0.1484589611 0.1728291099 0.1848513208 0.2226590226 0.1617769805 0.1986764121 0.1804049166 0.1399809077 0.1442783012 0.2127984401 0.1721983771 0.1624783637 0.1915141583 0.2096582889 0.1509684991 0.1381631225 0.2432672722 0.1648791133 0.2773764524 0.3716794000 0.3752126292 0.6231341930 0.7331918188 0.8543292208 0.8246045971 0.9478272280 0.7958432362 0.6562046563 0.5089988323 0.4179553361 0.3015873115 0.2357405201 0.2076215316 0.2058729855 0.1509860085 0.2310149407 0.1841726213 0.1851866220 0.1899992699 0.2192193588 0.2115737932 0.2072107337 0.1170328392 0.2437838315 0.2108224244 0.2145306887 0.2543177157 0.1594843571 0.1983598900 0.1961828010 0.1886685011 0.1359350958 0.1876859713 0.1948638870 0.1797043039 0.2665636721 0.3354639773 0.4631429367 0.5465472550 0.7432591820 0.8109417266 0.9225063082 0.9147018687 0.7931521654 0.7079608868 0.5248572214 0.4361953019 0.3043172344 0.2297105634 0.1652583021 0.1608696476 0.2319003927 0.1842769031 0.2372588774 0.1872793939 0.1994410462 0.1627534439 0.2164616806 0.2101028624 0.2033107784 0.1563165207 0.1360606439 0.2336552100 0.1469644294 0.1947050829 0.1863646585 0.2052311057 0.1831380726 0.2288476010 0.2051290228 0.2332424500 0.1760432918 0.2901062843 0.3165511126 0.3729551288 0.4969718438 0.7062819694 0.8058099337 0.7908461192 0.9378198079 0.8050434041 0.6920612398 0.6073095139 0.4226058848 0.3335046313 0.2829320998 0.2723709790 0.2298667746 0.2120094044 0.2330744717 0.2170157636 0.1977708196 0.2235887903 0.2180953513 0.2033959345 0.1698100069 0.2462379347 0.2013939850 0.2346862419 0.1647781959 0.1707619491 0.2179500766 0.1710713879 0.2235483090 0.1646687481 0.2482592345 0.2110135367 0.1971517925 0.1463999360 0.2132469491 0.2457504457 0.4031899181 0.4937428568 0.6901643874 0.8323232278 0.8969968625 0.8858088122 0.8393120353 0.7714466990 0.5909747238 0.4941101664 0.3734187587 0.2820341980 0.2413258852 0.2113828309 0.2008344552 0.1940799735 0.1500090319 0.2066214653 0.1803930415 0.1709920494 0.1855536114 0.1986070306 0.1902001059 0.1654885303 0.2323606092 0.1971703967 0.1924315780 0.1789200948 0.2025053816 0.2418936580 0.1925540159
0.1114204132 0.1831857111 0.1634316848 0.2034773866 0.1899231929 0.1356964921 0.1872507369 0.1990728170 0.2182970726 0.2435978666 0.2037161686 0.2547947931 0.3488390366 0.4192667551 0.5079264222 0.7433191325 0.8361117874 0.8794276567 0.9007850337 0.8073371462 0.5953486136 0.5442990969 0.3527298879 0.3159888621 0.2445007498 0.2246828535 0.1984301175 0.1900966621 0.1946008755 0.2101693380 0.1621537239 0.1886803391 0.1241024792 0.1624159460 0.1446551274 0.1733829611 0.1978790297 0.1977732657 0.2170165812 0.2134592160 0.2220150900 0.1755517358 0.1590094464 0.1924153184 0.1744487470 0.2114063966 0.1581752766 0.2481114902 0.2251054098 0.2854615722 0.3840785282 0.5022322053 0.6855676395 0.8013156141 0.8880076541 0.8764046680 0.8159486169 0.6505873987 0.5721191398 0.4158009702 0.2412725689 0.2139000787 0.1915741873 0.1338841849 0.1991909567 0.1764101976 0.2353821188 0.1925590723 0.1671294298 0.1864899557 0.1606412803 0.2182812891 0.1923426997 0.2194582424 0.1625308479 0.1662708938 0.1555901214 0.2107519579 0.1704914752 0.1544458767 0.1732334952 0.2038098590 0.1624350184 0.2356734898 0.2474634528 0.3159138656 0.2586525703 0.3653629935 0.4483613909 0.6617802661 0.8457932667 0.9144085558 0.9407066360 0.8090478481 0.7103559409 0.5512346599 0.3930443900 0.3091078222 0.2770128921 0.1708195415 0.2256649658 0.1455109494 0.2033641823 0.2448217850 0.2300272650 0.2259965478 0.1961599154 0.2296031474 0.1914263625 0.1828324097 0.2004106996 0.1987089758 0.1907782086 0.1914908936 0.1732731051 0.2054987703 0.2123791568 0.1470606770 0.2224515396 0.1956926655 0.2518574231 0.1923989700 0.2682080338 0.3417335079 0.3683396231 0.5089533511 0.6543093788 0.7714924053 0.9459937028 0.9251034064 0.8702210436 0.7082100824 0.5769316111 0.4456156973 0.2919119561 0.2619175776 0.2577843413 0.2145098125 0.1894643820 0.2400211818 0.2267231058 0.2297767952 0.1794238906 0.2077700614 0.1638404811 0.2256519797 0.2012175684 0.1715361106 0.2671094244 0.2043188006 0.1335033352 0.2185754565 0.2119044353 0.1989434681 0.1788969721 0.1944597511 0.1931276672 0.2685412738 0.2274643705 0.2372828038 0.3164574629 0.3464778073 0.4961265315 0.6016826756 0.7760253769 0.9136686330 0.9859545094 0.8710249221 0.6734213382 0.6468743796 0.4442914839 0.3612127717 0.2821645279 0.2396017448 0.1865986761 0.1975096250 0.1753401429 0.1922333298 0.2026130378 0.2436025468 0.2690914759 0.2324739518 0.2218124279 0.2171466882 0.2103374779 0.1781155352 0.1534053342 0.1663754434 0.1846708210 0.1409648664 0.1706408995 0.2470901979
0.1431808769 0.2089036530 0.1947250591 0.2064152194 0.1783768654 0.1705991644 0.2002252535 0.1934155958 0.1751487580 0.1819023793 0.1867785003 0.2213472738 0.3083249427 0.4048174925 0.5908297933 0.6516001566 0.8592134229 0.9085697144 0.8456148833 0.8119707714 0.6858881627 0.4711801754 0.3592676735 0.2942603802 0.2748397971 0.1887176470 0.1398670245 0.1880270959 0.2191042567 0.2000797166 0.1724893344 0.1480226247 0.1618021713 0.2025290517 0.1537199594 0.1643062078 0.1766302778 0.1980126352 0.2281251993 0.1740959967 0.1447910292 0.1471926062 0.1755335545 0.1667010301 0.1952124966 0.1394928107 0.2011846554 0.2165518203 0.2791819425 0.3073752044 0.4191478946 0.5297081689 0.7078221851 0.8047414791 0.9131655069 0.9302443624 0.8423921516 0.7116771461 0.5337278056 0.3868392855 0.3306163591 0.2468081638 0.2256998895 0.2303788316 0.1964378337 0.1802792626 0.1673608373 0.2028518339 0.1643340937 0.1350877535 0.2192328143 0.1799950657 0.1975716129 0.1216844110 0.1816247668 0.2153007390 0.2085505991 0.1875176267 0.1738745801 0.1853505590 0.1928147400 0.2198802824 0.1904693589 0.2357661797 0.2565230053 0.2603104851 0.3226880103 0.4354669318 0.5648881489 0.6556528384 0.8129844727 0.9253361171 0.8839889518 0.7985070741 0.7012658778 0.5594433149 0.4323455323 0.2937020233 0.2560623673 0.2020795069 0.2060381495 0.2015592405 0.1840621158 0.1691119741 0.1902288860 0.2579826297 0.1651299022 0.1707506356 0.2159374632 0.2194502696 0.2075416123 0.1887835709 0.1982582135 0.1993442262 0.2289711641 0.1380126775 0.1912581959 0.1553379689 0.1898412845 0.2441255033 0.2635716334 0.2239206338 0.2090744540 0.3402567937 0.3421853077 0.4908634281 0.6671785996 0.7680437893 0.8988986085 0.9027970302 0.8447414598 0.6906470938 0.5769026381 0.4177451594 0.3138135017 0.2545284572 0.2827335456 0.2237776517 0.1639349021 0.1788409748 0.1874710192 0.1925409985 0.2162231832 0.1659570500 0.1740084014 0.2006865184 0.1970316785 0.2658577119 0.1487240367 0.2068640445 0.1888648066 0.1807264312 0.2061800497 0.2233835983 0.2475633609 0.2157495237 0.2293396987 0.1723491374 0.2477889744 0.2300446192 0.2723483890 0.3614182739 0.5095791503 0.6020587545 0.7386628697 0.9289181844 0.8719747157 0.8319070901 0.7643708390 0.6206681915 0.4728445898 0.3483519700 0.2884402479 0.1978121564 0.2600900256 0.2034315750 0.2309586782 0.1833132449 0.2455989269 0.2110171534 0.2524104161 0.2560311316 0.2003452655 0.2202333107 0.1975305617 0.2239628374 0.2017518163 0.2022343788 0.2465141719 0.2237123027 0.1974902114 0.2145363268
0.2454859781 0.1640223423 0.1669536957 0.1452798012 0.1508598933 0.1730133756 0.1942047368 0.1821015332 0.1887883472 0.2201255878 0.1615771963 0.2522031843 0.3326889334 0.4133816968 0.5144756760 0.6803574739 0.8208420009 0.9171397539 0.8857887353 0.8037569214 0.6606142027 0.5300695621 0.3949658620 0.2914175262 0.2277144137 0.2567466347 0.1993093324 0.1984872421 0.1531983737 0.1810221670 0.1847782550 0.1826379782 0.1878922677 0.1735113817 0.2341660689 0.1959069605 0.1342551762 0.1975486455 0.1872814846 0.1726031969 0.2131852063 0.1774812139 0.1697481509 0.1974411048 0.1829820167 0.2125418947 0.1789795456 0.2142786609 0.2645564648 0.3195168236 0.4182200896 0.5521608365 0.6928033594 0.7726591933 0.9392746288 0.8802902917 0.8095499232 0.6661445462 0.5217322858 0.4170278585 0.3206651345 0.2607553830 0.1993018186 0.2239812781 0.2019128949 0.1809869846 0.1618821328 0.2159796686 0.2156915685 0.2178598135 0.1777684440 0.2096531803 0.1590839154 0.2023894791 0.1988779940 0.1792789525 0.1851721010 0.1887881199 0.1872907216 0.1867184446 0.1784099690 0.2029467215 0.2038447864 0.1872688031 0.2452927295 0.2374177878 0.2852851152 0.4079306975 0.5390272413 0.6709835940 0.7564951682 0.8486489518 0.8838771013 0.8461063241 0.7175287869 0.5765473807 0.4472867032 0.3016247065 0.2401242301 0.2845267889 0.2266827450 0.1732450901 0.1895961268 0.1837384508 0.2220097868 0.2288595265 0.1944377226 0.2143568323 0.1846487779 0.2178789476 0.1794395215 0.1733227752 0.2102745496 0.1920115469 0.2148703483 0.1711908821 0.2198640620 0.2188227113 0.2078959037 0.2328218314 0.1703881565 0.2227773121 0.2526004245 0.3137539978 0.3749199468 0.5112566774 0.7102989190 0.7863421278 0.9083556069 0.9057847304 0.8347407003 0.7622540812 0.5807017849 0.4418328438 0.3575882225 0.2161026411 0.1908810042 0.2598748125 0.1695513357 0.2098707880 0.1631997228 0.1718665471 0.2479077734 0.1968453960 0.2189751501 0.1297883348 0.1768575560 0.1783213808 0.2210401844 0.2531347515 0.1915661820 0.2526612097 0.2284028254 0.2213920535 0.2511884005 0.2047102658 0.1763547726 0.2251745004 0.1938287913 0.1954451492 0.2616444756 0.4033351070 0.4893143012 0.6181447609 0.8351756809 0.8868017081 0.8959950257 0.8742922851 0.7377021377 0.5816287780 0.4666385151 0.3338576541 0.2878734059 0.2511518654 0.2457246848 0.2157050217 0.2118815847 0.1945363365 0.2070425194 0.2213332845 0.1695339622 0.2104089710 0.1514918833 0.2044813440 0.1714252634 0.2241195887 0.2136250148 0.1630089977 0.2315180363 0.1933825165 0.2100926385 0.2315057626
0.1328254326 0.1851472578 0.1481201337 0.2070079871 0.1777382152 0.2135165537 0.1707920936 0.1411538398 0.2193093626 0.2774999562 0.2210979065 0.2439897047 0.3198453273 0.3888037545 0.5207138823 0.6984826401 0.8349466837 0.9013803566 0.8617330982 0.7705958241 0.6691051286 0.4884425141 0.3155286549 0.2732836375 0.2810618632 0.1461639612 0.1526690647 0.1943297137 0.1872889145 0.2135465099 0.1971373011 0.1416451134 0.1927702579 0.1783229782 0.2492491477 0.1387445579 0.1908744247 0.1737988041 0.1982960853 0.2109026962 0.1760072305 0.2226554458 0.2049290549 0.1946077990 0.1773581816 0.2150275460 0.1458453216 0.2430005272 0.2412781170 0.3309416760 0.3795761448 0.5741819448 0.6571082468 0.8250713604 0.8626124421 0.9552052016 0.7903082267 0.7244787110 0.5598007026 0.3703189775 0.2441440615 0.2226935335 0.1744943322 0.1849471907 0.2015813260 0.1450654061 0.1104221207 0.1710387426 0.2240752066 0.2482197516 0.2053927050 0.1102429169 0.2007434168 0.1797575535 0.1683742462 0.1530402144 0.2552262732 0.2515809512 0.2097359254 0.1947046313 0.1489739160 0.2072209083 0.1818489373 0.1846330547 0.1634173802 0.3233595085 0.3282684957 0.3455824170 0.4793589458 0.7187518417 0.7839135812 0.8940406761 0.8914543033 0.8359005154 0.6589844825 0.5507622655 0.4094084556 0.3210753722 0.3125973001 0.2251369514 0.1813324974 0.1989913138 0.1602218282 0.1889215914 0.1530204084 0.2197811326 0.2121566624 0.2092187127 0.1598736603 0.2262785045 0.1838437360 0.2236288459 0.2106673629 0.1773392198 0.2201184359 0.2320926748 0.1856178118 0.1500900190 0.1959023622 0.1801338684 0.2575530670 0.2156500301 0.2939530799 0.2661526930 0.4057117379 0.5396717967 0.6899811913 0.7934452739 0.9138222142 0.9060560967 0.8240774394 0.7598678054 0.5405502385 0.4692529039 0.3522048667 0.2557369555 0.2743908690 0.2339898473 0.1853287301 0.2054768834 0.1920731915 0.1559142221 0.2100670357 0.2100786401 0.2255428674 0.1613322125 0.2346037322 0.2220539028 0.1776608742 0.1892290094 0.1625584182 0.1840679639 0.1848555457 0.1834901469 0.2116497181 0.1878066037 0.1943762502 0.2201904748 0.1618637439 0.2272666520 0.2761932473 0.4073354567 0.4666880219 0.6680035519 0.7742964383 0.8848656315 0.9484626481 0.8806555944 0.7791815875 0.6792848510 0.4590286739 0.3126601467 0.2927308142 0.2520934887 0.1851719815 0.1863956945 0.1662900802 0.1871510198 0.1816516815 0.1673371226 0.1917103535 0.2076814834 0.2574501127 0.1720330227 0.1866263809 0.1667806883 0.1433076512 0.1993447302 0.1828188210 0.2072976377 0.2137181870 0.2040059481
