0.2216221173 0.2302957011 0.2217572950 0.2201567902 0.1971514169 0.2797264378 0.3735795052 0.4324261582 0.5381996493 0.7652402545 0.8455028629 0.9468418119 0.8153731273 0.7139534854 0.5784808285 0.4651338407 0.3535447164 0.2374222118 0.2431580220 0.1970114715 0.2443380582 0.1910303399 0.1647657059 0.1836430568 0.2091926800 0.1989136416 0.1974429552 0.2329990635 0.1613988831 0.1951502724 0.2155165492 0.1869848881 0.1732565099 0.2108217388 0.1535175509 0.1920061968 0.2122477112 0.1726275724 0.2041227791 0.1535986898 0.2045931561 0.2135324473 0.2627891500 0.3421752281 0.4299421392 0.6216565040 0.7513984846 0.8527067476 0.9510506306 0.8577494769 0.7322060225 0.5983680451 0.4231082170 0.2887987048 0.2604344204 0.1959098337 0.2269688819 0.1673712641 0.1660668186 0.2440652825 0.1708507403 0.1535073706 0.1567006385 0.2059295509 0.2042966565 0.2211948316 0.1861493585 0.1750994100 0.2342405236 0.1680856297 0.2032120485 0.1977400997 0.2116100832 0.1468370293 0.2743179587 0.1743788099 0.1540851008 0.2283425099 0.2191821160 0.2522059725 0.3314246713 0.5154468462 0.6183782101 0.7517329103 0.8971389730 0.9029907195 0.8453359725 0.6850759139 0.5415498966 0.4324524489 0.2932206108 0.2656160764 0.2376556507 0.1601859332 0.1937754430 0.1976139859 0.1494687967 0.2156415653 0.2042851028 0.1524499700 0.2083475472 0.1929539646 0.2171199737 0.2156917021 0.2445763711 0.2007562136 0.2234234418 0.1700907832 0.2210095893 0.2029657869 0.1970117138 0.2261037510 0.1663011225 0.1637616627 0.2182128075 0.2447312870 0.3153449878 0.4362880187 0.5288888867 0.6508951964 0.8411769989 0.9157493100 0.9009658134 0.8361056618 0.7574303563 0.5202790019 0.4096080654 0.2876090535 0.2270780291 0.2490094217 0.1774179840 0.1476530168 0.1593528989 0.1864418771 0.2053950763 0.2342563953 0.2106739599 0.1456059934 0.1916887077 0.1762432186 0.2178176880 0.2186243726 0.1489779783 0.2123648700 0.2361034182 0.2426085842 0.2203448511 0.2153716360 0.1843519463 0.1914960329 0.2356426783 0.3114979550 0.2572782144 0.3451940999 0.3570112430 0.4765781160 0.7004205820 0.8671311841 0.9291534475 0.8944037733 0.7853250274 0.6546052670 0.4564027619 0.3962604220 0.3059081750 0.2375204331 0.2337829733 0.2324295384 0.1910899300 0.1814207204 0.2372561601 0.1994373866 0.1510797020 0.2199112121 0.2146932617 0.2544094071 0.1888571200 0.1824705079 0.1808681892 0.1838680668 0.2227574165 0.2235581754 0.1941957802 0.2226836500 0.1893128714 0.2215322719 0.2191771083 0.2234944071 0.2522980329 0.1896491272 0.2996622734 0.4545078499
0.2045977927 0.1766903461 0.1927167397 0.1960548388 0.2473352320 0.2702984992 0.3512663347 0.4524689983 0.5731160433 0.7356218110 0.8735050619 0.9191583553 0.8659699495 0.7653625982 0.6211837417 0.4474644456 0.3748266405 0.3180142284 0.2745744203 0.1864645928 0.2556395130 0.1761246390 0.1857152217 0.1665120430 0.2396410744 0.1842255360 0.1852982464 0.2146403584 0.2420411441 0.1597999394 0.2170832787 0.1776363009 0.1888345806 0.1759652807 0.1620558884 0.1524193650 0.2300714019 0.1830057094 0.1960977109 0.1968698339 0.1904734792 0.2047103818 0.3185892035 0.3394922608 0.5207622519 0.6183268804 0.7427559991 0.8741039330 0.8686461697 0.8732973146 0.7221451640 0.5540776474 0.4295445142 0.3385162372 0.2694912415 0.2139279537 0.2003640541 0.1296030311 0.1316775819 0.1810918986 0.2206703926 0.1641835560 0.2208779200 0.1912255178 0.2302733486 0.1203558801 0.1809296024 0.2064291472 0.2018205438 0.1829331724 0.2134557145 0.1417136522 0.2263860173 0.1522576561 0.2012451619 0.1768850217 0.1897012595 0.1632108449 0.2393166148 0.2589912545 0.3820614200 0.4890413488 0.6395700051 0.8461707249 0.8830737734 0.9198918924 0.8824378932 0.7416611462 0.5838969657 0.4437233711 0.2876124840 0.2854403134 0.1840259649 0.1632928944 0.1658256448 0.2483883859 0.1989420572 0.1844091547 0.1963615654 0.1364609842 0.2512462720 0.1999000477 0.2075762174 0.1517148364 0.2101143068 0.1995950936 0.1796199667 0.2199241568 0.2009758733 0.2066821729 0.1944218882 0.1763384202 0.1815352113 0.1915350397 0.2375250299 0.2801731927 0.3265705990 0.3709101804 0.4908400175 0.6952796687 0.8639707897 0.8982564457 0.9267739902 0.8483499663 0.6809882050 0.5623390530 0.3760521508 0.2543579230 0.2838533245 0.2936628775 0.2649293282 0.2090706121 0.2197757920 0.2333951187 0.1657809891 0.1856826203 0.1812960068 0.2057215174 0.1959165097 0.2258776735 0.1631714053 0.2375743157 0.1943176104 0.2454383504 0.1668055185 0.1503316035 0.2326947660 0.2319171577 0.1980077057 0.2545944962 0.1880143691 0.2387619705 0.2807200532 0.3030866026 0.4415743001 0.5189208721 0.7260727417 0.8816416532 0.9156139340 0.8947431663 0.8566601602 0.6985929127 0.5349575481 0.4038300053 0.3643374358 0.2706189089 0.2899068565 0.2323008286 0.2211987749 0.2554663714 0.2394572465 0.2157935190 0.2155240596 0.2110419943 0.1915992471 0.2167302463 0.2129967361 0.2397829381 0.1920918350 0.1801540533 0.2018818776 0.2315845915 0.2098963435 0.1780971713 0.2548698205 0.2154317232 0.2240476390 0.2711283636 0.2870195442 0.3027663298 0.3720887208 0.4039588106
0.1636368901 0.1826836912 0.1820745464 0.1927589761 0.2220822376 0.2629000929 0.2956831793 0.4632605920 0.5889869038 0.6908686702 0.8321472079 0.9016764482 0.8237725577 0.7296070239 0.6094739961 0.4198310590 0.3462336224 0.2950574774 0.1872130037 0.2170908982 0.1836241467 0.1625260275 0.1883464830 0.2244229715 0.1994093681 0.2118936865 0.1919113058 0.1641381866 0.2342858445 0.1926131580 0.1748242961 0.2346649526 0.1671573901 0.1827523738 0.1649937793 0.2109581155 0.1478784120 0.1910562091 0.1872146136 0.1887363681 0.2113409332 0.2123287038 0.2592411102 0.3318386895 0.4892625712 0.6167362230 0.8181345707 0.8598918839 0.8800379085 0.8514446484 0.7624975327 0.6357986342 0.5271250222 0.3588824072 0.2515934982 0.2639160844 0.1727752695 0.2064132562 0.1549984691 0.1625362522 0.1792883849 0.1772320770 0.1955735563 0.2298933516 0.1462870005 0.1866073186 0.1767961584 0.1783904032 0.2042515096 0.1816579979 0.2363319201 0.1795551369 0.1983468457 0.1690599069 0.1897342875 0.1470894782 0.1840610822 0.1691674702 0.2336490368 0.2912016092 0.3932559313 0.5008591482 0.6030527638 0.7591447056 0.9348084454 0.9298748544 0.8562199553 0.7507710572 0.5602916861 0.4115111928 0.3232776097 0.2315412974 0.1968272647 0.2052571218 0.1969404916 0.1727330591 0.2207457707 0.1728506090 0.2096333620 0.2377629931 0.2291786784 0.2230663063 0.1699728842 0.1865247774 0.2021623780 0.1553219767 0.2110092468 0.1753712716 0.2524667313 0.2188830190 0.2500372556 0.1486074951 0.1968243042 0.2628962617 0.1874527808 0.2374762135 0.3430078344 0.3476588761 0.5308616520 0.6775129842 0.8316530828 0.8537409451 0.9633020897 0.8429227953 0.7425298198 0.4905588621 0.4180622145 0.3308995550 0.2440780800 0.2219029535 0.2168031991 0.2282035484 0.2078462030 0.2006404042 0.2188282396 0.1842485758 0.2232658441 0.2396846182 0.1578533042 0.1843170173 0.2058631968 0.2171623897 0.1991508344 0.1811623723 0.2388484538 0.2057899498 0.2123772461 0.2350834375 0.1984833849 0.2359801010 0.2361633952 0.2238978898 0.2618165235 0.3085287221 0.4170039422 0.5619180729 0.6759190454 0.8236526004 0.9508318742 0.9010778186 0.8420475541 0.7405958511 0.6078167258 0.4221565841 0.2846941005 0.2461477744 0.2456618332 0.2654255545 0.1684835605 0.2347249383 0.1988710020 0.1719242491 0.2463630194 0.2149445861 0.1970219290 0.1895451243 0.2541760988 0.1753995037 0.2753924392 0.2282912010 0.2184783802 0.1946013661 0.1995959784 0.2022722817 0.1516793600 0.1912123212 0.1717053501 0.2232121912 0.2782149261 0.2980364801 0.3287321892 0.4307959287
0.1365579036 0.1921258341 0.1964236191 0.1750233249 0.1901753931 0.2349728688 0.3268406576 0.3918290283 0.5836458385 0.7043749334 0.8459253835 0.8591407718 0.8137661842 0.7631806928 0.5965672334 0.4755379064 0.3206504569 0.2634564843 0.2427011813 0.2239644713 0.2130616645 0.2161612036 0.1942000369 0.1698818826 0.2162260415 0.1622234104 0.1385491310 0.1909174003 0.2017308801 0.1368625688 0.2002347327 0.1964643681 0.1546884807 0.1753679430 0.1327421924 0.1545683847 0.2228640084 0.2480021562 0.2137694401 0.1740585437 0.2084673903 0.2183000767 0.2270649974 0.2948451096 0.4887346586 0.6150267923 0.8245436372 0.8755860100 0.9563224197 0.8681886333 0.6982604907 0.6087803958 0.4906407860 0.3197478711 0.2791024787 0.2204220650 0.1445076140 0.2131723816 0.1536148188 0.1425983427 0.2035725114 0.2137477072 0.1977492781 0.1867410180 0.2046433995 0.2015575745 0.1743855494 0.2112490783 0.2087703343 0.2049624589 0.2089571387 0.2319524145 0.1556804283 0.1370595225 0.2057701040 0.2577559363 0.1533577631 0.1897416630 0.2398776317 0.3400873667 0.3612510135 0.4734376896 0.6431128733 0.7169155785 0.8603729324 0.9124563900 0.8836566956 0.8041056992 0.5836473192 0.4567430559 0.3613564796 0.2593693377 0.2202115592 0.2705587530 0.1763980998 0.1977505745 0.1483263818 0.2081260547 0.1570268070 0.2259424597 0.1808350426 0.2103789549 0.2033018115 0.2011527267 0.2010939369 0.2648083309 0.2090714219 0.1454228023 0.1955980975 0.1837771853 0.2020642352 0.1860726995 0.2045356550 0.1688067149 0.2291547649 0.2790565426 0.3275388843 0.3847227116 0.5204115491 0.6580724649 0.7851369482 0.9125647167 0.9316552884 0.8680302766 0.7199133510 0.5416016524 0.4354376272 0.3521253671 0.2560448492 0.2174490308 0.1823511804 0.2553594271 0.2284140978 0.2263228347 0.2156944582 0.2966412973 0.2339155567 0.2036009825 0.2403993238 0.2350064394 0.2425889898 0.2177509291 0.2134473452 0.2070470518 0.1964796456 0.2387646341 0.2040849837 0.3068517881 0.1856870723 0.1564988146 0.2075691652 0.2239376173 0.2486873228 0.3069515055 0.4294234266 0.5320841303 0.7407759030 0.8311492999 0.9284394790 0.9336047862 0.8727598631 0.7177511809 0.5249703026 0.3763178234 0.3135648250 0.2803469368 0.2651216579 0.2177400918 0.2328044370 0.2123147492 0.2260987254 0.1817658945 0.2231692261 0.2192185864 0.2076062398 0.2370052030 0.2202791690 0.1969719720 0.2110372001 0.2116426301 0.1757077588 0.2376432539 0.1822789201 0.1790950202 0.2113578276 0.2010482152 0.2284092712 0.2093580414 0.1548373082 0.2814778556 0.3336060928 0.4355423498
0.2281572222 0.1989069577 0.1877326198 0.1745614947 0.2379339140 0.2463188500 0.3786596743 0.4894881597 0.5980011538 0.6779367754 0.8176007082 0.9279682929 0.8723845114 0.8020639352 0.6442227154 0.5154224759 0.3470499854 0.2497884338 0.2332756925 0.2015889509 0.2127584139 0.1782904431 0.2035280482 0.1929800564 0.1898276207 0.1660512811 0.2167450792 0.1902010687 0.1464645879 0.1851468292 0.1983527812 0.1752378853 0.2339529880 0.2289501930 0.2340716756 0.1894932622 0.1834428287 0.2069559827 0.1800417174 0.1522341022 0.2493786742 0.2232662571 0.2606936918 0.3218632838 0.4868652968 0.5793331112 0.7467771454 0.9066643217 0.9003048250 0.8878453650 0.7601523001 0.6132803152 0.4733685160 0.3455706562 0.2662801197 0.1912475327 0.2146255775 0.1543259450 0.2395806763 0.2187154175 0.2197497425 0.1514428622 0.1930407996 0.2017638786 0.2000625686 0.2043555883 0.1689527791 0.2259525769 0.1947395367 0.2320903037 0.1245934973 0.1990669341 0.1926767320 0.2107702101 0.2091953680 0.1904990880 0.1659789909 0.2267147437 0.2404479012 0.2652234347 0.3250139806 0.4735181913 0.6342714479 0.7853758524 0.8766128597 0.9409558215 0.8700594847 0.7193552308 0.5808172361 0.3770694082 0.3828883081 0.2088878257 0.2624718556 0.2311196071 0.2322971081 0.1689695676 0.2179323743 0.2174104144 0.1958762922 0.1816697585 0.2130622101 0.1993845883 0.2009986385 0.2586038406 0.1870125601 0.1556677502 0.2292355153 0.2097638521 0.2027321010 0.1827342432 0.2052797706 0.1852235197 0.2080662357 0.2374903418 0.2363819000 0.2613413442 0.2995133626 0.3893207450 0.4804590605 0.6986352438 0.8025185778 0.8961484542 0.8892810690 0.8528082655 0.7219937148 0.6276398805 0.4371460839 0.4044097392 0.2034840650 0.2133781758 0.1764805923 0.2188136011 0.2378368350 0.2191037590 0.1736197215 0.1916520071 0.1935663271 0.1345584731 0.2296109583 0.2148530089 0.2221470675 0.2374274495 0.2339236482 0.2029841920 0.1920100224 0.2068433930 0.1823113497 0.2343944717 0.2139106691 0.2191569465 0.1587570140 0.2022751972 0.2422155042 0.3118913589 0.4235139727 0.5374434932 0.6610721503 0.8598416386 0.8852786633 0.9076041087 0.8609228244 0.7552046798 0.5628587862 0.3737893081 0.3269952221 0.3167657548 0.2868293787 0.2388673145 0.1921826871 0.2211711765 0.1981013056 0.2034609367 0.2518088797 0.2350641726 0.2061617224 0.2541617674 0.1930808503 0.2038996480 0.2179034116 0.1835339567 0.1622059667 0.1824224100 0.2362446087 0.2274098328 0.2121776667 0.2187482284 0.2464856816 0.2529332765 0.1728349835 0.2782007034 0.2703846474 0.4523917172
0.1742059710 0.1864144993 0.2206343733 0.1636183656 0.2056970054 0.2952538913 0.2741648529 0.3748813513 0.5894621079 0.7119451924 0.8273479061 0.8888439205 0.8413104503 0.7838422347 0.6214507154 0.4720224342 0.3688960957 0.2819691739 0.2670409921 0.1730290127 0.1719667451 0.1966127243 0.1717876069 0.1619393860 0.1605880235 0.2236592921 0.1610562939 0.2044244040 0.1848119709 0.1972512080 0.1678231571 0.1716403391 0.2015140355 0.1620632104 0.2154008148 0.1874100673 0.1653815223 0.1981904294 0.1410396290 0.1816731169 0.1631482621 0.1579976201 0.2562431933 0.3473158458 0.4733681108 0.5496225405 0.7043785546 0.8111028164 0.8668529278 0.9253785170 0.7004606793 0.6435292011 0.4953053399 0.3499257799 0.2867862837 0.2009431568 0.2081041868 0.1796143033 0.1801631051 0.1861356796 0.2044901254 0.1817729782 0.2106754052 0.1616109369 0.1860136450 0.2583191947 0.1961408428 0.1622752720 0.2005180171 0.2031175026 0.1443743374 0.2094945749 0.1882278414 0.1525192535 0.2210646132 0.2010102247 0.1661122430 0.1913214782 0.1871762387 0.2782478143 0.3511849684 0.5330810367 0.6330146241 0.7395943896 0.8681467305 0.8927743604 0.8915726503 0.7627535279 0.5554485311 0.4547219434 0.3419736055 0.2273848605 0.2183188431 0.2391347261 0.2027889880 0.1582673499 0.2005075988 0.1852336894 0.1638871650 0.2171838018 0.1312435429 0.1971139909 0.2377091015 0.2253815431 0.2381693041 0.1815320113 0.2108720132 0.2247781884 0.2448643197 0.1474401143 0.1858340402 0.1860990279 0.1817928714 0.2083864481 0.2322191506 0.2077005498 0.2981342077 0.3681051396 0.4589216866 0.6437803093 0.7962646178 0.8804387305 0.9022033953 0.8255501014 0.6748960466 0.5762215117 0.4063630753 0.3282759972 0.2502465732 0.1679728677 0.2255819542 0.2510760977 0.1812204240 0.2133074722 0.2571331910 0.2247419175 0.2005559467 0.2258701737 0.2100220695 0.1879436813 0.2235765075 0.2895355738 0.1584853352 0.1881203343 0.1547947630 0.2304155653 0.1777414910 0.1991937836 0.2115259228 0.2294892744 0.2110528571 0.2576511751 0.2585202936 0.3104468272 0.4392251315 0.5442973508 0.6673873574 0.7920168673 0.9151037052 0.9150147688 0.8583441860 0.6381179982 0.5474013095 0.4236292648 0.3015401240 0.2528909799 0.1897440729 0.2754004679 0.2352849480 0.1981097700 0.1736156943 0.2102108689 0.2192720320 0.2435906015 0.1753898908 0.2045830536 0.1779615021 0.1896047742 0.2409237959 0.1954377554 0.1811280568 0.1701293021 0.1697537655 0.2072057937 0.2184918292 0.1700957378 0.1861905881 0.2327055206 0.2223788424 0.2970599574 0.3431607869 0.4171259339
0.1639116076 0.2313345211 0.2090949420 0.2411458173 0.2481109696 0.2738753279 0.3207587460 0.4403561193 0.5318237816 0.6582495906 0.8301379663 0.8929820252 0.9395044975 0.7658124752 0.6170846953 0.4574444104 0.3674216481 0.3046857078 0.1956319905 0.2556226055 0.1409534422 0.1527829055 0.1870377196 0.1917677602 0.1693078762 0.1801267869 0.2539799171 0.1848713630 0.1840299397 0.1847488039 0.1253410595 0.1965699911 0.1968907417 0.1917211478 0.1702378652 0.2166629900 0.1564094994 0.1624108250 0.1905632573 0.1701497687 0.2130839424 0.2118253159 0.2656589713 0.3059001784 0.4213684018 0.5901160652 0.7241705564 0.8485868108 0.9236423133 0.8555359521 0.7382184013 0.5508069629 0.4597892069 0.3631361209 0.2857736870 0.1790159076 0.1644119607 0.2550329939 0.2258843161 0.1766438360 0.1678802286 0.2111941424 0.1957765030 0.1908762305 0.1997729713 0.1906693692 0.2043101491 0.1646052522 0.1853112678 0.1847561496 0.1541674786 0.1855909732 0.1800879003 0.2225602443 0.1709250696 0.1834988421 0.1649181591 0.1660614882 0.2285481696 0.2745458936 0.3119703148 0.4648982246 0.6129896296 0.7544601353 0.8714835733 0.9198375739 0.8628598916 0.7486638801 0.5661924863 0.4297496211 0.3189011171 0.2640018538 0.2336191984 0.1687942543 0.2111528827 0.2261863257 0.1303460385 0.1522110447 0.2174939127 0.2580462950 0.1506246009 0.1636363855 0.1812791862 0.1740253022 0.1926055077 0.2307869411 0.2190111116 0.2385148092 0.1995625496 0.1938847344 0.2044810374 0.1828361787 0.1467203475 0.1538541367 0.2012816385 0.2023471475 0.2675568189 0.3586114167 0.4541269050 0.6573281760 0.7966722577 0.8986683164 0.8970079965 0.8801085380 0.7368519233 0.5881947176 0.4002467278 0.3125864643 0.2858834154 0.2049999677 0.2010326250 0.1773352333 0.2372865274 0.2124503114 0.2012808482 0.1796319431 0.1342155517 0.1332699510 0.1599377401 0.2547949731 0.2557786183 0.1699051326 0.1851545519 0.2558827278 0.1797567153 0.1985784142 0.1858377587 0.1699768864 0.2285543102 0.1971205785 0.2232075797 0.2390516228 0.2460248206 0.3088760557 0.4007426071 0.4906672895 0.6479093486 0.8164757111 0.9289980240 0.8788014609 0.8424615599 0.6976699648 0.5538572805 0.4372225211 0.3446563720 0.2607772134 0.2388676326 0.1826459766 0.2173691130 0.2190885750 0.1861948619 0.1983199915 0.1678285964 0.1659078874 0.2099118086 0.1839949310 0.2080699161 0.2338054185 0.2105635418 0.2185831754 0.1661352267 0.2053480903 0.1779531291 0.1795656186 0.2033167484 0.1836627028 0.1835426867 0.1937321538 0.2012657322 0.2821665266 0.2873652950 0.4525211111
0.1383496311 0.1431760596 0.2128441301 0.1338077895 0.1811908502 0.2843638473 0.2712786297 0.3912143249 0.5297495357 0.7310851864 0.8060369661 0.8866301761 0.8618848333 0.8034265185 0.6103771827 0.4842115295 0.3532185834 0.2477346284 0.1931986813 0.1438368192 0.1730693118 0.2096169838 0.2173112801 0.1745521195 0.1913307491 0.1769106923 0.1266506100 0.1607213322 0.1617862702 0.2073710363 0.1821090874 0.1493194203 0.2191597744 0.2038524931 0.1708994671 0.2134687479 0.1744849849 0.2355932089 0.2055987566 0.2020129222 0.2398779978 0.2308163323 0.2568694768 0.3186326739 0.3633463780 0.5251508867 0.6939265865 0.7961740246 0.9259790241 0.8585806813 0.7531065899 0.6168279315 0.5106928403 0.3017024577 0.2829982940 0.2085072730 0.2032465769 0.2180880405 0.1970460695 0.1546953058 0.1460200555 0.1840059003 0.2530825498 0.1670834464 0.1687098656 0.2096824190 0.1924088519 0.1473387383 0.2135001805 0.1331595812 0.2289937861 0.1932167779 0.1822894501 0.1857556621 0.1794172695 0.1880276886 0.1573460907 0.2746184179 0.2123232866 0.2060031205 0.3259266896 0.4892758499 0.5707420366 0.7212092307 0.9238275239 0.8755559676 0.8826179796 0.7512033057 0.5854999646 0.4337393592 0.3662199125 0.3001943691 0.2793308153 0.2325959186 0.1897319426 0.1908346239 0.2235572655 0.1986819022 0.1903275771 0.1980372356 0.1989112037 0.2002544645 0.1855689241 0.1604994024 0.1808808431 0.2226373089 0.1911830243 0.1777029055 0.2251055429 0.2030995975 0.1987127904 0.1918197585 0.1839696188 0.2054494601 0.2422402456 0.2006392135 0.2949518434 0.3359795080 0.4434472528 0.5981888476 0.7877119385 0.8397729150 0.9586735780 0.8003947608 0.7261993140 0.5705788817 0.4144171746 0.3218976936 0.2051480866 0.2251425813 0.2199291443 0.2182525702 0.2009185041 0.2113887120 0.2093291698 0.1980887321 0.1990428112 0.2256754229 0.1880411937 0.1607007215 0.2024665315 0.1870728815 0.2151913376 0.1730978460 0.2015299088 0.1515908308 0.1591425648 0.1770732141 0.1722341794 0.2331275522 0.1738846067 0.1863106667 0.2723181349 0.2319395803 0.3613457243 0.5238106598 0.5777608439 0.8211915228 0.8953138310 0.9256876912 0.8196718250 0.7307578961 0.5769132031 0.4268170339 0.3110275230 0.2799512092 0.1956041327 0.2327324385 0.1943480342 0.2136878003 0.1721845820 0.1646139503 0.2137529947 0.1688411580 0.1517581181 0.1737411667 0.1599687058 0.1902936522 0.1687049045 0.1988168545 0.1984891595 0.2123017516 0.2049843190 0.1833993695 0.2444806330 0.2446217063 0.1627563066 0.2299860981 0.2212471809 0.2590606151 0.3543199148 0.3920406234
0.1839946684 0.1460822433 0.1782261800 0.1539557943 0.1997150378 0.2051171960 0.2722649346 0.4690465445 0.4900269986 0.6979355358 0.7452073412 0.8673651530 0.8504167433 0.7878428693 0.6045848453 0.4582145461 0.3746502628 0.2980448187 0.2290883071 0.1906369877 0.1224740120 0.1709499838 0.1732512673 0.1942593525 0.1626632242 0.2041173456 0.1709799521 0.2357109590 0.1328246885 0.1547181057 0.2231471987 0.1798108619 0.1905147548 0.1446846206 0.1489033412 0.1704961036 0.1990117860 0.1700948141 0.1924158512 0.1363842581 0.2064153719 0.2075589287 0.1863129399 0.3078471257 0.4324079009 0.5319587491 0.7280432531 0.8305962184 0.8884089200 0.8782009177 0.7668614219 0.5959287649 0.5163302853 0.3135748694 0.2605105595 0.1677370468 0.1906278078 0.1872055438 0.1209016674 0.1583104402 0.1631673776 0.1680399115 0.1582644512 0.1445945006 0.1594071206 0.1248906796 0.1446855100 0.1488106275 0.2050884438 0.1958525127 0.1025205987 0.1602529632 0.1602541692 0.1780613752 0.1627988756 0.1403240568 0.2010175449 0.1121924179 0.1680268168 0.2341538571 0.3392281326 0.4546901358 0.6178445380 0.6791523235 0.8511340040 0.8764482319 0.8938395015 0.7057343669 0.6441541813 0.4255769421 0.3408508179 0.2996136867 0.1942345082 0.1723071615 0.1622958904 0.1969334048 0.1672090597 0.2081856809 0.2191263746 0.1505077466 0.1611683049 0.1651206228 0.2571137387 0.2084046235 0.1987250661 0.1488315569 0.1463848859 0.2149943305 0.1942667283 0.1623999411 0.2301127951 0.2131032551 0.1782334976 0.1545863003 0.2238927317 0.1900062985 0.2769037089 0.3402606878 0.4873547375 0.6211827707 0.8194658371 0.9032310643 0.9286287456 0.8774735991 0.7771945868 0.5554903683 0.4108502026 0.3066392370 0.2420987402 0.2307608118 0.2176187627 0.1846105605 0.1559106907 0.1827942613 0.2237160880 0.2153510031 0.1800641125 0.1503936134 0.1868040469 0.1567253479 0.1886272549 0.1833790501 0.2064291468 0.2151734523 0.1532809723 0.1846726854 0.1864928339 0.1584923531 0.2011548827 0.2215236764 0.1721519090 0.1518487158 0.2161986006 0.2882246092 0.3732659400 0.5386103484 0.6631812426 0.7492854697 0.8394509100 0.8970106019 0.7877545165 0.6890691769 0.5719696576 0.3944651458 0.3050412043 0.2097214476 0.2484205036 0.2121897297 0.1665239569 0.1463556642 0.2209940009 0.1685768455 0.2260146777 0.2250206975 0.2424097950 0.1872462046 0.1491918602 0.1772174891 0.1892725217 0.1797062237 0.1903926489 0.1706650212 0.2182990075 0.1894455534 0.1584369505 0.1772665617 0.2447382579 0.2081392862 0.2490525295 0.2471300992 0.3005441244 0.3809441908
0.1921714000 0.1757681967 0.1420499297 0.1668974449 0.1907809238 0.2431926970 0.2623255389 0.3768938222 0.5109051275 0.6755229255 0.8374618203 0.8778364532 0.8373425275 0.7977395845 0.6783785978 0.4600739821 0.3208985036 0.2526810617 0.2307951424 0.2393123381 0.1758215271 0.1709063092 0.1689614402 0.1475149967 0.1865441402 0.1362826262 0.1834848226 0.1805290006 0.1846581159 0.1807240064 0.1177334411 0.1573501570 0.1445565194 0.1298894374 0.1627737725 0.1799372620 0.1605446018 0.1566948128 0.1536975308 0.2030789485 0.1774632316 0.1826719810 0.2012339081 0.2819615308 0.4343297085 0.5321716166 0.6971764605 0.7870375314 0.8915547716 0.8370918457 0.7334494506 0.6230719669 0.5005519596 0.3388511399 0.2848715158 0.2124467608 0.2196812562 0.1325785849 0.1769662521 0.1814461565 0.1584748522 0.1822689631 0.2183236491 0.1446531417 0.1713504035 0.2321649791 0.1382888616 0.1397646769 0.1190266173 0.1946087778 0.1271616188 0.2056681909 0.1631330896 0.1680788040 0.2120324257 0.1460620975 0.1220665233 0.2289331606 0.2017111603 0.2152535428 0.3155160191 0.3932391844 0.5054268509 0.7098232622 0.8246180102 0.9033492948 0.8400056391 0.7413710497 0.5456579978 0.4229452363 0.2887273544 0.2905826863 0.2162159984 0.2335168077 0.1884886435 0.2456643172 0.2101638644 0.1584386636 0.1740175710 0.2013490512 0.1524067441 0.1459431031 0.2171159963 0.2096616459 0.1792139573 0.1318705634 0.1456166776 0.1964908260 0.1960815128 0.2034731916 0.1688144349 0.1581718108 0.2220472304 0.1871835220 0.2154833925 0.1798122422 0.2726362985 0.3430775900 0.4460798195 0.5887213477 0.8222381535 0.8599576140 0.8991012948 0.8559225758 0.6971054714 0.5580280417 0.4560824466 0.3595095085 0.2173721148 0.2031562187 0.2077155944 0.1863777201 0.1877573577 0.2199103736 0.2743318366 0.1976754023 0.2028605420 0.1958428642 0.1921401481 0.1892727175 0.2210680002 0.1768449611 0.1823976649 0.1725578735 0.1985560376 0.1527356172 0.2062821652 0.1932966676 0.1676896750 0.1672683854 0.1901159078 0.2285912957 0.1962435526 0.3094229771 0.3517355944 0.4934103307 0.6121156182 0.7860939466 0.8311537762 0.9062588532 0.7976023272 0.7103365019 0.5531997110 0.4193561799 0.3245866785 0.1894514879 0.2337865079 0.2064920745 0.1741449595 0.0982528154 0.1728285694 0.1904945593 0.2117211386 0.2663479553 0.2119584195 0.2306859903 0.1583958073 0.1661662572 0.2291712910 0.1923584865 0.1799641853 0.1465884809 0.1579548125 0.2187208198 0.1741152516 0.1826828949 0.1618227857 0.2103413770 0.2158318724 0.2917450591 0.2715649114 0.4104502361
0.1567990300 0.1831209412 0.1644335093 0.1292018675 0.1713369708 0.2377752710 0.2400095932 0.4158649936 0.4956181585 0.6351796112 0.8193932811 0.8028141816 0.8227366409 0.7819172480 0.6325693449 0.5143769586 0.3377533157 0.2351807349 0.2557912986 0.1701552218 0.1496643119 0.1381752311 0.1484617817 0.1897884304 0.1506731021 0.1832542922 0.2302328366 0.1267886276 0.1506079538 0.1827827897 0.1619753960 0.2085674716 0.1088374419 0.1659443201 0.1557744966 0.1461066813 0.1554661233 0.1628836448 0.1589657977 0.1445248603 0.1906942054 0.2385792249 0.2384618175 0.3053014885 0.3542072224 0.4947385476 0.7090414737 0.8002628136 0.8521336151 0.8948175817 0.7866487714 0.6131596980 0.4750547749 0.3498612828 0.2721903537 0.2286236478 0.1494820412 0.1685661285 0.1522482932 0.1806011679 0.1725166015 0.1778697242 0.1290997970 0.1373207251 0.1788372869 0.1584269399 0.1917337483 0.1848796681 0.2070278361 0.1960850573 0.1873013346 0.1960229558 0.1326323055 0.1660948512 0.1856806523 0.1335697078 0.1808850163 0.1729665260 0.1993620667 0.2381847547 0.2940320502 0.4592936296 0.5158151605 0.7066485355 0.8652875272 0.9007235967 0.8629190089 0.7978042505 0.6126369438 0.4907122307 0.3864971955 0.1973603055 0.2150189017 0.1914195411 0.1751081230 0.2117793821 0.1914040762 0.1812163713 0.1566149173 0.2179736526 0.2288048456 0.1860764868 0.1441218149 0.1706225815 0.1150830470 0.1511431718 0.1565366217 0.1861085169 0.1664841357 0.1722501544 0.1886350323 0.1877581325 0.1145845544 0.1390752439 0.1630888295 0.1800316062 0.2805849715 0.3446336983 0.4492705792 0.6398097332 0.7490315094 0.8490230774 0.9002324229 0.8452278692 0.7419477810 0.6121109035 0.4472542640 0.3416338252 0.2741151117 0.1922760267 0.1740592681 0.2084228066 0.1430869303 0.1679704856 0.1566740215 0.1724604897 0.1513579376 0.1965324496 0.1761289303 0.1751358274 0.1545656806 0.1333211338 0.1964144135 0.1466539915 0.1579594221 0.1989055463 0.1970713412 0.1615796004 0.2004369219 0.2199003185 0.2727242137 0.1554102514 0.2046438116 0.3097024685 0.3653556621 0.4944374605 0.6259332402 0.7323663725 0.8698303923 0.8678550185 0.8212733089 0.6801230704 0.5630387107 0.4315081465 0.3356424260 0.2549383613 0.1890345547 0.2113581844 0.1534291646 0.1457497779 0.1660907471 0.1834766004 0.1782770442 0.1795653311 0.2249941155 0.1864671371 0.2185268936 0.2147680434 0.2037805758 0.1727933131 0.1759306327 0.1697456664 0.1269519562 0.1674225139 0.1754215424 0.1504666630 0.2256500367 0.1875136018 0.2236265364 0.2230454139 0.2526853576 0.3680497800
0.1339061452 0.1705265727 0.1473504963 0.2344666998 0.1711025130 0.2384859910 0.2716001722 0.3584508537 0.5201815905 0.6273571936 0.8025930295 0.9212153754 0.8545693904 0.8102252870 0.6426363455 0.5349220848 0.3464519081 0.2648954300 0.2326115485 0.1870409363 0.1906668583 0.2012664734 0.1852365701 0.2042301692 0.2062198645 0.1263923039 0.2092715334 0.2049697228 0.1799499283 0.2050383081 0.1942269759 0.1869819474 0.1454038773 0.2075262637 0.1612081605 0.1533173792 0.1441158720 0.1910932248 0.1311786054 0.1721551673 0.1697668082 0.1801201700 0.2519346450 0.2827370383 0.4154900400 0.5732294155 0.7163008736 0.7933633758 0.8883655443 0.8819960636 0.7941843528 0.6325967653 0.4633436930 0.3188858326 0.2430319470 0.1894343191 0.1823585859 0.2066949106 0.1767809066 0.1874716648 0.2195099948 0.1262039695 0.1845221484 0.1877133422 0.1320497598 0.1479393859 0.2009509969 0.1540506530 0.1949898587 0.1757653205 0.1861351359 0.1723481380 0.1789095677 0.1079744217 0.1297201267 0.1543078403 0.1313495090 0.1927515580 0.1967772486 0.2286505180 0.3421451126 0.4447030132 0.5508371816 0.6885674717 0.8284733924 0.9108844543 0.8434734951 0.7744456908 0.5814306985 0.4998654716 0.3544812314 0.2817523299 0.2226824124 0.1879737064 0.1846009739 0.1687026001 0.2150352609 0.1714256294 0.1939176105 0.2198882100 0.2418009705 0.1482445571 0.1912832906 0.2107924153 0.1598469325 0.1436297660 0.1563694879 0.1906956596 0.1737507382 0.2216635615 0.1621937426 0.1920760799 0.1666513157 0.1555698160 0.1698004019 0.1690572237 0.2762526852 0.3402137063 0.4644046394 0.5891223616 0.7765542950 0.8177358689 0.8666870683 0.8689686035 0.7304473259 0.5726207951 0.4778238477 0.3129720257 0.2862197356 0.2418748212 0.1549122538 0.1805466571 0.1890435849 0.2057374884 0.1466657906 0.1985019362 0.1773495464 0.1578421566 0.1692438979 0.1663884443 0.1594630698 0.2174858841 0.1567550282 0.1566334570 0.2062926254 0.2090807650 0.2183363414 0.1865957295 0.2382686206 0.1668897392 0.1978359594 0.2518139360 0.2216969995 0.2453245687 0.3395407666 0.4719517723 0.6463256657 0.7477346561 0.8719163543 0.9000146490 0.8856294973 0.7193561770 0.5279161608 0.4212913765 0.3240406579 0.2419683259 0.2063554218 0.2010081784 0.1718254101 0.1872783311 0.1632584270 0.2065220197 0.1857387988 0.1967995090 0.1834489947 0.1902793570 0.1727097769 0.1737683992 0.2110151543 0.2006031191 0.1618586170 0.1989684320 0.1843851022 0.2112846223 0.1699334493 0.1572669367 0.1959050138 0.2143766333 0.2243315689 0.2084430399 0.2173477794 0.3476820162
0.1215764555 0.1786321259 0.1875049709 0.1607874471 0.1595436974 0.2693151594 0.2893474519 0.3752879257 0.4827947777 0.6317526198 0.7477952097 0.8851453832 0.8506378021 0.7868435327 0.6448228702 0.5600115075 0.3650089672 0.3046671556 0.2103320218 0.2248508692 0.2052232187 0.1763462312 0.1795610502 0.1537360639 0.1992864112 0.1060838643 0.1614624294 0.1570971386 0.1630682568 0.1138687777 0.1589791316 0.1438820724 0.1725750314 0.1256487476 0.2127778006 0.1722231071 0.1470609395 0.1628255828 0.1731108929 0.1493946240 0.2122127018 0.1548897622 0.2208058802 0.3279872405 0.4174979263 0.5549573667 0.7439595532 0.7519568904 0.8961389485 0.8669342404 0.7865415927 0.6673498664 0.4907899826 0.3614363791 0.2455527845 0.2305124597 0.1991330439 0.2173250575 0.1564217153 0.1752504722 0.1939631542 0.2429085777 0.2023625164 0.2397004928 0.1539617555 0.1706812794 0.1850791307 0.1608336706 0.1434012392 0.1749570853 0.1680393644 0.1923760481 0.1718825631 0.1151449976 0.1972138382 0.2297242075 0.1768258429 0.1796181896 0.2138258631 0.2044637533 0.2976464335 0.3705597250 0.5685034250 0.7150963047 0.8616719545 0.9021259732 0.8431158304 0.7389873816 0.5961290982 0.4683673660 0.3628530977 0.2387003202 0.2547917137 0.1508893323 0.1427121520 0.1625295416 0.2225674771 0.2212605588 0.2083526065 0.2027039264 0.1632020420 0.1717520103 0.1687473179 0.1904241245 0.1808873822 0.1877906650 0.2302648758 0.1631686624 0.1546613224 0.1838014682 0.1750745502 0.1934090087 0.1636963044 0.1595464289 0.1988686482 0.2096497034 0.2562297658 0.2836214311 0.4232107339 0.5362477809 0.7381284921 0.8511554237 0.9063946997 0.8830385133 0.7613349641 0.5677436228 0.4516622486 0.3348416268 0.2607784013 0.2406024382 0.1544219240 0.1714291934 0.2048033082 0.1983978182 0.1631864947 0.1359230842 0.1811488702 0.1565384410 0.1990023831 0.1842328150 0.1850861147 0.2044071857 0.1351712504 0.1444120197 0.1417249874 0.1800751788 0.2473087883 0.2264653065 0.1940028751 0.2222611936 0.1787542768 0.2191816199 0.2366041875 0.2635137555 0.3636883999 0.4629217033 0.5735133310 0.7547351234 0.8381930681 0.9039868460 0.8723793109 0.7255132552 0.5878715180 0.4782523616 0.3014178869 0.2658801522 0.2162627258 0.2235799012 0.2109118009 0.1649290728 0.1706979191 0.2255739421 0.2176213177 0.1966377059 0.1989845477 0.1605442535 0.2027500209 0.2329496332 0.1621109319 0.1807380323 0.2048021619 0.2025257598 0.1521608276 0.1777457411 0.1860694206 0.1812390718 0.1711198899 0.1952694427 0.1967995694 0.2665233375 0.2699995984 0.3352884017
0.1659606779 0.1708125216 0.1610665354 0.1734985951 0.1830504273 0.1933605454 0.3093702093 0.3380984937 0.4909508631 0.6265166832 0.7431606188 0.9108026589 0.9044394377 0.8278164741 0.6860140974 0.5170276507 0.3250263906 0.2965949125 0.1983239294 0.2088352937 0.1494342990 0.1814072002 0.2196571698 0.1774657210 0.1550456867 0.1298992776 0.1457210946 0.2008374009 0.1497788937 0.1934653935 0.1804835182 0.1702558168 0.1862079522 0.1802413657 0.2626910962 0.1640079436 0.1541046651 0.1631327057 0.1759184588 0.2154789486 0.2039012042 0.2491259290 0.2600427364 0.2645901959 0.3484288310 0.5005579792 0.7044756606 0.8386174774 0.9029889998 0.8718725476 0.8295321619 0.5940944639 0.5149702035 0.3566836277 0.2409321464 0.2213909437 0.2382836399 0.2095435005 0.1701523464 0.1691825158 0.1721950376 0.2048578201 0.1743152371 0.1628674939 0.1791750511 0.1932200864 0.1161273514 0.1936667872 0.1583800029 0.1925168555 0.1976788508 0.1812219303 0.1682804344 0.1899063427 0.1908703436 0.2012815043 0.1828899945 0.1773611828 0.2083016399 0.2600014112 0.3222282629 0.4196065796 0.5438099053 0.7229179645 0.8256710406 0.8694235339 0.8900919635 0.7714010459 0.6073091698 0.4709278581 0.3487337845 0.2851019051 0.2100621454 0.2484352763 0.2150781902 0.2064555454 0.1868667542 0.2226107573 0.1635060279 0.2116846838 0.1921732304 0.1754225700 0.1677521900 0.2124861887 0.1945544042 0.2018086214 0.2003394043 0.1789602408 0.2006681450 0.1759628431 0.1545402669 0.1817655399 0.2467869643 0.1612094808 0.2422810509 0.2163613358 0.2200836356 0.3390148247 0.4205695913 0.5907309923 0.7121614699 0.8655662505 0.8650008152 0.8591592995 0.7182252291 0.6505379319 0.4923292369 0.3392518387 0.2443589189 0.2176614444 0.2256950404 0.1898376838 0.1860525563 0.1964468244 0.1958850447 0.1224643534 0.1836835442 0.1674933945 0.1877912946 0.2222855475 0.2086308944 0.2004840623 0.2162021163 0.1917212529 0.1856162797 0.2231974595 0.2070951160 0.1866833129 0.2161584145 0.1992324060 0.2049813617 0.1774043998 0.2568363692 0.2469941258 0.3554845892 0.4878480277 0.6151596497 0.7901984230 0.8586313210 0.9147614843 0.8671131545 0.7372371587 0.6248891579 0.4917517083 0.3857597428 0.2692440210 0.1922842529 0.2189366038 0.2021018100 0.1806224628 0.2053191979 0.2086455186 0.1850701062 0.1676205625 0.1646551511 0.1776651250 0.1653410158 0.1857211934 0.2305190664 0.1809073375 0.1829251887 0.2026647211 0.1889828526 0.2153551886 0.2256245537 0.1874028669 0.1922200039 0.1746588091 0.2237394581 0.2869685683 0.2549861540 0.3562751204
0.1579416489 0.2174331818 0.2313996514 0.1778477132 0.1915363381 0.2335151697 0.2846883273 0.4094006316 0.4640067240 0.6543542035 0.7794701932 0.8640617130 0.9001145762 0.8274752553 0.6947577055 0.5918455801 0.3930247980 0.3156146848 0.2824202426 0.1864600281 0.1724405087 0.1845657241 0.2357788197 0.1290662544 0.1199343954 0.2056992580 0.1726885310 0.1990260428 0.1947532780 0.1789395677 0.1873232089 0.1711492618 0.1739676815 0.1922064840 0.1962020173 0.1700730052 0.1688746500 0.1578164597 0.1836209039 0.1835755133 0.1701588814 0.2176975105 0.2781422362 0.2793512518 0.4189635198 0.4841777465 0.6680492676 0.8277034774 0.9330727342 0.8742648127 0.7813533879 0.7056243818 0.5193355733 0.3515277851 0.2617163821 0.2042393986 0.2066616535 0.1936310552 0.1946329588 0.2300108087 0.1523751247 0.1600954467 0.1671092342 0.1780191417 0.1566244260 0.2057803227 0.1895724291 0.1845912169 0.1874538315 0.1975444410 0.1880306914 0.2343643281 0.1934871872 0.1869952263 0.1771304384 0.2229633879 0.1586607681 0.1953911750 0.2781563738 0.2469283388 0.2932245540 0.4294135968 0.5571545947 0.7304911948 0.8377249339 0.8926744267 0.9244053311 0.7442019493 0.6372884475 0.5122782296 0.3412953314 0.2600972271 0.2076980186 0.1475436860 0.2001302842 0.2315436542 0.1886628505 0.2185677264 0.1689082998 0.2181569201 0.1985781663 0.1995763893 0.1492794565 0.1689851276 0.1763240353 0.1716035865 0.2022361901 0.2419174484 0.2289838097 0.2494085429 0.2200126359 0.1827560024 0.1637368217 0.2173420804 0.2312246808 0.2029514774 0.2188957834 0.3598965490 0.4292667111 0.6126521911 0.7624537371 0.8833307946 0.9311463476 0.9077157525 0.7998933502 0.6343327071 0.4873730894 0.3325815388 0.2884131822 0.2165432301 0.2571965466 0.2678580363 0.2054475972 0.1659795328 0.1477394571 0.2279649772 0.2191044661 0.1182073570 0.1882078788 0.2135266110 0.1877975937 0.1963038764 0.1485973106 0.2337935121 0.2155547099 0.2118491765 0.1600878537 0.2068331532 0.1742214696 0.2177598803 0.1876380934 0.2316433429 0.2480958580 0.3079923882 0.3585695933 0.4745140221 0.6092989547 0.7451005185 0.8926667688 0.9203441246 0.8820535325 0.7794918475 0.5958029641 0.4870373473 0.2973445367 0.3295520244 0.2504695106 0.2152821306 0.2429830897 0.1881653791 0.2035820286 0.2082753241 0.1908030908 0.2086435544 0.2011892424 0.1503024826 0.1528081896 0.2055401977 0.1786900567 0.1877731994 0.2637489702 0.1592945271 0.2450039637 0.1789369356 0.1714625723 0.2069039904 0.2167629226 0.1331985931 0.2097388255 0.2378907112 0.3013856745 0.4001899664
0.1994213880 0.2313773853 0.1635814997 0.1702369166 0.2272588127 0.2027905559 0.2904964357 0.3971175669 0.4867343481 0.6418295242 0.8462784685 0.8661863107 0.8517506245 0.8294431533 0.7044451773 0.5079678592 0.4150665037 0.2844778511 0.2324753238 0.2248125196 0.1887048097 0.2417358257 0.2131780158 0.2120183442 0.2097613969 0.1978648041 0.1850429064 0.1671762847 0.2065771605 0.2076161742 0.2172989259 0.1885219286 0.1543594101 0.1831168758 0.1574888843 0.1913153511 0.1581000601 0.1759401078 0.2180203317 0.1540326567 0.2313598655 0.2450230226 0.1756644910 0.3414573297 0.4452898244 0.5524543559 0.7217277158 0.7786138351 0.8927864564 0.9329423395 0.8383877471 0.6704831329 0.5578995908 0.3900910422 0.2834501347 0.2569728024 0.2297029414 0.1932959294 0.2111140086 0.2165830300 0.1942595015 0.1863009988 0.2618408457 0.1654646413 0.2286805157 0.1911821730 0.2381447481 0.2188413494 0.2108180957 0.2031780849 0.2132498369 0.1793164671 0.2376020152 0.1677566063 0.2022250431 0.1785365087 0.1701482787 0.2205228625 0.2224386690 0.2661254306 0.3397517080 0.4288543593 0.5949513029 0.7291452422 0.8094476296 0.8861318085 0.9409438752 0.8118279775 0.6332207301 0.5226780206 0.3765244879 0.2728625842 0.3079192593 0.2507044388 0.2210043325 0.2224485059 0.1925291684 0.2111680118 0.1841488708 0.2030130501 0.2117482127 0.2250672100 0.1775151001 0.1789462298 0.1897551261 0.2409017496 0.2482475532 0.2056595026 0.2427218806 0.2234842959 0.1646541517 0.2342471467 0.2169856098 0.2091855612 0.2347802778 0.2358594255 0.2286254539 0.2902712139 0.4031724411 0.5933417024 0.7522631128 0.8829508416 0.9169277735 0.8794541655 0.7801916567 0.6611829809 0.5170118894 0.3856911636 0.2990893440 0.1594713216 0.1905647610 0.1705177503 0.1803729638 0.1703249195 0.1774245811 0.2543482011 0.1589550736 0.2076803394 0.2184701225 0.2225183707 0.1934181281 0.2808542373 0.2024752130 0.1969672756 0.2484414885 0.2187492486 0.2030894188 0.1593807272 0.2516261639 0.1496527173 0.1711924602 0.2111149872 0.2173053855 0.2968710147 0.3462062447 0.4505049363 0.6135257489 0.7399790465 0.8665522360 0.9351059161 0.8850628852 0.7660223613 0.6457472119 0.5036003096 0.3303488061 0.3244118055 0.2132915632 0.2440095552 0.2237010251 0.2340417151 0.2049401929 0.2340639280 0.2083117654 0.2080712086 0.2030403573 0.2647676203 0.1962829104 0.2362185880 0.2797926586 0.1933467566 0.2037286088 0.2024583406 0.2180881090 0.1695897723 0.2410220674 0.2549389838 0.1764516453 0.2734475991 0.2132453810 0.2612977915 0.2667303272 0.3575232900
0.2134898809 0.2221847594 0.1500235817 0.2353079710 0.1956864734 0.2175017286 0.2752402687 0.3559802560 0.4903865249 0.6789307913 0.8090292397 0.9208846010 0.9182257180 0.8286341343 0.7104527610 0.5202930893 0.4365864476 0.3431875685 0.2821302226 0.2291179293 0.2147871409 0.2104919722 0.1616986177 0.1736495371 0.1963637576 0.1419350501 0.2024097416 0.1713719114 0.1677990625 0.1885589508 0.1926023763 0.1645868652 0.2603967579 0.1490971155 0.1971796259 0.1584587750 0.1681772734 0.2220399551 0.2076637883 0.1433842402 0.1494322359 0.2697266238 0.2007185812 0.3122361791 0.4123941022 0.5239074793 0.6772186842 0.8671608189 0.9149896585 0.9484654117 0.8447586788 0.7114550050 0.5387386417 0.3899111763 0.3067680594 0.2672219161 0.2430664038 0.2460038329 0.1477665855 0.2146634151 0.2119926975 0.2091574112 0.2385990454 0.2231856550 0.2348898414 0.1957547249 0.1682650399 0.1776178067 0.2217402525 0.1640784540 0.2038274796 0.1946227439 0.1832099550 0.2162130982 0.1926718389 0.1820211360 0.2333046557 0.2103936501 0.1827600295 0.2236802996 0.3397184461 0.3914782476 0.5556897686 0.6759334624 0.8553729206 0.9430426170 0.9269735960 0.8553891966 0.6478096461 0.5485779164 0.4010099154 0.3727504439 0.2694291209 0.2784082638 0.1965420270 0.1648769663 0.2113720750 0.2185514188 0.2169478369 0.2047363614 0.2028983177 0.1819070446 0.2120980656 0.2233129707 0.2150714394 0.2014885110 0.2068253625 0.2178935586 0.2016759426 0.1909552540 0.2136820519 0.2112995601 0.1747780761 0.2559090953 0.1976467405 0.1924092714 0.2932808087 0.3804174640 0.4507055255 0.5748885918 0.8003286729 0.9169681514 0.9282048652 0.9033955622 0.7376338458 0.6460889570 0.5353859054 0.3961042038 0.3064828183 0.2548270307 0.2000783347 0.1994683049 0.2071225960 0.2213993217 0.2381127577 0.1753029871 0.2240829677 0.1915587392 0.2241107131 0.2345443289 0.1575240440 0.2029534622 0.2535649835 0.1825803936 0.1940755987 0.1956465858 0.2574677895 0.2191267138 0.2033828259 0.2251139867 0.2532043065 0.2266242311 0.2211677010 0.2978888082 0.3978775576 0.4469311801 0.5524260932 0.8173675740 0.9298813874 0.9233673415 0.8981883745 0.7961304010 0.6306849008 0.4632463577 0.3986824698 0.2890776088 0.2318110969 0.2472410631 0.2336379301 0.1864972039 0.2277474433 0.1661924246 0.2499374978 0.2330132718 0.2906737458 0.2050637428 0.2079981014 0.2304432860 0.1773654723 0.2144508826 0.2049403012 0.2369267135 0.1694667367 0.2265658093 0.2541286525 0.2294138076 0.1423582268 0.2277442762 0.2446752068 0.2370028401 0.2863717054 0.4082521961
0.1762006086 0.2223955851 0.2343112016 0.2259652269 0.2455400521 0.2363465074 0.3094605408 0.3390422959 0.5335792040 0.6291602292 0.7843275462 0.8540376323 0.9606015066 0.8780828838 0.7751694142 0.5311422338 0.4437434410 0.3059324513 0.2119558279 0.2541121348 0.2063052689 0.2061217964 0.2147735338 0.1955866867 0.2602934107 0.1942056151 0.1603119144 0.1892285510 0.1407745695 0.1942814399 0.2016765351 0.2121387026 0.1927522529 0.2397505378 0.2110032999 0.1694231840 0.1749520944 0.2114796664 0.2495711654 0.1927926986 0.2406847739 0.2885364808 0.3224923829 0.3348190386 0.3900524348 0.5532600229 0.6692822701 0.8065162271 0.9244707968 0.9686013074 0.8436845438 0.7439857090 0.5536282407 0.3897935301 0.3177396464 0.2075543587 0.2018447617 0.2238789048 0.1998943316 0.2177722766 0.1903517795 0.2242412029 0.2291517029 0.1919064341 0.1910381390 0.2033503869 0.1388303185 0.1934191739 0.2171894654 0.2591193512 0.2255438657 0.2309807940 0.2311163486 0.2420982869 0.2165561027 0.2135982904 0.2205180913 0.2634126630 0.2462494149 0.2645617982 0.3463769450 0.4426466619 0.6110867663 0.7139421280 0.8452432408 0.8958088033 0.9109965306 0.8672595112 0.6516972836 0.5425534956 0.4332978129 0.3026886048 0.2652300404 0.1944590088 0.2583618263 0.2243692148 0.2253602294 0.2485458651 0.1953008808 0.2098960904 0.2332064068 0.2055118316 0.1887733848 0.1918318731 0.2198791885 0.2338814953 0.1968924367 0.1689129434 0.2063278828 0.2648172266 0.2598898119 0.2460788044 0.2374250338 0.2354744450 0.1771118723 0.2261017594 0.2998213171 0.3056860174 0.4684724118 0.5850286636 0.7238326804 0.8762714084 0.9419583155 0.9205005301 0.8681173823 0.6288862448 0.5041489130 0.3936976551 0.3211920056 0.2774156460 0.1992420845 0.1787107584 0.2034665899 0.2417830538 0.2081563066 0.2367112273 0.2425752017 0.2092762770 0.2392955562 0.2448538872 0.1698365111 0.1985779450 0.2375743330 0.1799794473 0.1636761577 0.1938252655 0.2314554003 0.2039948480 0.2450207515 0.2251890352 0.2162015197 0.2552167370 0.2384994630 0.3062525955 0.3650782611 0.4720154105 0.6365731279 0.7998125948 0.9429122784 0.8871099323 0.8578244570 0.8364491248 0.6722519849 0.5255117137 0.3714232257 0.3034047808 0.2787705985 0.2591871261 0.2226937605 0.1896798118 0.2095984806 0.1825805813 0.2204358420 0.2187909208 0.2231740225 0.2416699816 0.2148375602 0.2401432902 0.2358010728 0.2199084268 0.2152882799 0.2119622268 0.2365592609 0.1742681200 0.2171223313 0.2159210553 0.2128664046 0.2733126134 0.2459253623 0.2827445431 0.2335221821 0.3914116548
0.1813419417 0.2041397117 0.1814828062 0.1944560816 0.2187265282 0.2531287774 0.2997054856 0.3739827342 0.4755803918 0.6486010811 0.8118991222 0.9519074276 0.9030275393 0.8675446771 0.7301010062 0.5481210055 0.4268279619 0.3419033118 0.2777823288 0.2324930986 0.2364292838 0.2551613721 0.1913729733 0.2461592830 0.1706319206 0.2076944690 0.2580998716 0.2445987695 0.2063377352 0.1923547230 0.2481184269 0.2313697375 0.1993015970 0.2068158380 0.1876687306 0.1568297655 0.2253025903 0.2276268475 0.2252253018 0.1827312386 0.2425284547 0.2162390113 0.2609895764 0.3238869115 0.3956216830 0.5403023051 0.6600899944 0.7573006060 0.8994385048 0.9660955471 0.8246759919 0.7582855723 0.5536884722 0.4675580090 0.2577639287 0.2745889060 0.2545283194 0.2087997904 0.2448015518 0.1949609375 0.1958781207 0.2333241641 0.2391970861 0.1959394181 0.2222415533 0.2473152921 0.1838743271 0.2167247711 0.1763402984 0.2606911405 0.2259460511 0.2365095470 0.2593336088 0.1975080585 0.2312688392 0.2145757420 0.2520576498 0.2118703065 0.2663572367 0.3235560942 0.3695755292 0.4245575073 0.5465847353 0.7447083401 0.8491396075 0.9083382891 0.8948348284 0.8433248602 0.6585095769 0.5903201847 0.4248976979 0.3260188716 0.2584391707 0.2142219841 0.2364641917 0.2186632152 0.2082849033 0.2272815076 0.2204484894 0.2461553482 0.2182208406 0.2415502726 0.2301376572 0.2275854282 0.1803319475 0.2147987537 0.2521318661 0.2338668814 0.2300600595 0.2264524078 0.2613082589 0.1619373111 0.2716211707 0.2231197835 0.2114692618 0.2948131774 0.2873818861 0.3137955030 0.4070017743 0.6258783559 0.7261946276 0.9141152641 0.9243921983 0.9272899276 0.8347517193 0.7036785282 0.5017726183 0.4410978387 0.3371368911 0.2368376298 0.2301659862 0.2356661865 0.2090841702 0.1604243453 0.2079980053 0.2115372170 0.2062488697 0.2043551898 0.1961219062 0.2461147075 0.2490851795 0.2419641634 0.2162731972 0.1833295809 0.2158381439 0.2651835501 0.2371818486 0.2411269079 0.2208372285 0.2205089960 0.2367547889 0.2575551747 0.2342737248 0.2469250503 0.3678878529 0.4840312411 0.6296890004 0.7293094942 0.9145564309 0.9486238530 0.9154184536 0.8040744349 0.6566039815 0.5207708857 0.4393749504 0.3195185330 0.2382835125 0.2901134304 0.2108481149 0.2338673913 0.2215656009 0.2135258017 0.2087955420 0.2106109108 0.2458106335 0.2144779720 0.2123241517 0.2208803324 0.2606355518 0.1880298021 0.2028120612 0.2284485249 0.2770878116 0.2261452445 0.1649530939 0.2948452129 0.2746318140 0.2125301192 0.2558598978 0.2407132051 0.3009528418 0.3964962296
0.1971327150 0.2370551239 0.2339391989 0.1735688363 0.2082323286 0.2881610070 0.2794077353 0.4255353488 0.5095846609 0.6196713105 0.7760912410 0.8858181589 0.9269511499 0.9057807465 0.7578373461 0.5692764597 0.4714907579 0.3556665656 0.2694475254 0.2395595907 0.2452349996 0.2320795205 0.2280068630 0.2150732325 0.2364493762 0.2028654547 0.2265122967 0.1875721649 0.2447913361 0.2055718166 0.2606203387 0.2108116395 0.2245215676 0.2180861810 0.2214154734 0.2323686421 0.1982170707 0.2527543921 0.2219343873 0.2237509471 0.2268362854 0.1880096323 0.2157345295 0.3241347360 0.4351480773 0.5068202651 0.6932942287 0.8689555578 0.9012271250 0.9119255125 0.9105103863 0.7076766328 0.5927285831 0.4415573576 0.3382645375 0.2976056162 0.2288440173 0.2022656031 0.2020890235 0.2043918067 0.2171322566 0.2291227892 0.1905070557 0.2769627024 0.1992516852 0.2404424522 0.2082236310 0.1887085448 0.2032381799 0.1678401366 0.2405020190 0.2014249856 0.2401054799 0.2575874013 0.2173978769 0.1979227914 0.2470470458 0.2706754523 0.2365782328 0.2831623904 0.3406053290 0.3982599739 0.5281775639 0.6942268642 0.8565651446 0.9424222423 0.9305634779 0.8189474473 0.7308303337 0.5326995019 0.4301956984 0.3569108300 0.2950695926 0.2794671726 0.2429082066 0.2478424982 0.2156149594 0.2497641157 0.2279005307 0.2471387941 0.2439449264 0.2565173819 0.2023856299 0.2438479352 0.1832105892 0.2088237813 0.2045325072 0.2293404867 0.2267968927 0.2632446095 0.2676736420 0.1960335832 0.2158167509 0.2426374414 0.2207733444 0.2137052252 0.2469586709 0.3296227092 0.4360218726 0.5545880569 0.7182374800 0.8777975020 0.9289419892 0.9542797318 0.8036076316 0.7106825950 0.5246216361 0.3983003617 0.3516785803 0.2734738842 0.2326739412 0.2740498881 0.1975845682 0.2170539255 0.2136793716 0.2327887096 0.2420868178 0.2246581985 0.2625183413 0.2196952289 0.1932358280 0.2293632720 0.2349418220 0.2188832722 0.2506158348 0.2320346456 0.2570166434 0.2384051615 0.2117142737 0.2486986041 0.2400363581 0.2663597587 0.2292794070 0.3168595660 0.3572043724 0.4131580517 0.6297676736 0.7835188065 0.8272653441 0.9853611898 0.9165692148 0.7713720176 0.6699113378 0.5088797997 0.4334746816 0.2887168078 0.2950112267 0.2278198753 0.2297357238 0.2364909791 0.2357296172 0.1708011011 0.2691175096 0.2353787950 0.2403915948 0.2366773330 0.2757577250 0.2431424024 0.1871900844 0.2286272355 0.2007723149 0.2188893376 0.2402198531 0.2117902217 0.2112160690 0.2160284246 0.2185461506 0.2345246781 0.2558067946 0.2479404749 0.3288732101 0.3995813669
0.2073549228 0.2463327811 0.2430309186 0.2225979913 0.1908991028 0.2796353676 0.2581182160 0.3614778785 0.5037238255 0.6583647311 0.7684123307 0.9426756979 0.9349343540 0.8527857471 0.7234887017 0.5790824236 0.4192927905 0.3003918587 0.2881482158 0.2229821107 0.2092011965 0.2120396969 0.1703861264 0.2242622600 0.2007542551 0.2478782458 0.1769225958 0.1940578165 0.1781066191 0.2439253126 0.1858679577 0.1962173269 0.2395997886 0.2421491994 0.2126336331 0.2631785151 0.2288117511 0.2550249611 0.2028934192 0.2165292653 0.2214540151 0.2818632115 0.3351878365 0.3498435216 0.3653131966 0.5732377106 0.6638512157 0.8294952660 0.9491110773 0.8981188230 0.8734919740 0.7295903605 0.6183876408 0.4167976147 0.3156192734 0.2457055516 0.2300025717 0.1834389541 0.2461094390 0.2577580014 0.2241836739 0.2455343776 0.2117552976 0.1793872583 0.2656569164 0.1758530319 0.1642878308 0.2267725591 0.1819111886 0.1899463151 0.2459720396 0.2417987004 0.2439149660 0.2772122816 0.2302201801 0.1953154909 0.2103128022 0.1773374893 0.2303227619 0.2358769413 0.2886977326 0.4546001780 0.5226660224 0.7665453458 0.8414892782 0.9457676728 0.9243697414 0.8655594240 0.7219769865 0.5364846807 0.4130658304 0.2995246883 0.2791236131 0.3021928404 0.2699589340 0.2554315910 0.2614693021 0.2067576782 0.2558906534 0.2131408796 0.2389436137 0.2068221400 0.2444606842 0.2457194806 0.2671283709 0.2193432890 0.2155248593 0.1614821315 0.1959194754 0.2294808062 0.2667944899 0.2134781735 0.2453328936 0.2377694560 0.2265655982 0.2942566338 0.2904912913 0.3048752311 0.4744733659 0.6088541591 0.7463663817 0.8352063376 0.9728371846 0.9005928059 0.8030357197 0.7243526794 0.5648836728 0.4353584936 0.3628998068 0.3102328402 0.2228172410 0.2042054027 0.2454446953 0.2328859612 0.2239752184 0.2766210321 0.2333563753 0.2318728209 0.2368228782 0.2295083961 0.2655280374 0.2493842829 0.2404037804 0.1860317504 0.2306648140 0.1922985093 0.2173312486 0.2079628843 0.2435642797 0.2302627227 0.1875015523 0.2390335674 0.2010331206 0.3078388618 0.3553217656 0.5089771239 0.6673693327 0.7537684716 0.9070107437 0.9682088160 0.9409967039 0.8409186995 0.6667527660 0.5489302580 0.3828712950 0.3520576280 0.2601790922 0.2395437047 0.2572173060 0.2139027702 0.2236942717 0.2073390807 0.2674310854 0.2337760497 0.2460965417 0.2473090923 0.1732287829 0.2273102985 0.2863037199 0.2186037890 0.2500318222 0.2226438487 0.2150495572 0.2555026359 0.2451877555 0.2356055362 0.2221166741 0.2315892066 0.2710178745 0.3038842597 0.2686619956 0.3659879253
0.2002427599 0.1707457660 0.2161751973 0.1962510792 0.2047593470 0.2057593949 0.2967783020 0.3791620286 0.4599336284 0.6089729831 0.7830121496 0.8757361918 0.9127286089 0.8347465948 0.7586133952 0.5450095413 0.4429939974 0.3514464510 0.2712273011 0.1921307596 0.2512271160 0.2574600534 0.1488636672 0.1977160813 0.1902986942 0.2331421891 0.2188259624 0.1995342922 0.1976298962 0.1682959855 0.2438468206 0.1821673430 0.1922517640 0.2171393159 0.1915745743 0.2227525629 0.2257627751 0.2263815860 0.2237713165 0.1532480069 0.1826091728 0.2405678037 0.3293649044 0.3068692165 0.4145675137 0.4564158099 0.6373447700 0.8316200320 0.9076736262 0.9573565193 0.8401839768 0.7274713759 0.5646894171 0.4074096720 0.3445171534 0.3176423087 0.2635755566 0.2422491488 0.2525024462 0.1988424920 0.1820849657 0.2269909565 0.2556014638 0.2627327024 0.2564778609 0.2001049284 0.1768984148 0.1832901415 0.1816145833 0.2529078440 0.2308498238 0.1745264369 0.2353881524 0.2148950966 0.2019860540 0.2223211627 0.2068561110 0.2388981300 0.2071650837 0.2519814837 0.3206899704 0.4046477462 0.5140382485 0.7037222896 0.8564787185 0.9871559122 0.9451842630 0.8743199341 0.6595401388 0.5677451432 0.4550701354 0.3178278164 0.3109501175 0.2388706328 0.2047912723 0.2686335099 0.2047732651 0.2365982028 0.2355537538 0.2136534664 0.2414144741 0.2008230767 0.2277018296 0.1945329617 0.2426397442 0.2493370053 0.2486781638 0.1915800475 0.1894658224 0.2016535109 0.2077199928 0.2508330981 0.2493785201 0.2222100822 0.2143241494 0.2722401131 0.2959682198 0.3490324386 0.4452615432 0.5807388618 0.7118372025 0.9151152824 0.8923884825 0.9274482235 0.8762994678 0.7014524197 0.5446676253 0.4282909423 0.2983981054 0.3146628447 0.2583644323 0.2316369765 0.2360546301 0.2235981968 0.2756304417 0.2459665911 0.1907314857 0.2444926732 0.1853699353 0.2675834577 0.1858158836 0.2145327491 0.2089343395 0.1946902286 0.2575194257 0.2269877622 0.2557356512 0.3194048647 0.2627976478 0.2423629701 0.2124072502 0.2153461685 0.2932316680 0.2662277353 0.3469687667 0.4381877301 0.6567667131 0.7931001738 0.8826062806 0.9215022949 0.9146809455 0.7998804963 0.6196567376 0.4985838039 0.4450915524 0.3163365671 0.2456163113 0.2929182791 0.2128249686 0.2188671677 0.2592614241 0.1947990630 0.1860612909 0.2312124144 0.2211399335 0.3107842441 0.2436077993 0.2335439814 0.1981512412 0.2450848882 0.2405643890 0.2543417430 0.2072587485 0.2648777477 0.1975636615 0.2618443618 0.2490476678 0.2184839326 0.2600361888 0.2791082562 0.3321257214 0.3554194765
0.1828215987 0.2120981720 0.1896966856 0.2287540656 0.2125314613 0.2082383241 0.2551135387 0.3238210739 0.4724110223 0.6347493650 0.7195886622 0.8249020245 0.9063882330 0.8671708985 0.7929518184 0.6312681782 0.4922629115 0.3334871192 0.2074876517 0.2543460532 0.2419125413 0.1744779467 0.2524151077 0.1714585391 0.2023316412 0.2247832909 0.1778483039 0.2039335482 0.2000115997 0.2251913239 0.2220184796 0.2450989679 0.1894251872 0.1972533293 0.2142047189 0.1967903142 0.1706726273 0.2106623576 0.2491225145 0.2314948495 0.1760800558 0.2733014736 0.2639414296 0.2711925970 0.4283716981 0.5042143077 0.6512379377 0.8010916569 0.9459172848 0.9424725719 0.9003071491 0.7575573924 0.5620917740 0.4321743290 0.2932814375 0.3072094359 0.2283353905 0.2006522113 0.2143682091 0.2253327599 0.1835089316 0.1736860516 0.1487602296 0.2423462749 0.2178269671 0.1628025031 0.2236947918 0.2141318686 0.2414460589 0.1964605576 0.2030254081 0.2140151146 0.2461993110 0.1544743464 0.1843294966 0.2129626673 0.1647582400 0.2317656178 0.1965576545 0.1996426024 0.3435902499 0.3927391461 0.5083272756 0.6955324166 0.8422041504 0.9279061016 0.9679282045 0.8512649874 0.6724585130 0.5922492757 0.4576860329 0.3338614093 0.3157243468 0.2461842680 0.2419215330 0.1729622248 0.1958670511 0.2197140973 0.1827168347 0.2363547956 0.1832657357 0.2466569493 0.2598477032 0.2337982306 0.2409982368 0.2248248562 0.2392559839 0.1817459846 0.2517063285 0.2067746917 0.2325592507 0.2102042270 0.1942027824 0.2048072200 0.2379699542 0.2584669104 0.2692482558 0.3661679823 0.4036530958 0.5786093596 0.7213239180 0.8739622547 0.9238687672 0.9745609134 0.8248335000 0.7742885751 0.5292397277 0.3834759560 0.3433897545 0.2327126058 0.2645735620 0.2080867233 0.2810601169 0.2371052927 0.2405804345 0.2478826544 0.2481888519 0.2434858095 0.2058766383 0.2294019411 0.1985553775 0.2156934791 0.2690590209 0.2338823314 0.2120379206 0.2283199377 0.1991958346 0.1816627360 0.2319991451 0.2247679340 0.2600286320 0.2513604962 0.1896360839 0.2783191172 0.3874276834 0.4170733728 0.5890486710 0.7578663332 0.8431460551 0.9464711223 0.9131020274 0.8538263352 0.6828311205 0.5516336421 0.3949678748 0.3474846603 0.2805787060 0.2050247331 0.2786442867 0.2314704254 0.2383912565 0.2828040447 0.2726341096 0.2679892055 0.2213723492 0.2322089101 0.2566385651 0.2294439994 0.2482743897 0.2103379563 0.2036120637 0.2055018779 0.2592706805 0.2620557988 0.2163584777 0.2299882988 0.2611080659 0.2144843941 0.2642554563 0.2198191492 0.3093793057 0.3825310489
0.1854028712 0.1384858331 0.2343622062 0.2151145634 0.2175809450 0.2449353758 0.2458804066 0.3453378096 0.4808678543 0.6084583094 0.7716585765 0.8590625660 0.9341932859 0.8663063690 0.7539656124 0.6163821490 0.4523717508 0.3538486051 0.2854513482 0.2635452210 0.1987175007 0.2419098912 0.1787516178 0.1788314303 0.1738001384 0.1805455676 0.2017933161 0.1816309801 0.1898506015 0.2363613416 0.1635741568 0.1945690804 0.1786019399 0.2011460539 0.2104424153 0.2186664281 0.2526608350 0.1669432821 0.1434306908 0.2133957347 0.1906944419 0.2501994338 0.2526844882 0.2897084230 0.3543400474 0.5145650349 0.6653205036 0.8327339950 0.8599029577 0.9442386808 0.8508769378 0.7191177528 0.6534592195 0.4122547979 0.3628752554 0.2280072795 0.2182474724 0.2160547827 0.2359382592 0.2330457711 0.1640840136 0.1848835835 0.1509332686 0.1818371325 0.2139258954 0.1959719176 0.2549987398 0.2136419116 0.2067074261 0.2172443403 0.2287535330 0.1646698867 0.2082268729 0.1981165322 0.2023007060 0.2041401903 0.2161142020 0.1956792641 0.2176342599 0.2904140523 0.2786985623 0.4591872797 0.5337670707 0.7019516188 0.8186516244 0.8551490408 0.9594897886 0.8864918737 0.7513863007 0.5344371706 0.4194156659 0.3053663854 0.2581079808 0.2222544547 0.2147416377 0.1982033484 0.2094645820 0.1831555829 0.1514195532 0.2150200013 0.1637195663 0.2219048734 0.2309543241 0.1821131431 0.2148472933 0.2037742211 0.2225057638 0.1674778105 0.2246235272 0.1924371181 0.2578178928 0.1930610578 0.2423527485 0.1757971543 0.2308790312 0.2505932677 0.2673923053 0.2808920460 0.4402863847 0.5400053198 0.6834745322 0.8643988245 0.9399159211 0.9334099402 0.8871837369 0.7282774084 0.5036375230 0.4085625579 0.3038632942 0.2456690262 0.2563835488 0.2197281111 0.2017746771 0.2045212119 0.2742812800 0.1858525179 0.1862100913 0.1564132796 0.2219060125 0.1652422517 0.2006055718 0.2267108507 0.2270392619 0.2088559472 0.1770394439 0.2447603746 0.1887841762 0.2355247712 0.1882477536 0.1698229054 0.2696710030 0.2078068703 0.2598424937 0.3139450199 0.3508314513 0.4574791517 0.5689209198 0.7297938292 0.8408600993 0.9385930392 0.9884162035 0.8116912271 0.6834592266 0.5865984957 0.3907236348 0.2713761823 0.2693247804 0.2240382150 0.2263002664 0.1834198913 0.2425588791 0.1518580913 0.2150946310 0.2045654438 0.1677222844 0.2639452791 0.2458188386 0.2356917144 0.2321533008 0.2532563227 0.2443653248 0.2432249085 0.2001160243 0.2238968266 0.2362045683 0.1797849247 0.2100530502 0.2371618088 0.2309944853 0.2787053967 0.2787207738 0.3467951579
0.1752896866 0.1908191354 0.2381848710 0.1823604981 0.2285940603 0.2354243300 0.2332906886 0.3507481422 0.4523221942 0.6072758319 0.7819769128 0.8561479898 0.9711145882 0.8527884430 0.7502372076 0.6576498136 0.4673781649 0.3569102427 0.2582474959 0.1938037304 0.2226715241 0.1615446256 0.1474787895 0.2491719151 0.1769941929 0.1932656065 0.1880476295 0.2088118191 0.1722480773 0.1930095168 0.1748776275 0.2143204349 0.2127865186 0.1818232939 0.2131031565 0.1876851168 0.1776556748 0.2190203854 0.2125861687 0.1685464216 0.1906120276 0.2291544333 0.2429577261 0.2564248751 0.3810322511 0.4626631611 0.6545036144 0.8389883736 0.8870030456 0.9340080088 0.8906132371 0.7652823650 0.5647512623 0.4744740723 0.3935789098 0.2669499709 0.2414826088 0.2291929504 0.2128536292 0.1850914113 0.1762172488 0.1828958794 0.2141495651 0.1850682956 0.2098053621 0.2076145124 0.1604775483 0.2303980499 0.2018187566 0.2229532521 0.1935515971 0.1626441823 0.1597372537 0.1541010757 0.2185593660 0.2516798938 0.1905946482 0.2792216388 0.2263115052 0.2858336683 0.2941683534 0.3282905673 0.5580782077 0.6475327314 0.8123955827 0.8982003135 0.9262517289 0.8145607807 0.7378116057 0.5545986893 0.4479386435 0.3456840137 0.2518498305 0.2306537246 0.2461793391 0.2193711751 0.1680147070 0.1998496505 0.1166747551 0.1997924636 0.1770096714 0.1788467123 0.1774226786 0.1919128964 0.2391979395 0.2429604214 0.2066701982 0.2047505547 0.1486407013 0.1798641180 0.2054144413 0.2049401136 0.2320818447 0.2473791492 0.1985348006 0.2326749274 0.2354797018 0.3990413795 0.3456959615 0.5955675577 0.6572342717 0.8741820885 0.9628170920 0.9061209238 0.8038557396 0.6932541741 0.5943493359 0.3951060085 0.2907182337 0.2357115789 0.2565962644 0.2203414582 0.2334847872 0.1754078772 0.1542701097 0.2571731222 0.2483715940 0.1381918661 0.1948343754 0.2049055045 0.2449980472 0.2211782341 0.2232311817 0.2482130833 0.1809648581 0.1980659824 0.2185624702 0.1907077999 0.2618839477 0.2279514890 0.1885185000 0.2380957463 0.2158182596 0.2612988065 0.3157718731 0.4483087662 0.5785480481 0.6370319616 0.8505989769 0.9214636445 0.9713168135 0.8595159789 0.6666902297 0.5338204925 0.4012112781 0.3400282900 0.2494596470 0.2398574646 0.1904436936 0.1828081184 0.2022173606 0.2035832517 0.2012100948 0.2509257508 0.1843630694 0.1658179570 0.1701081519 0.2146850864 0.2149636003 0.1875951974 0.2365669517 0.2274937519 0.2315564796 0.2051262404 0.2341228271 0.2117800422 0.2279366557 0.2248145348 0.2067789526 0.2451299676 0.2912191929 0.3843673060
0.1957156752 0.1968749616 0.1699799457 0.1678628075 0.1941802435 0.2088431061 0.2786943882 0.3028629699 0.4495176736 0.6209153548 0.7293622358 0.8122011904 0.9346389898 0.8564222037 0.7614737300 0.5976303490 0.4509162836 0.3599588839 0.2751363441 0.2381255778 0.1963683280 0.2057861281 0.2238451731 0.1884568100 0.1576909428 0.2193526547 0.1160704056 0.1648236022 0.2003741856 0.1794179788 0.1708894523 0.2023368591 0.1799988100 0.2206643504 0.1978545602 0.1546262629 0.1877491743 0.1886178396 0.2363848306 0.2086857294 0.2314575286 0.2443400748 0.2174509395 0.2747426284 0.3058384317 0.4856204221 0.6381490741 0.7832675404 0.8700006199 0.9554615436 0.9052799769 0.7604292680 0.5586942372 0.4384064175 0.3429903720 0.2114012543 0.1725992947 0.2312345197 0.2024368301 0.1844657941 0.1908048888 0.2322045795 0.1536577193 0.2043208298 0.2062719086 0.2046670568 0.1839893432 0.1956465761 0.2322457425 0.1859003189 0.2003359275 0.1928741864 0.2145730240 0.2153222960 0.1772245558 0.2062323437 0.1794106480 0.2124718003 0.2777581120 0.2087830665 0.3243042067 0.3900803218 0.4630662503 0.6277597132 0.8415420996 0.8825183694 0.9038372359 0.7872625461 0.7648528732 0.5790909359 0.4068820001 0.2961218769 0.2810523814 0.2135965306 0.2155186026 0.1868308153 0.1958279832 0.1937394446 0.1997958053 0.2139622212 0.2565217603 0.2314387489 0.1599461390 0.2319700258 0.1896941442 0.2035674166 0.2273680798 0.2225219592 0.2029594820 0.2317516446 0.1673827892 0.1617293045 0.1676905158 0.2114140872 0.2295245026 0.2348956099 0.2985982728 0.2902132040 0.3959098394 0.5081822312 0.6609354503 0.8719296205 0.9549876877 0.9388802264 0.8327605795 0.7029336143 0.5812188772 0.4135655437 0.3172654727 0.2237611393 0.2231059224 0.2014203952 0.1821272240 0.2073764336 0.2350813565 0.2197396762 0.2113884241 0.2260372583 0.2235965325 0.2314205554 0.1678620341 0.2499732550 0.2087708450 0.2292361116 0.2341694417 0.1920036814 0.1985288468 0.1564857187 0.2111486976 0.2247267911 0.2551561137 0.1934240349 0.1797868336 0.2437731498 0.3166463097 0.4303981464 0.5448250222 0.6535761698 0.8587486907 0.9290601881 0.9339019191 0.9042241774 0.7059380884 0.4838510781 0.4130700103 0.3351478886 0.2594055784 0.2063699477 0.2463343097 0.1879839159 0.2040311660 0.2634750224 0.2131161972 0.2106113299 0.1736688659 0.1997018479 0.2610593000 0.1766195960 0.1883925976 0.2210127574 0.2043829273 0.2439494371 0.2204966882 0.2634497020 0.1949127744 0.2241659459 0.2557947211 0.2054161096 0.1513025496 0.2474842434 0.2387647864 0.3150817629
0.1987396990 0.1816732006 0.1849406417 0.1820883602 0.1756575939 0.1861375845 0.3042616823 0.3416014799 0.4531788719 0.5530819290 0.7219819464 0.9082119236 0.8994979142 0.8560820496 0.7397318060 0.6154311853 0.4968141603 0.3154870677 0.2957328716 0.2151091676 0.1974132343 0.2172967966 0.1751377803 0.1859711991 0.2071895773 0.2247954368 0.1512226398 0.1502036062 0.2123753988 0.1733263362 0.1673474931 0.2065314601 0.1299707300 0.1876754085 0.2190052084 0.1574689311 0.2027056640 0.2182112101 0.1858448299 0.1712240181 0.1906877909 0.2291263986 0.2255159768 0.2448127082 0.3287320222 0.5094524558 0.6022346426 0.7244710693 0.8619633179 0.9076010415 0.9110096275 0.7348829330 0.6207882164 0.4576437409 0.3824218142 0.2599135206 0.2546013981 0.1718091799 0.1538863462 0.1909088655 0.1687710681 0.1532300085 0.2070329039 0.2029392497 0.1469084011 0.2154970210 0.1608953164 0.1818991270 0.2471771253 0.1780403120 0.1703513740 0.2032116068 0.1859815885 0.1793827485 0.1579895184 0.2056302104 0.2069972182 0.2147390977 0.1743664871 0.2718849963 0.2925144431 0.3300749136 0.5374551840 0.6538726384 0.7863683292 0.8874557164 0.8941197398 0.8862392642 0.7274210815 0.5322663966 0.3773999473 0.2826218167 0.2469076719 0.2321071192 0.2181638981 0.1911929150 0.1917836015 0.2182219011 0.2088168511 0.2018442002 0.2238169992 0.1799729992 0.2249713044 0.2284624400 0.1524442217 0.1654746272 0.1714202443 0.1750247541 0.2006241543 0.1890534243 0.1835873652 0.2164340291 0.1866841908 0.1849369480 0.1868571026 0.2200489067 0.2996790375 0.2943069451 0.3981335906 0.5242021714 0.6772300512 0.8541124761 0.8800212305 0.9386818897 0.8107516294 0.7686680386 0.5753927905 0.3941981696 0.3569920479 0.2720222741 0.1969554550 0.2032187552 0.2216792397 0.1871793886 0.1995488604 0.2024797354 0.1610564266 0.2035258364 0.1787243065 0.2190239626 0.1889000601 0.1625346348 0.1755696784 0.2152033175 0.1772391691 0.1896674699 0.1735680669 0.2771978443 0.1947857149 0.2515185014 0.2017848923 0.2272765329 0.2099116112 0.2880771630 0.3076156651 0.3727141734 0.5467458691 0.6806022282 0.8110622542 0.9602769090 0.8921005152 0.8675916917 0.6701912468 0.5415895093 0.4509701010 0.2754559990 0.2633421932 0.2564713833 0.2245481987 0.2611192782 0.2096362267 0.1928906324 0.2375254237 0.1707355340 0.2008706263 0.2170326047 0.1795478007 0.2124275865 0.1596819357 0.2216310258 0.1821153575 0.1658848292 0.2173448080 0.1932195767 0.1791017466 0.2061414672 0.2597436939 0.2241303892 0.2283844205 0.2227572030 0.2821737376 0.3202404976
0.1790269312 0.2060733260 0.1546370932 0.2265280751 0.2029945501 0.2044456929 0.2616522459 0.3302414460 0.4131980195 0.5475083030 0.7149117028 0.8590805688 0.9215489381 0.9037136027 0.7846380308 0.6497408874 0.4506274205 0.4199518323 0.2741962228 0.2182250699 0.2202186073 0.1769728913 0.1814927929 0.1807312425 0.0890488632 0.2208164109 0.1430101677 0.1453518532 0.2254590929 0.1664493339 0.2180973071 0.1991690359 0.1730532812 0.1720049173 0.2472517971 0.1695038470 0.1712010129 0.1627732738 0.1304149647 0.1514351317 0.2019379301 0.2207313786 0.2208694685 0.2414806593 0.3118905159 0.4520387499 0.5958163160 0.7766968414 0.8271698769 0.9168557708 0.8787706620 0.7427060935 0.5833359733 0.4721777036 0.3712562884 0.2524941365 0.2236448996 0.1957689692 0.1370933037 0.1618932064 0.1863063547 0.2173178186 0.2353675600 0.1815539706 0.1890705839 0.2058649226 0.1384873901 0.1859062268 0.1829927841 0.2061069598 0.1843882061 0.1689323598 0.1971308950 0.2164099864 0.2001271526 0.1653910109 0.2185458852 0.2248878881 0.1961694444 0.2049221373 0.2406156466 0.3698713331 0.4849847983 0.6701736734 0.8382045094 0.8611787941 0.9258087711 0.8949303731 0.7217075994 0.6041526531 0.4555805564 0.3379378404 0.2021312962 0.2148503310 0.1946970551 0.1776524989 0.2518385448 0.1399688199 0.2215808143 0.1819136992 0.1961849472 0.2393371255 0.1804137335 0.1693107303 0.2076327740 0.1753028735 0.1759885123 0.2019501293 0.2214494654 0.2008194605 0.2150105604 0.1786076327 0.2151445816 0.2034270217 0.1807129299 0.1810988532 0.2831243277 0.3010031178 0.3712310874 0.5354747888 0.6355660855 0.8157031524 0.8966350975 0.9290711796 0.8653557366 0.7247209341 0.5486664774 0.4240856990 0.3192762559 0.2587053787 0.2813791657 0.2360471329 0.1793506125 0.2007845138 0.2082457178 0.2317300296 0.1766298002 0.1952667287 0.2473050903 0.1748452991 0.1457799350 0.1788029014 0.2134165034 0.1880497217 0.1966569786 0.1821679708 0.1742753305 0.2306849621 0.1760819560 0.2150228302 0.2214457442 0.1640635202 0.2780765574 0.2784994402 0.2723097196 0.3977897364 0.6005193009 0.6860784205 0.8025511013 0.8959578356 0.9062701525 0.8186861876 0.6753785247 0.5658717561 0.4191552016 0.2894914220 0.2678810139 0.2148236945 0.2157475377 0.1664550436 0.2671763534 0.2409232854 0.2194810607 0.1595379659 0.2057244256 0.2402657173 0.2262884680 0.1573884071 0.2181137048 0.1727094816 0.2195456330 0.1650927110 0.2143350660 0.2048356706 0.2414627926 0.1947177580 0.2082775155 0.2115653949 0.2165634729 0.1770073373 0.2513634139 0.3824053972
0.1453651083 0.1881892947 0.1717890155 0.1915407202 0.1952215717 0.2254195592 0.2404672483 0.3138660858 0.4079765605 0.5596113548 0.7409767583 0.8850946734 0.8662101378 0.8251320466 0.7732507064 0.6517087033 0.4740012509 0.3530668228 0.2870768770 0.2596465780 0.2078287169 0.0948185685 0.1612556799 0.1891510975 0.2189827087 0.2096899845 0.2002848005 0.2102756719 0.1669686689 0.1539106440 0.1879974463 0.1981185721 0.2174727384 0.1643831354 0.1615729380 0.2439997181 0.2172614214 0.2261115311 0.1736582165 0.1957358405 0.1685668354 0.2257796079 0.2334642648 0.2695099014 0.3296411495 0.4690638520 0.5998358727 0.7317110803 0.8793584557 0.9025977598 0.8243609447 0.7174292178 0.5533951349 0.5310007988 0.3103083619 0.2671465527 0.2798382427 0.1501040774 0.2100498825 0.1948441867 0.1943478196 0.1870647272 0.2041946299 0.1627124316 0.2438693358 0.1570673269 0.1528123447 0.1615689901 0.1937355606 0.1945920549 0.2345966789 0.2072698350 0.2069333959 0.1584232537 0.1864108958 0.1719798700 0.1777858061 0.1664183753 0.2018983275 0.2269796727 0.2785640370 0.3262684469 0.4252187045 0.6222198636 0.8109858416 0.8742392976 0.8726527590 0.8190730880 0.7710326182 0.6326742526 0.4221298447 0.2970255177 0.2420719447 0.2082172972 0.1531780172 0.1830192905 0.1851383778 0.2497145230 0.1979928861 0.1585808308 0.2167157127 0.2109561977 0.1890678089 0.1620330926 0.1962881910 0.1781734995 0.1804879868 0.2074026716 0.1911415202 0.2089373632 0.2601953537 0.1732338298 0.1974507859 0.2136073777 0.2366609830 0.2561853079 0.1845109205 0.2801400945 0.3755936289 0.4890651403 0.6732311667 0.8127175473 0.8972679867 0.9789080504 0.8332825953 0.6759798911 0.5437272874 0.4624902508 0.3093197648 0.2628403224 0.2232536183 0.1709842561 0.1804606743 0.1802948719 0.2409315434 0.1865968400 0.1633591855 0.1822693827 0.2277218384 0.1950808861 0.2002189953 0.1863849345 0.2298885984 0.1863787696 0.1755286405 0.2223332574 0.1288439894 0.1424914586 0.1777961227 0.1787905061 0.2166798246 0.1808631254 0.2372329326 0.2710531312 0.3581311124 0.3680643457 0.5502889952 0.6817748593 0.7850226154 0.9197837086 0.8994569746 0.8661471768 0.6380161116 0.5489563463 0.4713546484 0.3623785957 0.2949532974 0.2014159346 0.1699603918 0.2116815957 0.1823511494 0.1824925967 0.1783599138 0.1855106122 0.1626777038 0.1973328170 0.2078472388 0.1731888369 0.1886306162 0.2377559975 0.2234351523 0.2192259031 0.1474576540 0.2075134625 0.1621348446 0.1595947534 0.2382143267 0.2005443946 0.2204628404 0.2016032826 0.2613022496 0.3228295044
0.1398756783 0.1558597976 0.1943624109 0.1927038307 0.1921463511 0.2186027032 0.2133884671 0.2722616956 0.3919984263 0.5986157365 0.6721397499 0.8232483003 0.9101916658 0.9245309628 0.8376981203 0.5873338787 0.4629672150 0.3878740081 0.3085622064 0.2142342599 0.2191954170 0.1627380014 0.2666703548 0.1558305348 0.1907783319 0.1715822202 0.2276385694 0.1680834487 0.1774047469 0.1702485007 0.2004969676 0.1989220919 0.1994893239 0.2207155149 0.2334816324 0.1909748948 0.1420782783 0.2193375047 0.2316482612 0.2214737910 0.2324084688 0.1809441886 0.1922751483 0.2758282103 0.2761218834 0.3873511752 0.5565917210 0.7623244880 0.8979919137 0.8738345514 0.8425304990 0.7355258539 0.5972549744 0.4890586370 0.3444305502 0.2949695948 0.2327632985 0.2521765373 0.2057324740 0.1821370290 0.2572127911 0.1873953877 0.1851313833 0.2068781256 0.2034807081 0.2263450607 0.2031138331 0.1919139543 0.1946605128 0.1639465801 0.2228781324 0.1618333733 0.2940707578 0.1691369546 0.1980874171 0.1682192360 0.2068121235 0.1902525602 0.2623754898 0.2429215534 0.3039938269 0.3065475623 0.4864493550 0.6115629493 0.7344137383 0.9168278103 0.8799996349 0.8589433395 0.7086434877 0.6103412772 0.4563500491 0.3476597122 0.2427980388 0.2115865401 0.1696792779 0.1730127799 0.1563024561 0.1681890401 0.2113221199 0.2300053693 0.2072521374 0.2393801754 0.2089894167 0.2082867708 0.1980189685 0.1953548871 0.2090420121 0.2175083132 0.1922979380 0.2244580287 0.1694096434 0.1855705762 0.2045674239 0.2037008413 0.2217375163 0.1786180858 0.2499446772 0.2265156457 0.3695610520 0.4956717206 0.7073750895 0.8459363894 0.8545484936 0.9225737325 0.8478620060 0.7562033204 0.5534677777 0.4564368474 0.3143885145 0.2878839338 0.2223110246 0.2395245261 0.1986453809 0.1968723409 0.1959493125 0.2151805093 0.2159006633 0.2014984254 0.2010719489 0.2263475088 0.2516961129 0.1805076107 0.2011356043 0.2028777375 0.2197880026 0.2242203803 0.1541748672 0.1914203871 0.1602584662 0.1906049770 0.2030970546 0.2500244846 0.2098121763 0.2517567150 0.3062544229 0.3745351447 0.5359029410 0.6633282563 0.7994347858 0.9523651415 0.9421453797 0.8329983446 0.7203479903 0.5375581381 0.3979682348 0.3029892406 0.2273994397 0.2622308741 0.1916554657 0.1832356947 0.1805694836 0.2375836966 0.2370509904 0.2212556749 0.2187800473 0.1968556464 0.1931754867 0.1940071025 0.2147103475 0.1927109646 0.2374610945 0.1983311997 0.2051905597 0.2378623291 0.2466972161 0.1970874060 0.2126709875 0.1966491521 0.2169040559 0.2329999636 0.2587905666 0.3374577275
0.1858978948 0.2155925289 0.1634269315 0.2378314340 0.2035614835 0.2173082812 0.2424370492 0.3018152139 0.4370670508 0.5747681673 0.6928912792 0.9284504606 0.9354832627 0.8654268522 0.7579307720 0.6311318270 0.4946380968 0.3902443746 0.2783981787 0.2216287041 0.1994890235 0.1830226368 0.2238131946 0.2125974951 0.2274495863 0.1329699678 0.1946527825 0.2109559631 0.1809551631 0.1697341196 0.1558432779 0.1253606801 0.1872102495 0.1656078032 0.1796271316 0.1506175535 0.2087769976 0.1604393174 0.2031311782 0.1692841415 0.2391288623 0.2034525885 0.2513901077 0.2534752938 0.3415609970 0.4021011700 0.6186427872 0.7394563784 0.8354403659 0.9355252437 0.8847875541 0.7401617045 0.6078844812 0.4531652665 0.3799496495 0.2879096622 0.1708936399 0.1815870703 0.1910475642 0.2017114154 0.2013777776 0.2124441094 0.1759257008 0.1822070210 0.1934255005 0.2005336703 0.1948994117 0.2253476561 0.1723870321 0.2769433255 0.2213701219 0.1809780710 0.1849817205 0.1762144121 0.2339141599 0.1917641298 0.1978963302 0.1587437414 0.2479286744 0.1789183587 0.2527178528 0.3722340756 0.4624673978 0.5990707579 0.7559836671 0.9008486499 0.8650023734 0.8377873912 0.7535134240 0.6590558612 0.4282640730 0.3423529256 0.2385278579 0.2574123529 0.2162917060 0.1607994300 0.1740213318 0.1674361561 0.1623755036 0.1929787760 0.1560223808 0.1883611905 0.1724778528 0.1750830468 0.1860636417 0.2132085402 0.2180471691 0.1729187093 0.2283171871 0.2037971957 0.2110323944 0.2216914501 0.2166863292 0.2104503834 0.2019626730 0.2588511163 0.2816434469 0.2672546214 0.3746373187 0.4461955120 0.6924648709 0.8162939700 0.8908386881 0.8643822496 0.8813346126 0.7390645470 0.5783494181 0.4297464083 0.3238952974 0.2252883697 0.2890374791 0.1943637818 0.2090712962 0.1846275651 0.2412291400 0.2075098433 0.2147531470 0.1988737268 0.2190001509 0.2164481628 0.1761007005 0.2171001073 0.1940829441 0.2077338017 0.2769453472 0.2154904352 0.2177687779 0.1918036250 0.2274075475 0.1781639112 0.1731892582 0.1958156349 0.2174418170 0.2587681624 0.3242109172 0.3890602591 0.5024259294 0.6971335179 0.7954967817 0.8753539089 0.8733800948 0.8070044974 0.7383184825 0.5709143760 0.4519312577 0.2969674111 0.2811094930 0.2293177487 0.2087881350 0.2132979696 0.2383762906 0.2366495835 0.1602732932 0.1975635711 0.2370408568 0.2041888063 0.2243177142 0.2284427542 0.1808609707 0.2226173982 0.2077580903 0.2245140406 0.2189784036 0.2441238943 0.2059083568 0.2268853729 0.2406277300 0.1904511235 0.2435465277 0.1821381833 0.2908005240 0.3355958322
0.2043202289 0.2427053029 0.2043560755 0.1770809517 0.2190327606 0.2202712475 0.2439291385 0.2742982536 0.3723980856 0.6021839494 0.7103580526 0.8420906430 0.9295386228 0.8766537839 0.8180659836 0.6510524197 0.5167986252 0.3943113934 0.2795755386 0.2177664531 0.2107870091 0.1862587737 0.2270153651 0.2523925437 0.1968351062 0.1494727204 0.2107826175 0.1965649390 0.2311349595 0.2084451125 0.2523306123 0.1751651305 0.2250298356 0.2112182435 0.2069725346 0.1859628652 0.2296154718 0.1661645653 0.1946623362 0.1651951572 0.1799677350 0.2571685746 0.2387803514 0.2498117811 0.3868045798 0.4773127477 0.6144914150 0.7245293854 0.8521950090 0.9620468931 0.9116690294 0.7654716510 0.5915859630 0.4847329710 0.3406145564 0.2827944258 0.2395315778 0.2633859392 0.2168395050 0.2079438500 0.2328914142 0.1894352945 0.2411803793 0.2044291726 0.1860505179 0.2023336138 0.1769475468 0.1893755480 0.1979846779 0.1356073468 0.1489509673 0.1838461308 0.2207752718 0.1577593610 0.1792658112 0.1875981629 0.2264962953 0.2037816078 0.2849419666 0.2363393862 0.2970833604 0.3220752866 0.4796423556 0.6143887919 0.7843820172 0.8267254584 0.9568366612 0.8133063548 0.7519472108 0.6477868494 0.4208193935 0.3779184895 0.2777885819 0.2553271724 0.2277268686 0.1665372619 0.2480843840 0.2041282908 0.2348496263 0.2145214493 0.2386722966 0.2236636978 0.1917309175 0.1844654708 0.1929639994 0.2273331789 0.1991645054 0.2047326728 0.2448789291 0.2393871989 0.2250323554 0.2489947660 0.2004293311 0.2060771562 0.1672814618 0.2520025629 0.2735128547 0.2820193023 0.3936089411 0.4751319778 0.6486697706 0.7872844566 0.8395033049 0.9357473725 0.8806976637 0.7273133873 0.6054635794 0.5110847075 0.3649562555 0.2968125019 0.2298120125 0.2241660095 0.2345885401 0.1866784113 0.1581502685 0.2078239818 0.1988518337 0.2209115270 0.2117856120 0.2509970691 0.2285350472 0.2150989806 0.2093487265 0.1796940349 0.1682125141 0.1823155971 0.1890555016 0.2226054177 0.2351353268 0.2189499944 0.2403536758 0.2478980211 0.2332111556 0.2878819601 0.3498478986 0.3909710673 0.5307920658 0.6284575869 0.8489075241 0.9265871466 0.9401608973 0.8374826211 0.7231311788 0.6003444589 0.3903518714 0.3016911945 0.2911880259 0.2313738860 0.2082776757 0.1720390836 0.1966512379 0.2307634502 0.2290240448 0.2034192460 0.2002437995 0.2322850338 0.2392065742 0.2226437300 0.2333983707 0.2210835854 0.1863148959 0.2043336206 0.2730370386 0.1734881472 0.2526028526 0.2451140950 0.1870909024 0.2670387105 0.2258334333 0.2670778501 0.2411254053 0.3565135955
0.1803334401 0.1767348835 0.1967505636 0.2460373504 0.1752175860 0.2409817712 0.2557753059 0.3040210023 0.4276239876 0.6132813603 0.7105267247 0.8154790993 0.9443278561 0.8634781154 0.8020304372 0.6188757769 0.5443009058 0.4220880062 0.2595336634 0.2892796326 0.2231399760 0.1815308847 0.2155305205 0.2288767236 0.2274129599 0.1979153414 0.2093990196 0.1921777541 0.1922340182 0.2132279462 0.1869083638 0.2402228336 0.2234328378 0.1637620383 0.1941875679 0.2472300347 0.1665109915 0.2125977174 0.1769596234 0.2023918062 0.2271885132 0.2468978693 0.2995076737 0.2671372137 0.3176159267 0.4258255883 0.5508131771 0.7463677167 0.8623925832 0.9386319286 0.8728825109 0.7908399243 0.6487764546 0.4973365448 0.3816343777 0.3322291425 0.2551979668 0.2595152638 0.2051915908 0.2078319759 0.1783782026 0.1980781949 0.1811670952 0.1923775588 0.1824113251 0.2140581244 0.1717092325 0.2347621172 0.2015368879 0.2532904677 0.2381899009 0.1580132643 0.2299372394 0.2371375874 0.2186569340 0.2183912597 0.1977152779 0.2283402596 0.2490816790 0.2767406186 0.2650368087 0.3574460275 0.4437002170 0.5442422809 0.7567027099 0.8847419697 0.9093234224 0.8908328595 0.7780651132 0.7105224342 0.4480793950 0.3779785452 0.3001932328 0.2822704316 0.2010886250 0.2022342739 0.2557887087 0.1970028816 0.2315342882 0.2114738747 0.2018497898 0.2006373927 0.1986343760 0.2648218471 0.2306602751 0.2362724971 0.2275102452 0.2138964960 0.2480355707 0.2363439460 0.1681781898 0.1749902827 0.1949071388 0.2001754769 0.2421519876 0.2230234535 0.2495183927 0.2895468803 0.4130937727 0.5177104328 0.6566694741 0.8026947279 0.9237033063 0.9360030238 0.8646407621 0.7762052592 0.6028582645 0.4714466708 0.3277988829 0.3421390988 0.2445162870 0.2522293504 0.1736337247 0.1528391508 0.1885322756 0.2363350556 0.1849109599 0.2502387403 0.2288564267 0.2416522155 0.1880783828 0.1981172469 0.1946977709 0.2534936627 0.2211661955 0.2079523943 0.2333264979 0.2461068662 0.2013970245 0.2268585141 0.2109734193 0.2449068700 0.2408485131 0.2607844865 0.3126300748 0.4127330776 0.5235967967 0.7202500814 0.8266291556 0.9503813041 1.0000000000 0.8378682008 0.7391860899 0.5830234576 0.4558705707 0.3576494708 0.3536091891 0.2736219840 0.2066771299 0.2108182001 0.2163691895 0.2265237029 0.2145447600 0.1994192262 0.2252929345 0.1887765795 0.2797304028 0.2549149440 0.2234923976 0.2055571311 0.1952184215 0.1665145118 0.2018257583 0.2515920674 0.2200077846 0.1991591991 0.2582818560 0.1738791040 0.2431867512 0.2313837554 0.2344331218 0.3331960569
0.1629623028 0.1782052199 0.1907717439 0.2541572260 0.2018751080 0.2596829948 0.2364224170 0.3232606224 0.3920633198 0.5692710137 0.7121626935 0.8789688338 0.8922987427 0.9146220800 0.7963665447 0.6874072015 0.5176585495 0.4257088192 0.2736624239 0.2722895152 0.2218210775 0.2302228369 0.1983303802 0.2297171799 0.2544270785 0.2025156632 0.2192326599 0.2355538089 0.1993086256 0.1972542257 0.2141222178 0.2362235167 0.1875743408 0.1950333773 0.2134067999 0.1895499563 0.1749457663 0.2159190083 0.2247610118 0.2027911648 0.2065160973 0.2774528957 0.2682070919 0.2669642686 0.3704080506 0.4279619195 0.5946529728 0.7296013237 0.8885807480 0.9215305150 0.8985014247 0.7576628456 0.6825271876 0.5183604086 0.3637654315 0.3295039157 0.2584292447 0.2598641980 0.2459017540 0.2064194815 0.2608964991 0.2285296044 0.2007425896 0.1949225077 0.2049749268 0.2283235048 0.2056412445 0.2529621242 0.2270007841 0.2105362411 0.2030280330 0.2154865004 0.2193426884 0.2273097711 0.2025377700 0.2334081900 0.1754718753 0.1875346933 0.2229853558 0.2408684282 0.3307082682 0.3669897397 0.4740912877 0.6341550149 0.7078005255 0.8737665148 0.9583006536 0.8909533838 0.8057782728 0.6422037972 0.5209637346 0.3503996051 0.3340074827 0.2422322069 0.1974696970 0.2271789596 0.2437913226 0.1707170426 0.2507906250 0.2049635022 0.1465844602 0.1837490024 0.2407714221 0.1889004299 0.2554703377 0.1775029178 0.2289781033 0.2198622251 0.2298224252 0.2574047456 0.1571013016 0.1990645301 0.1655051392 0.2321687307 0.2510498970 0.2331657458 0.2634988257 0.3100431019 0.4077132602 0.5206426585 0.6315658120 0.7884163488 0.9369357053 0.9466829860 0.9417296828 0.7902234206 0.6254911204 0.4903655008 0.4430079124 0.2955529862 0.3113247830 0.2257087624 0.2526602909 0.2085398367 0.2343643291 0.2866195101 0.2027679141 0.2429733704 0.2846016826 0.2041488870 0.2120055868 0.2328344574 0.2102827294 0.2377722351 0.2534994280 0.2484019130 0.2400125885 0.2248396171 0.2499050278 0.2446729637 0.2251471708 0.2546600459 0.2511066621 0.2726813119 0.3244006814 0.4016918343 0.5213671739 0.6415870846 0.7740144150 0.9464987606 0.9869616551 0.9164539598 0.7670865567 0.5799154662 0.4808496034 0.3192159765 0.2783948395 0.2687998205 0.2872092599 0.2238436775 0.2354922686 0.1858966656 0.2596335931 0.2138225949 0.2510400888 0.2089491666 0.2253333694 0.2563255872 0.2018417072 0.2478600848 0.2685134499 0.2471989899 0.2802341031 0.2115938057 0.2491950585 0.2144994374 0.2606421805 0.2443402714 0.2451660515 0.2276019408 0.2724354724 0.3278135144
0.2436179828 0.2210648594 0.2536991533 0.2012640450 0.2902350375 0.2144670540 0.2588414270 0.3606342483 0.4179407357 0.5695978883 0.7422448780 0.8564441165 0.8817982717 0.9612925093 0.8205979179 0.6827752590 0.5260373514 0.4491277378 0.3356849314 0.2244791759 0.2887985572 0.2292918493 0.2429762400 0.1924543009 0.2196771782 0.2636419421 0.1984141371 0.2182530275 0.2313682502 0.2278360861 0.2587159086 0.2396039721 0.1993688369 0.2106770367 0.1928138695 0.2602987636 0.2335364236 0.1932894786 0.2654832794 0.2370599894 0.2334010601 0.2065080494 0.2754254411 0.2357167471 0.3555148694 0.4550242930 0.5517160730 0.7687342768 0.8670472963 0.9628528606 0.9589995264 0.8414461593 0.6932770947 0.5636137005 0.4102137929 0.3205256615 0.2210777514 0.2324183204 0.2051786682 0.2263748298 0.2135590246 0.1952722711 0.1665733103 0.2193961168 0.2662431732 0.2275565745 0.1700026984 0.2358753530 0.2021679527 0.2623399712 0.2077618071 0.2229834844 0.2247983311 0.2181646845 0.2853597491 0.2051274491 0.2367145773 0.2404579793 0.2679914385 0.2416058056 0.2913942441 0.3107585381 0.4859307532 0.6361155051 0.7884331522 0.8867685021 0.9241599203 0.8766698513 0.8059704282 0.6662543466 0.5202693860 0.4037048838 0.2965437622 0.2410205895 0.2408376198 0.2428554801 0.2328124933 0.2613874352 0.1945610079 0.2811002938 0.2372869229 0.1939636544 0.1938535689 0.2031879088 0.2345507767 0.2344480942 0.2649344063 0.2343528078 0.2424112049 0.2566401936 0.2136882869 0.2285522984 0.2642880397 0.2091795522 0.1967801110 0.2406030455 0.2885795865 0.3106664827 0.3918912491 0.4830769535 0.6624750441 0.8040240669 0.9075875902 0.9692176152 0.9146492393 0.8130340279 0.6151859224 0.5480566942 0.3869877754 0.3494739740 0.2450391482 0.2630393776 0.2344511997 0.1890048689 0.2175544501 0.1819423163 0.2289968179 0.2562503100 0.1858401959 0.1575542352 0.2481810548 0.2635762250 0.1707812048 0.2681216582 0.2345159030 0.2825791011 0.2075806952 0.2177183364 0.2301118386 0.1942332442 0.2185483029 0.2263974939 0.2829106882 0.2501032696 0.3366892297 0.4306919778 0.5346261445 0.6772667074 0.8364404527 0.9365784628 0.9356335380 0.9449552027 0.7683450506 0.6050287418 0.5152644672 0.3936658120 0.2725146146 0.3026899452 0.2431285189 0.2153379040 0.2492427143 0.2430080850 0.2459437891 0.2510270914 0.2392690934 0.2661076774 0.1861740720 0.2926853136 0.2490439415 0.2602735481 0.2783370216 0.2481673958 0.2578755618 0.2031884126 0.2305595926 0.2530053918 0.2098467198 0.2516903160 0.2462858694 0.2659225498 0.2858818620 0.2919524529
0.2031341176 0.2937577074 0.2703527463 0.2225554158 0.1707249108 0.2383310987 0.2756065790 0.3037064519 0.3763839070 0.5771124888 0.6961510962 0.8585745994 0.9675200041 0.9477327813 0.7952310384 0.7150723554 0.5763154781 0.3888280750 0.2927408199 0.2892148480 0.2628192609 0.2131491273 0.2334441975 0.1986728603 0.2319416936 0.2879609668 0.2010983675 0.2272656253 0.2492154036 0.1965317641 0.2289562799 0.2539740445 0.2231939913 0.2631538995 0.2024932437 0.2575465175 0.1965074026 0.2230855316 0.2194505613 0.1918984766 0.1981602765 0.2152818222 0.2339006095 0.2456216345 0.3543586780 0.4501753402 0.5897901334 0.7354536812 0.8654341443 0.9384453706 0.9364487399 0.8054001372 0.7099282327 0.5529033077 0.4527811344 0.2876274574 0.3285145481 0.2362569932 0.2559467943 0.2615258273 0.1886429522 0.2331683257 0.2232314582 0.2177210109 0.2183616719 0.2181838029 0.2037902074 0.2749893538 0.2532356490 0.2678078379 0.2355773836 0.2402435456 0.1961809653 0.2670694175 0.2243993572 0.2525045468 0.2010520809 0.2205108193 0.2793917814 0.2018704943 0.2713190199 0.3848782747 0.5044987031 0.6021911729 0.7939191379 0.8966885623 0.9491051026 0.9274375027 0.7957210646 0.6697737668 0.5170715348 0.3744450943 0.3098499550 0.2730397639 0.2309449895 0.2483908453 0.1979290364 0.2699685711 0.2233983110 0.2166126838 0.2174204667 0.2065893135 0.2300988194 0.2307818699 0.2655596603 0.2557397699 0.2028529153 0.2869069090 0.2689094376 0.2280844969 0.1617315592 0.2176627128 0.2437445968 0.2005217489 0.2368928311 0.2183429350 0.3119643521 0.3316947128 0.3837828872 0.4577652790 0.6879586425 0.7975983656 0.9205493224 0.9913822305 0.9114226953 0.8522483995 0.6642141138 0.4981339668 0.3947551198 0.2992778433 0.2511849724 0.2477613351 0.2348985778 0.2429055962 0.2794078321 0.2795892317 0.2542250140 0.2381224002 0.2138600674 0.2424671628 0.2110895459 0.2640541900 0.2283864048 0.2277494609 0.2437569622 0.2200853423 0.2049621338 0.1982577067 0.2199835117 0.1900155641 0.2568211357 0.2370005584 0.1918066900 0.3200018876 0.3281180074 0.3868915627 0.4991927660 0.6960176738 0.7557191518 0.9334093914 0.9741712745 0.9103033915 0.7584745912 0.6025912708 0.5053642084 0.4015242816 0.3001406958 0.2488239186 0.2753488153 0.1935989147 0.2462921845 0.2681276231 0.2432743063 0.2578209211 0.2656319977 0.2067819192 0.2079802228 0.2720370486 0.2359135009 0.2025473203 0.2385249852 0.2278236317 0.2526233962 0.2561225791 0.2637230707 0.2245725838 0.2670900091 0.2410176365 0.2642442519 0.2943987026 0.2558230830 0.3304281127
0.2514759847 0.2056091847 0.2412094020 0.2202102513 0.2351812934 0.2516316726 0.2965271072 0.3131133784 0.3652620827 0.5143426966 0.7169398902 0.8681978969 0.9680267952 0.9284141977 0.8561308961 0.7042968829 0.5395133148 0.4248624072 0.3117287328 0.2229345889 0.2567380674 0.2741811048 0.2063433750 0.2279168876 0.2570535078 0.2146410860 0.2213805928 0.2261775717 0.2531594574 0.2638142667 0.2160061756 0.2491320766 0.2180564218 0.2490925949 0.2346637810 0.2692224462 0.2262033998 0.2590534882 0.1958819779 0.1972920568 0.2172742889 0.2545437475 0.2247464802 0.2770142445 0.3174252158 0.4397606002 0.5489880767 0.7070221930 0.8704821782 0.9145884379 0.9286383555 0.8534046493 0.7064638067 0.5578257830 0.3964989720 0.3384157851 0.2650721212 0.2555173843 0.2820404150 0.1955189676 0.1760008009 0.2684027576 0.2099763856 0.2506881378 0.2699693676 0.2421126265 0.2535199600 0.2397074341 0.1640671570 0.2207069044 0.1956071144 0.2283696079 0.2784072677 0.2533281227 0.2575218247 0.2043987408 0.2313498125 0.2655684343 0.2149292240 0.2916290833 0.3030871600 0.4014610476 0.4988042403 0.6169536040 0.7831610050 0.8792161199 0.9443476451 0.9726968338 0.8496963043 0.7140224027 0.5443510945 0.3930581343 0.3050880898 0.2757562153 0.2255281862 0.2296620338 0.2364138485 0.2227108919 0.2301685447 0.2345176828 0.2149721470 0.2595654955 0.2334069765 0.2003382419 0.2678732391 0.2437064578 0.2203161752 0.1694991291 0.2675236237 0.2186868807 0.2411658874 0.2403988989 0.2394942273 0.2439640461 0.2509774675 0.2558919170 0.2880526052 0.2767481120 0.4159673578 0.5466278954 0.6691197011 0.7779245035 0.9097683299 0.9041710990 0.8745024825 0.7914134473 0.7007093705 0.5287269085 0.3373583749 0.3440090804 0.2725331343 0.2381467022 0.2326203624 0.2116089470 0.2903795197 0.2249844770 0.2458183018 0.2808490638 0.2230046265 0.2557980082 0.1865664120 0.2558201482 0.2232437148 0.2959126626 0.3102097473 0.2401002584 0.2728692126 0.2709517912 0.2324577923 0.2874907853 0.2883469860 0.2810388448 0.2724814664 0.2663448529 0.3754164611 0.3987360557 0.4847926759 0.7130096835 0.7727002481 0.9415512660 0.8978454830 0.8949522321 0.7959706685 0.6505167541 0.5030693581 0.3235084070 0.2597190328 0.3046698728 0.2539441837 0.2696654993 0.3035019162 0.2405008075 0.2284479294 0.2096633184 0.2625388752 0.2556966765 0.2334665535 0.2373794039 0.2570752740 0.2489830460 0.2825580228 0.2210298564 0.2284423240 0.2491869410 0.2914836300 0.2616908829 0.2491168253 0.2960554825 0.2765569424 0.2930995876 0.2530374813 0.3390139716
0.2657676549 0.1846127971 0.2182511227 0.1852957647 0.2483611941 0.2211650653 0.2951654109 0.3304929428 0.4194132439 0.5749932704 0.6601364061 0.8220673056 0.9086154853 0.9288848395 0.8086071302 0.7119551654 0.5765568139 0.4749016168 0.3482765319 0.2610377231 0.2386635229 0.2945895662 0.2051030846 0.1986291856 0.2635477390 0.2152970292 0.2241388402 0.2261401635 0.2560599106 0.1955045661 0.2596142606 0.2173228699 0.1920320961 0.2556946203 0.2424139732 0.2681215244 0.1764910996 0.2687632631 0.2701355368 0.2522673575 0.2424500434 0.2640225123 0.2640390357 0.2829530656 0.3624095066 0.4189154686 0.5502524455 0.7294779532 0.8593103852 0.9308722552 0.9211660521 0.8611568429 0.7173070380 0.6063773954 0.4488293107 0.3022285521 0.2626611954 0.2645767050 0.2356242384 0.2394121958 0.2525119646 0.2307406768 0.2151255043 0.2426022914 0.3006801737 0.2070866573 0.2206673430 0.2089559665 0.2426541165 0.2264146977 0.2585180842 0.2779268263 0.2302664834 0.1983294728 0.2190285062 0.1983384097 0.2602399523 0.2561193135 0.1950443844 0.2635220999 0.3475996491 0.3486098625 0.5337037827 0.5859870927 0.7767210667 0.9496550345 0.9842317840 0.9076420574 0.8173342751 0.6700294593 0.5510779309 0.4498575623 0.3305754381 0.2707984530 0.2740223964 0.2462485317 0.2862692557 0.1513056956 0.2208563870 0.2291539718 0.2381162032 0.2503912205 0.2628686604 0.2363628645 0.2406878477 0.2345213123 0.2501631754 0.2173876501 0.2530234420 0.2582499043 0.2541327761 0.2480241988 0.2080158333 0.2294805405 0.2036335733 0.2172942457 0.2547370244 0.2896608160 0.4109195936 0.4572536646 0.6468418019 0.7380052790 0.8950077750 0.9531993404 0.9357269014 0.7964595814 0.7127845898 0.5361374959 0.3832044521 0.3533685317 0.2792930657 0.2746267746 0.2220168809 0.2364057323 0.2534862665 0.2173807163 0.2280129392 0.2344430029 0.2566291577 0.2987491491 0.2477243741 0.1662637472 0.2144187995 0.2108310763 0.2405670557 0.2638834120 0.2351647652 0.2610021374 0.2671023992 0.2487839647 0.2291058606 0.2225234317 0.2543544592 0.2975385702 0.3696232086 0.4379200172 0.4911088419 0.6582321698 0.8670878452 0.8592868093 0.9833288107 0.9473527744 0.8398745609 0.6675559287 0.4856639543 0.3557083490 0.3104587651 0.3077891156 0.3071888174 0.3053746410 0.2624946215 0.2424264251 0.2356650296 0.2183459591 0.2308461256 0.2657919005 0.2143716348 0.2707050644 0.2506726284 0.2274073889 0.2234215560 0.2217536648 0.2356679072 0.2192104162 0.2129486914 0.2678039986 0.2519283596 0.2691715204 0.2271932072 0.1894228329 0.2495550690 0.3381304307
0.2200188731 0.2564009110 0.1957531125 0.2156245805 0.1912192812 0.1968171158 0.2302451915 0.3344807097 0.4159050002 0.5049354224 0.6883632389 0.8057603531 0.9276945243 0.9123775197 0.8855083650 0.7011904542 0.5471283565 0.4239201695 0.4035962428 0.1708110612 0.2848409958 0.2181374642 0.2245223850 0.2333502895 0.2840220422 0.1801974444 0.2018419200 0.1903282054 0.2726671102 0.2510338017 0.2403179716 0.2071017174 0.2876540131 0.2220220426 0.2172056698 0.2299786467 0.2281046597 0.2507517992 0.2120170728 0.2674129646 0.2538759145 0.2553786638 0.2244625784 0.2211496654 0.3683378922 0.4314978457 0.5930950267 0.7536564982 0.8951187485 0.9448721123 0.9341451344 0.8092194482 0.7278895965 0.5306048609 0.3776073197 0.3349538155 0.3068279354 0.2332647188 0.2430391748 0.2399737449 0.1921424472 0.2226489474 0.2145875354 0.2399260219 0.2440761131 0.2515974305 0.2025146452 0.2388791839 0.2046112125 0.2034548048 0.1679979170 0.2253462785 0.2618486010 0.2320656564 0.2812342133 0.2847520061 0.2386050798 0.2318479029 0.2351259421 0.2830628539 0.2699952881 0.3244022201 0.4353294689 0.6054686455 0.7057540919 0.8911020042 0.9352952974 0.9129272865 0.8190041939 0.7224607535 0.4925457499 0.4092287591 0.3380630305 0.2447239156 0.2491448745 0.2552467228 0.2927248620 0.2424532802 0.2255830647 0.1556833997 0.2042774137 0.1994920722 0.2099057744 0.2088951165 0.2519419366 0.2060636078 0.2407165810 0.2281570020 0.2731678529 0.2173641987 0.2443583760 0.2448410572 0.2375370349 0.1859073673 0.2259405188 0.2511807667 0.2669866190 0.3201251481 0.3707160104 0.4485616034 0.5958952412 0.7504967520 0.9529096871 0.9469991160 0.9621885287 0.8546676908 0.7147215182 0.4930002623 0.4443638046 0.3304279686 0.2792375237 0.2645212498 0.1900058676 0.2424165654 0.2570110100 0.2448907891 0.2390684825 0.2098300551 0.2515605330 0.2595223814 0.2215132822 0.2341304196 0.2071289133 0.2681049707 0.2779761625 0.2524008518 0.2636810957 0.2850835058 0.2602387700 0.1938251900 0.2396107330 0.1896620592 0.2247164980 0.2577347829 0.3587019154 0.4101682064 0.5260372750 0.6538971593 0.8263241668 0.9260715655 0.9831412076 0.8818626777 0.7972853853 0.6414218259 0.5776730815 0.4231801532 0.2981517649 0.3196353386 0.2364033840 0.2237879311 0.2870389411 0.1991677101 0.2456519215 0.2693629819 0.2783053852 0.2546708659 0.2490103293 0.2702739000 0.2439985517 0.2084702798 0.2463272720 0.2619285158 0.2666826437 0.2454171044 0.2158389106 0.1815308609 0.1871204756 0.2679365600 0.2252593132 0.2744209739 0.2438992663 0.3502102260
0.2249184406 0.2265163701 0.2334637626 0.2046746818 0.2553843581 0.2354965724 0.2861523011 0.3134391887 0.3835247728 0.4755777199 0.6620999042 0.8680667164 0.9168971724 0.9368155476 0.8513131065 0.7052483718 0.5796154921 0.4086185265 0.3391174145 0.2659235525 0.1703643961 0.2292857376 0.1990662483 0.2003597788 0.2176975083 0.2598710584 0.2436145723 0.2093518996 0.2297973908 0.2396865002 0.2340877982 0.2181772797 0.2415341158 0.2178973892 0.1824337781 0.2169680621 0.1821319653 0.2653115659 0.1840171974 0.2136915604 0.2313291329 0.2650358050 0.2508048203 0.2983563573 0.3332468889 0.4489418610 0.5996453882 0.7288675341 0.8219226360 0.9402493051 0.9762015053 0.8434059473 0.7371659183 0.5680060788 0.4687837373 0.3376960698 0.2830305895 0.2608450208 0.2139381833 0.2427022583 0.2686835312 0.2371006386 0.2151897754 0.2442012083 0.2785347970 0.2650318093 0.1896674014 0.2215092668 0.2026108508 0.1602770255 0.2582587406 0.2094856992 0.1758491060 0.2395142449 0.2368529089 0.2116516169 0.1893835801 0.2210049886 0.2321214254 0.2375995177 0.2911898125 0.3401108826 0.4216037681 0.5664127753 0.7651623870 0.8657081293 0.9516645553 0.9290493509 0.8213449416 0.6973411987 0.5826499761 0.4458632864 0.3202543629 0.2783886186 0.2498657453 0.2402790968 0.2052369633 0.2424045451 0.2206957885 0.2473257507 0.2456175391 0.1980705639 0.2501976716 0.2988763000 0.2628002591 0.2241782700 0.2276023458 0.2044267707 0.2119020117 0.2208331093 0.2406008553 0.2144730348 0.2468698004 0.2205042034 0.3029220820 0.2351085901 0.2477114127 0.3065927076 0.3700246634 0.4599864227 0.6055451386 0.7558636099 0.9153332979 0.9305756477 0.9235228331 0.7949894134 0.7334142982 0.5572655834 0.4208251786 0.3175232411 0.3195643992 0.2461835964 0.2107038729 0.2138231737 0.2852152019 0.2769013704 0.2380487628 0.2634290471 0.2512465756 0.2124419255 0.2553894146 0.1908200691 0.1780305204 0.2439771038 0.2883534925 0.2093255670 0.2625087194 0.2309546455 0.2230543273 0.2634539253 0.2139780989 0.2473215844 0.2002916373 0.2454678798 0.3054945213 0.3849148462 0.5034748350 0.6540381222 0.8151387737 0.8904739812 0.9560064461 0.9381141327 0.7595799129 0.6554813245 0.4936631677 0.3661346329 0.3414135839 0.2323234289 0.2402545891 0.2884699640 0.2383157922 0.2219709428 0.2497454763 0.2166594627 0.2377398150 0.2378786854 0.2613148841 0.2292170874 0.2211417112 0.2333372824 0.2611054993 0.2506050522 0.2345064961 0.2301895027 0.2310699355 0.2847625214 0.2830779077 0.2149486433 0.2128219291 0.2572694714 0.2823596615 0.3557011176
0.2071962820 0.1806759999 0.2005041293 0.2180762335 0.1989415276 0.2314265772 0.2283229415 0.2487884317 0.4186699707 0.5220118988 0.6951355769 0.8018418490 0.8878710174 0.9585856166 0.8343313811 0.7299492750 0.6363506361 0.3962662377 0.3918691523 0.2520889879 0.2697894447 0.2044317228 0.2131072176 0.2109703367 0.1599817352 0.1699182621 0.2343229898 0.2595455922 0.2201886164 0.2420320909 0.2089309056 0.2260533422 0.2220153751 0.2455023108 0.2201603476 0.2124828123 0.2189540158 0.1938796081 0.1742789510 0.1901156232 0.1984835053 0.2098791069 0.2605965575 0.2685680372 0.3180168141 0.4300329512 0.5643604061 0.6680816322 0.8080437067 0.9244810248 0.8632226462 0.8544650648 0.6685403202 0.5979872813 0.3373692666 0.3527633244 0.2618035280 0.1862373650 0.2519817707 0.2953358029 0.2071386705 0.2560963263 0.2006736370 0.2074088559 0.2360269344 0.2504382902 0.1810559343 0.2182909002 0.1670698082 0.1792871706 0.1912924784 0.1916330468 0.1785057641 0.1981475353 0.2038810473 0.2495871760 0.2080545006 0.2068587481 0.2181912304 0.2343692732 0.2848560209 0.2935418987 0.4609788522 0.6035724360 0.7213525960 0.8932950865 0.9293776036 0.9040465991 0.8061163519 0.7192986936 0.5890149558 0.4357420158 0.3130575544 0.3254318269 0.2015061074 0.2059334038 0.2215226973 0.1891740597 0.1567364558 0.2457442017 0.2099303516 0.2133417957 0.2233461167 0.2415886569 0.1774450778 0.2401720014 0.2477736125 0.2672530464 0.1814947367 0.2286498661 0.2219839835 0.2287078495 0.2479599318 0.1954917611 0.2204545555 0.2158248786 0.2647194406 0.3194953720 0.3810658632 0.4509906360 0.5465799985 0.7782106493 0.8572987744 0.9502160965 0.9302612773 0.8061198624 0.6950584898 0.5535894172 0.3452024720 0.3582366890 0.2619256663 0.2378867133 0.2825336814 0.2387973262 0.2699624003 0.2504169118 0.2108826788 0.2217348608 0.2531298826 0.2066990910 0.2038514223 0.2166517825 0.2309535448 0.1970071338 0.3026291591 0.2124287070 0.2459200622 0.2610520327 0.2404538314 0.2031592576 0.2424478730 0.2543921410 0.2493593533 0.2785388516 0.3346223047 0.3807083580 0.4784776086 0.6529723107 0.8127605183 0.9263659223 0.9457055255 0.8890610079 0.7719410188 0.6443566398 0.4958959750 0.3863009462 0.3093252616 0.2108496719 0.2939430956 0.2547445273 0.2619792146 0.2614378756 0.2468935313 0.2051720547 0.2377123077 0.2292917631 0.2258844700 0.2216421570 0.2538526512 0.2365106106 0.2431596759 0.1971873795 0.2653703568 0.2393332449 0.2045257117 0.2101021890 0.2167727572 0.2696822447 0.2204069712 0.2022811130 0.2813247048 0.2901376507
0.2226488763 0.2162015059 0.1781813276 0.1959355983 0.2307262151 0.2413888969 0.2442900490 0.2894544205 0.4428809878 0.5213380631 0.6431557568 0.8213307253 0.8832971720 0.9288673654 0.8819280596 0.7712876502 0.6039422909 0.4755212101 0.3229250596 0.3068713225 0.2150821967 0.2103855694 0.2493867278 0.2060210408 0.2617137299 0.2386581835 0.2724859988 0.2261535934 0.2263708896 0.2291262832 0.2509015852 0.2054404388 0.1824141999 0.2278920608 0.2081567408 0.2046479787 0.2225003097 0.1366155085 0.2022590345 0.1952977234 0.2152786024 0.2028546218 0.2151054810 0.2317878150 0.3233312519 0.3886476252 0.5102200757 0.6876718047 0.7826948109 0.8876800283 0.9442083988 0.8447330927 0.7315954909 0.5100004965 0.4336764715 0.2989230112 0.2948035454 0.2543539032 0.2055676779 0.1963229118 0.2583151925 0.2459549022 0.2185790960 0.2095452424 0.1876321043 0.1885710975 0.2327930416 0.2309513921 0.1876000175 0.1830216493 0.1931567044 0.2079955969 0.2349425840 0.1828022959 0.2324456800 0.2247403182 0.2294996660 0.2429727897 0.2839102690 0.2511754724 0.2646882620 0.3299968028 0.4154623009 0.5657952733 0.7277918738 0.8457604352 0.8652916822 0.9261440544 0.8677573602 0.7054817468 0.5672738728 0.3924613676 0.3366507816 0.2153108430 0.1690740829 0.2178343468 0.2063688771 0.2307132032 0.2097999746 0.1930205884 0.2131058690 0.2554181226 0.1873973612 0.2125978970 0.1476668484 0.2084616623 0.2273344531 0.1668562372 0.2065337180 0.2072178941 0.1974198525 0.2141195190 0.2421679213 0.2168079624 0.1956530713 0.1668627439 0.2797056620 0.2757333484 0.3491394611 0.4757181339 0.6074603606 0.7619352437 0.8916563246 0.9271231464 0.8962666534 0.8118250507 0.6425233555 0.4778002031 0.3873602055 0.3068803253 0.2855217146 0.2638068175 0.2289579052 0.2000382155 0.2482235335 0.2935464069 0.2022790720 0.2198796267 0.2487135657 0.2183743899 0.2459793054 0.1865037483 0.2104402943 0.2425074379 0.2094517754 0.2180423491 0.2073594296 0.2268180430 0.2489610496 0.2318620601 0.2014569177 0.2216829213 0.2424869865 0.2607546855 0.2626564774 0.4005252792 0.5045686500 0.6021909449 0.6929857578 0.9038370438 0.9467671249 0.8910070022 0.8158713857 0.6594519398 0.5457365712 0.3408587786 0.3197613908 0.2676190034 0.2289765055 0.1959127030 0.1785192974 0.1874845023 0.2481775054 0.2102944372 0.2228893496 0.1997118908 0.2328446476 0.2720878106 0.2175348927 0.2064783500 0.2343627446 0.2294607094 0.2450670344 0.2298256363 0.1906289031 0.1939130734 0.2196312990 0.1360387854 0.2057755895 0.2359464269 0.2395197757 0.2683936514
0.1641504974 0.2009670694 0.1766356812 0.2581995982 0.1643252801 0.2151542209 0.1983389723 0.3075284590 0.3884187935 0.4960957109 0.6797981198 0.7780971652 0.8842666956 0.9550234116 0.8581564349 0.7670825210 0.6101929834 0.4791261028 0.3682097987 0.2731525525 0.2212969590 0.2478775151 0.2365075503 0.2215580873 0.1677999090 0.1602852705 0.2112056090 0.1642784858 0.1736869554 0.1912764056 0.1679172468 0.1964194460 0.1073010922 0.1803681162 0.1856995667 0.1718074387 0.1521340134 0.1914702863 0.1908914640 0.2203908529 0.2134230833 0.1521888080 0.1759167212 0.2175794918 0.2865821939 0.3943655264 0.4894560959 0.6210286769 0.9126578373 0.9324777005 0.9228239927 0.8551144903 0.7557084028 0.5224067254 0.4015337061 0.3463417836 0.2558085111 0.2471453682 0.1701720022 0.2232116660 0.1710667807 0.1934081219 0.2066988904 0.2706132813 0.1816259997 0.2244541153 0.1885372609 0.1586140031 0.2192784301 0.2425658407 0.2469245855 0.1943987700 0.1970577995 0.1673401238 0.2222562375 0.2404004466 0.1811994156 0.1631604703 0.2388515936 0.2234136752 0.2555502082 0.3343139724 0.3831067129 0.5869321083 0.6891010072 0.8399797026 0.9150740173 0.8028824184 0.8439531047 0.6907060526 0.5262944966 0.4351520303 0.3126922008 0.2606732634 0.1965110253 0.2103741987 0.2455651121 0.2505494862 0.1985447209 0.1893866547 0.2035290597 0.2251431617 0.1463981428 0.2245201362 0.2201095313 0.2234467143 0.1960148584 0.2295068026 0.1546954852 0.2122009254 0.1981150865 0.2268372310 0.2433337436 0.1730721375 0.1988009697 0.2239099870 0.2934273977 0.3200973676 0.3652598744 0.4706121981 0.5677137130 0.7478266822 0.8142565118 0.9452689414 0.9086917417 0.8250292991 0.6938397630 0.4987479163 0.4049147615 0.3587564962 0.2394311622 0.2212361913 0.2437751779 0.2097840215 0.2256815554 0.2434247023 0.2139875973 0.2025570295 0.1797767993 0.2217803392 0.2308935219 0.2548897807 0.2147399889 0.2843991186 0.2171640820 0.2351038128 0.2314566562 0.2430294700 0.2349973898 0.2380126694 0.2388578348 0.1691584429 0.2011801010 0.2269585575 0.2465676894 0.3088738918 0.4577951358 0.6231196604 0.7527304087 0.9050820720 0.9405288778 0.8944783727 0.8240690991 0.6641132682 0.4951571628 0.3793527610 0.2922389914 0.2589872145 0.2277117966 0.1835141007 0.2268384930 0.2261414241 0.2064762337 0.2369359903 0.2293934104 0.1988405734 0.2681500405 0.2678639536 0.2154348753 0.2404104721 0.1697011384 0.2519936988 0.2245569517 0.2242580366 0.1825385474 0.1891107674 0.2188594299 0.1965443188 0.2119913042 0.2059947960 0.2212935445 0.3099172880
0.1872609459 0.1754487882 0.2204867091 0.1801700882 0.1870479789 0.1685700107 0.2235077465 0.2881897743 0.3707899470 0.4732982793 0.6588994890 0.7937027776 0.8681644292 0.9060247375 0.8664748366 0.7239834213 0.5699754123 0.4399644865 0.3497854230 0.2054995124 0.2124684080 0.1842094969 0.1657880244 0.1559758703 0.2373764594 0.1587451725 0.2365179362 0.1918252046 0.1852825453 0.1923757451 0.2235269117 0.2051624114 0.1867430112 0.1724266931 0.2230274000 0.1767251001 0.1723429314 0.1471656295 0.2022376063 0.1912454300 0.1994073172 0.1936847511 0.1770557174 0.2072295941 0.2893177792 0.3832361831 0.4762261491 0.6535183543 0.8175564843 0.9068461708 0.8728337799 0.8773793751 0.6926123489 0.5537189280 0.4148203381 0.2610588093 0.2339326353 0.2408841312 0.1918278446 0.2354068921 0.2327074499 0.1895710561 0.1478653420 0.2603181961 0.2080556699 0.1443218291 0.2246397110 0.2227192115 0.1991259078 0.1709380885 0.2009684309 0.1571224395 0.1796387505 0.1872851308 0.2423408191 0.2381210760 0.2479161071 0.1767287158 0.2040343352 0.2364564001 0.2545216906 0.2990061817 0.4326218702 0.5376359972 0.6878664457 0.8162541739 0.8719159280 0.9436850884 0.8431698895 0.6480791156 0.5358593419 0.4311102665 0.3107039325 0.2540894845 0.2625203877 0.2419157383 0.1756892004 0.2102064253 0.1901782356 0.1875107325 0.2616974330 0.2707598376 0.2036118355 0.2225803389 0.2186713345 0.2393108938 0.2506013654 0.2094012124 0.2171926295 0.1707997294 0.1597824022 0.1780730488 0.1683201484 0.2140335198 0.2205206315 0.2507994412 0.2351042373 0.2362613527 0.3523510415 0.4471651773 0.5698224482 0.7105664868 0.8309513173 0.9104040876 0.8925096051 0.8304899670 0.6852482203 0.5384854650 0.3447935347 0.3873479153 0.2778009752 0.2549137310 0.2210485846 0.2447121605 0.2273337586 0.1907560179 0.2220182604 0.2341240469 0.2232550711 0.1937522363 0.1997581523 0.2266015851 0.2059195980 0.2572371685 0.1539211147 0.2042575372 0.2305379396 0.2102442164 0.2085312193 0.1848948683 0.1870399547 0.2111767288 0.2359386074 0.2145272265 0.2968017277 0.3366529367 0.4763302436 0.6262328730 0.8028408898 0.8731229571 0.9058825301 0.9595047659 0.7774561342 0.6404916814 0.5101107303 0.4103080771 0.3374752638 0.2356279000 0.2455532461 0.2287782313 0.1984408209 0.1661012359 0.1942568470 0.2372837571 0.2197141926 0.1694681032 0.2143627135 0.2065121150 0.1366255622 0.2068413366 0.1967924843 0.2223510410 0.2530260888 0.2253699965 0.2173119602 0.2166339529 0.1682450689 0.2019813128 0.2071959105 0.1966923407 0.2175648959 0.2862316212
0.1652089009 0.2100632079 0.2563623012 0.1852346205 0.2169697982 0.2172778000 0.2174280723 0.3155816386 0.3323788628 0.4656850256 0.6745543148 0.7729411775 0.8863097821 0.9598817374 0.8656443977 0.7513855680 0.5712402525 0.4287321397 0.3219289757 0.2859086403 0.2234884743 0.2209449744 0.2161405246 0.2303635037 0.1616244903 0.2202396055 0.2028439978 0.1748379420 0.1846411176 0.2287374761 0.1642097538 0.2171553461 0.1580756450 0.2126628765 0.1773370353 0.1960263513 0.1926635116 0.1770080261 0.1832043591 0.1982710445 0.2008796631 0.2211825472 0.2111798208 0.2266269354 0.3200828321 0.3650784724 0.4739210013 0.6343583415 0.8285026792 0.9094304198 0.8883590107 0.9023982864 0.7156887288 0.5831024614 0.4119432899 0.3225438615 0.2566716775 0.1705602865 0.3110877771 0.2308153668 0.2078594013 0.2151748999 0.1678309168 0.1601834284 0.1931641773 0.2447977727 0.2508057717 0.1599759313 0.1976029599 0.2201846385 0.1295692056 0.2311038679 0.1964490181 0.2229545953 0.2200932615 0.1890600934 0.2459234761 0.2144430926 0.1572656903 0.2705008749 0.2103211965 0.2690659099 0.3735555877 0.4708836638 0.7000965824 0.8172580162 0.8924410698 0.9013042007 0.8555717021 0.6873565813 0.5612886993 0.4285988992 0.2998787375 0.2771502084 0.2082791665 0.1896880157 0.2590194098 0.1934135604 0.2144868015 0.2300717405 0.2136451075 0.2215476852 0.1928655809 0.1994254222 0.1799473721 0.2268105978 0.2174704613 0.1967275186 0.2122212947 0.2106638488 0.1857530011 0.2549033622 0.2017507569 0.2018430508 0.2037125842 0.1825620749 0.2508153136 0.2977559655 0.2846381945 0.4215539023 0.5539251854 0.6655079795 0.8631809798 0.9326438540 0.9211758088 0.8107945182 0.6703892242 0.5220858274 0.3868532580 0.2705061202 0.2095709708 0.1849614449 0.2017757282 0.2588677462 0.2132996681 0.2420612170 0.2127867013 0.2134911459 0.1897629246 0.2207559713 0.1950714464 0.2115876262 0.1897989111 0.2187264477 0.2084171437 0.1932763703 0.2164281390 0.2153858857 0.1990280180 0.1945287970 0.2433824965 0.2002396843 0.2122531979 0.2505051637 0.2907247737 0.3524470766 0.4178189517 0.5825567897 0.7865173556 0.9229941954 0.9209411199 0.9079287969 0.8206411635 0.6710397710 0.4855546334 0.4124011098 0.3058842291 0.2589929093 0.2382320261 0.1997587382 0.2149707164 0.2284082563 0.2324165545 0.2032069693 0.2196799705 0.2735926805 0.2407460488 0.2098396472 0.2253085581 0.2463398965 0.2016140047 0.2330635165 0.2314134033 0.1818234697 0.2751799791 0.2410178571 0.2654258579 0.1958539150 0.2324609660 0.1905637849 0.2417086596 0.3189036802
0.2575675262 0.1499035976 0.1661873715 0.1892342611 0.2105006010 0.1970547510 0.2165023237 0.2428723295 0.3059716360 0.4371338160 0.6489329133 0.7715511807 0.8589787227 0.9045251376 0.8602139079 0.7590646487 0.6181799973 0.5060388206 0.3279346600 0.2657214229 0.2327655246 0.2412177707 0.2503330618 0.1364134997 0.1538315757 0.2091481029 0.1954826173 0.1952228453 0.1912070877 0.1546665313 0.2010222672 0.1982880376 0.1794113502 0.1919165167 0.2132900007 0.2092061484 0.1794901012 0.1963615862 0.1938418856 0.1479523289 0.2067994350 0.2245367601 0.1828049651 0.2234250897 0.2913259946 0.3774102031 0.4196744172 0.6247579656 0.7525090887 0.9140899051 0.9584563676 0.8075575123 0.6903890595 0.6032129945 0.4336505020 0.2793910885 0.2675861658 0.1945218364 0.2428880617 0.2246380600 0.1502174275 0.2337421352 0.1754614040 0.2555738333 0.1710626729 0.2203911400 0.1916190898 0.1563419385 0.2167820362 0.2210874165 0.1835952396 0.1905593695 0.1646880949 0.1738104287 0.1748125702 0.2218426644 0.2321071858 0.2213408062 0.2561810366 0.2386445607 0.2748459729 0.3139409093 0.3829636609 0.5685705135 0.6728791758 0.8043767528 0.9416372411 0.8621398691 0.8401880089 0.7217430491 0.5475773724 0.3979059310 0.2864631471 0.2613674384 0.1988811013 0.2110496263 0.2015539327 0.1959676006 0.1855697441 0.1743810740 0.1624919394 0.1775502701 0.1995791264 0.1910130495 0.2124015318 0.1834480915 0.2172268510 0.2126559772 0.1423694661 0.1864720911 0.1628746004 0.2048027302 0.2346096768 0.2462143208 0.1934596068 0.2395817894 0.2232331121 0.2730020011 0.3207245337 0.3705886370 0.5412501546 0.6140854172 0.8524316849 0.9518923687 0.9343563739 0.8008745619 0.7165158753 0.5093479009 0.3675286359 0.3248868054 0.2518007142 0.2231297157 0.2168744139 0.2139600303 0.1635987636 0.1633036983 0.2128418103 0.2238350711 0.2327815614 0.2432833805 0.2077902155 0.1434730956 0.2654139470 0.2019660406 0.1910583700 0.2161633748 0.2014921907 0.1935555622 0.2518319259 0.1885045757 0.2455916672 0.2055042113 0.2012939444 0.2308631394 0.3035240557 0.3553998035 0.4444213016 0.5672400650 0.7365008438 0.8575255286 0.9060309315 0.8804673420 0.8587012091 0.6164242063 0.5655083866 0.4228976263 0.3647315177 0.2166146016 0.1979976043 0.2410082648 0.2179663410 0.2575910782 0.1825243321 0.2622025118 0.2425311158 0.1918082823 0.1853346394 0.2217689868 0.1924703907 0.1972376606 0.2179145637 0.1578863061 0.1832299969 0.2055105250 0.1738545128 0.2075486725 0.1760258990 0.2224964645 0.1879219471 0.2261270724 0.2809297565 0.3277728888
0.2031791026 0.2113652387 0.1631942004 0.2214461831 0.1705418851 0.1954429428 0.2163061801 0.2841665086 0.3318416747 0.4436979515 0.6055625779 0.7565278772 0.8982972488 0.9002710124 0.8037902464 0.7138808577 0.5611410733 0.4382498035 0.2612341254 0.2648596390 0.2285676652 0.1483818787 0.2582695056 0.1672205053 0.1901358769 0.1604236554 0.1556634469 0.2129959987 0.2048854459 0.1560299130 0.2165041053 0.1669534453 0.2409574176 0.1832770186 0.2490258124 0.1844353478 0.1655601440 0.2288036779 0.1789364856 0.2247098641 0.2409988853 0.1596513978 0.1623701612 0.1909383007 0.2739661853 0.3352321112 0.5217858659 0.6493839468 0.7866112536 0.8776872645 0.9277758340 0.7956624048 0.7751014088 0.5938249287 0.5095228411 0.3610549764 0.2368057577 0.2408218523 0.2126827801 0.2207880466 0.2456059589 0.2045704793 0.2148000733 0.2069691738 0.1690807423 0.2096245526 0.1608978265 0.1981422387 0.1923835143 0.1938482811 0.1706619370 0.2001947703 0.2199784208 0.1332841684 0.2646404042 0.2119566308 0.1987228450 0.2048496924 0.2185052188 0.2606809390 0.2449505258 0.3068429164 0.4048566450 0.5101125761 0.7263744318 0.8374289899 0.9282136793 0.9068998032 0.8399851291 0.7406755709 0.5726605123 0.4060231380 0.3037601243 0.2737843908 0.1830778792 0.2538452492 0.2163293097 0.1942175529 0.2364278499 0.1754496771 0.2323185435 0.1787311548 0.1622574045 0.2196151811 0.2038006826 0.1891847053 0.2293262309 0.2287432188 0.2029650049 0.2047580467 0.1406490450 0.2452038855 0.2219356330 0.1606439242 0.2062818001 0.2339990468 0.2543012300 0.2221456064 0.3044168459 0.4070354494 0.5723498549 0.7355491572 0.8424617846 0.8878420895 0.9539575945 0.8113427316 0.6962798312 0.5363571847 0.4036701610 0.3282819229 0.2868270961 0.3159973674 0.2060337727 0.1935601975 0.1983200417 0.2292819690 0.1869451934 0.2192487181 0.2127604597 0.1581078806 0.2083716518 0.2347807255 0.2101720182 0.1828668061 0.2338312087 0.2158356203 0.2198668786 0.1488910578 0.1823507732 0.2262825267 0.2199255490 0.2249730992 0.2498939411 0.2154236305 0.2337764638 0.3273403806 0.4531018952 0.5609278856 0.7054482786 0.8756319473 0.9351821073 0.9177239257 0.8357782254 0.6774229388 0.5269190787 0.4247628588 0.2910416239 0.2332559102 0.2435065033 0.1975547256 0.1770567910 0.1757726176 0.2488723096 0.2587691726 0.1831550879 0.2571680833 0.2049326073 0.2517962594 0.2238242513 0.2592210591 0.2316281569 0.1686684147 0.1574054510 0.1782123575 0.1991330450 0.2087467204 0.1966771402 0.2267777339 0.2535978955 0.2197783789 0.2812461695 0.3018893431
0.2533490559 0.1499813272 0.2275462956 0.1927349418 0.1907120917 0.2061765043 0.2249623411 0.2658515975 0.2980692109 0.4664194260 0.6188073951 0.7328751354 0.8896195625 0.8937416189 0.8477273617 0.7922628899 0.6690204876 0.4099298822 0.3215540630 0.2420684799 0.2316961865 0.2530552798 0.2027766395 0.1689225516 0.1650767866 0.2395651697 0.1839454182 0.1963783401 0.2240612724 0.2411542576 0.1994040765 0.2007046573 0.1551121369 0.1936186068 0.2275107828 0.1666389700 0.2608914587 0.2113765121 0.2352038606 0.1916799852 0.2377897157 0.1578454080 0.2586996040 0.2270209457 0.2796916883 0.3592377794 0.4734743627 0.6293970881 0.7805620970 0.9034703621 0.8931756763 0.8935663569 0.7360098668 0.6290154957 0.4506964709 0.3130853817 0.2499956347 0.2265078913 0.2388506486 0.2452445259 0.1520964199 0.2289772168 0.2239036017 0.1747619197 0.2388535784 0.2552983326 0.2499982287 0.2186440704 0.1979173606 0.1602240537 0.1802523759 0.1229480931 0.2011855702 0.2304424336 0.2159933637 0.2344412923 0.2679975427 0.2018706081 0.1724306109 0.2093645085 0.2161414949 0.2745023690 0.3646199906 0.5131465147 0.6801035130 0.8014836756 0.9302922625 0.9080846107 0.8094631583 0.7198346568 0.5300305374 0.4395138989 0.3589980679 0.2185076382 0.2403375250 0.2445546617 0.1765580942 0.1980990357 0.2423068494 0.2429805385 0.1895466335 0.1878080800 0.2186252856 0.2329495743 0.2064182107 0.1979194720 0.1987826736 0.1318585353 0.2177914276 0.2177635873 0.2247559932 0.2025757698 0.2087929573 0.1928518933 0.2182334644 0.1754567400 0.2395870155 0.2688232278 0.2773819365 0.4078729282 0.5904880966 0.6631794408 0.7852939546 0.9306137794 0.9230392437 0.8747817742 0.6692332397 0.5597646605 0.4347732464 0.3146477653 0.3181664399 0.2276941556 0.2305333649 0.2622576061 0.2209881833 0.2173701426 0.2495573927 0.2183622916 0.2018979809 0.2031942925 0.2212656671 0.1996860084 0.2192269345 0.2116441181 0.2008295552 0.2140019640 0.1414719580 0.1941904664 0.2135478354 0.2187345294 0.1662294519 0.2090379277 0.2196109145 0.2673465378 0.2522343695 0.3470882985 0.4258569166 0.5650604043 0.7193285514 0.8693023407 0.9014192471 0.9008376805 0.8593272773 0.7321147986 0.5518910142 0.3987001498 0.3258236068 0.3038104722 0.2651479664 0.2057522453 0.2245389544 0.1901549106 0.2335183572 0.1937408726 0.2514463683 0.2270016351 0.2440980997 0.1882976076 0.1962734139 0.2107164484 0.2071319423 0.1972688595 0.2035942948 0.2592425251 0.2105583293 0.2454753305 0.2182961400 0.2556322469 0.1793054154 0.2502617291 0.2528738941 0.2294397948
0.1897277047 0.1774247912 0.1716982383 0.2185298175 0.2407827905 0.2387557856 0.2256789827 0.2655423834 0.3199844702 0.4829300053 0.5722161919 0.7574814211 0.8489634394 0.9419391540 0.8640262779 0.7801622533 0.6292132244 0.5020151615 0.3554015615 0.2590266262 0.2215012285 0.2479161989 0.1968751996 0.2071207139 0.2080795055 0.1829524639 0.1546907748 0.2248369563 0.1834512708 0.1924019187 0.1692503789 0.1489089344 0.2168767418 0.1933655043 0.2206901230 0.2023216482 0.1647676468 0.2132478279 0.1924239411 0.2241680094 0.1883226813 0.1858943696 0.2132056050 0.2043749384 0.2688056002 0.3667511350 0.4527055970 0.6363948951 0.7690128396 0.9218907565 0.9229341593 0.8494939199 0.7945620196 0.5909469634 0.4587348184 0.3741651558 0.2710832327 0.2707465551 0.2674430653 0.1725575402 0.2155350040 0.2347383014 0.1360140179 0.2072556124 0.1996388589 0.2347403115 0.2514350760 0.2427310605 0.2389094765 0.2296047333 0.1901045881 0.1541230626 0.2298355823 0.2054211176 0.2437704711 0.1984766273 0.2319415789 0.1985805117 0.2180233358 0.2427189441 0.2732012115 0.3360801912 0.3443028725 0.5471751761 0.6501483146 0.7957311703 0.8838066281 0.9590384784 0.8860738450 0.7484876192 0.6006689847 0.4676404740 0.2967690625 0.2858030198 0.2346479603 0.2422031038 0.1921754148 0.2141771739 0.1969590809 0.1952704606 0.2306834869 0.2159177410 0.2089484783 0.1981380004 0.2159583715 0.2673403766 0.2005622934 0.2286740077 0.2405156947 0.2337538495 0.1822565966 0.2120410505 0.2304869585 0.2613896160 0.1881778737 0.2003778760 0.2362534773 0.2876981555 0.3390536192 0.3994198402 0.5496201885 0.6919925763 0.8578011155 0.9388667296 0.9361697238 0.8165890855 0.7305583254 0.5855651930 0.4290001151 0.3460917968 0.2576705217 0.2397102014 0.2500093960 0.2627260573 0.2051924028 0.2030994246 0.2108161534 0.2517697210 0.1285087191 0.2214043986 0.2688860231 0.2412502258 0.1994795882 0.2421775330 0.1924111605 0.1964436090 0.1910844583 0.2335270632 0.2196833902 0.2346353036 0.2562997603 0.1936692209 0.2770879755 0.2379937803 0.2789486962 0.2844290807 0.4847322139 0.5888086860 0.6948967126 0.8754246556 0.9378413982 0.9343619116 0.8358744723 0.7148991412 0.5146450162 0.4196149711 0.3329042311 0.2853631763 0.2340702717 0.1811532954 0.2104619549 0.2432181278 0.2481574261 0.2219474650 0.2506342111 0.2001740718 0.2171115546 0.2056287857 0.1858046944 0.2546850460 0.2066576439 0.2329084074 0.2325818073 0.2245279442 0.3014068753 0.1927494156 0.2517065385 0.2397284539 0.2320955164 0.2417371433 0.2829605405 0.2630997043
0.1900288668 0.1963067234 0.2220876290 0.2304867463 0.1971012392 0.2341282058 0.2287905620 0.2471614060 0.3519211530 0.4455387331 0.6381248953 0.6869825596 0.8959271865 0.8893326702 0.8532063757 0.7749169132 0.6541031217 0.5022263285 0.3549562889 0.3162126352 0.2538391262 0.2434349394 0.2177707159 0.1742180084 0.2107287586 0.2295742398 0.2162354699 0.2165774657 0.2357606955 0.2459061168 0.2190529003 0.1556134156 0.2090866292 0.2378203673 0.1904022555 0.2483803112 0.2038911491 0.2258026190 0.1993705859 0.2015798283 0.2283802520 0.1831655902 0.2311849008 0.2574019339 0.3287679321 0.3878254301 0.4856767456 0.6501602134 0.8249495652 0.9008037360 0.9077130375 0.8589257210 0.7695082141 0.5986717745 0.4314158731 0.3568989347 0.2180367358 0.2474533548 0.2487020646 0.1788966639 0.2457761874 0.1876292710 0.2084012059 0.1615771284 0.2485046193 0.2146352551 0.2329368956 0.2299487999 0.2083249184 0.2312010705 0.2210540646 0.1861362042 0.2004462268 0.2543374646 0.2191237245 0.1869472386 0.1964449503 0.1976161163 0.1628974019 0.2696595222 0.2673304869 0.2752234657 0.3472878645 0.5436735707 0.6216306749 0.8130214689 0.9120213019 0.9473101008 0.9021739817 0.7279593747 0.5715956249 0.4596617910 0.3839996796 0.2525507127 0.2364611893 0.2529644802 0.2153777065 0.2184957179 0.2181539302 0.2654428093 0.2264933636 0.1728685933 0.2262231907 0.1684628482 0.2172835183 0.2350314618 0.1867685306 0.2092652853 0.2504819551 0.2877108052 0.2430018015 0.2250447863 0.1758563712 0.1700633752 0.1764543369 0.2518120013 0.3004431788 0.2317573591 0.3392262026 0.4144846082 0.5488657125 0.6570866246 0.8096470266 0.8807097400 0.9113366482 0.8717094281 0.7024188591 0.5600547806 0.4585320936 0.3193373910 0.2731649548 0.2251142641 0.2233865666 0.2469310617 0.2515061932 0.1988082270 0.2490107977 0.2610448773 0.1913034535 0.2291121959 0.2485579466 0.1688605113 0.2374525052 0.1707403036 0.2235597873 0.2202046943 0.2063387631 0.2114004392 0.2529849986 0.2838130267 0.2442561014 0.2268950524 0.2256617163 0.2302245550 0.2658941074 0.4048336273 0.4431261429 0.5740570794 0.7642443358 0.8858321989 0.9100062076 0.9452218946 0.8208640722 0.7279532249 0.5565848802 0.4535048926 0.3302080566 0.2671414025 0.2284276896 0.2473417195 0.2261483133 0.2652659576 0.2362064277 0.2231435874 0.2547729916 0.2164728402 0.2221956459 0.2752825295 0.1721272150 0.2609992182 0.2100555210 0.2047689647 0.2297154902 0.2329929740 0.2290809730 0.2741278606 0.2462857862 0.2539379308 0.2259767322 0.2835922058 0.2609624826 0.2781629454
0.2651137713 0.2215992587 0.2206155816 0.2363924434 0.2685936043 0.2184870191 0.2180353776 0.2849827272 0.3297447668 0.4775650200 0.6085168612 0.7759186273 0.9483030581 0.9238055793 0.8536479997 0.8043666409 0.6347388495 0.4882946312 0.3726996482 0.2951313832 0.1777835128 0.2023826991 0.2160191652 0.2067812093 0.2291988010 0.2278902664 0.2275675274 0.2280992063 0.1861646979 0.2290327465 0.2632198967 0.2130062306 0.2415886784 0.2117767455 0.2381215627 0.1809950018 0.2215487647 0.2200230978 0.2306557339 0.1825392793 0.2302038676 0.2255738733 0.2121574273 0.2558075155 0.2985673925 0.3692179893 0.5365650390 0.6248756259 0.8068845121 0.9693645978 0.9132252951 0.9250045350 0.8266990409 0.6305749473 0.4815893023 0.3970333035 0.3345206494 0.1868556009 0.2223933209 0.1822116880 0.2520655127 0.2431595473 0.2203543325 0.1840281444 0.1769700601 0.2011846914 0.2264917083 0.1983742793 0.1721030637 0.2130079772 0.2488177518 0.2614141810 0.1872894658 0.2253717130 0.2210527380 0.2203215320 0.2338301577 0.1891091914 0.2273186575 0.2276207278 0.2175820449 0.2951770975 0.3905916324 0.5169415306 0.6136489227 0.8483625037 0.9112758493 0.9305401234 0.8733377254 0.7334611298 0.6092551407 0.4057060122 0.3387048357 0.3033391611 0.2561529200 0.2161630571 0.2509302436 0.2196958953 0.2231123566 0.2723152226 0.2333639593 0.2375144274 0.1936782799 0.2432482806 0.2108949551 0.1942717062 0.2187807823 0.2664670170 0.2365514056 0.2566313749 0.2224181581 0.2116131744 0.2346001255 0.1956126767 0.1974596988 0.2508887516 0.2561735467 0.2540220401 0.3003376841 0.4000241742 0.5503630627 0.6958607672 0.8648243949 0.8671849417 0.9783711585 0.8433515977 0.7027809080 0.5897759548 0.4554420294 0.3294359686 0.2953446501 0.2674340927 0.2204663485 0.1864852237 0.2800645655 0.3052887660 0.2388903445 0.2258325529 0.2970502847 0.2529517512 0.2957383173 0.2214442956 0.2762924816 0.1934906617 0.2398742391 0.2678115695 0.2419020934 0.2142020281 0.2106927601 0.2333219752 0.2298918484 0.2072738895 0.2342134615 0.3110417325 0.3441940493 0.3497830013 0.4322981373 0.5737947291 0.7541759520 0.9027153301 0.9859250236 0.9834275843 0.8554570795 0.6734263773 0.5720036360 0.4402942387 0.3356361672 0.3115609673 0.2874814084 0.2937458101 0.2238115880 0.2141837875 0.2018520408 0.2641341424 0.2011031142 0.2272172572 0.2840715810 0.2230072773 0.2120609973 0.2611784126 0.2339957853 0.2568227105 0.1927367767 0.2589018960 0.2556982988 0.2369314335 0.2311358559 0.2265103007 0.2220560356 0.1913120821 0.2802755988 0.3289663220
0.2128070389 0.2161897491 0.2301384887 0.2370263287 0.2363481710 0.2215217657 0.2449543711 0.3053223886 0.3415473399 0.4538008660 0.5786618072 0.7344509222 0.9033696358 0.9695542667 0.9278894676 0.7959730412 0.6257502071 0.4404109260 0.3620564892 0.2923214279 0.2775751765 0.2012928323 0.2588157740 0.2023565530 0.2230848864 0.1824593528 0.2057744051 0.1842416307 0.2289482715 0.2357914757 0.1909859898 0.2180958056 0.2378585762 0.2300902855 0.2083728857 0.2031256477 0.2248606181 0.1927344349 0.2585688993 0.2528032828 0.2599360080 0.2251276558 0.2183092954 0.2484047811 0.3444028165 0.3726663078 0.5518696604 0.6567896515 0.7973176018 0.9026666050 0.9885218856 0.9313205341 0.7905151452 0.6439257447 0.4920945066 0.3805133737 0.2893120363 0.2333504867 0.2406899620 0.2160871961 0.2335979424 0.2420736185 0.1819601226 0.2055150251 0.2168159855 0.1964394945 0.2276619673 0.1533432598 0.2134822047 0.2640655777 0.2860432373 0.2508831737 0.2474402264 0.2544233613 0.2230886646 0.2831015113 0.2051111366 0.2572603527 0.2115912825 0.2579476249 0.2272151587 0.2965509545 0.3958771656 0.5479524981 0.6761195575 0.7709343829 0.9694959407 0.9438626114 0.8737128880 0.7559632200 0.6226874098 0.4504129325 0.3923261892 0.2699153749 0.2386422599 0.2359071414 0.2912345545 0.2279946633 0.2611933020 0.2170611584 0.2582885770 0.2730368891 0.2223595879 0.2561615220 0.2104965135 0.2599254034 0.2151798311 0.2475890299 0.2088211349 0.2463791728 0.2283758943 0.2875029668 0.2515719137 0.1886754133 0.2283060874 0.2580348987 0.3022554389 0.3004423407 0.2895902453 0.4440663338 0.5632219798 0.6744613272 0.8174906329 0.9172107897 0.9482171026 0.9145887172 0.7857874599 0.5934357485 0.4526701326 0.3587282292 0.3417098689 0.2854215198 0.2150571456 0.1800294790 0.2271266853 0.1950553807 0.2856215489 0.2373579157 0.1924692968 0.2539966488 0.3168042875 0.2509616790 0.2488545973 0.2441720221 0.2756984065 0.2365473996 0.1684113379 0.2447216621 0.2464519599 0.2475656911 0.2387564652 0.2440508610 0.2414537937 0.2763799575 0.2748829698 0.3559620643 0.4249392328 0.5751706799 0.6401623829 0.9235277847 0.9503979774 0.9656425295 0.8826970474 0.7436937012 0.6689221620 0.4396344314 0.4006870891 0.2828463896 0.2436488828 0.2340641923 0.2531339665 0.2218577040 0.2116516070 0.2963211939 0.2518174390 0.2168639303 0.2404002720 0.2687170822 0.2179962100 0.2051470981 0.2715127294 0.2573467202 0.2406447410 0.2762049079 0.2535110524 0.2522435007 0.2651069235 0.2957444952 0.2613722449 0.2723747203 0.2884108686 0.2907509949
0.2116362064 0.2909770291 0.1582768022 0.1763292651 0.2078840537 0.1976284661 0.2404828331 0.3000517552 0.3556125637 0.4751066219 0.5609278918 0.7510834055 0.8776102952 0.9684364571 0.9429852271 0.8015037923 0.6612146560 0.5289996183 0.3763996819 0.3319354564 0.2851379212 0.2389890818 0.2602639695 0.2306422752 0.2183691663 0.2244586346 0.2082507694 0.2513429206 0.1961140306 0.2745346490 0.2472400578 0.2019951297 0.2327311877 0.2591097585 0.2506724639 0.2512012202 0.2388091245 0.2741977118 0.2611135168 0.2211356822 0.2149140737 0.2690315525 0.2489637033 0.2740859371 0.3162432048 0.3883863129 0.5394621950 0.6527481063 0.7952079134 0.8885356566 0.9279804684 0.9235946075 0.7801928625 0.6685750938 0.4882189709 0.3648792291 0.2546202062 0.2600204346 0.2697840351 0.2217312937 0.2186726345 0.2263420994 0.2296358456 0.2792002041 0.2739642232 0.2232273303 0.2525286909 0.2701274885 0.2462754706 0.2182740622 0.1987859504 0.2424079534 0.2329277846 0.2102284484 0.2281959400 0.1944587374 0.2285961244 0.2900805222 0.2525473995 0.2515856657 0.2798144648 0.2879545344 0.4462728400 0.5503026847 0.6271316799 0.7948763891 0.9439237037 0.8608713486 0.9027840168 0.8025470045 0.5882351913 0.4777570635 0.3237242025 0.3029923870 0.2789350944 0.2587988523 0.3416481615 0.2424518375 0.2263234478 0.2033634527 0.2652562479 0.1519576338 0.2556154085 0.2252221679 0.2420853079 0.2745352867 0.2623503702 0.2447794681 0.1953697190 0.2710300962 0.2502044830 0.1866122380 0.2184224142 0.2395638089 0.2401032674 0.2088784253 0.2441998543 0.2971537796 0.3066107086 0.3840189334 0.5452720266 0.6714511822 0.8482966547 0.9294287801 1.0000000000 0.9493283623 0.7928700326 0.6278467346 0.5001044056 0.3582390839 0.2783852155 0.2840018769 0.2719529717 0.2247958664 0.2862249569 0.2547841064 0.2791086645 0.2336766034 0.2063239544 0.2608749673 0.2556163529 0.2376924515 0.2814252698 0.2246884727 0.2622177429 0.1626613172 0.2589709886 0.2556495224 0.2463701133 0.2667794467 0.2263146492 0.2289446657 0.2226720120 0.2370063673 0.3706381460 0.3441502188 0.4602805954 0.5425428917 0.7123634141 0.8416838742 0.9947768140 0.9253179406 0.8762420431 0.7474102433 0.6026650288 0.4570605052 0.3639338163 0.3042785611 0.3110427538 0.2356891655 0.2189532842 0.2362740491 0.2798948001 0.3073031872 0.1921198615 0.2356205551 0.2513416322 0.2167024608 0.2259671562 0.2334963343 0.2425197016 0.2917271736 0.2410764286 0.2397556861 0.2491616193 0.2186027599 0.2931381361 0.2318213309 0.2181518489 0.2474435744 0.2828345676 0.2830069400
0.2258023733 0.2137393813 0.2136683262 0.2340979890 0.2421599713 0.2595751804 0.2739171185 0.2282725486 0.3335170671 0.4464220329 0.6582539208 0.7846937275 0.9032637084 0.9151657694 0.9064478573 0.8759016974 0.7019986440 0.5912944856 0.4165486649 0.3192964923 0.2442329319 0.2324845008 0.2360272275 0.2040051672 0.2215712273 0.2100757366 0.2487062797 0.2066189263 0.2601968496 0.2350052073 0.2290398421 0.1851006411 0.2216765342 0.1863008696 0.2359975293 0.2097503360 0.2424926172 0.1899576357 0.2082741633 0.2528568517 0.2155687769 0.2432871016 0.2519181393 0.3014865834 0.3114468392 0.4128348376 0.4989515282 0.6135902544 0.7871627018 0.8483920754 0.9915744833 0.9019646578 0.7775866949 0.6367197339 0.5728466685 0.4549219824 0.3530298674 0.2809899250 0.2339895829 0.2604294980 0.2454581172 0.2559319014 0.2058623613 0.2015229725 0.2327390338 0.2348428262 0.2391910975 0.2332299869 0.2679851436 0.2639759596 0.1958915061 0.2351923616 0.2191688756 0.2630461838 0.2320035119 0.2437866133 0.2698457365 0.3080865674 0.2387703323 0.2581723945 0.2561619818 0.2885226844 0.3983018162 0.4791902017 0.6516554404 0.8241377738 0.9150647150 0.9839784196 0.9467866630 0.7723235919 0.6875026819 0.5244671529 0.4138568796 0.3459430904 0.2916847268 0.2966325658 0.2559717736 0.2601050171 0.2697123852 0.2278210133 0.2334595710 0.2687323787 0.2326696235 0.2918476695 0.1954881459 0.2541041564 0.2246049483 0.2384786442 0.1977037379 0.2328709282 0.2158055657 0.2330456986 0.2374815130 0.2161568477 0.2180631536 0.2928491358 0.2523601217 0.2904085587 0.3116433844 0.4432875940 0.5295358648 0.6948598211 0.8363430492 0.9190509008 0.9547743931 0.8882345570 0.7396874568 0.6026530237 0.4668260020 0.3877435414 0.2889091707 0.2863587410 0.2589856140 0.2510877835 0.2193007738 0.2645446343 0.2342731039 0.2126092473 0.2349847763 0.3027465361 0.2103042607 0.2050952995 0.2500160110 0.2159274672 0.2255058559 0.2599295399 0.2744530730 0.1982221555 0.2711148671 0.2292776238 0.2652168754 0.2418667354 0.2786598880 0.2680490985 0.2886307862 0.3549416519 0.4361685757 0.5494185775 0.7020576542 0.8363024606 0.9736960203 0.9655560608 0.8769120614 0.8032670277 0.5665160195 0.4656545648 0.3783010461 0.2783247482 0.2638274548 0.2677839009 0.2872099528 0.2825051357 0.2340679222 0.2815161718 0.2375469266 0.2557201722 0.2213284923 0.2325418515 0.2262934079 0.2439686099 0.2375756395 0.1796482948 0.2313537857 0.2230696789 0.2718142883 0.2726896738 0.1968512647 0.3029892851 0.2684031508 0.2609441223 0.2575755228 0.3108558728
0.1875719746 0.1878598939 0.2406647539 0.2680220360 0.1837983509 0.2510989091 0.2212826723 0.2721867212 0.3467567907 0.4165846208 0.5649989730 0.7285895869 0.8966507388 0.9035750696 0.9127632894 0.8405442175 0.7047563327 0.5643053942 0.3667146900 0.3047364332 0.2670425469 0.2396584144 0.2629296226 0.2520703709 0.1971931261 0.2190876608 0.1941439660 0.2034365134 0.2654495784 0.2051669164 0.2189685860 0.2277120813 0.2333851000 0.1922046229 0.2429971245 0.2176950311 0.1996021917 0.2229797223 0.2629826667 0.2636408123 0.2172911854 0.2196810539 0.3042235188 0.2798548262 0.3489818249 0.3455582843 0.4491454108 0.6315732084 0.7481134224 0.8824888831 0.9255776071 0.9302935923 0.8195761151 0.6745498448 0.5864587533 0.4138024873 0.3393157845 0.2973181126 0.2441267165 0.2268946548 0.1711585536 0.1993649688 0.2704318099 0.2664070866 0.2192798265 0.2474021617 0.2893128165 0.2917164855 0.2257926056 0.2192190730 0.2598689683 0.2256336780 0.2454883468 0.2158907086 0.2475867181 0.2523405385 0.2921680200 0.2474983999 0.2609163052 0.2486897958 0.2993008740 0.2814020858 0.4127056239 0.4884271914 0.6661001473 0.7648710633 0.9467165679 0.9289824280 0.9256333642 0.7872561022 0.6771118156 0.4767750353 0.4175250194 0.3443100088 0.2853888345 0.3076296566 0.2256615508 0.1848561247 0.2797225906 0.2002388792 0.2261401838 0.2311470422 0.2591228789 0.2817495034 0.1711029383 0.2039171596 0.2335138845 0.2135157341 0.2123900151 0.2675464477 0.2318786321 0.2231508719 0.2823307457 0.2514512489 0.2402804609 0.2668612158 0.2971780940 0.2663576777 0.3096119777 0.4401198553 0.4729710345 0.6818134901 0.8006654422 0.9561610652 0.9917814300 0.8884995075 0.7576976541 0.6008572126 0.4898979588 0.3687478116 0.2841180529 0.2812522340 0.2056879224 0.1870829078 0.2061635445 0.2614344418 0.2620307986 0.2626095256 0.2244203194 0.2263123033 0.2118110637 0.2148696754 0.2322684611 0.2713360432 0.2338508727 0.3010001166 0.2439653181 0.2729184240 0.2735657320 0.2903049778 0.2070852411 0.2352064529 0.2084292124 0.2347615190 0.2987919716 0.3336425886 0.3868565661 0.5949611819 0.6947509245 0.8901087310 1.0000000000 1.0000000000 0.8770069382 0.7021794615 0.6146388795 0.4836881258 0.3409645792 0.3107524200 0.2566836474 0.2975040081 0.2534800112 0.2562219181 0.2108231090 0.2328999277 0.2281329616 0.1973946953 0.2409774911 0.2849307367 0.2785635291 0.2685403562 0.2509525981 0.2615133328 0.2391459068 0.2865398837 0.2711412262 0.2000384960 0.2224012778 0.2552202609 0.2566911740 0.2604363397 0.2913684428 0.3074198011
0.2284671144 0.2403679008 0.2071881559 0.2168647182 0.2915709671 0.2481160547 0.2612726400 0.2948345201 0.3242354933 0.4580384505 0.5678255238 0.7082200315 0.8760303345 0.9273896129 0.8944916154 0.8546988665 0.6990328813 0.5127699837 0.4130337762 0.3230381287 0.3053735521 0.2630146184 0.1859749903 0.2581517491 0.2423590010 0.1967452295 0.2627960973 0.2054352731 0.2565645600 0.1783166836 0.2369429880 0.2186217175 0.2408176880 0.2754193860 0.1857028213 0.1595602031 0.2405277317 0.2070565606 0.2581630174 0.2322904363 0.2692917882 0.2162041509 0.2404658444 0.2762600611 0.2706993723 0.3926444689 0.4910431699 0.6081071025 0.7415583042 0.9166158894 0.9281579072 0.9057391207 0.8154266410 0.6953768622 0.5329417771 0.3322462895 0.3331648700 0.2994615857 0.2481371945 0.2476118758 0.2691632554 0.2024558690 0.2714616012 0.2525059681 0.2547416235 0.2245096233 0.1491073239 0.2202678799 0.2219095956 0.2638845857 0.2432751926 0.2091174332 0.2338637879 0.2278323572 0.2665109559 0.2537511156 0.1984905270 0.2424707497 0.2499202562 0.2016924144 0.3152160657 0.2623022592 0.3810389775 0.5000225104 0.6232389453 0.7623651682 0.9182051448 0.9256819568 0.9086156893 0.8198974928 0.6918183754 0.4995268166 0.4153606306 0.2903653978 0.2626848061 0.2782695347 0.2744331291 0.2170070777 0.2515537395 0.2490279392 0.2607945775 0.2547915740 0.2044825028 0.2587968393 0.2304508175 0.2330367098 0.1915420876 0.2732378570 0.2267314535 0.2154784300 0.2347715812 0.2308900751 0.2694771625 0.1737005957 0.2119030789 0.2167280383 0.2612338974 0.2782123514 0.3221078025 0.3966353763 0.5517783160 0.7310688505 0.8387419979 0.9037243846 1.0000000000 0.8829909549 0.7831627456 0.6145826054 0.4946682123 0.3519218012 0.3207973577 0.2748321464 0.2411540103 0.1967227654 0.2462504332 0.2896691883 0.1739196643 0.2454892360 0.2484645345 0.3107008153 0.2680218688 0.2080023414 0.2835378115 0.1948679105 0.1972872258 0.2448159033 0.2219744311 0.2259522402 0.2312027908 0.1821864951 0.2420247698 0.2478464243 0.2010326163 0.2469545321 0.3019484751 0.2975761975 0.4649665837 0.5454605183 0.6454857897 0.8383923506 0.9503499667 0.9200907332 0.9091173996 0.7321403586 0.6203601225 0.4677690319 0.4202606364 0.2691153211 0.2738106438 0.2713598838 0.2556395338 0.2693027584 0.2411554393 0.2356198573 0.1875229774 0.2482050960 0.3073196361 0.2659693168 0.2500153733 0.2757163554 0.2360346694 0.2915172279 0.2290549908 0.2440340846 0.2379937837 0.2848723458 0.2786841450 0.1931979354 0.2576840139 0.2812076318 0.1864160726 0.3117009156
0.1985303064 0.2572104180 0.2136917744 0.2292372374 0.2093883299 0.2601046117 0.2195649020 0.3004642076 0.3179270092 0.4404141685 0.5425759624 0.7628429375 0.8660152590 0.9626727851 0.9738365205 0.8597640321 0.6815737911 0.5067797043 0.4200301289 0.3349185762 0.2804944272 0.1975713695 0.1464094470 0.2131868295 0.2383624812 0.2368133415 0.2470338338 0.2568873486 0.2488697148 0.2048307436 0.2604329271 0.2072168684 0.2117559898 0.1829917993 0.2762757460 0.2103253957 0.2077114899 0.2233070572 0.2359767191 0.2139257158 0.2069023743 0.1982923154 0.2446751921 0.2279816145 0.2316652141 0.3301537983 0.4702257250 0.5952124189 0.7731996424 0.8833014908 0.9506764664 0.8925355079 0.7829454990 0.6589180512 0.5194489246 0.4246444132 0.3189071253 0.2406356721 0.2543279952 0.2997668268 0.2540112390 0.2633845027 0.1958944602 0.1956630784 0.2081110604 0.2065840850 0.2696714492 0.2139744835 0.2373210461 0.2068907779 0.2155234512 0.2724089362 0.2640319503 0.2049352654 0.2446454530 0.3075808806 0.2187040788 0.2433532059 0.2323401944 0.2144259668 0.2701355839 0.3192890670 0.3512391536 0.4435810373 0.6573276644 0.7601980296 0.8593639810 0.8939644275 0.9279016632 0.7552628958 0.6640513226 0.4901191800 0.3676684901 0.3297483378 0.2735302754 0.2560754458 0.2639161397 0.2466158200 0.2297515456 0.2533253164 0.2264875748 0.2398183341 0.2271741830 0.2162481265 0.2505080633 0.2577003951 0.2323648844 0.2545192017 0.2796375709 0.1794208821 0.1612456429 0.1696164231 0.2439505376 0.2471656777 0.2205646447 0.2146263483 0.1943588429 0.3054731460 0.3303460970 0.3669721994 0.5438529900 0.6842561322 0.8760247684 0.9105058981 0.9669866289 0.8657851859 0.8068218792 0.6196565269 0.4485095382 0.3828301294 0.3009984715 0.2321536560 0.2803272335 0.1933576009 0.2696314026 0.2257220084 0.2322106023 0.2528006263 0.2271824134 0.2617346108 0.2589041727 0.2539273575 0.2804551353 0.2400465637 0.1556089631 0.2421281057 0.2253444284 0.2595439228 0.2157332615 0.2252841602 0.2420429766 0.2855670308 0.2208537846 0.2948230894 0.3121144803 0.2833841654 0.4017981921 0.5723070566 0.6802032700 0.8421657902 0.8748214606 0.9521953232 0.8739990989 0.8096306773 0.6472341806 0.5158411068 0.3854793139 0.2477111314 0.2446050700 0.2049856754 0.2120669816 0.2665938282 0.2755326579 0.2149584721 0.2301103079 0.2267843870 0.2310865321 0.2074427317 0.2120972502 0.2632422875 0.1996324752 0.2059347167 0.1918808085 0.2287436652 0.2032579737 0.1972773573 0.2277642375 0.2197374978 0.2216562872 0.2703563527 0.2764398598 0.2957635245
0.2209973215 0.1912327289 0.2513878866 0.1927023713 0.2165294247 0.2355512147 0.2583089754 0.2689643791 0.3601964131 0.4523585929 0.5847873226 0.6822895889 0.8540311566 0.8419383451 0.9292051426 0.7809929983 0.6673050099 0.5579118320 0.3708679707 0.3006313517 0.2871144598 0.1859875407 0.2153627568 0.2225169735 0.1773081140 0.1743745696 0.2535737812 0.1502789728 0.2798938610 0.2086956043 0.2586175142 0.2224993664 0.2018224516 0.2446312698 0.2161687387 0.2035491290 0.2292714589 0.2398026610 0.2256163365 0.1934340890 0.2024648675 0.2027864464 0.1893665287 0.2069318567 0.2496301513 0.2788300541 0.4715864189 0.5633632057 0.7717432217 0.8653123547 0.8638805744 0.9189261403 0.8251964674 0.6432105020 0.5256585811 0.4380552566 0.3151414306 0.3118728568 0.2387067069 0.1869128172 0.2045050887 0.2352625796 0.1966205160 0.2467222631 0.2545393474 0.2263761089 0.1941716700 0.2269700192 0.2441027120 0.2051551058 0.2853047035 0.2312682062 0.2049231639 0.2149269450 0.1877165639 0.1964137216 0.1977516450 0.1628773926 0.2420326818 0.2104571158 0.2590065079 0.2639795676 0.3704453512 0.4779908880 0.6183838701 0.7919212677 0.8908253338 0.9527718422 0.9492230385 0.8144632766 0.6744106721 0.4571658003 0.4422355132 0.3366306465 0.2554366359 0.1949526678 0.2201529699 0.2475504193 0.2060853211 0.1981396125 0.1869705972 0.1308702885 0.2014528206 0.2651150909 0.2479146256 0.2719505151 0.1824668209 0.2226071720 0.2417096825 0.2184070749 0.1814522658 0.1803334836 0.2291760058 0.2010854656 0.1976772420 0.2111615505 0.2340931706 0.2171189407 0.2732849152 0.3512351148 0.5194249587 0.6278333356 0.7866905000 0.9027870855 0.9214858753 0.9106728099 0.7689312426 0.6794395244 0.4720924862 0.3685963629 0.3201639060 0.2500996179 0.2925375902 0.2298775633 0.2687685954 0.2631184502 0.2281909518 0.2241322000 0.2516885519 0.1805265524 0.2168362894 0.2047642710 0.1832789362 0.2065809061 0.1590085214 0.2262231285 0.2207483125 0.2120973277 0.2489542223 0.2558468149 0.2644537833 0.2579847276 0.2229909397 0.2411309201 0.2157462097 0.3618773376 0.3941666900 0.4665233259 0.6609746393 0.8457815165 0.9456991251 0.9496482304 0.8902413210 0.8058492294 0.6072757001 0.4844769071 0.3375226328 0.2825366942 0.2379548456 0.2306549882 0.2990488279 0.3107636104 0.2607661211 0.2183524610 0.2475327046 0.2608479668 0.2491065763 0.2254418388 0.2545830735 0.2325758451 0.2282522015 0.2432513934 0.2985891232 0.2319407136 0.2210338309 0.1899067197 0.2236962880 0.2387829814 0.1635800782 0.2217243825 0.2484298200 0.2628503596
0.2219157340 0.1855697234 0.2002150199 0.2271797572 0.1732526633 0.2256795178 0.1879740948 0.2047744636 0.3180388836 0.3942397791 0.5334707422 0.6612261450 0.8419037590 0.8872888882 0.8865914931 0.8468311608 0.6779630171 0.4964371311 0.4026646946 0.3150615674 0.2705460064 0.1932145041 0.2092122886 0.2333271756 0.1997650748 0.2001296069 0.2394717101 0.2259706587 0.2460509929 0.2237830477 0.2483574738 0.1579015532 0.2280231463 0.1773686249 0.2303113296 0.2439874881 0.2391211398 0.2393413814 0.1731077394 0.2393172278 0.1669743667 0.2088706462 0.2085510070 0.2494108466 0.2833405965 0.3041737780 0.3956469103 0.5684501264 0.7751149073 0.8141621926 0.9171946470 0.9123054104 0.8171152862 0.6410705193 0.5236470110 0.4116887960 0.3082482677 0.2180700109 0.2067898009 0.2087023744 0.2508442404 0.2418766558 0.1835675228 0.2244586236 0.2132525602 0.1989372823 0.2091971551 0.2274200875 0.1866909083 0.2052327511 0.2122905764 0.2134381517 0.2395307419 0.2592249122 0.1863966923 0.1614054242 0.2587663577 0.2052604856 0.2394525448 0.2826710166 0.2324769320 0.2691069022 0.4029666103 0.4258303595 0.6017729450 0.6995576261 0.9090203309 0.9554262528 0.8978976308 0.8244589331 0.6674512217 0.5083789438 0.3663578780 0.3050262730 0.2559111750 0.2131372819 0.1579466384 0.2128044932 0.2000965254 0.2470722662 0.2356559585 0.2147101260 0.2285006234 0.2295782891 0.2478777202 0.1856676337 0.1866813029 0.2749579524 0.1802564011 0.2382104367 0.2512284492 0.1686308035 0.2308219516 0.2550170365 0.2060432531 0.2082063857 0.2384123487 0.3091740459 0.2621777411 0.3974574587 0.4168262576 0.6554766533 0.7644904524 0.8677162962 0.9404725358 0.8713566048 0.8096087390 0.6160896853 0.4305622448 0.3442468263 0.3361643003 0.2356666291 0.2277036093 0.2637898078 0.1730420271 0.2217068476 0.1878835518 0.2131977573 0.1893966994 0.2323922337 0.2471920121 0.2374185196 0.1638831653 0.1996148354 0.2034484016 0.1751056191 0.1927241402 0.1967736402 0.1871404830 0.2575887520 0.2101011939 0.1866170351 0.2365281197 0.2389777742 0.2962377317 0.3314476972 0.3818301771 0.5622262846 0.6398152123 0.7878097815 0.9059450488 0.9778792975 0.9022011273 0.7729691212 0.5700668946 0.4645960964 0.3501042826 0.2610300231 0.2878103602 0.2591459196 0.1990519507 0.2247040069 0.2405024217 0.2771638419 0.2202289121 0.2200366172 0.2006612403 0.2457776649 0.2163903340 0.2693686996 0.2265593874 0.1904638190 0.2207058701 0.2172688859 0.2476343782 0.1784688002 0.2387306146 0.2390985925 0.2539741025 0.1879742502 0.2420964763 0.2646625025
0.2124179502 0.2108019936 0.2007855867 0.1605810842 0.1506225022 0.2433088010 0.2442393727 0.2987226302 0.3059938330 0.4048356413 0.5201229673 0.7132026727 0.8352708728 0.9250013100 0.8841597745 0.8915450204 0.7378551078 0.5102630415 0.3913258813 0.3418484605 0.2786486162 0.2277595716 0.2573944919 0.2304707363 0.1573236243 0.1436859446 0.1581080644 0.2096697123 0.1916520959 0.1995338831 0.1744596163 0.2037067570 0.1696232487 0.2419416453 0.1923822636 0.2771873379 0.1999524859 0.2071564902 0.1722355436 0.1954206404 0.2319430554 0.2358485580 0.2162190779 0.2334977166 0.2200841754 0.2831967965 0.4487373166 0.5036309899 0.6805781698 0.8492196043 0.9168322086 0.9178394801 0.7714167009 0.6803486204 0.5004904442 0.4335590447 0.2721911354 0.2278039860 0.2504188241 0.1765212187 0.1886434186 0.2244392927 0.2337452800 0.2385536045 0.2065209317 0.2227206029 0.1765069961 0.2402210654 0.1787899364 0.2067389844 0.1949427319 0.1983209816 0.2249451575 0.2281806628 0.2429398829 0.1990284864 0.2337197262 0.1594686048 0.1689847788 0.2345737702 0.2698753019 0.2357784071 0.3504333402 0.4745965671 0.5819351498 0.7893894433 0.8702128141 0.9694414082 0.8824569894 0.7853616391 0.6173987130 0.4770700832 0.3902535280 0.3163251194 0.2643696616 0.2287083311 0.1942434024 0.2005579437 0.2116527830 0.2346507817 0.2388362280 0.1867483474 0.2298992558 0.2194906189 0.2025369548 0.1958751035 0.1768025029 0.1939886953 0.2110468395 0.2011849273 0.2035215938 0.1874455663 0.1872581275 0.2474496956 0.2225437909 0.2180603919 0.1948438635 0.2388517336 0.2968444421 0.3414349513 0.4790654710 0.6599088201 0.7281419009 0.9274187194 0.9123143899 0.8486664775 0.8207916060 0.5779886545 0.4905875666 0.3815171716 0.2627818689 0.2556554118 0.2278712232 0.2086798825 0.2284529593 0.2173795876 0.2611399583 0.2401904253 0.1920083988 0.2446207634 0.2183715594 0.1893079113 0.2165935594 0.1955755573 0.2640276432 0.2187735028 0.2152904560 0.2795465234 0.2328451986 0.2121023189 0.2561483995 0.2571807117 0.1738306052 0.2284557022 0.2443821526 0.2588150181 0.3909524369 0.5345261731 0.6209775912 0.7868631023 0.8760395550 0.9071253749 0.8710823702 0.7393167698 0.5996302306 0.4799709442 0.3289177537 0.3739407226 0.2313877870 0.2393738154 0.2011961362 0.1854566114 0.2574968622 0.1722591760 0.2461304160 0.1909513416 0.2288307591 0.1432640597 0.2468569087 0.1946621518 0.2365615442 0.2079841278 0.1924456446 0.2212056980 0.2266377334 0.1688904508 0.2676749144 0.1779937963 0.3146641255 0.2257918030 0.2530782493 0.2552712786
0.2062371754 0.1956401031 0.1917440636 0.1724402263 0.2020442930 0.1707143347 0.1844517400 0.2395631659 0.2614984803 0.4064218347 0.5675195404 0.6974990926 0.7973962593 0.9103557813 0.8682122310 0.8588708772 0.7082626724 0.4939545478 0.4075345695 0.3033841009 0.2371581524 0.1753744914 0.2435696981 0.2427935118 0.1951132230 0.1658934739 0.2590373498 0.2151285091 0.1910818502 0.1503737865 0.1871937498 0.1918634990 0.1827566643 0.1689549610 0.2161728013 0.1829320488 0.1991142570 0.1930324771 0.2007442853 0.2435669240 0.1814510367 0.2323819641 0.2297942071 0.2504285626 0.2602138426 0.2708202743 0.4187508755 0.5530527321 0.7176407465 0.8280356484 0.9357783292 0.8838500725 0.8248412443 0.6652947630 0.4951465827 0.4196994052 0.3658834605 0.2070026902 0.2663839058 0.1656236298 0.1988716204 0.1957389989 0.1940600606 0.1695943815 0.1774009143 0.2218293550 0.1946778631 0.2015192540 0.1888313470 0.1766853589 0.1778651935 0.1755863488 0.2181198310 0.2006119594 0.2089156733 0.1749500666 0.2249845729 0.1882837878 0.2180343545 0.2045553208 0.2186498983 0.2724609953 0.3509773322 0.4107370575 0.5837492953 0.7014408426 0.8573344836 0.8997304727 0.8809992116 0.7974650169 0.6565979000 0.4975249738 0.3485243406 0.2936183818 0.2411285049 0.2736840924 0.1754690288 0.1704442155 0.1906545064 0.1640372624 0.2153062403 0.2366271519 0.2234819189 0.1860047830 0.1682597619 0.1994230827 0.1611334464 0.2096821318 0.1984474054 0.2039366329 0.2214960820 0.2054211005 0.1442686094 0.2560483683 0.2041457610 0.1592372879 0.2050121792 0.2533332263 0.2493508865 0.3941356130 0.4462451319 0.6249943269 0.7615255178 0.9081612065 0.9245429429 0.9150750669 0.7630281666 0.6115519336 0.4825981904 0.3405581373 0.2374693082 0.2913653030 0.1972706837 0.2207163601 0.1585009480 0.2372940652 0.2138592168 0.2393238091 0.2051214166 0.2255218206 0.1925012301 0.2017809106 0.1922325486 0.1658177229 0.1872996639 0.2260313773 0.1914010803 0.1955691735 0.1853903493 0.2321264201 0.2144705902 0.2246404090 0.2194747654 0.1872998299 0.2364415758 0.3024048046 0.3537648216 0.4879369405 0.6316665187 0.7713071022 0.8911814841 0.9598903160 0.8674427635 0.7495085791 0.5895633683 0.4678741182 0.3309757659 0.3078870006 0.2578113760 0.2360762526 0.1888957633 0.2189629162 0.2286066967 0.1529925275 0.2261903972 0.2250630399 0.2259747136 0.2162570861 0.1772697605 0.1475308691 0.2212877887 0.1788038685 0.1935930609 0.2395972780 0.2302013251 0.1912023143 0.2016342533 0.1911294339 0.2468525059 0.2021209214 0.2733463918 0.2221170404
0.1296976312 0.1610751623 0.1978893247 0.1781647433 0.1589068439 0.1969475893 0.2041539672 0.2142779336 0.2995395647 0.3817443232 0.4930427788 0.6540902785 0.7836642538 0.9621399342 0.9017711986 0.7973908049 0.7219519480 0.5464108972 0.4049878825 0.3504314855 0.2364993661 0.1954449577 0.1857110906 0.2510191880 0.2616051076 0.1460622271 0.1862038643 0.1771255956 0.1648792373 0.2016311450 0.1756466641 0.2309371552 0.1922162901 0.1747306769 0.1987729999 0.2222835575 0.2128867414 0.1643734693 0.2302831752 0.1733370586 0.1583215443 0.2156808005 0.2483267079 0.2431753456 0.2222318371 0.3394242502 0.3859744880 0.5645239192 0.6465251896 0.8377366874 0.9041698733 0.8901252886 0.8366904093 0.6550509442 0.5189870659 0.3961137864 0.2663689327 0.2131855593 0.2363882739 0.1950090140 0.2220614425 0.1461242290 0.2483950315 0.2145558256 0.1326946616 0.1656322188 0.2125847792 0.1080818637 0.1576457346 0.1453781960 0.1920556851 0.2503441887 0.1626160833 0.1728723616 0.2459530681 0.2063027123 0.1874393504 0.1680566940 0.2043111053 0.1934413857 0.2242052282 0.2719115573 0.2915680031 0.4715659816 0.5998661118 0.7118632497 0.8397251112 0.9220957423 0.9338509729 0.7750274971 0.5992484753 0.5695187150 0.3806092484 0.2989960351 0.2659869083 0.2043835024 0.2379922964 0.1966365875 0.2012409622 0.1914984476 0.2233758889 0.1685733212 0.1797690281 0.1939307598 0.1788108015 0.1857636055 0.2774864527 0.2367343587 0.1851530081 0.1963956100 0.2027546862 0.2106738762 0.2280837762 0.1984653889 0.1371178221 0.1737674639 0.1983932273 0.2255794359 0.3365937158 0.3603605912 0.4940216545 0.6025002045 0.7556126266 0.8885750201 0.9024286282 0.9281865743 0.7706276680 0.6564564344 0.4425881210 0.3292134214 0.3111904162 0.2361103544 0.2189500158 0.2262643780 0.1987055241 0.1393738772 0.1992965131 0.1585846401 0.1996674208 0.2276558096 0.1935865330 0.1879105210 0.1846450235 0.2385572526 0.2092426997 0.2084429891 0.2190103045 0.2193256678 0.2007255516 0.2060431839 0.2247392842 0.2044166936 0.1664778021 0.2220306069 0.2567155905 0.2645061222 0.3238265784 0.5139856641 0.6371188175 0.7618622999 0.9164880248 0.8794763991 0.9061364589 0.7752415599 0.5841818999 0.4745532908 0.3297775026 0.2807571078 0.2547567747 0.2119603515 0.2447461430 0.2129507772 0.1716694249 0.2345932712 0.2531737870 0.1824275278 0.2404331422 0.1690178214 0.2449308873 0.1749293122 0.1753592049 0.1969614194 0.2048641984 0.2335605003 0.2321662453 0.2149394730 0.2185364150 0.1809540896 0.1770830040 0.2444291523 0.2378169553 0.2559471287
0.1690682213 0.1589256037 0.2545534220 0.2071212392 0.1944777657 0.1709975304 0.2159449676 0.2138537446 0.2441336977 0.3690806479 0.4872550927 0.6854719091 0.7909274396 0.8699823898 0.8864506911 0.8337457760 0.6765144781 0.4633356556 0.4254938640 0.3237441329 0.2748008877 0.2074798617 0.2006483152 0.2001311188 0.2153445867 0.1773622136 0.1750552334 0.1724073119 0.1628593977 0.2096866302 0.1641514395 0.1910384736 0.1871573723 0.2173496066 0.1684033185 0.2216643583 0.2052980626 0.1841755184 0.1860368899 0.1787684124 0.1946809958 0.2191820834 0.1721174885 0.2162222536 0.2742508440 0.2765232306 0.3562017560 0.5374344838 0.6960170070 0.8226774227 0.8983547110 0.9461435647 0.8253855474 0.6920712992 0.5020965302 0.4143399443 0.3272989840 0.2122217014 0.1803163703 0.1865335019 0.2085224099 0.1803691003 0.2211991078 0.2067494263 0.2022870781 0.1840859487 0.2156188684 0.2059686616 0.2114092916 0.2138294341 0.1910577961 0.1696135869 0.1689872216 0.1421244221 0.1851015463 0.2146911314 0.2127548470 0.1998698247 0.1886074517 0.2268787908 0.1921362955 0.1979921038 0.3474593393 0.4234077389 0.5790619426 0.6679079989 0.8365258573 0.9710859688 0.8972800463 0.8049273282 0.6147279315 0.4708811915 0.3754831442 0.3077554621 0.2154475190 0.2523654742 0.2062266426 0.2227633574 0.2090471590 0.1911608154 0.2249541702 0.2201554881 0.2691147162 0.2641549701 0.1921946523 0.1948184188 0.2019937695 0.1715733052 0.1593849245 0.2059569419 0.2135894364 0.1976828418 0.2031089104 0.1969764899 0.1729576266 0.1968796402 0.2229583066 0.2501313618 0.2674672071 0.3181718793 0.4541543490 0.6348681638 0.7213973121 0.8684850107 0.9224372035 0.8877072634 0.7337062547 0.6002382858 0.4334865712 0.3668038785 0.2990583960 0.1874153941 0.2413559412 0.2023457932 0.1716630151 0.1434972406 0.2459536948 0.2223659297 0.2025342630 0.1977381724 0.1872443786 0.2150219880 0.1796374380 0.1975414620 0.2524588454 0.2295180802 0.2122763127 0.1916264871 0.2423924200 0.2150231963 0.1858409122 0.2188014994 0.1705440572 0.1857897319 0.2106380062 0.2145746054 0.3445222197 0.4496353024 0.6476004606 0.7654673833 0.9319766483 0.9589201140 0.8339827612 0.7085696052 0.6199295532 0.4742028758 0.3524478235 0.2365451109 0.2959082597 0.1892109774 0.1701311647 0.2214513322 0.1831246326 0.2315610621 0.2106277688 0.2188439587 0.1787190261 0.1901185165 0.1767785184 0.2350296787 0.2370523678 0.2028866989 0.1908555821 0.1893369979 0.2005050763 0.1892424474 0.2153348177 0.2239656301 0.2132849242 0.2523974988 0.3127610263 0.2381641826
0.1943098257 0.1416295181 0.2172359511 0.1530982447 0.2109375647 0.1961311140 0.2761719174 0.2512817166 0.3051962632 0.3890425673 0.4823229507 0.6243555034 0.8564754484 0.8728180249 0.8969824370 0.8212361691 0.7113698647 0.5342694807 0.3782994742 0.2399326186 0.2978624967 0.1677199186 0.1986699449 0.1800881732 0.2033189491 0.1398839808 0.1438334986 0.1896442309 0.1898364658 0.2326973595 0.2015112061 0.2136233817 0.2340663394 0.1857646945 0.1451484392 0.1658310833 0.2507324492 0.2492471085 0.1856982781 0.2009052685 0.2046726505 0.1876102722 0.1699373490 0.1991456794 0.2595499434 0.3029730912 0.4226658501 0.5382294229 0.7002756775 0.8584235524 0.9229703120 0.9515898319 0.8192018665 0.7330395469 0.4659724605 0.4220130224 0.2636403170 0.2325197216 0.1787305174 0.2070657852 0.1958878424 0.1415747697 0.2362389303 0.1843220563 0.2480561042 0.1913082574 0.2343970316 0.2547239740 0.1751064825 0.1651680728 0.1764619885 0.1764382259 0.2465852549 0.2237106233 0.2065953921 0.2453711773 0.1615337742 0.1704033106 0.1457569102 0.2193811314 0.2100364444 0.2532854895 0.2933400617 0.4305457973 0.5590113778 0.6349619861 0.8720680888 0.9059454465 0.9673269722 0.8095219541 0.6300804369 0.5047996808 0.3718030347 0.2200206781 0.2491486270 0.2164340318 0.1948053527 0.1924883585 0.2176695951 0.2068594965 0.1632228086 0.1477572326 0.2070348432 0.1963222574 0.1764221472 0.2283309457 0.2140472707 0.1714143485 0.1521634847 0.2055908731 0.1802519866 0.2119669710 0.2566292693 0.2268005464 0.2220855733 0.2161768645 0.2195301221 0.2113489027 0.2739886187 0.3445382244 0.3992413551 0.5678769911 0.7390996676 0.8055523154 0.9268570275 0.8518396798 0.7848015824 0.6516847492 0.4514094476 0.3460189593 0.3122249657 0.2091810294 0.2298662248 0.2176610283 0.1741373812 0.1620681804 0.1687819051 0.2472808222 0.1845084505 0.1560264365 0.2087860096 0.2094097023 0.2140582039 0.2249060300 0.1756956284 0.2266953134 0.2254142661 0.1721965656 0.1784927494 0.2241165146 0.2063948679 0.2154329246 0.2196259260 0.2573839127 0.2560253204 0.2775522027 0.3207230437 0.4290666868 0.6171679042 0.7672211127 0.9014946143 0.9523565668 0.8876621712 0.7828569001 0.6691089473 0.4673876608 0.3158183922 0.2612585547 0.1889871682 0.2567682468 0.1733381508 0.2286304240 0.1796800851 0.2242949175 0.1916676831 0.1919256542 0.1916586457 0.1873470812 0.2296254195 0.2548850641 0.1678020288 0.2235716990 0.2316330003 0.2387674037 0.2504343736 0.2112785293 0.2071133162 0.2236861142 0.2328690576 0.2155387923 0.2197484593 0.2095178655
0.2387087220 0.2252747419 0.2326797958 0.2315677870 0.1769124135 0.2292267631 0.2005622930 0.2521614713 0.2727073973 0.3759511220 0.4499350446 0.6560434252 0.8221711851 0.8697829112 0.8979303118 0.8598552387 0.7238438695 0.5765852972 0.4358660698 0.3117675010 0.2638776900 0.2270324390 0.2247254217 0.1707587856 0.2200171901 0.2560441080 0.2356848682 0.2094561326 0.1823121495 0.2306031092 0.1957254490 0.2238148608 0.2123450831 0.1504405346 0.2161925204 0.1675678623 0.1438900679 0.2177478575 0.1906674057 0.1726456251 0.1768819481 0.1503070369 0.1266206507 0.2286671395 0.2406273521 0.3024973547 0.3971374135 0.5077438230 0.6962888471 0.7972174558 0.9078366621 0.8766778069 0.8301963499 0.6835440082 0.5422218927 0.4330559011 0.3220204030 0.2349540492 0.1581991274 0.2068191550 0.2103529440 0.1724290476 0.1857808582 0.1761883881 0.2000000799 0.2153311244 0.2089570697 0.1853372479 0.1948357586 0.1833096949 0.1576908035 0.2101008529 0.1575533090 0.2414600143 0.2264807127 0.2263667826 0.1599591303 0.1738951347 0.1899333642 0.2347772336 0.2308733540 0.2308788970 0.3158237308 0.3990689690 0.5504343120 0.6990896558 0.8389516414 0.9079834368 0.9093352325 0.8163385974 0.6216600092 0.5312326825 0.3767475612 0.3064072525 0.2420246893 0.2086948151 0.2165607688 0.2507692327 0.1806454684 0.2424556981 0.2180202278 0.1915106860 0.1599274136 0.2436784207 0.2177341379 0.2529957514 0.2014901820 0.2243011858 0.1777136008 0.2529318542 0.1965479064 0.1982371773 0.1868613740 0.2211466443 0.1983445635 0.2064955789 0.2277664216 0.2148924314 0.2352083501 0.3565533149 0.4785312633 0.6221283198 0.7683308571 0.8142748501 0.8680558509 0.9192669698 0.8028720411 0.6706874588 0.5066392167 0.3743226559 0.3307304041 0.2871879410 0.2325644394 0.2090193360 0.2014552548 0.2305111942 0.2485770767 0.2225160615 0.1963415737 0.2304469978 0.1943907296 0.2042858360 0.1687086409 0.2593980153 0.1934787041 0.2536518650 0.1949663986 0.2072642125 0.2289845897 0.2295318691 0.1944170909 0.2256451175 0.1792433272 0.2705702609 0.2176752073 0.3096092730 0.3716343878 0.4542708924 0.6111941336 0.8190504340 0.9079122162 0.9124534873 0.9044124052 0.8017150621 0.6166255361 0.4802695372 0.4039530445 0.2732637116 0.2398041936 0.2514661686 0.1699436431 0.2134053585 0.1706511257 0.2075025174 0.1841804466 0.2051378718 0.2230406749 0.2109327078 0.1872211259 0.2345109630 0.2350072101 0.2197143300 0.1639812173 0.2481516023 0.1959514591 0.2478524008 0.2389875164 0.1841255141 0.1618843740 0.2375692754 0.1913026191 0.3118703812
0.1600814420 0.1927070851 0.2119421717 0.1884505890 0.2187393703 0.1794073082 0.2174280306 0.2633233069 0.2346827771 0.3310636669 0.5404710514 0.6560353237 0.7906170039 0.8567325528 0.9389970459 0.8675803238 0.7103505208 0.5598508110 0.4049864541 0.3234808151 0.2516979184 0.2286647062 0.2050843190 0.2469592374 0.2244368071 0.2139726766 0.2707028520 0.2511384966 0.1739963585 0.2073613786 0.2047622863 0.2233040937 0.2035095780 0.1958164577 0.2282034604 0.2135949490 0.1983588416 0.2615251327 0.2009710410 0.2505686984 0.2016946266 0.1555809163 0.2229555981 0.2010699892 0.2241161752 0.3266157167 0.3646147112 0.5131918948 0.6947192732 0.7874735150 0.9674454497 0.9216306683 0.8698424335 0.6895431623 0.5517525210 0.3507799091 0.3257769422 0.2758045876 0.2770850589 0.1896096356 0.2034882399 0.1975976250 0.1683332880 0.2327660669 0.1268224451 0.2031341114 0.1895735045 0.1657436675 0.2517761518 0.2280719478 0.2163072619 0.1748971095 0.2055286480 0.2055245827 0.2043510330 0.1969358851 0.2249165144 0.2355418175 0.2150754189 0.1996567227 0.2196675184 0.2445308489 0.2799722554 0.4626025286 0.5183492816 0.7220642491 0.7976538792 0.9198675187 0.8987750468 0.9040586348 0.6934777126 0.5795244335 0.3566701370 0.3538941426 0.2639658606 0.2060076344 0.2242725004 0.2091045572 0.2003420125 0.1922045423 0.2326110770 0.2015197778 0.1983713789 0.2205488988 0.1944158672 0.1342459993 0.2110290093 0.2019239779 0.2288443158 0.2027374095 0.1790307482 0.2195325923 0.2042520715 0.2052889690 0.2216666813 0.2012578665 0.2203664266 0.2408057169 0.3019072092 0.3115701545 0.4873689552 0.5955051564 0.6942835116 0.8901758587 0.8831812274 0.9094448906 0.7745685895 0.6526211306 0.4843591000 0.4015474863 0.3011713503 0.2594949497 0.2330737605 0.2352535322 0.1823849605 0.1821252371 0.2213338581 0.2474134441 0.2264029308 0.2450404363 0.2229464813 0.2109015518 0.2481322242 0.1707288264 0.2428472183 0.2211715543 0.2363955634 0.1951406492 0.1793665638 0.2265671519 0.1941677176 0.2423564002 0.2072704463 0.1876744021 0.2216477700 0.3052853533 0.4164760023 0.5084300100 0.5959147488 0.7667398806 0.8421474688 0.9010626999 0.8746382755 0.8153097076 0.6529259544 0.5021481938 0.3266551084 0.3060216822 0.2003780901 0.2798343372 0.1957127753 0.2152706259 0.2268655138 0.2467259109 0.2057133456 0.1811684989 0.2024689215 0.2112348883 0.1774190797 0.2535871030 0.2659258718 0.2431823180 0.1833474236 0.2224666177 0.1946572386 0.1628167749 0.1420427475 0.2572119530 0.1908825217 0.2348900877 0.2233123057 0.2426337049
0.1901244435 0.2193775198 0.1789855831 0.1703373427 0.2102777272 0.2510759592 0.1314279603 0.2443929435 0.3100301554 0.3928711052 0.5387057003 0.6358713584 0.7629263925 0.8610843769 0.9334681894 0.8602426153 0.7800460597 0.5388231741 0.4471748663 0.3520111120 0.3197189589 0.2213979745 0.2767907547 0.2075739941 0.1812825279 0.1916861647 0.2042187674 0.2725981052 0.2202877079 0.1739710688 0.2160778814 0.1905932279 0.2165192665 0.1750007390 0.1746629822 0.2251223335 0.2149991277 0.2407126411 0.1939581553 0.1465945280 0.2600313385 0.2170731571 0.2796749399 0.2220520232 0.2549740001 0.2697050884 0.4011278876 0.5532168814 0.6744518031 0.7872207421 0.8976868518 0.9242831161 0.8464709918 0.6974392449 0.5541790966 0.4431833059 0.3471479049 0.2243396178 0.2573704034 0.2305090686 0.2490173731 0.1352101472 0.1781601082 0.1866072809 0.2037235948 0.1634610594 0.2455393306 0.2048573294 0.1759036149 0.2369109662 0.1655412393 0.2005074728 0.1644287617 0.1723695147 0.2694667556 0.1647484913 0.2353448338 0.1770922016 0.2432988380 0.2410382786 0.2559628959 0.2521310510 0.3569052636 0.3916167442 0.5325417011 0.7212317234 0.8799471546 0.9245534777 0.9316893900 0.8536114784 0.7203706012 0.5599152833 0.4083212949 0.2657245716 0.2358801711 0.2460482454 0.2813036743 0.2042885537 0.2538843625 0.2131888548 0.2306778210 0.1695176947 0.2303434295 0.1893636202 0.1664661173 0.1654666246 0.1754451544 0.2050740926 0.2016562026 0.2439880152 0.2180893592 0.2036460980 0.1879374021 0.2476960632 0.2100382056 0.2236473196 0.2479757042 0.2221815299 0.2599009418 0.3822088511 0.4043844431 0.5415274895 0.7313482660 0.8161889493 0.8964121736 0.8816801548 0.8057549791 0.6333057488 0.5441057583 0.4185278530 0.2524498584 0.2726743567 0.2516979435 0.2275267641 0.2549037845 0.2073899834 0.2292345199 0.2442894859 0.1927459634 0.2960222432 0.2235672418 0.2404653778 0.1751095042 0.2173423233 0.2319759537 0.2219328632 0.2576675895 0.2250732712 0.2196289905 0.1914737699 0.2816867060 0.2121011243 0.2360659132 0.2207947109 0.2665630612 0.2771712869 0.3841718921 0.4407561430 0.5864291868 0.7291273222 0.8366118891 0.9453768113 0.8968535103 0.8413961748 0.6427023632 0.4823052775 0.4141085300 0.3578574673 0.2555198882 0.2471888232 0.2053295010 0.2288052711 0.2436103849 0.2559170379 0.1804781500 0.2539231796 0.2304530811 0.2075462255 0.2134210226 0.2074188555 0.2390774497 0.2547124474 0.2535052943 0.1899316357 0.2127578696 0.2359942650 0.1936561570 0.2495265055 0.2026086859 0.2207958580 0.2271154149 0.2908302762
0.2370611032 0.2101710429 0.2130403068 0.1848467039 0.1985469642 0.1754634308 0.2415618228 0.2228765349 0.3098024748 0.3348929058 0.5302890666 0.6734201580 0.7961117465 0.9345796731 0.9332034000 0.8638717060 0.7468549184 0.6156532541 0.4228053752 0.3486722300 0.2994480709 0.2516949943 0.2452900055 0.2217086528 0.2067375798 0.1752781549 0.1743757453 0.2484493358 0.2280540156 0.1966190360 0.1794254230 0.2312283429 0.1845082592 0.2084595602 0.1733161099 0.1919705326 0.1729097968 0.2279725898 0.2308260517 0.2418324335 0.2249039726 0.2145993045 0.2195601712 0.2628600676 0.2841230484 0.2699098951 0.3976273030 0.5079173880 0.6783893570 0.8663793476 0.9334023271 0.9658068092 0.8568203711 0.7309779208 0.5808444713 0.4114128503 0.3009035713 0.2519553896 0.2234384993 0.2789737153 0.2296379946 0.2219382893 0.2058944329 0.2808923550 0.2070152506 0.2040953430 0.1628200034 0.1740939734 0.2777702531 0.2246056563 0.2542205403 0.1885186932 0.1917246279 0.2124209791 0.1990640046 0.2095593863 0.1617501607 0.2404957861 0.2154756230 0.2324114488 0.2383516838 0.2758898368 0.3211074400 0.4281153625 0.5740396913 0.6996878500 0.8011509485 0.9414407804 0.9431845303 0.8001899212 0.7007463603 0.5381759970 0.4163967993 0.3238770804 0.2612288029 0.2361309549 0.2018102114 0.2128181610 0.2191673571 0.2084286217 0.2161615666 0.2170990587 0.2737672376 0.1992669606 0.1901384648 0.2575077124 0.2348486512 0.2879924246 0.2751881551 0.2464748017 0.1726874622 0.2275028056 0.2460789102 0.2182544648 0.2057188165 0.1915246281 0.2534497878 0.2281708642 0.2777273324 0.3940630557 0.4456255549 0.5500989455 0.6974466836 0.9099203774 0.9131378131 0.9331392772 0.8494277556 0.6433983439 0.5058436981 0.3436470252 0.3217830022 0.3064868309 0.1990291805 0.2476967291 0.2085150173 0.2323919533 0.2520363793 0.2077223232 0.2214360744 0.2083434155 0.2055749937 0.2702210034 0.2041019571 0.2310049635 0.2057870346 0.2358244337 0.1519863741 0.2304816277 0.2419093681 0.1907698984 0.2414534695 0.2531378637 0.2642539186 0.1842650374 0.2551112710 0.2694062593 0.3223241471 0.4966306151 0.6035144860 0.7632993713 0.9064290320 0.9657890792 0.9733840407 0.8458604163 0.6580742485 0.5410153605 0.3840634127 0.3281467523 0.2660261240 0.2374520619 0.2323183140 0.2338064758 0.2276505269 0.2405994697 0.2143714450 0.2312506038 0.2594055541 0.2495369183 0.2183296180 0.2650771926 0.2241700563 0.2623046418 0.2335042439 0.2881460961 0.2397074967 0.2225452194 0.2041738777 0.2531110601 0.1910102172 0.2388842348 0.2414181015 0.2500970114
0.2232144857 0.2233423203 0.1821365420 0.2268633078 0.2201805278 0.2136395849 0.1526485584 0.2569282796 0.3111240284 0.3778888664 0.4681964246 0.6646982265 0.8025331697 0.8940069949 0.9087006429 0.9035640599 0.7459765350 0.5998013772 0.4762928047 0.3328662391 0.2746796845 0.2644532698 0.2872441812 0.2691742185 0.2310438227 0.1935342224 0.1973425846 0.2273368809 0.2169722931 0.2243813594 0.2442840426 0.2265384567 0.1925338359 0.2276404976 0.1884008153 0.2231868567 0.2064686234 0.2545882864 0.2537694735 0.2245803291 0.2669176201 0.2244859965 0.1999789504 0.1811690105 0.2680317290 0.2761139873 0.3808297970 0.5162457361 0.7273554799 0.8251130568 0.9299390104 0.9251270841 0.8827101618 0.7252246563 0.5866535215 0.4284739008 0.2716506606 0.2740254414 0.2863736000 0.2039880942 0.2089591269 0.1648528490 0.1755260442 0.1412294212 0.1980300548 0.2151771913 0.2389577600 0.1811751604 0.2509142814 0.2567662410 0.2254008759 0.1885648457 0.2282307396 0.2029068452 0.1548800867 0.2471817113 0.2505263917 0.2162399421 0.1911515256 0.2203764513 0.2171866260 0.2100239358 0.3274071198 0.4155511174 0.4754768915 0.7065426041 0.8523822038 0.9200004036 0.9480553200 0.8253438578 0.6794028834 0.5583237567 0.4618636276 0.3440484148 0.2349993201 0.2623256219 0.2581717014 0.2048646707 0.2425829732 0.2594328223 0.2373156164 0.2005121682 0.2500358756 0.1725743615 0.2055738172 0.1908556688 0.2449270804 0.2496278879 0.2393526052 0.2089229519 0.2573914683 0.2373406009 0.2337006612 0.2748006517 0.1936741475 0.2121004700 0.2514584585 0.2375593241 0.2202412901 0.3683794677 0.4807486130 0.5776353218 0.7866869543 0.8174474821 0.9489096230 0.9513388696 0.8134498304 0.6822472494 0.5194421078 0.4172698867 0.3376735111 0.2960571588 0.2840199808 0.2479751593 0.2283390598 0.2323769516 0.2182299751 0.2575253395 0.2110475797 0.2375322614 0.2400943335 0.2093337822 0.1896147997 0.2541448760 0.1841078655 0.2357779787 0.2595981409 0.2659509817 0.3025005015 0.1834428501 0.2360981159 0.1779910581 0.2106956189 0.2701276595 0.2862200320 0.2736547674 0.3421761167 0.4680958153 0.6042995668 0.7696627897 0.8542371810 0.9437628411 0.9342269467 0.8451205951 0.6512913955 0.5352713989 0.4064583419 0.3006801555 0.2800321771 0.2750053785 0.2308914356 0.2129118807 0.2484335714 0.2752254485 0.2238500811 0.2664091238 0.2166758539 0.2243050127 0.2396563027 0.2918186568 0.2406203870 0.2482651986 0.2213094639 0.2126521984 0.2516966842 0.2259629939 0.2251349639 0.2453442486 0.1874326706 0.2432043199 0.2235733679 0.2499767064
0.1629228103 0.2498025982 0.1735530573 0.2193935841 0.2528939068 0.1998961392 0.2040666797 0.2407686227 0.2701938991 0.3430884295 0.4499913750 0.6294842312 0.8200151150 0.9219449635 0.9455497305 0.9399573991 0.7334382947 0.6121332764 0.4416114607 0.3973926738 0.3057398484 0.2619362920 0.2472573928 0.1915867486 0.2118805977 0.2618213782 0.2752474449 0.2125349134 0.1917877419 0.2449449543 0.1762999134 0.1948973985 0.2315789588 0.2059432900 0.1958645984 0.2081995570 0.1866540570 0.1869973851 0.2192852427 0.2219382352 0.2428985294 0.2462183887 0.2609886290 0.2383504661 0.2291633504 0.3503231544 0.3899644490 0.5395016650 0.6614525576 0.7716501224 0.9320700024 0.9510456630 0.8385664391 0.7111386156 0.5905708118 0.4658836254 0.3341832784 0.2700583318 0.2741528295 0.2041152601 0.2687087416 0.2480839323 0.2115259064 0.2225284959 0.2325376924 0.2010386627 0.1894425893 0.2485341423 0.2275703623 0.2320613992 0.2463253938 0.2224977967 0.2180897308 0.2602646132 0.2280599223 0.2603444085 0.1967805956 0.1882832256 0.2098310805 0.2064503653 0.2143902789 0.2282635348 0.3365701895 0.4180896589 0.5113182928 0.6444753969 0.8528348999 0.9240312323 0.9301153453 0.8928021509 0.7363603263 0.5887836761 0.4300190705 0.3512691822 0.2687426049 0.2221857791 0.2447615568 0.2476795603 0.2316501102 0.2535306410 0.2719714466 0.2885625415 0.2343667306 0.2137178489 0.2505454197 0.2620923908 0.2112392957 0.2039314717 0.1651540096 0.2183175595 0.2418485417 0.2100311229 0.2158131862 0.2528664898 0.2547134336 0.2049473537 0.2172384180 0.2041861189 0.2901400460 0.3467069167 0.3961998704 0.5795874430 0.7007582816 0.8708768500 0.9727265011 0.8779605853 0.8316217718 0.6988216797 0.5379146424 0.4315384919 0.3731044765 0.3076638703 0.2151524293 0.2757516710 0.2530965424 0.2446885380 0.1568076494 0.2125170689 0.2805652558 0.2721889296 0.2672449150 0.2531879723 0.2364828837 0.2542935069 0.2661331323 0.2580964301 0.2196871300 0.2042881214 0.2466918760 0.2552039934 0.2539963578 0.2725309482 0.2670857889 0.2593074612 0.2301012699 0.3160913512 0.3635121964 0.4335764837 0.6434851823 0.7155558515 0.9028605154 0.9578182352 0.9140084359 0.8258390775 0.7199213795 0.5295154468 0.3641247270 0.3513748457 0.2648453983 0.2498097820 0.2035763442 0.2496922248 0.2802698335 0.2754827136 0.2483971523 0.2373459181 0.2638194739 0.2537451991 0.2530302833 0.2294977166 0.2051533194 0.2654482168 0.2086132722 0.2121780766 0.2749345410 0.2664949759 0.3076552663 0.2394719000 0.2352345260 0.2412249347 0.2547104851 0.2915899640
0.2257503178 0.2053975312 0.2387667601 0.2517280812 0.2199084189 0.2256670949 0.2360949785 0.1886352813 0.2793165464 0.4083805994 0.5132779250 0.6129231839 0.7556456360 0.8702230250 0.9665254049 0.8452002382 0.7907714903 0.5775284771 0.4955657178 0.3514185209 0.2725501476 0.2400127735 0.2093187530 0.2341900726 0.2130611643 0.2648088195 0.1694626330 0.2423335476 0.2365200058 0.2039920622 0.2025137244 0.2605948002 0.1783984655 0.2547280913 0.2210526439 0.2157218922 0.1924367660 0.2477332254 0.2190829320 0.1818740145 0.2315341603 0.2199302943 0.2358548681 0.2505818161 0.2724984369 0.3047142323 0.4091798500 0.5263536953 0.6889790208 0.7856049998 0.8762904113 0.9141880984 0.8769478419 0.7602788774 0.6051512539 0.4620395531 0.3239483439 0.2644448710 0.2532561204 0.1852803019 0.2420536802 0.2145586055 0.2912613456 0.2478839118 0.2620474443 0.2340291077 0.1987226894 0.2203518752 0.2215410704 0.1982067955 0.1914742897 0.2300774415 0.2409329520 0.2382198839 0.2094183773 0.1816115015 0.2858239067 0.2142757608 0.1859913647 0.2188545222 0.2566340738 0.2447557040 0.3321832319 0.4300908186 0.5108055603 0.7003073318 0.7873111461 0.9339232369 0.9164330242 0.8528979338 0.7527805655 0.5248773303 0.4242427785 0.3730657475 0.2280582741 0.2201669978 0.2291665209 0.2640741188 0.2558683593 0.2594395202 0.2307263858 0.2230843635 0.1962332015 0.2617481456 0.1867165759 0.2072665306 0.2054587292 0.3280902448 0.2648850827 0.2091861308 0.2028804852 0.2406591443 0.1910508592 0.1942499840 0.2457109327 0.2078373590 0.2342374526 0.2205194496 0.2906319797 0.3323981442 0.3813792982 0.5773743460 0.7622185002 0.8358324503 0.9933701728 0.9621343133 0.8624824455 0.7331489211 0.5921887347 0.4590618497 0.3247216064 0.2129763766 0.2973137221 0.2747823385 0.1860695218 0.2589663803 0.2351092338 0.2979318971 0.2268355797 0.2098328833 0.1993708325 0.2629546828 0.2619521254 0.2487255557 0.2415421000 0.2384940255 0.2262342056 0.2434985698 0.2604502272 0.2739804935 0.2705373061 0.3325736311 0.2673852287 0.2195360387 0.2687850311 0.2953738010 0.4065170894 0.4525906498 0.5825333865 0.7350899149 0.8827053873 0.9919136048 0.9515738747 0.7962017519 0.7213569965 0.5820167745 0.4484710154 0.3261770235 0.2868932700 0.2716303282 0.2543274187 0.1955200316 0.2765986054 0.2311549651 0.2170062692 0.3166209650 0.2649032787 0.2367548793 0.3005593948 0.3518220144 0.2106806939 0.2143046946 0.2759799178 0.2448275583 0.2060901312 0.2443098187 0.2497999357 0.2357868555 0.2451944900 0.2765590522 0.2320063220 0.2244770980
0.1822519040 0.2492361277 0.1827154105 0.2107260314 0.2657813305 0.2025007645 0.2069977324 0.1926343922 0.2865251796 0.3829341741 0.4101443347 0.6165473409 0.7481587319 0.8866622718 1.0000000000 0.8407809162 0.7757657560 0.6094933010 0.4812079966 0.4248077297 0.2566598858 0.2485332713 0.2376429407 0.2405971038 0.2281507518 0.2185989930 0.2258247588 0.1995530442 0.2270490791 0.2155165499 0.2250856015 0.2122525409 0.2146055073 0.2404257666 0.2242947387 0.2103451052 0.2406027392 0.2195758649 0.2525608632 0.2160033849 0.1869975767 0.2378382767 0.1783207086 0.2556957101 0.3007797554 0.3347546942 0.3851919617 0.4665300043 0.6580199202 0.8467195144 0.8757895158 0.9116083710 0.8612497351 0.7404660183 0.5343809585 0.4478721944 0.3657383752 0.2831066967 0.2494426045 0.2368458610 0.2597722219 0.2153260174 0.1962011828 0.2216240333 0.3027290403 0.2509050166 0.2538727527 0.2199354960 0.2608385360 0.2314283774 0.2187936246 0.2046217259 0.2704223894 0.1861431327 0.1950875215 0.1830851153 0.2330453195 0.2217824689 0.2855868389 0.2641448799 0.2213807050 0.3385494039 0.3181351821 0.4065279354 0.5214568881 0.7022258684 0.8019335627 0.8881466374 0.9590577678 0.8363120936 0.7314984272 0.5872299484 0.4753154768 0.3350827967 0.3032497002 0.2364794077 0.2297549386 0.2136974058 0.1885625295 0.2484742800 0.1964392163 0.1863190108 0.2535823827 0.2450696253 0.2257787224 0.2458231323 0.2272215752 0.2407041187 0.1559629013 0.2126496163 0.2762038561 0.1744820854 0.2366024626 0.2727430786 0.1668892637 0.2064610953 0.2559128148 0.2634534367 0.2507518465 0.3027908060 0.3969791136 0.5743463092 0.7231750692 0.8516402601 0.9285587770 0.9408659835 0.8815345228 0.7039195516 0.5248500693 0.4359862678 0.3206207345 0.2840638236 0.2639816182 0.2161211678 0.2064006193 0.2674188428 0.2186885500 0.2493489976 0.2428057150 0.2316295908 0.2748947194 0.2272287338 0.2550502453 0.1646314049 0.1918737363 0.2168001374 0.2462852666 0.2268938131 0.2004678551 0.2170703670 0.2664974485 0.2345496817 0.2392060164 0.2597009617 0.2701510631 0.3024976176 0.3667208789 0.4596061360 0.5864259281 0.7505823201 0.9332584516 0.9559188972 0.9964063544 0.8104122200 0.7155005331 0.5628292317 0.4389176428 0.3095389933 0.2855793832 0.2662413503 0.2589075379 0.2392799115 0.2532548875 0.2730666803 0.2627536579 0.2389692095 0.2190827515 0.2576336897 0.2301951323 0.2382597478 0.2186728225 0.2794376544 0.2500575472 0.2168044739 0.2122566409 0.2319361873 0.2352388242 0.2022681467 0.2356830000 0.1942958228 0.2054992762 0.2727356241
0.1868296240 0.2078163349 0.1961101699 0.2072848564 0.2094642221 0.2247402323 0.2663544661 0.3057514365 0.3021861308 0.3307492509 0.5022838894 0.6227218304 0.8280275189 0.9290990140 0.9092124634 0.8878095501 0.7902117843 0.6574229380 0.5002344343 0.3453530442 0.3156413764 0.1968224982 0.2307136809 0.2494756522 0.1579053499 0.1913876555 0.2254627460 0.2366138746 0.2189089489 0.2126960586 0.2460195965 0.2386035205 0.1602085247 0.1684370127 0.1599164571 0.2003837589 0.2148260502 0.2379935022 0.1504563533 0.2083058980 0.1888087222 0.2247741553 0.2345591170 0.2195078059 0.2536025325 0.2967429013 0.3763589506 0.5105872484 0.6654834761 0.8249081217 0.8632688870 0.9226023665 0.8812429800 0.7550211009 0.6428680107 0.4215298727 0.3245393450 0.3117905571 0.2561770951 0.2126170688 0.2404602292 0.2333810198 0.2741837385 0.2301121119 0.2393178751 0.1938741572 0.2204944283 0.1992361061 0.1959297980 0.2552917296 0.2389155007 0.2364179603 0.2217649878 0.1434945091 0.2391357416 0.2009011553 0.1924690749 0.2522668602 0.2073410940 0.2816344550 0.2105522762 0.2364438080 0.3114270678 0.4183333033 0.5300428062 0.6633442424 0.8300564075 0.9143458351 0.9474755588 0.8570368378 0.7773526256 0.5615265065 0.3968578092 0.3316157802 0.2714891404 0.2818809038 0.2163143898 0.2459413756 0.2097633337 0.2318685853 0.1930181462 0.2771453399 0.2388947740 0.2219783020 0.2478571898 0.2664568749 0.2216847631 0.1859012349 0.1773557938 0.2538417425 0.2245308854 0.2656495099 0.2011641830 0.2092444681 0.2387910789 0.2422230123 0.2487645624 0.2528179772 0.2823600997 0.3223980989 0.4283367089 0.5622538147 0.6713749085 0.8530794087 0.9314432865 0.9396153422 0.8624354417 0.7444070133 0.5751133372 0.4341812983 0.3331165609 0.2972484476 0.2596185664 0.2325333231 0.2321091017 0.2604446685 0.2154360903 0.2357682970 0.2012726091 0.2511886369 0.2306037786 0.2223778890 0.1963901874 0.2112228158 0.2298695020 0.2128366283 0.2414761670 0.2348746057 0.2133862767 0.2401834606 0.2094359750 0.1797609349 0.2545415580 0.2247820159 0.2921816693 0.2890764668 0.3282174272 0.4846488261 0.6067069765 0.7532746347 0.8106138765 0.9673320723 0.9605694394 0.8592241720 0.6721898569 0.5517933374 0.4016325284 0.3905599682 0.2758871454 0.2820853034 0.2151326971 0.2153010081 0.2375748210 0.2586129734 0.2216762380 0.2421118336 0.2721473477 0.2137070855 0.2144871560 0.2431451295 0.2404504955 0.1990842474 0.2015806756 0.2339105498 0.2199681626 0.2571497393 0.2247778210 0.1906039364 0.2585199628 0.2179145881 0.2365009034 0.3061855049
0.1484408049 0.2203155180 0.1993314048 0.2100719077 0.1968356156 0.2541383404 0.1774016649 0.2669220228 0.2819545486 0.3479236026 0.4443094082 0.5830473514 0.6913366880 0.8880881452 0.9152698495 0.8989122610 0.7772633991 0.5937116365 0.4540424928 0.3075944392 0.3202531498 0.1778464534 0.2460687932 0.2247543402 0.2483336500 0.1939173875 0.2031336199 0.2338560373 0.2157940731 0.2286381412 0.2229265608 0.2236759759 0.1910893247 0.2131961447 0.2023906213 0.2590896178 0.2297954853 0.1648034800 0.2102168630 0.2115498586 0.1855504347 0.1846961431 0.1846554584 0.2638520790 0.3319322998 0.3081112356 0.3578476298 0.4845508334 0.6080681126 0.7947127627 0.9368287015 0.9293237124 0.8830922442 0.7905306774 0.5924097416 0.4933243597 0.3390211731 0.2785227495 0.2188604628 0.2008798484 0.1829330457 0.1809701423 0.2432868636 0.2606781507 0.1979170197 0.2383385457 0.2071458646 0.2005516436 0.2086559462 0.1925930653 0.2149179690 0.2526543189 0.2471573594 0.1850265331 0.1983831958 0.2201128286 0.2102661534 0.2385503183 0.2029657456 0.1918996651 0.2321469917 0.1945771676 0.2259985560 0.4324903639 0.5271304888 0.6658876971 0.7760076923 0.8940826681 0.9360968881 0.8820907818 0.7119928783 0.6183948390 0.4459722496 0.3464769578 0.3152577267 0.2539465640 0.2275692437 0.2062113292 0.1789204294 0.1762672704 0.2347124275 0.2099563643 0.1761802440 0.2133843763 0.2020252789 0.1945274702 0.2053953066 0.2547317766 0.2707561896 0.2267775681 0.2269695024 0.1927384113 0.2621030949 0.2224165924 0.2165438790 0.2109127832 0.2108636645 0.2642158622 0.3340931975 0.3582000134 0.4007502972 0.5659092933 0.6966853426 0.8424793694 0.9614526996 0.9391046405 0.8734432673 0.7354558679 0.5755078995 0.4610541482 0.3408015113 0.3243592379 0.2227598687 0.1716109573 0.1997593063 0.1977674406 0.2036599837 0.2185655880 0.2308768212 0.2017493638 0.2537711041 0.1983447619 0.2292306772 0.1726976829 0.2511981140 0.2159661118 0.2368791656 0.2239676910 0.1906105525 0.1517325594 0.2527077196 0.2475455200 0.2181789940 0.2460240797 0.2817471463 0.2653500540 0.3207068844 0.4330078050 0.5781953786 0.7007619366 0.8603038056 0.9524823217 0.9191199130 0.8442978114 0.6809051779 0.5616620704 0.3868537314 0.3542003600 0.2846523892 0.2406830321 0.2738482528 0.1724940503 0.2588802329 0.2339202947 0.2219613018 0.2176239972 0.2476551560 0.2005781091 0.2411612869 0.2285772835 0.2929141781 0.1868566488 0.2071387274 0.2406919982 0.2260906408 0.2107424779 0.2268749919 0.2878308991 0.2065467246 0.2449013762 0.2461350760 0.2293490528
0.1504503878 0.2229443050 0.2206885696 0.1809353427 0.2419920511 0.2127884463 0.1995880263 0.2512909770 0.2802723744 0.3310885451 0.4407029303 0.5766202316 0.7674925021 0.8970379955 0.8908741114 0.9201343402 0.7643335914 0.6301370503 0.4627273204 0.3559254093 0.2860499132 0.2152830813 0.2263931479 0.1952962885 0.1867439658 0.2156352689 0.1766326313 0.1662059465 0.1918911617 0.1436781126 0.1851561961 0.1899420625 0.2009630927 0.1507051917 0.1806075389 0.2319137973 0.1802120498 0.1821230358 0.2199525585 0.1817722582 0.1536056621 0.2707917055 0.2100349126 0.1698090717 0.2597135750 0.2420860891 0.3665810138 0.4712157453 0.6004636012 0.7407593655 0.9147264726 0.9344383476 0.9062261846 0.7162101427 0.6115766044 0.4927863908 0.3539555185 0.2785802718 0.2344747894 0.2299516633 0.2223956772 0.1912623175 0.2505013887 0.1871561806 0.2561430905 0.1611657996 0.1913729667 0.2095439788 0.2053477144 0.2166065088 0.1901358212 0.2046869843 0.2124206442 0.1846844847 0.2232900466 0.1945973658 0.2074332069 0.2317980560 0.2033917845 0.2053634261 0.2506954931 0.2754835437 0.2692044395 0.3716167865 0.4596230703 0.6096357180 0.8319196438 0.8646590591 0.9240956821 0.9092427707 0.7537404298 0.6096818784 0.4974096424 0.3195887972 0.2791519471 0.2676054999 0.1996987072 0.2194102431 0.2169070121 0.2177654758 0.3053550863 0.2092625853 0.2289662409 0.1660962966 0.2272593044 0.2128694099 0.2270263849 0.1845130049 0.1592028613 0.1992902392 0.2439652264 0.1967614311 0.2107176435 0.2105976764 0.1816184941 0.1747498568 0.2256300479 0.2893985369 0.2440098732 0.3272514839 0.3806437830 0.5116408712 0.6923027560 0.8358981461 0.8866168520 0.9248236260 0.8285505797 0.7583563409 0.5528043942 0.4226796260 0.3197671830 0.2744121857 0.2651328804 0.2430727318 0.2903671296 0.2384357033 0.1802008040 0.2286677391 0.2137007477 0.2490024111 0.2310638698 0.2362049184 0.2585891318 0.2303179961 0.2323530498 0.1997485978 0.1938155651 0.2835083320 0.2231462723 0.2246424693 0.2043742251 0.2087152833 0.2347768493 0.2758641578 0.2208836628 0.2828461980 0.3530553982 0.4205937673 0.5172012569 0.7028128255 0.8576858288 0.8752173138 0.8953026753 0.8527821998 0.7213133243 0.5384884860 0.3985685215 0.3040764784 0.2567163134 0.2882772671 0.2555123999 0.1710419890 0.2068741696 0.2039486378 0.2298495094 0.2175072629 0.2210447713 0.1970441520 0.1722250633 0.2292095670 0.1970278841 0.1739880222 0.2298813865 0.2226019537 0.2231184850 0.2096144662 0.1983006279 0.2287219902 0.1841157293 0.1806096273 0.2377410717 0.2688391985
0.2167410467 0.2454432472 0.2130803199 0.1765745529 0.1708692010 0.2007434123 0.1989443664 0.1821542329 0.2613129626 0.3087757037 0.4805892719 0.5738074278 0.7857450349 0.8223126600 0.9646168638 0.8651561321 0.7699604848 0.6359005596 0.5221983535 0.3926866413 0.3242943057 0.2369506372 0.2043066030 0.1752429955 0.1803296833 0.1480608709 0.2071428079 0.1879200028 0.1855048647 0.1913005666 0.1747478811 0.1955027407 0.2190522166 0.2140901535 0.2176627998 0.2103826542 0.2269588898 0.1901932620 0.2247823279 0.1796706980 0.1835891924 0.2516129416 0.2148932403 0.1961561913 0.2591526916 0.3036367684 0.2836364447 0.4292823862 0.6401911465 0.6621896744 0.8136941877 0.9075233055 0.8674736468 0.7868453868 0.5872239266 0.4716713231 0.3611970678 0.2995703109 0.1751551495 0.2007166831 0.1980186135 0.1643812837 0.2303645529 0.2299501331 0.2528516886 0.2058080922 0.2136654772 0.1679036115 0.1625545896 0.2053626269 0.1920854228 0.2523132107 0.2414475591 0.1866399825 0.1199296241 0.2006132060 0.1990277792 0.2026080302 0.1715659341 0.2148722815 0.2707181223 0.2426422112 0.2825182155 0.3678013612 0.4828251720 0.6441058484 0.7632532066 0.9072313848 0.9183420892 0.8184217041 0.7672657381 0.5664303465 0.4788544050 0.3379067830 0.2459265642 0.2567223023 0.1779691558 0.1975821415 0.2429193882 0.1938217350 0.2138937171 0.2062807126 0.2241110403 0.2057729713 0.1982924721 0.1714246141 0.1640904304 0.2157068744 0.2445455907 0.1958574177 0.2094733717 0.1797797123 0.2514854356 0.1899608111 0.2523286224 0.2410424487 0.1983920315 0.2187965361 0.2693275673 0.3130872165 0.4145121419 0.5031280539 0.6685111895 0.8279955469 0.9274586216 0.9309230210 0.8310046368 0.7147672390 0.5564048925 0.4962225309 0.3336595357 0.2865542528 0.2810236756 0.1992318789 0.1671884616 0.1880690645 0.2156674861 0.2524904206 0.2171411626 0.1948780024 0.2632274709 0.1860900261 0.2107999410 0.2529213867 0.2049536941 0.2076996598 0.2113142975 0.1980609849 0.1720266524 0.2240422200 0.2440481328 0.1468520355 0.2232612821 0.2827738102 0.2290493643 0.2416969202 0.3055991124 0.4132653616 0.5172083318 0.6698598960 0.8558307000 0.9261919171 0.9322838976 0.8539982277 0.7338779707 0.5109411109 0.4044804410 0.3559449956 0.2444225333 0.2307124611 0.2553980017 0.2131585246 0.1831072344 0.1876838575 0.2595653155 0.2169464774 0.2179003369 0.1835524502 0.2487033242 0.1724585113 0.2361023280 0.2151266457 0.1663945018 0.2194815429 0.1996620375 0.2315299561 0.2103461016 0.1636790167 0.2277093493 0.2454971604 0.2069731981 0.2435457256
0.2036929942 0.2092598982 0.1663949221 0.1880407753 0.2196645969 0.1875431082 0.2173816520 0.1883043271 0.2504551593 0.3526078115 0.4031344002 0.5485417802 0.7323141941 0.8663318697 0.8614648076 0.8515016529 0.7498725697 0.6288223751 0.4648369629 0.3113723558 0.2618697200 0.2344790071 0.2049825854 0.2511182836 0.1950828108 0.1712462647 0.2296258528 0.2274089435 0.1693790758 0.1914918701 0.1616204522 0.1950034735 0.2045180837 0.2189993078 0.1424920860 0.1563801424 0.2529872178 0.2112353642 0.2160230648 0.2008552393 0.2054791651 0.2350126356 0.1459448009 0.1428211981 0.2370930924 0.2766455219 0.3606209550 0.4691599819 0.5761574679 0.7662372571 0.8141702088 0.9085937975 0.7925003098 0.7747061737 0.5590584484 0.4648837442 0.3509039660 0.2907810574 0.2382586254 0.2067268545 0.2012452347 0.1395913950 0.2129899996 0.2287308606 0.1840774557 0.1650910014 0.1684016512 0.2046958715 0.1698638482 0.2008303270 0.2116219959 0.1971683038 0.2159603592 0.1626632150 0.2053169451 0.1994628485 0.1579475840 0.1867488213 0.2102204425 0.2132260952 0.2250321593 0.2371847784 0.2793894582 0.3405894829 0.4912861573 0.6303868707 0.7910819434 0.8984505357 0.9071614413 0.8222287832 0.7118310744 0.6374656746 0.4128995484 0.3372820170 0.2079700665 0.1867265496 0.1478463221 0.1994349870 0.2351008652 0.2128006779 0.1710645893 0.2271916904 0.1841289160 0.2506490880 0.2293990502 0.1943478023 0.1989656280 0.1616975890 0.2092840456 0.1880796965 0.1873567515 0.1766310730 0.2402293156 0.1919122004 0.1364467100 0.2323572438 0.2002092267 0.1874406373 0.2319039331 0.2758196387 0.4073773465 0.5625789104 0.6874098295 0.8438262879 0.9048929697 0.8861416558 0.8565204672 0.7414824820 0.5774444191 0.4470964014 0.3213386357 0.2437785912 0.2321842180 0.2657661881 0.1778077487 0.2412153924 0.1522987128 0.2316331878 0.1857592705 0.2395079406 0.2507352081 0.2530745198 0.1810385385 0.1546356337 0.2022002363 0.1490879027 0.2127255872 0.1755123929 0.2457038890 0.1901312133 0.2195366437 0.2212652970 0.2416617738 0.2371765416 0.2257810496 0.2199039431 0.3203993725 0.4270883968 0.5316230459 0.6928687719 0.8112049890 0.8539783859 0.9329884131 0.8376553630 0.7330513335 0.5609738728 0.4562328873 0.3283429118 0.2655923242 0.2532583941 0.1899103986 0.1902564640 0.1541626935 0.2162564363 0.1980859622 0.1813003275 0.1806696914 0.2063652341 0.1644231523 0.2006016263 0.1906717397 0.1482825010 0.1936538352 0.2464303148 0.1841542271 0.1839705749 0.2014423326 0.2357164909 0.2577645114 0.2222923447 0.2138088305 0.2424602476
0.1480003215 0.1837827912 0.1653169226 0.1480301215 0.2258689695 0.2219532243 0.1356713743 0.2256024281 0.2350459848 0.3219280318 0.4317430975 0.5153028196 0.7041366414 0.8419574424 0.9105163044 0.8380749845 0.7336411416 0.6326965992 0.4444523898 0.3624781491 0.3015361972 0.2367200987 0.2272765566 0.1938664696 0.1869399854 0.1981454794 0.2026624866 0.2164291370 0.1818745781 0.1923330948 0.1583818799 0.1559311193 0.2312509265 0.1435824282 0.1383634057 0.1833383553 0.1810665938 0.2001801649 0.1501419133 0.2206513642 0.1758725745 0.1919096329 0.1817707637 0.1659719124 0.2453323704 0.2581763674 0.3054910075 0.4459106438 0.5823371059 0.7515991912 0.8863985756 0.9066907400 0.8104729809 0.7946363905 0.6250703287 0.4669211024 0.2953029363 0.2806267361 0.2256782905 0.2408095964 0.2030993262 0.1414757736 0.1924299660 0.2443491552 0.1855648303 0.2406197767 0.1375380459 0.2252690349 0.1772835125 0.1819266935 0.1819664244 0.1447765143 0.2257886311 0.2633941194 0.1845957014 0.2091120540 0.1713311333 0.1972470610 0.1841563358 0.2502810615 0.1991310539 0.2158432093 0.2868958859 0.3136525638 0.4778601402 0.6186725642 0.7161531677 0.8507223969 0.9609340950 0.8451632977 0.7824818838 0.5785031608 0.4827832438 0.3268993202 0.2933795568 0.2218692382 0.2191890691 0.1891440284 0.2106380384 0.1903665427 0.2034372664 0.2121107968 0.1880715968 0.2013489779 0.1817172937 0.2364037852 0.1877072805 0.1700472595 0.1612186716 0.1919324229 0.1783366575 0.1851400044 0.1769054099 0.2024276998 0.1975906479 0.2434375055 0.2082221986 0.2365196615 0.2053060876 0.2786151986 0.3713058703 0.4629740396 0.6291249307 0.7297033884 0.9470299505 0.8738662836 0.8972737900 0.7147068983 0.5519094033 0.4415617298 0.3073673207 0.2548367222 0.2189607845 0.1726019662 0.1846368839 0.1959998730 0.1798643153 0.2009449148 0.2425539004 0.1961777873 0.2087756818 0.2009592704 0.1227023297 0.1944499126 0.1717006994 0.2545443386 0.1944632440 0.1884552183 0.1421284612 0.2299957221 0.2244456269 0.2276868314 0.1719284492 0.2029028082 0.2255988346 0.2381235209 0.3403203189 0.3527133390 0.5465267877 0.6537107179 0.7921006269 0.9038200511 0.9450424770 0.8293178758 0.7145119174 0.5663600999 0.4173924567 0.3517446412 0.2761326680 0.2004068880 0.2346345975 0.1803919123 0.2367724198 0.1639792037 0.2183312683 0.1782395446 0.2233202970 0.2010936358 0.1954837194 0.1978696517 0.1697873618 0.2229022216 0.1907752816 0.2231294961 0.2243501901 0.1760023218 0.1725592207 0.1616778281 0.2016852509 0.1771154953 0.2365663411 0.2109115508
0.1764865652 0.1197667240 0.1611354900 0.1438374402 0.1645329973 0.1890709717 0.1938361298 0.2428095418 0.2706154138 0.3174762943 0.4335606028 0.5040316347 0.6796627639 0.8373543215 0.8353291465 0.9323960433 0.8195902270 0.6320682178 0.4696336595 0.3813491124 0.2052703102 0.2371775169 0.2188651427 0.1743347723 0.1591581169 0.1923510049 0.2168391010 0.1800745555 0.1715511006 0.1711911162 0.1583555751 0.2223300099 0.1947784936 0.1547935775 0.1779792545 0.1737326743 0.2210863284 0.1951835753 0.1707049955 0.1317751350 0.1952186425 0.2206525104 0.1934889452 0.1718973856 0.2158983836 0.2564545390 0.3450446846 0.4100102434 0.5724070717 0.7264205046 0.8539506631 0.8815782762 0.9022582958 0.7775383767 0.6003641097 0.4509586170 0.3091529976 0.2766236102 0.2068873571 0.1407298436 0.1725677243 0.1728099320 0.2071100599 0.1750941238 0.1957103643 0.1777667472 0.1512938199 0.1809363051 0.1910854181 0.1788556121 0.2114366476 0.1904791418 0.2397193036 0.1779246061 0.2179469479 0.1945130991 0.2045887843 0.1431143611 0.1787940109 0.1323169787 0.1931851184 0.2139518516 0.2863421991 0.3378287143 0.4407372910 0.5959955436 0.7401963862 0.8441139848 0.9020296224 0.8685731600 0.7369875299 0.6102326713 0.4157470461 0.3585603095 0.3037856072 0.1938407695 0.2102926573 0.2068519316 0.2346274413 0.1515239108 0.1968053134 0.2667781951 0.1918038338 0.1897507009 0.2191907430 0.2197158224 0.2100587650 0.2343590744 0.2074200905 0.1715249714 0.1524088619 0.1623708297 0.1811155470 0.2307362249 0.1661020198 0.1549510101 0.2036117687 0.1714303228 0.2321217016 0.2926845052 0.3239243578 0.4845900997 0.5819166436 0.7550789721 0.8809143458 0.8701757613 0.8862146328 0.7720236147 0.5982913900 0.4176075928 0.3397397755 0.2840657230 0.2004307143 0.2083831044 0.2471826586 0.1945063699 0.1943950810 0.1623637572 0.1821315709 0.2228053908 0.1794964420 0.2132317416 0.2005252853 0.1867681578 0.1699575558 0.1908620144 0.2274609326 0.1454476578 0.1649630039 0.1381104721 0.1769279184 0.1538330190 0.2126926421 0.2189515138 0.2432191294 0.2169520442 0.2873088453 0.3624689963 0.5581861169 0.7114193529 0.7681630780 0.9059512474 0.9485509471 0.8030300252 0.7306782824 0.5892366323 0.3772755860 0.3311310435 0.3039289153 0.2169430678 0.1464327274 0.2288639436 0.1671462317 0.1629754192 0.2034564789 0.1714122395 0.1611641241 0.2300724360 0.1996153047 0.1972444506 0.2231036420 0.1183132179 0.1941589311 0.1535322718 0.2423705327 0.1600852046 0.2501819383 0.1628007885 0.2038193605 0.1828603674 0.2337242436 0.2591075779
0.1772472753 0.1512518271 0.1886360386 0.1776998253 0.1359693261 0.1942339754 0.1688608598 0.1702907219 0.2279497653 0.3189682642 0.3981281184 0.5009754038 0.6818829834 0.7690568146 0.8939965900 0.9439253333 0.8087737434 0.6222740656 0.5270087137 0.3475557332 0.2459171499 0.2115772392 0.2202159446 0.1764249212 0.1607036861 0.1878314547 0.2165368245 0.1904084734 0.2139208533 0.1676281580 0.1033184348 0.1394707991 0.1557973545 0.1459741773 0.1862397494 0.1334911154 0.1563468598 0.2160063402 0.1620300684 0.2021328111 0.1905613794 0.1810213266 0.1958964634 0.1691833425 0.2271244291 0.2337397032 0.2490939544 0.3923291545 0.5582107712 0.6868137100 0.8362204084 0.9058827951 0.8990874293 0.7934546669 0.6310570719 0.4437584155 0.3314785445 0.2681108350 0.1912908957 0.1811996970 0.1389809644 0.1328208194 0.1660308854 0.2146674202 0.1803227636 0.1924367711 0.1683268695 0.1710168549 0.1159722090 0.0861219140 0.1697271388 0.2072600836 0.1455314229 0.2177442374 0.2121098138 0.1967444509 0.2228027915 0.2226711358 0.1709725041 0.1548385775 0.2565164909 0.2228132399 0.2139712722 0.3025827156 0.4925928404 0.5176271060 0.7859064150 0.8396140975 0.8396559848 0.8466202565 0.7181359281 0.5675598642 0.4522462309 0.3033022571 0.2454426671 0.2312069045 0.1316924990 0.2031779821 0.2172851852 0.1792453107 0.2071198761 0.1848835633 0.1901367367 0.1198761030 0.1550725212 0.2064129849 0.1914744981 0.1990296772 0.1572341276 0.1663126504 0.2203905679 0.2194068842 0.2202147228 0.1886024549 0.1947487150 0.1693362800 0.1711184903 0.2314235446 0.1858569546 0.2759716675 0.3600417548 0.4298215786 0.6506804454 0.7786375990 0.8671144553 0.9505893647 0.8259784517 0.7116073867 0.6078764209 0.4330096267 0.3116609237 0.2899159358 0.1763389495 0.2496638172 0.2142687422 0.1365903518 0.1789878406 0.1664451526 0.2097547297 0.1617374521 0.1732826998 0.2111458779 0.1452146043 0.1718081582 0.1701315037 0.2061003689 0.2115728676 0.1903059528 0.2161594979 0.2294753559 0.2347433450 0.1644652212 0.2361808718 0.2115275552 0.2284285512 0.1981873653 0.2385234463 0.3671927587 0.4464506679 0.6451817927 0.8288152905 0.8532293330 0.8648665236 0.8234821353 0.7213122931 0.5518155128 0.4242627751 0.3306766228 0.2630901155 0.2175344107 0.2355253716 0.1894433452 0.1680587441 0.1965535753 0.1752251277 0.2100420761 0.2323948124 0.2317536604 0.2198296697 0.1514489897 0.2070832165 0.2214024780 0.1821475315 0.2306546415 0.1386241212 0.1859815130 0.2009530146 0.1469814060 0.1490595590 0.2094739922 0.1608864952 0.2014536842
0.1715887494 0.1241949043 0.1490362265 0.1749202169 0.2019426481 0.2185202637 0.2126066362 0.1806255081 0.2984890715 0.2662484977 0.3901203690 0.5200079373 0.6377344665 0.8013454806 0.9274101054 0.8625701161 0.7785909301 0.6609397580 0.4857592422 0.3859660299 0.2291024401 0.1740872748 0.2212698404 0.1679215522 0.1608733620 0.1661303539 0.1421149797 0.1551388534 0.1804392011 0.1933706033 0.1757233097 0.1663887676 0.1577944098 0.1834458521 0.1875744382 0.2148903244 0.2115164432 0.1963792987 0.2021905519 0.1729669251 0.2217083031 0.1390565555 0.1702709085 0.1574382857 0.2407213427 0.2266269250 0.3284532207 0.4326925717 0.5887997437 0.7287323323 0.8297431499 0.9024218416 0.8923904438 0.7502990036 0.5898007414 0.5127569036 0.3395945220 0.2690735379 0.1759061158 0.1917455246 0.2079559923 0.1588825469 0.1846908158 0.1404123971 0.1939287812 0.2160745550 0.1620757489 0.1820046382 0.1646513472 0.1864374185 0.1811909064 0.1684488844 0.1698410889 0.2104651166 0.1901825154 0.1708276469 0.1959027628 0.2359432296 0.1692761427 0.1862320881 0.2451783793 0.1257119130 0.2040425985 0.3686212892 0.4449557556 0.6168762092 0.7271058493 0.8501666402 0.8984258671 0.8845783309 0.7506829451 0.6081218112 0.4593801050 0.3504783311 0.2950614140 0.1945776042 0.1667603180 0.1957041122 0.1794268743 0.1741084571 0.1331036045 0.1425654216 0.2346781684 0.1921868870 0.2250183161 0.1805458658 0.2026775308 0.2323143355 0.1836739326 0.1981202520 0.1617157345 0.1929679463 0.2083227264 0.1952237098 0.2170215271 0.1890361120 0.1409171376 0.2038645524 0.2332485280 0.2609166055 0.3965718959 0.4736293151 0.5884797676 0.7624457818 0.8410257917 0.9327082885 0.8228605366 0.6710846592 0.5767281662 0.4590418787 0.3332854528 0.2167722827 0.1761216676 0.1902241137 0.1815418141 0.1727146173 0.1844211674 0.1986701856 0.1787523056 0.1889020918 0.1609724571 0.2095751074 0.1772979436 0.1464147848 0.1870855872 0.2014652018 0.1838047128 0.1971255389 0.1947605746 0.1813227740 0.2041415253 0.1995411813 0.2096144803 0.2141493646 0.2476468465 0.1910502631 0.2681023896 0.3649851762 0.4892874619 0.6340453981 0.8057315868 0.8963931949 0.9056194640 0.8772262333 0.7248899033 0.6158446093 0.3613032393 0.3073062296 0.2718041678 0.1983975629 0.2091690660 0.1589351962 0.1905959254 0.2012288669 0.1899433720 0.1828940290 0.2227135581 0.2238533273 0.2171285547 0.1961177090 0.2215065668 0.2118625168 0.1865749494 0.2090555018 0.1344987387 0.2048719116 0.1451398117 0.1926532884 0.1748348463 0.1890237060 0.1757881492 0.2316213249
0.1735297671 0.1251949945 0.1961115834 0.2072804892 0.1889251344 0.1558364904 0.2218623088 0.1895678738 0.2181213675 0.2527165814 0.4130863225 0.5649384214 0.6756927362 0.8193986440 0.8546650705 0.9039093212 0.8351275353 0.6276478611 0.5065455731 0.4081542361 0.2933767988 0.1780316768 0.1647289896 0.1567099001 0.1724056026 0.1392849632 0.1344917191 0.2112439927 0.1404571207 0.1600264572 0.1564916085 0.1814821277 0.1632016485 0.2053344058 0.1817748060 0.2020411195 0.1547196798 0.1677702563 0.1884030764 0.1897167342 0.0912445650 0.1720171468 0.1757186848 0.1867485931 0.2012810989 0.2228427587 0.3460756363 0.4101002824 0.5574658579 0.6839512254 0.8417534974 0.8783874662 0.8483605483 0.8021518581 0.6568638215 0.4586489069 0.3705459163 0.2605239476 0.2296707047 0.1753819780 0.1884100855 0.1961689382 0.1497989746 0.2133255214 0.1792600730 0.2205655534 0.2454154447 0.1587334928 0.1647340458 0.1465823918 0.2472859435 0.2658382108 0.1978311496 0.2443076342 0.2285230644 0.1804357174 0.2153768361 0.1903552979 0.1512796305 0.1993376257 0.2271679264 0.2259908519 0.2183203928 0.3108496323 0.3974400084 0.5740191334 0.7147557503 0.8619480542 0.8706253207 0.8746156148 0.7489485561 0.6091689658 0.4379617147 0.3486907006 0.3111744552 0.2198802727 0.1805367276 0.1766589156 0.1447195014 0.1890725241 0.1874972095 0.2585368433 0.1885325211 0.1769591687 0.1670464017 0.1980361925 0.1837282279 0.2104361565 0.2038046929 0.2055713823 0.2283191723 0.2298302785 0.1907737115 0.1731378530 0.1521906599 0.2079708008 0.1976470028 0.1860685954 0.2401511365 0.2904087156 0.3753009228 0.4582777415 0.6381135450 0.7379041293 0.8765642034 0.9243828739 0.8630730003 0.7315866094 0.5906527758 0.4512551317 0.2853688070 0.2275468874 0.2281469156 0.1767361419 0.1836930990 0.2630170443 0.1670577455 0.2115284495 0.1953035033 0.1491458106 0.2025297761 0.2063292133 0.1870173619 0.2036219204 0.1611483260 0.1906668814 0.2144282947 0.2132906427 0.1430623301 0.1734541311 0.1721957032 0.1698804591 0.2184960563 0.1746662438 0.1988698459 0.2838975714 0.2855656774 0.3573624607 0.5196081705 0.6380787362 0.7949799037 0.9292306618 0.8808471669 0.8291550933 0.7442558543 0.5784966801 0.4654031232 0.3082169266 0.2471748619 0.2549279042 0.1798713526 0.2043627157 0.1989425826 0.1484648891 0.1983305229 0.2193625477 0.1924856966 0.1841721603 0.2025454997 0.2218476694 0.1958607911 0.2194660868 0.2137856560 0.2070632984 0.2108510793 0.1745928260 0.1993169324 0.1859107311 0.1739757430 0.1291658378 0.1957191123 0.2514429415
0.2069380863 0.1510955392 0.2084432438 0.1734133267 0.1739722024 0.2707958903 0.1917317361 0.2094358491 0.1897886956 0.3666408285 0.3732440534 0.5276402864 0.6644201844 0.7730354303 0.8923642633 0.8555819352 0.8269662824 0.6889765572 0.5563926440 0.3712691380 0.2798733513 0.2319603334 0.2110879159 0.2268104250 0.1846802096 0.1652412129 0.1269712553 0.1801489318 0.2247531979 0.1884934550 0.1743436171 0.2328157857 0.1155174151 0.2009830609 0.2412190597 0.2269731783 0.1699659352 0.1504151235 0.2010228835 0.1759940478 0.1754298957 0.1973837997 0.2004729615 0.2121323374 0.2326022660 0.2501705037 0.3088703863 0.3971993923 0.5571371813 0.6652449766 0.7998802814 0.8831992082 0.8799686047 0.7783074609 0.6467546540 0.4631952883 0.3590030421 0.2782590458 0.2204831724 0.2013228004 0.1624750435 0.1546917060 0.1941461356 0.1701311700 0.1492667708 0.1870678371 0.1772705681 0.1996818274 0.2134936405 0.1853295621 0.2087062501 0.1545143331 0.2358957625 0.1436133303 0.1963674712 0.1929512379 0.1304239642 0.2171066570 0.1689699100 0.1435821987 0.2014785960 0.1651437165 0.2726148726 0.3107455188 0.4752189520 0.6012648504 0.7218098620 0.8827728406 0.8886332614 0.8234291187 0.7702721563 0.6305222505 0.4533575823 0.3598973298 0.2801147104 0.1812119966 0.2156141617 0.2402383479 0.2089055322 0.1658360357 0.1746478994 0.1848081897 0.1701598779 0.1924544424 0.2203204304 0.1707608077 0.2073402050 0.1872848269 0.2080804468 0.1663315235 0.2164163049 0.1547655433 0.1474281052 0.2074938268 0.2055744427 0.1839775741 0.2209488293 0.2080518357 0.2029678761 0.2585005290 0.3576810057 0.4230300117 0.6000714939 0.7751630368 0.8673161655 0.8813057028 0.8730254562 0.8232626381 0.5582273340 0.3796688013 0.3473700003 0.2774092002 0.2504642999 0.1845437947 0.2142972175 0.2478425547 0.1998338654 0.2262065241 0.1652552881 0.1751491956 0.1734308819 0.1901201443 0.2160974697 0.1971755457 0.2099199547 0.2270862316 0.2557172225 0.2418034001 0.2316978095 0.1974975613 0.1686410995 0.2017087506 0.2126615922 0.1932328085 0.2797193256 0.2681317951 0.2804088122 0.3389161729 0.4390583395 0.5890036412 0.7866549824 0.8142827665 0.8994629428 0.8459062914 0.7331327096 0.6021167669 0.4554706449 0.3150154550 0.2486028840 0.2207984443 0.2549835613 0.1472502090 0.1647174810 0.1654885093 0.1665367962 0.1838951626 0.2426037495 0.2148251561 0.1889436347 0.1857091806 0.2148849956 0.1380213816 0.2127104312 0.2173860665 0.1857287374 0.1737190583 0.2101536065 0.1957412469 0.1819060598 0.1977037194 0.1863587241 0.2137906072
0.1449800577 0.1606866731 0.2044574835 0.1593467180 0.1205323932 0.2318075662 0.1973363050 0.2432589098 0.2377563855 0.3224622841 0.3465244198 0.4986589925 0.7022641626 0.8353411945 0.9071686517 0.8947094287 0.7916229692 0.7036482420 0.5108400283 0.3469419434 0.2693607572 0.2268396472 0.1792810572 0.2030753249 0.2259064995 0.2868770501 0.1834100109 0.1642487890 0.1719339170 0.1676995600 0.1700360169 0.2261817079 0.2212974842 0.1355475015 0.1594311471 0.1611456096 0.2123127330 0.1739682469 0.1810341680 0.1876865934 0.1798766711 0.1871154040 0.1844176855 0.1525339092 0.2261081272 0.2274617535 0.2628426349 0.4307576065 0.5224000254 0.6593875483 0.8316732295 0.9337670755 0.9103189454 0.8150404634 0.5878218470 0.5524915055 0.3617442285 0.2817868282 0.2597738498 0.2183246974 0.1663834414 0.1687506610 0.1490290553 0.2497529186 0.1945717686 0.1635651433 0.2001952474 0.2260996108 0.1579948329 0.1717911692 0.2045436782 0.1584434945 0.1710125274 0.2010265494 0.2075784767 0.1862467108 0.1538486934 0.2216883014 0.2171068846 0.2575608733 0.2331502024 0.2309079985 0.2488942970 0.3243012186 0.4052894030 0.5526057466 0.7222361452 0.8514977472 0.9406770723 0.9189044452 0.8288013847 0.6505474624 0.4889035855 0.3459855159 0.2709777830 0.2408746565 0.2043630238 0.1716661075 0.2158137990 0.2115166182 0.2022793570 0.1821212589 0.1650453657 0.2023455174 0.1304623068 0.1894197744 0.1878297198 0.1832934830 0.2317596795 0.1843243998 0.2098421182 0.2065446996 0.2220996804 0.2017261851 0.1855888379 0.2206115473 0.2272844872 0.2025460800 0.2121584357 0.3123474364 0.3041202405 0.4931653732 0.6161304922 0.7467231347 0.8979058410 0.9375221248 0.9330490536 0.7090377649 0.5669417686 0.4342333728 0.3907487889 0.2778209302 0.2616134350 0.2572006018 0.1984444305 0.2207673820 0.2340456904 0.1821161196 0.2317153284 0.2335063430 0.2206214902 0.1953408183 0.1769231723 0.1868651362 0.1589797128 0.2319042940 0.2281880446 0.2124383137 0.2640673483 0.2089569692 0.2059475979 0.2305638723 0.1950615704 0.2081211457 0.2239419906 0.2598077458 0.2795543922 0.3089475799 0.4561866947 0.6055742386 0.7638508038 0.8877017772 0.9110918374 0.8570387033 0.7292158220 0.5732948386 0.4607229433 0.3272470252 0.2992495201 0.2306944244 0.2247873569 0.2051527778 0.2173099268 0.2106741779 0.2279827875 0.2183734154 0.1885896145 0.2095311853 0.1907027910 0.2227765729 0.2216073979 0.1995570195 0.2197385717 0.2234415028 0.1777433839 0.2201455016 0.2256304477 0.1710534910 0.1769927331 0.2379990237 0.1688460277 0.2184616861
0.1629577225 0.1732089837 0.1855035793 0.2060189588 0.1635888407 0.1882718242 0.2184622816 0.2008939224 0.2408763414 0.3178345397 0.3503074489 0.5119539331 0.7022974964 0.8116273245 0.8627248375 0.9086762304 0.8342792769 0.6579246595 0.5356492195 0.3498514586 0.3286212050 0.1971354800 0.2481929513 0.2200198858 0.1726267834 0.2121495315 0.1702798631 0.2184745327 0.2215008994 0.1616422578 0.1716478508 0.1815898677 0.2259977761 0.2139616274 0.2063431923 0.1443719373 0.2140617288 0.1860960369 0.1840122478 0.1757164108 0.2161199789 0.1797543951 0.2128501587 0.1830607216 0.1821048094 0.2826642447 0.3233626944 0.4017490859 0.5180843477 0.7065059439 0.8235143202 0.9280252832 0.9029380460 0.8147113075 0.6617815836 0.5081469131 0.3893397292 0.2979212326 0.2915275297 0.1761429471 0.1881590925 0.2414516248 0.1761805200 0.2228403401 0.2214387154 0.2358057902 0.2460921961 0.2345978255 0.1970880696 0.2707863099 0.2313572822 0.2002945183 0.2059921897 0.1661801554 0.1993789609 0.1846183759 0.1665522660 0.2215219619 0.2422611217 0.2573379912 0.1691959108 0.2661416957 0.2358655578 0.3451371185 0.4912212186 0.5282885834 0.7361560003 0.8460098432 0.9116083081 0.9512983704 0.8352182586 0.6589334749 0.4934859076 0.3276047706 0.2779494557 0.2428601314 0.2191947040 0.2785351901 0.1901668820 0.2173176846 0.1681047174 0.1995103582 0.2622186684 0.1698693319 0.1403373239 0.2305727274 0.1841074256 0.2230842791 0.2313095209 0.2212621943 0.1967609611 0.2149789884 0.1795588400 0.2396095658 0.1584290384 0.2097124515 0.1535448636 0.2377263027 0.2311497913 0.2701986120 0.3993624502 0.4697860319 0.6105052043 0.7731268042 0.8840053773 0.9776575175 0.9493330250 0.7656221739 0.5887188372 0.4973513927 0.3466103990 0.2743027709 0.2400242476 0.2488742675 0.2071929870 0.2377473430 0.1867519071 0.1833122259 0.2129936853 0.1480201405 0.2198972787 0.2187299261 0.1947717083 0.2063156481 0.1543237758 0.1808031940 0.2120601460 0.1480892794 0.1225420875 0.1785244346 0.2623413354 0.2176672142 0.2152502337 0.1780599498 0.2183448947 0.2372961245 0.2998596624 0.3441151499 0.5121392183 0.6129116006 0.8002344554 0.9252132109 0.9371997995 0.8831806124 0.7855838855 0.6015765559 0.4424494005 0.3984841291 0.2559188288 0.2383145521 0.1997738470 0.1531169436 0.1856683247 0.1916695448 0.2802514075 0.2179479919 0.2462174188 0.1768165817 0.2628109199 0.2166711695 0.1725924737 0.1746570299 0.1806522833 0.2091051670 0.2192271850 0.1895348053 0.2135837818 0.2728825338 0.2328402549 0.2109853064 0.2215768781 0.2758190681
0.1792887106 0.2092871961 0.1454290811 0.1684204603 0.2253141503 0.2008637460 0.2255832039 0.2354055946 0.2697816248 0.3365119435 0.3670664083 0.5315485842 0.7006429903 0.7775172739 0.8806685976 0.8999960214 0.8330997497 0.6770164667 0.4870622510 0.4032099389 0.3348207934 0.2592075662 0.2429136107 0.2446466783 0.1936099861 0.2214503451 0.1886461576 0.1849125323 0.1686776839 0.2557883275 0.2299970672 0.1951804710 0.2497835581 0.2586421395 0.2103286346 0.1727399325 0.1755833178 0.1990281923 0.1779629316 0.2262457972 0.2070101349 0.2257505498 0.2007497496 0.2801192957 0.1889532975 0.2662490948 0.3134100487 0.4428692837 0.5365972634 0.7168376743 0.8652079910 0.9157859997 0.9085960197 0.7992584346 0.6910461739 0.5887098945 0.4142650194 0.2468472130 0.2432256746 0.2480850829 0.2105952734 0.2433451514 0.2217961712 0.2073313165 0.2408417416 0.2375205183 0.1627455059 0.2282621157 0.1756726474 0.1591013073 0.1807692382 0.2069915123 0.2193329126 0.1795975221 0.2492873648 0.2426290696 0.1534889953 0.1911736769 0.1316974663 0.2078240368 0.2365098558 0.1904077236 0.2477319743 0.3798691449 0.4911697464 0.5917642628 0.8048842376 0.8375132738 0.8943246309 0.8855273020 0.8360224222 0.6451928164 0.5039108533 0.3912110002 0.2697955233 0.2305177803 0.2446134378 0.2254077033 0.1777423494 0.2455273501 0.2265748724 0.2005604822 0.2252589464 0.2109175107 0.2137616457 0.1949505639 0.2138537156 0.2649173570 0.2228584132 0.2267460018 0.1961852948 0.2258680857 0.1539826818 0.1991618135 0.2538199865 0.2087119836 0.1790110717 0.2538892895 0.2101697820 0.2651764065 0.3298772024 0.4786968326 0.6104476629 0.7351735842 0.9007375509 0.9252273262 0.9040589518 0.7585740729 0.6035033937 0.5052768285 0.3624604944 0.2858961358 0.2582576208 0.2462164707 0.2333647437 0.1975531104 0.1909010675 0.2469417947 0.2135648536 0.1995647091 0.2442074128 0.2185230426 0.2362859314 0.2953215193 0.2090348460 0.2045187229 0.1962578747 0.2412140172 0.2020918389 0.1835150262 0.2142201583 0.1689126881 0.2752555094 0.2018572363 0.2188734788 0.2266504070 0.3333714506 0.3666956155 0.4953825776 0.6029002648 0.7720251523 0.8867352483 0.9889935110 0.8601504271 0.8253683944 0.6208929079 0.4642191464 0.4203040705 0.3000792443 0.2177999961 0.1849310862 0.2147931882 0.2289125192 0.2277576614 0.2599630865 0.2287923996 0.2242989901 0.1749700102 0.2016134227 0.2115869775 0.1819407068 0.2591696395 0.2436996568 0.1709376563 0.1669059403 0.2103621651 0.2136539008 0.2236433234 0.2432263950 0.2569906414 0.2059312265 0.2272041438
0.1755009162 0.1863634302 0.2103012863 0.2023882532 0.2380924198 0.2459726101 0.1992145090 0.2340860004 0.2357816721 0.3575696142 0.4081083519 0.4807120996 0.6827576494 0.8064427217 0.9333843494 0.9311294791 0.8298306393 0.7287137722 0.5468068306 0.4050495234 0.3121632626 0.2703236607 0.2145813453 0.2006422401 0.1857572540 0.1530274985 0.2030538723 0.1581528263 0.2392876148 0.2391238126 0.2176529384 0.1688792880 0.1595950016 0.2114958208 0.1760143971 0.2495157986 0.1776405166 0.2056527388 0.1667702937 0.2440951863 0.2313713938 0.1935449859 0.2266382883 0.2233932297 0.2425861093 0.2680794447 0.3073708073 0.3748549355 0.4973778476 0.7469218675 0.7844583665 0.8886986948 0.9129797369 0.8339356118 0.6404797504 0.5488360171 0.4060379392 0.3070998371 0.2320398534 0.2429271640 0.1953458098 0.1903283502 0.1579195578 0.2218252876 0.2425659030 0.1969343150 0.2087098589 0.1608923912 0.1873926490 0.1647191128 0.2084535862 0.2240114971 0.2319460040 0.1717359457 0.2158535333 0.1606379268 0.2118694381 0.1955867306 0.1858278322 0.1933014429 0.1749543622 0.2150340779 0.3093628131 0.3755401338 0.4528730926 0.5930060461 0.7633274283 0.8468168003 0.9362609830 0.9106352207 0.8226713385 0.6432382530 0.4825542303 0.3846810499 0.3125353694 0.2723317282 0.2106772555 0.2352516459 0.1987722729 0.1788888313 0.2470615562 0.2566605894 0.1660844736 0.2169286856 0.2279685820 0.1860902542 0.1545536664 0.2736287018 0.2501572171 0.2006086869 0.2394668822 0.2292060112 0.2205736627 0.2155329309 0.1810152248 0.1498760878 0.2239269404 0.2114976487 0.2485745153 0.2643929890 0.3644891938 0.4685851054 0.5675402772 0.7287243301 0.9037140674 0.9331460599 0.9373501771 0.7733394561 0.6014998530 0.5084903276 0.4042311062 0.2781638261 0.2594175501 0.2154191835 0.2523206986 0.1844510051 0.1911325664 0.2097884277 0.2394950925 0.2468314468 0.1602070299 0.2169608890 0.2157695355 0.2023612620 0.1818158523 0.1874683210 0.2537028764 0.2276323655 0.2072287596 0.1993594474 0.1889433014 0.2413620230 0.2320970080 0.2401799633 0.2241459117 0.3069496865 0.3034059150 0.3426250224 0.4472174822 0.6184222171 0.7246148049 0.8615800615 0.9246657847 0.8807966522 0.7718826281 0.6346871562 0.5252728741 0.3374726739 0.2683496243 0.2832865112 0.2114558024 0.2875855630 0.1939827417 0.1963921305 0.2308060389 0.2452723382 0.2029157266 0.2280058070 0.1994098317 0.2391921551 0.2766433044 0.1897818667 0.1594716266 0.2393117078 0.2213306260 0.2108581279 0.2079783384 0.2621593967 0.2099456387 0.2733938009 0.2113246306 0.2491078591
0.2121888461 0.1926693160 0.2371935717 0.2132904831 0.2032937625 0.1909776982 0.1835414924 0.2232666215 0.2617198838 0.3025333099 0.3483634531 0.5129912222 0.6312005389 0.8492986628 0.9031422933 0.9309750762 0.8065521757 0.7029078153 0.5892696102 0.4061867712 0.3051979893 0.2766810823 0.2412477811 0.2205200616 0.2916432520 0.1873297123 0.2409244934 0.2463751213 0.1735220254 0.2049714950 0.2471634832 0.2312901520 0.2023819642 0.2185872056 0.2235414718 0.1823043200 0.1783189342 0.1677146453 0.1644526855 0.2343155350 0.1768344751 0.2153612120 0.2323931407 0.2435586283 0.2255792093 0.2208849319 0.2818135157 0.3766601271 0.4990398898 0.6532215680 0.7536663826 0.8724945767 0.9279597686 0.8352043610 0.7306631272 0.5757909814 0.4333147088 0.3111388710 0.2927793172 0.2238617763 0.1874135197 0.1854135737 0.1915964720 0.1740892308 0.2338683261 0.2129413426 0.1785002446 0.2377408314 0.2167852939 0.1800595789 0.2123249514 0.1505533304 0.2429709333 0.1483569748 0.1799276292 0.2465557504 0.2201877014 0.1915321088 0.2060928610 0.1873907223 0.2025918902 0.2440274120 0.2373034408 0.3473863709 0.4244510648 0.6155628667 0.7199752475 0.8370352742 0.9324885391 0.9686877003 0.8212127834 0.6944644364 0.5066912877 0.4026020390 0.2910279530 0.2657995457 0.2406719780 0.1500995932 0.1941462417 0.2448265266 0.2110787820 0.1611610758 0.2114848641 0.2278156341 0.2075588081 0.2025143119 0.2047073334 0.2157672694 0.2204151975 0.1552000576 0.2152657198 0.2123527572 0.2264430467 0.2907572764 0.2522169206 0.1887922856 0.2338725440 0.2635288150 0.2211193579 0.2634556488 0.2793336952 0.5023523396 0.6233855146 0.7463245707 0.8584254525 0.9155843790 0.9304633724 0.7888782500 0.6538572060 0.5106136194 0.3578715084 0.2853939383 0.2961702628 0.2141053134 0.2272751656 0.2549970136 0.1619978601 0.1727374188 0.1685578910 0.2196224459 0.2295724137 0.2221425343 0.1940822630 0.2398905198 0.1884040905 0.2231675272 0.2182338699 0.2205720691 0.1985078436 0.1578229483 0.2088706716 0.2285507774 0.2261493779 0.2231195517 0.2014342879 0.2145227045 0.2744448093 0.3764093248 0.4801801627 0.5930181081 0.7511071760 0.8926823474 0.9340492357 0.8784223434 0.8091844829 0.6046624055 0.4745226835 0.4027645598 0.3197781342 0.2450016824 0.2691489403 0.2236528105 0.2463364061 0.2179938395 0.1831560528 0.2500309882 0.1681051250 0.1768129809 0.2263900107 0.2389765421 0.2469273590 0.1617133449 0.1784834056 0.2053853077 0.1731358110 0.2429095466 0.2231247452 0.2182894327 0.2533629993 0.1977065749 0.2662819492 0.2021166592
0.1480931253 0.1875399652 0.2105003669 0.2473485260 0.2045582738 0.2012562319 0.1803138695 0.2142251300 0.2434275482 0.2488881105 0.3386841078 0.4841975725 0.6806167991 0.8341490512 0.8945089058 0.8943369155 0.8504287349 0.7089848431 0.5835776524 0.4015877705 0.3449622169 0.2638693265 0.1807074979 0.1945320687 0.2057002888 0.2054339132 0.1166231382 0.1712392181 0.2473240798 0.2198670728 0.2562348354 0.1583788875 0.1830689814 0.2532933898 0.1937775824 0.2133814049 0.2166366961 0.2286399305 0.2283947953 0.1879284148 0.1938916851 0.1776110218 0.1739982303 0.1908726436 0.2366609767 0.2474490810 0.2537159846 0.4295756308 0.5311356080 0.6911851663 0.8113259225 0.8937770724 0.8877687360 0.8015664764 0.7257012335 0.5282332352 0.4276176631 0.3164167073 0.2970297204 0.2193448950 0.2011708489 0.2017153347 0.2014564190 0.2247036739 0.1579592439 0.2131429881 0.1861448476 0.2075260070 0.2838538049 0.1797837077 0.2008654608 0.2163313690 0.2173215206 0.1917487404 0.1445030421 0.2470692042 0.2451228467 0.2048922936 0.1901023843 0.2266620068 0.2269256793 0.1794243145 0.2693496671 0.3073546818 0.4001652747 0.4973716539 0.6912064728 0.8792671495 0.9125995822 0.9200091003 0.8106192814 0.6658365285 0.5477604686 0.4256229410 0.2894882843 0.2262740148 0.2679819558 0.2060612902 0.1851588249 0.2424112939 0.1895260816 0.1857138108 0.2132969563 0.1897448763 0.2185114191 0.2520040128 0.2525218360 0.1853365653 0.2197932366 0.1739873137 0.1993924350 0.2340487067 0.1856885353 0.2464831421 0.2064888190 0.1980632494 0.2489142898 0.2033347946 0.2119122307 0.2344093933 0.3486918639 0.4169356905 0.5464665503 0.7931819178 0.8799423391 0.9391057298 0.9248925821 0.7941834627 0.7056865278 0.4767840123 0.3388331820 0.3284905092 0.2650325077 0.2631538614 0.2259395532 0.2058444443 0.1938018791 0.2093905648 0.2460603627 0.2477183167 0.2381013802 0.2344818873 0.2380161166 0.2138334223 0.2391889008 0.2458164494 0.2245833332 0.2090875484 0.1846676380 0.2093877898 0.3036600054 0.1869859575 0.2127860559 0.2250161249 0.2276489351 0.2717424465 0.2836900067 0.3590649901 0.4728645477 0.5885672148 0.7996193273 0.9240429379 0.9352319325 0.9181102115 0.8708053630 0.5854632115 0.5216415173 0.4437897982 0.2665257616 0.2653069817 0.2566561197 0.2210094907 0.1733577072 0.2019962602 0.2107698439 0.2203944234 0.2302855216 0.2220285490 0.1789515860 0.1901440054 0.1688281707 0.2398984153 0.2214617346 0.2777345064 0.2106569983 0.2055143787 0.2113665418 0.2113688360 0.1869297567 0.2441738764 0.2494125670 0.2154631878
0.2359032472 0.1920348372 0.1698493407 0.1786630763 0.2192288163 0.2234614745 0.2076971493 0.2174056645 0.2584727598 0.2358831371 0.3450090207 0.5535708233 0.6564414293 0.8352427432 0.8783840413 0.8975136852 0.8863903225 0.6714071384 0.6031163655 0.4370929242 0.3494709507 0.2581939440 0.1637490584 0.1548474117 0.2005680248 0.1963677257 0.1629452821 0.2100616720 0.1480761684 0.1716707225 0.1822486764 0.2252103303 0.1781574701 0.2350325151 0.1673530482 0.2285715680 0.2067391774 0.2428373420 0.1954474363 0.2274288291 0.2237446642 0.1651354748 0.2482705122 0.2072682668 0.2247598988 0.2226619259 0.2856372183 0.3701322338 0.5256357445 0.6743023626 0.7953104995 0.9190481410 0.9189613703 0.8571057755 0.6380556200 0.5211597031 0.3966450070 0.3011643902 0.1974493556 0.1745355372 0.2023320541 0.1682469483 0.2062411115 0.1939164250 0.1719246848 0.1951113797 0.1972558124 0.1838717174 0.2339592823 0.1662014520 0.1981190220 0.1973484708 0.1774924919 0.1859018562 0.2239586942 0.2190707604 0.1862035738 0.1940352334 0.1860098838 0.2498939092 0.2117627916 0.2093422446 0.2733079440 0.3121252081 0.4237519432 0.5732163368 0.7110477230 0.8804883732 0.9059169463 0.9429041616 0.7956850389 0.7016077653 0.5273151452 0.4100290871 0.2933551289 0.2327810308 0.2518295905 0.1842010411 0.1886106491 0.2170572258 0.2324347720 0.2007018046 0.2078983955 0.1914360706 0.2727437409 0.2183060153 0.1921957076 0.1735686331 0.2118383984 0.1793131479 0.2281233398 0.2564385669 0.1938629459 0.1922950298 0.2086038187 0.1808565659 0.1500259851 0.1628877206 0.2693418471 0.3333762876 0.3164331703 0.4467460540 0.5959953315 0.7162125056 0.8988632984 0.9010560099 0.9174752281 0.7493402202 0.6120633944 0.4792169570 0.3092193865 0.3132676059 0.2482768584 0.2020550177 0.2274904460 0.2069628749 0.2220763145 0.1841670499 0.2201379313 0.2240290674 0.2613122039 0.2008330138 0.2205677034 0.2584735500 0.1956815899 0.1895472155 0.1874166975 0.1986744957 0.2230254098 0.1791579323 0.2127837379 0.2235219787 0.1898080346 0.1796396265 0.1912604769 0.1975056677 0.3075105205 0.3813466099 0.4154743568 0.5930177975 0.7579208544 0.8802839304 0.9000774906 0.8682650714 0.7734249317 0.6284557287 0.5178729933 0.3755410802 0.2691513321 0.2459441870 0.2785723256 0.1834296316 0.2060382567 0.1780131956 0.2101993914 0.1881859082 0.2608929757 0.2097580055 0.2373036215 0.2597552478 0.1979333064 0.1939112250 0.2321320374 0.1971249360 0.2176933379 0.2394217391 0.1808809150 0.2593377857 0.1893835217 0.2596041700 0.2332741091 0.2478530303
0.2115396776 0.1641296950 0.1938217183 0.1713323672 0.1882004191 0.2161782793 0.1770821629 0.2134443454 0.2535042075 0.2428624208 0.3361515490 0.4532913927 0.6077320470 0.7452800047 0.9079706945 0.9165122967 0.8490732879 0.7262668820 0.5692731690 0.4255694722 0.3346864217 0.2799929619 0.1942408720 0.2172020253 0.2206217063 0.2049498764 0.2032161055 0.2079807544 0.2071772819 0.2064612827 0.1758412979 0.1804605998 0.1983773120 0.1737340057 0.1617291125 0.2227007095 0.2126516743 0.1669060889 0.1454056754 0.1915564534 0.1244040450 0.1903453575 0.2118157013 0.2528183845 0.1991253834 0.2285546200 0.3137811154 0.3503783707 0.5076181150 0.6424504388 0.8781170359 0.9078358361 0.9399918330 0.8457955239 0.6831334862 0.5147279721 0.4346852227 0.2452595720 0.3013255543 0.2229155241 0.2557148563 0.1387285679 0.1703882151 0.2063779509 0.1557947628 0.1482115674 0.1219053125 0.2553735546 0.1535471879 0.1934747073 0.1592730749 0.1648921932 0.2097244214 0.1841658307 0.1814657588 0.1739488433 0.2518819488 0.2027340428 0.2170174851 0.1826365093 0.2123266210 0.2620857275 0.2581631165 0.3009356248 0.4161462550 0.5076888812 0.6784734522 0.8384918140 0.8932911478 0.8883553407 0.8325111730 0.6743655718 0.5723320833 0.4149113211 0.2989023774 0.2022347017 0.2122869601 0.2579753758 0.1883164969 0.1638070542 0.1960608430 0.2130712815 0.2058892619 0.1893432729 0.2275765484 0.2281796366 0.1872067300 0.1978661912 0.2096326695 0.1682629958 0.1738112576 0.2091197701 0.2161687951 0.1798752083 0.1749034960 0.2254646954 0.2066119217 0.2171084871 0.2511375115 0.2301363555 0.3544786421 0.4678593830 0.5855244378 0.7324418654 0.8493911663 0.9165236668 0.9176869831 0.8075265886 0.6158756993 0.5057692430 0.4076634987 0.2723164781 0.2292419336 0.2097063978 0.1929698822 0.2135630014 0.2256808578 0.2434906976 0.2156534253 0.1821019927 0.2262123325 0.2339504220 0.2237921559 0.2454294257 0.1904143636 0.2032853265 0.1926629120 0.2172276083 0.2397095627 0.1811825224 0.1566182769 0.1879212709 0.2330761419 0.1921447012 0.2241368902 0.2057498167 0.2879801295 0.3591461563 0.4805397347 0.5785482995 0.7586529448 0.8599694949 0.9297636185 0.8917273381 0.7646213611 0.6056158037 0.4607479932 0.3816862306 0.3089784569 0.2630442638 0.1838066699 0.2271222456 0.2217810232 0.2391826157 0.1494243773 0.2195788974 0.2067783348 0.1806250470 0.2289836532 0.2043167186 0.2412135597 0.2102278349 0.1914764524 0.2360457733 0.1850165196 0.2046760295 0.1216742680 0.2305140633 0.2126787046 0.2256793191 0.1897342644 0.2164187233
0.1236630782 0.1978186940 0.1745788417 0.1380635118 0.1998443958 0.1884043345 0.2299822073 0.2336096313 0.2342730232 0.2111796538 0.3734244726 0.4707081553 0.5915083435 0.7514584970 0.8485716331 0.9091251148 0.7931265633 0.7149783921 0.5532924172 0.4573226455 0.3303328121 0.2278818830 0.2201349292 0.1886375342 0.2263864822 0.1825521244 0.1914338495 0.2311354646 0.1742314673 0.1967575080 0.1863807388 0.1805600335 0.1604365390 0.1744908738 0.1634261476 0.1519407297 0.1733834083 0.1678631810 0.1627127564 0.2059657151 0.1591230891 0.2252876416 0.1753871801 0.2169263517 0.1867504965 0.2343471890 0.2926786238 0.3571096501 0.4737540455 0.6515181650 0.7742456416 0.9110076949 0.8556374499 0.8283561564 0.7076405100 0.5540628429 0.4506333147 0.3097337990 0.2104733015 0.1979941407 0.1685727272 0.1911625319 0.1824030406 0.2156863452 0.2044299764 0.2103690148 0.1541686995 0.1898922048 0.2221698396 0.1635947522 0.1669162533 0.1883856659 0.1514785918 0.2165637863 0.1256352224 0.1856808445 0.1854100296 0.1378638972 0.2143599566 0.2276311807 0.1821598882 0.1900994491 0.2854260196 0.2897094040 0.3601801076 0.4775980296 0.6092831910 0.8459514008 0.8854866308 0.8961479282 0.8143832929 0.6930583924 0.5896052244 0.3420712828 0.2956184076 0.2548387761 0.2532602996 0.1982627593 0.1552726700 0.1496340127 0.2083156027 0.2237412077 0.1961558945 0.1838819140 0.2242546080 0.1611937011 0.2530173572 0.2168378448 0.2035365076 0.1764061298 0.2539356093 0.2076528628 0.1427898777 0.1673199834 0.1825363762 0.2020639019 0.2260238063 0.2392835302 0.2265215005 0.2249521161 0.3135520615 0.3963995911 0.5493462712 0.7110950670 0.8286274752 0.9111543324 0.8940731113 0.7923223899 0.6174441251 0.5501422386 0.3725181284 0.2635408818 0.2311499019 0.1925810180 0.1605229212 0.2250185000 0.2012840789 0.2421815987 0.2233905689 0.1368725003 0.1801348649 0.2018472834 0.2211144553 0.1499288248 0.2320205006 0.2065247256 0.2032365382 0.1752217581 0.2035089053 0.2234933530 0.2085569425 0.2346545384 0.2019444265 0.1934209373 0.2224787562 0.1685831496 0.2298175323 0.3652748514 0.4327239951 0.5224990916 0.7682314630 0.8599601107 0.9302687844 0.8773927937 0.7746071267 0.6202788720 0.5429447800 0.3424826302 0.2782878147 0.2369791059 0.1871255438 0.2068046654 0.2125783891 0.1760789269 0.1745010587 0.1451034698 0.1544329089 0.2038807655 0.2018789543 0.2024414020 0.1931350067 0.1502163554 0.1945342827 0.1847592013 0.2330459005 0.1846722600 0.1784629509 0.1941330821 0.2185961441 0.1937736365 0.1678169852 0.2607986766
0.1828256059 0.1484344404 0.1434612269 0.2073289257 0.1724186879 0.1648797177 0.1669514964 0.2108137392 0.2029839263 0.2694462451 0.3397008858 0.4725952570 0.6043966921 0.7415394422 0.8195007611 0.8262154195 0.8245379842 0.6696716391 0.5656527265 0.3834797837 0.3527250623 0.2410908669 0.1574856756 0.1905128609 0.1610800499 0.1484774767 0.1293160771 0.1957959313 0.1530345706 0.1845232167 0.1917523633 0.1275551981 0.1699126908 0.1555834829 0.1555978074 0.1922555265 0.1671507882 0.1833627416 0.1823780172 0.1420980506 0.1458845929 0.1496633292 0.1705399328 0.1645266925 0.2042844521 0.2215286421 0.2624698205 0.3265701431 0.5045300885 0.6055599131 0.7597743355 0.8677268755 0.8937937806 0.8030658507 0.6650595332 0.5630335458 0.3672272067 0.3013610540 0.2535131311 0.2063979229 0.2110231268 0.1859205291 0.1402054980 0.1507568470 0.2307946868 0.1637919978 0.1669206711 0.1598840255 0.1235717836 0.1972183203 0.1624023254 0.2155859108 0.1107890098 0.1978914299 0.1633207057 0.1959605146 0.2173547548 0.1782648754 0.1752487896 0.2120918606 0.1691391484 0.2095864874 0.2170834744 0.3044279822 0.3497955701 0.5145189019 0.6878855803 0.8047444492 0.8613197230 0.8943482067 0.7604126312 0.6790260243 0.4967800974 0.3790264844 0.2930540168 0.2144967980 0.2521035769 0.1869776806 0.1752005217 0.1698457063 0.1649532614 0.1544259241 0.1789430406 0.1893748491 0.2165676006 0.1762327800 0.2345862913 0.1681936594 0.2233399814 0.2193033461 0.1861432841 0.1901777052 0.1871460589 0.1686618507 0.1884581694 0.1692091001 0.1396011362 0.2045838034 0.1457159204 0.2666232683 0.2864758948 0.4205178728 0.5184214767 0.7105500259 0.8392229710 0.9158283764 0.9098061907 0.8323060692 0.6803582218 0.5061809312 0.3651854168 0.2998102087 0.2382614908 0.2513930605 0.1755550473 0.1328284926 0.2326528561 0.1898558935 0.1654290545 0.1531077124 0.2466332307 0.1994540857 0.1836416256 0.1516957431 0.1966087414 0.1958175680 0.1471479986 0.1852964280 0.1848801653 0.2075525583 0.1996373189 0.1553268607 0.1970992758 0.1892602844 0.2098849997 0.2287591071 0.2306968107 0.3422744722 0.3827155977 0.5901381025 0.7757246528 0.8207193374 0.8622116389 0.8169005835 0.8473086014 0.6331963792 0.4556884193 0.3798999702 0.2823730678 0.2308670215 0.2003290456 0.2080642985 0.2103485529 0.1825223828 0.1667096673 0.1932411485 0.1747415196 0.1604569604 0.1409132111 0.1948434005 0.2326433986 0.1734024444 0.1475228550 0.1574954915 0.1294610840 0.1546537627 0.2046312889 0.2308133612 0.2243433144 0.2092622685 0.2443575084 0.2538792677
0.1548269143 0.1331124389 0.1532025299 0.1573658296 0.1627295289 0.1362560499 0.1582261433 0.2354378601 0.1667720674 0.2420389826 0.3137873489 0.4229683824 0.5555781229 0.7304779040 0.8973388584 0.9214215927 0.8382591539 0.6565824879 0.5470477802 0.3783898607 0.3455309904 0.2698864180 0.2307513941 0.1823546658 0.1607843261 0.1379198398 0.1975331925 0.1849543335 0.1441187494 0.1560232882 0.1157965239 0.1431535776 0.1824167002 0.1490325689 0.1892432003 0.1824420875 0.1373744017 0.1878289034 0.1536525421 0.1952119454 0.1954720372 0.1837445579 0.1565329884 0.1252951738 0.1793268495 0.1879755559 0.2307274430 0.4082197904 0.4278371860 0.6223670942 0.7493880024 0.8545437599 0.9054893850 0.8567056713 0.7247512617 0.5451125760 0.3695203648 0.2517267698 0.2599495295 0.1905723634 0.1711458256 0.1394456270 0.1887476479 0.1932029868 0.1515829691 0.1485310692 0.1655821035 0.1548684268 0.1601142056 0.1814187971 0.1580374347 0.1753275252 0.1361791418 0.1770257854 0.0998374302 0.1329168130 0.1420315475 0.1471404366 0.2073911434 0.1799505963 0.1750129768 0.2121472763 0.2042000850 0.2824746326 0.3344215891 0.5343942326 0.6558194707 0.7864737285 0.8814626029 0.9009306232 0.8099264314 0.7402792403 0.5469637700 0.4263803712 0.3036304224 0.2750932555 0.2216868517 0.2211489593 0.1370796836 0.1739909529 0.1916501931 0.1683229343 0.1684983969 0.1873635846 0.1833876736 0.1690312693 0.1562753801 0.1854819517 0.1727488638 0.1993241657 0.1957274807 0.1614770831 0.1652598953 0.1155373152 0.1245248685 0.1665612424 0.2097135121 0.2176920025 0.2548420695 0.2521859083 0.2968909276 0.4221871419 0.5318501559 0.6699983647 0.8653814821 0.9062111020 0.8812214467 0.8103370698 0.6791146448 0.5175437623 0.3843400445 0.2910558718 0.2323569089 0.1964363360 0.1740020706 0.2263592282 0.2165156787 0.1841065954 0.2128726436 0.1613152016 0.1834127093 0.2188619846 0.1197105811 0.1830524912 0.1599393254 0.1642340530 0.1767378201 0.1712735062 0.2327890480 0.2234367987 0.1584488035 0.2221992035 0.1748490432 0.2363472355 0.2066356379 0.2195857976 0.2602507691 0.3065608922 0.4147205818 0.5288706772 0.6856182704 0.8302109760 0.9152231436 0.8421103952 0.7772001174 0.6476809365 0.4995470815 0.4216743659 0.2515809405 0.2405172553 0.2212636025 0.1260040323 0.1996596246 0.1555342329 0.1783161729 0.1956961167 0.2079322622 0.1235256135 0.2355780584 0.1649819510 0.1598631737 0.1894350436 0.1820379770 0.1707118977 0.1638918449 0.1742143717 0.1905640786 0.2128352342 0.1635337496 0.2044748217 0.2212156044 0.1997891238
0.1352849829 0.0729140601 0.1614834320 0.1783819943 0.1498206325 0.1207070371 0.1816135725 0.1585399832 0.1834866793 0.2032800354 0.2949029040 0.4158095384 0.5110899037 0.7793384184 0.8321151808 0.8650062064 0.7609429357 0.7122985568 0.5100849400 0.4469059895 0.2630493520 0.2602681641 0.2050171194 0.1563930906 0.1905561786 0.1409191259 0.1622632519 0.1560483645 0.1644647637 0.1903655852 0.1464624266 0.1865010899 0.1849026569 0.1225368105 0.1842462053 0.1696040862 0.1554546964 0.1413627849 0.2192373666 0.1785424185 0.1552799900 0.1847943099 0.1779240031 0.2215385724 0.1842682183 0.2058132511 0.2362673458 0.3036548383 0.4353860886 0.6256527451 0.7614783825 0.8266972962 0.9177653282 0.8000812426 0.6231662369 0.5029669907 0.4754852127 0.2457145824 0.1928135287 0.1698607550 0.1800355950 0.1764870618 0.1632368003 0.1341251526 0.1996544194 0.1468587288 0.1616882720 0.1802492443 0.1509930150 0.1612975140 0.1673900149 0.1214403095 0.1574209596 0.1433995495 0.1510722534 0.1460670556 0.2124817188 0.1235714816 0.1713420607 0.1941538674 0.1689991205 0.1684513754 0.1789313080 0.2295466122 0.3614991007 0.4777950610 0.6535915072 0.8082688385 0.8534244926 0.9083479975 0.7861909914 0.7014518824 0.5078586153 0.4048515889 0.2539774958 0.2252221334 0.1935633433 0.1455434258 0.2041607238 0.1679124853 0.1090937548 0.1532559343 0.1599251187 0.1633959315 0.1359153124 0.2026681152 0.1507266237 0.2140187802 0.1420186498 0.2005028450 0.1775712567 0.1813299362 0.1893534887 0.1216065560 0.2297484554 0.1243851705 0.1755211101 0.1611260201 0.1889935841 0.2289520790 0.2487365928 0.3994854356 0.5568710771 0.6398006315 0.8384574567 0.8966197471 0.8656012454 0.7643825066 0.6562221726 0.4802248353 0.4273462730 0.2689293283 0.2435234217 0.1778052822 0.2224280279 0.1810350346 0.1825966289 0.1491704338 0.2363372668 0.1954612104 0.1906601587 0.1597422151 0.1677940236 0.1698950674 0.1997104433 0.1939661668 0.1555872004 0.1867667415 0.1739327854 0.1327139961 0.1726600976 0.1487201277 0.1393842499 0.1412712347 0.1539015385 0.1848950571 0.2357121267 0.2658701981 0.4208109917 0.5080165364 0.6948502306 0.7821164638 0.9434000920 0.8870757993 0.7897624833 0.6472095401 0.4795485809 0.3619950856 0.2136747394 0.2026101460 0.2273343806 0.1842892116 0.2000635164 0.1986281454 0.1520171279 0.1778727773 0.1827860246 0.1886670758 0.1728052006 0.1612794329 0.1649814579 0.1791608061 0.1583433777 0.1488800208 0.2058066903 0.1528345799 0.1077690301 0.1545692691 0.1826863102 0.1695634865 0.2086448139 0.2096885260
0.1165377837 0.1805791278 0.1752479538 0.1474348534 0.1443689321 0.1423607392 0.1606464305 0.1705922686 0.2070111902 0.2347712887 0.2877285634 0.4069492730 0.5616428235 0.6813346479 0.8072009521 0.8925709341 0.8662483913 0.7524782466 0.6109654819 0.4000781550 0.3204374211 0.2533870425 0.2178305707 0.1338030166 0.1547603132 0.1125509525 0.1796125850 0.1575980033 0.1057598167 0.1100889834 0.0956685097 0.2167961706 0.1694586586 0.1360183814 0.1531416388 0.1994868329 0.1738538141 0.1615211654 0.1563964830 0.1169314011 0.1900717910 0.1501109520 0.1665089265 0.1335548322 0.1930804983 0.2200306502 0.2487869978 0.2862674687 0.4131636632 0.6114344761 0.7236175961 0.8778532980 0.9235120490 0.8291440331 0.6506619288 0.5714860875 0.4417045337 0.2719376249 0.2086254265 0.1601487166 0.1928513068 0.1658198710 0.1279951304 0.1953890464 0.1608406263 0.1556067066 0.1517457975 0.1288170444 0.1414574298 0.1397698929 0.1356790672 0.1567593139 0.1591728434 0.1275042179 0.1583310282 0.1635155683 0.1657960247 0.1752949760 0.1496204017 0.1671167024 0.1822212895 0.1982580199 0.1800886431 0.2566186449 0.3124732603 0.4924981048 0.6268285424 0.7320760656 0.8910937383 0.9135491634 0.8577758325 0.6497441044 0.6028797600 0.3996212167 0.3342520222 0.2001296924 0.1768247516 0.1378587933 0.1296942029 0.1830114036 0.1926647605 0.1276411895 0.1936634721 0.1465648755 0.1494645970 0.1836548701 0.1465797597 0.1498808393 0.1230498429 0.1700207286 0.1578589848 0.1397239038 0.2114562222 0.1948913299 0.1532096840 0.1261105549 0.1635443372 0.1228837726 0.2010249873 0.2206336686 0.2482781453 0.3657610909 0.4677958722 0.6550114148 0.8202822719 0.8374130507 0.8390636250 0.7688824380 0.6869999877 0.5086259991 0.3732028442 0.3457172419 0.2097409752 0.1990996937 0.2362652883 0.1542981516 0.1406708595 0.1243625982 0.1950747362 0.1901786721 0.2015240568 0.1084004990 0.1695990198 0.1723751417 0.1747970457 0.1882765840 0.1580401373 0.2108435829 0.1609985850 0.1817277756 0.1516690676 0.1627886364 0.1490201084 0.1732588526 0.1360870008 0.1630980715 0.2385600468 0.3087465114 0.4091241869 0.5166828363 0.6693678948 0.8175230258 0.9089319410 0.8332609596 0.7803082901 0.6824358112 0.4690668857 0.3244145895 0.2408891710 0.2138178595 0.1394697884 0.1932136801 0.1790059370 0.2044523672 0.1884305964 0.1378305567 0.1924187201 0.1815467691 0.2065298993 0.1793719622 0.2302156091 0.2015033862 0.1723919167 0.2085107480 0.1369265394 0.1910940739 0.1543890282 0.1305358043 0.2089281473 0.1494259236 0.1286221853 0.1466780906
0.1399772775 0.1699520226 0.1868502676 0.1224218180 0.1638708075 0.1338703019 0.1471950880 0.1452182738 0.1679107518 0.2088645762 0.2843213693 0.3779942366 0.6086296669 0.6950888460 0.8261396318 0.9172267821 0.8282150607 0.7302454044 0.5433239517 0.3880202694 0.3333510502 0.2144979318 0.1530922159 0.1830201712 0.1860612933 0.1337921220 0.1614372184 0.1647482234 0.1193589171 0.1252048336 0.1014024725 0.1501267355 0.1398131802 0.1759663417 0.1639350469 0.1731977285 0.1860808241 0.1657537314 0.1641654899 0.1327389038 0.1501033891 0.1772040109 0.2035111756 0.1677841122 0.2150686351 0.2208244939 0.2050002732 0.3364075047 0.4146967343 0.6349421571 0.7495317295 0.8657422839 0.8508464069 0.8049965642 0.7034899227 0.5386579787 0.3751810973 0.3036026470 0.1828395810 0.2084919421 0.1550294687 0.1420543828 0.1276127941 0.1204743868 0.1881861777 0.1423613796 0.1582565344 0.1648753164 0.1243212924 0.1353272678 0.1665217348 0.2036811361 0.1857328137 0.1307663120 0.2291730534 0.1795016208 0.1815928483 0.1337913239 0.2244600174 0.1741621681 0.1071956490 0.1259891890 0.2506387828 0.2573495704 0.3647792665 0.4605870770 0.6215447651 0.7557024301 0.8920915823 0.8725079047 0.8341242603 0.6261175732 0.5117887258 0.3685586888 0.3019819123 0.2475727597 0.1744196032 0.1654327590 0.1423873926 0.1707572101 0.1506961112 0.1641044317 0.1659738684 0.1324765350 0.1577355093 0.1480273943 0.1726006389 0.1747173491 0.1698065051 0.1581243178 0.1348205449 0.1916318270 0.1872801782 0.1366401735 0.1433763511 0.1617883371 0.1452307927 0.1636169154 0.1558231535 0.2023589446 0.2695287871 0.3779409031 0.5309724832 0.6838486813 0.7509300341 0.8432891848 0.8541544235 0.8095831955 0.6601875992 0.4856744005 0.3885843591 0.3246368541 0.1557901653 0.1732744699 0.1597639305 0.1804137607 0.1817818009 0.1276373580 0.1890332737 0.1530316475 0.2036206580 0.1928030992 0.2029058423 0.1343007286 0.1878293564 0.1684964692 0.1616944233 0.2263613744 0.1452115348 0.1496999614 0.1117685320 0.1047443555 0.2166405315 0.1308866677 0.2091831110 0.2012909492 0.2068945612 0.3023295733 0.3787490551 0.5345966272 0.6769102190 0.7527027736 0.9226549307 0.8348810309 0.7896127425 0.6133497733 0.4810637996 0.3239842369 0.2557383109 0.2472348253 0.1948257186 0.1634118058 0.1842434495 0.0708331727 0.1703895888 0.1908534013 0.1634862176 0.1359935244 0.1690393522 0.1908722647 0.1602828912 0.1578311820 0.1737690948 0.1645785738 0.1886274030 0.1578103730 0.2016475329 0.2349711518 0.1975568009 0.1528042373 0.1469853365 0.1952910890
0.2127727427 0.1665790262 0.1316560121 0.1495461766 0.1512007275 0.1725803591 0.1411318863 0.1963572247 0.1616910673 0.2532403013 0.2778963284 0.4132452570 0.5423676479 0.7264394062 0.7795609635 0.9012841075 0.8411199433 0.7403714858 0.6009689848 0.4632006619 0.3045221313 0.2912067142 0.2065536600 0.1476699354 0.1008380053 0.1837861469 0.1702921782 0.1444026685 0.1615318173 0.1664526363 0.2023161338 0.1492768811 0.1398064745 0.1659689915 0.1325952804 0.1770939149 0.1301165021 0.1969083185 0.1437711756 0.1534928675 0.1608912294 0.1814334203 0.1523299436 0.1310862067 0.1718224412 0.1544057223 0.2617776929 0.3589318451 0.4224941203 0.5655512916 0.7800397754 0.8420916198 0.8912296873 0.8338777719 0.7007217981 0.4978162880 0.4137393193 0.2416676688 0.2577015717 0.1393126241 0.1678150586 0.1222132443 0.1956804027 0.1797246208 0.1534721858 0.1943504669 0.1885140897 0.1551515379 0.1427021973 0.1816868870 0.1102187584 0.1832347195 0.2050270087 0.1771105555 0.1366798330 0.0886058879 0.2122491379 0.1397973279 0.1604722450 0.1640286481 0.2109917514 0.1709033580 0.1912282304 0.2263992252 0.3457444685 0.4607443270 0.6468011368 0.7401816635 0.8381961589 0.8803566235 0.8020734502 0.6553937265 0.5603671135 0.4088452157 0.2980979909 0.2415159451 0.1619856551 0.1491281811 0.1828928494 0.1655889190 0.1500368496 0.2009493703 0.0701100647 0.1960427927 0.1866492154 0.1621120529 0.1074326178 0.1326703445 0.2159122839 0.1366293586 0.1862936167 0.1779877223 0.1462314936 0.2003218667 0.1847080472 0.1777341363 0.1991816902 0.2060460105 0.1768159138 0.1883848018 0.2885148883 0.3709024080 0.4760647693 0.6396090870 0.7391186271 0.9159971451 0.9126184445 0.7580079638 0.7213534321 0.5097022257 0.3506093503 0.2754897946 0.1648612098 0.1693461936 0.1192069559 0.1753698531 0.1663119744 0.1749970045 0.1494683245 0.1696656211 0.1723945153 0.1513748580 0.1584597068 0.1825345068 0.1983914199 0.1365486783 0.1745017475 0.2112678392 0.1916887041 0.1846352021 0.1633439833 0.1801893030 0.1963420833 0.1313137558 0.1817766531 0.1679157475 0.2564327181 0.2915316458 0.3962558644 0.4807065355 0.7014335404 0.7857210672 0.8575176499 0.8171331066 0.8071188860 0.6609611188 0.5041689461 0.3938273525 0.3099946819 0.2103946879 0.2092113053 0.1690988516 0.1636724254 0.1436683522 0.1651189337 0.1805725030 0.1333942642 0.1946595788 0.1193481262 0.1575153414 0.1566287957 0.1251792381 0.1948578011 0.1174997709 0.1761600684 0.2195340455 0.2498789715 0.1624625567 0.1901774019 0.1507585220 0.1682477314 0.2184270684
0.1261500090 0.1796790311 0.1671546536 0.1806594522 0.1379902938 0.1873712793 0.2025064332 0.1489758066 0.2342389444 0.1979388379 0.2800005867 0.4405582906 0.5371663544 0.7280672322 0.8010649747 0.8244897431 0.8941275946 0.7575631438 0.5374573019 0.4223272523 0.3355714135 0.2718998891 0.2458735494 0.1933350530 0.1443484297 0.1412690171 0.1424182882 0.1210405940 0.1149223374 0.1365522147 0.1408062499 0.1841939882 0.1751158658 0.1540175537 0.1767330121 0.1342928660 0.1627419812 0.1506266195 0.2350106931 0.1782074333 0.1847164959 0.1276036720 0.2041905044 0.1700492189 0.1420521802 0.2160147560 0.2710055869 0.3517570132 0.4245175733 0.5689051823 0.7226647636 0.8108974893 0.8720513895 0.8024810431 0.7575732038 0.5151552690 0.4189761775 0.2988916933 0.2094615544 0.1741211081 0.1598464587 0.1477486554 0.1508687982 0.1416593794 0.1618285084 0.2514103792 0.1259104379 0.1381110871 0.1186846572 0.1807997303 0.1975703414 0.1855188483 0.1698428526 0.1635376846 0.1684794406 0.1980199522 0.1660630202 0.1365539125 0.1614422333 0.1927821767 0.1618280127 0.1839531677 0.2371072756 0.2792112156 0.3144912486 0.4461628443 0.5606822243 0.7353446467 0.8084718544 0.8722359832 0.8285476585 0.6840144025 0.5780570416 0.4011840407 0.3084979903 0.2001400625 0.1806520191 0.2048114423 0.1605053604 0.1614240289 0.1950943397 0.1920104713 0.2159823881 0.1472628955 0.1956520322 0.1303920367 0.1778885417 0.2078736922 0.1439948452 0.1677153441 0.1486325296 0.1681690202 0.1734338145 0.1806798529 0.1925904776 0.1505703777 0.1240209330 0.1739616371 0.1913373593 0.1941540661 0.2646219235 0.3829546068 0.4719444349 0.6031509438 0.7654003127 0.8883174103 0.8774826544 0.8009970163 0.6631650983 0.5429575328 0.3557627381 0.2663580599 0.1912710207 0.2250181881 0.2129133093 0.1574474757 0.1385279647 0.1512213408 0.1557304299 0.1848681511 0.1859578968 0.1547550128 0.1854874026 0.1820537724 0.1372477605 0.1496655523 0.1899113314 0.1834379332 0.2182137749 0.1923871964 0.1443761509 0.1580344865 0.1764616062 0.2154735867 0.1651151345 0.2440500714 0.1787841114 0.2971172522 0.4237261890 0.5149653529 0.6549144408 0.8196355501 0.8708778812 0.8779568165 0.8238728317 0.6423350830 0.5139774669 0.3420006238 0.3034516750 0.2572614790 0.2322729273 0.2126201370 0.2163703845 0.2061136991 0.1547220944 0.1538207061 0.1684210082 0.1729797165 0.1575116382 0.1897549904 0.2045581247 0.2289051468 0.1661579245 0.1716055057 0.1892443103 0.1573720101 0.2013039979 0.1838504401 0.1745269262 0.1984937236 0.1651357509 0.2130906779
0.1382778883 0.1341089156 0.1525640907 0.2475978450 0.1302398990 0.1407136322 0.1934901946 0.1397592146 0.2101923990 0.2089410419 0.2850838030 0.4480075619 0.5643615547 0.7036493915 0.8469931421 0.8757481004 0.8480991011 0.7162517994 0.6153150914 0.4147705147 0.3175195644 0.2706002050 0.2607822052 0.1716827355 0.1335929575 0.2020709578 0.1686511017 0.1826885454 0.1651523948 0.1611408276 0.2406628008 0.1640858792 0.1421341967 0.1690638033 0.1319608066 0.1538212112 0.1498926062 0.1603790372 0.1330914830 0.1319926197 0.1025178036 0.1821015739 0.2126278189 0.1463936028 0.1593153635 0.1212657291 0.2540634120 0.3241721796 0.4385343369 0.5940660901 0.7213737482 0.8260144439 0.8792991852 0.7872279266 0.7583224565 0.5961208735 0.4359331468 0.3188244271 0.1865401801 0.2025349830 0.1115362182 0.1617094912 0.2056843653 0.1508705593 0.1948180874 0.1903556079 0.1545662802 0.2000257003 0.1826981679 0.1107041880 0.1372993903 0.1480583165 0.1739069762 0.1896340368 0.1821363548 0.1196117628 0.1237004638 0.1300426085 0.1905635548 0.1580538364 0.1399003271 0.1881566596 0.1662880522 0.2126271158 0.3658966497 0.4747891523 0.6061536583 0.7576872620 0.9091241023 0.8866342628 0.8309626749 0.7321693951 0.5463181879 0.4019780431 0.3345778003 0.2317980328 0.1612454065 0.1783285200 0.1833272553 0.1809194094 0.1726216149 0.1565969845 0.1917376942 0.1848212400 0.1977806623 0.1087207123 0.1663377883 0.1886714727 0.1184702766 0.1900292597 0.1437565160 0.1767648417 0.1474742204 0.2048103717 0.1796672046 0.1565598222 0.1515209110 0.2331330773 0.2174794455 0.1876547793 0.2777425462 0.3216840741 0.4868247550 0.5997492144 0.7681441397 0.9645146468 0.8733511357 0.8006584347 0.7342054503 0.5773945340 0.3751735593 0.3107875364 0.2573057131 0.1631103750 0.1582441332 0.1851235701 0.1894646065 0.1561058163 0.2196447850 0.1674706295 0.1790476022 0.2090435811 0.1558836943 0.2294510060 0.1745188879 0.1673192804 0.1061567347 0.2041494776 0.1903036672 0.1885570212 0.1952566528 0.1621862641 0.1992054008 0.1550011325 0.1919429726 0.2347588926 0.2221853149 0.2701958553 0.3634368405 0.4977206131 0.6290289921 0.7945508080 0.9324346204 0.8194175831 0.8670256567 0.7004312964 0.5174408669 0.4308580283 0.3087060878 0.2687352111 0.1302083245 0.1239281988 0.1559250860 0.2085699542 0.1851986854 0.2086419806 0.2034255594 0.2104481948 0.1945771050 0.1411670070 0.1445212557 0.2074642865 0.1693930911 0.1645852200 0.1897145935 0.1717871247 0.2081901338 0.1553024373 0.1865547792 0.1588787390 0.1786223369 0.2404227608
0.1506833068 0.2069421279 0.2012233636 0.1890708922 0.1808328316 0.1521205402 0.2015911277 0.1690293991 0.2271096108 0.2714592739 0.2608675625 0.3642734792 0.4944632789 0.6943603628 0.8029993702 0.8973341565 0.8884045526 0.7671430166 0.5889854999 0.4795042179 0.3536092708 0.2141179676 0.1798641976 0.2219001544 0.1644960172 0.1484972614 0.1628001708 0.1637739494 0.1568395590 0.1477713867 0.1518679429 0.1601596225 0.1662528141 0.1952505248 0.1658780649 0.1178039332 0.1303863072 0.1972793008 0.1657823751 0.1805788290 0.1744048061 0.1591650056 0.1844688264 0.2027635648 0.1786663226 0.1820368232 0.2661024663 0.3046020188 0.4424735468 0.5596087283 0.7764244460 0.8371755676 0.9384561954 0.8343936668 0.7601565936 0.6060562455 0.4633810982 0.3651397575 0.2778470313 0.1886280511 0.1511119106 0.1765731492 0.1377179257 0.1118666917 0.1776211335 0.1757433083 0.1707292407 0.1880064748 0.1387866795 0.1923971215 0.1978595661 0.1673756472 0.1882950972 0.1706391489 0.1478874676 0.1817409486 0.1893529803 0.1246167925 0.1607888706 0.1588923646 0.1749145489 0.1600035946 0.2367474229 0.2721667302 0.3395063429 0.4024834485 0.6156070538 0.7716302995 0.8774701159 0.8974056858 0.8413681526 0.7618654600 0.5686542645 0.4256983643 0.3105005397 0.2628508942 0.1876646840 0.2243056048 0.1676872019 0.1750753619 0.2478656291 0.1882966410 0.2083739322 0.1975483790 0.1683566292 0.1933430282 0.1872341504 0.1195033470 0.1451076629 0.1625325079 0.2113377587 0.1848474970 0.1761961441 0.1698584705 0.2046176366 0.1807912123 0.2018305033 0.1548078713 0.1671639924 0.2017244821 0.2743228214 0.3378336567 0.5445708986 0.6567672156 0.7505942226 0.8690921207 0.9039928650 0.8879582479 0.7184925247 0.5475929901 0.4302786652 0.3192138877 0.2741910065 0.2075741966 0.2401174588 0.2268988926 0.1880091976 0.1841147236 0.1406745592 0.1848738517 0.2008648368 0.1666514233 0.1596429269 0.1782150428 0.2186065304 0.1786693993 0.2044199200 0.1922151382 0.1466810153 0.1474817958 0.1731165245 0.1821189580 0.1713794305 0.1729315798 0.1743954768 0.2487363593 0.2797662882 0.3230549894 0.3952554153 0.5009908750 0.6640264901 0.8307763523 0.9130666451 0.8568537095 0.8256776728 0.7260673097 0.5877785579 0.3873401399 0.3429349493 0.2475056173 0.1869939486 0.2034039295 0.2167584331 0.1115334613 0.1332277322 0.1972954782 0.2152642417 0.2400902344 0.1510868091 0.2065411273 0.2054394402 0.1747913946 0.1874281073 0.2106193374 0.2078310863 0.1455168910 0.1840202086 0.1985068361 0.1613902414 0.2440162621 0.1997549506 0.1831185816
0.1562982389 0.1629838424 0.1594040829 0.1557659245 0.2014310649 0.1388655992 0.1543318207 0.1698380021 0.2074590969 0.1981413393 0.3094467600 0.4253950333 0.5680747873 0.6836274418 0.7880462348 0.8507985909 0.8969603641 0.7909734706 0.6254996975 0.4279797426 0.3265415925 0.2392939889 0.2614808070 0.1867385277 0.2096822864 0.1504127833 0.1478229500 0.1763859802 0.1874753016 0.1626501058 0.2148786067 0.2180666624 0.1364770735 0.1703555740 0.1608497898 0.1852926967 0.1723382625 0.1982289390 0.1819773553 0.1477780105 0.1838518895 0.1722437760 0.1794931722 0.1706981763 0.1927211177 0.1998487136 0.2399811489 0.3078295614 0.4295706770 0.5751995782 0.7481740849 0.8229655304 0.9303832087 0.8784811120 0.7742646206 0.6316909236 0.4723251568 0.3136721092 0.2252839895 0.2079137994 0.1979445389 0.1867542817 0.1909909879 0.1792791734 0.1974514816 0.1664832022 0.1326761835 0.2270408793 0.2259111027 0.1494950308 0.1615752958 0.1812868129 0.1732141513 0.2059521935 0.2223638478 0.2307781001 0.1764441380 0.2059469072 0.2095162806 0.2091754603 0.1405315982 0.2129995809 0.2095235336 0.2202776884 0.2808808347 0.4786103639 0.6113495184 0.7595892351 0.8532694282 0.9272260598 0.8593139086 0.7876564115 0.5923657283 0.4040151594 0.3507433792 0.1799512487 0.1819958820 0.1746269955 0.2004660125 0.1872017978 0.1404945913 0.2029922526 0.1533838063 0.2155778142 0.2036449332 0.1674215862 0.1940943869 0.2083506039 0.1897760532 0.1378235168 0.2009260301 0.1811027121 0.1651602701 0.0874392627 0.2101088721 0.2155845287 0.1915030558 0.1896515823 0.2381465143 0.2394393076 0.3243456193 0.3987371785 0.4624240325 0.5648313714 0.7480015730 0.8928579656 0.8990326439 0.8215093544 0.7565936142 0.5340527290 0.4145172331 0.3486473420 0.2577090140 0.1911630908 0.2055476321 0.1881897026 0.1991381298 0.2013913314 0.1944826737 0.1215388044 0.1602758739 0.1951397783 0.1777055067 0.1769093692 0.1751464704 0.1966783628 0.2017350790 0.1973751366 0.2168243979 0.2024473630 0.2173666813 0.1693666494 0.2140165695 0.1964459660 0.1919838001 0.1795847913 0.2123369956 0.3347760272 0.3168141607 0.4489089487 0.6228641571 0.8234333152 0.9082318386 0.8913791501 0.8337049163 0.7116484214 0.5349562252 0.3666094008 0.3105366684 0.2502933408 0.2056234189 0.2248482115 0.1783460777 0.2205689562 0.1869609765 0.1793596106 0.1780274462 0.2319844551 0.1742327593 0.2017893413 0.1967472254 0.1902074837 0.2069939648 0.1817576736 0.1946934926 0.1669558282 0.1755654129 0.1897138981 0.2158486154 0.1462718722 0.2183103971 0.2322988463
0.2095525448 0.1725168679 0.1962292095 0.1938014460 0.1598869580 0.1674674322 0.1784273980 0.1573860710 0.2066215399 0.2134158372 0.3112636135 0.4534468967 0.5409909219 0.6611803436 0.8511361897 0.8761432207 0.8792254741 0.7459996277 0.6543625060 0.4849597682 0.3857247966 0.2382515414 0.2190938426 0.2337781967 0.2132849376 0.1726175867 0.1658723790 0.1588343745 0.2140993070 0.1552951331 0.1945792141 0.1632203648 0.1773114840 0.1742172503 0.1547286702 0.2359369291 0.1943387383 0.1767449334 0.2005733173 0.1487830203 0.1425727705 0.1852929638 0.1640303853 0.1566375220 0.2078820119 0.2276397471 0.2411186191 0.3347650381 0.4122190302 0.5958701863 0.7200301759 0.8457107530 0.8998064305 0.9244766167 0.7340216197 0.5953010287 0.4114645733 0.3503704239 0.2504799044 0.1567001885 0.2245496865 0.2079278914 0.2455305503 0.1518225348 0.1882104380 0.1156887722 0.1744267838 0.2200342160 0.1499060550 0.1885933781 0.2007097141 0.1434085564 0.1415816273 0.1641353965 0.1301450562 0.2231203398 0.2003648061 0.2359810107 0.1883847773 0.1981546839 0.1826612334 0.2001361716 0.2769986072 0.2853246397 0.3104430392 0.4350052488 0.5640258372 0.7526219573 0.8832913194 0.8783544030 0.8168344784 0.7587394536 0.5857847394 0.4320645162 0.3152057231 0.2960223861 0.2410985557 0.2050668102 0.1536107361 0.2082314360 0.2154870198 0.1718384103 0.1901157599 0.2497065554 0.1813847394 0.2322259205 0.2119681122 0.1748980281 0.2305783965 0.1514848959 0.1505388689 0.1626811345 0.1489483497 0.1619117931 0.2087144778 0.1802039353 0.1902854952 0.2082746799 0.1431283751 0.2808212303 0.2257830069 0.4006168251 0.5000035499 0.6609283131 0.7747526785 0.8644929779 0.8895356239 0.8269267983 0.7087648558 0.5342606066 0.4071611941 0.2717471729 0.2411026658 0.2051385946 0.2716999434 0.2002666518 0.2065810538 0.2173913562 0.2251344406 0.1514170550 0.2021994434 0.1949844683 0.1987113810 0.2039755455 0.2059672900 0.1987510599 0.2111789954 0.2215921428 0.1918184877 0.1595258422 0.1575331741 0.1841947487 0.2371749301 0.1810597025 0.1676270376 0.2494533893 0.2710255470 0.2810353967 0.3998095840 0.4947495827 0.7174331875 0.8195187205 0.9383026120 0.9308898125 0.8368403314 0.7085555582 0.5640886226 0.3665183830 0.3433785327 0.2266389420 0.2464504551 0.1764016487 0.2003224565 0.2214204607 0.1876890123 0.2001577028 0.1863938717 0.1730057066 0.1442982677 0.1959195024 0.2098162256 0.2330128240 0.1760527326 0.2243869003 0.1906237258 0.2260178736 0.1665182523 0.2611459335 0.1739130514 0.1645668272 0.2415874721 0.2533379015
0.1418697539 0.2123251427 0.2107085814 0.1668518185 0.1811382592 0.1896686645 0.1456935492 0.1792707918 0.1880567478 0.2268613251 0.2991246160 0.4301144234 0.5509812930 0.6635996748 0.7955091954 0.9206124374 0.9008043431 0.8184300927 0.6753371777 0.4981629526 0.4043664541 0.2957078114 0.2535275855 0.1899854004 0.1602249715 0.1683732067 0.1783097704 0.2143841885 0.1397059546 0.1442527909 0.1622196773 0.1277205822 0.1986606672 0.1887382451 0.1823213529 0.2018497935 0.2246603800 0.1972747965 0.1357018963 0.1503698473 0.1625423195 0.1929117636 0.1935884200 0.1367134718 0.1258957950 0.2050831753 0.2245172745 0.3164240384 0.4000358352 0.5649534493 0.7617237750 0.8670100573 0.8801498425 0.9127813107 0.7617251076 0.6454987888 0.4863807317 0.2914966046 0.2671278706 0.2108971556 0.1877711018 0.1974872804 0.1780026225 0.1750774593 0.1987424222 0.1719294418 0.1336203556 0.2133266346 0.1599040450 0.2116735821 0.1646656357 0.1809935155 0.1720317966 0.1714612339 0.1750815324 0.1868241080 0.1994408434 0.2114224008 0.1452956997 0.1824901155 0.1270023256 0.1985103254 0.2562449588 0.2634304290 0.3649880732 0.4217214747 0.5629447113 0.7623245070 0.8496495761 0.8760816563 0.8637336586 0.7037606370 0.6193131115 0.4469492229 0.3448524319 0.2686636023 0.2611695478 0.1993193430 0.1733811708 0.1958868091 0.1578884102 0.1844769253 0.1460026720 0.2000459996 0.1068416157 0.1537139693 0.2207586372 0.2311468159 0.1883203066 0.1715063226 0.1485151446 0.1744812922 0.1684578379 0.2141997054 0.2047978822 0.1727558989 0.1762034392 0.2084278640 0.2312116353 0.2072429875 0.2510197988 0.3510181150 0.4644864925 0.5782211989 0.7699154302 0.8692615107 0.9255529863 0.8339470530 0.7599066133 0.5725062400 0.4252334301 0.3406964277 0.2610942565 0.2459993766 0.1541121627 0.2036145965 0.1769396368 0.1320246769 0.2110968479 0.1843026824 0.1207342389 0.2090197483 0.1761751856 0.2050632256 0.2228618561 0.1620245706 0.2310712757 0.2090500450 0.1897789364 0.1755964908 0.1919160440 0.2038928767 0.1257335381 0.2182434730 0.1911730950 0.2566469966 0.2071807261 0.2953388396 0.3558989398 0.5160377136 0.6485485855 0.8226886600 0.8811402195 0.9475278331 0.8107756423 0.6864057952 0.5250510188 0.4098192646 0.2700977804 0.2676928094 0.1816908453 0.2375517696 0.2326232801 0.1571802504 0.2041057512 0.2034554839 0.1675231811 0.2276568702 0.1981823348 0.1836240241 0.2033185974 0.1802759708 0.2479953430 0.2118129148 0.1710374950 0.2060350419 0.2220146507 0.2259804262 0.1879070810 0.1844990647 0.1914617757 0.2271224842
0.1783659908 0.1914127069 0.2142772437 0.2211954978 0.2247911803 0.1746810820 0.1625474575 0.1895285317 0.2227394470 0.2352557669 0.2477035462 0.4133006834 0.4898785172 0.7252173886 0.8339685015 0.8746389624 0.8565156817 0.8323518968 0.6462341864 0.4376786504 0.3452169609 0.2769185065 0.2064186444 0.1722594832 0.2067118066 0.2071631945 0.1621356843 0.1800042247 0.1731782307 0.1571451531 0.1931838079 0.1370800054 0.1587027634 0.1823313883 0.1658709405 0.1911412634 0.1531540547 0.2088028916 0.1946025887 0.2702654227 0.1710076562 0.1889373443 0.2178426539 0.1823801274 0.2054915281 0.2611149688 0.2334809660 0.3088014387 0.4207743352 0.5810614831 0.6722556644 0.8401355119 0.9173212550 0.9025460189 0.7452539204 0.6602452834 0.4494087473 0.3986403409 0.2898696128 0.1485999959 0.1960010441 0.2205161156 0.2052738831 0.1491844897 0.1896616096 0.2298523624 0.1575242096 0.1579110742 0.1663656389 0.2069557002 0.1957536116 0.2078483773 0.2067195723 0.1705852435 0.2426650335 0.1621486330 0.2304534196 0.1761929627 0.2109148493 0.1659753913 0.2203539025 0.1827292649 0.2317023662 0.2808218937 0.2971110059 0.4449322562 0.5891431439 0.7200465725 0.8787907360 0.9180104556 0.8771415508 0.7838082061 0.6026787375 0.4696978378 0.3156361187 0.2131366567 0.2009275420 0.2036220299 0.1815527542 0.1770598161 0.1781981628 0.1370117185 0.1903335157 0.1502160191 0.2021024670 0.2231872151 0.1689348639 0.2116012892 0.1771256793 0.1932855777 0.1083461077 0.1853242601 0.1854552730 0.2188950873 0.2097767025 0.1790702019 0.2004155107 0.1991274322 0.2182150791 0.2360298303 0.2796913853 0.3720332169 0.4851037083 0.6740617719 0.7337818718 0.8893291560 0.9145642815 0.8601820344 0.7315786013 0.5386720199 0.4999538117 0.3328155522 0.2291975170 0.2096038576 0.1916839624 0.1472341948 0.1962982472 0.1949362842 0.2003242200 0.2395812925 0.1135504955 0.2324928548 0.2047340665 0.2139972326 0.1970835126 0.2014952622 0.2125522399 0.2040103231 0.2720473550 0.2017234834 0.2187355589 0.2282718487 0.1774036452 0.2045787264 0.2154379478 0.2441017934 0.2345811630 0.2949253457 0.3489098868 0.4596306277 0.6145765080 0.7642862561 0.8677768070 0.8556293399 0.8572489596 0.7315776833 0.5371216089 0.4657528352 0.3591318040 0.3062517957 0.2698706303 0.2182743136 0.1800514959 0.1686932556 0.2245241544 0.1446845717 0.1697628496 0.1417665312 0.1938038444 0.2290685422 0.1819516235 0.2093832006 0.2656287886 0.2106617892 0.1722915065 0.1991761659 0.2018604713 0.2197196576 0.2374820996 0.1366746442 0.2148671818 0.2366530598
0.2392219005 0.1556160862 0.1467480818 0.1872984971 0.1904632928 0.1653795879 0.1570583102 0.1841166180 0.1794502435 0.2140267824 0.2806038218 0.3582643495 0.4673208817 0.6294346050 0.7874391175 0.8787039732 0.9125389070 0.7656214181 0.6612744696 0.5322231111 0.3775378608 0.3374422092 0.1887816107 0.1338246304 0.1344821946 0.1940496015 0.1805337236 0.1484052502 0.1753309996 0.1730334015 0.1589793616 0.2158759038 0.1791823664 0.2089263068 0.2331112385 0.1217114585 0.2016847886 0.1547154156 0.1787313190 0.1919417504 0.2054559666 0.1524536093 0.1779731799 0.1507519672 0.1602342566 0.2170503188 0.2953136805 0.3326776453 0.4210855531 0.5613599803 0.6898112954 0.8543849305 0.9214068222 0.8290583042 0.7398257937 0.5998487771 0.5223382927 0.3823990778 0.2756051862 0.2073532423 0.1839122227 0.1907174894 0.1805483383 0.1459935634 0.1512625449 0.1844728754 0.2129200754 0.1903399890 0.1838227211 0.2165679230 0.1799490845 0.2120904022 0.1532182862 0.2373096400 0.1399572670 0.2495119944 0.2117504882 0.1801399464 0.1733188235 0.1462163220 0.1700682289 0.2163967072 0.2431956921 0.2421967534 0.2952093159 0.4887441659 0.5379223840 0.6954363736 0.8437148847 0.8801226722 0.8512778682 0.7291751016 0.6576905756 0.4618007867 0.3936705050 0.2922001278 0.2146366833 0.2042717948 0.2024068867 0.2336735985 0.2134091423 0.1710726231 0.1739917453 0.1632551308 0.1544872512 0.1654452930 0.1819566614 0.1336465449 0.1959744456 0.1845126748 0.1498636103 0.1515269752 0.1658148317 0.2488445139 0.1970363997 0.1686830572 0.2216538164 0.2131457921 0.2188122115 0.2166944421 0.2633657342 0.3440606279 0.4941188868 0.6052153942 0.7772555909 0.8488729559 0.9471793658 0.8344822122 0.7441213383 0.6164665325 0.4472209764 0.2778093026 0.2655522583 0.2516885994 0.2621626613 0.1683548798 0.1981240416 0.2224061494 0.1595283533 0.2005606317 0.1578996996 0.2207037423 0.1792901135 0.2071260364 0.1982215304 0.2050714907 0.2229313683 0.1916410521 0.1627808266 0.1566729005 0.2060479047 0.2063873466 0.2104180827 0.2243525631 0.1898752712 0.1576214087 0.2473234289 0.3201410711 0.3639802017 0.5125533399 0.6189317714 0.7980625688 0.8885241474 0.8935085017 0.8276693462 0.6885747270 0.5650084641 0.4518213047 0.3491090391 0.3342884891 0.1952920908 0.2052557622 0.1329597737 0.2341230722 0.1935023195 0.1709867659 0.1677816370 0.2071812537 0.1737498985 0.1573512001 0.2043060830 0.2207949441 0.1873768020 0.1851495724 0.2183767711 0.1963993043 0.1965012096 0.2599353229 0.2087640482 0.1964513600 0.2255984859 0.2059068296
0.1640071133 0.1569949823 0.1782167584 0.1160887931 0.1280711576 0.1226249257 0.1793461954 0.2060997238 0.2033991254 0.2851346569 0.3215461234 0.3803207265 0.5004886892 0.6929706368 0.7652887124 0.8516960273 0.8505690468 0.7381095128 0.6509255148 0.5087656837 0.3605569463 0.3026682775 0.2079123619 0.2025429952 0.1362490977 0.2087339982 0.1654469026 0.1383391842 0.1440014115 0.2077589760 0.1805879002 0.1672312161 0.1683139949 0.1667837670 0.2076713317 0.1849037111 0.1667766116 0.1158484621 0.2169380402 0.1402099281 0.2059385080 0.2307061172 0.1363576017 0.1832620549 0.1610909725 0.2216438285 0.2133894090 0.2608517286 0.4282931453 0.5198442085 0.6653477282 0.8548744016 0.8747968364 0.8925972010 0.7472627434 0.5691940642 0.5120539431 0.3552583064 0.2567827264 0.2154449953 0.1689374949 0.1736581590 0.1844146222 0.1905873778 0.1671666652 0.1614282473 0.1857092341 0.1889715437 0.1786231779 0.2071163043 0.1902083444 0.1648900562 0.1845587020 0.1286903249 0.1598690093 0.1699081338 0.1579326869 0.1276881217 0.2215025584 0.1945808505 0.1874733317 0.2263827591 0.1954876921 0.2462453061 0.2779426632 0.3766193985 0.5901166918 0.6806498713 0.8230020669 0.8781600579 0.8889463372 0.7329860352 0.6302078743 0.4815928767 0.3204712067 0.2467247721 0.2144942786 0.2260105248 0.2131821566 0.1832912060 0.1160077854 0.1584801225 0.1779017066 0.1791827833 0.1814747931 0.1932587106 0.1957970946 0.1942591014 0.1543031137 0.1824983465 0.1905190749 0.2208168830 0.1558171982 0.1563046857 0.2198473365 0.1818684381 0.1858382911 0.1698982947 0.2338603508 0.2701151483 0.2285608096 0.4160456896 0.4544524305 0.5803656637 0.7541635688 0.8626224067 0.8605994490 0.8798122032 0.7083359855 0.5700887951 0.4566560931 0.3747266805 0.2949426772 0.1737017472 0.2946880318 0.2013445907 0.1942670468 0.1649773234 0.1487232444 0.1866971860 0.1864598804 0.1425429075 0.2076094115 0.1848268912 0.1696500031 0.2027883501 0.1826116612 0.1750688305 0.1769761076 0.1792465864 0.2005501960 0.1616768734 0.1987071707 0.1903843733 0.1951596871 0.1598000170 0.2003682304 0.2838172062 0.3494219129 0.4852066789 0.6307535381 0.7437259040 0.8551049859 0.9372792589 0.8064420465 0.6895247296 0.5353995350 0.4551389514 0.3047059117 0.2730351629 0.1884819155 0.2358706631 0.1778469614 0.1671308384 0.2408332920 0.1950043638 0.1953026803 0.2086126058 0.1849029985 0.2101084591 0.1641852740 0.2072144997 0.1954300779 0.2049759614 0.2180603281 0.2200134623 0.1428900256 0.2218085769 0.2104095832 0.2006179272 0.1768509844 0.1368528263
0.1655324430 0.1439689015 0.1595621080 0.1659911714 0.1353948397 0.1390362656 0.1683028284 0.1552960410 0.1601108265 0.2204118491 0.3286113353 0.3902080106 0.5010906734 0.6401614381 0.7680173162 0.8485763017 0.8645293738 0.7758466029 0.6832534168 0.4770812359 0.4028301518 0.2523149208 0.2070507082 0.1706029445 0.2034378038 0.1693109930 0.1826941641 0.1991304353 0.1680059579 0.2046876501 0.1678262537 0.1935169763 0.1761013910 0.1469477344 0.2112050169 0.1566011262 0.1800609474 0.1686463069 0.2415505505 0.1785551678 0.1892989357 0.1698059084 0.1384983918 0.2193423758 0.1766935265 0.1778090869 0.2341379873 0.3141636246 0.4000037115 0.5148509368 0.6859752061 0.7755959321 0.9025262532 0.9020813563 0.7811136204 0.6523423809 0.4930887269 0.3665057753 0.2838896841 0.2325748731 0.1774936448 0.1711001890 0.1864018368 0.1134558996 0.2063247414 0.1882521571 0.1376168881 0.2192291971 0.2296308454 0.1216013456 0.1954855417 0.1235644718 0.1834497043 0.1457029914 0.1774757756 0.1546576746 0.1324344845 0.1691149464 0.1316850018 0.1810570136 0.1701114656 0.2099683179 0.1631428727 0.1972362829 0.3164026551 0.4104749908 0.5460800404 0.7052687627 0.7812254411 0.9200297657 0.8733024341 0.7657840418 0.6351980603 0.4696051059 0.3628189400 0.3047020368 0.2879348021 0.1627669315 0.1376536631 0.1520514578 0.1925850852 0.2091792750 0.1977071499 0.1667164782 0.1794656932 0.1825008588 0.1307759617 0.1647041903 0.2016488432 0.1344549657 0.1978247812 0.1884826976 0.2347895103 0.1712597652 0.1462679902 0.1647905008 0.1702218683 0.2165873542 0.1969144551 0.2217052413 0.2986192551 0.3421833529 0.4480660702 0.5952751377 0.7369343422 0.8524402716 0.9004899455 0.8597051657 0.7872179194 0.5579482936 0.4241143830 0.2973543192 0.2348260785 0.2390327739 0.2142145125 0.1627446119 0.1849522020 0.2231304024 0.1543988886 0.1846467146 0.1802127832 0.1940235667 0.1509076462 0.1748586010 0.2113020121 0.1717776320 0.1323360572 0.2021670770 0.1655332600 0.1871222793 0.1741078924 0.1907809070 0.2228405594 0.2369367827 0.2239610830 0.2443314877 0.2589013027 0.2674939455 0.3550739735 0.4743866242 0.5799253489 0.7549653124 0.8620041271 0.9100315128 0.8411125445 0.7570998364 0.5934723469 0.4169715409 0.3403654462 0.2086373422 0.2240260957 0.1602456990 0.1556855825 0.1561870248 0.2389837924 0.1437737669 0.1946168602 0.1866697081 0.2005263907 0.1256002932 0.1874957399 0.2034685526 0.2219636183 0.1837491712 0.1672871746 0.1672630532 0.1586069577 0.2105622291 0.2223452961 0.1907486408 0.1853123125 0.2022251517
0.1654346906 0.1430066696 0.1723491282 0.1108040654 0.1948020474 0.1897562023 0.1622801714 0.1549659251 0.1756522808 0.1716342738 0.2274109410 0.3870266375 0.4992580927 0.6691242129 0.7864585368 0.8646016284 0.8422510119 0.7762232376 0.6555268404 0.4523486731 0.3547486979 0.3028860369 0.2463639076 0.2113939748 0.1966718822 0.1715778548 0.1981177311 0.1244511002 0.1654196604 0.1837889583 0.1521276754 0.1711806371 0.1310515104 0.1412578203 0.1948739243 0.1624125222 0.1857995643 0.1540191024 0.2283527656 0.1751676929 0.1719519044 0.1846485693 0.1873630967 0.2257474396 0.1786770675 0.1691007831 0.2230218015 0.2695131352 0.3609759889 0.4942163458 0.6643364438 0.8414444662 0.8583536684 0.8523952172 0.7382471708 0.6607061907 0.5004695072 0.3624529538 0.2229701137 0.1962750542 0.2285010937 0.1909123796 0.1315239449 0.1465641975 0.1299433140 0.1598485698 0.1849538399 0.1909323776 0.1961436619 0.1232767385 0.1498377504 0.2439916446 0.1744694261 0.1715736138 0.1317855556 0.1707636947 0.1069326949 0.1930822513 0.1671935658 0.1375184583 0.1473341903 0.1846662977 0.2325885197 0.2038205350 0.3534012781 0.4022019501 0.5382498434 0.7134888809 0.8383904040 0.8670899927 0.8554943764 0.7811418987 0.5920383632 0.4426895736 0.3707623447 0.2821032298 0.2305985257 0.1436672059 0.2013983740 0.1637493531 0.2011771516 0.1211217945 0.1758503530 0.1722511817 0.1581347974 0.1477777881 0.1358173554 0.1458922315 0.1820251562 0.1697021949 0.1696528804 0.1473254955 0.1816312833 0.1320718639 0.1578841682 0.1675427138 0.1757226875 0.2405416600 0.1707711581 0.2093612363 0.2254853491 0.2583780995 0.4042518114 0.5278156046 0.7513084937 0.8535567199 0.9231424352 0.8735962131 0.7268546699 0.6076926444 0.4452362920 0.3657766118 0.2154408416 0.2264615868 0.1542645069 0.1636894288 0.1395916914 0.1581782013 0.1202119601 0.1831739739 0.1183408546 0.1652964501 0.1829765834 0.1753155601 0.1608559038 0.1936665894 0.1690889331 0.1597403618 0.1848845145 0.1489393644 0.1790058012 0.1750113568 0.1520117040 0.1894186131 0.1852512073 0.1420161037 0.2242070525 0.1888624559 0.3537824050 0.4807547831 0.6009857708 0.7202270626 0.8894939472 0.9070013717 0.8689227956 0.6685975463 0.5449625803 0.3950231495 0.3262401102 0.2156689704 0.2017260491 0.1431424704 0.1919814548 0.1558486125 0.1832593898 0.1945389714 0.1733324492 0.2347873869 0.2291460957 0.1233385538 0.1799530302 0.1509811927 0.1548208340 0.1459085668 0.1809905629 0.1002744724 0.1675709794 0.2131796024 0.1590204638 0.1985189369 0.1838024951 0.1730104542
0.1105845759 0.1736701813 0.0683253681 0.1416177676 0.1463542193 0.1677472634 0.1132050291 0.1206959195 0.1803763113 0.1836149014 0.2695759036 0.3136192046 0.5013659813 0.5987441213 0.8107381334 0.8260438302 0.8915043777 0.7524313281 0.6385971299 0.5125141395 0.3886166834 0.2675200681 0.2263437967 0.1208139103 0.1752388386 0.2222683927 0.1399389531 0.1674789997 0.1667805272 0.1423529958 0.1691618633 0.1534907738 0.1335324295 0.1331265592 0.1328074204 0.1516771276 0.1731180851 0.1523847005 0.1925298505 0.1367950555 0.2026898318 0.1623725434 0.1286260453 0.1580315669 0.1792693545 0.1829547884 0.1935395024 0.3127293854 0.3530455093 0.4791556593 0.6417850535 0.7372110469 0.8610359984 0.8631222485 0.7619855866 0.6368535697 0.4990860482 0.3620481384 0.2619911742 0.2186688447 0.1181343428 0.1447783576 0.1150929413 0.1397636565 0.1437625584 0.1745538877 0.1230562249 0.1184452644 0.1552097161 0.1708989983 0.1614235906 0.1767844902 0.1890043682 0.1885757152 0.1949057727 0.1461835609 0.1897520036 0.2085328354 0.1237812537 0.2094343914 0.1454044096 0.1267845552 0.1983621797 0.2284531882 0.2437213833 0.3547249493 0.5814357604 0.6835990574 0.7919992172 0.8898278930 0.8742704059 0.7666604339 0.6052359681 0.4732713496 0.3559587888 0.2088527562 0.1643516973 0.1886097724 0.1799298886 0.1607888906 0.1427990050 0.1535316643 0.1813445454 0.1878471804 0.1448174821 0.1733684062 0.1928980998 0.2028153842 0.2109993948 0.1909665122 0.1272549568 0.2012599750 0.1790455834 0.1742822627 0.1812320560 0.1983588287 0.1526935144 0.1842910217 0.1499180387 0.1941951479 0.2947245747 0.2638676659 0.4425429375 0.6064521308 0.6901602468 0.8393513267 0.8532234950 0.8820244699 0.7177197690 0.6100769386 0.4432434174 0.3129087552 0.2897635179 0.1984143686 0.2016363156 0.1476272431 0.2052131994 0.1536599566 0.1422087829 0.1231023297 0.1636101879 0.1695286983 0.1710169564 0.1406293036 0.1603218950 0.1605532520 0.1517403079 0.1865233624 0.2030988724 0.1654429771 0.2119558847 0.1536362995 0.1697014900 0.1579046423 0.1299717510 0.2257666458 0.1993620579 0.2516805318 0.2948272043 0.4673504692 0.5537966253 0.7284673995 0.8385010762 0.9101955406 0.8207552193 0.7556274432 0.5800638428 0.3897039191 0.3794025373 0.2528431668 0.1899270237 0.1953461371 0.1820727665 0.1168382126 0.1376189960 0.2098202372 0.1413806996 0.1900362914 0.1875879053 0.1763848825 0.1648050403 0.2381034172 0.1502751859 0.1835063838 0.1739032336 0.1616953203 0.1739008246 0.1550494423 0.1744373963 0.2243205039 0.2263839087 0.2003623747
0.1511710388 0.1197373311 0.1268094359 0.1624539204 0.2494978302 0.1326963190 0.1381664547 0.1561531078 0.1876353919 0.1471711137 0.2752510504 0.3652578754 0.4363546119 0.6027133774 0.7606208704 0.8443163175 0.8618525352 0.8363109865 0.6890847107 0.4921267314 0.3497239904 0.2431619489 0.1856269808 0.1033369559 0.1537125161 0.1745762084 0.1556580917 0.1258619449 0.1799265962 0.1832682072 0.1748481852 0.1794142792 0.1640295832 0.1387195395 0.1418178653 0.1482546569 0.1494359962 0.1178858448 0.1159402605 0.1428861461 0.1418189585 0.1839350397 0.1445445774 0.1312557738 0.1524504453 0.1691783242 0.2456107971 0.2141498912 0.3656856619 0.4562832205 0.6433056169 0.7849349175 0.8423389582 0.9050205766 0.7893761787 0.6309994336 0.4786030971 0.4005577218 0.2392711893 0.2348618948 0.1507481596 0.1313434578 0.1287276966 0.1613204449 0.1662121338 0.1606276418 0.1486615365 0.2046893901 0.1402920809 0.1291752530 0.0857005066 0.0860059171 0.1613481160 0.1625408824 0.1372870246 0.1348798863 0.1668509801 0.1337185743 0.0931407163 0.1720564982 0.1390218170 0.2180531519 0.1090006207 0.2393416441 0.2681530925 0.3885372959 0.4431997896 0.6704302567 0.8375566630 0.8285897651 0.8558413602 0.7657451041 0.5808636123 0.4275517049 0.3519765672 0.2581963340 0.1710394491 0.1603819523 0.1950211631 0.1412121116 0.1446302666 0.1134260289 0.1735267343 0.1756019877 0.1627135617 0.1201979210 0.1144218086 0.1679462899 0.1988908762 0.1154863213 0.1733395522 0.1707895077 0.1786573447 0.1250117301 0.1736254948 0.1862861353 0.1739847991 0.1639321386 0.1775141289 0.2226030210 0.2512119180 0.3065584794 0.3740581775 0.5638427530 0.6883682172 0.8192422573 0.8890352969 0.8525236777 0.7858748879 0.5859320104 0.4128962707 0.3313766762 0.2420794249 0.2122554595 0.1407216572 0.1629067949 0.1297698162 0.1708349666 0.1824895686 0.1772732857 0.1785903841 0.1434772383 0.2207305268 0.1303628861 0.1947658457 0.1240204949 0.1494655660 0.2031219293 0.1333599496 0.1760184409 0.1466473793 0.1646146069 0.2057528036 0.1206694838 0.1343600108 0.1632116046 0.2020861311 0.2421415191 0.2691808279 0.3991184827 0.5552771229 0.7357363309 0.8438461795 0.8647164528 0.8109579352 0.6708730596 0.5833001413 0.4730166990 0.2706933410 0.2612662451 0.1502191736 0.1292358110 0.1628531110 0.1687990453 0.1758709892 0.1947665219 0.1551121395 0.1445927372 0.1362886778 0.1349921893 0.1589386404 0.1501310639 0.1788927560 0.1707817901 0.1981956581 0.1464200913 0.1611489945 0.1641551312 0.1264433133 0.1500480632 0.2138397527 0.1339656176
0.1227556469 0.1150723593 0.1405490288 0.1237519515 0.1180335437 0.1325117437 0.1259149588 0.1595023502 0.1609173941 0.1814302258 0.2353352667 0.3118979109 0.4683367882 0.5969573567 0.7766686105 0.8424986768 0.8962135510 0.7753923997 0.6670194876 0.5038351240 0.3993541750 0.2590285791 0.2433515218 0.1575855283 0.1744076327 0.1700820985 0.1694118440 0.1715728183 0.1212072058 0.1302645178 0.1310041276 0.1577979518 0.1189835606 0.1283662401 0.1358445755 0.1380565533 0.0797340940 0.1050835883 0.1244419895 0.1528007253 0.1431168868 0.0915449931 0.1586630504 0.1007936815 0.1282643257 0.1769341154 0.1727447848 0.2290204617 0.3362052473 0.4878358661 0.6432929684 0.7545372925 0.8060918012 0.8708590309 0.7860172420 0.6332927711 0.4651864993 0.3981124064 0.2505148452 0.1360040327 0.1892157278 0.1704671859 0.1718926096 0.1523654480 0.1150037232 0.1217517919 0.2389042853 0.1409732103 0.1465127072 0.1621368259 0.1678895495 0.1536479361 0.1438141638 0.1295610763 0.1088536159 0.1831568446 0.1610638617 0.1546029807 0.1529032690 0.1259893843 0.1255707004 0.1676039922 0.1658971985 0.2063326686 0.2504049111 0.3308118115 0.4740154490 0.6167515096 0.7861263799 0.8816458906 0.8438957440 0.7350067632 0.5648955002 0.4596115963 0.3561318269 0.2292911464 0.1919911038 0.1446180801 0.1421932907 0.1731495520 0.1276409842 0.0714342252 0.1261102809 0.1241280537 0.1539410443 0.1994000816 0.1765120137 0.1727694838 0.1580164569 0.1586974921 0.1914662733 0.1542394136 0.1423103957 0.1822055296 0.1801735864 0.1136196553 0.1370782992 0.1102421410 0.1484396066 0.1591038559 0.2459631342 0.2755018867 0.3943493079 0.5274752292 0.6844882339 0.8304157950 0.8963301620 0.8362726173 0.7360548208 0.5804935013 0.4373530439 0.3276941553 0.2405954585 0.1904606745 0.1957525580 0.1267656502 0.1702629744 0.1634979438 0.1707046706 0.1303736950 0.1388395466 0.1484357680 0.1656700617 0.1418607139 0.1342784791 0.1774532991 0.1657713402 0.1373766018 0.1562355173 0.2053608812 0.1275149937 0.1500108631 0.1717674979 0.1764610868 0.1653056868 0.1950403590 0.1711397969 0.2681979733 0.3722734016 0.3915084663 0.5676179835 0.7281550963 0.8250350624 0.9065367980 0.8439293027 0.7048257813 0.5992536513 0.4193088508 0.3291147524 0.1777173508 0.2238397958 0.2176030555 0.2208237592 0.1822242960 0.1364822129 0.1074601823 0.1646917590 0.2067090503 0.1588681740 0.1305662707 0.1560491471 0.1364372058 0.1488305010 0.2043836635 0.1364690523 0.1525870074 0.2168718396 0.1571167637 0.1129519474 0.1417349629 0.1660011125 0.1575507467
0.1288502080 0.1521982143 0.1341828575 0.1006958051 0.1416522252 0.1665810286 0.1523984166 0.1561821470 0.1192710329 0.1965650592 0.2608670101 0.3011026192 0.4390162107 0.5839384467 0.7757195758 0.8557609164 0.8533046844 0.7511089773 0.6556804799 0.5189425457 0.3791647540 0.2825047640 0.2069177496 0.1800886965 0.0813889306 0.1715157022 0.1389427497 0.1620446012 0.1667162775 0.0942644916 0.0864269891 0.1222339273 0.1629487260 0.1873359574 0.1372926257 0.1424219846 0.1475129137 0.1157530504 0.1278195722 0.1566695129 0.1551446429 0.1201784757 0.1317658836 0.1885138759 0.1186069260 0.1421432492 0.1879126631 0.2303517403 0.3040715005 0.4509009490 0.5741363803 0.7701173630 0.8417130025 0.8214364144 0.7329248774 0.6508750620 0.4707367738 0.3616691543 0.2466171495 0.1854887994 0.1906364027 0.1488194958 0.1613065561 0.0869919633 0.1886249768 0.1346855122 0.1269402742 0.1698890607 0.1730521595 0.1401248074 0.1143159161 0.1122510868 0.0959616959 0.1183237771 0.1315019995 0.1360486295 0.1145885029 0.2244516063 0.1060655236 0.0987281950 0.1338045770 0.1786143820 0.1614366009 0.1850444450 0.2314176176 0.3238745283 0.5031661849 0.6219262204 0.7824415363 0.8412485470 0.8474306718 0.7085149427 0.6188925709 0.4171329942 0.3236111489 0.2529347027 0.2265694797 0.1772946385 0.1926292039 0.1509050675 0.1498898304 0.1166799743 0.1149846927 0.1839189563 0.2062092805 0.1919571177 0.1560581599 0.1737122732 0.1648500156 0.1472701884 0.1503649457 0.1266469513 0.1546387738 0.1405301749 0.0989245726 0.1542464532 0.1571599648 0.1730847780 0.1669833064 0.2099401396 0.2044102427 0.2509829695 0.3709127474 0.5372707225 0.6761288132 0.7909909438 0.8614331282 0.7695710779 0.7509160215 0.5867326106 0.4640970836 0.3137896600 0.2380679272 0.1760430048 0.1677015499 0.1465266485 0.1359186351 0.1127498317 0.1212800623 0.1174109380 0.1715152134 0.1926241342 0.2068143035 0.1799611323 0.1490344826 0.1916452095 0.1174564829 0.1687223490 0.1250704622 0.1696919458 0.1642811457 0.1920109885 0.1897545004 0.1281761173 0.1280969619 0.1349859484 0.2337168340 0.2471829158 0.2915103332 0.3974367510 0.5110712434 0.7190522422 0.8115353930 0.8665269205 0.8025463003 0.7386332763 0.5702635523 0.4462246169 0.3277631607 0.2242875223 0.2234728971 0.1556990713 0.1981050353 0.1058186942 0.1430066408 0.1402456837 0.1406100709 0.1970733147 0.1735067524 0.1103313276 0.1654990204 0.1468179186 0.1884566374 0.1774970747 0.1268033411 0.2050882356 0.1541366599 0.1663414114 0.1347629451 0.1603042235 0.1459735426 0.1615747478
0.0883688329 0.1166717426 0.0942852988 0.1568491593 0.1482749367 0.1342872274 0.1391286025 0.1390081712 0.1525164208 0.1716197828 0.2306470697 0.3215281932 0.4403069222 0.6173346248 0.7747786075 0.7789644151 0.8625361777 0.7973357518 0.6395937917 0.5144705702 0.3784171099 0.1999045779 0.1872976186 0.1577461627 0.1464884773 0.1312053350 0.1086419291 0.1057334799 0.1918618166 0.1472120575 0.1065634307 0.1338042527 0.1637398018 0.1815305835 0.1330542743 0.1581541810 0.1722740099 0.1554626061 0.1372900403 0.1527402735 0.1505056388 0.1073361053 0.1067660395 0.1151390531 0.1092559542 0.1623195254 0.2000954222 0.2308991975 0.3299739388 0.4240686613 0.5567980069 0.6930926113 0.8612011019 0.8234918883 0.8120407232 0.6489358381 0.4876750092 0.3529509595 0.2378959745 0.1422460568 0.1762401275 0.1042380343 0.1708328952 0.1104609022 0.1409669046 0.1124833061 0.1717339491 0.1027969863 0.1389946446 0.1351069191 0.1240188988 0.1201967537 0.1217717797 0.1261510430 0.1659905046 0.1216048628 0.1408610707 0.1202081673 0.1309466502 0.1132643733 0.1036516507 0.1353579463 0.1341168034 0.2180094752 0.2549292225 0.3472620559 0.4574873278 0.7167564732 0.7595169716 0.8594029455 0.8051834979 0.7772757101 0.5599271078 0.4189491382 0.3398061520 0.2370969051 0.2305185347 0.1602121680 0.1355585612 0.1197055182 0.1421211050 0.1589189312 0.1409429764 0.1291114976 0.1490597123 0.1634990608 0.1387292974 0.1345681677 0.1858074167 0.1420072559 0.1211006240 0.1831329612 0.1308841394 0.1566984749 0.1514314748 0.1590950622 0.1333152102 0.1860447714 0.1416829210 0.1370719599 0.1936878157 0.3047765813 0.4167942246 0.4699099610 0.6999153040 0.8189872667 0.8484044080 0.8508684893 0.7768219989 0.6034717295 0.4778241108 0.2943297628 0.2406082732 0.2026246563 0.1283566960 0.1384394281 0.1038143063 0.1481032341 0.1686105004 0.1529485495 0.1359592682 0.1441162443 0.1848247208 0.1158035457 0.1498422564 0.1611039576 0.1368478929 0.2002838058 0.1589972873 0.1087836494 0.1310624584 0.1117798398 0.1496998726 0.1257675826 0.1620120851 0.0910783758 0.1552007212 0.2116594948 0.2854335404 0.4157601954 0.5311753980 0.7170813034 0.8387005624 0.8394585387 0.8762258334 0.7101400322 0.5898584498 0.4216327894 0.2958102985 0.2457265393 0.2155645908 0.2042246390 0.1561169583 0.1434240930 0.1318597613 0.0987210481 0.1718582050 0.1364791221 0.1362250609 0.2017747598 0.1550545977 0.2067571209 0.2111743933 0.2087100671 0.1446931530 0.1944687821 0.1109825737 0.1455303242 0.1640065215 0.1366034012 0.1369847701 0.1268291301
0.1455247545 0.1027498144 0.2040057215 0.1264669194 0.1212052642 0.1622374568 0.1416914204 0.1416794207 0.1199585589 0.2289643562 0.1804566194 0.3016444340 0.3820267041 0.6045978803 0.6520404070 0.8283684731 0.8391951431 0.7655089091 0.6906743855 0.5068125397 0.3338487591 0.2624705136 0.2126465573 0.1665706661 0.1634512371 0.1376984983 0.1425202437 0.1462852174 0.1552995886 0.1338064558 0.1456037964 0.1158330052 0.1233220398 0.0999155015 0.1302642562 0.1055627620 0.2024048100 0.2117055837 0.0768626100 0.1461220782 0.1726717379 0.1589542091 0.1274580758 0.1847025318 0.1606552597 0.1278497501 0.1864950151 0.2107934674 0.3332657939 0.4826816646 0.6079919324 0.7142040506 0.8651345644 0.8274288677 0.8192295225 0.6778679326 0.5014653756 0.3337678673 0.2261703571 0.1859548484 0.1538615983 0.1819640442 0.1273965905 0.1266633926 0.2023234383 0.1286247819 0.1595437193 0.1366947494 0.1271903537 0.1051595609 0.1215356792 0.1735823062 0.1403108545 0.1679408204 0.1282135988 0.1658471714 0.1105661843 0.1172804514 0.0923195491 0.1006669411 0.2083860770 0.1470907533 0.2003081800 0.1693361761 0.2666694905 0.3761051849 0.4524043486 0.5945958880 0.7739480175 0.8472164547 0.8341459074 0.7773744281 0.6601986168 0.4206422740 0.3270785129 0.2915311579 0.1870417191 0.1850647572 0.1296010834 0.1471810981 0.1410210590 0.1697587592 0.1812770944 0.1905886253 0.1437635213 0.1054638500 0.1778228970 0.1582234651 0.1210703878 0.1106582418 0.1701465931 0.1315782563 0.1672976922 0.1838372326 0.1685324399 0.1630098513 0.1452911388 0.1448502919 0.1695639025 0.1907098677 0.1657882545 0.2805162804 0.3653146833 0.5289891821 0.6585921509 0.8200740014 0.8222343441 0.8796614030 0.7878535978 0.6129119122 0.4395552134 0.3500827185 0.2924777469 0.2133050542 0.1319351429 0.1556625166 0.1368873155 0.1601118574 0.1510341423 0.1914588683 0.1161978417 0.1546607463 0.1738618906 0.1368201266 0.1308714292 0.1752573305 0.1837315401 0.1201669896 0.1773680352 0.1276862309 0.1646085403 0.1817350096 0.1305198332 0.1648056093 0.1576222076 0.1626218850 0.1741410328 0.2004435107 0.2724181440 0.3386976180 0.5259362409 0.6766381064 0.7911542327 0.8749199337 0.8301374135 0.7493695415 0.5732695662 0.4924952170 0.3097813160 0.2367148077 0.2115233958 0.1614761024 0.1995532027 0.1276240667 0.1346786993 0.1470714349 0.1722176798 0.2119036109 0.1340201778 0.1793651660 0.2046415192 0.1918105837 0.1301479502 0.0919691779 0.1143376375 0.1722633343 0.1246774337 0.1394340000 0.1089093225 0.1851682451 0.2277391185 0.1962754004
0.1562268488 0.1001835201 0.1037145683 0.0779892563 0.1759674256 0.1090120273 0.1015930044 0.2168401087 0.1048875075 0.2021939252 0.2133072853 0.3444151131 0.4290713880 0.5512042141 0.7078619780 0.8632143444 0.8581378768 0.7828945541 0.6752666733 0.5085046602 0.4033858170 0.2366395711 0.1680252015 0.1416225823 0.1969017881 0.1479474514 0.1293153596 0.1394166916 0.1733902217 0.1751042883 0.1772886959 0.1843482434 0.1298601629 0.1461127859 0.1903351793 0.1370860890 0.1642543539 0.1010840140 0.1296674481 0.1583222086 0.1304361769 0.1481607653 0.0799115789 0.1372270798 0.1722597287 0.1719537715 0.1868284045 0.2130271136 0.2855047347 0.4555594681 0.6342977182 0.7213736200 0.8325653415 0.8622295055 0.7892073430 0.6936661543 0.4782907027 0.3640412797 0.2874894203 0.1454347027 0.1500479318 0.1180086312 0.1382642095 0.1667681507 0.1573276638 0.1340439409 0.1358543762 0.1409975907 0.1369536143 0.1609219969 0.1394861120 0.1493769253 0.1119743462 0.1502388560 0.1088929467 0.1849529183 0.0926589494 0.1607207186 0.0977188463 0.1718428335 0.1463257288 0.1157879432 0.1429257728 0.2152293092 0.2345167964 0.3197116534 0.4898118231 0.5742903483 0.7956031307 0.8283836929 0.8492863707 0.7285671947 0.6450349299 0.4849723879 0.3490422681 0.2268767785 0.2038036400 0.2033816227 0.1317127696 0.1625450973 0.1735079824 0.0965232693 0.1343960805 0.1590433848 0.1273703647 0.1531659877 0.1490935850 0.2009998330 0.1118771884 0.1553235319 0.1429763692 0.1054646605 0.1618534241 0.1474724515 0.1301043953 0.1415842398 0.0975544275 0.1680824870 0.1837864866 0.1597662315 0.2387308764 0.2484466207 0.3177132735 0.4955323569 0.6339566425 0.8031844945 0.8655200426 0.8956332674 0.8210080653 0.6602889442 0.4430088225 0.3450471967 0.2975643273 0.2182402039 0.2080371915 0.1729507919 0.1887557061 0.1771060946 0.1476330103 0.1161880984 0.1377371403 0.1766272121 0.1463750149 0.1160248766 0.1240931772 0.2066586991 0.1295336319 0.1405886281 0.1344849786 0.1333160315 0.1793076465 0.1644787818 0.1101934220 0.1157453403 0.1226277317 0.1476995895 0.1849552778 0.2504417630 0.2855389643 0.3761575082 0.4934231922 0.7134422890 0.8088120068 0.8667466447 0.8445898884 0.7174517530 0.5640285595 0.5068006597 0.3007278438 0.2203801564 0.2398146175 0.1492494382 0.1310909668 0.1758965670 0.1200359100 0.1743265717 0.1239815961 0.1581595763 0.1325074629 0.1795623887 0.0927100707 0.1906004920 0.1287791965 0.1819280280 0.1417921639 0.1333355744 0.0886419860 0.1307905353 0.1512129947 0.1301527509 0.1661757125 0.1763664720
0.1549715843 0.1725516544 0.1462332581 0.1030148491 0.1842883328 0.1900426440 0.1118203854 0.1147161852 0.1532305339 0.1815054427 0.2161102321 0.2878949302 0.3844970773 0.5850012139 0.6254010236 0.8317899582 0.8305318802 0.8125679677 0.7095654385 0.5055210687 0.3382283855 0.2823903520 0.1736730838 0.1454690648 0.1684661651 0.1118646119 0.1524534809 0.1720801999 0.1390459586 0.1591283470 0.1410157206 0.1824999575 0.1483363130 0.1456433494 0.1592363842 0.1413075042 0.1612343847 0.1399824961 0.1567383697 0.1507693430 0.1237893031 0.1406827726 0.1555034781 0.1681717123 0.0854775054 0.1152113991 0.2088785420 0.2678233788 0.3327766817 0.4667657112 0.6250908624 0.7602636165 0.8511894208 0.8539662152 0.7330145321 0.6726328238 0.5706738380 0.3816158990 0.3257722331 0.2094309700 0.1833188296 0.1390444816 0.1186899955 0.1594436628 0.2199104641 0.1586978409 0.1298361913 0.0848664297 0.1641338725 0.1398991504 0.1415449720 0.1755874569 0.1185488622 0.1626323921 0.1665667111 0.1056089819 0.1101551235 0.1803464321 0.1721024200 0.1778841696 0.1639489918 0.1952770828 0.1749933968 0.1898544396 0.2241734465 0.3395993107 0.5064732771 0.5993211931 0.7778319959 0.8446730365 0.8660625637 0.7963502224 0.6261985305 0.4932130947 0.3826066429 0.2478129559 0.1714765646 0.1318931273 0.2170307684 0.1679920700 0.1747161412 0.1548661082 0.1330178514 0.1945104005 0.2120810065 0.1442920405 0.1179968083 0.1578924062 0.1389818337 0.1080757063 0.1395367782 0.1355790415 0.1256821434 0.1640995565 0.1587392398 0.1149293495 0.1538580559 0.1302367582 0.1352314032 0.2039921385 0.1865794250 0.2744168871 0.3831592501 0.4892374911 0.6148693023 0.7685828740 0.8673179952 0.8983918095 0.7838775882 0.6710808079 0.4207012064 0.3424766156 0.2640072705 0.2034445827 0.1401625646 0.1172678493 0.1915846560 0.1554610765 0.1836348179 0.1916224344 0.1289729511 0.1567131122 0.1504262586 0.1453306613 0.1590143855 0.1657563239 0.1473722151 0.1525350298 0.1756227126 0.0970101046 0.1660553809 0.1901294204 0.1807089392 0.1744874613 0.2082308221 0.1573170737 0.1987780315 0.2163651010 0.3213280006 0.3861641524 0.5469682911 0.6734465483 0.8370606441 0.8924670295 0.8609810891 0.7109422049 0.6002875722 0.4855204961 0.3236260382 0.2568081259 0.1995017658 0.1711080720 0.1610008556 0.1504602935 0.1235857856 0.1630437713 0.1363396013 0.1853228475 0.1604135343 0.1987892017 0.1837927193 0.2039786934 0.1503203856 0.1353008746 0.1693641004 0.1418906543 0.1558642500 0.2296774644 0.1814612847 0.1355912200 0.1729878372 0.1863015329
0.1191097928 0.0996584093 0.1213879333 0.1538509796 0.2030154557 0.1501676625 0.1249078755 0.0988041680 0.1716799638 0.1609953011 0.1862549609 0.2809917523 0.3991708841 0.5590530025 0.7248504664 0.7988619499 0.8930953644 0.8097973561 0.6948207782 0.5640160786 0.4273099863 0.3302466426 0.2199315520 0.2094706052 0.1368919465 0.1216227410 0.1235861550 0.1455682244 0.1468353025 0.1675636066 0.1828861052 0.1872132064 0.1532205723 0.1643037915 0.1024727893 0.1327568935 0.1378298012 0.1429805551 0.1544846966 0.1562719071 0.0679339061 0.1343541662 0.1175907439 0.1460361828 0.1210219339 0.1678195527 0.1219698261 0.2239442791 0.3406456095 0.4064062116 0.5996215413 0.7511722539 0.7798961122 0.8723778819 0.8059121623 0.6691039063 0.5168086988 0.4234517385 0.2394191409 0.2481966549 0.1218183459 0.1616753156 0.1512047231 0.2018354502 0.1318835798 0.1630219508 0.1511007543 0.1374530298 0.1622222969 0.1567711862 0.1758806733 0.1662064391 0.1538018911 0.1202827591 0.1805135107 0.1798786506 0.1121681110 0.1447376080 0.1397698928 0.1771246132 0.1601678996 0.1515504609 0.2090997111 0.2010980604 0.2817210259 0.3509385002 0.4981681612 0.6069261747 0.7498022132 0.8658972710 0.8605202767 0.8032092085 0.6704773244 0.5149432256 0.2962624085 0.2210956852 0.2666289597 0.1781095208 0.1629872057 0.1220009603 0.1559782292 0.1724108632 0.1791723151 0.1846629093 0.1552227120 0.1478392039 0.1879560597 0.1528215062 0.1608157492 0.1233030045 0.1736414779 0.1204606469 0.1442842307 0.1654444521 0.1834882602 0.1526482799 0.1530326168 0.1290969777 0.1670739020 0.2262617359 0.2353052714 0.2837402317 0.3958106386 0.4779761096 0.6339834358 0.7884146499 0.8781858713 0.8935379021 0.7811496656 0.6500589362 0.4719474339 0.3507980268 0.2647187120 0.1879109716 0.1091691723 0.1460420383 0.1448830348 0.1679976882 0.1828601861 0.1599465710 0.1441107385 0.1330963727 0.1129951777 0.1396177488 0.1170563996 0.1459709609 0.1468880781 0.1641536376 0.2251633521 0.1249125721 0.1887211475 0.1393289129 0.2012351577 0.1762094546 0.1619473022 0.1689994609 0.1446229625 0.1481175489 0.2902647039 0.4209185254 0.4759557190 0.6681182477 0.8065058347 0.8796613371 0.8731849012 0.7339650805 0.6051788451 0.4778620197 0.3731532189 0.2308962094 0.2611726908 0.1878505193 0.1797602773 0.1532392222 0.1689841190 0.1236960909 0.1879968383 0.1684661918 0.1775764078 0.1678717635 0.2069060106 0.2406977550 0.1971976349 0.1594430330 0.1732111894 0.1190926805 0.1426030140 0.1986302018 0.1706762954 0.1480882138 0.1463329288 0.1952366291
0.1011997473 0.1341917110 0.1371947188 0.1699657169 0.1602796985 0.1293938684 0.1158908481 0.1865054686 0.1342492511 0.1647570356 0.2441949837 0.3115112981 0.4010179526 0.5533441635 0.6804911073 0.8026623631 0.8707102514 0.8481514133 0.6908211974 0.5811310811 0.3616658785 0.3234586831 0.2236212913 0.1721350379 0.1638325682 0.0960745996 0.1403759488 0.0967215765 0.1466738573 0.1898829988 0.1587397273 0.1519010209 0.1682427680 0.1669131540 0.1266976649 0.1172512878 0.1772606626 0.1573863470 0.1315082551 0.1888012083 0.0956587832 0.1637105859 0.1604053729 0.1653227095 0.1655210932 0.1716598797 0.1705410568 0.1954282877 0.3612197243 0.4688093967 0.5751671720 0.7218165944 0.8313445747 0.9326930171 0.8308063808 0.6899578271 0.5062761759 0.3981260079 0.2503723446 0.2344646833 0.1895863500 0.1825443647 0.1312966083 0.1701813340 0.1243155737 0.2219769046 0.1804767487 0.1311816239 0.1113619427 0.1066685488 0.1501713134 0.1265105920 0.1898692894 0.1864533208 0.1710132742 0.1598450476 0.1623367604 0.1268614833 0.2223422778 0.1594699314 0.2020271077 0.1589833007 0.1985712715 0.2031955770 0.2188481920 0.3476375698 0.5132353346 0.6064497030 0.7445832129 0.8353718676 0.8815112665 0.8509666708 0.6774450610 0.5300354192 0.4325255258 0.2668696620 0.2396825600 0.1779917408 0.1585499623 0.1286417458 0.1741392075 0.1377471536 0.1478231187 0.1533946588 0.1915944773 0.1860241545 0.1538762275 0.1364589431 0.1296183253 0.1086260956 0.1464558181 0.1455087990 0.1809281814 0.2128609676 0.1810630720 0.1577470007 0.2123906806 0.2073013070 0.1924494053 0.2051100206 0.2502588281 0.2355383264 0.3592338759 0.5075332261 0.6468817365 0.8328395974 0.9327657067 0.8824816489 0.7999765395 0.6566763247 0.4697232073 0.3540521736 0.2553220732 0.1898020548 0.1825173034 0.2141268240 0.1347502168 0.2153720926 0.1826604278 0.1428108369 0.2113448539 0.1696415646 0.1411741943 0.1460170789 0.2017423960 0.1576941668 0.1196029114 0.1271325801 0.1704388595 0.1515187709 0.1643232182 0.2038856619 0.1402252464 0.1997816847 0.1601806645 0.1444248413 0.1393911820 0.2211638125 0.3219972547 0.3815452947 0.5186847184 0.6208586618 0.7913046097 0.8532258434 0.7958426504 0.7790966308 0.6232875531 0.5123711324 0.3840184531 0.2744289188 0.1913270529 0.2032114289 0.1684685030 0.2154399825 0.1951552983 0.1915548311 0.1514955077 0.1715826795 0.1946767671 0.2164809839 0.1704400641 0.1570294778 0.2134113817 0.1621007151 0.1045520583 0.2109528874 0.1498309395 0.1405927483 0.1396094682 0.2477020464 0.1639925393 0.1621236633
0.1596350558 0.1881409586 0.1199117952 0.1391256020 0.1603535002 0.1586859427 0.1186009964 0.1276436932 0.1283501896 0.1774426417 0.2056847922 0.3178916865 0.4244381960 0.6153314213 0.7183296488 0.7665064234 0.8599571217 0.8222833003 0.6760381881 0.5674992426 0.3952108966 0.3100491588 0.2503938059 0.1456883190 0.1385484926 0.1242751526 0.1436631519 0.2001052965 0.2267281378 0.1693281901 0.1270407241 0.1377884187 0.1254081935 0.1561955244 0.1716814763 0.1634899165 0.2194730437 0.1873792590 0.1927925017 0.1676027937 0.1473599931 0.1579703494 0.2021979016 0.1913808020 0.2015753072 0.1894982428 0.2086464214 0.2259342267 0.3567314542 0.4496867901 0.6227660855 0.7029543951 0.8350804717 0.8478640095 0.8440721173 0.6938663557 0.5497172469 0.3964507843 0.3433985889 0.2698212779 0.1933691361 0.2228834470 0.1449840231 0.1468410882 0.1581273161 0.1675139538 0.1191898034 0.1725801828 0.1865097269 0.1664314594 0.1453973269 0.1798343721 0.1682698212 0.1898989244 0.1281574822 0.1374029747 0.1454635653 0.1885316918 0.1446414040 0.1530659631 0.1699613903 0.1857433255 0.1579382111 0.1515508555 0.2721587243 0.3183198990 0.5161385465 0.5722869405 0.7098082453 0.8402029354 0.8507592918 0.7992329575 0.7228230516 0.5448404895 0.4133075660 0.2876911874 0.1993937358 0.2122771240 0.1907602578 0.1755653621 0.1539360309 0.1916423452 0.1630558087 0.1746231795 0.1963450855 0.1593179873 0.1675059207 0.1408211936 0.2010180750 0.1503658195 0.1293952724 0.1966730277 0.1692808015 0.1825968828 0.1392676309 0.1780825823 0.1951469015 0.1828847985 0.1800015093 0.2069988417 0.2717173674 0.2748682029 0.3548172323 0.4603804448 0.7068244442 0.7781125794 0.8676588617 0.8563304837 0.8031789321 0.6676961059 0.4940889184 0.4456757561 0.3161265567 0.1739448990 0.1491128922 0.1385247131 0.1519237670 0.2018130662 0.2053052452 0.2034070741 0.1898614072 0.1758828912 0.1589069336 0.1429095512 0.1835901766 0.2153002913 0.2110310241 0.1550750745 0.1387489162 0.0931895932 0.1635258725 0.2152832381 0.2209592359 0.1982390627 0.1637136392 0.1645137857 0.1805800957 0.2713822352 0.2952068449 0.4130545734 0.5550865245 0.7018029114 0.8411121199 0.9017246320 0.8842643710 0.7815280922 0.6230825596 0.5176609495 0.3530544482 0.2955818641 0.2596263276 0.2214791605 0.1836864489 0.2217576471 0.1892504250 0.1611878470 0.1524271398 0.1852067180 0.2062866428 0.1595080134 0.2123555264 0.1727033245 0.1691283263 0.1970447731 0.1923412254 0.1305863116 0.1859325353 0.1742897397 0.1872625549 0.1917514338 0.2001835720 0.1683333459
0.1499546923 0.1329142875 0.1611847006 0.1064643941 0.1595723684 0.1378681443 0.1726634500 0.1647107889 0.1625488385 0.2083914244 0.2170238116 0.3509581593 0.4652578636 0.6250386476 0.6859448616 0.8064491738 0.8622923773 0.8109534079 0.7113850976 0.5519331435 0.3884137989 0.2998675044 0.2386155738 0.1782035379 0.1875823299 0.1707449051 0.1936373043 0.1714859528 0.1641467830 0.1364794574 0.1566519511 0.1299780887 0.1399144734 0.1404484835 0.1501317284 0.2049234209 0.1727539816 0.1582918310 0.1907758183 0.1550759843 0.1391584539 0.1607334136 0.1890475862 0.1759510002 0.1711841294 0.1897096428 0.1820192931 0.2353106736 0.3238498301 0.4409510163 0.5988326547 0.7109981098 0.8408787769 0.8575151545 0.7843321829 0.7104419888 0.6240845526 0.4358133600 0.3031459613 0.2897304282 0.2333627965 0.1861351670 0.1803400555 0.1472004629 0.1653690705 0.1210086237 0.2077725013 0.1170871892 0.2205161164 0.2022313508 0.2115635009 0.1662652413 0.1476804985 0.1302726618 0.1861461400 0.1362210674 0.1897564890 0.1342403886 0.1869713262 0.1784423352 0.1376047401 0.1504341009 0.1629747199 0.1767719928 0.2554221147 0.3263362297 0.5272086462 0.6688994743 0.8162292635 0.9184970580 0.8736735915 0.8466479744 0.7078683928 0.5169956798 0.3863733361 0.3115493459 0.2198240361 0.1726517102 0.2137608149 0.1886203317 0.1790013326 0.1749253890 0.1758675482 0.1655494942 0.1407298663 0.1289005742 0.1312166912 0.1589340431 0.2212171346 0.1843586378 0.1871148574 0.1704310964 0.1960587532 0.2212142393 0.1774655913 0.1356175921 0.1876803930 0.1818046704 0.1916372124 0.1987162433 0.2364493961 0.2185335817 0.3720103865 0.4821608539 0.6414230047 0.8365701591 0.8693613276 0.8789978380 0.8252373792 0.6803749913 0.5364024472 0.4410479895 0.2918667307 0.2549530794 0.2094729424 0.1580997502 0.1840177034 0.1450195494 0.1730859524 0.2391600588 0.1819865465 0.1903283765 0.1568078404 0.1632998161 0.1894101284 0.1279828664 0.1541715588 0.2227494668 0.1749532993 0.1364081888 0.1573876678 0.1236346880 0.1575104930 0.2049393851 0.1778156627 0.1971090941 0.2071031306 0.2101318858 0.2649278517 0.4142079889 0.6123997430 0.7084534767 0.7919714573 0.8838786083 0.8521649492 0.8076265225 0.6966431112 0.4974061553 0.4049495207 0.2674044718 0.2022338231 0.1901617327 0.1564719431 0.1847518666 0.1887252355 0.1882586634 0.1679929597 0.1511746087 0.1980145428 0.2084582103 0.2043538547 0.2040755706 0.1778939305 0.1513976330 0.1438885402 0.1788879166 0.2029200947 0.1928091935 0.1347131776 0.1571045978 0.1549793752 0.2174357209
0.1145190856 0.1370189249 0.2038066685 0.1790095345 0.1416918931 0.1831148117 0.1448956378 0.1445595174 0.1391165477 0.1456875634 0.2102201005 0.3200476107 0.4280505611 0.5839176545 0.6392403472 0.8011503126 0.9095753730 0.8681642955 0.7538351293 0.5653902148 0.4092052791 0.2974130916 0.2639213787 0.2375270999 0.1930201367 0.1680128148 0.1477854815 0.0913654782 0.1897627818 0.1801039803 0.1808777745 0.1224792932 0.1428850520 0.1438081570 0.1364118893 0.1639092825 0.1526005456 0.1405839858 0.1481076955 0.1107516227 0.0932567179 0.1509454184 0.1606220842 0.1262563979 0.1141314366 0.1827350866 0.2076369101 0.2428523623 0.3077554290 0.4631429956 0.5619739640 0.7049305251 0.8352261958 0.8924271691 0.8052439223 0.7012371808 0.5239217445 0.4304993871 0.2660151002 0.2157683935 0.1900298436 0.1679013041 0.1779636999 0.1277523745 0.1782035828 0.1562531018 0.1729748235 0.1765874501 0.1369374037 0.1949045034 0.1597223605 0.1723882956 0.1860339951 0.1889131698 0.1916372831 0.2144098089 0.1368300435 0.1804538428 0.1332173980 0.1521422474 0.1589374921 0.1807905524 0.1887286541 0.1845550238 0.2608623368 0.3375776715 0.4458930898 0.6091850189 0.7475721166 0.8552726025 0.9094280928 0.7819313502 0.7097802872 0.5789024211 0.3711246374 0.2894043110 0.2152937954 0.2133635961 0.1930476396 0.1607700769 0.1982770137 0.1644233565 0.1499088550 0.2125776703 0.1677011900 0.1694521741 0.1697896290 0.1481802705 0.1526754488 0.1525094878 0.2018975088 0.1676199624 0.2154864119 0.1522469084 0.1752303186 0.2048211406 0.1853844018 0.1759474877 0.1675145932 0.1792646907 0.1465357433 0.2581280460 0.3946074535 0.4876722158 0.6770275853 0.7907504993 0.8431093175 0.8993992472 0.8071757174 0.7295450446 0.5133902784 0.4109703838 0.2530492691 0.2300294400 0.2098188280 0.2261336496 0.2236167291 0.2057330915 0.1851176629 0.1807533626 0.1544600430 0.1320149824 0.1934109112 0.2021448222 0.1277687246 0.1945037948 0.1433737509 0.1739821218 0.1607285006 0.1692118897 0.1248397804 0.1481770621 0.1925613170 0.1480173846 0.1897834862 0.2149616399 0.2699194887 0.2109573446 0.3002652741 0.3768045048 0.5541063747 0.6663744015 0.7739372387 0.8781224988 0.8999754563 0.8143729911 0.6283385523 0.4953587335 0.3785307333 0.2440054838 0.2378996442 0.1784604127 0.2207185068 0.1520423354 0.2071933812 0.1808621224 0.1318312944 0.1312564512 0.1863951522 0.2082131892 0.1837369246 0.1765612576 0.2161315266 0.1521590005 0.1029214005 0.1460221961 0.1448462439 0.1786202018 0.1664719194 0.1773996034 0.1388155316 0.2565704362
0.1589865987 0.1102108534 0.1433003605 0.1451479769 0.1864803547 0.1702678753 0.1515956778 0.1582463760 0.2087752526 0.2233714493 0.2110360582 0.2542748844 0.3922238193 0.5261482791 0.7035340709 0.8076093728 0.8779571342 0.8714916971 0.7005571332 0.6215936035 0.4113504850 0.3288819316 0.2438570109 0.1742257251 0.1608406274 0.1627190831 0.1816746654 0.1595809625 0.1434245013 0.1508500478 0.1448013352 0.1329879815 0.0971890200 0.1666931393 0.1779699003 0.1714346109 0.2005094342 0.1937252233 0.1220068915 0.1346077798 0.1395130700 0.1190194981 0.1478186912 0.2049733238 0.1536871549 0.1922864560 0.1763059068 0.2363905292 0.3208509113 0.4315759807 0.5512862147 0.7652775600 0.8791678452 0.8719895019 0.8777826648 0.7167929653 0.5402538602 0.4503766941 0.2992139716 0.2254956753 0.1728076386 0.1277602094 0.1667666490 0.1650328592 0.1471753050 0.1450357599 0.1451045690 0.1682027016 0.1742383175 0.1507659573 0.1759306470 0.1696879428 0.1536777048 0.1908818003 0.1455729223 0.1518787270 0.1218961408 0.1717910878 0.1503831821 0.1934873574 0.1521143780 0.1777315581 0.1645037761 0.1778311521 0.2539991809 0.2771703121 0.4910115197 0.6587276616 0.6994115482 0.8909984968 0.9570215528 0.8193589410 0.7276539412 0.5497891886 0.3385764505 0.3210241623 0.2028389336 0.1449162905 0.1988328431 0.1399243767 0.1612776338 0.1868149132 0.1891264320 0.1248046516 0.1470076112 0.1866297435 0.1966924247 0.1673072211 0.1874303798 0.1754210085 0.1723315836 0.2459915757 0.1649232781 0.1897769459 0.1809031712 0.1735847087 0.1625508718 0.1532586929 0.1964989891 0.1895106894 0.2322921079 0.2813774826 0.3119426096 0.4920628628 0.6569439521 0.7550540521 0.9105663892 0.8664821496 0.8285652927 0.6768361626 0.5116190006 0.4131094944 0.2801273283 0.2087700234 0.1781703246 0.1988677470 0.1679887798 0.1813541446 0.1768433319 0.1488923430 0.2135749486 0.1782995562 0.1876179125 0.1519531172 0.1526375851 0.1875079083 0.1611069202 0.1414720269 0.1492241574 0.1726090304 0.1260354173 0.1792604228 0.2021134722 0.1649574307 0.2015902162 0.2235747355 0.1515715362 0.2029104548 0.2659563168 0.3575035126 0.5290895592 0.6938221286 0.8465949004 0.8474886501 0.8876210528 0.7977064611 0.6376651955 0.4904000023 0.3745791153 0.2571546702 0.2119961860 0.2306596568 0.2190565649 0.1790199869 0.1937652351 0.2242144004 0.2237868320 0.1876954515 0.1416243467 0.1618019910 0.1759847478 0.1825033481 0.1622898139 0.1783937919 0.1601788222 0.2340549747 0.1797293343 0.1939349708 0.1874640817 0.1853804619 0.2217847619 0.1809710479
0.1184734754 0.2009079115 0.1988449928 0.1424199607 0.1358881056 0.1352312691 0.1515415236 0.1259460425 0.1669150218 0.2031993565 0.2371019832 0.3177911040 0.3839762441 0.5400392565 0.7359122077 0.8032576051 0.8970189925 0.8336720322 0.7406618020 0.5755115431 0.4183049302 0.2844453002 0.2110423894 0.1798218106 0.1650675903 0.1862061450 0.1879922828 0.1012651997 0.1819267363 0.1410113799 0.1515341429 0.1651972052 0.1638407516 0.1739078528 0.1170498947 0.1505371600 0.1726501022 0.1866194633 0.1701352907 0.1651655199 0.1391654477 0.1389159134 0.1680897679 0.0928399011 0.1774456638 0.1657788639 0.2286663918 0.2358790854 0.3129951668 0.4011834794 0.5436903064 0.6939128020 0.8242129080 0.8877292551 0.7992963470 0.7442394248 0.5797918686 0.4367734783 0.3193124341 0.2220393614 0.1951949393 0.1815152922 0.1596292310 0.1545598824 0.1289237717 0.1519646222 0.1494699239 0.1621409304 0.1590677973 0.1467271691 0.1603859072 0.1278702379 0.1943740730 0.1440949138 0.1853180104 0.1707983893 0.1693451558 0.1686821743 0.1598530417 0.1802926698 0.1334695794 0.1428796206 0.1618915019 0.1996703632 0.2207350464 0.3662188106 0.4417604030 0.6097885528 0.7453875594 0.8946053094 0.8465407085 0.8828761664 0.7133223911 0.5173710732 0.3770951900 0.3432419223 0.2610060820 0.1720972012 0.1284179813 0.1910622915 0.2118438199 0.1436552174 0.1623286102 0.1845018139 0.1761652043 0.2014387188 0.1724980170 0.1719518324 0.1781791796 0.1597673384 0.1252730678 0.1833669513 0.1474208941 0.1849888203 0.1566632796 0.1478811306 0.1705846829 0.1362163254 0.1945769798 0.1976399596 0.2590980534 0.2831587137 0.3639290841 0.4588513816 0.6641589282 0.7856531087 0.8402768372 0.8509493936 0.8001620228 0.7267505382 0.5540410172 0.3970060281 0.2998555889 0.1961235939 0.1595329804 0.2228999376 0.1699534493 0.1316767019 0.1598659192 0.1527618850 0.1645811079 0.1222358526 0.1309575836 0.0964105102 0.1321888134 0.1947753516 0.1861694186 0.1920082809 0.1623871869 0.1160584398 0.1173143875 0.1654053221 0.1888015996 0.1265127647 0.1135576516 0.1861586366 0.2230227260 0.2066285816 0.3055562358 0.3580326153 0.5701409975 0.6360588067 0.7745072212 0.8541385155 0.8169349685 0.8061516569 0.6927801463 0.4980641253 0.3531612251 0.2835853079 0.2484242371 0.1392848555 0.2258578387 0.1615450949 0.2291122071 0.1280044335 0.1813573235 0.1557120365 0.2203911910 0.1713890998 0.1907009975 0.1580510072 0.1669491003 0.1965872512 0.1750632532 0.1519858191 0.1806115564 0.1550434393 0.1610395076 0.1827517995 0.1565101887 0.1660385846
0.1328116229 0.1617360653 0.1315311970 0.1488537040 0.1192547647 0.1508038649 0.1905622890 0.1793596670 0.1317954809 0.1689002160 0.1783760310 0.2494563180 0.3595226937 0.5029772835 0.6565775121 0.7987799414 0.8727682415 0.8895457370 0.7350497562 0.6012812035 0.4018777476 0.2686478589 0.2624064990 0.1565433934 0.1645518431 0.1436922679 0.1369098404 0.1310060077 0.1755985002 0.0921957528 0.1141354348 0.1467453802 0.1961551436 0.1270857652 0.1428514990 0.1491305229 0.1433832752 0.1490770633 0.1358912323 0.1466755448 0.1558590372 0.1443354204 0.1663682246 0.1604106253 0.1399290736 0.1692834747 0.2225818370 0.2178841612 0.2245446761 0.4174816740 0.5433565883 0.7266364686 0.8551014578 0.8508858080 0.8382747936 0.7658490664 0.5355330612 0.3841673117 0.2991994835 0.2568844891 0.2172084876 0.2045380481 0.1770800832 0.1887637367 0.1448437060 0.1301986153 0.1605339127 0.1285184303 0.1769028713 0.1501344962 0.1318090481 0.1446701062 0.1707796820 0.1240382165 0.1807196991 0.1292624962 0.1239047216 0.1433333361 0.1587078978 0.1658753287 0.1948971734 0.1267917907 0.1555840022 0.2199319232 0.2254287819 0.3065498116 0.4760723498 0.5694297960 0.7449929854 0.8649147659 0.8983918502 0.8349694890 0.6850903629 0.5433818286 0.3847478047 0.2942727346 0.2379001243 0.2293468639 0.1490626088 0.1405292961 0.1978505293 0.1300091924 0.1527764226 0.1568035777 0.1572584205 0.1171642443 0.1975275375 0.1396301813 0.1510701906 0.1791263117 0.1968850453 0.1732460425 0.1546042298 0.1436050439 0.1791045718 0.1875200639 0.1548553129 0.1249065861 0.1753070616 0.1170516443 0.2103136184 0.2667640095 0.3020554612 0.4631691662 0.5811415458 0.7516390930 0.8527774913 0.8775926137 0.8590941731 0.7168554800 0.5401796926 0.4034551800 0.2779425901 0.1972700442 0.2024974776 0.1478585913 0.1670107911 0.2055204916 0.1371157688 0.2006187472 0.1635088278 0.1898277977 0.1763246262 0.1355541151 0.1801192007 0.1661595076 0.1420725112 0.1729686356 0.1980214952 0.1459128858 0.1710704995 0.1799891938 0.1335084196 0.1373319891 0.1394373444 0.2405382553 0.2321855920 0.1839834188 0.2327656837 0.4006246839 0.5102376482 0.5952581665 0.7946311326 0.8208167986 0.8699040574 0.8125564537 0.7223950032 0.5236326751 0.3702924782 0.2971110476 0.2342800600 0.2200225898 0.1580286184 0.1899994931 0.1584516406 0.1009880774 0.2162949224 0.1523029615 0.1280614887 0.1280743969 0.1874324480 0.1975369491 0.1655358820 0.1731237103 0.1706296270 0.1991843418 0.2041515695 0.1349016762 0.1652616588 0.1514358396 0.1610182972 0.1578351590
0.1342156198 0.1184039998 0.1866836425 0.1040690930 0.1527595828 0.1395948399 0.1763749579 0.1205002581 0.1819482241 0.1943068179 0.1948264403 0.2226814636 0.3444341685 0.4807324853 0.6499343911 0.7480166236 0.8695693136 0.8521477526 0.7582368892 0.6301667194 0.3977589480 0.3651784496 0.2369583301 0.1625365817 0.1687161466 0.1357966647 0.1168859308 0.2147116980 0.1193672930 0.1544967892 0.1411517575 0.1303782501 0.1581178572 0.1299483242 0.1350215919 0.1186057696 0.1124826178 0.1740473475 0.1958933393 0.1317983571 0.1003469305 0.1607648702 0.0952646199 0.1999750866 0.1674210345 0.1282109129 0.1555379950 0.1911278345 0.2815323226 0.3899704919 0.5589651432 0.7069608920 0.7921582863 0.9272659339 0.8400022099 0.7305928696 0.5710034408 0.3816081213 0.2935139223 0.1970289531 0.1918242531 0.1143903361 0.1459202721 0.1457420728 0.1892223116 0.1410505458 0.1184035550 0.1736272474 0.0921702941 0.1632768592 0.1776916518 0.2084234598 0.1683498955 0.1619818099 0.0988623884 0.1738808884 0.1471211837 0.1437320208 0.1248172508 0.1534474414 0.1139513331 0.1861805826 0.1551669979 0.1890126113 0.2606546117 0.3186474163 0.4421428796 0.5841537026 0.7082553087 0.8015172566 0.8854578972 0.7774060717 0.6865117314 0.5539136088 0.3892985564 0.3113170936 0.2227440436 0.1500167469 0.1682681731 0.1578080642 0.1358595874 0.1613717059 0.1677375254 0.1514342883 0.1726997997 0.1531208137 0.2046104073 0.1171251493 0.1927447043 0.1111008092 0.2395549308 0.1227091652 0.1091945138 0.1258419372 0.1287869445 0.1778377952 0.1575819047 0.1659514465 0.1752816653 0.1910716732 0.1687552566 0.2528572525 0.3118646917 0.4249762884 0.5978424799 0.7350434303 0.8951870229 0.9128118062 0.7929095440 0.6928098598 0.5642823107 0.3654325770 0.2397708344 0.1972954625 0.1699697658 0.1226739470 0.2025189991 0.1462984545 0.1400472145 0.1686752525 0.1431220260 0.1593173409 0.1443924296 0.1446831055 0.1843042094 0.1190709545 0.1280767610 0.1494900257 0.1305756632 0.1655672593 0.1529389719 0.1604602127 0.1940492810 0.1447148442 0.1732745906 0.1739413927 0.1600766585 0.2172074074 0.3020999992 0.3530390824 0.4735946735 0.6333008445 0.7975917520 0.8662876700 0.8772669227 0.8147513013 0.6535973698 0.5256213006 0.3981361798 0.2951510108 0.2402116526 0.1813022965 0.1453756720 0.1579068801 0.1724065488 0.1340094881 0.1969904765 0.1322130518 0.1702693425 0.1428783832 0.1332247852 0.1981430403 0.0931848514 0.1703415943 0.1865993223 0.1806219055 0.1655264791 0.1523465156 0.1416744511 0.2050912468 0.2168497039 0.1666110262
0.1021283910 0.1182970164 0.1777460452 0.1686920072 0.1323200210 0.1321464594 0.1172467037 0.1397317058 0.1470812394 0.1463057363 0.2062661259 0.2769900837 0.2859278094 0.5254736138 0.6811594096 0.7762399114 0.8435407999 0.8152261164 0.7105975521 0.6220506018 0.3808353884 0.3709943074 0.2148192247 0.1382658749 0.1616005219 0.1523326541 0.1368042806 0.0770702217 0.1771317399 0.1319086914 0.1867501513 0.1548813753 0.0924141559 0.1546166296 0.1554406114 0.1471651537 0.0681848327 0.1293939995 0.1250283592 0.1379962644 0.1581708127 0.1574548147 0.1508891042 0.0975854510 0.1196486513 0.1501091010 0.1741147930 0.2685019622 0.2504744705 0.3496260523 0.4774741206 0.7269062147 0.8328106194 0.8166857406 0.8373076173 0.7475198033 0.5957222598 0.3872835939 0.2729853310 0.2190273634 0.1851544579 0.1287614626 0.0840880462 0.1522851860 0.1398266127 0.1819229892 0.1333291778 0.1266651510 0.1865229820 0.1333755691 0.2333432866 0.1226994790 0.1695438584 0.1013417890 0.1310365825 0.0874625146 0.1110055337 0.1815791434 0.1357026219 0.1465887866 0.1149303485 0.1278136022 0.1175782443 0.1815963175 0.2340980241 0.2971150432 0.4150809311 0.5775787630 0.6534712052 0.8675020329 0.8811127630 0.8681965605 0.7082561971 0.5712441366 0.3867847606 0.3236389929 0.2061776646 0.1671210238 0.1760835104 0.0943164342 0.1427574812 0.1390975572 0.1823929587 0.1895212799 0.1215105710 0.1307116614 0.1873621195 0.1158610855 0.1583703286 0.1383933517 0.0672340914 0.1483319073 0.1512594197 0.1973469988 0.1481939887 0.1531287948 0.1722485189 0.1097052655 0.2063328223 0.1446218381 0.1844063854 0.2166482647 0.2839805900 0.4076709754 0.6086475145 0.7693456391 0.8178501361 0.8769384056 0.8087144717 0.6676611038 0.5298601942 0.4114143308 0.3153744522 0.1805462271 0.1814820853 0.1266454763 0.1195502747 0.1860731613 0.1696477203 0.1586228483 0.1279501132 0.1311270986 0.1937815637 0.1778487239 0.1303428335 0.2108233139 0.1350329352 0.1972381098 0.1286583728 0.1137853284 0.1785540994 0.1370417991 0.1327484623 0.1428076879 0.1802868532 0.1755141526 0.2235939884 0.1776166483 0.2568135610 0.3299583751 0.4746956691 0.5402677739 0.7953841706 0.8018081514 0.8031611726 0.7584812394 0.6175232684 0.5144368686 0.3626818655 0.2517382030 0.1941877826 0.1226335625 0.1560239943 0.1354095681 0.1454444186 0.1486763559 0.1188276298 0.1830698540 0.1300482592 0.1883489858 0.1500166060 0.1917626697 0.1559899702 0.2231440888 0.0877395746 0.1795238620 0.1530243155 0.1589136853 0.1654273848 0.1680340268 0.1651445196 0.1281334720
0.1139758460 0.1376643236 0.1285878134 0.1178207957 0.1313204294 0.1619423351 0.1158173304 0.1338738371 0.1619552498 0.1016934235 0.1691262106 0.2552880274 0.3164612952 0.5499185872 0.6636392168 0.7370827814 0.8607880860 0.8340215282 0.6530310916 0.5900148399 0.4781326387 0.3454757644 0.2997678137 0.1777098821 0.2191792375 0.1298121288 0.1035962672 0.1246026757 0.1214953030 0.1152113576 0.1608545739 0.1439054880 0.1343024808 0.1117329143 0.0842683496 0.0803888938 0.1038410971 0.1417790010 0.0874770206 0.1462575747 0.0947996957 0.1427612982 0.1223151730 0.1170206312 0.1413551495 0.1672129902 0.1661248482 0.1622195650 0.3164385979 0.3252594609 0.5558109765 0.6919914931 0.8049200726 0.7968890347 0.8281413359 0.7261334520 0.5857545403 0.4353295145 0.3042022516 0.1860950479 0.1660322590 0.1570377862 0.1632436729 0.1316969499 0.1077680797 0.0839247234 0.1367096425 0.1638094997 0.1423847081 0.1231507187 0.1247952153 0.1369898441 0.2063667403 0.1504348565 0.1555848064 0.1656479996 0.1665193555 0.1639862654 0.1681912114 0.0983564840 0.1163202542 0.1506725127 0.1652506628 0.1531740827 0.2647946715 0.2958983228 0.4171904234 0.5748851422 0.6737941611 0.7240215001 0.8318296702 0.8216853577 0.6921997895 0.5257344633 0.3660562182 0.2919349756 0.2141634567 0.2474293241 0.1797991988 0.1122087817 0.1285282130 0.1125984506 0.1827468701 0.1203402181 0.1286768703 0.1170407793 0.1564980728 0.1480333664 0.0995390487 0.1944361681 0.1563199461 0.1623072550 0.1803381326 0.1364740266 0.1556316175 0.1173828261 0.1511039878 0.1725674076 0.1217608660 0.1701608409 0.1341893652 0.2074733202 0.3186124422 0.3940110381 0.5126872076 0.7036983347 0.8185623026 0.8456442639 0.7923742054 0.6825760037 0.5310219732 0.3501819514 0.2809001228 0.1620104323 0.1717392440 0.1437673030 0.1446909234 0.0855039794 0.1422753834 0.1112949778 0.1320526370 0.1833890110 0.1610459245 0.1486241120 0.1277252594 0.1492419355 0.1469729109 0.1362221167 0.1433185071 0.1205865107 0.1811143898 0.1403562058 0.1373593402 0.1639895069 0.1093827223 0.1589687808 0.1879250277 0.1488816184 0.2329138529 0.3462788513 0.4786837439 0.5926256235 0.7324058197 0.8664500196 0.8912518118 0.7533905559 0.6775429967 0.5224031626 0.3791038268 0.2893762390 0.2424289610 0.1407460413 0.1653426342 0.1438234919 0.1256480840 0.1450073355 0.1500998036 0.1407552406 0.1579796709 0.1708304503 0.1739537632 0.1270144966 0.1954198753 0.1134939206 0.1280114291 0.1372045923 0.1714361154 0.1805730479 0.1548248375 0.1347582390 0.1306122081 0.1611773516
0.1057064664 0.1050695758 0.0953709010 0.0492345891 0.0943103672 0.1325800855 0.1302586262 0.1202084550 0.1407771907 0.1710663542 0.1358594261 0.2459268096 0.3723789145 0.4871417198 0.6280423237 0.7767889182 0.8258041928 0.7581705597 0.7467127475 0.5670154389 0.4459138160 0.3422790353 0.2284400556 0.1494475818 0.1431912325 0.1042436429 0.1355642903 0.0819893749 0.0845506062 0.1088286258 0.0785563419 0.1367523784 0.0429477679 0.1501844730 0.1205327443 0.1612465806 0.0578996879 0.0971135831 0.1514215166 0.1329344609 0.0969590932 0.1403518051 0.1527905963 0.1010391686 0.1611079069 0.1544962035 0.1195700169 0.1781271314 0.2969075093 0.3212860834 0.5095417405 0.6472533319 0.7592730829 0.8163797407 0.8359809679 0.7338260189 0.5590216516 0.4382536717 0.3719038383 0.2097329441 0.1499021293 0.2304999608 0.0676579410 0.1673835645 0.0938100950 0.1147144469 0.1516697465 0.1237800473 0.1422357526 0.1070603967 0.1089438213 0.1192268303 0.1712566300 0.1310979462 0.1404519807 0.1486373244 0.1250520414 0.1089220973 0.1377716085 0.1361015107 0.1266946458 0.1451034402 0.1659069725 0.1559613380 0.1585596946 0.2349414042 0.3862976143 0.5692389342 0.6705480064 0.7269958916 0.8742627977 0.8633098924 0.6337945824 0.5268768525 0.3639077821 0.2515592041 0.2359654774 0.1381279847 0.1228285373 0.1497472395 0.0953302749 0.0696536708 0.1113262494 0.0934346698 0.0767984400 0.1562423525 0.1436982390 0.1549307623 0.1540123862 0.1747089649 0.1501400630 0.1621579983 0.1260569553 0.1095377308 0.1423840191 0.1426081861 0.0802341909 0.1276810628 0.1212615740 0.1483737123 0.1704832318 0.1972095906 0.2859711304 0.3936034131 0.5882032913 0.7174591416 0.8361437172 0.8491283322 0.7900506396 0.7232790419 0.5478989622 0.3631170243 0.2740315752 0.2003109067 0.1435683950 0.1804427190 0.1231618384 0.1024824807 0.1337639369 0.0877097011 0.1771208373 0.1336459504 0.1595908780 0.1183477593 0.0976523361 0.1389490902 0.1820752541 0.1406638923 0.1722254980 0.1683565408 0.1313620707 0.1622087855 0.1535897749 0.1577057784 0.1603180416 0.1689641814 0.1169669322 0.1583022816 0.2367984859 0.3387502729 0.4282902192 0.5782320217 0.7816449473 0.8346786197 0.8573173384 0.7921877224 0.6612675541 0.4474284759 0.3861212204 0.2852160649 0.1933795958 0.2228213422 0.1301007998 0.1738154998 0.1554044991 0.1202122845 0.1475134952 0.0764121278 0.0980174449 0.1199525323 0.1104292237 0.1255524566 0.1677999875 0.1698800124 0.1483818088 0.0907545289 0.1431402538 0.1425206911 0.1465262548 0.1094043271 0.1813410801 0.1223886916
0.1187804327 0.1396557539 0.1367805842 0.1327752688 0.0935434791 0.1151005626 0.0914806184 0.1398558338 0.1067167792 0.0851105306 0.1341970796 0.2283588726 0.3397345168 0.4370171561 0.6266662811 0.7358845777 0.8654431134 0.8250046411 0.7053132193 0.5865421430 0.3990475013 0.2902411784 0.2558524840 0.1644701383 0.1216781095 0.1309287056 0.0869031899 0.0901124155 0.0955803310 0.1070828751 0.1270532896 0.1333119198 0.0695561054 0.0993241429 0.0993430684 0.1141426865 0.1440825770 0.0854329381 0.1206531130 0.1656873388 0.1149546319 0.0978177827 0.1700807223 0.1331734846 0.1122200439 0.1156547780 0.1994234421 0.1835102013 0.2577037406 0.3829118655 0.5068252081 0.6413641402 0.7706842934 0.8812146067 0.8476390328 0.7138479877 0.5686602247 0.4222720412 0.3321266095 0.2659155496 0.1759090619 0.1102367174 0.0968244507 0.1146316486 0.1516815230 0.0775589952 0.0583120522 0.1145600865 0.1307360079 0.1249042613 0.1142757384 0.1027408468 0.1192062900 0.1461775257 0.1053820248 0.1547199078 0.1495429220 0.1219105188 0.1319314077 0.1180812898 0.1233689270 0.1205515728 0.1073275274 0.2006446321 0.1323433301 0.1999852680 0.4025716936 0.5399406301 0.6631378490 0.7748773468 0.8761760473 0.8024807233 0.7024955390 0.5779869646 0.4634570407 0.3042190916 0.2666652297 0.2049001576 0.1072094133 0.1061738027 0.1533019802 0.0877084860 0.1357725748 0.1486790376 0.0986878272 0.1470479007 0.1361506234 0.1169793358 0.0680835271 0.1448751972 0.1341328302 0.1666543359 0.1274141458 0.1053486318 0.1213252883 0.0860706025 0.1573647001 0.0967870982 0.1398231791 0.1390714177 0.1203297218 0.2150662324 0.2946109390 0.3524616176 0.5424995087 0.7340699864 0.8028356270 0.8477108907 0.8105350329 0.6937560610 0.5537868943 0.4124054833 0.3136935639 0.2089423340 0.2274438291 0.1287593209 0.1200090824 0.1431157081 0.1729203467 0.1591466366 0.1421894167 0.1475368165 0.0835257075 0.1181009188 0.1291112407 0.1487373415 0.1337977689 0.1462600512 0.1598635769 0.1050238878 0.1345441288 0.1550905042 0.0983127991 0.1229235883 0.1279299424 0.0912862762 0.1899304507 0.1245841618 0.2418831892 0.3248584174 0.4586809154 0.6072470413 0.7184272753 0.7767646129 0.8554629785 0.8182486578 0.6945991504 0.5833349486 0.3838813674 0.2856764688 0.2069077763 0.1349102647 0.1870166411 0.1755046543 0.1222148511 0.1065641789 0.1746701954 0.1168804175 0.0954780373 0.0606507918 0.0929137704 0.1286489111 0.1085290868 0.1379547612 0.1723396394 0.1045850493 0.0971211797 0.1279740393 0.1331658592 0.1615712152 0.1801352889 0.1789510328
0.1403658896 0.1683248948 0.0765317374 0.1107011050 0.1123581036 0.1431901603 0.0860976131 0.1793106325 0.0901966259 0.0980274182 0.1421959950 0.1800359611 0.3077710233 0.4257249089 0.6080698113 0.7452286903 0.8525326920 0.8370127756 0.7111744860 0.5790433145 0.4310567145 0.3260543192 0.2352615580 0.1883911248 0.1229644449 0.1603198502 0.1143118954 0.1203312600 0.0689337944 0.1002061861 0.0985181991 0.1429010783 0.1267764371 0.1147901332 0.1349437832 0.1143396282 0.0712646258 0.1320316179 0.1077515213 0.1188950997 0.1293992099 0.0949292406 0.1523152133 0.0587847367 0.1243248399 0.1377824938 0.1549895868 0.1862864410 0.2530596784 0.3611714923 0.4445684983 0.6717078826 0.7331130772 0.8224483721 0.7963525056 0.7252425290 0.5585358103 0.4219401580 0.2705356155 0.1991154391 0.1299609980 0.1249182272 0.1425896210 0.0999272228 0.0912588895 0.1381500529 0.1366843495 0.1566874104 0.1407334538 0.1249536946 0.1077118222 0.1397879018 0.0841193474 0.1519847885 0.0756472941 0.0896146678 0.1148354128 0.1766400743 0.1432575223 0.1901111886 0.1746713687 0.1341265345 0.1138786891 0.1116723267 0.1909298096 0.2740407930 0.3463798507 0.5066992837 0.6990508028 0.7736440653 0.9083035506 0.8343378709 0.6808229786 0.5916930429 0.3947244316 0.2914912238 0.2173311859 0.1750199106 0.1078287829 0.1048942487 0.1104710198 0.1439903587 0.1424868879 0.1535573671 0.1415241771 0.0827586697 0.1017213159 0.1540547815 0.1129448171 0.1043510893 0.1666948094 0.1784765467 0.1085864822 0.1291361364 0.0854389085 0.1057169660 0.1062042969 0.0859543220 0.1257600897 0.1443332493 0.1307125839 0.1470752375 0.2934668924 0.3899279035 0.5548285361 0.6615799406 0.8063803827 0.8233958141 0.8245792547 0.7134053483 0.5182116277 0.3957288046 0.2268301358 0.1463757989 0.1718550959 0.1398985815 0.2116948804 0.1458054687 0.1392514388 0.1243113815 0.1523310641 0.0842633941 0.1527195904 0.1327289429 0.0910566475 0.0784025471 0.1721882738 0.2029985302 0.1370427800 0.1349008116 0.0974922569 0.1168507842 0.1381320453 0.1192612120 0.1067434148 0.1351459740 0.1514967030 0.2069132225 0.2304576396 0.2777763431 0.4051459673 0.6002001973 0.7168222093 0.7907058660 0.9005989475 0.7931952123 0.6609962562 0.4782892294 0.3314839617 0.2667279433 0.1963746832 0.1815462705 0.1110265276 0.1745849171 0.1418652140 0.1545566897 0.1693324675 0.1355900079 0.1838671744 0.1495607450 0.1806856182 0.1766484909 0.1208546637 0.1303459831 0.1602129105 0.1579957069 0.1180243416 0.0842761843 0.1482490609 0.1808360460 0.1566238771 0.1598670449
0.1382952627 0.2090775269 0.1346132756 0.1088287435 0.0823029646 0.1049328650 0.1058337520 0.0537922692 0.0613729433 0.1423374709 0.2110284752 0.2145944722 0.2849509265 0.4649206125 0.5993046549 0.7172826092 0.8696618265 0.7982643522 0.7266262712 0.6199102057 0.4483932720 0.3110959904 0.2552386267 0.1582482845 0.1595838151 0.1122208131 0.0777864343 0.1551695525 0.0945989092 0.1293896916 0.1261888502 0.1762139245 0.1566939883 0.1191925939 0.1507578955 0.1164677985 0.1002699991 0.1382861712 0.1364716692 0.1095116847 0.1672339377 0.1382358975 0.1526789977 0.1395333762 0.1224336583 0.1282792703 0.0945271096 0.1168068443 0.2108088558 0.3444458718 0.4466822129 0.6785463474 0.7278710099 0.8608066418 0.8329066918 0.6774353248 0.5826156694 0.3963185482 0.2542058197 0.2188540623 0.1580328864 0.1434292154 0.1635016482 0.0806523062 0.1165929452 0.1143525733 0.1143272431 0.1862834817 0.1598668440 0.1320928028 0.0913893669 0.1292902065 0.1715482356 0.1399188221 0.1411570069 0.1097426387 0.1434341501 0.0872650277 0.1579002874 0.0933446416 0.0970420157 0.0818349902 0.0957945051 0.1311395600 0.2015289034 0.2660288200 0.3678589296 0.4984981810 0.6870611873 0.7878328917 0.8809764766 0.8082128919 0.7075508323 0.5016205530 0.4184142716 0.3008827787 0.1905870016 0.1828716229 0.1902378647 0.1571592075 0.1031056772 0.0949560935 0.1139554823 0.1055799677 0.1340091045 0.1378088008 0.1637970533 0.1256750188 0.1272944738 0.1371402831 0.1479234642 0.1195726935 0.1327699368 0.1048358019 0.1071937152 0.0997861111 0.1407930529 0.1359907317 0.1516999263 0.2003881689 0.1449320267 0.2123025840 0.2322216683 0.4012331578 0.5386642183 0.7138329591 0.7906933780 0.8337732179 0.7941562594 0.6750139831 0.5050716296 0.4093623540 0.3070041165 0.2427491684 0.2263421333 0.1520597213 0.1366142247 0.1597054552 0.2212895499 0.1385362463 0.0854150079 0.1796465484 0.1556810077 0.1107088208 0.1659188704 0.1247163538 0.1033707504 0.1068082409 0.1095482996 0.1218394252 0.1536035905 0.1499982431 0.1570736021 0.1552484438 0.1426944314 0.1657516613 0.1172391324 0.1582573334 0.2399055687 0.2856705987 0.5311158417 0.6225294436 0.7242109563 0.8012401080 0.8594982106 0.8119412363 0.6930446847 0.5539120724 0.3659424308 0.2694398085 0.2504249889 0.1300023496 0.1423520946 0.1537825528 0.1431374589 0.1455270239 0.1106755943 0.1631738513 0.1346967678 0.1281557774 0.1449791968 0.1351677791 0.0843101302 0.2006380624 0.1635833149 0.1208480524 0.1702057463 0.1475758207 0.1493018638 0.1336816818 0.1521027337 0.1149489480
0.1382410323 0.1035436086 0.0745887555 0.1513378661 0.0882397649 0.1363330833 0.0396221545 0.0958047859 0.1410578517 0.1726385843 0.2148302536 0.1936615313 0.3211501325 0.5007267604 0.5732447733 0.7530210721 0.8349073898 0.7929007233 0.7540322336 0.6062583034 0.4387575539 0.3140862821 0.2428844549 0.1863881726 0.1489191067 0.1293843468 0.1041648475 0.1456405656 0.0983829912 0.0641703295 0.0811312880 0.0790862831 0.1279669431 0.1186683552 0.0833945366 0.1438736795 0.1459190831 0.1370155755 0.0716624503 0.1464006533 0.1212652486 0.1002328842 0.1422249789 0.1047848907 0.1376378003 0.1679909813 0.1762642509 0.2080793252 0.2698279097 0.3052110232 0.4472588038 0.6030371075 0.7834303756 0.8103526444 0.8335382492 0.7281165220 0.5345384612 0.4487484284 0.2766914911 0.2145689591 0.1773911338 0.1195611803 0.1198693275 0.1053377604 0.1030894279 0.1774532206 0.1110973053 0.1271038212 0.1112754851 0.1206530807 0.1158133516 0.1279197214 0.0976195051 0.1391351463 0.1667336904 0.1155136678 0.1310588377 0.0843043866 0.1255036555 0.1398593208 0.1364926005 0.1172573524 0.1764593406 0.1768077070 0.2112998343 0.2500435492 0.3639124850 0.5064434224 0.6830651016 0.7891786154 0.8124273972 0.8298893174 0.7309551493 0.5791092921 0.4074785155 0.3001791152 0.2132026159 0.2018632271 0.1508708122 0.1467496981 0.1243540038 0.1171923955 0.1357713856 0.1472072045 0.1048087754 0.1153438768 0.1229193568 0.0954131586 0.1009012452 0.1406292072 0.1165700355 0.0985783016 0.1275952741 0.1542513072 0.1488513293 0.1225006158 0.1057155337 0.1793126783 0.1580786465 0.1748395561 0.2096217175 0.1983191488 0.2581400316 0.4571556081 0.5249274609 0.7069292218 0.8370414512 0.8946720663 0.8722633893 0.7115938565 0.6022173260 0.4404265048 0.2765794922 0.1972563534 0.1944923822 0.1396079530 0.1354046788 0.1837716546 0.1208873077 0.1350750051 0.1097590255 0.1164994306 0.1292342483 0.1585318679 0.1451877699 0.1442748832 0.1751848960 0.1558682883 0.1543923251 0.1019276512 0.1614283339 0.1768974952 0.1247536056 0.1581568617 0.0725818136 0.1066953340 0.1593322411 0.1717386295 0.2042578144 0.2886701587 0.3872853390 0.5819755737 0.7065826430 0.8472569252 0.8486370350 0.7815137356 0.7240087427 0.5371853504 0.4171034787 0.3363957061 0.2198752819 0.1925990084 0.1686311505 0.1658607640 0.1383766665 0.1590537614 0.1351680512 0.1135778901 0.1896199059 0.1618584854 0.1220394795 0.1351418289 0.1576443706 0.1702833351 0.1151348768 0.1544667926 0.1176519475 0.1316132784 0.1579488746 0.1581731677 0.1625917943 0.1645367024
0.1419724128 0.1172346938 0.1020025822 0.1090538101 0.0951411829 0.1450384985 0.1486131890 0.1134574446 0.1055976096 0.1004910661 0.1505896527 0.2243176109 0.3352320914 0.4349325917 0.6229318980 0.7293164668 0.8076642924 0.8286328275 0.7665413266 0.6138301476 0.4811172774 0.3341188800 0.2572264066 0.1753904961 0.2026111079 0.1478407139 0.1455554971 0.1300361867 0.2078377088 0.1384696821 0.1299840979 0.1498439509 0.1139258480 0.1343212667 0.1126801111 0.1233472049 0.1651191605 0.1644678890 0.1287387856 0.0970242524 0.1036073982 0.1153883146 0.1119186023 0.1411905780 0.1106720811 0.1422487775 0.1290338914 0.1891267267 0.2292915783 0.3258618876 0.4651947234 0.5946252087 0.7055197280 0.8708224906 0.8672983638 0.7356280659 0.6227246185 0.4534392909 0.3396632638 0.2302838743 0.1629465986 0.1622839552 0.1480908522 0.1235376674 0.1231204818 0.1131112045 0.1332439313 0.0685109109 0.1786478485 0.1776882645 0.1070141103 0.1539985414 0.1635628565 0.1077713816 0.1591366671 0.0773722089 0.1252574011 0.1413932405 0.1482734467 0.1397993211 0.1375322591 0.1682977576 0.1674820478 0.1590048723 0.1701642177 0.2589625808 0.3400554606 0.5099205895 0.6417937571 0.7985399635 0.8442382226 0.8263230210 0.7495456055 0.5671525740 0.4416910715 0.3891336244 0.2543212651 0.1390113954 0.1765352625 0.1391911147 0.1235671934 0.1571852147 0.1320158767 0.1211715266 0.1239718695 0.0956268156 0.1624007363 0.1280643749 0.1265355728 0.1353666339 0.0985305528 0.1100775558 0.1082811875 0.1738887028 0.1605077252 0.1863417571 0.1405737818 0.1386727056 0.0892197057 0.1278279047 0.1494834137 0.1792392226 0.2018433475 0.3788211529 0.5855197937 0.6707691673 0.7877909016 0.7980970012 0.8331735072 0.6872822440 0.5409761638 0.4319799460 0.2716800296 0.1755124877 0.1564503304 0.1073064549 0.1329832319 0.1343949856 0.1547795533 0.1199762777 0.1356942964 0.1097618573 0.1481129987 0.0831109350 0.1749172972 0.1514951956 0.1536489849 0.1449537421 0.1206852739 0.1596085787 0.1493950354 0.1130564247 0.1289658178 0.1637776964 0.1238006543 0.1667674446 0.1260608537 0.1596248118 0.2054561624 0.2929060666 0.4038512081 0.5522112488 0.7893136522 0.8233634265 0.8882986887 0.7745257970 0.6933961262 0.5596065272 0.4020084614 0.2848606034 0.1878817995 0.2127034664 0.1218785315 0.1041106342 0.1224053306 0.1635476900 0.1875479686 0.1269713228 0.1753196746 0.1632917716 0.1297782546 0.1460564420 0.1303002788 0.1332274597 0.1417212807 0.1308670191 0.1783220421 0.1338293339 0.1275734667 0.1154888616 0.1068050607 0.1812735901
0.1552690529 0.1219428353 0.0864322027 0.1570052679 0.0954338440 0.1100805536 0.1163405141 0.1625240203 0.1681658006 0.1614445724 0.1775387732 0.2560133078 0.3139167996 0.4799415193 0.5838663692 0.6963428500 0.8146010638 0.8632342526 0.7299778107 0.6216271984 0.4942531991 0.3548945580 0.2485578530 0.2311627673 0.1907325569 0.1618136551 0.1661439570 0.1611190880 0.1197135031 0.1776763863 0.0519566436 0.1268093001 0.1229869281 0.1306692658 0.1347520795 0.1792650644 0.1456670747 0.1487662373 0.1294979433 0.1154179208 0.1402367046 0.1225598573 0.1580376823 0.1394775277 0.1396381278 0.1410293717 0.1453239919 0.2107578415 0.2624753867 0.3701606892 0.4442379434 0.6129265979 0.7471989810 0.7970987635 0.8146290027 0.7149901328 0.6302826329 0.4757685854 0.3113729296 0.2172374557 0.1847151053 0.1831547718 0.1423574978 0.1230713196 0.1146288730 0.1453494659 0.1479316888 0.0978227670 0.1743938700 0.1566790670 0.1783840275 0.1415354835 0.1560612249 0.1059843533 0.1867509854 0.1965894393 0.1376789013 0.1087038796 0.1227434534 0.1161530655 0.1589112558 0.1135640161 0.1278307969 0.1654980129 0.1880468544 0.2415403070 0.3610971746 0.4972603727 0.6530440661 0.7829922033 0.8708513935 0.8104053809 0.7174847638 0.5762975085 0.5232994391 0.2970469747 0.2446323062 0.1739902574 0.1400539038 0.1710916862 0.1501122892 0.1152143695 0.1039868832 0.1259239541 0.1765461256 0.1486757655 0.1537003641 0.0966485679 0.1777246568 0.1789784983 0.1193649968 0.1688669040 0.1424834675 0.1213216610 0.1682922669 0.1770221630 0.1428415977 0.1131390324 0.1337267093 0.1272236142 0.1839046157 0.2414563407 0.2777345320 0.3700686913 0.5370465956 0.6688238700 0.8153513044 0.8715746403 0.8686110163 0.6850538579 0.5936662949 0.4088988848 0.3079499256 0.2649900045 0.1306612690 0.1839740145 0.1785438780 0.1196147579 0.1409095053 0.1042813929 0.0962369230 0.1139948996 0.1534654633 0.1334289140 0.1562307599 0.1630531687 0.1743611653 0.1553308551 0.1692164634 0.1133370333 0.1355791305 0.1473673771 0.1745227964 0.1414462686 0.1588268976 0.1853113302 0.1694835317 0.2078356493 0.1938860404 0.2923291463 0.4101474296 0.5857569335 0.7566865990 0.8196179597 0.8806200697 0.8347541760 0.7307554405 0.5589250402 0.4133525529 0.2901811410 0.2455831346 0.1982801155 0.0993598565 0.1440096033 0.1580225417 0.1801981849 0.1410959158 0.1361006636 0.1150466001 0.1334214937 0.2150306503 0.1868160365 0.1609894891 0.1483711573 0.1415657231 0.2019552673 0.1763861057 0.1566528757 0.1518700077 0.1531619098 0.1275137384 0.1324695897
0.1907154780 0.0772646691 0.1985217707 0.1349942939 0.1918812059 0.0927780141 0.1502242461 0.1357783183 0.1469815103 0.1367209072 0.1555111216 0.2355646163 0.2949852915 0.4497985682 0.6008491615 0.7817797253 0.8058161944 0.8580669768 0.7382970195 0.6633055084 0.5136275871 0.3293143216 0.2602229028 0.1927086951 0.1183569609 0.1174351422 0.1803830209 0.1382738993 0.1436504232 0.1806933814 0.1135685930 0.1643041915 0.1574670171 0.1863115605 0.1735416660 0.1508117517 0.1202173690 0.1537979648 0.1638649421 0.1886231232 0.1984433038 0.2010846044 0.1498573474 0.1513795767 0.1460964837 0.1786209264 0.1588332456 0.1832151412 0.2059067772 0.3624820959 0.4031376785 0.6350000403 0.7790818062 0.8778394984 0.8243032695 0.7520946913 0.5996773517 0.4817683434 0.3199889305 0.2447414390 0.2146978124 0.1471011835 0.0998296912 0.1790719183 0.1492938050 0.1913039279 0.1688650796 0.1322248640 0.1572033019 0.1352768874 0.2116122744 0.1377101540 0.1312919813 0.1616290566 0.1477536403 0.1577612975 0.1676167821 0.1571299619 0.1082333404 0.1288655357 0.1469126075 0.1618977678 0.1439172046 0.1572102491 0.2356079964 0.2704610724 0.3426813583 0.4972402319 0.6415955666 0.8138047404 0.8607080024 0.8550343785 0.7419100312 0.5900870408 0.4649434883 0.3747289458 0.2362999619 0.2244100870 0.1926979005 0.1855482394 0.1677438790 0.1369576394 0.1403885355 0.1223542335 0.1735848768 0.2240649246 0.1337347141 0.1638333176 0.1611663075 0.1660256820 0.1829935757 0.1459610289 0.1796324620 0.1611315763 0.1447271876 0.1793442035 0.1231803470 0.1687595101 0.1913179558 0.1557674126 0.2338672417 0.2350107962 0.3081582668 0.4419966645 0.5227262634 0.6790046117 0.8128412417 0.8459302887 0.8676359354 0.7424582022 0.5886905698 0.3672908482 0.3725727039 0.2099446414 0.1555922149 0.1916071105 0.1481838842 0.1581445287 0.1667788064 0.1519906171 0.1153148106 0.1068928259 0.1470182667 0.1791717411 0.1441001777 0.1401532239 0.1564522354 0.1894428388 0.1451075544 0.1520541454 0.1351998215 0.1634516921 0.1593349983 0.1778500795 0.1286688039 0.1090589729 0.1617747214 0.2123305579 0.2405571884 0.2853662958 0.4521127284 0.5800048995 0.7326678712 0.8023260407 0.8480046630 0.8133593668 0.7126257028 0.5679125049 0.4092879086 0.3418421149 0.2665529235 0.1267617735 0.1783950605 0.1795206159 0.1637959472 0.1357577194 0.1554226974 0.2165349971 0.1901816776 0.1484569507 0.0942130868 0.1430459666 0.1478087740 0.1137772005 0.1511443085 0.1615692784 0.1603634835 0.1540585104 0.1348641036 0.1435367846 0.1466176690 0.2090663007
0.1699388002 0.1567720220 0.0993887962 0.1743350417 0.1550809227 0.1449654182 0.1627736349 0.1419566655 0.1648141929 0.2312189703 0.1665258529 0.2285642962 0.3284906153 0.4329564259 0.5897428860 0.7676059787 0.7989300887 0.8475063540 0.8019946836 0.6555064543 0.5280840658 0.3836013957 0.3199235580 0.1791137130 0.1930806189 0.2064277631 0.1058627098 0.1518131892 0.1827377809 0.1803474549 0.0998570684 0.1404925895 0.1035018667 0.1480769520 0.1216820444 0.1380729614 0.1565029743 0.1781176225 0.1363455061 0.1275659286 0.1191120403 0.1530030257 0.1231161991 0.1456515204 0.1573162376 0.1395363346 0.1917231761 0.2005464015 0.2751706597 0.3393706853 0.4872575412 0.6359709069 0.7436220365 0.8409036958 0.8693960139 0.7791086113 0.6844566016 0.5226138735 0.4160722374 0.2440278503 0.1650099998 0.1897187334 0.1619427167 0.2320580234 0.1178028576 0.1914799780 0.1619602859 0.1193592983 0.1245990673 0.1350820627 0.1965245067 0.1637683772 0.1854447862 0.1341195162 0.1112313242 0.1546722264 0.1507761043 0.1524784056 0.0854483372 0.1506287505 0.1618525354 0.1751635068 0.1827454105 0.1415462306 0.2032131091 0.2805220147 0.3825948845 0.5195940972 0.6447510059 0.7944110289 0.8443675208 0.8474685879 0.7586743751 0.6259244391 0.4715814782 0.3596384444 0.2876913844 0.1819027337 0.1914576834 0.0916961531 0.1732507172 0.2148431548 0.1107124175 0.1444680657 0.1342037054 0.1651542493 0.1588244069 0.1781080646 0.1202379379 0.1874817434 0.1608158104 0.1787863031 0.1445549105 0.1369569867 0.1259206317 0.1763122758 0.1315579230 0.1628307367 0.1793177643 0.1443346429 0.1837281897 0.2151575898 0.2954958149 0.3593916212 0.5495896865 0.6704014731 0.8057615059 0.8902248257 0.8147159049 0.7461451086 0.6843272499 0.4634175292 0.2956692953 0.2518085321 0.2182540099 0.1500756279 0.1329170787 0.1891015290 0.1198275058 0.1199932282 0.2127130284 0.1315461833 0.1522636678 0.1327099472 0.1779823852 0.1612447077 0.1492310472 0.1142948460 0.1238496255 0.1276597412 0.1082644191 0.1379009526 0.1893220125 0.1833428170 0.1552848690 0.1566248254 0.1620096731 0.2427867865 0.2423941570 0.2982810823 0.3778077658 0.5641462004 0.7540404916 0.8609889011 0.9164612209 0.8298235043 0.7173397663 0.6161405506 0.4459209776 0.3511001341 0.2453907619 0.2400683245 0.1388251790 0.1794762114 0.1788451073 0.1960222599 0.1622676439 0.1218648385 0.1967575488 0.1490877655 0.1497334487 0.1951831640 0.1659448288 0.1843060686 0.1450835746 0.1720102506 0.1667593325 0.1486959770 0.1733483331 0.2073173595 0.1724279909 0.1758495740
0.1315020794 0.1036254696 0.1560329183 0.0944250240 0.1616723401 0.1637415329 0.1072665130 0.1207633129 0.1126653855 0.1975697809 0.2099437940 0.2265888980 0.3031808310 0.4390399353 0.5344999347 0.7688881480 0.8332580799 0.8178167434 0.7674039511 0.6300228683 0.5655483301 0.4035922851 0.2999892590 0.2007205454 0.1812682787 0.1586540770 0.1550009712 0.1454119892 0.1872464764 0.1520556969 0.1250885893 0.1319899415 0.0827801374 0.1687770807 0.1902585137 0.1421808088 0.1601947510 0.1428075705 0.1987573665 0.1492078619 0.1566395717 0.1523693938 0.1831582610 0.0724315776 0.1225451292 0.1798079914 0.2209810582 0.1724722244 0.2543238776 0.3385444208 0.5216966978 0.5831480250 0.7458771549 0.8522784499 0.8492075806 0.7722403829 0.6908063532 0.5055395170 0.3145485699 0.2373376202 0.1778049159 0.1920940277 0.1528506997 0.1565675311 0.1068641537 0.1688871530 0.1196693559 0.1520221345 0.1424381709 0.1666561057 0.1405539749 0.1570166642 0.1910886998 0.1401163646 0.1938172453 0.1011852284 0.1847765987 0.1370663690 0.1702755727 0.1680878475 0.1526334817 0.1865962858 0.1302381625 0.1713525679 0.2067024247 0.2209560699 0.3534347700 0.5343222375 0.6574117704 0.8382211971 0.8659518758 0.8355925908 0.7635855906 0.6337168311 0.4752638972 0.3233896641 0.2502039301 0.1690370989 0.1762237393 0.1610863462 0.1126291099 0.1545057675 0.1720950385 0.1710818165 0.1870179318 0.1497690744 0.1785979989 0.1357257385 0.1632084552 0.1470530991 0.1258077055 0.1753873367 0.2029099514 0.1742047224 0.1537830638 0.1716137495 0.1570235789 0.1721933563 0.1666656486 0.1183799785 0.1835908059 0.2303942822 0.3021876373 0.3758947594 0.5485430189 0.6429856769 0.7950718289 0.8937118564 0.8279467793 0.7567058407 0.5712420934 0.4934055392 0.3329019253 0.2401469070 0.2368822733 0.2108841210 0.1300391274 0.1086166000 0.1438183301 0.1868156271 0.1346322417 0.1239613167 0.1943966104 0.1140763140 0.1313088622 0.1536772074 0.1340429868 0.1720925248 0.1869638654 0.1618757520 0.1693473471 0.1588370208 0.1337180065 0.1725139806 0.1784833517 0.1377407129 0.1567973244 0.2279259751 0.2392539561 0.3128374117 0.3883367211 0.5574162291 0.7378152406 0.8374508349 0.8917523954 0.9149311485 0.7239753243 0.6147354046 0.5121312348 0.3262564148 0.2615534581 0.1935700697 0.1866771689 0.1618467010 0.1727133869 0.1700624901 0.1466847445 0.1365828093 0.1798203357 0.1577412288 0.1589090098 0.1521886269 0.1791354443 0.1373552018 0.2015843344 0.1445856256 0.2030056473 0.1657845043 0.1572538198 0.1381840601 0.1055280761 0.1899817387
0.1549160425 0.1582314625 0.1581537890 0.1341626652 0.1661084293 0.1481935101 0.1833052562 0.1517540928 0.1590676746 0.1569061685 0.2058889614 0.2942643771 0.3020905388 0.4450515337 0.6192294660 0.7495365279 0.8297507313 0.8563435286 0.7836563633 0.6674401090 0.5086176946 0.4038780178 0.3396645277 0.2318539380 0.2350450702 0.1541320763 0.1102795103 0.1476454976 0.1666628972 0.1599174278 0.1396722887 0.1205988238 0.1064134476 0.1223270444 0.1995521610 0.1214544967 0.1734879290 0.1314978669 0.1444565204 0.1039670273 0.1813278236 0.2071249202 0.1449738534 0.1705855245 0.1947270563 0.1755097781 0.1945874847 0.1433032441 0.2463085421 0.2991572486 0.5194331644 0.5407586610 0.7393115560 0.8468230607 0.8682747012 0.7973094932 0.6177947287 0.4926921098 0.4415662511 0.2472557155 0.1906401327 0.1691706970 0.1309487707 0.1423861465 0.2319575602 0.1561436870 0.1870916406 0.1449036966 0.0992121270 0.1668691398 0.1346481479 0.1982410114 0.1660091616 0.1624759242 0.1919662560 0.1357093877 0.1645183173 0.1661102984 0.1389036867 0.1812249415 0.1353596426 0.1982393174 0.1729091722 0.1751813053 0.2297765687 0.2649895510 0.3118851187 0.4698955210 0.6938743803 0.7744753819 0.8496599969 0.8859834634 0.8030419115 0.6787875537 0.5216655478 0.3611103985 0.2876848628 0.2420057866 0.1805371272 0.2302386437 0.1621331385 0.1590208171 0.1806899774 0.1671113225 0.1500393014 0.1832592546 0.1539824555 0.1196097387 0.1832858967 0.1553015257 0.1454295355 0.1666809110 0.1351275042 0.1834294261 0.2121598287 0.1380091976 0.0896294830 0.1541045164 0.2063573411 0.1911710375 0.2240666670 0.2737990760 0.2684101561 0.3711070788 0.5271212398 0.6615813462 0.8237670133 0.8801053566 0.9139759760 0.7261149694 0.5964666304 0.4524373285 0.3449360320 0.2637372736 0.2064991257 0.1657654969 0.1729437104 0.1975477308 0.1606091157 0.1498036862 0.1730833173 0.1886191979 0.1779667039 0.1440472266 0.1592804125 0.1888814623 0.1334581806 0.1879360254 0.1855715612 0.1946348380 0.1682341247 0.1227504974 0.1060320451 0.1896206799 0.1780732981 0.2305176907 0.1438744354 0.1977509614 0.1857212615 0.2735316995 0.4338623905 0.5685160177 0.6453334613 0.7991076468 0.8552449392 0.8652282064 0.7512555780 0.6610727561 0.4416081682 0.3794297457 0.2548626928 0.1618262464 0.2043991349 0.2008094965 0.1756392972 0.1785781967 0.1718787857 0.1776880657 0.1514264121 0.1683320124 0.2562923117 0.1760811228 0.1583116069 0.1833047386 0.1868200186 0.0928126101 0.2167786270 0.1659849620 0.1701686837 0.1658367263 0.1509809667 0.1511227889
0.1098025215 0.1992759021 0.1266135537 0.1849651054 0.1910830306 0.1409824518 0.1573575930 0.1104885607 0.1314576826 0.1678584016 0.1683491667 0.2508822743 0.3220132476 0.4348872707 0.5930611645 0.6756640770 0.8422578679 0.8539796718 0.8001190249 0.6345730076 0.5455971152 0.3773988164 0.2368726592 0.2357903596 0.2038940135 0.1458801107 0.1472838008 0.1220096642 0.1520070927 0.1257999268 0.1621653500 0.2080582688 0.1845625258 0.0786999529 0.1838610419 0.1521977994 0.1695331936 0.1709889653 0.1286434100 0.1135904647 0.1535194865 0.1309238267 0.1756027784 0.2142852494 0.1665779764 0.1639103093 0.1781162586 0.1617301021 0.2531349603 0.3058762149 0.4953537733 0.6566180882 0.7269782742 0.8649612432 0.8400365983 0.7843385748 0.6821766896 0.5024082076 0.3478762724 0.2386516901 0.2472055521 0.2175384885 0.1692793631 0.1922810249 0.1409384741 0.1216852233 0.1993410075 0.1465026429 0.1501712335 0.2020532759 0.1590358482 0.1628363568 0.1806586398 0.1143741823 0.1518137188 0.1521725141 0.1306443956 0.1746270186 0.1519790406 0.1168244136 0.1086831007 0.1388349189 0.2009655358 0.1720990005 0.1901658410 0.2761330252 0.3366662757 0.4776654042 0.6601697460 0.7801537557 0.8588240645 0.8954045156 0.8157465729 0.6241092481 0.5164130425 0.3489614121 0.2865703927 0.1687943799 0.1390302198 0.1758948656 0.2035724759 0.1608664320 0.2046236517 0.1884175157 0.1676216634 0.2052389633 0.1819272259 0.1921907472 0.1773211381 0.1854884472 0.1921380234 0.1423838318 0.1750151216 0.1481958074 0.1541391890 0.1463851041 0.1637480712 0.1938648181 0.1555631480 0.1768039844 0.1583152883 0.2132102423 0.3007683026 0.3819858960 0.5505038133 0.6584875547 0.8197145673 0.8421919408 0.9260950048 0.7709729135 0.5973951811 0.4692634246 0.3445166735 0.2366781770 0.2413384985 0.1968882655 0.1601026747 0.0917654358 0.1319866391 0.1539799003 0.1643617987 0.1424183763 0.1725609090 0.1893995647 0.0853852277 0.1407236299 0.1213623454 0.1636711433 0.1217676723 0.1975674394 0.1730440827 0.1751813041 0.1713356537 0.1946896760 0.1369125726 0.2002568569 0.1417837787 0.1957180938 0.2696059982 0.2785734892 0.4120553190 0.5211496609 0.7249448009 0.8100367408 0.8894076289 0.8316903751 0.7561708399 0.6206966424 0.4277911599 0.3075177845 0.2679356963 0.2126978816 0.2231581828 0.1529409732 0.1596277357 0.1664547862 0.2002414903 0.1882155440 0.1180873126 0.1388236215 0.1364573012 0.1771866556 0.1885693930 0.1655812758 0.1742094497 0.2306094334 0.1714681171 0.1693269184 0.1609116888 0.1733941553 0.1116315176 0.1296343607
0.1406976336 0.1643167549 0.1412778328 0.1219035335 0.1393570588 0.1092443298 0.1543239479 0.0601145936 0.1485730210 0.1486216023 0.1207051792 0.1803850872 0.2593766558 0.4478033134 0.5811743152 0.7431914975 0.8573316517 0.8508760366 0.8135532958 0.7123768718 0.4930881171 0.4117226925 0.3084732595 0.2106517366 0.2345160593 0.1662143915 0.1658495499 0.1475239200 0.1227472285 0.1615158866 0.1833323105 0.1284472789 0.1498089679 0.1712444144 0.1185425466 0.1997506747 0.1892051073 0.1814918369 0.1426845524 0.1324401026 0.1545674424 0.1487255811 0.1331455031 0.1863731193 0.1087945010 0.1324367284 0.1474818374 0.2103339087 0.2913557469 0.3361529588 0.4966024906 0.5928905416 0.7553226397 0.8610317844 0.8865348557 0.7335868488 0.6955931723 0.5165786002 0.4082986233 0.2894579192 0.1611713714 0.2212439455 0.1669117722 0.1652895858 0.1435739228 0.1403085819 0.0943362722 0.1290099799 0.0831540030 0.1295410946 0.1946340230 0.0972514074 0.1345256508 0.1766408150 0.1550544795 0.1541885608 0.1486206876 0.1824823511 0.1887332021 0.1861066938 0.1750206632 0.1841137898 0.1440340700 0.1752207987 0.2012541020 0.2454858072 0.3456669926 0.4240242172 0.6405178829 0.7526056844 0.8678987861 0.8531783328 0.7662052390 0.7073818684 0.4920686303 0.3405376670 0.2803888639 0.2414109281 0.1826727322 0.1507131389 0.1474666021 0.1797744748 0.1640704407 0.0951374538 0.1439932701 0.1563369373 0.1317454353 0.2003995406 0.1906813883 0.1485975361 0.1453392745 0.1110107586 0.1578831153 0.1439347005 0.1811844831 0.1355117186 0.1513170812 0.2032959859 0.1315924730 0.1618243945 0.1600762777 0.2105759137 0.2705236250 0.4101372101 0.5084993656 0.6490295046 0.7963017518 0.8475580118 0.8681167213 0.7509407226 0.6398650006 0.4286549029 0.3047402285 0.2647482255 0.2303985047 0.1970656650 0.2056613443 0.1876533474 0.1932984423 0.1566903038 0.1605412354 0.1303381318 0.1873382030 0.1454921361 0.1490905727 0.1284252729 0.1791871436 0.1503225496 0.1407936533 0.1408268781 0.1717623600 0.1359420932 0.1468588875 0.1801982986 0.1762752100 0.1861762151 0.1287686837 0.1420364888 0.2534366030 0.3128241381 0.4054571342 0.4949362691 0.6574439093 0.8027563195 0.9284478787 0.8043100761 0.7420738913 0.6264305259 0.5157238576 0.3468255510 0.2661745059 0.2310075826 0.1925687838 0.2117617342 0.1514901229 0.1517651861 0.2004411726 0.1839357048 0.1369808157 0.1538729342 0.1334758453 0.1885840643 0.1447390593 0.1754320208 0.1462663000 0.1683374726 0.1658776518 0.1543646096 0.1771947727 0.1425053688 0.1832654602 0.1245233469
0.1638857269 0.1559040882 0.1707247952 0.1380134318 0.1566628848 0.1650980642 0.1343180349 0.1080807055 0.0931191662 0.1248385112 0.1629147603 0.2091635091 0.2739370419 0.4609429123 0.5143571820 0.7250301652 0.8331834397 0.8480990845 0.7844867680 0.7272509460 0.5235289463 0.3662776996 0.2670210316 0.2461211647 0.1645808509 0.1470913063 0.1193982939 0.1385494423 0.1332684393 0.0888099333 0.1892396884 0.1117960643 0.1599794410 0.1455500630 0.1485468981 0.1672951748 0.1137252162 0.1408795752 0.1417876486 0.1385599289 0.1859688788 0.1301570504 0.1826794688 0.0912784818 0.1665224221 0.1631816746 0.1474082845 0.2036720955 0.1897998512 0.3581774974 0.4740508568 0.5381780000 0.7447964310 0.8384174500 0.9054823612 0.7873876863 0.7081378737 0.5152567311 0.3170011116 0.2742899885 0.2395737115 0.1669987929 0.1110689464 0.1765899001 0.1162995358 0.1444159403 0.1883920018 0.0934548130 0.1336164807 0.1682940842 0.1242982127 0.1372092045 0.1231485155 0.1164114969 0.1587985616 0.1644472946 0.1389204938 0.1279095412 0.1554450230 0.1356970241 0.1149612307 0.0968666393 0.1745726155 0.1914847947 0.1988867695 0.2619682741 0.2963189925 0.3665058873 0.6276763749 0.7801228746 0.8118421207 0.8074630338 0.7748496605 0.6463403183 0.5373195211 0.3873853410 0.2949855254 0.2178895486 0.1772226699 0.1591187160 0.1766642440 0.1445526874 0.1648407342 0.1484094115 0.1871137354 0.1185896868 0.1464291025 0.1513869332 0.1287213628 0.1414030131 0.1619300915 0.1100458591 0.1232908115 0.1716660116 0.1560454335 0.1413394837 0.1698772401 0.1580081352 0.1483980035 0.1116227920 0.1753207146 0.2128030008 0.3185029618 0.3324419188 0.5222154434 0.5733601894 0.8036935821 0.8486948356 0.8479732108 0.7639155829 0.6477729062 0.4677649042 0.3607084430 0.2925300681 0.1800321024 0.1514319603 0.1859581086 0.1886624481 0.1811629886 0.1437435028 0.1529957498 0.1563201622 0.1422346507 0.1200912399 0.1797559643 0.1247087940 0.1503472834 0.1497973417 0.1515872420 0.1746401826 0.1488357368 0.1617497002 0.1336208684 0.1701757884 0.1992897396 0.1301295878 0.1929548821 0.2320691716 0.2291303418 0.2880944218 0.4157977987 0.5328964622 0.7311927459 0.8215299030 0.8480025041 0.9165316113 0.7475711208 0.6479664013 0.4344182313 0.3613587219 0.2392797879 0.2012872145 0.1642616877 0.1837959212 0.1752682303 0.1324209629 0.1654393333 0.1686364510 0.2030558831 0.1572394715 0.1633393865 0.0950701896 0.1362132699 0.1344856734 0.1640309224 0.1577364308 0.1918888265 0.1682406365 0.1657427896 0.1344401485 0.1729387492 0.1230694784
0.1266708991 0.0953430010 0.1557538193 0.1600147958 0.0979357803 0.1451542043 0.1564530528 0.0922637810 0.1430676724 0.1242459791 0.1661226824 0.1510437802 0.2851126933 0.4042777751 0.5685000091 0.7095220000 0.8081245809 0.9088359607 0.7884993366 0.6864865077 0.4836637401 0.4071554814 0.2906170616 0.2565032859 0.1719095700 0.1596324905 0.1580181897 0.0965681751 0.1324865165 0.1594554262 0.1362824867 0.1162763860 0.1131880938 0.1428059289 0.1462103252 0.1121161953 0.1169466121 0.1384859032 0.1471919723 0.0828237717 0.1339381986 0.0828206724 0.0970309390 0.1213469418 0.1128628205 0.0997816975 0.2035382278 0.2704238399 0.2050549213 0.2874920815 0.4374275807 0.5963109285 0.7209963808 0.8432282527 0.8405649634 0.7831797790 0.6561084501 0.5345346385 0.3986484844 0.2115140653 0.1710036197 0.1774202018 0.1643706403 0.1680347179 0.1366283317 0.1411145566 0.0958122243 0.1577141480 0.0756203672 0.1161977098 0.1078339771 0.1453069856 0.1261356611 0.1440432948 0.1376526815 0.1119853071 0.1380234815 0.1268165844 0.1447494310 0.2001366361 0.1638760357 0.1529843597 0.1698117370 0.1575717460 0.2015615512 0.2401797407 0.2945190067 0.4280762376 0.6074139729 0.7603142044 0.8280761527 0.8658491977 0.7844250719 0.6175143896 0.5168485940 0.3979110885 0.2427411437 0.1741888554 0.0996772331 0.1910712915 0.1580620919 0.0810855559 0.1816000566 0.1600428373 0.1396839538 0.1344089064 0.1188410091 0.1165284323 0.1687274201 0.1591649460 0.1762632946 0.1327855394 0.1028768622 0.1113560825 0.1688284592 0.1116621842 0.1433508749 0.1568476281 0.1639204435 0.1447436582 0.1338805060 0.1620535199 0.2487014704 0.2910500119 0.4801658159 0.6342104082 0.7297963537 0.8326651961 0.8681314827 0.7843429291 0.6218477536 0.4819665316 0.3273575897 0.2049305786 0.2011395772 0.1660073767 0.1540122736 0.1599471530 0.1427048360 0.1258821644 0.1328422198 0.1328365334 0.1364973172 0.1661546871 0.1586790665 0.1670755870 0.1187986148 0.1220855001 0.1568355109 0.1350471899 0.1221850462 0.1674966259 0.1551431650 0.1208572540 0.1526394725 0.1555657299 0.1554507883 0.1998797406 0.2236053860 0.3013630744 0.3338272454 0.5076095532 0.6696937496 0.8332641533 0.8542506682 0.8852376901 0.6862902966 0.5689952073 0.4839532042 0.3521624674 0.2459620910 0.1351772027 0.1401709916 0.1793467595 0.1713677290 0.1073799304 0.1633174427 0.1609447298 0.1042096012 0.1728392285 0.1521192461 0.1375117124 0.1595964368 0.1712419811 0.1678840516 0.1223650964 0.1937782228 0.1646317324 0.1590609512 0.1761540458 0.1691824868 0.1836002885
0.1364202428 0.1225152992 0.1206664769 0.1081068903 0.1444924575 0.1143714748 0.1283489203 0.1374361543 0.1350152984 0.1316512268 0.1822125685 0.2243520304 0.2627973047 0.3944915577 0.5143528692 0.6490111358 0.7659352252 0.9028129337 0.7893561436 0.6285044157 0.5546789499 0.3768554468 0.2980585492 0.1928063832 0.1148725707 0.1459974692 0.0690991184 0.1417114796 0.1392602964 0.1104065680 0.0900601818 0.1100790967 0.1547277427 0.1191208030 0.1056397965 0.1434294341 0.1089014944 0.1165110883 0.1689106238 0.1495497012 0.1430996653 0.1265232806 0.1590307226 0.1667601920 0.0834513880 0.1512250720 0.1345154398 0.1420972814 0.2238843876 0.3544746028 0.4294026944 0.5117789777 0.7157105380 0.8157749456 0.8416169045 0.7651534480 0.7385654646 0.5670520248 0.3989772358 0.2580391668 0.1315996179 0.1583629944 0.1695564107 0.1575293656 0.1407222520 0.1055286898 0.1023576761 0.1256646636 0.1673514218 0.1560268137 0.2174763707 0.0925973629 0.1445131143 0.1495379986 0.1553850862 0.1424547219 0.1157541031 0.1319022088 0.0743715708 0.1727646096 0.1114134111 0.1456674903 0.1388920463 0.1889239531 0.1646301646 0.2246861628 0.3285140491 0.3796949287 0.5918382296 0.7928483153 0.8105059560 0.8525534798 0.7440571705 0.6195600093 0.5202811461 0.3610788268 0.2638860913 0.2281520062 0.1440760995 0.1424697745 0.1176733868 0.1220565363 0.1386779792 0.1728366266 0.1268890269 0.1370238338 0.1660650885 0.1359643414 0.1291330022 0.1095981499 0.0663112283 0.1274640123 0.1040814349 0.1524669940 0.1677363888 0.1760972472 0.1124258776 0.1085926047 0.1513428268 0.1441570741 0.1650679798 0.1629893159 0.2142991632 0.3965875516 0.4745570321 0.5972156661 0.7482506862 0.8392093811 0.8360940528 0.8159881569 0.6228940817 0.4872336097 0.3781590586 0.2202841184 0.2008514920 0.1616046819 0.1390144690 0.1199823521 0.1166480694 0.0936500634 0.1368749660 0.1727127295 0.1455090833 0.1231770716 0.1817468486 0.1376955217 0.0927940853 0.1232418446 0.0891485437 0.1670265205 0.1340864526 0.1630866248 0.1448686308 0.1105507020 0.1031623830 0.2145431843 0.1489342824 0.1483146039 0.2055890006 0.2422729139 0.3513913587 0.5350075577 0.6754713896 0.8219195380 0.8778224918 0.8286848494 0.7491085378 0.6449980300 0.4180255443 0.3427474839 0.2699541275 0.1867541964 0.1281159990 0.1145311027 0.1155257526 0.1929248765 0.1170033762 0.1473966676 0.1608862606 0.1278720029 0.1366037971 0.1332160499 0.1703494170 0.1984735975 0.1655705578 0.1803886688 0.2237124138 0.1779917890 0.1554173246 0.1151597590 0.1720679059 0.1587356587
0.0845959181 0.1008444468 0.1263518082 0.1287481546 0.1126841067 0.0988003100 0.0796668885 0.0843177643 0.1552546175 0.1558573459 0.1399113165 0.1696557453 0.2711845990 0.3903414533 0.5012810916 0.6740781660 0.7783298532 0.8463105774 0.8006095642 0.6978959453 0.5582072179 0.4177420793 0.2955195030 0.2107065317 0.1579485574 0.1764662428 0.1879505834 0.1247455155 0.1218664250 0.0828069765 0.1030451638 0.1574151476 0.0800402546 0.1247248545 0.1871879125 0.1141704356 0.1494500232 0.1317265835 0.1368882391 0.1105842937 0.0723336028 0.0736559708 0.1476070641 0.1344059244 0.0851742313 0.1028191402 0.1365159999 0.1442225614 0.2340852575 0.3327773739 0.4029923878 0.5440572414 0.7431804246 0.8269271283 0.8230171544 0.8026824286 0.6558939370 0.4709656748 0.3754539890 0.2641510798 0.1951813400 0.1531242417 0.2075366328 0.0893785483 0.1019088362 0.1427028598 0.0522933160 0.1732376243 0.0992093751 0.1293121766 0.1397424140 0.1436803271 0.1138839288 0.1202149146 0.1545603037 0.1347296724 0.1148964774 0.1430096385 0.1414393376 0.1153828578 0.1004333557 0.1073731563 0.1648822313 0.1897728677 0.1655385925 0.2336344797 0.2998509975 0.4432827681 0.5906059933 0.7507590772 0.8616246545 0.8783129871 0.7932043223 0.6692098566 0.5168110554 0.3990132183 0.2634362932 0.2045455332 0.1640125883 0.0886767224 0.1704075304 0.1038145877 0.1465355677 0.0894746866 0.1465219164 0.1369829886 0.1252502266 0.1256218644 0.1605357399 0.1853505245 0.1299123281 0.1839448264 0.1788583061 0.1517039337 0.1236252671 0.1478891720 0.1030035164 0.1128221890 0.1282302356 0.1318319326 0.1282717314 0.1788871960 0.2273539075 0.3401331997 0.4805305523 0.6747117253 0.7387427356 0.8628703949 0.8455891311 0.8108030137 0.6288798018 0.5008835565 0.3759710719 0.2780738150 0.1964484137 0.1668666438 0.2293240665 0.1299886387 0.1253465376 0.0860951857 0.1504963211 0.0588142401 0.0934445203 0.1498795983 0.1395513760 0.1081038477 0.1587894626 0.1293066539 0.1100577108 0.1661147881 0.1376141726 0.1514882183 0.1432069506 0.1577230903 0.1537550695 0.1306492122 0.1774438646 0.1953058524 0.1440496935 0.2472201649 0.3192432634 0.4584898327 0.6298123855 0.7498256042 0.8921052126 0.8329670365 0.7284705268 0.6326146518 0.4309357086 0.3543302290 0.2463741493 0.1732574424 0.1936879503 0.1701565485 0.1221146605 0.1050643536 0.1689369791 0.0973760736 0.1290239993 0.1181137405 0.1070034952 0.1032511029 0.1334396622 0.1590605176 0.1659743008 0.2026003428 0.1637754292 0.1489269447 0.0803946612 0.1724476770 0.1146597988 0.1549536358
0.0794378787 0.1098922517 0.1624447383 0.1206956792 0.1045789565 0.1094702490 0.0883547713 0.1244417115 0.1283356643 0.1045483830 0.1607492718 0.1630137801 0.2917549191 0.3350485178 0.5205839380 0.6315175523 0.7464316861 0.8040480749 0.7241225681 0.6742335317 0.5263427129 0.3701182950 0.2508871095 0.2062949974 0.1119757936 0.1304226656 0.1125271362 0.1345857897 0.1153246844 0.1452174782 0.0937625603 0.1371355844 0.0694688840 0.1457584657 0.0986116429 0.0547699409 0.0934318437 0.1115484800 0.1551264378 0.1168310606 0.0811101656 0.0898638518 0.1287042210 0.1587315312 0.1186409106 0.1351106143 0.1572416681 0.1946669587 0.1798710451 0.2514313999 0.4201777321 0.6127431526 0.7572714408 0.7345347716 0.8806065440 0.7664283820 0.7194664924 0.5335698882 0.4381656892 0.2619268573 0.1758915680 0.1436019173 0.0880051361 0.1392963848 0.0520377190 0.1460892981 0.1272124979 0.1449860676 0.1299685930 0.1458917522 0.1048360395 0.1377880457 0.0635357513 0.1381358496 0.1366770412 0.0977278123 0.1291284787 0.1157731685 0.1225425395 0.1190068267 0.1304367914 0.1622921387 0.1244805548 0.1370215064 0.1244320778 0.2531042440 0.2724783337 0.4292497644 0.5334996936 0.7054653737 0.8299362433 0.8402429524 0.7680841658 0.6397051865 0.5157708260 0.3364904736 0.2097375531 0.1674105263 0.1555856466 0.1579191463 0.1162664648 0.1383894976 0.1574233909 0.1170838879 0.0627886185 0.1439518662 0.1605477051 0.1508016707 0.1289022031 0.1733232893 0.0757807185 0.1226683767 0.1054605951 0.1439393298 0.1620480803 0.1455529849 0.1298709238 0.1375874805 0.1581139417 0.1332463486 0.1426644886 0.2040700872 0.2279943995 0.3516812060 0.4885552304 0.6044978627 0.7691416759 0.8362268401 0.8384166862 0.7277963677 0.6510863400 0.4788920297 0.3265606478 0.2628382843 0.1901558684 0.1682265866 0.1284432466 0.1328076202 0.1430858386 0.1574319016 0.1361023767 0.1993539486 0.0748864435 0.1206357358 0.1748834509 0.0966991337 0.1288198980 0.1291619107 0.1351449319 0.1325492268 0.1018978279 0.1213160263 0.1473827461 0.1291232577 0.1216538485 0.1053719727 0.1338675239 0.0939809733 0.1952723249 0.2664561474 0.3578473891 0.4670758624 0.6382461792 0.6829764090 0.8109703235 0.8323873809 0.7821937451 0.6252059504 0.4722798706 0.3571987127 0.2552190662 0.1700566979 0.2225875681 0.1440101190 0.1605954767 0.1344014525 0.1932875544 0.1215179902 0.1373373362 0.1221699586 0.1377102958 0.1335265156 0.1132879294 0.1542775436 0.0767189147 0.1317715954 0.1126866131 0.1366352357 0.2117395482 0.1009295119 0.1245547555 0.1479978282
0.1016831619 0.1513560611 0.1036758236 0.1046452308 0.0775025614 0.1176339071 0.1026017598 0.1337115896 0.1200900975 0.1412206926 0.1206753236 0.1209798223 0.2706448236 0.3765072707 0.4939079354 0.6261489876 0.7276268158 0.8309794984 0.7975756041 0.6843086730 0.5235246391 0.4121475056 0.2259297600 0.2202422339 0.1785858181 0.1199161774 0.1307254715 0.1370379671 0.1425666064 0.1331402014 0.1337279632 0.1208942864 0.0914796011 0.1165438607 0.0825486411 0.1785871227 0.1201507120 0.1415283761 0.1242263069 0.1125696417 0.1061547136 0.0366154105 0.1177221701 0.1015297999 0.1148241254 0.1295988292 0.1441072664 0.1632917296 0.1905189397 0.2277271237 0.3140721099 0.5050494125 0.7015933209 0.7623807691 0.8174025524 0.8037596359 0.6844858522 0.4913075196 0.3852825231 0.2379116236 0.1598010937 0.1518737221 0.1184729195 0.1149808098 0.1190697052 0.1138282570 0.1522046208 0.0901384603 0.1306894472 0.1521230781 0.1767086613 0.0780784987 0.0920907740 0.1639314104 0.0596613636 0.1357296570 0.1454609709 0.1060312945 0.0886582053 0.1288574042 0.1462170035 0.1232179505 0.1118439449 0.1513848049 0.1859144899 0.1972727097 0.2955510231 0.4101681527 0.5190601378 0.7038614018 0.8160611045 0.8594692699 0.8099740964 0.6385309002 0.5498823815 0.3064352697 0.2709706321 0.1883408145 0.1528070020 0.1801336026 0.0977612945 0.0391645099 0.1232646747 0.1297509088 0.1078999725 0.1303218576 0.1435023002 0.0948153699 0.1127408134 0.0846034166 0.1196861546 0.1148064206 0.1426642772 0.0989251553 0.0874854924 0.1139833076 0.0905113750 0.1111648298 0.1392743383 0.1552161724 0.1234420733 0.1802935728 0.2194539923 0.3190609390 0.4266436566 0.6100260279 0.7068717321 0.8237905927 0.8761616539 0.7561118575 0.6403433687 0.5392573940 0.3181691959 0.2587585134 0.1624442517 0.1660638155 0.1159864344 0.1603430275 0.1310464858 0.1188257704 0.1352951761 0.1373875414 0.1454791308 0.1312866918 0.1508412296 0.1503479712 0.0796202850 0.1565671154 0.1031301087 0.1557687783 0.0943081677 0.1794687477 0.1539280058 0.0794111478 0.0612257856 0.1468788320 0.0869400300 0.1636700181 0.1524535490 0.2457023320 0.3063452940 0.4662545844 0.6213513170 0.7888423758 0.8708020001 0.8234420661 0.7170149233 0.6336744925 0.4432265034 0.3781405962 0.2430515314 0.1999061817 0.1720168819 0.1378686945 0.2286678944 0.1568125725 0.1262182237 0.1469437020 0.0887085500 0.1021067779 0.1436969928 0.1206467438 0.1315350618 0.1231444142 0.1321179307 0.1269838054 0.1682524179 0.1258954966 0.1696308307 0.0905511482 0.1674801366 0.1088838022
0.0737498784 0.0753129762 0.1023004906 0.1069893768 0.1161884967 0.0724905666 0.0767138115 0.0961350805 0.0990156303 0.1301021379 0.1513387483 0.1704624967 0.3046101852 0.3570004483 0.5026448901 0.6443489609 0.7332804494 0.8674095125 0.7740920092 0.6996243973 0.5449943899 0.3744563966 0.2617082980 0.1796367926 0.1319073952 0.1472151083 0.1112614906 0.1471974553 0.1053636449 0.1155151051 0.0530575559 0.1441955524 0.1156402173 0.1183135015 0.0866338481 0.1718796248 0.1084757442 0.1290561761 0.1097624247 0.0874372288 0.1327885826 0.1431213923 0.0648646272 0.1290813640 0.1310926068 0.1395376582 0.1213845351 0.1550996744 0.2079742348 0.3283471064 0.3823536848 0.4797668794 0.6642341284 0.7909011114 0.8236848009 0.8146548859 0.7353824770 0.5236592282 0.4248882341 0.2706666526 0.2155450950 0.1536191035 0.1276130038 0.1472776390 0.1163509136 0.1476569364 0.0981607715 0.1252540311 0.1181663088 0.1296800871 0.1048684984 0.1385994607 0.1101072221 0.0982205591 0.1216825148 0.0917746008 0.1250918863 0.0761237219 0.1460508030 0.1866314550 0.1561519916 0.1329195453 0.1251187017 0.1041705141 0.1436407765 0.2275462981 0.2964343701 0.3910203581 0.6031496827 0.7147858413 0.8319362771 0.8442930189 0.7852754426 0.6869361890 0.5141657015 0.3584080250 0.2783702831 0.1725123731 0.1617682613 0.1183962497 0.0996406117 0.1434149932 0.1001568777 0.0997105545 0.1085683062 0.1993006787 0.0988983300 0.1518558839 0.1746343047 0.1045091306 0.1473397138 0.0917213832 0.1139045790 0.1684601495 0.1343754420 0.1762612509 0.1518575380 0.1818487016 0.1248657341 0.1455255318 0.1611683815 0.1534543892 0.2287867850 0.3055013306 0.4777239447 0.5876002966 0.7239774986 0.8505128911 0.8550113733 0.7865056621 0.6495905796 0.4722825121 0.3767518297 0.2439002433 0.1140795032 0.1483585174 0.1050643330 0.1344339533 0.1312875200 0.1100230645 0.1436943416 0.0988779993 0.1126157826 0.1586121707 0.1168092682 0.1436415440 0.1506262882 0.1341725832 0.1312234291 0.1165336385 0.1902200816 0.1416057554 0.1648402132 0.1730204230 0.1186223726 0.1635235445 0.1710168474 0.1321056044 0.1914278077 0.2392967399 0.3072504212 0.5086905555 0.6284795632 0.7585398261 0.8355478535 0.8438891227 0.7438448959 0.6230174654 0.4789481822 0.3305813086 0.2388990772 0.1664596064 0.1710703685 0.1624473110 0.1678321511 0.1067588495 0.1101559325 0.1100571177 0.1661255500 0.1590553270 0.1250495147 0.1435810631 0.1521999958 0.1432364060 0.1340951987 0.1167266924 0.1404484585 0.1168263839 0.1414397321 0.1333942585 0.1285088303 0.1568565158
0.1475108006 0.1089156602 0.0921871668 0.1010099108 0.0937599580 0.0640909671 0.1058345087 0.0738327237 0.1325424788 0.0841439929 0.1838694348 0.1473539889 0.2152294842 0.3395570796 0.4698964513 0.6753714885 0.7377892984 0.8023401680 0.8187182142 0.6685174064 0.5178443864 0.4269179299 0.2794458662 0.1839550571 0.1709650516 0.1451393218 0.1441611330 0.1073939661 0.1580954302 0.1301368032 0.1241225154 0.1015252547 0.0669346897 0.0920922106 0.1134323714 0.0545442102 0.1195948336 0.0663999416 0.0968791570 0.1299712838 0.1114050122 0.0995269863 0.0650001031 0.1178846197 0.1123939614 0.1315506620 0.1304169900 0.1258210551 0.2107824881 0.2275525106 0.4003463907 0.5275817009 0.6558723354 0.7544880690 0.8833408409 0.7957578008 0.6710270255 0.5766268112 0.3990643155 0.2497222756 0.2360729230 0.1722441349 0.1211038472 0.1840550454 0.1102685924 0.1494503190 0.1285540936 0.0621654329 0.0922350176 0.1337108815 0.0953645022 0.1427600528 0.1168384599 0.1269122152 0.1387240177 0.1468021705 0.1055502548 0.1497984872 0.0987628477 0.0772435668 0.1300627985 0.0810105667 0.1676536044 0.1554201445 0.1629143451 0.2094998610 0.2863039166 0.4633114440 0.5897980158 0.7030474788 0.7739030903 0.8491170714 0.7761283474 0.7000056049 0.5044643086 0.3633707224 0.2561170694 0.2368160140 0.1659090910 0.1614495924 0.1601399242 0.1598998136 0.1533868136 0.0955865562 0.1151059516 0.1047202592 0.0852858529 0.1429399264 0.1578347310 0.1103162675 0.0851567668 0.1160051186 0.1392249495 0.1165103826 0.1311845982 0.1368895942 0.1292963719 0.1343629631 0.0933322361 0.1173521942 0.1241824921 0.1791210841 0.2011778946 0.3025347039 0.4704485727 0.5873885323 0.7456247517 0.8546409610 0.8400968810 0.7945003550 0.6522881788 0.5338232170 0.3575594566 0.2523152450 0.1986012908 0.1552258536 0.1008450962 0.1695290639 0.1349909391 0.1342196034 0.1624014085 0.1387252337 0.0809345118 0.1501040964 0.1639996072 0.1588729348 0.1105678789 0.1520857365 0.1231797415 0.1505913927 0.1302764885 0.1178964492 0.1504788246 0.1110627257 0.1151791239 0.1060336773 0.1644930354 0.1495701563 0.1467210860 0.2197884272 0.3347122361 0.4353544187 0.5850286034 0.7470016126 0.8202367086 0.8198142579 0.7623946623 0.6354116071 0.5331135659 0.3483182558 0.2730716885 0.2239884819 0.1567732364 0.1118887301 0.1302101319 0.1068587223 0.1614136471 0.1479590517 0.1344897337 0.1661104920 0.1637934499 0.1407070781 0.1329418258 0.1786182897 0.1085247613 0.0992681633 0.1329138094 0.1700946212 0.1335541821 0.1387972378 0.1190860439 0.1207877300
0.0759753268 0.1136197165 0.1165780749 0.1186301702 0.1277069861 0.1131960941 0.1253452731 0.1371474130 0.0291044734 0.1433040391 0.1458409789 0.1603754995 0.2449502797 0.3637724459 0.5454259778 0.6273477545 0.8030803987 0.8663117655 0.8309912059 0.6953458979 0.5502072225 0.4503494728 0.2867441247 0.2220251428 0.1097690300 0.1365947034 0.0918550540 0.0883602807 0.1281934817 0.1156344523 0.0980954922 0.1678142640 0.1899003672 0.1206081308 0.0597871140 0.1315257176 0.1036867698 0.1488473220 0.1098069615 0.1281825497 0.1151149315 0.1135874741 0.1194898554 0.1799459034 0.0866561291 0.1209679144 0.1754708367 0.1414375278 0.2186971575 0.3063975381 0.3965035306 0.4811526553 0.6973970307 0.8187348778 0.8479700562 0.8434720876 0.6913758924 0.5790948808 0.3714486476 0.3207814421 0.1835994900 0.1913647485 0.1065780972 0.1264323480 0.1159641129 0.1254579289 0.1366687284 0.0863442380 0.1429236247 0.1035014008 0.1168541929 0.1135908535 0.1323589401 0.1421877474 0.1223451659 0.1417473044 0.1375248174 0.1262897883 0.1330390908 0.0873189376 0.1551332584 0.1245241786 0.1304081921 0.1619792622 0.1580470223 0.1818826166 0.2809261543 0.4298130002 0.5412080703 0.7003918125 0.8243701195 0.8081854138 0.7799041784 0.6536935601 0.4893774872 0.3387224504 0.3100671238 0.1729274770 0.1291675863 0.0964002282 0.1188913894 0.1705820423 0.1576662873 0.1440615035 0.1498507434 0.0847066609 0.1455016228 0.0879737323 0.1927390753 0.1036713149 0.1618271541 0.0908390918 0.1367654714 0.1126362340 0.0832052917 0.1518839975 0.0984494519 0.1287928516 0.1324947670 0.1189521869 0.1384667861 0.2081192434 0.1792802900 0.3268567224 0.4045738754 0.5473924587 0.7189457268 0.8151295627 0.8869418227 0.7354232985 0.6727525481 0.4860537111 0.3736132029 0.2702853680 0.1987158482 0.0875387675 0.1494885437 0.1437557549 0.1386936401 0.1754434545 0.1097744696 0.1464286571 0.0988593841 0.1941955794 0.1257505817 0.1713761827 0.1455883063 0.1230427533 0.1324115722 0.1271319897 0.0877535327 0.1520612524 0.2013027966 0.1708071380 0.1346791692 0.1303083783 0.1406330204 0.1814060847 0.1846442905 0.2559345378 0.3487741549 0.3656219427 0.5973186665 0.7100230043 0.8048359647 0.8896668800 0.7896423415 0.6107803523 0.5180346557 0.3191661744 0.3223878275 0.2296968703 0.1552250225 0.1407647426 0.1728069425 0.1451335205 0.1389562897 0.1083680716 0.0795758727 0.2122072980 0.1538845397 0.1197980349 0.1335287641 0.1273168980 0.1827726790 0.1292316584 0.1257734904 0.1809493237 0.1402783859 0.1347530453 0.1903587758 0.1499451277
0.0995887223 0.1554744875 0.1244591719 0.1123600708 0.1371640394 0.1157222927 0.1550937792 0.1291335926 0.1282800382 0.1057134367 0.1624014185 0.1659195660 0.3021882720 0.3402644537 0.5115810853 0.6229245337 0.8002471469 0.8084197406 0.8362356981 0.7265908412 0.5236148674 0.4266493039 0.2967478256 0.2602450030 0.1589059733 0.1549242692 0.1649249124 0.0938476977 0.1562683521 0.1406802443 0.1135523830 0.1419753646 0.1227344211 0.1133591153 0.1401130828 0.1815737043 0.1433227731 0.1309136452 0.0844598362 0.1428159317 0.0842181814 0.1439172296 0.1415781433 0.1106254192 0.1168702439 0.1173141922 0.1074946827 0.1729253041 0.2141277239 0.2695375835 0.3444933803 0.4879434538 0.6741912301 0.8404931540 0.8701167020 0.8136068636 0.6768582283 0.5600662853 0.4429005654 0.2969295503 0.2556558370 0.1644920707 0.1385135361 0.1460097053 0.1360258785 0.1213929677 0.1647393386 0.1596611367 0.1524607456 0.1051234778 0.1161415615 0.1015896928 0.1543898453 0.0923518165 0.1079914633 0.1250980893 0.1074293877 0.1328041044 0.1776563810 0.1328013596 0.1202173437 0.0988470681 0.1731838751 0.1628729475 0.1428541573 0.2157290591 0.2662419335 0.3814370088 0.5582727410 0.6298826211 0.8127687975 0.8767071936 0.8004030199 0.6608751562 0.5341135633 0.3981001425 0.3046189404 0.1747759363 0.1253757360 0.1603534799 0.1602329518 0.0811158955 0.0978022052 0.2124178329 0.1924259657 0.1381510123 0.1292132126 0.1737919294 0.1367707307 0.1078494955 0.1020861110 0.1096710532 0.1487778052 0.1530342767 0.1415099985 0.1628490236 0.1538671751 0.1473360650 0.1857793175 0.1482114823 0.1644696115 0.2271636905 0.2566573237 0.3324781034 0.3901767766 0.5628737853 0.7608771816 0.8721802471 0.9029962060 0.7590314741 0.6944300844 0.5382882727 0.3904198703 0.2610587234 0.2046118745 0.1415163287 0.1532053998 0.1222069419 0.1260891071 0.1143795061 0.1595746236 0.1470928962 0.1679359544 0.0972884787 0.1705717039 0.1570652316 0.1582976796 0.1382438548 0.1450571164 0.1358580212 0.1551728133 0.1133615504 0.1175514505 0.1144587305 0.1091333243 0.1326465639 0.1914742366 0.1313963743 0.1626050545 0.2512684342 0.3624914964 0.5204394998 0.6629122916 0.7799078039 0.8261609655 0.8579270687 0.8040154039 0.6307055355 0.5014196374 0.3481206277 0.3178796979 0.1881698245 0.1862119044 0.1749298352 0.1738783819 0.1191371964 0.1363725050 0.0799302309 0.1664272424 0.0999876834 0.1712175162 0.1092853547 0.2127589866 0.1413244014 0.1436369288 0.1097441521 0.1439663488 0.1688541643 0.1037617376 0.1095011907 0.1166662864 0.1322386253
0.1536508518 0.1412571145 0.1892377073 0.1598545562 0.0973784867 0.2029100289 0.0872693620 0.1716023966 0.1356372622 0.1709476087 0.1379707933 0.1972291324 0.1956241036 0.3163409011 0.4786197401 0.6822426596 0.8058370102 0.8045472427 0.8614775820 0.7464233978 0.5854697687 0.4529742058 0.2848143808 0.2158052451 0.1708822463 0.1458153423 0.1373800752 0.1263788618 0.0641620343 0.1205571215 0.1657969420 0.0982187307 0.1297507310 0.1331091002 0.0811487394 0.0890682837 0.1331964359 0.1353045490 0.0943529427 0.1572109227 0.1470674298 0.1000094768 0.1508770869 0.1481620295 0.1173844424 0.1277469426 0.1567841258 0.1681093504 0.2515415846 0.2617138876 0.3813347202 0.5250998905 0.7511645817 0.8110437186 0.8794073337 0.8660675023 0.6887825701 0.5665600995 0.4000757772 0.2959010139 0.2489451471 0.1712158302 0.2041585877 0.1774608860 0.1181773232 0.1612580738 0.1484472908 0.1568622512 0.1553304642 0.1628805498 0.1550512963 0.1443018094 0.1413489106 0.1806118089 0.1966733486 0.1634156822 0.1486139331 0.1396045842 0.1513825910 0.1335078654 0.1351858283 0.1482147786 0.1112132560 0.1527829020 0.1568282543 0.1885267861 0.2896147357 0.4246190699 0.5520946558 0.6896955886 0.7669357420 0.8684533373 0.8106292305 0.6906818516 0.5853388415 0.4173789514 0.2713689989 0.2098537610 0.1726725658 0.1453790877 0.1569126866 0.1244452496 0.1065548192 0.1316603130 0.1270889587 0.1548605008 0.1412430085 0.1474562396 0.1922391059 0.1474901551 0.1291380760 0.1654320844 0.1347663937 0.1853331677 0.1954519763 0.1269960482 0.1195174488 0.1407807363 0.1621982906 0.1299835681 0.1403255707 0.1649162153 0.2088756195 0.2805478857 0.4043409537 0.5992810303 0.7553783309 0.8420626968 0.8493949112 0.8227924092 0.6605630022 0.5049405013 0.4033580423 0.2794565023 0.2536474826 0.1758341789 0.1519248277 0.1443094404 0.1276103542 0.1341930500 0.1419800579 0.2092928582 0.0926376664 0.1535264927 0.1339681426 0.1430579425 0.1485461534 0.1508727569 0.1417637818 0.1274680001 0.1415470022 0.1432067131 0.1308928634 0.1858569973 0.1284824072 0.1041600691 0.1550872731 0.1793133858 0.1968777600 0.2138064960 0.3231905188 0.4287495405 0.6014586725 0.7316814129 0.8337337788 0.8360186030 0.8359386075 0.6748970752 0.5435926136 0.4123814639 0.2570852247 0.2184902398 0.1695617196 0.1662794641 0.1126242155 0.1513215936 0.1623439325 0.1590055206 0.1303638340 0.1772822850 0.1613353751 0.1704346775 0.1517250699 0.1697218599 0.1751417213 0.1394029613 0.1549409467 0.1335435269 0.1565764392 0.1799034715 0.1253267738 0.1633070488
0.1176069048 0.1263512995 0.1146770822 0.0685301134 0.1839258940 0.1211081917 0.1318777015 0.1453510326 0.1810878018 0.1079866820 0.1512291453 0.1273151269 0.2565820802 0.3514924607 0.4970303808 0.6566994767 0.7762538340 0.8536916616 0.8606638365 0.7203663226 0.5897322224 0.3822752454 0.3413388822 0.2153257156 0.1779570457 0.2050816871 0.1718439852 0.1404273324 0.1063449159 0.1225127177 0.1709564238 0.1342675115 0.1034834723 0.1431701381 0.1574740160 0.1484668967 0.1191381609 0.1303387171 0.1409342699 0.1243197078 0.1893347018 0.1176527584 0.1752666439 0.1850734750 0.1419398705 0.1360515543 0.1528389505 0.1600964905 0.2279852678 0.2474400227 0.3824834377 0.5007551874 0.6995419672 0.7930688402 0.8637942889 0.8852719758 0.7302833620 0.6178705509 0.3791556614 0.3475482646 0.2900103399 0.1840552254 0.1321920385 0.1472534076 0.1517848753 0.1482530966 0.1250388755 0.1772538717 0.1766452410 0.1475470757 0.1636578883 0.1562304810 0.2268249941 0.1261431983 0.1119852812 0.1331755007 0.1708365538 0.1135868554 0.1810252299 0.1628483044 0.1694908253 0.1126762991 0.2119093403 0.1628610959 0.1808623280 0.1560928318 0.2925887746 0.4390400047 0.5256523904 0.6730597407 0.8082825797 0.8655166595 0.8580601430 0.7881053563 0.5426031558 0.4493749850 0.2932188757 0.2141983510 0.2067450409 0.1555016696 0.1650554133 0.1708191225 0.1440565465 0.1679775880 0.2078665525 0.1414480907 0.1779793429 0.2121305225 0.1633072157 0.0899325011 0.1436289231 0.1485225277 0.2097891025 0.1463782467 0.1513376335 0.1454063243 0.1736994028 0.1481187116 0.1249977536 0.1988409710 0.1453906433 0.2264051097 0.2364346506 0.3556442494 0.4197226312 0.6079535930 0.7234059836 0.8225442446 0.8163340233 0.8466274634 0.7197916245 0.5769556391 0.3971950783 0.2706048949 0.2379450055 0.1500717542 0.1364175800 0.2373393230 0.1987985589 0.1546478819 0.1152276282 0.1416226568 0.1424625499 0.2035891565 0.1275038098 0.1528969710 0.1147388564 0.1691802951 0.2048163222 0.1678542608 0.1759864618 0.1388088307 0.1292141057 0.0987641847 0.1612446312 0.1485289679 0.1724248742 0.1740651865 0.1697579440 0.2371609868 0.2903488881 0.4729064315 0.5990737832 0.7753949439 0.8284227652 0.8420417966 0.7905408064 0.7054567158 0.4840016991 0.4104277865 0.2570107638 0.1953119121 0.1862874509 0.1898759245 0.1499571015 0.1475705785 0.1382422441 0.1589698854 0.1328108693 0.1791469521 0.1336582533 0.1396880679 0.1462207827 0.1699386310 0.1793022330 0.1379364620 0.1101633563 0.1506329056 0.1456464354 0.2213391880 0.1368442007 0.1680920256
0.1486815693 0.1302254818 0.1310623124 0.1236977242 0.1240057299 0.1303762058 0.1573352441 0.1465439250 0.1455798468 0.1427198366 0.1945736699 0.2323247899 0.2384347585 0.3707761331 0.5130590737 0.6689532118 0.7232167401 0.8903531607 0.8212932488 0.7602716257 0.6212154217 0.4613349599 0.3707276266 0.2794682486 0.2242855100 0.1703649065 0.1726453825 0.1684389237 0.1565693220 0.1958557289 0.2027056448 0.2083569533 0.1673754743 0.1533462933 0.1924175344 0.1241568216 0.2238017425 0.1924913413 0.1435415697 0.1540842253 0.1000199124 0.1665020465 0.1634655137 0.1383815632 0.1178833812 0.1856475320 0.1909520533 0.1681239841 0.1570092071 0.2737256497 0.4370234579 0.5103923199 0.6440265929 0.8129356919 0.8571736264 0.8246509150 0.7510657991 0.6060982287 0.4434827919 0.3301775961 0.2579849792 0.1597744124 0.1680615574 0.1509435840 0.2171918686 0.2050188958 0.1435540706 0.1075054998 0.1201995614 0.1576394110 0.1247098326 0.1713737376 0.1170106662 0.1384016883 0.1720235662 0.1446323797 0.1796523123 0.1799590997 0.1366001132 0.1749803803 0.1408680345 0.1666164996 0.1041884825 0.2145585270 0.1829956291 0.2149167148 0.2863888641 0.4065737589 0.5654546944 0.7179713825 0.8486164086 0.8968293362 0.8388922682 0.6663570852 0.5589512017 0.4673180062 0.3313628372 0.2425125598 0.2053260058 0.1234584910 0.1519369369 0.1886560960 0.1255513803 0.1712054852 0.1482941581 0.1721302946 0.1450954091 0.2361078516 0.1741825386 0.1294249471 0.1658313909 0.1428191384 0.1005094211 0.1649567863 0.2256837698 0.1646524049 0.1426124459 0.1370428739 0.1746883205 0.1531857413 0.1953147483 0.2027508035 0.2167785280 0.2897604454 0.4277218453 0.5609857280 0.7724989266 0.8070324857 0.8672431848 0.8233901518 0.7336236339 0.5673021316 0.3883053433 0.3001555293 0.2204446315 0.2339597594 0.1260401174 0.1534481138 0.1733997783 0.1362354008 0.1867357665 0.1767595933 0.1508527613 0.1717243604 0.1544642823 0.1402586127 0.1720723288 0.1803441742 0.1083225538 0.1982152647 0.1497419396 0.0988378821 0.1317554866 0.1720727433 0.1718562374 0.1860130481 0.1975063506 0.1665772810 0.1816105972 0.2674614602 0.3433885349 0.4673021110 0.6306991663 0.7530835795 0.8861499265 0.9296521082 0.8329499196 0.6864105434 0.5715922551 0.4144784264 0.2736590084 0.2456145504 0.1818537784 0.1829061704 0.1602682340 0.1645393726 0.1630587462 0.2186923635 0.1348418104 0.1762265643 0.1532832384 0.2222276413 0.1746637052 0.1733644968 0.1801345138 0.1412878415 0.1788808619 0.1801974929 0.1798876040 0.2339745525 0.1698726880 0.1140047587
0.1341674794 0.1331867638 0.1352378832 0.1089267427 0.1226337028 0.1543704011 0.1245928253 0.2109368526 0.1594334126 0.2076289961 0.1696070210 0.2351001511 0.2301018728 0.3085128914 0.5160140202 0.6349301255 0.8017994084 0.8322901365 0.8452002855 0.8600733245 0.6282859486 0.4682212989 0.3675493837 0.2894350066 0.1751627973 0.1676454422 0.1734898070 0.1537393500 0.1615655655 0.1147953364 0.1078864440 0.1414424361 0.1554481732 0.1666767241 0.1524398457 0.1627215712 0.1588816651 0.1853353035 0.1431799070 0.1640581896 0.1648456441 0.1892000532 0.1202273302 0.1568146794 0.1327180274 0.1613739542 0.2024428754 0.1930331265 0.2299559515 0.2918567103 0.4043863784 0.5184009656 0.6450449407 0.8366917751 0.8281452593 0.8311331835 0.7840932359 0.6414178083 0.4112448333 0.3513094901 0.2919225242 0.2393834498 0.1071011927 0.1378862011 0.1531819346 0.1536551228 0.1461565731 0.1586760768 0.1421637928 0.0989025211 0.1923784419 0.1286428649 0.1175121042 0.1632872514 0.0758640041 0.1360471405 0.2144805278 0.1137955793 0.1672860699 0.1508595382 0.1229781799 0.1735438457 0.1776448245 0.1828673703 0.1991137456 0.2086383611 0.2989896183 0.4014964695 0.5734841361 0.7566825861 0.8010170224 0.8703346528 0.8726181569 0.7355715878 0.5936576595 0.4319628357 0.3013037934 0.2632609944 0.2107379081 0.2021520849 0.1478194873 0.1388301317 0.1645170136 0.1779706234 0.1826546739 0.1907573371 0.1407500971 0.1587970314 0.1809404180 0.1625649549 0.1634118239 0.1217762930 0.1550242423 0.2112197415 0.1697004646 0.1542904454 0.1336359610 0.1458453418 0.1430531461 0.2277947543 0.2110914193 0.1764218830 0.2662451519 0.3363851396 0.4210689046 0.5897831752 0.7076969451 0.8368647679 0.8914318444 0.8785560725 0.7153447369 0.5659264272 0.3786602530 0.3507179955 0.2334349505 0.1605630784 0.1826166205 0.1484588610 0.1464709655 0.1348465539 0.1823968087 0.1231143752 0.1502230229 0.1801530631 0.1753467207 0.1168576562 0.1887363862 0.2131406210 0.1314147311 0.1650815945 0.1659958664 0.1143331085 0.1895693652 0.1826081000 0.1708413569 0.1985803822 0.1847979219 0.1904439828 0.1958988809 0.1998010603 0.3479925242 0.4241026439 0.5745036664 0.7268016329 0.7870317486 0.8566773952 0.8371118997 0.7327544764 0.5423077559 0.3786751679 0.2676253066 0.2243250512 0.1150185510 0.1988795416 0.2266092992 0.1504901017 0.1442215646 0.1590539470 0.1662486324 0.1865204762 0.1481744921 0.1911872014 0.1528168999 0.1729128773 0.1667589131 0.1399874917 0.1437571426 0.1941972705 0.2021438830 0.1536646553 0.1505587308 0.1819812009
0.1388880287 0.1522578423 0.1671080116 0.1721556406 0.1717038484 0.1618768450 0.1775285080 0.1407748854 0.1432752411 0.1823996463 0.1935594202 0.1887940005 0.2162615835 0.3673583878 0.5666035655 0.6589376121 0.7996850366 0.8463059062 0.8551081944 0.7445221637 0.6358834667 0.4611671660 0.3394500711 0.2660942819 0.1887031458 0.1680826230 0.2139991344 0.1704752112 0.1557014662 0.1375404276 0.1102714476 0.1788228153 0.1718177212 0.1865618053 0.1666537580 0.1569876979 0.2067222529 0.1679134324 0.1667228930 0.1759361272 0.1553514304 0.1666187699 0.2081869422 0.1282808438 0.1353968156 0.1573267775 0.1506624475 0.1462130858 0.1459286951 0.3056027478 0.3922403404 0.4769517438 0.6749831241 0.7623406197 0.8796786754 0.8316059144 0.7689048049 0.6546216259 0.4575568569 0.3674928605 0.2615585901 0.2187126633 0.1647824355 0.1702877516 0.1214605032 0.1420921866 0.1978834416 0.1592782749 0.1580270957 0.0792194713 0.1450754470 0.1694648684 0.1616759743 0.1777524652 0.1219603948 0.1327585472 0.1643766823 0.1239679793 0.1405853852 0.1798430421 0.1871950734 0.2083662597 0.1331065247 0.1437536363 0.2024274831 0.1867282107 0.3036480412 0.3738987813 0.5677803303 0.6641172509 0.8683903431 0.8846026530 0.8503983122 0.6836987587 0.5917284934 0.4635171687 0.3196374652 0.2319185738 0.2086248884 0.1912080149 0.1641996900 0.1551542700 0.1688013148 0.1490688842 0.1076743427 0.1920636509 0.1340563006 0.1999063667 0.1979219282 0.1964244438 0.1846889623 0.1801723421 0.1952318804 0.2109756714 0.1658705739 0.1802676688 0.1252500112 0.1601899634 0.1757536363 0.1735770783 0.1825266195 0.2126515825 0.2166054579 0.2844970368 0.3969609502 0.5596356650 0.7043723309 0.8030773401 0.8531320762 0.8706164089 0.7260726020 0.6282655000 0.4177235345 0.3131201453 0.1828429744 0.2082849727 0.2194343397 0.1954609733 0.1936850542 0.1701212353 0.1601391683 0.1926146011 0.1563851360 0.1311361462 0.1493505877 0.1324378269 0.1471029926 0.1487404984 0.1864085837 0.1832824138 0.1524523531 0.1858851347 0.1637490474 0.1825686934 0.1255299156 0.2161562666 0.1792842941 0.1810256995 0.2046544950 0.2979526667 0.3505747952 0.4272931313 0.6132946810 0.7492141080 0.8230895853 0.8728122286 0.8664912204 0.7397976692 0.5479697816 0.3954162608 0.2588550221 0.2532002686 0.2101934663 0.1817392062 0.1779054869 0.1441117984 0.2049666327 0.1559103850 0.1434151578 0.1835953537 0.1857163897 0.1643203469 0.1763572352 0.2002340961 0.1834345730 0.1709426452 0.1791803041 0.1731476815 0.1774195958 0.1624141392 0.1288074757 0.1854823301
0.1241806986 0.1783224774 0.1363829382 0.1513899023 0.1141587033 0.1365894529 0.1445600047 0.1678324232 0.1729753870 0.1821547529 0.1815779856 0.1625822513 0.2939490474 0.3329987628 0.5178368491 0.5858530543 0.7205400642 0.8301100207 0.8471165100 0.7464947402 0.6725805872 0.5101714079 0.3272150119 0.2205464213 0.2116737555 0.1503909307 0.1447798418 0.1694537407 0.1552222641 0.1565619829 0.1304976289 0.1371380279 0.1390538030 0.1487674262 0.1395637429 0.1249863635 0.2021255684 0.1669287733 0.1746073340 0.1457408179 0.1246750598 0.1242744446 0.1930156247 0.1848004825 0.2044959723 0.1845893778 0.1123831661 0.1687007785 0.2176837628 0.2748199251 0.3517572729 0.4976851451 0.6449511235 0.7651933315 0.8732400958 0.8676916415 0.7301620565 0.6132408578 0.4847242028 0.3327244918 0.2596998149 0.1526485893 0.2047402077 0.1728816403 0.1183331041 0.1353963411 0.1778034427 0.1670801777 0.1302217557 0.1237651025 0.1738117368 0.1438395155 0.1716020654 0.1306436701 0.1599811416 0.1322204657 0.1524014064 0.1408612496 0.1972451344 0.1413104655 0.1771832980 0.1495569981 0.2034719909 0.1278723850 0.1826130689 0.2367453175 0.3263207448 0.3984286673 0.5257341423 0.6594755827 0.7499302910 0.8413989213 0.8983065837 0.7820093460 0.6383834119 0.4537041254 0.3575247855 0.2684624927 0.2012552245 0.1923743293 0.1409949993 0.1434151104 0.1509766782 0.1729098610 0.1711907203 0.1491310329 0.1567829230 0.1806802964 0.1867290308 0.1377539641 0.1588032277 0.1729014100 0.1786393771 0.1347806269 0.1033302403 0.1574291463 0.1531186580 0.1358559366 0.1924928819 0.1319683101 0.1783096657 0.1704554539 0.2325809122 0.2925931535 0.4685203530 0.5794110082 0.6946330472 0.8269272396 0.9068178124 0.8379351743 0.7715316000 0.5664032985 0.4603576085 0.3439249391 0.2651010557 0.1668182775 0.1908385048 0.1679879978 0.1437889858 0.1021199846 0.2142643771 0.1620380124 0.1357053117 0.1381203027 0.1743910484 0.1678177837 0.1266251678 0.1868181451 0.1849091094 0.1927932645 0.1255602118 0.1416984753 0.1740252817 0.1380235533 0.2074540365 0.1836515682 0.1791917152 0.1984972609 0.2236501552 0.2325147245 0.3249631066 0.4386897425 0.5585769821 0.8049635639 0.8232583854 0.8988581667 0.8256056084 0.7272845608 0.6146199504 0.4476419429 0.2947108686 0.2500993839 0.1749839938 0.1834684164 0.1760865224 0.1832782410 0.1903342155 0.1919534606 0.1548226824 0.2180352876 0.1679126402 0.1660348231 0.1777837907 0.1403425237 0.1989660668 0.1667366584 0.1850229226 0.1847302417 0.1672038849 0.1596211285 0.2266111209 0.1832951050
0.1561786304 0.1345181907 0.1399792715 0.1555031718 0.1168342210 0.1617565750 0.1413807995 0.1208543966 0.1758697027 0.1539024198 0.1808749642 0.1704357311 0.2395843552 0.3382990859 0.4681172593 0.5975565222 0.7813482652 0.9022925293 0.8520923145 0.8530130849 0.6571914633 0.5017676506 0.3826245004 0.2701691940 0.1813866899 0.1938899850 0.1840894436 0.1518430317 0.1454104832 0.1581695122 0.1801096840 0.1496107528 0.1570025732 0.1572143440 0.1818484347 0.1431504736 0.1439011910 0.1582981944 0.1223023544 0.1526113703 0.1553156641 0.1472117664 0.2045741560 0.1951290619 0.1748928848 0.1141468184 0.1702065012 0.2178771891 0.1982834793 0.2743632097 0.3609099978 0.4862701908 0.6216788918 0.8095021516 0.8844426763 0.8573250538 0.7492361548 0.6261679714 0.4359303894 0.3387890417 0.2775595598 0.1897747252 0.1628665145 0.1635033216 0.1116682868 0.1619655691 0.0824669172 0.1215392344 0.1380184575 0.1321310886 0.1173842951 0.1722275355 0.1406093233 0.1731801051 0.1029550072 0.1947387430 0.1569203165 0.1648832058 0.1999466291 0.1528575042 0.1481692538 0.1864381949 0.1117260861 0.1378841695 0.1491357663 0.1865725242 0.3198350508 0.3702899247 0.5287922873 0.6604619116 0.7673773898 0.8807986452 0.9051068264 0.6961629014 0.5831588916 0.4220167110 0.3373769918 0.2342121074 0.2157118431 0.1820537173 0.1352323870 0.1762562086 0.1715616012 0.1997410764 0.1595827866 0.1596685648 0.1684798441 0.1919982360 0.0928360522 0.1693182518 0.1527066418 0.2014196961 0.1797550547 0.1522859445 0.1822951359 0.1558476404 0.1795355679 0.1573700248 0.1344419105 0.1556876909 0.1939246039 0.1470724371 0.2549841867 0.3075466199 0.4247654941 0.5501273956 0.6780307603 0.8462766552 0.9198474896 0.8502439253 0.7199894007 0.5546771517 0.4359682992 0.3127196772 0.2427926951 0.1466264570 0.1881206399 0.1614986045 0.1516682597 0.1733930284 0.1148603067 0.1488159892 0.1671366209 0.1219679315 0.1344890157 0.1612204151 0.2056211140 0.1724459537 0.1615423104 0.1683359202 0.1794931773 0.1594427677 0.1861302201 0.1816182549 0.1491033927 0.1748059685 0.1682913365 0.1876421505 0.1773481580 0.2596269976 0.3024233458 0.4490359915 0.5891619931 0.7227882661 0.8722126836 0.8776502497 0.8855477494 0.7262847180 0.5548134359 0.4554380456 0.3391266999 0.2354093479 0.1863884633 0.1923967315 0.2158759406 0.1681228452 0.1712359060 0.2112015309 0.1278008823 0.1619538310 0.1029490388 0.1651450205 0.1087386611 0.1593242060 0.1827245954 0.1476354961 0.2131846084 0.1821643638 0.1491112799 0.1939591696 0.1443397490 0.2005466954
0.1188361123 0.1149199783 0.1743952697 0.1826139814 0.1429775435 0.1219357916 0.1133006593 0.1327816130 0.1701151998 0.1774214255 0.1147384062 0.1911277791 0.1985072686 0.3419934151 0.4941315571 0.5989133209 0.7824899305 0.9064229916 0.8857117333 0.7907102397 0.6640503968 0.4739997805 0.3350553959 0.2532600111 0.2152120621 0.2166683675 0.1390028978 0.0912748707 0.1987903508 0.1353215024 0.1631768896 0.1001514883 0.2017832783 0.1643218516 0.1569933578 0.1116549469 0.1266684076 0.1346130503 0.1432790970 0.1321482212 0.1980066980 0.1924006234 0.1232362806 0.1347255801 0.1248039844 0.1828784111 0.1617352108 0.1349293297 0.2124832712 0.2673638626 0.3619046923 0.4572752659 0.6252808561 0.7092319987 0.8469846347 0.8824808892 0.7803762818 0.6319764448 0.4707317634 0.3581975876 0.2676737534 0.2032843947 0.2279315538 0.1643669708 0.1692961430 0.1517850141 0.1285268062 0.1805553028 0.0897399905 0.1432821640 0.1325374595 0.0970991820 0.1241469763 0.1790934963 0.1523468491 0.1454333863 0.1122420836 0.1821870788 0.1338911461 0.1380023533 0.1809084476 0.1275384149 0.1596625309 0.1757514299 0.1925044816 0.2404187526 0.2557353637 0.3842412130 0.4841139883 0.6961742944 0.8254669756 0.9170057567 0.8488604376 0.7783533932 0.5840245100 0.4465265474 0.3757375826 0.2704449260 0.1979191258 0.1575028699 0.1232173171 0.1347855468 0.1528846680 0.1538340201 0.1538206394 0.1439873946 0.1474116146 0.1388150407 0.1455237695 0.1355548373 0.1482444081 0.1668119535 0.1554835525 0.1708770424 0.1581076689 0.1844252221 0.1309654965 0.1573599202 0.1346843164 0.1356522542 0.2176640712 0.1491079124 0.2420815235 0.2796559405 0.3675934489 0.5872525246 0.7047475698 0.8067565787 0.8758113765 0.8608373759 0.7443443884 0.5873772242 0.4733382947 0.2998349403 0.2332537006 0.2039016231 0.1850753069 0.1595177755 0.1607609591 0.1873429991 0.1636411743 0.1139204061 0.1439153605 0.1463052914 0.1890963205 0.1128843516 0.1269375147 0.1651772829 0.1210047900 0.1081267838 0.1709774324 0.1720551738 0.1134114977 0.1596919704 0.1185889491 0.1442133975 0.2024751403 0.1921365690 0.1809470129 0.2349285665 0.3084966946 0.4368263002 0.5587078824 0.7057971245 0.8508639155 0.8741653842 0.7974104682 0.7244974888 0.6066583287 0.4650838269 0.3131852651 0.2825029075 0.1766352664 0.1468459284 0.1746739225 0.1801758017 0.1815256570 0.1710763948 0.1707066452 0.1513414995 0.1527673699 0.1363407843 0.1628929382 0.1707419559 0.1662915972 0.1809517362 0.1775246730 0.1519926845 0.1306273380 0.1535933484 0.1217788931 0.1596365523
0.1203786305 0.1027419498 0.0936380018 0.1132610452 0.1451401126 0.0917844511 0.1216733704 0.1800844514 0.0724876230 0.1081365695 0.1329902080 0.1421274872 0.2883552107 0.3056338826 0.4498195704 0.6290874031 0.6965585150 0.8437504560 0.8760892441 0.7533296732 0.6946821816 0.5160956508 0.4256445084 0.2776670787 0.1834706853 0.1919391648 0.0848528026 0.1763600637 0.1790563176 0.1196905949 0.1702485800 0.1127699633 0.1017430463 0.1434375245 0.1551707796 0.1357276897 0.1399403433 0.1530416288 0.1246680199 0.1117310933 0.1933401855 0.1389862708 0.1563531450 0.1248179017 0.1570989407 0.1211606795 0.1712621674 0.1523708337 0.1932054071 0.2315823553 0.3959598126 0.4719167455 0.6698400496 0.7501260823 0.8631901014 0.8661190884 0.7782879657 0.6319897240 0.4770440172 0.3247555441 0.2954203136 0.2070353504 0.1102601816 0.1431613507 0.0876436842 0.1592975244 0.1725492810 0.1874681081 0.1097850150 0.1962835674 0.1335831539 0.1200132078 0.1654100145 0.1331962966 0.1515351438 0.1140575293 0.1162588114 0.1199691569 0.1145483158 0.1733356851 0.1086852576 0.1474874128 0.1781788805 0.1273564495 0.1784213841 0.1599357803 0.2873634031 0.3326219061 0.5290669557 0.6536024649 0.7359247146 0.8650775291 0.8699642091 0.7476208241 0.6052502002 0.5014928225 0.3511570751 0.2342993607 0.2664203966 0.1617982720 0.2069297452 0.1782112674 0.1320363571 0.1749366463 0.2221430983 0.1465927911 0.1115556394 0.1289636582 0.1502117484 0.0654116083 0.1450368121 0.1210028995 0.1780463201 0.2087144441 0.1100690183 0.1035011885 0.1150670528 0.0948676223 0.2009056724 0.1565390448 0.1533092651 0.2232389442 0.1681677523 0.3050662909 0.3732003354 0.5614566040 0.6822117953 0.8516582049 0.8710436674 0.8554554961 0.7644636299 0.5422257343 0.4539039543 0.2909243602 0.2428764283 0.2071498327 0.1672077226 0.1522227887 0.1501365439 0.1606863949 0.1524455920 0.1701203194 0.1571552125 0.1697815332 0.2043873919 0.1741455857 0.1404075129 0.1699536547 0.1769710597 0.1422247224 0.1354564112 0.1829830765 0.1283140470 0.1578235058 0.1834319280 0.1441869929 0.1711819472 0.1695811611 0.1680026731 0.2235933696 0.2473308705 0.4016752802 0.5606459019 0.6925382889 0.7962184450 0.9156196604 0.8346701216 0.7272494464 0.5499799625 0.4202194944 0.2783067571 0.2206448213 0.1753204134 0.1177846397 0.1607268812 0.1822712005 0.1716572824 0.1500115886 0.1758880063 0.1462553628 0.1632168612 0.1779948133 0.1220573037 0.1903174013 0.1519479731 0.1867922080 0.2216766617 0.1707558411 0.2002395261 0.1315667934 0.1298248776 0.1725217027
0.1266211880 0.1265197799 0.1536832419 0.1084658544 0.1202793068 0.1402247014 0.1386587077 0.1845605548 0.1193488418 0.0980830146 0.1131652836 0.1799543200 0.1900629111 0.2659713965 0.4116399957 0.5810646986 0.7172157979 0.8434095245 0.8580790022 0.7644269271 0.6241805188 0.5444755567 0.3946549644 0.2779408309 0.1471815415 0.1883564288 0.1635537314 0.1881087637 0.1221113279 0.0880333125 0.1489463509 0.1477812514 0.1024950889 0.1277434719 0.1043306889 0.1110672586 0.1615961224 0.1008867441 0.1342660402 0.1240664705 0.1660920444 0.1466799004 0.1172001271 0.1699799016 0.1086825761 0.1787333416 0.1441150044 0.1569337190 0.1925741313 0.2305023897 0.3520983993 0.4633720425 0.6125617054 0.7358115195 0.8693735340 0.8496768848 0.7477611575 0.6399498462 0.5288793052 0.3452093769 0.2705943779 0.1968308661 0.1550580629 0.1569396377 0.1398908389 0.1486910408 0.0803626395 0.1264587408 0.1438862282 0.1510982332 0.1318497664 0.1220821687 0.2100798849 0.1918498513 0.1317814559 0.1138785985 0.1498031087 0.1331913149 0.1398927508 0.1661979751 0.1742773978 0.1350573564 0.1664704691 0.1818113771 0.1434483783 0.1466016789 0.2128005828 0.3286059034 0.5324433775 0.6628344710 0.7889515804 0.8662796461 0.8358367453 0.7974895011 0.5789126161 0.4776751637 0.2879817218 0.2488468325 0.1792176683 0.1749047853 0.2161597710 0.1519285932 0.1508898701 0.1749426623 0.1673750833 0.1273584212 0.1354676295 0.1678512772 0.1780114525 0.1476942554 0.1249279474 0.1436486964 0.1869312327 0.1521484647 0.1457935127 0.1510268029 0.1701686779 0.1117112191 0.1750954441 0.1564871105 0.1269370065 0.1632607942 0.2221203520 0.2969131390 0.3606605468 0.4966039311 0.6286148676 0.8051115240 0.8442437336 0.8210241691 0.7357954215 0.5797704673 0.4846191991 0.3106323814 0.2072514156 0.2011065855 0.1847605079 0.1444643811 0.1279670188 0.1694269022 0.1466238345 0.1393461815 0.1211564777 0.1365876695 0.1206010360 0.1480900462 0.1744159001 0.1563844949 0.1493721883 0.1752724746 0.1736453333 0.1008749349 0.1423259919 0.1837784554 0.1409155621 0.1444161351 0.1939548826 0.1522730490 0.1913070016 0.2216835366 0.2982615726 0.3691265933 0.5135841954 0.6687797300 0.8482861967 0.8589704820 0.8694461283 0.6599445358 0.5402556162 0.4126449332 0.3013071442 0.2099686477 0.2404875466 0.1857323251 0.1602077440 0.2135316243 0.1598108546 0.1408104051 0.1963710909 0.1797425108 0.1227514518 0.1592950766 0.1586721514 0.1773910157 0.1466626772 0.1325291541 0.1725674701 0.1474468860 0.1478419625 0.1694761808 0.2179699402 0.1796913668
0.1528338157 0.0759317742 0.0919278794 0.1108249502 0.1317641353 0.1640294366 0.1604725723 0.1008424764 0.1056220002 0.1910632722 0.1379845734 0.1508059307 0.2576981899 0.3117045210 0.4132715837 0.5864227635 0.6722211433 0.8335400843 0.8419938993 0.7885424157 0.6522239911 0.5580703047 0.3615703757 0.2759466832 0.1668043719 0.2312926245 0.1371714052 0.1249954115 0.1051856390 0.1656416322 0.1236237799 0.1529630039 0.1330390674 0.1131884063 0.1671416045 0.1202181981 0.0854810097 0.1279051571 0.1037341534 0.1439058669 0.1181729093 0.1096806127 0.1548563659 0.0831224849 0.1363102930 0.1251130450 0.1564915236 0.1394035495 0.1652589474 0.2347692072 0.3722693847 0.4608558331 0.6259948979 0.7582948345 0.8392748586 0.8226574933 0.7688166453 0.6473785511 0.4621083171 0.3493803464 0.2266112079 0.1544588521 0.1686189251 0.1218445269 0.1725831832 0.1445041826 0.1127378287 0.1528390493 0.1604068871 0.1802614995 0.0976202424 0.1338812183 0.1131676354 0.1911819637 0.1033615086 0.1084252889 0.1257431554 0.1103115955 0.1303921645 0.0861508148 0.1685373012 0.1649827345 0.1458343615 0.1486664173 0.1286160360 0.2187301227 0.2364170483 0.3507062133 0.4485913272 0.6039882742 0.7615269692 0.8665663939 0.8465139161 0.7145326318 0.6658024445 0.4236832547 0.3454069473 0.2536349005 0.1475825535 0.1625614621 0.1769627269 0.1939676747 0.1707231855 0.1404782101 0.1671788211 0.1320685935 0.1332231674 0.0934697987 0.1674790207 0.1563399824 0.1375536633 0.1193347636 0.1156676468 0.1395302574 0.1481512068 0.0946994333 0.1332139492 0.1606504817 0.1556398368 0.1034671465 0.1522461177 0.1657749812 0.2105396350 0.2915177393 0.3562070770 0.4474114514 0.6365151825 0.8279746314 0.8325245632 0.8164932025 0.7513586342 0.5713398491 0.4349645632 0.3448341730 0.2466008960 0.2119693929 0.1755309865 0.1573248207 0.1595905939 0.1549339825 0.1392433155 0.1678449225 0.1313650127 0.1463713522 0.1360853314 0.1197690719 0.1519439769 0.1188436373 0.1032740073 0.2166500268 0.1093702581 0.1347384844 0.1417993537 0.1133813339 0.1540339500 0.1370632082 0.2007697750 0.1393107783 0.1977318569 0.2062190780 0.3268404021 0.3760358551 0.5388663205 0.7023145256 0.7926010440 0.8455103141 0.8470183691 0.7786748149 0.5939441502 0.4153210221 0.3027015383 0.2672949096 0.1635376304 0.1191429048 0.1804691047 0.1955126526 0.1480217300 0.1480871586 0.1798372297 0.1497328444 0.1463250833 0.1217082116 0.1901409138 0.1079429800 0.1422470122 0.1092244358 0.1624026415 0.1213702514 0.1527695173 0.1379813257 0.1753611957 0.1671507498
0.0931924649 0.1104175308 0.0914501504 0.1175310814 0.1592230432 0.1365618697 0.1219670948 0.1177990144 0.1104566611 0.1378076593 0.1067547111 0.1756506871 0.2085837937 0.2910386836 0.4074732017 0.5835704476 0.7300288322 0.8105201494 0.8398867673 0.7645800136 0.7207992658 0.5071185904 0.3472914288 0.2190920940 0.2074245423 0.1439213994 0.1425245731 0.1860619012 0.1601783771 0.1174520936 0.0993722129 0.1397398617 0.0730605882 0.1133366491 0.1352238545 0.1366984708 0.1144830021 0.1085077983 0.1427799293 0.1705790855 0.1228859880 0.1051492388 0.1202182307 0.1825311186 0.1325925969 0.0806636174 0.1212212411 0.1382277583 0.1612506871 0.2182592177 0.3224312971 0.4455016817 0.6291236335 0.7697568262 0.7858412005 0.8267192901 0.8092782169 0.6145106679 0.4846982091 0.4353416624 0.2276893492 0.2121046556 0.1636093416 0.0773647314 0.0941346649 0.1275306294 0.1427288193 0.0844762386 0.1719217021 0.1727761067 0.1706776004 0.1546051452 0.1097978336 0.1639004965 0.1231151753 0.1174512028 0.0919614682 0.1705306348 0.1442458675 0.1218440253 0.1002300179 0.1302295465 0.1716626172 0.1335082618 0.2076351810 0.2476771696 0.2479137327 0.2906058311 0.4562464198 0.6199807109 0.7329409606 0.8464639857 0.8297841215 0.7589206607 0.6480081838 0.4703151478 0.3176252771 0.2288578062 0.1851309210 0.1069239448 0.1324539472 0.1456712000 0.1227986891 0.1248901677 0.1843382274 0.0893339469 0.1386778346 0.1506994672 0.1368518410 0.1054326036 0.1563634455 0.1433748592 0.1475887451 0.1271722057 0.1511158133 0.1143791705 0.1228678199 0.1273493545 0.1542124840 0.1342346030 0.1651400904 0.1639040815 0.2039293052 0.2275338228 0.2967894977 0.4995203527 0.7227092883 0.7899466996 0.8410955293 0.7908729966 0.7701542689 0.6235967512 0.4668608294 0.3619200773 0.1962674136 0.1302925649 0.1344451080 0.1358554636 0.1009960103 0.1220029372 0.1508972903 0.1410872929 0.1681959162 0.1536018070 0.1484358346 0.1534518648 0.1865829169 0.1085865909 0.1308264506 0.1557193196 0.1660718222 0.0884066967 0.1633332609 0.1258135709 0.1543893238 0.0989787655 0.1902891553 0.1236474791 0.1418103839 0.1982476931 0.2681773909 0.3518707141 0.5409018163 0.6855202369 0.7893137071 0.8749591920 0.8357327704 0.7186498042 0.6061829402 0.4364413818 0.2984972870 0.2564169710 0.1732518015 0.1306501582 0.1639418798 0.1517850939 0.1442378746 0.1507413829 0.1189596212 0.1511237914 0.1751308501 0.1625796849 0.2307685594 0.1381625334 0.1302767458 0.1629262528 0.1139710643 0.1218187282 0.1869029051 0.1427504454 0.1389941483 0.1507838520
0.0966974944 0.1208502733 0.1445945684 0.1437606662 0.1337374165 0.1401418274 0.1566435346 0.1414639419 0.1382242401 0.1415270080 0.1258736820 0.1629668564 0.2340507957 0.2775265426 0.4348851456 0.5312663922 0.7026475922 0.7690939046 0.8385372154 0.8037297058 0.6600116810 0.5274715952 0.3110728321 0.2738557671 0.2595666110 0.1373991740 0.1188163171 0.0925551285 0.1540086586 0.1696341201 0.1040708642 0.0996695147 0.1424966275 0.1057026024 0.1115585309 0.1198354092 0.1735145641 0.1346247128 0.0914663480 0.0523064358 0.1091582739 0.1380746548 0.1333409046 0.1206382112 0.1085326946 0.1232988389 0.1199170194 0.1693883934 0.1255709295 0.1924379047 0.3449344651 0.4187577784 0.5610722061 0.6945057286 0.8457124428 0.8052876136 0.7815770671 0.6348079947 0.5256204539 0.3210706120 0.2502242372 0.1755078238 0.1612201705 0.1081974283 0.0821123205 0.1468485596 0.1412822062 0.2014825632 0.1091916999 0.1353956923 0.0818169970 0.1142114941 0.1462936225 0.1190795518 0.1023495277 0.1902385835 0.0975334764 0.1185823372 0.1293753177 0.1216464612 0.1898777981 0.0958467488 0.1314168940 0.1590365580 0.1627414894 0.1900911422 0.2641485469 0.2772250112 0.5193338892 0.6597602912 0.7300051466 0.8346299849 0.8528497003 0.7654051753 0.6062504512 0.4372137841 0.3532209213 0.2500534523 0.1338578675 0.1506068775 0.0964560946 0.1489730114 0.1301934957 0.1829476839 0.1055068407 0.0945404506 0.1630199683 0.1818771569 0.1422547901 0.1013331392 0.1376438786 0.1542754303 0.1136088154 0.1155046448 0.1373757299 0.1202096581 0.0975202818 0.0806462095 0.1465125780 0.1699669434 0.1472349108 0.1619029492 0.1941653817 0.2205750361 0.3437069469 0.5344481532 0.6311121810 0.7779550349 0.8146103988 0.8811425695 0.7491166833 0.5957248364 0.4410388057 0.2972088894 0.2113993738 0.1805229784 0.1979291650 0.1400482221 0.1421109236 0.1548547084 0.1311581406 0.1559872250 0.1140432917 0.1650210549 0.1182882951 0.1176502896 0.1479285239 0.0978937694 0.1627716295 0.1113665017 0.1464628858 0.1614872748 0.1281548076 0.1698100930 0.1418263900 0.1308638860 0.0670006772 0.1238577610 0.1393060013 0.2296486055 0.2357843122 0.4056721884 0.5526491480 0.6871507832 0.7855885939 0.8987274013 0.8803072685 0.7448691007 0.5887747140 0.4966820060 0.3051773355 0.2134505043 0.1932265283 0.1177945999 0.1438953019 0.0991683829 0.1701802329 0.1859738102 0.1260572917 0.1721989882 0.1169036262 0.1489703263 0.1554967666 0.1750829294 0.1722279810 0.1179572831 0.1436799174 0.1335074343 0.1772506732 0.1590001820 0.1332437820 0.1706081771
0.1298599475 0.0846109508 0.1437531700 0.1460129898 0.0969430506 0.1670538688 0.1114947419 0.0862109203 0.1245283359 0.1126664704 0.2185556508 0.1395637392 0.1866484148 0.2435565773 0.3994016860 0.5482997713 0.6894120739 0.8431110589 0.8282624925 0.8269303524 0.6413120319 0.5061027625 0.3730658582 0.2205985548 0.1976651907 0.1556977287 0.1106339426 0.1199841174 0.1122783064 0.1347422952 0.0839259244 0.1124178208 0.1598223451 0.0793503150 0.1412066863 0.0790562550 0.1806092646 0.1167595896 0.1781338029 0.1601699923 0.1004379733 0.1871041253 0.1166170254 0.1477567491 0.1737221860 0.0945246023 0.1114376872 0.1036717157 0.1847349440 0.1836347549 0.3287697148 0.3974012881 0.5468152262 0.7264268017 0.8443846598 0.8161541496 0.7514345812 0.6549794600 0.4914199117 0.3578839021 0.2656058520 0.1392527315 0.1602513743 0.1394624562 0.0948262829 0.1803461989 0.0749101831 0.1152403819 0.1173775737 0.1183439271 0.1227729382 0.1030878366 0.1496256498 0.0881892609 0.1205229364 0.0847325386 0.1158164001 0.1523839169 0.1408421870 0.1422173029 0.0994985606 0.1311598955 0.1121518310 0.0894220547 0.1937916160 0.1671372729 0.2154455013 0.3434562521 0.4415984098 0.5966192536 0.7796118390 0.8037295819 0.8624201428 0.8197502168 0.6353867039 0.5169439934 0.3727860593 0.3203160518 0.2264585466 0.1521546172 0.1352729139 0.1499497230 0.1675054010 0.1182615626 0.0698633011 0.1373376126 0.1628438924 0.1692358258 0.1173317284 0.1283849065 0.1274032416 0.0917247050 0.1389097536 0.0828421969 0.1333320375 0.1771786258 0.1799208410 0.1155592622 0.1204887435 0.1120665304 0.1177357343 0.1121548455 0.1849870650 0.2702235962 0.3812045809 0.4562138761 0.6275140287 0.7801611256 0.8611677605 0.8473255524 0.7632491898 0.6326755974 0.4446276424 0.3348779388 0.2409001307 0.1971358771 0.2161528687 0.1324027825 0.1130480129 0.1378219394 0.0911676289 0.1057841848 0.1606878700 0.1168934712 0.1241255734 0.1054607229 0.1480092899 0.1464158359 0.1312190299 0.1343841674 0.1454680992 0.1132077236 0.0812860174 0.1856991986 0.1496985409 0.1461593286 0.1231712813 0.1105193762 0.1648187385 0.2011274470 0.2568715912 0.3378603965 0.4620282390 0.6907518442 0.7638201245 0.8889281951 0.8455201272 0.7174179511 0.5762141333 0.4103370866 0.3506915753 0.1656500467 0.1794489786 0.1776023517 0.2053873781 0.1748554100 0.1877286052 0.1218183324 0.1683727764 0.1208070091 0.1421142321 0.0967885138 0.1284517103 0.1554315452 0.1471943731 0.1600197268 0.1572817309 0.1641636588 0.0940221447 0.0910270250 0.1576370580 0.1256448711
0.1619288289 0.1427838355 0.1272992397 0.1123411448 0.1086233932 0.0625438487 0.1019801585 0.1212566026 0.1290154317 0.1490100740 0.1640706325 0.1602345513 0.1953527572 0.2411311989 0.3992526982 0.5281869249 0.6800847488 0.7941923380 0.8843986441 0.7887802782 0.6895419707 0.5016803976 0.3725245671 0.2621553739 0.2267977618 0.1604260369 0.1327211568 0.1487161161 0.1091126800 0.1007785882 0.1257473725 0.1386530683 0.1285134004 0.1025152538 0.1181310557 0.1031379429 0.1205623441 0.1348194049 0.1068198448 0.1136444126 0.1435803359 0.1361911289 0.1092206776 0.1512897235 0.1173613816 0.1500103018 0.1019825998 0.1702983503 0.1492178560 0.2001072662 0.3038156321 0.4052705123 0.5532145699 0.6747980437 0.8310182664 0.8427427910 0.7713415398 0.6761435925 0.4577248201 0.3304247957 0.2661884412 0.2108647246 0.1749342794 0.1266729716 0.1314912332 0.1216218274 0.1479719881 0.1100970681 0.1021585480 0.1214552556 0.1604445185 0.1472591368 0.1353188182 0.1290886370 0.1407719105 0.1395734394 0.1411358278 0.1051575274 0.1272106378 0.1300888072 0.1799373274 0.0894705197 0.1396769725 0.1264197202 0.1642073131 0.1656023946 0.2039846172 0.3393117062 0.4662930829 0.6317211442 0.7585820964 0.8038220367 0.8586475800 0.7721227519 0.6110348717 0.4829521795 0.3605591251 0.2498396631 0.1480936583 0.1367403691 0.1311498067 0.1405635045 0.1054429690 0.1359149276 0.1461620722 0.0873688412 0.0961563695 0.1287574184 0.1481312060 0.1586517238 0.1335018140 0.1388716748 0.1434513724 0.1846309955 0.1401287410 0.1150121182 0.1439212871 0.1460426987 0.1924740732 0.1264859317 0.1143825247 0.1568836659 0.2052499218 0.2375026114 0.3391237188 0.5019098421 0.6806322129 0.7798557222 0.8529657845 0.8704548926 0.6983535632 0.6109832085 0.4722356684 0.3830131035 0.2317802437 0.1849954866 0.1104565188 0.1008635770 0.1702496946 0.1396331651 0.1485538286 0.1772625210 0.0838480418 0.1294036917 0.1357036155 0.1304769478 0.1872517269 0.1442733061 0.1873905705 0.2131711047 0.1275159496 0.1273550475 0.1637905568 0.1446465989 0.1048113717 0.0755688540 0.1588114386 0.1413145205 0.1680222291 0.2237222006 0.2237261772 0.3823478364 0.5525601477 0.6611346441 0.7695814181 0.8627041124 0.8430745825 0.7746009545 0.6111420577 0.4418486363 0.3133246765 0.2276900879 0.1457661150 0.1445332303 0.1457329285 0.1653833026 0.1202392205 0.1205097776 0.1351752029 0.1561175624 0.1308213263 0.1355539810 0.1862705304 0.1433313228 0.1448592936 0.1877869720 0.1381128437 0.1145748849 0.1746301296 0.0964841966 0.1403585503 0.1171158672
0.1219986414 0.1349193734 0.1514497933 0.1346774441 0.1214050529 0.0930575451 0.1232058321 0.1463597700 0.1546823875 0.1567657517 0.1276643033 0.1912512249 0.1940276248 0.2930731177 0.3711806857 0.4733624965 0.6740970349 0.7797390664 0.8841751930 0.8106468034 0.6514888553 0.5457142633 0.3878439432 0.2702122052 0.2013459678 0.1238113574 0.1138588534 0.1322482211 0.1304608636 0.1477109720 0.0981855605 0.1386194434 0.1600094194 0.1096807934 0.1237524058 0.1256836306 0.1362778095 0.1642635947 0.1018354048 0.1145715074 0.1400324107 0.0996147431 0.1132037485 0.1240435359 0.1253328291 0.1028676142 0.0851328375 0.1518826676 0.1350879896 0.2337882943 0.2819660742 0.4064463382 0.5978649597 0.7038787887 0.8831274868 0.8239282077 0.8087596689 0.6778160088 0.5093755833 0.3557058935 0.2803835086 0.1692254996 0.1918913626 0.1547813696 0.0850970143 0.1296518291 0.1345572047 0.1719391258 0.1408531584 0.1319718932 0.1122370605 0.1649026483 0.1014572034 0.1323283802 0.1396578086 0.1407470766 0.1416301039 0.1479997620 0.1590557952 0.1479168218 0.1082630318 0.1167576813 0.0939858723 0.0967031036 0.1356838193 0.1728941868 0.2264865973 0.3009608891 0.5080260874 0.5975284375 0.6969816838 0.8423169613 0.8437078840 0.7406706196 0.6779654794 0.4848214537 0.3952455922 0.2626347983 0.2004094642 0.1419082286 0.1298553890 0.1411984333 0.1278520019 0.1169643193 0.1224403111 0.1652328471 0.1342693640 0.1300740150 0.1194675441 0.1677277709 0.1719200557 0.1807242310 0.1722069571 0.1058421497 0.1545210142 0.1410742257 0.1179213693 0.1423237672 0.1416687254 0.1237845293 0.1798733067 0.2064447539 0.1278055474 0.2786166499 0.3627754142 0.4784810608 0.6328244042 0.7057153162 0.8266048960 0.8545756278 0.7813910527 0.6622576375 0.4620078985 0.3311023184 0.2296161102 0.2268650101 0.1575991277 0.1316176296 0.1364634497 0.1034034425 0.0931648417 0.1085206044 0.1550801790 0.1382887206 0.0807719141 0.1371996471 0.1914950672 0.1108560496 0.0885514731 0.1128627223 0.1913538533 0.1554392932 0.1454495269 0.1692157744 0.1472198931 0.2150385683 0.1824836144 0.1164131564 0.1820686638 0.1770078763 0.2241819915 0.3596587184 0.5113257643 0.6522169186 0.7623356197 0.8383587237 0.8175693570 0.7659829696 0.6202738593 0.4741259647 0.3405676297 0.2476622776 0.1675578567 0.1933678532 0.1113988644 0.1643105221 0.1767277626 0.1873435043 0.1128507444 0.1455248708 0.1730654627 0.1844877162 0.1355042688 0.1286457299 0.1768868076 0.1269664208 0.1297190791 0.1440710516 0.2180205692 0.1118667921 0.1013266378 0.1818227093
0.0929276128 0.1199537629 0.0830680472 0.1166679514 0.1267069025 0.1320679398 0.1121271115 0.1624768607 0.1368125645 0.1672450801 0.1411728928 0.1745296886 0.2192292232 0.3467108942 0.3471456506 0.5409448149 0.6791815122 0.7822465169 0.8268672956 0.7996784251 0.7026856780 0.4987564491 0.4365566764 0.3075489152 0.2450948041 0.1305676889 0.1317742342 0.1072431007 0.1476157695 0.1472658203 0.0913893096 0.1109324356 0.1797047365 0.1366265385 0.1491096766 0.1179814949 0.1929652376 0.1326049833 0.1143455970 0.2058374500 0.1364121906 0.1402952752 0.1909661789 0.1167919091 0.1274307908 0.1605968962 0.1191869870 0.1744116871 0.1408680521 0.2206062265 0.2768716650 0.4211456116 0.5683341011 0.7183182905 0.8217667203 0.8457681317 0.8353043534 0.6573121372 0.5184768341 0.3888664075 0.2531430131 0.1861513877 0.1923992309 0.1337916678 0.1509379242 0.1233578580 0.2069784053 0.1321190077 0.1181437773 0.1219154789 0.1012117949 0.1363207003 0.1370766955 0.0980211107 0.1525957682 0.1073685155 0.1369114191 0.1213888301 0.1718688041 0.1668775330 0.1793807732 0.1600780581 0.1218761803 0.1092937267 0.1058625133 0.2644218716 0.2069166937 0.2551847132 0.4938573935 0.6162996379 0.7203441586 0.8252975614 0.8846111022 0.7652308515 0.6173802207 0.4358473487 0.4244167946 0.2776164186 0.2333839879 0.1721587531 0.1709590812 0.1452615040 0.1505639266 0.1566904446 0.1543895788 0.1525038238 0.1700165294 0.1641586780 0.2003498975 0.1777223532 0.1681111745 0.1576547661 0.2141314741 0.1446723090 0.1327330236 0.1358548307 0.1874811428 0.1802479559 0.1678311499 0.1699164691 0.1476921653 0.1350987190 0.1925062872 0.2526424332 0.3522755057 0.4963580858 0.6421773081 0.7640635852 0.8690074025 0.8725130177 0.7578248645 0.7040038006 0.5185985833 0.3227857027 0.2960267654 0.1717831918 0.1742900985 0.1938813139 0.1184089146 0.2238609164 0.1099711484 0.2087393771 0.1737233008 0.1983430084 0.1404526445 0.1220447417 0.1159299453 0.0888844095 0.1337519982 0.1715527526 0.1102641332 0.1614284957 0.2183122227 0.1890759275 0.1645970790 0.1224402389 0.2048115862 0.1365799793 0.1914490367 0.1914599293 0.2949059640 0.3898207441 0.5075447856 0.6572389774 0.8046631985 0.8511013700 0.9264638981 0.7412363419 0.6104132118 0.4753045125 0.3499891023 0.2832116003 0.1895634582 0.1307032607 0.1780419689 0.1811151221 0.1901056307 0.1804885558 0.1675732590 0.1495845525 0.1687718893 0.1197145287 0.1871922288 0.1595627335 0.2168185957 0.1473458731 0.1150702845 0.1342846900 0.1333399705 0.1827110007 0.1668014030 0.1635374911
0.1803409138 0.0957063740 0.1314174096 0.1068036602 0.1650381641 0.0980999796 0.1830870820 0.1736504257 0.1445435688 0.1033118464 0.1325908756 0.1679196723 0.2521616880 0.3059230729 0.4396473080 0.5318804042 0.6965215997 0.7987551969 0.8934979765 0.8193356320 0.6846720516 0.5546162217 0.4419819274 0.2792580235 0.2063230718 0.1955964218 0.1209659850 0.1721679430 0.1240587856 0.1474775311 0.1383391322 0.1632561585 0.1750415397 0.1431392520 0.1227387688 0.1294425122 0.1424676304 0.1365952997 0.1545123348 0.1250693309 0.1389482287 0.1214769200 0.1350465497 0.1621688153 0.1857499310 0.1339313033 0.1904042759 0.1624917123 0.2148866615 0.2406615297 0.3139321753 0.4327940938 0.5714311184 0.6864881873 0.8671833678 0.8595657346 0.8234922301 0.6356039678 0.5012914483 0.3965565707 0.2911007139 0.1930346350 0.2219224239 0.1163829134 0.2036529219 0.1469980661 0.1481087901 0.1689178325 0.1350598646 0.1710835406 0.1933841645 0.1589279878 0.1692124648 0.1666574381 0.1541942834 0.1305821621 0.1517147021 0.1081473424 0.0954028288 0.1446188205 0.1571933530 0.1519616849 0.1515295149 0.1922802203 0.1617994323 0.1744322013 0.2099480374 0.3646772145 0.5145956552 0.6224142028 0.6938803372 0.8272028571 0.8598574958 0.8421327277 0.6492395933 0.5143145548 0.3776083927 0.2763766177 0.1938077209 0.2127474249 0.1826149547 0.1501553349 0.1883806925 0.1543897737 0.1735212515 0.1494890003 0.1153176638 0.2151248653 0.1438057742 0.1280672514 0.1734910545 0.1229350321 0.1636786410 0.1722772853 0.1913201998 0.0892757335 0.1054923044 0.1709818855 0.1635575512 0.1728771780 0.1359686956 0.1958951732 0.1764477071 0.2637144788 0.3676352548 0.4225787609 0.6042205762 0.8258744972 0.8105482834 0.9109271829 0.8163104647 0.6766537690 0.4837849047 0.3549401124 0.2555548083 0.1764533912 0.1898490500 0.1829708006 0.1898322292 0.1648669407 0.1280193695 0.1582006970 0.2173219691 0.1959267829 0.1802785646 0.1567378032 0.1504857090 0.1496621002 0.1734637701 0.1561555111 0.1592195576 0.1331667303 0.1551113541 0.1134114030 0.1671264024 0.1686621148 0.1618950597 0.2109790838 0.1654567743 0.2056647333 0.3092272283 0.3568522291 0.5248065421 0.6620931583 0.7864907127 0.8985456937 0.8895757513 0.7956697345 0.6026145832 0.5372209890 0.3743046574 0.3088228518 0.2244444931 0.1479407248 0.1149152064 0.1476790205 0.1366597730 0.1857713517 0.1372076362 0.1823547624 0.1911721764 0.1777080388 0.1809214375 0.1473684549 0.1536778981 0.1593267202 0.1690751863 0.1228308571 0.2169699904 0.1296675011 0.1932451474 0.1224099759
0.2133429314 0.1600049654 0.1471616270 0.1292522479 0.1559032477 0.1348231366 0.1194166738 0.1693138338 0.1561192215 0.1529951400 0.1603089831 0.1970810529 0.2038090548 0.2799982934 0.3746649290 0.5407458846 0.6812487918 0.8522544209 0.8581905741 0.8301091103 0.7414471021 0.6121983914 0.4240089982 0.3020883652 0.2455300221 0.1660930730 0.1711087142 0.1273764973 0.1594869595 0.1736808247 0.0981444132 0.1174067415 0.1674221474 0.1423892416 0.1630405289 0.1379661840 0.1105041719 0.1557871380 0.1074417220 0.1297879268 0.1697358642 0.1707118825 0.1302602297 0.1144390655 0.1214252028 0.1435331829 0.1401904860 0.1390924965 0.1808769792 0.2100722600 0.2977655807 0.3842564400 0.5686806743 0.7418543853 0.8047054678 0.8695205710 0.7820549973 0.6610818033 0.5442320317 0.3897915960 0.2924208111 0.2228229957 0.2122843102 0.1664093417 0.1277938604 0.0967444368 0.1685703967 0.1602628310 0.1412091711 0.1556511802 0.1186265593 0.1664791125 0.1800729038 0.1646813079 0.1123872082 0.1320037910 0.1553118576 0.1295421916 0.1699133562 0.1444467503 0.1434991418 0.1734535290 0.1006366681 0.1074505457 0.2126463711 0.2200515827 0.1807513623 0.3126815070 0.4902641474 0.5793922473 0.7711467167 0.8219233086 0.8650956025 0.8341833580 0.7336984595 0.5613138401 0.4134410834 0.3185581458 0.2042412429 0.1542512655 0.1994987383 0.1848186755 0.1463845385 0.1958354882 0.1173601522 0.1175785823 0.1368558245 0.1458999685 0.1298433834 0.1226380063 0.1833031103 0.1372196807 0.2431131518 0.1557573048 0.2011138624 0.1923107478 0.1976776383 0.0982110758 0.2041046923 0.2150305506 0.1490249126 0.1980298165 0.1941503606 0.2385044215 0.3323177738 0.4654884924 0.6158281221 0.7523384722 0.8530310587 0.8394998106 0.7690343003 0.6152232110 0.5274022300 0.3503058530 0.2907083368 0.1685229699 0.1859945113 0.1394584480 0.1701889400 0.1656431887 0.1603642889 0.1324027789 0.1420672294 0.1765675799 0.1469310146 0.1295514410 0.1396720010 0.1259410004 0.1346000408 0.1847595362 0.1744871574 0.1441896967 0.1601240800 0.1682796531 0.2090124718 0.1768080465 0.2539920454 0.1736190046 0.1757852452 0.2162521184 0.2613031284 0.3411021514 0.5217769995 0.6386213195 0.8402617905 0.8544149722 0.8514703382 0.7943741964 0.6539438202 0.4670731190 0.3782379228 0.2772679832 0.2379767925 0.1881461767 0.2026699092 0.1336916976 0.1602269860 0.1628487433 0.1666100228 0.1488720597 0.1797842729 0.1727020735 0.1397345960 0.1507480695 0.2001486158 0.1785087995 0.0994066026 0.1976680636 0.1840721708 0.1890999233 0.1478458681 0.1288681949
0.1627588293 0.1278389325 0.0857683947 0.1790516163 0.1528551349 0.1236105356 0.1521321329 0.1230067669 0.1558797715 0.1838188940 0.1500184107 0.2053990799 0.2440454990 0.2997098061 0.4094108747 0.5371579791 0.6923708861 0.8396523996 0.8694994140 0.7692793941 0.6944365679 0.6078945722 0.4426747582 0.3101524235 0.2922677642 0.2397530591 0.1367391581 0.2136158595 0.1281479930 0.1081926847 0.1519111193 0.1258675023 0.1440362737 0.1760362166 0.1915415250 0.1813368884 0.1316029414 0.1303410235 0.1584287091 0.1131760458 0.1422101303 0.1785594660 0.1838970708 0.1542580258 0.1694636343 0.1395384083 0.1979273584 0.1956110737 0.2340508370 0.2228782926 0.3430365049 0.4696042116 0.5067544173 0.7359217302 0.8638980697 0.8731883867 0.8359112659 0.7779781005 0.5919211043 0.4377656401 0.3242182083 0.1829312150 0.1599265237 0.1876533261 0.1595302122 0.1768646780 0.1347458624 0.1522624259 0.1712355972 0.1876403897 0.1826290707 0.1772720642 0.1812501128 0.1538135033 0.1031501494 0.2075443640 0.1566995763 0.1476536798 0.2579121662 0.2093131492 0.1444055301 0.1740830051 0.1225680492 0.1841664180 0.1921415078 0.1972247167 0.2901694888 0.3679341788 0.4529409000 0.6069026320 0.7597562462 0.8238924711 0.8852320213 0.8560579609 0.7475426475 0.5660011332 0.4010714613 0.2942678612 0.2225106106 0.1760577018 0.1686553897 0.1721160118 0.2334466273 0.2456567270 0.1280826362 0.1747974512 0.1786639406 0.1363315674 0.1754271596 0.1496662336 0.1545897804 0.1254918229 0.1602078390 0.1219769797 0.1777138870 0.1358650372 0.1433325874 0.1891951446 0.1963181188 0.1224055670 0.1472646137 0.1762307125 0.1447693641 0.2385931915 0.3402106252 0.4599934458 0.5921325675 0.7343831186 0.7995319229 0.8532019505 0.8685826628 0.6860060327 0.5243695831 0.3874478952 0.2728380830 0.2246725592 0.1975848240 0.2227731672 0.1771927968 0.2266961960 0.1048205484 0.1614265097 0.1909789766 0.1464359730 0.1689114100 0.1392748178 0.1489671696 0.1327254866 0.1979054956 0.1755750953 0.1984961749 0.1763415559 0.1668992149 0.2133501196 0.1581205867 0.1408197228 0.1477141813 0.2081798466 0.1904091248 0.2486868674 0.2750254226 0.4002508329 0.5053061417 0.6080586944 0.8290181450 0.8456923667 0.9059607218 0.8077529124 0.6552489342 0.5328019639 0.3720915584 0.3158694610 0.1931935481 0.2089209750 0.1826343236 0.2159089940 0.1730236061 0.1684260065 0.2007618669 0.1660112194 0.2007806047 0.1778582394 0.1938781025 0.1931599391 0.1852404664 0.2037355346 0.1843591514 0.0952501889 0.1249238170 0.1939163218 0.1712651240 0.1763083822
0.1601768102 0.1882846119 0.1404955819 0.1460914717 0.2084852435 0.2420029979 0.1461550382 0.1614828471 0.1821908373 0.2004710334 0.1419519001 0.1839314752 0.2258269920 0.2992682517 0.3652373182 0.5320124340 0.7117066572 0.8426927434 0.9117174879 0.8374390220 0.7075615502 0.5800460156 0.4425701660 0.3553045614 0.2425387066 0.1959270413 0.2422828019 0.2080470720 0.1711905066 0.1026813036 0.1622862391 0.1606114921 0.1388360167 0.1071612775 0.1554919347 0.1255136192 0.1758328251 0.1951404668 0.1711636024 0.1974622255 0.1617613838 0.1778464976 0.1213166720 0.1981426535 0.1673458160 0.1657761710 0.1786239651 0.1886156663 0.1745449518 0.2479475318 0.3333802891 0.4707051733 0.5895839690 0.7298827751 0.8350217173 0.9207795585 0.8177428005 0.7056198783 0.6223412240 0.4202979203 0.2602791545 0.2567672573 0.2153148509 0.1955712515 0.1273360293 0.1593868263 0.2024967757 0.1459835035 0.1971482329 0.1986384503 0.1716183215 0.2052573821 0.1797285276 0.1686486385 0.1459993470 0.1795481783 0.1956156064 0.2147493134 0.1405218802 0.1646958808 0.1429545960 0.1405602317 0.2188717686 0.1948365430 0.2318176182 0.1811676522 0.2433138976 0.3784181907 0.4685011931 0.6062766178 0.7813365721 0.8081043987 0.8418597962 0.7734588990 0.7056666728 0.5579732415 0.4548660801 0.2538356243 0.2457335754 0.2287578724 0.1811390827 0.1859043611 0.1652883685 0.1535776547 0.1581709445 0.1958495866 0.1732832508 0.2348477694 0.2045540492 0.1845192248 0.1922155761 0.1505679443 0.1729746633 0.2152157761 0.2150789492 0.1717028138 0.1731863400 0.1818250199 0.1794330094 0.1493546163 0.1777824213 0.2140993349 0.2379119287 0.2603270195 0.3526258493 0.4367377548 0.6723913886 0.7935821688 0.8489694118 0.8962657512 0.8006003504 0.6757756969 0.5454480040 0.4204043113 0.3193498351 0.1873867249 0.1546787873 0.1883706663 0.1526865017 0.1620462450 0.1748141593 0.1533407347 0.1682336867 0.2154258376 0.1938578283 0.1695501004 0.1454355451 0.1581571761 0.1866210474 0.1887816157 0.1781381382 0.1661874674 0.2272240613 0.2142662504 0.1846439263 0.1794411760 0.1974000217 0.1933533572 0.2123864931 0.2300268903 0.2599923117 0.3925726608 0.5955769749 0.6102384909 0.8097072183 0.9115801750 0.8934657800 0.8288541457 0.6668589426 0.5699800485 0.4540065760 0.3031564668 0.2119540949 0.1773636406 0.2161708020 0.1759986375 0.1520133579 0.2307610660 0.1285257944 0.2047777513 0.1605336709 0.1689073247 0.1560987114 0.1951688282 0.2509808955 0.1929735920 0.1571817569 0.1837656536 0.2372821503 0.1367136298 0.1626358789 0.1691823462
0.1927931204 0.1059973165 0.1536672511 0.1595759144 0.1561224156 0.1656391561 0.1301537963 0.1683118770 0.0676481596 0.1589794146 0.1422981267 0.1476026559 0.2475975450 0.2565014740 0.3941875621 0.5379862298 0.6879717465 0.8579005974 0.8739968775 0.8638485694 0.7500251094 0.5393705450 0.4780573847 0.3213607793 0.2347271565 0.1977854776 0.2060907604 0.1678770085 0.1684055645 0.1459543356 0.1995204461 0.1638761815 0.1685470214 0.1562148222 0.1658817537 0.1381327976 0.1504625466 0.2083589618 0.1699995627 0.1082467140 0.1290826405 0.1493657886 0.2100471384 0.1567411137 0.1489460590 0.1532926972 0.1999939846 0.2385308649 0.1539408344 0.2418537689 0.3323029503 0.4405208156 0.5063287267 0.7260732699 0.8254385339 0.8387518503 0.7927180094 0.7318598772 0.5917537817 0.4392632117 0.3196365256 0.2727072803 0.2504180927 0.2124579333 0.0835786365 0.1236627357 0.1787608139 0.1168759944 0.1674826843 0.1738241958 0.1306573954 0.1798791529 0.1989782526 0.1643853636 0.1437985167 0.2181609144 0.1495745535 0.1305890481 0.1780597545 0.1671648410 0.1792000184 0.1964397490 0.1650916444 0.1772378493 0.2107396944 0.1802137521 0.2649587529 0.3449434434 0.4942451842 0.6182620627 0.7302174147 0.8669837194 0.9108135260 0.8167185213 0.7041222155 0.5565261911 0.4492492298 0.3041692201 0.2082040253 0.2152454105 0.1578696368 0.1840649514 0.1543891152 0.1425237395 0.1554338327 0.1629982772 0.2368215238 0.2142739932 0.2080768292 0.1740341597 0.1707413379 0.1680968798 0.1558035421 0.1712589867 0.1531730451 0.2059893833 0.0912446880 0.1838777078 0.1797599352 0.1268062112 0.1783418813 0.1509543117 0.2700917503 0.2371508171 0.3643077830 0.5169528671 0.6053259973 0.7326278930 0.8775004840 0.9396680842 0.8451358348 0.6962611985 0.5113759646 0.4373261539 0.3284540748 0.2195201142 0.2151255982 0.1892671450 0.2453876770 0.2122115406 0.1893376174 0.1463483090 0.1682397474 0.1838335914 0.1578117220 0.2170709810 0.2145976738 0.2160173614 0.1841424640 0.1742785702 0.1599532478 0.1690743785 0.1869814886 0.1699995014 0.1493040872 0.1696991765 0.1656876862 0.2159650763 0.2256346377 0.2401210017 0.3199236972 0.3761366232 0.5275378455 0.6955426330 0.7636258120 0.8424122079 0.8839120900 0.7944599468 0.6771810390 0.5261411397 0.4198262320 0.2796235069 0.1856481128 0.2071098495 0.1585298281 0.2340640865 0.1693017953 0.1783731287 0.1703601399 0.2087628670 0.1499179605 0.1866474663 0.1460612920 0.2545358596 0.1962269839 0.1504029593 0.1832678158 0.2343375084 0.1776587030 0.1659578378 0.1803065132 0.1857601717
0.1394216491 0.1787728971 0.1370301527 0.2283243120 0.1542849664 0.1881367593 0.1666221303 0.1845315381 0.1537157712 0.1525613791 0.1974312340 0.2101778472 0.2036840680 0.2627738598 0.4475308413 0.5528518479 0.6941405764 0.7978889026 0.8826046372 0.8711356134 0.7678669685 0.5949820215 0.4582391686 0.3791617262 0.2926711525 0.2177261366 0.2212376056 0.2083996127 0.1609683740 0.1854110428 0.1673679282 0.1017125147 0.1612739794 0.1399662271 0.1841374120 0.1938090146 0.1579602917 0.2117542357 0.1333800490 0.1458028185 0.1761807120 0.1859364168 0.2023677457 0.1846428806 0.2152656363 0.1529299089 0.1903119181 0.1625195043 0.1909048689 0.2497555660 0.3522659032 0.3973856095 0.5437484060 0.7574876749 0.8171856808 0.8525463929 0.8099757129 0.7484605997 0.5347454403 0.4754485793 0.3360641696 0.2172354254 0.1905667574 0.1607691490 0.1711319540 0.1909559455 0.1593762638 0.2273373372 0.1643300015 0.1951432153 0.1654185043 0.1547021392 0.1393340827 0.1553513411 0.1681108345 0.1742779741 0.1356667143 0.1630928681 0.1290426273 0.2107553657 0.1841082600 0.1594304028 0.2034707919 0.1217897057 0.1585285625 0.2677479301 0.2403780741 0.2788723820 0.5056446115 0.5778319297 0.7125377165 0.8145252423 0.8845865395 0.8377527320 0.7247334083 0.5878538721 0.4287139015 0.2936103850 0.2442431623 0.2183097345 0.1741896523 0.1924739887 0.1807951609 0.1264659588 0.1406951909 0.1944304013 0.1441586278 0.1277793720 0.1848120821 0.1756848801 0.2131134017 0.1851571742 0.2156816964 0.1846411988 0.1245719363 0.1830403852 0.2073067992 0.1177479290 0.1605982148 0.1944152073 0.1944888008 0.1633479790 0.1702738998 0.2680342987 0.3296776941 0.4649885165 0.6242290953 0.7657932730 0.8627980715 0.8986853035 0.8278079464 0.6894061506 0.5487882479 0.4040667691 0.3116663309 0.2830297252 0.2519107827 0.2318412942 0.1989736592 0.1258809358 0.1856315456 0.1731366891 0.1573042303 0.2002703334 0.1367120692 0.1498610244 0.2007768198 0.1841091082 0.2122049176 0.2065538706 0.1720935728 0.1023783794 0.1561001556 0.1618859962 0.1879082544 0.2248810945 0.2117382566 0.2341409287 0.1737135769 0.2107000893 0.2835817788 0.3460241011 0.4730859564 0.6448129967 0.8356288607 0.9144073744 0.9582437432 0.8156537950 0.6774353815 0.5122707374 0.3917687436 0.2895056524 0.2209022943 0.1567983041 0.1535699198 0.2128195142 0.2218859306 0.1681681522 0.1896824403 0.1675192958 0.1486245706 0.1693451754 0.2052826616 0.1606187642 0.2416464423 0.1774266919 0.2305433817 0.1830717764 0.1445498826 0.2008134093 0.2415073874 0.1925713139
0.1391311804 0.1787824998 0.1805504668 0.1128202849 0.1645003017 0.1779630694 0.1461347485 0.1793457077 0.1697414102 0.1919865108 0.1356940049 0.2046391894 0.2185405944 0.3223018411 0.3847491760 0.5659657053 0.6316460552 0.7994289357 0.8494819935 0.8760868627 0.7355653875 0.6352677157 0.4219856800 0.3798461345 0.2857693589 0.2543623037 0.1420995782 0.1594163892 0.1501711712 0.1494760576 0.1406977192 0.1100393436 0.1427820975 0.1165265615 0.1673713342 0.1502073160 0.1712219846 0.1653133599 0.1578152608 0.1650423473 0.1371339466 0.1526929616 0.1792394426 0.1831154505 0.2017151397 0.1450096949 0.1812683640 0.1576516928 0.1929164307 0.1807154078 0.3394167753 0.4404269840 0.5704411097 0.7051165590 0.8085171611 0.8559492416 0.8688859467 0.7696996054 0.5908700960 0.4371458424 0.3050258418 0.2237747994 0.2041848843 0.2437164973 0.1625312943 0.1920611541 0.1550576925 0.1828926775 0.1871356200 0.1642225279 0.1461336630 0.2179693967 0.1697500408 0.1642188072 0.2000829722 0.1865174048 0.1587331778 0.1715779109 0.1738542666 0.1733965310 0.1823368138 0.1952187152 0.1975886128 0.1717799080 0.2170901994 0.1783675523 0.2638783906 0.3548572996 0.4921113219 0.5268133666 0.7293805267 0.8464276816 0.8889783980 0.8396639196 0.7390642840 0.5476367383 0.4946584436 0.3558570835 0.2596591910 0.1837523146 0.1896251566 0.1875931528 0.2461505237 0.2225859310 0.1831751589 0.1749233078 0.1477195703 0.1554070835 0.1582776937 0.1830706312 0.1301115114 0.1355292412 0.1571671037 0.1740625343 0.2071028971 0.1700636363 0.2177893242 0.1625637479 0.1388569846 0.2057959234 0.1804068797 0.2195322861 0.1842802283 0.2601982151 0.2911343743 0.4930913078 0.5822224894 0.7288059471 0.8527447582 0.8879941513 0.8481530474 0.6469616505 0.6091067845 0.4251162059 0.2792343747 0.2679281514 0.2347030349 0.1887335003 0.1740669961 0.1757817989 0.2270421489 0.1374182244 0.2162521504 0.2035131685 0.1717019654 0.1593085914 0.1574595431 0.1214078351 0.1817797023 0.1916823216 0.1700993441 0.1188521860 0.1777150349 0.1355853072 0.1753716894 0.1852552313 0.1732354859 0.1988125006 0.1924253277 0.2062804707 0.2805925230 0.3414792910 0.5353608130 0.6398775307 0.7977104096 0.8700865373 0.9287883261 0.8306603896 0.7108462816 0.5534770542 0.4057921613 0.3229967854 0.2835959949 0.1870599547 0.1684347985 0.1544830491 0.2162381713 0.2092699106 0.2088222725 0.1847720886 0.1749684279 0.1912998407 0.1298345812 0.1485466462 0.1923021634 0.1837555110 0.1621460204 0.1761965968 0.1656564052 0.1868816677 0.1844426198 0.2236420469
0.1768616404 0.1449173356 0.1659126126 0.1042284600 0.1756039355 0.1756989684 0.1489297984 0.1717753843 0.1540713647 0.1759694987 0.1346175817 0.1749164337 0.1628009874 0.2243920336 0.3400647061 0.5300524871 0.7140439199 0.7362021881 0.8287879452 0.8615958216 0.7418760694 0.6778678463 0.4790853355 0.3284276038 0.3022992114 0.2062645324 0.2260261899 0.1363150336 0.1277197722 0.1830965515 0.1372121306 0.1647019688 0.1566042752 0.1639158057 0.1573169185 0.1256201638 0.1386688897 0.1722057212 0.1843855642 0.1899936741 0.1336545106 0.1531445688 0.1827588252 0.1206366302 0.1551658609 0.1541144720 0.1929888287 0.2346432321 0.1564223243 0.2255811403 0.3209505556 0.4089601476 0.5657776247 0.7375072084 0.8183747212 0.9037105538 0.8498254178 0.7798561130 0.5815645855 0.4521856029 0.3179687673 0.2290501412 0.2181948782 0.1862441514 0.2043711893 0.2023996861 0.1870253142 0.1365968625 0.1907974722 0.1883269830 0.1427296313 0.1837157908 0.1505676812 0.1848669989 0.1804080042 0.1624567178 0.1847694858 0.1928356348 0.1405712619 0.1797684023 0.1779422935 0.1366646579 0.2108814384 0.2059623676 0.2527941045 0.2392111518 0.2550257074 0.3089664089 0.3965175206 0.5761851604 0.6837341336 0.8266244040 0.7854117052 0.7941197619 0.7327202159 0.5919677549 0.4241251460 0.2934877588 0.2179434715 0.2222916699 0.1940288423 0.2185306276 0.1831909232 0.1192340591 0.1332676834 0.2083587941 0.1979301244 0.2143902290 0.1862592856 0.1690852685 0.1984715199 0.2229553138 0.1445047766 0.2956273328 0.2096245871 0.2075745405 0.1532508603 0.2295056137 0.1533503836 0.2064879186 0.2378101724 0.1426389308 0.2643823559 0.2635293906 0.3353991127 0.4976816750 0.6038066570 0.7449593438 0.8798697477 0.8992393875 0.8015788833 0.6944270463 0.5567407920 0.4578287741 0.3181360558 0.3170443469 0.1976022039 0.1671001026 0.1787205079 0.1898339068 0.1955287618 0.2143670830 0.1509555904 0.1159449826 0.1924053781 0.1709349259 0.2136917040 0.1887152586 0.1962641413 0.2236881016 0.1718183062 0.1849896178 0.1873913350 0.1649356400 0.1791355496 0.1676016379 0.2088125216 0.1842229113 0.1747481970 0.2039665912 0.2801388715 0.3540188613 0.5365795336 0.6197331446 0.7386394294 0.8541982029 0.8935299175 0.8416850914 0.6970582816 0.5072474607 0.3800404719 0.3563432564 0.1787595606 0.1790861243 0.1652800791 0.2383738167 0.1972932368 0.1678945022 0.1742588653 0.1922085941 0.1598544055 0.1858744250 0.1538477604 0.1535795754 0.1632605086 0.1365423456 0.1570348842 0.1820477155 0.2280961066 0.2199025332 0.1304115983 0.1767180773
0.1002383903 0.1767668178 0.1240348178 0.1622106321 0.1518751766 0.1794174783 0.1141342054 0.1278124432 0.1374648464 0.1618432774 0.1479909077 0.1904846434 0.2321102500 0.2366170973 0.3314305495 0.5149608942 0.7025757060 0.8265684504 0.8598004507 0.8201196346 0.7515826118 0.6495477931 0.4572319618 0.3701774958 0.2376246564 0.1971417848 0.1700333685 0.1839688787 0.1636202022 0.1523564485 0.1301260125 0.2097038177 0.1967967417 0.0791673600 0.1385609805 0.1246437295 0.1553083934 0.1463804611 0.1244200031 0.1794340700 0.1622288590 0.1263536748 0.1733462853 0.1501871785 0.1467042660 0.1232125093 0.1515603374 0.2188230880 0.1876248334 0.2372558611 0.3572672710 0.4203542907 0.5284286820 0.6988509790 0.8076756978 0.8725962334 0.8494567081 0.7691222864 0.5413562711 0.4685018486 0.3398903363 0.2424877710 0.1901511731 0.1957082947 0.1324005281 0.1913926258 0.1740855185 0.1550361599 0.1556165211 0.1420904613 0.1310873874 0.1371209436 0.2034187171 0.2038855162 0.1954624716 0.1918117516 0.1929247439 0.1760416641 0.1412184593 0.1556387718 0.1433332145 0.1900862813 0.1616199674 0.1494277647 0.2128774011 0.1481355078 0.2473713470 0.2822525075 0.4445892842 0.5269152062 0.6790465680 0.8395366823 0.8718340029 0.8763052962 0.6956822785 0.5779597506 0.4722974887 0.3017120292 0.2674550224 0.1956071853 0.1753061963 0.1736084954 0.1354802002 0.1557061267 0.0989597355 0.2321444117 0.1226403710 0.1834282075 0.2029121188 0.1912092497 0.1489392234 0.1553083067 0.1579011630 0.1552479496 0.1873804011 0.1758098059 0.2049479158 0.1552130224 0.1539804789 0.1792808334 0.2283537153 0.1585462004 0.2202660906 0.2455991101 0.3096550494 0.4765617184 0.6063303912 0.6744457406 0.8415840314 0.8788969626 0.8784526207 0.7823616986 0.5559068655 0.4238282087 0.3007259920 0.2094792711 0.2102392601 0.1208921969 0.2147457126 0.1544010328 0.2012171266 0.1728356637 0.1769590399 0.1523128536 0.1408761980 0.1676089010 0.1559813622 0.1907642793 0.1819703519 0.1794450017 0.1664264840 0.2099149938 0.1823381341 0.1637115702 0.1627517137 0.1784353377 0.1626946937 0.2171839088 0.1649962365 0.1903374742 0.2909664150 0.3691727957 0.4433545819 0.6787579982 0.7896086506 0.8352332133 0.9007369082 0.8070712761 0.6597937380 0.5662047372 0.4074565397 0.2646341611 0.2529165956 0.2211750297 0.2022703808 0.1866836584 0.1881392089 0.1969324886 0.1873943592 0.1940341657 0.1723190484 0.1861084952 0.2462341313 0.1776157948 0.1936469276 0.1723636437 0.1673278924 0.1732691914 0.1976245165 0.1466939315 0.2068277825 0.1617508195
0.1575427876 0.1360111752 0.1534269391 0.2021132549 0.1226231494 0.1669684608 0.1155645765 0.1402946864 0.1535786294 0.1407053594 0.1443287539 0.1525004851 0.2343441561 0.2807735330 0.3407081167 0.4848043980 0.7099757026 0.8053897802 0.8858253276 0.8769675337 0.7648697123 0.6095663895 0.4628134382 0.2753957790 0.2085364701 0.2052371876 0.1551961898 0.1360778061 0.1431972216 0.2233978951 0.1663276142 0.1757669996 0.1390432661 0.1388712629 0.1448499225 0.1198726146 0.1351108539 0.1252777817 0.1369476583 0.1395708515 0.1992023186 0.1774051551 0.1308335930 0.1250159024 0.1450346904 0.1251026709 0.1394879616 0.1369666749 0.1237676714 0.2095879710 0.2601189887 0.4316486052 0.5250158749 0.6047418170 0.7945979361 0.8530505994 0.8719979866 0.7234253972 0.6379681407 0.4228623003 0.3438174946 0.2295030390 0.1748200781 0.2084832263 0.1299622239 0.1165239273 0.2122670878 0.1049480306 0.1228151924 0.1317026394 0.1932059582 0.2296353107 0.1161399896 0.1119132057 0.1273727887 0.1600596644 0.1295278447 0.1267434008 0.1785190842 0.1716737317 0.1546881811 0.1284312929 0.1234222863 0.1805749619 0.2410703915 0.2133868469 0.2168272127 0.3028862928 0.4265074648 0.5569289232 0.7083827459 0.8200516072 0.8563046787 0.8550435933 0.7603675411 0.6248984795 0.4614732422 0.2743231315 0.2140017608 0.2135354075 0.1742685803 0.1318961827 0.1801994133 0.1727219832 0.1332874012 0.1192784694 0.1809298680 0.1739591892 0.1684933916 0.1993827285 0.0739112200 0.1620223547 0.1568245022 0.2045190960 0.1297810339 0.1343001984 0.1710317419 0.2593812753 0.1521210353 0.1697736642 0.1989150647 0.1964301033 0.1865340662 0.2240345355 0.3609218877 0.4071040499 0.5985986835 0.7498318811 0.8248838067 0.8941155270 0.8294594216 0.6716773819 0.5490412634 0.4485182302 0.2947499047 0.2476082865 0.1357665054 0.1932085265 0.1443072544 0.1716819472 0.1674391019 0.1542726107 0.1886954748 0.1781770421 0.1283235622 0.1775812388 0.1742881252 0.1719090076 0.1413078823 0.1339872210 0.1749431687 0.1883238497 0.1977791909 0.1936267918 0.2047788634 0.1525285895 0.2062864463 0.2205788441 0.2041437701 0.2514204439 0.2566572936 0.2629250614 0.4674098962 0.5722386573 0.6848463821 0.8568683469 0.8672621986 0.7702006641 0.6986694023 0.5169107121 0.3976414830 0.2989614672 0.2339255715 0.2100736258 0.1919614931 0.1132179584 0.1511543766 0.1279836845 0.1547747548 0.2158087550 0.0518976497 0.1550800629 0.1105170054 0.1860075920 0.1799798412 0.1767238570 0.2001036722 0.1325297589 0.1861886768 0.2069074208 0.2116563729 0.1374161939
0.1268798465 0.1320442945 0.1537035247 0.1402444540 0.1603081194 0.1828982568 0.1301904497 0.1034443304 0.1885119843 0.1500699011 0.1676748342 0.1957817671 0.1966664501 0.2596462852 0.3147866257 0.4408253854 0.6714593195 0.7274825789 0.7915714630 0.8270244164 0.7738066054 0.6268099587 0.5279040265 0.3567624039 0.2409213488 0.2296306926 0.2012119356 0.1476856295 0.1099939727 0.1583342776 0.1279806657 0.1694823238 0.1854039172 0.1456930084 0.1351377834 0.0881848530 0.1971824042 0.1522972264 0.1124789538 0.1464954849 0.1623667466 0.1591644813 0.2027258403 0.1434720673 0.1600727769 0.1177129664 0.1436736959 0.1561718681 0.1710018947 0.2327367753 0.2497967257 0.3697317885 0.4950720189 0.6737227841 0.7985068445 0.8707587972 0.8927837467 0.7353087512 0.6149399996 0.4841853332 0.3280210679 0.2335889033 0.2242730608 0.1938364541 0.1208703932 0.1492869688 0.0991975065 0.1514176902 0.1739320254 0.1456159752 0.1478485363 0.1544534545 0.1364557223 0.1714692754 0.1645805471 0.1384052903 0.1856708370 0.1146232380 0.1514499381 0.1203297190 0.1652787119 0.1329100760 0.1628079271 0.0980029677 0.1457814762 0.2090398843 0.2194542518 0.3068307773 0.4183950800 0.5354356822 0.7081767938 0.8222790680 0.8011419340 0.8433492477 0.7262588464 0.5921070163 0.4406981775 0.3243914128 0.2483221450 0.1838409631 0.1657472402 0.1862886881 0.1398151449 0.1274114353 0.2096574840 0.1621854587 0.1161729208 0.1154059768 0.1592942700 0.1917649459 0.1297088517 0.1107723069 0.1345959016 0.1763731424 0.1670365006 0.1785494006 0.1255837627 0.1617183220 0.1305658652 0.1508349197 0.1730107248 0.1374378048 0.1306729152 0.2270525288 0.2978438943 0.4756785109 0.5797451924 0.6575714372 0.8247097120 0.8550682999 0.8207017297 0.7207178952 0.5680294794 0.3789499687 0.2716668928 0.2723315152 0.2073378507 0.1923349928 0.1404482636 0.1585262525 0.0948318492 0.1986449256 0.1505416746 0.1600508898 0.1820176334 0.1511337484 0.1637194879 0.1685393576 0.1025409865 0.1902711603 0.1618843289 0.2097661325 0.1415873216 0.1783544009 0.1981826800 0.1754302591 0.1217291079 0.1514713704 0.1813375381 0.1961737926 0.2469883556 0.3507806455 0.4697369435 0.5585443688 0.7464848992 0.8809710393 0.8715837841 0.7776831360 0.7416147869 0.5762378594 0.4474078646 0.2920523647 0.2670957658 0.2155635987 0.1773118100 0.1254874447 0.2048342838 0.1863050756 0.1525986113 0.1812743736 0.1884887672 0.1829028863 0.1418238913 0.1578531075 0.2173805125 0.1521166612 0.1451909952 0.1631892600 0.1194960459 0.1732832728 0.2008870176 0.1534800021
0.1006971182 0.1713531043 0.1200703185 0.1601095275 0.1157361690 0.1446656462 0.1265836076 0.1009393949 0.1426608956 0.1522369580 0.1029188089 0.1401249118 0.1138835939 0.2482134804 0.3154060286 0.5205972058 0.5872832006 0.7957706334 0.8505078096 0.8155119002 0.7436400743 0.6961707105 0.4835236742 0.3719679287 0.2217122023 0.1858233186 0.1613849393 0.1453680993 0.1668167259 0.1678720491 0.1357255895 0.1058355408 0.1269825750 0.0898654303 0.1348288522 0.1487130558 0.0702426418 0.1527253783 0.1473235946 0.1248328979 0.1042245014 0.1373978836 0.0980429632 0.1092723897 0.1213812274 0.0981464554 0.1996188358 0.1724320414 0.1909031063 0.1872214531 0.3034993901 0.3456734596 0.5117527943 0.7195441993 0.7902989283 0.8712892329 0.8315425157 0.7546242322 0.5695834455 0.5009925531 0.3536254435 0.2336315047 0.1657817745 0.1818214193 0.1572739754 0.1111639884 0.1396732615 0.1432082427 0.1530457558 0.1663348873 0.1758019671 0.1816306459 0.1398574699 0.1509511671 0.1280883888 0.1254218298 0.1633108752 0.1122340866 0.1167342668 0.1414301775 0.1371384733 0.1715004472 0.1242642438 0.0954154721 0.1238612724 0.1964612565 0.1851633844 0.3092602952 0.3611930986 0.5580577941 0.6761534056 0.8129952394 0.8224160165 0.8501379743 0.7214990250 0.6436042340 0.3961391776 0.3349155865 0.2447662288 0.1770055324 0.1678726157 0.1402427299 0.1565020603 0.1612137087 0.1497891313 0.1959349626 0.1421190191 0.1718485562 0.1244868979 0.1397735389 0.1404404945 0.1103963706 0.2015253744 0.1627923541 0.2061409099 0.1505044827 0.1204637138 0.1723290266 0.1352674457 0.1316576773 0.1396247438 0.1752798649 0.1678370040 0.1853983211 0.2781725928 0.4179601519 0.5087745522 0.6921823136 0.8407745223 0.8269286563 0.8511746702 0.7104338953 0.5338262178 0.3982202329 0.2705418534 0.2379276933 0.1611372448 0.1619461632 0.1635948090 0.1612835557 0.2030800190 0.1314008825 0.1530100062 0.1615121240 0.1720889556 0.2157007594 0.1554707384 0.1625383217 0.1506087198 0.2008101144 0.1259451754 0.1362990505 0.1631388456 0.1446964908 0.1133574661 0.1646793774 0.1346326086 0.1359093122 0.1730973810 0.1698320639 0.2678437352 0.3139044925 0.4537653661 0.5504067682 0.7186278413 0.8477153656 0.9132917882 0.8099054921 0.6919372340 0.5648627717 0.3904495177 0.3084288302 0.1960184386 0.1796372370 0.0886258126 0.1805880051 0.1649501700 0.1167854244 0.1730762216 0.1715155482 0.1510401616 0.1589159822 0.1399392537 0.1588744033 0.2026441113 0.1280377933 0.1965708019 0.1194845944 0.1903563380 0.1624278754 0.1814120400 0.1584638204
0.1510367833 0.0951592213 0.0652186750 0.1434196185 0.1742957993 0.1557968973 0.1249743385 0.1658935522 0.1617318556 0.1266691766 0.1355039001 0.1096449731 0.1609599338 0.2148268977 0.3528772912 0.5022414066 0.6592013122 0.8154116542 0.8394262853 0.8496136128 0.7554825302 0.6224305011 0.5043982453 0.3380487050 0.2972814294 0.1642541263 0.1247382490 0.1530411036 0.1474515885 0.1653945248 0.0989418767 0.1615345188 0.1206594247 0.1515786090 0.1775815435 0.1779115744 0.1457778434 0.1283863125 0.1815740165 0.1261847105 0.1052570900 0.1387355083 0.1332810928 0.1483280802 0.1328696019 0.1568258811 0.1448943799 0.1460636703 0.2033100942 0.2386046437 0.2116075862 0.3545148326 0.5353299061 0.6498960551 0.7138507718 0.8435916452 0.8512687902 0.7526369705 0.6269505185 0.4331632328 0.3398683728 0.2574186703 0.2008577996 0.1466379938 0.1446250960 0.1384461629 0.1161153252 0.1498228454 0.0734950651 0.1450915052 0.1581923301 0.1255999581 0.1578668706 0.1767712574 0.1320909725 0.1790425606 0.1071305473 0.1300766463 0.1315293578 0.1480826437 0.1663808988 0.1417846456 0.1600047128 0.1468052342 0.1434165535 0.2154526344 0.2569289578 0.3034719633 0.3722017227 0.5077953986 0.6661870957 0.7524728329 0.8584620418 0.8584173204 0.7198020476 0.6279757218 0.4559663596 0.3107687809 0.2103827643 0.1646039791 0.1611467389 0.1493093238 0.1463325687 0.1453302214 0.1637361904 0.1277958467 0.2080380592 0.1940277701 0.1123556972 0.1354216134 0.1434231686 0.1542613238 0.1928928009 0.1577739106 0.0976774647 0.1453461017 0.1301092431 0.0943922032 0.1573123468 0.1167809292 0.1746097862 0.1747768181 0.1820274254 0.2597507472 0.3154481917 0.4351108590 0.5459499518 0.7262264341 0.8271210103 0.8585266313 0.8481045540 0.7403686564 0.5342856834 0.3683578982 0.3195240249 0.2234518787 0.1895598964 0.2208770462 0.1729665814 0.1484397007 0.1511629766 0.1343450328 0.1635900932 0.1489134639 0.1656921611 0.1718096420 0.1239445503 0.1435298932 0.1289628241 0.1123824419 0.1482775876 0.1808214855 0.1127081816 0.1720672699 0.1404217452 0.1810273831 0.1920605844 0.1821873546 0.1510963300 0.2022190462 0.2166020577 0.3011290981 0.4569280862 0.6000984672 0.8220087397 0.8851403329 0.8645299869 0.8248279276 0.6862766193 0.5244641825 0.4141140763 0.3549886295 0.2474754625 0.1925314043 0.1740681630 0.1764051166 0.1681532311 0.1747902288 0.1696667579 0.1673413969 0.1663302016 0.2077107870 0.1125495720 0.1591822018 0.1300146613 0.1486928709 0.1438414263 0.1273488661 0.1207984148 0.1133778423 0.1249232021 0.1457370962
0.1313998381 0.1489896556 0.1226915123 0.1641490088 0.2007331792 0.1253204456 0.1731818297 0.1570198350 0.1614177731 0.1698162718 0.1629300983 0.1504666312 0.1765478511 0.2508809659 0.3264448312 0.4393058050 0.6064544231 0.7467022566 0.8136547061 0.8702037701 0.8192717660 0.6853010655 0.4848212839 0.3834509190 0.2405807876 0.1792956127 0.1434671160 0.1285506986 0.1573517028 0.1497220192 0.1345604860 0.1070634126 0.2044756864 0.1175088726 0.1243461047 0.1145625695 0.1395852990 0.1138150083 0.1277490388 0.0849833500 0.1514016530 0.1392092134 0.1590411657 0.1286258463 0.1300374176 0.1073218432 0.1734764724 0.1019450949 0.0971344616 0.1725651404 0.2431946032 0.3218509978 0.5080676275 0.6529993382 0.7329397186 0.8965603795 0.8541061644 0.7490930748 0.5596211565 0.4377053628 0.3612836686 0.2225905877 0.1919945145 0.1101238265 0.1069160787 0.1234881438 0.1083784059 0.1703017858 0.1251265481 0.1459068487 0.1436721756 0.1681961305 0.1586563560 0.1113857996 0.0721457100 0.2184348978 0.0947704746 0.1324535413 0.1832458140 0.1422963431 0.1143840763 0.1759566540 0.1264201630 0.1369621585 0.1906808901 0.1536661413 0.2425948787 0.2697292464 0.3898324198 0.5013044274 0.6388916743 0.7798815384 0.8429238553 0.8716585861 0.7292754681 0.5986907033 0.3790076705 0.3383148223 0.2086225031 0.1744895043 0.2074750003 0.1762686576 0.1322656924 0.1693521600 0.1325623458 0.1522433942 0.1490441153 0.0961429007 0.1371475399 0.1465393936 0.1771000252 0.1457383309 0.1371771050 0.1439319827 0.1372011271 0.2043232668 0.1428043849 0.1510017030 0.1848789349 0.1366655724 0.1756131843 0.1909877197 0.1783132563 0.2515753609 0.3016974723 0.4006038783 0.5228764938 0.7382874272 0.7793948106 0.8785868548 0.7936775300 0.7427754164 0.5822375831 0.4743698839 0.3399185081 0.2679559041 0.2165821753 0.2241695844 0.2131065706 0.1154125803 0.1807112323 0.1321623742 0.1653443143 0.1917564914 0.1408983877 0.1425987970 0.1750306488 0.1446472790 0.1014142033 0.1639318077 0.1288073875 0.1439680168 0.1200195369 0.1695323376 0.1621397330 0.1644090254 0.2046845006 0.1632428400 0.1721962948 0.1643072861 0.1934060407 0.2946242089 0.3978933751 0.5621768306 0.7251815346 0.8349171093 0.8597879727 0.8269184065 0.7527756588 0.5930700461 0.4127985587 0.2834485505 0.2695468091 0.2231278345 0.1421867925 0.1169181926 0.2194849091 0.2026546442 0.1456390747 0.1791286515 0.1643316534 0.1825072329 0.1213858121 0.1651235753 0.1624961703 0.1723364386 0.1246987933 0.1567525409 0.1823967303 0.1303961463 0.1658217490 0.1890596275
0.1738179630 0.1387287256 0.1425327580 0.1373165849 0.1125177508 0.1966151136 0.1594657542 0.1226775949 0.1596598422 0.0902441867 0.0992548421 0.1425737348 0.1493631762 0.2203016102 0.3426804199 0.4207750132 0.5482409077 0.7667649203 0.8160165577 0.8041936900 0.8115515769 0.6552217913 0.4824759548 0.4112493133 0.2951893101 0.2376746966 0.1638357725 0.1619367796 0.1009619135 0.1861688514 0.1516240287 0.0902681003 0.1400099136 0.1369600706 0.1320603633 0.1862311950 0.1744307836 0.1361490150 0.2129862701 0.1681978597 0.1685791792 0.1483727350 0.1607191917 0.1204180651 0.1543090037 0.1430935443 0.1798503748 0.1319092582 0.1500110593 0.2119635906 0.2541998239 0.3907134184 0.4752990967 0.6352523414 0.8122554057 0.8118051776 0.8970010243 0.7695546655 0.6306537858 0.4890243414 0.3839480431 0.3082037969 0.1641919641 0.1687052054 0.1717777599 0.1478714338 0.1662975264 0.1496983958 0.1690068780 0.1694046180 0.1789798959 0.1387634069 0.1673433392 0.1753969894 0.1545006505 0.1310391612 0.1767140412 0.1503122411 0.1267695867 0.1254374448 0.1182618399 0.1753110902 0.1725740287 0.1475370652 0.1206297427 0.1905146429 0.2112345075 0.2506469454 0.3431454679 0.4980127031 0.5893453494 0.7660152348 0.8711837176 0.8539688089 0.8010375077 0.5889649165 0.4099518387 0.3610403856 0.2812075081 0.1536468013 0.2086687187 0.1139995622 0.1525038583 0.1688067220 0.2007887554 0.1959246157 0.1774434716 0.1719426790 0.1724901557 0.0967173147 0.1581171070 0.2135490437 0.1288215761 0.1761294683 0.1855301486 0.1489951819 0.1619591033 0.1262239493 0.1623876688 0.1542216171 0.1245416433 0.1581173806 0.2206251355 0.1883540567 0.2474032918 0.3276305775 0.5233108472 0.7111521346 0.7893119438 0.8703086925 0.8404843113 0.8079331299 0.5525736921 0.4519691990 0.2609805786 0.2587895686 0.1797430126 0.1541869009 0.1478793723 0.1592091774 0.2213602403 0.2226460322 0.2000423901 0.1722939858 0.1752796751 0.2064722206 0.1362467265 0.1758662206 0.1875009764 0.1501448894 0.1429071946 0.1808525906 0.1014258905 0.1602648846 0.1525073558 0.1308045056 0.1318076315 0.1983515692 0.1817769006 0.2135801796 0.2288125115 0.3006563126 0.4155561121 0.5524886058 0.7282757348 0.8570765296 0.9364195807 0.8391276433 0.6914029086 0.5892704628 0.4800776597 0.2636273082 0.2578404052 0.1812233871 0.1628660754 0.2228951127 0.1682914317 0.1708188238 0.1433045795 0.1668866586 0.1600369594 0.1937807934 0.1437394332 0.1609952466 0.1609920700 0.1219569417 0.1815622535 0.1719834939 0.1380250659 0.1429282708 0.1612365144 0.1458000300
0.1269014487 0.1599976346 0.1184305893 0.1752612919 0.1678374563 0.1912823138 0.1723815545 0.1490419330 0.1630149299 0.0813456254 0.1392943968 0.1453495256 0.2025165028 0.2764677385 0.3814708228 0.4599940056 0.5899249116 0.7489017068 0.8405859619 0.8698778117 0.8270041587 0.6800853875 0.5294696032 0.4170732206 0.3168946624 0.2203670216 0.1614489912 0.1433958212 0.1716428756 0.1358256263 0.2022464126 0.1553010654 0.0924092094 0.1332014050 0.1621634245 0.1505728887 0.1765203963 0.1372055078 0.1223963044 0.1235531989 0.1294254947 0.0908633279 0.1388407128 0.2263625174 0.0969783743 0.1726017442 0.1511344990 0.1856079721 0.1721704751 0.2151884628 0.2721621268 0.3025592724 0.4638624277 0.6783235495 0.7925877388 0.8495845058 0.8384297440 0.7927043379 0.6215448194 0.4793969788 0.3289474557 0.2445957441 0.2063418057 0.1784157542 0.1782652160 0.1793588122 0.1587150717 0.1425485075 0.1870468284 0.1468188429 0.0844669546 0.1443418162 0.1495341306 0.1172511399 0.1169458624 0.1324130447 0.1807629946 0.1521064900 0.1281833311 0.1252443607 0.1557037296 0.1609386044 0.1791450976 0.1565494663 0.1517476114 0.1845884703 0.1957296897 0.2733130019 0.3306245573 0.4740208847 0.6727310575 0.7970841112 0.8739272265 0.8633514515 0.7197299666 0.6097644866 0.4879654805 0.2858433408 0.1997116604 0.2356696127 0.1122140416 0.1461510359 0.1683320742 0.1639883947 0.1509472380 0.1556120208 0.1767874048 0.1468763392 0.1833914578 0.1645204390 0.2135387941 0.1296508816 0.1915636231 0.2060028667 0.1266765299 0.1416142652 0.1781405730 0.1521929345 0.1314073161 0.1914572526 0.1289555883 0.1502346692 0.2003930105 0.2452318880 0.3253559696 0.4424450099 0.4957670592 0.6597727293 0.8046907525 0.8677287682 0.8469813819 0.7702319047 0.5534746290 0.5053144913 0.3201425225 0.2450717454 0.2144773512 0.1502430166 0.1313548769 0.1574571000 0.1071013483 0.1342465305 0.1897517890 0.1277067868 0.2160031682 0.1887722605 0.1848887604 0.1727938733 0.2159457122 0.1415298655 0.1763623030 0.1329583220 0.1766737019 0.2354842356 0.1985749883 0.1119831712 0.1799559996 0.1449271171 0.1779621278 0.1726959101 0.2217787825 0.2924311963 0.4299839773 0.5456080545 0.7137333988 0.8951321122 0.8952621865 0.8422395063 0.7470061182 0.6086784754 0.4367975463 0.3346000910 0.2558142407 0.2221119652 0.1708390023 0.1620805899 0.1569584995 0.1393994210 0.1051401531 0.1612949903 0.1698813495 0.1664732216 0.1299429413 0.1650411354 0.1529604919 0.1933294526 0.2168596144 0.1875240879 0.1709459798 0.2014775297 0.1527163952 0.1902484058
0.1459782307 0.1461856023 0.1830899675 0.1522951845 0.2044474176 0.1041003381 0.1587244525 0.1590921409 0.1295028353 0.1337410646 0.0984059923 0.1835245651 0.1963393260 0.2782882441 0.3418142558 0.4422624799 0.6009887970 0.7260511590 0.8586010800 0.8453593640 0.8238871084 0.7206911724 0.5551545083 0.3541911790 0.3121890770 0.1994537249 0.1543272355 0.1760630913 0.1935382804 0.1763031042 0.1544236568 0.1471249825 0.1097074198 0.1746181063 0.1695990725 0.1147932161 0.1166490949 0.1550211998 0.1297758213 0.1543145850 0.1835733735 0.1853581260 0.1460070943 0.1708921628 0.1073294704 0.1574492427 0.1435464788 0.1576686158 0.1590938331 0.1647429767 0.2381002170 0.3442417874 0.4980547412 0.6386680262 0.7763138716 0.8694396510 0.8471268662 0.8035424122 0.6200668007 0.4748266929 0.3376486675 0.2456653165 0.1886236283 0.2009175258 0.1829332480 0.1692188837 0.2033957903 0.1839927608 0.1372438996 0.1650902429 0.1895537732 0.1684474265 0.1569103358 0.1189811143 0.1985331718 0.1792594877 0.1863630354 0.1338162494 0.1271784408 0.1660127612 0.1426133221 0.1621282739 0.1442793206 0.1413016197 0.1844429928 0.1940683418 0.2119016973 0.2788222973 0.3441883607 0.5078612020 0.6639358769 0.8496143725 0.9140375873 0.7981556545 0.7321509428 0.6510805454 0.4956722465 0.3502493134 0.2765114550 0.2503942497 0.1653832156 0.1718161305 0.1601783382 0.1581186379 0.1488637614 0.1800845274 0.1803271862 0.1677024412 0.1805991408 0.1674283158 0.1160963370 0.1911945404 0.1750144646 0.1789689329 0.2143685398 0.1148387367 0.1693384170 0.1770454003 0.1684046165 0.1614184406 0.1329245900 0.1939243076 0.1758689069 0.1970614663 0.3019492235 0.4042561784 0.5100387607 0.7204073221 0.8275141127 0.8922321380 0.8141776600 0.8267847381 0.6530295632 0.4536567219 0.3200940541 0.2729482103 0.2311739168 0.1520540812 0.1947401681 0.1466358597 0.1851752507 0.1662951468 0.2173465938 0.1717518136 0.1611648772 0.1602278106 0.1336215034 0.2547687579 0.1956079664 0.1920097836 0.1936199217 0.1936161652 0.1671880020 0.1620858856 0.1928311461 0.1846581014 0.1655586558 0.1806216724 0.1339543049 0.1510998915 0.2013250169 0.2832767962 0.3929513956 0.5510424128 0.7151692525 0.8274067566 0.9223999140 0.8479240545 0.7833941452 0.5857617343 0.4420484039 0.3368126783 0.2996786274 0.2115716929 0.1630418270 0.1144700292 0.1794983470 0.1413917621 0.1757697512 0.1772944760 0.1876611738 0.1836647514 0.1810979507 0.1576499659 0.1938302053 0.2177010322 0.1888653712 0.1908093499 0.1720152214 0.1482203876 0.1530626822 0.2006922962
0.1256386026 0.1573691702 0.1838063333 0.1449872685 0.1857238635 0.1518375601 0.0889128826 0.1726542797 0.1507145743 0.1424420436 0.1128749760 0.1949201108 0.2115408298 0.2270415386 0.3047043541 0.4486806347 0.5916581914 0.6918347543 0.8362910549 0.8946508578 0.8284457692 0.7090394742 0.5295933330 0.4134343699 0.3008731295 0.2501591541 0.2260564352 0.1932008005 0.1878775623 0.1829961483 0.1809843572 0.2090404158 0.1342143726 0.1209812131 0.1713101327 0.2199923238 0.1662545727 0.1905327742 0.1669173184 0.1886054844 0.2045174399 0.1909147062 0.1736664104 0.1866337630 0.1997983979 0.1289306774 0.1997811999 0.1348930067 0.2173466102 0.2348205684 0.2768979680 0.3372713405 0.4424160892 0.5940492128 0.7913688307 0.8190128479 0.8831730023 0.9094950111 0.6625906235 0.5349006497 0.3984402042 0.2341614765 0.2316951290 0.2055220177 0.1679682988 0.1440545112 0.1589775887 0.1652747307 0.1556460412 0.1730299843 0.1984953858 0.2159934502 0.1712964949 0.1682377880 0.1780735543 0.1671784432 0.1882991353 0.1700635899 0.1962551583 0.1334498054 0.1356325378 0.1330522738 0.1724399085 0.1712928562 0.1498178745 0.1588753135 0.2321540373 0.2526744743 0.3680735046 0.4945379207 0.6740053080 0.7860286012 0.8701626663 0.8573833027 0.7839285488 0.6461881910 0.5283350307 0.4323094415 0.2594933997 0.2361673462 0.2055684637 0.1941861443 0.1340859295 0.1916132948 0.1851866581 0.2243267056 0.2153773511 0.1709253615 0.1277786852 0.1478968131 0.1745704814 0.2090871759 0.1769705935 0.1868952549 0.1662961055 0.1517931587 0.1955759949 0.1637727871 0.1556325418 0.1428646407 0.1576538097 0.1811831141 0.2174776670 0.2953782467 0.2715207729 0.3828171349 0.5528214081 0.7420742917 0.7783896262 0.9312757070 0.8712693996 0.7690383833 0.6654693977 0.4279518454 0.3587793079 0.2867613363 0.1916437251 0.1890361719 0.1761549596 0.1746762735 0.1530908181 0.1580924901 0.1536811772 0.1794091104 0.1530639851 0.2076582676 0.2010250990 0.1745485544 0.2073801688 0.2510150864 0.1575171299 0.1710430636 0.1729939645 0.1160360684 0.1771590344 0.1557735034 0.2298151313 0.1524163610 0.2095489420 0.2455685889 0.2675039935 0.3003401785 0.3631724380 0.5828141689 0.7507938025 0.7729435998 0.9352306847 0.8504189153 0.7625264802 0.5907527061 0.4419547390 0.3148222141 0.2602543274 0.2539709300 0.1946508979 0.1761925858 0.1815418993 0.1560814453 0.1809087621 0.1532577679 0.1816799042 0.1554173936 0.1578388051 0.1832715157 0.1943228646 0.2228154121 0.1751512171 0.1476877978 0.1772440868 0.2061558959 0.1739837567 0.2006370442
0.1987487703 0.1399766561 0.2011515022 0.1797076711 0.1327470801 0.1486166877 0.1610805218 0.1675874203 0.1562266531 0.1567590770 0.1673551366 0.1807378256 0.2154773194 0.2531329075 0.2817915128 0.4448702466 0.5745583871 0.7772961157 0.8711793772 0.8895144838 0.8288750687 0.6605822667 0.5957101200 0.4143866488 0.3099256212 0.2482420553 0.1926676161 0.2041798691 0.1507889691 0.0683604501 0.1629804840 0.1916727113 0.2234519697 0.1634760058 0.1466364722 0.1895031727 0.1676026928 0.1837157355 0.1315891238 0.1927066157 0.1455342769 0.1510311877 0.2038725222 0.1572308356 0.2152182875 0.1782272446 0.1600136354 0.2286414168 0.1634840078 0.2193947957 0.2858538951 0.3635347977 0.5089701831 0.6799500491 0.8301267080 0.8511674446 0.9022200819 0.8159833820 0.6668887112 0.5486657196 0.3882656839 0.3049145178 0.2080400845 0.2503224893 0.1918639501 0.1965376708 0.1628451243 0.1999929930 0.1451642729 0.1458604787 0.1661640870 0.1622206429 0.1702126588 0.1531677337 0.1949333407 0.1656137214 0.1469434985 0.1991546601 0.1717217526 0.2013679275 0.1247566871 0.1775557953 0.1780340380 0.1645370067 0.1811844330 0.1554123920 0.2641191255 0.3204416803 0.3966941595 0.5512423944 0.6743591985 0.8086911823 0.8534390416 0.8648404195 0.7533550657 0.6455457463 0.4961038298 0.3995714390 0.3281243087 0.2459584817 0.2124291974 0.1968059747 0.1620707199 0.2182256337 0.1939619105 0.1339016360 0.1775112373 0.1681485764 0.1779967936 0.1694912681 0.1836133628 0.1283396804 0.1882021433 0.1978205375 0.1676784154 0.1799075782 0.1740546694 0.1652545741 0.1899286358 0.1834822370 0.2335591609 0.1707836860 0.1768416980 0.2228375342 0.2905895204 0.4005685598 0.5652289359 0.7017162157 0.8104623214 0.9391103034 0.9103366961 0.8086296393 0.6767932178 0.4835534373 0.3838820177 0.2589778484 0.1903662024 0.2322081308 0.1884099398 0.1589087828 0.1552216060 0.2343164380 0.1663173745 0.1638639690 0.1730039400 0.1590315426 0.1627871808 0.1730656622 0.1696307547 0.2508750587 0.2138162520 0.1184883114 0.1420540924 0.2148640659 0.1692797276 0.1691744320 0.1370000294 0.2164992896 0.2020908789 0.1850769967 0.2543780517 0.3130453769 0.4450330516 0.5834547135 0.6964838660 0.8494871469 0.9820731226 0.8568658175 0.7707159400 0.6712517800 0.5065973064 0.3534939340 0.2976205434 0.2424483344 0.2026405820 0.1741378360 0.1399697750 0.2116436346 0.2125938436 0.1677713747 0.2436403853 0.1893609657 0.1861226543 0.1954862652 0.1667987089 0.1850473973 0.1936771235 0.2470922846 0.1792533750 0.2186898577 0.2070728012 0.1034033864
0.1311456117 0.2195427452 0.1981359499 0.2075562398 0.1871462894 0.2207640121 0.1640542105 0.1792294347 0.1657650336 0.1419538431 0.1947994776 0.2051051552 0.1862502346 0.2554812946 0.3343175007 0.4555426991 0.6268527532 0.7755268015 0.8752763625 0.9365721211 0.8300796154 0.7053622205 0.5382398414 0.4764313960 0.3140736820 0.2437689062 0.2496983379 0.2161525104 0.1843521516 0.1798708405 0.1432193270 0.1725523394 0.1545650419 0.2155604994 0.2029124778 0.1684929952 0.1607801093 0.1633309728 0.1563999282 0.1896734720 0.1589411308 0.1933124007 0.1775297043 0.1727764924 0.1804820307 0.1653205890 0.1817956908 0.1951240201 0.2273673224 0.2752665006 0.2948871172 0.3774961834 0.5044132077 0.6469314255 0.7850025645 0.8612169210 0.8491636864 0.8332553779 0.6937277930 0.5360303706 0.3861793904 0.2780655254 0.2583116587 0.2170795999 0.1557417852 0.1711547147 0.1671004331 0.2270623686 0.1853291621 0.1550134048 0.1626643290 0.2364761923 0.1893947948 0.1535681594 0.1459025845 0.1655468429 0.1617365217 0.1658786313 0.1667029268 0.1613502309 0.1711332847 0.1595155799 0.2059943405 0.1906935462 0.1858917054 0.1898689740 0.2746845298 0.3025277554 0.3992389741 0.5696568471 0.7034497688 0.8236345492 0.8779458050 0.8709503684 0.8425867347 0.6647206016 0.5171613636 0.4301121850 0.3017896282 0.2092624918 0.2012797673 0.1655516741 0.2051414942 0.1545862731 0.1782983219 0.1888034426 0.2111673164 0.1761015792 0.1652681341 0.1690387971 0.2360140163 0.2196599752 0.1941366695 0.1509317745 0.1622885441 0.1845945652 0.2054996543 0.2047095601 0.2051492596 0.1484476907 0.2018746093 0.2374113432 0.2028813196 0.2371152280 0.2676804894 0.3708665788 0.5460197288 0.6696237494 0.8350296087 0.8913133299 0.8676472357 0.8177481031 0.6669137233 0.4849662564 0.3701461100 0.2681887992 0.2049126976 0.1769539759 0.2159070245 0.2070265029 0.2181509622 0.2295301383 0.1460878447 0.1993233338 0.2111718940 0.2250444708 0.2062914727 0.1889853466 0.2279010158 0.1979904085 0.1784340657 0.2118133080 0.2140241033 0.1643269184 0.1885935008 0.2075496010 0.2047054259 0.1661422927 0.1948241482 0.2149613931 0.2355065042 0.3442076698 0.3909506163 0.5402409250 0.7344774104 0.8735841127 0.8407814212 0.8549870009 0.7917732176 0.6375784454 0.4538020057 0.3927654710 0.2669017426 0.2501954029 0.1705980091 0.2317271348 0.1836261203 0.2155630864 0.1769090281 0.1786384602 0.1889354755 0.1962677438 0.2069749092 0.1689192832 0.2245324292 0.1690680711 0.1799450518 0.1702554483 0.2079917062 0.2034501989 0.1760476813 0.2201458432
0.1837410500 0.1980830272 0.1622188674 0.2309988975 0.1631321510 0.2161190766 0.2177870463 0.2333853091 0.1858030868 0.1468462968 0.1647710361 0.1456207950 0.2276971499 0.2977307147 0.3512854123 0.4763441213 0.5683268827 0.7188400531 0.8537349627 0.9054628590 0.8851453296 0.7183790365 0.5740803428 0.3935618365 0.3463693476 0.2574457059 0.1623767245 0.2017828219 0.1520244492 0.2106481092 0.2422633731 0.1868130458 0.1815000795 0.1900660291 0.1522292099 0.2021113859 0.1291041056 0.1676430109 0.2215483387 0.2289969725 0.1904211577 0.1881950497 0.1811981356 0.1927429558 0.1939754994 0.1914910609 0.2036724978 0.2293844145 0.1870162186 0.2493998914 0.2959080698 0.3610728699 0.4879664658 0.6240122542 0.8138109688 0.9015661027 0.8747599505 0.8114264895 0.7510173757 0.5937517643 0.3935843786 0.3222884388 0.2799145366 0.2586007768 0.2113211068 0.1864435196 0.1964544936 0.1878600387 0.1623499112 0.2201054842 0.1851655360 0.1724101893 0.1923782449 0.1916168537 0.2152219454 0.1898847452 0.1531410397 0.1719961157 0.1308222607 0.2250051180 0.2250798279 0.1926773410 0.1787504044 0.2428331455 0.1488001309 0.2044858900 0.2407775327 0.3489382915 0.3823245384 0.4965318632 0.6829940470 0.8306866007 0.9209180157 0.9088836481 0.8323540995 0.6944451638 0.5710762222 0.4159622432 0.3222204898 0.2751247269 0.1333161910 0.1919490524 0.1823130253 0.2460045498 0.1943539681 0.1867987976 0.2199020530 0.1667134090 0.1716634153 0.1894979464 0.1563587847 0.2275075806 0.2244426454 0.2116497053 0.1887107872 0.1629195353 0.1914819812 0.2388107015 0.2193220583 0.2062855485 0.2152690751 0.1807143899 0.2224861740 0.2469758826 0.3170856271 0.4291967093 0.5249474854 0.7031335743 0.8336996969 0.8736439791 0.8817975394 0.8065454048 0.6970811821 0.5313662814 0.3730112976 0.2613617455 0.2806650835 0.1501808786 0.1974980632 0.2193888203 0.1682091237 0.2075018574 0.1865757350 0.1737168941 0.2349128959 0.2512213142 0.1924097798 0.2208608009 0.2098158937 0.1747612188 0.1353923407 0.2394918980 0.2297300916 0.1959892234 0.2199052259 0.1893446094 0.2291555090 0.1609172245 0.1693626871 0.1888632934 0.2590162364 0.3650432782 0.4387338493 0.5583255619 0.6872994496 0.8620508611 0.9291551350 0.8962397491 0.7900106507 0.6644683265 0.5044741646 0.3608511169 0.2663362441 0.1973085220 0.2284500403 0.2787387451 0.2208457604 0.2100193341 0.2100054759 0.1754950088 0.2260146727 0.2485565202 0.2186156283 0.2334372279 0.2180915904 0.1797033996 0.1990952041 0.1798773247 0.2078880594 0.2167541269 0.2139066192 0.1969335438
0.1729418467 0.1906001186 0.1950493389 0.1570264648 0.1292279820 0.1635952209 0.2264602166 0.2074385488 0.2028356329 0.1801096990 0.1686210759 0.2040502872 0.2833272583 0.3292785140 0.3507468260 0.4388497542 0.6002020679 0.8002338562 0.8070491678 0.9028991193 0.8938744262 0.7459304649 0.6350363574 0.4191523169 0.3120839945 0.2522515857 0.2306553132 0.1783344870 0.2150119199 0.1909270563 0.2089329533 0.2042231922 0.1935503029 0.2211352573 0.1976721481 0.1915894798 0.1481099623 0.1576558961 0.2082276134 0.1924721213 0.1027577823 0.1552335800 0.1789837579 0.2197250643 0.2452870027 0.1957792201 0.1879513208 0.1981272870 0.1865748048 0.2211908949 0.2941609330 0.3387541788 0.5138697352 0.6043332364 0.8260992788 0.9051984360 0.8759551801 0.8478010312 0.7271553807 0.6043427061 0.4766595805 0.2957738713 0.2485746647 0.2351891746 0.2171227116 0.2080529548 0.1868253566 0.1900365705 0.1551180687 0.1990264997 0.1944039105 0.1781088672 0.1786382109 0.2181399370 0.1854585281 0.2261318911 0.1285112149 0.2016871796 0.2089152990 0.2129814564 0.1644381353 0.1422431512 0.1337702328 0.2183386159 0.1850668608 0.2051407355 0.2712552412 0.3219528605 0.4136296900 0.4919436378 0.6704850321 0.7987686070 0.8314088733 0.9184165325 0.8076683761 0.7054726480 0.5218463884 0.4049892462 0.3330136388 0.2286911820 0.2077891577 0.1808193540 0.2278504191 0.1719198270 0.1948833571 0.1711879870 0.1560750136 0.1713919156 0.2230159996 0.2252818358 0.1628225545 0.2144535609 0.1664045667 0.1919196827 0.1789519839 0.1754729531 0.1632410623 0.2127361916 0.2133233812 0.1898176865 0.1649857629 0.2274051480 0.2126861111 0.2831662341 0.2490889115 0.4212931780 0.5297722079 0.6457329853 0.8347151520 0.9397305048 0.8815113685 0.8099705048 0.6483239116 0.5169238988 0.4161193227 0.3133470906 0.2375633643 0.1830780359 0.1967590873 0.2244196669 0.2291131588 0.2019438967 0.2273135777 0.2362145679 0.2079566432 0.2398250220 0.1491977907 0.1720167787 0.2064376009 0.2322915489 0.1730432330 0.2065990129 0.2048162647 0.2559663497 0.2271033199 0.1922431848 0.1947111008 0.1810696673 0.2031314317 0.2206578473 0.2302751765 0.3693534244 0.4352803652 0.5657559664 0.6990858365 0.8844055613 0.9357984210 0.8976412584 0.8113946312 0.6952335870 0.4680304103 0.3486372356 0.3087743290 0.2622684110 0.2208575829 0.2462413164 0.2343849170 0.1779001091 0.2109150818 0.1859367896 0.2476535672 0.2075239966 0.2494988600 0.2455437266 0.2284052391 0.1699256201 0.2174383080 0.1583458940 0.2356806436 0.2030491466 0.1701839158 0.1707097593
0.1807474190 0.1926415970 0.2066371208 0.2048498234 0.2324617550 0.2234195814 0.1655728112 0.1948122118 0.1557382266 0.1871470682 0.1834915014 0.1958722665 0.2083610766 0.2534709980 0.3112062517 0.4075822506 0.5923513461 0.6984060471 0.8691641001 0.9161041995 0.8262912920 0.7293148087 0.5999364321 0.4711997254 0.3454987168 0.2826453126 0.2295172571 0.2277788636 0.1979537031 0.2579002091 0.2243905021 0.1600126763 0.1702019468 0.1777031259 0.1589649204 0.1749182818 0.1724034426 0.1518716554 0.1586586605 0.1994255085 0.1837255230 0.1951721425 0.1423269772 0.2022163136 0.1531121070 0.2167795469 0.2012441224 0.2082502229 0.1724718229 0.2314937949 0.2682619819 0.3617587793 0.4563393685 0.6595120987 0.7690199336 0.9156215840 0.9378397861 0.8245674299 0.7302355044 0.5642352274 0.4375261234 0.3721229541 0.2118548849 0.1795835116 0.1783135116 0.2049799017 0.1700509558 0.2175340285 0.2204132309 0.2062742080 0.1966168292 0.2067991816 0.1852759140 0.1955054305 0.1959777590 0.1901180021 0.1787995407 0.2399952976 0.1472690510 0.2338819630 0.1711150571 0.1651586204 0.1391045444 0.1852837258 0.2141721704 0.2577494541 0.2452940463 0.3044675937 0.3401687177 0.5423141409 0.6267176232 0.7907057200 0.9057728005 0.9005633948 0.8109025002 0.7036177698 0.5382038354 0.4224402525 0.3075147885 0.1928469713 0.2298644646 0.2248379944 0.2292884601 0.1776051891 0.1834066383 0.2581087768 0.2231901206 0.2090318408 0.1709504582 0.2510663056 0.1944490069 0.2136261757 0.2125361555 0.1642809624 0.2771246480 0.1634429890 0.1829743262 0.1905709519 0.1862981059 0.1988807616 0.2336158624 0.2231282018 0.2279999050 0.2461094748 0.3096454535 0.4029736168 0.5362073556 0.6546530487 0.8638530058 0.8783092496 0.9139719610 0.8436317485 0.6775615216 0.5513313647 0.3845417172 0.3105622904 0.2669439495 0.2648002591 0.2036920792 0.2262879124 0.2350927623 0.1998919319 0.1610411285 0.1793667524 0.2088297073 0.2008607143 0.2234500426 0.1865895794 0.2093540330 0.1563541104 0.1761879120 0.2181215033 0.1412346814 0.1904490199 0.1515717857 0.1802555013 0.2013886712 0.2420570872 0.2019002068 0.2042385926 0.2409077119 0.3196889736 0.3803112864 0.5677133187 0.6701383308 0.8270077145 0.9410122056 0.9291937471 0.7810025941 0.6761165692 0.4671352023 0.3978843391 0.2774813560 0.2496572817 0.2353109165 0.2252586044 0.2175631370 0.1977417196 0.1899602252 0.2216214513 0.1705461152 0.2333290742 0.1911619008 0.2422338563 0.1931060238 0.2285938100 0.2043750831 0.2075813434 0.1725745248 0.1811160162 0.1480086820 0.2105751104
0.1875073211 0.1796506816 0.2064719241 0.1957164603 0.2004732374 0.1801918519 0.2150502993 0.1651131149 0.2064747392 0.1729193922 0.1746600095 0.1918935987 0.2222614150 0.2530609175 0.3537517601 0.4377366636 0.5401870029 0.7359159772 0.8934637094 0.9195694132 0.8124278118 0.7087901518 0.5538097530 0.4743601385 0.3647895074 0.2746757914 0.2451828799 0.1849808090 0.1359419779 0.2143873406 0.2077009681 0.2024514292 0.1966441396 0.1583237338 0.2036101973 0.1923651567 0.1728242215 0.1704174930 0.2401355332 0.2019540916 0.1797366988 0.2057847171 0.2237999767 0.1670370847 0.1989474415 0.1754900039 0.1649347110 0.1687859040 0.1832776820 0.2121486451 0.2927740528 0.2996317368 0.4502487232 0.5995936443 0.6816248800 0.8542454542 0.8944218853 0.8630371521 0.7300750547 0.6527059503 0.4491290093 0.3491950495 0.2168654576 0.2728057430 0.1896237789 0.2027642213 0.1722799650 0.1648578447 0.1958138002 0.1454432347 0.1745395115 0.2301351533 0.1747926110 0.2156442144 0.1982935119 0.1494822756 0.2089427850 0.1729961006 0.1576807795 0.1823603430 0.1722133319 0.2221008751 0.1688576174 0.2090562528 0.1895698802 0.2226043238 0.2150458270 0.2734894378 0.3946434867 0.5053681078 0.6313282709 0.8262832150 0.8918755116 0.8685535376 0.8067165978 0.6499351243 0.6224364232 0.3901118824 0.3108976441 0.2678501972 0.1917234254 0.1606923681 0.2559349867 0.1734620814 0.2032066981 0.2110201973 0.1968828427 0.1815482086 0.1324792878 0.1736592029 0.2011966438 0.2095020627 0.2299598119 0.1572940418 0.1777410108 0.2218758849 0.1663418098 0.1757831771 0.2021140170 0.1967090684 0.2109895307 0.1892976855 0.1984359215 0.2566384137 0.2735902165 0.3536897442 0.5380949201 0.6853115408 0.8225861924 0.8666349034 0.9280695188 0.7987699061 0.6781882195 0.5468440529 0.3990561975 0.3261080436 0.2632904940 0.2114337644 0.2226423854 0.2208487880 0.2490591637 0.2030613024 0.1683171888 0.2056882002 0.1740758420 0.2371310381 0.1830114301 0.2311230163 0.2135352401 0.2092440465 0.2254310817 0.2384318545 0.1854436331 0.2430118535 0.1925497978 0.2093749310 0.2198595909 0.2124973638 0.2475506658 0.2195562277 0.2841146517 0.3021000263 0.4609359686 0.5929837254 0.7511084159 0.8482747912 0.9458048915 0.8962285630 0.7713422479 0.6443417572 0.5008860632 0.3969696907 0.3155346338 0.2001889545 0.1949609607 0.2311860715 0.1486972424 0.2539559699 0.1897629762 0.2118709764 0.2229320154 0.1899706549 0.2034227694 0.2396116830 0.2245725978 0.2134981915 0.2319244901 0.1818517617 0.2375330749 0.2213797148 0.1947609818 0.2588234787
