0.1848435412 0.1392193359 0.1550198923 0.1633658969 0.1655805472 0.1996220950 0.1868702766 0.1626507950 0.2150871644 0.1930271863 0.2036834433 0.2432072731 0.2741006679 0.3694733700 0.4665317226 0.6494525532 0.7287623530 0.8816945275 0.9518860295 0.8846332503 0.7695120062 0.6555569316 0.5511601808 0.4058463660 0.3471344497 0.2321822947 0.2069674584 0.2474395039 0.2094920192 0.1390271388 0.2070929964 0.2084746941 0.2354316445 0.1801160287 0.1873455102 0.1690113740 0.1979670085 0.2163722043 0.1528259889 0.1847152713 0.2140231326 0.1752239884 0.1432767255 0.1939121487 0.1522643042 0.2550088085 0.2046728939 0.2508292716 0.2161071164 0.2239605422 0.3466962429 0.4078239064 0.5557942021 0.6564505382 0.8552955137 0.8808692638 0.9078527252 0.8711246358 0.7536824975 0.6178170118 0.4670778185 0.3755597563 0.3124235107 0.2316683129 0.2379199674 0.2407573240 0.1711647843 0.2089915743 0.2071800127 0.1933194301 0.2410030984 0.1410785700 0.2196923171 0.1785482430 0.1467083248 0.1991462664 0.2296410737 0.2079242199 0.2150639753 0.1637213904 0.1470777931 0.1834535908 0.2021670656 0.2145704211 0.2447968218 0.2167263409 0.2438348070 0.2779219130 0.3096660009 0.4865705625 0.6264743132 0.7322036657 0.8487481837 0.8768500065 0.8499315736 0.8481654717 0.7400244267 0.6301545174 0.4600195760 0.3390567347 0.2714235046 0.2697230112 0.2229680650 0.2156256584 0.2541188071 0.1988402989 0.2254999993 0.2211013204 0.2322807586 0.1897915928 0.2248689915 0.2414209134 0.1445472361 0.1701867453 0.1658402015 0.1991784819 0.2014684466 0.2055472006 0.1905653441 0.1412354600 0.1331079744 0.2182062709 0.2810462507 0.2346382427 0.2348549780 0.3275046248 0.3984105900 0.5111169519 0.6549331322 0.7251462965 0.8446436403 0.9239809023 0.8805036734 0.7988981160 0.6949650276 0.5380363767 0.4107524490 0.3304625785 0.2334055502 0.2459897409 0.2236636726 0.1894993323 0.2151790207 0.2023462030 0.2238858905 0.2325801199 0.1841993255 0.1796804648 0.1843761011 0.1672054916 0.2050064017 0.2484010143 0.1778832923 0.1874313943 0.1943288830 0.2082654591 0.2113164395 0.2493987588 0.2114377922 0.2153178738 0.1741032225 0.2150218588 0.2743226257 0.3291229975 0.4356601271 0.5575447799 0.6431276491 0.7839324551 0.8724003404 0.9221156777 0.8611795171 0.7769617717 0.6668133873 0.5415037099 0.3663775279 0.3696867597 0.2725573851 0.2047310185 0.2784660571 0.2104853229 0.2430096662 0.2016098129 0.2494335395 0.1921513376 0.2112135629 0.2223241365 0.2033323408 0.1749604502 0.1771406859 0.1938815463 0.2498626328 0.1891131919
0.1596843544 0.1754190167 0.2045487552 0.1585431903 0.1671855426 0.1903829796 0.1985181354 0.1846544371 0.1975656271 0.1969685065 0.1920661200 0.2187570220 0.2429033125 0.4102589836 0.5083806059 0.5747105629 0.7397112720 0.8022631507 0.9487901527 0.8385768884 0.7883103423 0.6643210993 0.5066683854 0.4023994420 0.3090838131 0.2606095713 0.2513135333 0.1913416657 0.1688156096 0.1940124572 0.1882972589 0.2063546875 0.1985575853 0.2340990729 0.1539476119 0.1841250152 0.2072200841 0.1900184669 0.1983009706 0.1853150064 0.1857495772 0.1781224539 0.1830358828 0.2020008927 0.2360315698 0.1923646593 0.1581012811 0.1735671085 0.2529497598 0.2559203123 0.3380702785 0.4242126607 0.5553055989 0.6930861476 0.8137904579 0.8933166983 0.9091451300 0.9089132891 0.7453807909 0.6135900693 0.4914185848 0.3857135060 0.2832658704 0.2082712258 0.2587288867 0.2351049236 0.1795714674 0.1296698283 0.1965187594 0.1635351580 0.1494417096 0.2304765005 0.1968932349 0.1575753428 0.2287333489 0.2064067162 0.2173873276 0.2040357425 0.1862612830 0.1433550963 0.1569235283 0.1504076984 0.1788842574 0.2038908512 0.2340572005 0.2467455530 0.2554558013 0.2642508601 0.3499061303 0.4729416480 0.5840455623 0.7368621221 0.8393794822 0.9513056212 0.8540961199 0.8350937015 0.7722076251 0.5412638531 0.4676682157 0.3469030038 0.2940961158 0.2409949623 0.2457636988 0.1781878801 0.1619412590 0.2078376374 0.1649759167 0.2084184459 0.2137718545 0.2180387294 0.2056187941 0.2361043580 0.2206971833 0.2142496032 0.1943420719 0.1671354134 0.1680159183 0.1723399042 0.1908504337 0.1462199216 0.2176436717 0.2230145992 0.2224580683 0.2363372376 0.2955418138 0.2793441044 0.3573745899 0.4804235303 0.5880557872 0.7412633961 0.8299417531 0.9304336818 0.8440192149 0.8548977995 0.7050327764 0.5660775881 0.4082227833 0.3548041080 0.2391665768 0.2161772831 0.2425033836 0.2091802938 0.2349775062 0.2181790528 0.2579867398 0.2398440708 0.2730858944 0.2064881147 0.1820170039 0.2084034749 0.2188857611 0.2077015297 0.1918984959 0.2043469024 0.2597160784 0.1684556134 0.2363249453 0.2129921156 0.1756347570 0.2146333261 0.2215041163 0.2103668469 0.2930157292 0.3459791334 0.3916017535 0.5463119985 0.6915997975 0.8314094024 0.8929523874 0.9608710284 0.9210567042 0.8378837822 0.6348163623 0.5341615792 0.3773469818 0.3149768837 0.2877056107 0.1831606908 0.1973181666 0.1920544656 0.2201975135 0.2484624839 0.2315956604 0.2291721587 0.1811863065 0.1888870306 0.2044252538 0.1587361558 0.1668217033 0.2236961857 0.1598351599 0.2110538203
0.1766089973 0.1347873130 0.1952790349 0.1952627472 0.2359420539 0.2113773306 0.2126205896 0.1553085295 0.1839791906 0.1782259237 0.1808380214 0.2302573338 0.2806186812 0.4015091206 0.5064444668 0.6332682912 0.7460446228 0.8764911347 0.8887752659 0.9378897146 0.8303663725 0.6622217668 0.5210851286 0.3992856174 0.2683061423 0.2425030713 0.2380487849 0.1994028936 0.2165200868 0.1920227742 0.2143349904 0.2190604767 0.2224102588 0.2104098283 0.1532083622 0.2003108557 0.1549642187 0.2029329264 0.2092299209 0.1908422850 0.1950114867 0.1537288551 0.1583607976 0.2132013859 0.2024852170 0.1439510955 0.2354463562 0.1890372824 0.2590061706 0.2899785920 0.3081731834 0.4232061496 0.5395902676 0.6861367827 0.7552688540 0.8713283037 0.9495946258 0.8823284452 0.7722098647 0.5845293246 0.4441799448 0.3086112143 0.2474281584 0.2264063880 0.2382692553 0.1843671070 0.1608922358 0.1858367669 0.1452179509 0.2092231314 0.2165868554 0.1905907238 0.2096743429 0.2393697991 0.1981732695 0.1846488109 0.1721750069 0.1876163305 0.2263371292 0.1782528448 0.2229712363 0.2012669229 0.2586714822 0.2384537076 0.1953827696 0.2424046873 0.2380120472 0.2583889322 0.3561137543 0.4642526072 0.6031141272 0.7402010311 0.8359213892 0.9329627394 0.8982733663 0.7988657342 0.7012316636 0.5526339058 0.5154621026 0.3394011016 0.2967493833 0.2520579193 0.2173184364 0.2447867769 0.1813941508 0.1580980573 0.2067672600 0.2198317572 0.2002249186 0.2192903076 0.2436275321 0.1680354191 0.2280461167 0.1798959736 0.2178051369 0.2455245686 0.2313038351 0.2252981092 0.2382706425 0.2211281298 0.2040703661 0.1600713428 0.2426040317 0.1986091866 0.2569080130 0.2561723645 0.3720549022 0.4501368182 0.6143466848 0.7834034364 0.8683097356 0.8735098186 0.9001950112 0.7947949830 0.6760170984 0.4969387508 0.4634980881 0.3143396537 0.2653983744 0.2533005281 0.2450739509 0.1736939346 0.1869630695 0.1832338653 0.2092166593 0.2556256126 0.1961633691 0.2272085267 0.2065464700 0.2006561170 0.2534913599 0.1795135979 0.1992013156 0.2014846071 0.1963354411 0.1979667400 0.2094533332 0.2307990698 0.2062269600 0.1801882989 0.1998864104 0.2962534788 0.2848594667 0.3309240808 0.4328440979 0.5236471023 0.7000574290 0.8329385371 0.8880342442 0.9460378018 0.8913803059 0.7448559724 0.6102359187 0.5049464700 0.4258382083 0.2754770928 0.2894897375 0.2902792600 0.1999560243 0.1702912493 0.2309348741 0.2009961309 0.1890204639 0.2502679169 0.3033987112 0.1986056212 0.1979241999 0.2137433554 0.2135297679 0.1986122343 0.2130209846 0.1772327290
0.1964581316 0.1832962563 0.1562228044 0.1891197837 0.1500860524 0.1683677457 0.2151609295 0.1629997230 0.1552731522 0.2064347104 0.2350177996 0.2485619920 0.2407014622 0.4073672426 0.5483830692 0.6433543932 0.7646056175 0.8352935449 0.9479716466 0.8583846081 0.7835302514 0.6681102675 0.5260884489 0.3945740917 0.3133298621 0.2401692603 0.1503339963 0.1895507039 0.1724003612 0.2215342428 0.1854130797 0.1855817146 0.1777766728 0.2171302466 0.2132030884 0.1841084402 0.1635031623 0.1679659258 0.1910065304 0.1906606730 0.1650283622 0.1591717785 0.2035024732 0.2160449373 0.1477418103 0.2102588772 0.1777674885 0.1398971519 0.2088029121 0.2757972673 0.3406388966 0.4216407811 0.5664370020 0.6797907273 0.8108547005 0.8467857736 0.9193425118 0.8481539633 0.7662940363 0.6357055073 0.4695999691 0.3715691208 0.2647472533 0.2292549428 0.2051692530 0.1847748581 0.1923367898 0.2202998340 0.1887071706 0.2170666312 0.2497162064 0.1371988745 0.1417894140 0.1520456576 0.1921926721 0.2479841029 0.2138384785 0.1735637735 0.2025027482 0.1993190026 0.2243698622 0.1991548531 0.2245763047 0.2189611145 0.1808567986 0.2026650651 0.2572750518 0.3302477574 0.3501585565 0.4869446166 0.6056739928 0.7287045443 0.8241115787 0.9131945519 0.9204651152 0.8182883450 0.6937897735 0.5884984880 0.4653839331 0.3336845982 0.2552665281 0.2105497017 0.1912201147 0.1753252750 0.1434626674 0.2133929520 0.1293679597 0.1902037910 0.1978716685 0.1686757933 0.2183827717 0.1685130710 0.2089937880 0.1982257984 0.1899731727 0.2012543039 0.2373914013 0.1662728146 0.1870102173 0.1944723170 0.2053502712 0.2060221225 0.1906722139 0.2264478934 0.2309838941 0.3052201041 0.3983218281 0.4891922955 0.6594495118 0.8070516299 0.8777644840 0.9399504226 0.9146266586 0.7927933573 0.6339486203 0.5278528447 0.4040689349 0.3107083007 0.2711315351 0.2336870277 0.1712143483 0.1941870767 0.2029842655 0.1878972685 0.2212110454 0.1962658633 0.2438827005 0.2234253814 0.1815066980 0.2165344648 0.2187217740 0.2409674950 0.2431130124 0.2077236238 0.1962820908 0.2352873165 0.1654118879 0.2220701270 0.2270243253 0.2035983803 0.1789693872 0.2380971466 0.2825053275 0.3479426296 0.4481603342 0.5771536064 0.7158142253 0.8052142503 0.9253900877 0.9223587263 0.8669075461 0.7571205895 0.6335346466 0.5232337391 0.3475884317 0.2751975500 0.2170816943 0.2059415488 0.1861732354 0.1965421851 0.1685459468 0.1692367477 0.2559690547 0.2373552759 0.1910090719 0.2019740435 0.2107998703 0.1739686455 0.1879059954 0.1784348812 0.1311359142 0.2054372816
0.1944917259 0.1877588098 0.1554046104 0.2047884071 0.1486443254 0.2112280263 0.2554733419 0.1804300934 0.1200082886 0.2179775883 0.1818458265 0.1764642447 0.3230823094 0.3638492711 0.4867997632 0.6323091455 0.8087582737 0.9104328115 0.8794436536 0.8480832477 0.7639633346 0.7015481928 0.4755826880 0.3761156703 0.3446691957 0.2188227992 0.1999750983 0.2006297345 0.1624062056 0.1833202513 0.2226848252 0.1887427895 0.1730750041 0.1923105626 0.2077528452 0.1741899957 0.2266508208 0.1563379512 0.1714128616 0.1868477412 0.1729429944 0.1860820101 0.1511920958 0.1828190823 0.1260095310 0.1662944619 0.2163013949 0.2117292780 0.2049024577 0.2619862862 0.3119340585 0.4277992009 0.4916449993 0.6527191049 0.8409718950 0.8998608514 0.8853775137 0.8644947765 0.7195601050 0.6166368794 0.4865730571 0.4060194645 0.2875322661 0.2640811133 0.1774616846 0.1529762887 0.1460881915 0.1785971443 0.1665956012 0.1724618601 0.1854236101 0.1686528520 0.2187790588 0.1894687338 0.1572483414 0.1935413253 0.1526764808 0.2146522664 0.1680943627 0.1648335030 0.1454872790 0.1602572012 0.1627662341 0.2009117444 0.2265397265 0.2262309124 0.2135235463 0.2370889540 0.3494292058 0.4402968368 0.6162281113 0.6844505377 0.8090194890 0.8633264137 0.9070765455 0.8501595419 0.7034819757 0.5878174116 0.4307381815 0.3230475798 0.3003223797 0.2495961782 0.2319584368 0.2064177518 0.1738362062 0.1922806024 0.1739865891 0.2088312070 0.2019201882 0.2190830440 0.1940158392 0.1732654408 0.2299493687 0.2800975649 0.1646990901 0.1728776345 0.2118496068 0.2344479012 0.1753737211 0.1363599821 0.1873111470 0.2260289642 0.1894075854 0.2217853204 0.2311579430 0.3102749614 0.3743602714 0.4657763340 0.6291419830 0.7919570726 0.8683451625 0.8773044196 0.8885616784 0.8178751489 0.6808874285 0.4931479978 0.3758160280 0.3047606207 0.2545448122 0.2075791128 0.2178429591 0.2066009613 0.2028178423 0.1999308916 0.1836181852 0.2187142967 0.2462209862 0.2084035775 0.1485283055 0.2081671382 0.1553211995 0.2431381140 0.2398210057 0.2425880794 0.1890934290 0.1507539761 0.2005316254 0.2306568338 0.1379261954 0.1901753649 0.2467766934 0.2699973034 0.2244092092 0.3341222189 0.4544045568 0.5744199134 0.7146855523 0.8383294677 0.8939601502 0.9426329735 0.8739674726 0.7679809956 0.6028511465 0.4654778716 0.3334830765 0.2740017849 0.2490174247 0.2019801393 0.2040503547 0.2194694793 0.1477722981 0.2353302052 0.1404567546 0.1949333267 0.1994373713 0.1818674693 0.1608818757 0.2352323290 0.1838933106 0.2084019195 0.2298029470 0.2289333330
0.1492371808 0.1415766189 0.1555557723 0.1976990526 0.1534628226 0.1600264979 0.1913394576 0.1760644150 0.1823617029 0.1735211298 0.2147975720 0.2050661722 0.3088783575 0.3905609572 0.4519181706 0.5884584209 0.7423595692 0.8704496614 0.9276649534 0.8380688881 0.7378704276 0.6378196195 0.5277831739 0.3800342536 0.2611917399 0.1907798473 0.2001341520 0.2015746816 0.1645438732 0.1640593939 0.1848842400 0.1642814344 0.1132337736 0.1765609296 0.1580661997 0.1705257755 0.1711137495 0.1535039339 0.1612087909 0.1816815380 0.1646792183 0.2014303068 0.1770336864 0.1499408580 0.1479391618 0.1506074757 0.1558750181 0.2315293405 0.2205438923 0.2849108412 0.3280721805 0.3943739873 0.5172314677 0.6828503718 0.7957742066 0.8912279947 0.9303417825 0.8248715879 0.7338772119 0.6073090345 0.4041153440 0.3774101493 0.2590891045 0.2234440648 0.2125598764 0.1256293586 0.1810781374 0.1871966696 0.2209415910 0.1933930529 0.1825121555 0.2495798351 0.2028420139 0.1468027239 0.2055988622 0.1419236216 0.1631424224 0.2188696486 0.1494946947 0.1939575250 0.1694809518 0.2269133147 0.1622634058 0.1766905577 0.2362601852 0.2039318933 0.2096304036 0.2799482604 0.3092367721 0.4337895620 0.5939932125 0.7625169742 0.8740610805 0.8899867911 0.9206604800 0.8100392605 0.6629754791 0.5749147094 0.4111148237 0.2953693488 0.2286961011 0.2433954797 0.2315913144 0.2302529573 0.2093934179 0.2285963236 0.1798341202 0.1708564067 0.2195846438 0.1147801454 0.1687665047 0.1610370173 0.2211453314 0.2211290633 0.1917241643 0.2201045256 0.1552999527 0.1475444980 0.1583387556 0.1820291556 0.1432850217 0.2126331823 0.2237377620 0.2066228811 0.2236486211 0.2371531425 0.3847155349 0.4519872978 0.6792752587 0.7646582825 0.8909454003 0.9359758671 0.8756978981 0.7856821613 0.6866130908 0.5338452965 0.4051683535 0.2731834022 0.2562293612 0.1884364656 0.2042485225 0.2231248649 0.1899172164 0.1915807825 0.2293393676 0.1901658337 0.1838678963 0.2120888730 0.2160694842 0.1635505550 0.2196094672 0.1798645105 0.2257415026 0.1370796883 0.1796302477 0.2350484595 0.2276385418 0.1721458552 0.1483951472 0.1922966418 0.2434489694 0.2121438617 0.2617788422 0.2772434524 0.3657935259 0.5489113101 0.7036253319 0.8173939137 0.9144016644 0.8491731724 0.8379098911 0.7695628008 0.5962792982 0.5003683426 0.4419974319 0.3109097590 0.2389761153 0.1775829461 0.1874033881 0.1990009879 0.2096634567 0.1600973960 0.1711126361 0.1904986688 0.1497013156 0.1945572474 0.1933629629 0.1978730635 0.2630345110 0.1971001513 0.1571236391 0.2060187030
0.1582404589 0.1541619057 0.1887109117 0.1657078348 0.1604057364 0.1262379730 0.1441050801 0.1440639069 0.1437956054 0.1763493700 0.1921649868 0.1825542889 0.3444383687 0.3616888481 0.5050710187 0.6139017159 0.7762875588 0.8121350865 0.8361975817 0.8480020202 0.7473319885 0.6003654586 0.4797705711 0.3142230934 0.2920108507 0.2463021412 0.2184009204 0.1976680466 0.2041735164 0.1316311758 0.2030922967 0.2092747361 0.1865260229 0.1778983715 0.1243354699 0.1788766036 0.1340998387 0.1110251471 0.1678876006 0.2133170112 0.1626074080 0.1766553632 0.1553671379 0.1873888489 0.1915070300 0.2090932248 0.1751719832 0.2265736881 0.1940112497 0.2551468651 0.3448104659 0.4310122827 0.5064638840 0.7270059423 0.8186411573 0.8653844553 0.8901434458 0.8200380695 0.7081386053 0.5965384549 0.4543937229 0.3085107410 0.2456338106 0.1907563622 0.2209925089 0.1845997957 0.1790938433 0.1168423885 0.1804112716 0.2113115989 0.1949382511 0.1615146857 0.2009849835 0.1633406335 0.1085901167 0.1960685826 0.1574195118 0.1292047931 0.2036887396 0.1569107448 0.1398840781 0.1423248017 0.1450006468 0.1910408686 0.1853503671 0.2035954943 0.2344616998 0.2898997171 0.3387791830 0.4582006724 0.5650913325 0.7346510126 0.8522953420 0.8945786977 0.8719919935 0.8196458738 0.7063266407 0.5399827898 0.3888165942 0.3248472101 0.2223184821 0.1510291777 0.1772356786 0.1799444278 0.1260062418 0.2028499407 0.1268776356 0.2022133090 0.2726655179 0.2062404246 0.1581776805 0.1661858641 0.1861369212 0.1913530404 0.2024711979 0.1464720535 0.2032689813 0.1501125196 0.1839529623 0.1473063783 0.1769899181 0.2126680877 0.1485650458 0.1952583880 0.2113790715 0.2498776521 0.3387359398 0.4886511756 0.6650042763 0.7533633523 0.8554604317 0.8993246397 0.8803657174 0.7782242330 0.6081789375 0.5217332831 0.3887851439 0.2983139334 0.2384789330 0.2152413960 0.1709887055 0.2395467417 0.1661246347 0.2303392240 0.1690690535 0.1814995176 0.1810035745 0.2050190835 0.2120466386 0.1516473715 0.2251148297 0.2146622031 0.2437033273 0.2017264104 0.1859914157 0.2138338590 0.1816623073 0.1574987633 0.2235903275 0.2081838480 0.1966617093 0.2416576824 0.2337592688 0.3171830144 0.4057806275 0.5764218573 0.7314564124 0.8138608595 0.8667771758 0.9131879573 0.8032939008 0.7435128071 0.5959381269 0.4989887974 0.3474712202 0.3043116479 0.2389577651 0.2120357731 0.2150483426 0.2032386024 0.1779318332 0.1206333417 0.2094579087 0.1817843986 0.1904312426 0.1412975909 0.2245419550 0.1689528108 0.2120134407 0.1689037519 0.1955881832 0.2086925174
0.1554131420 0.1841955242 0.2160245977 0.2258953158 0.1979941765 0.1931222368 0.1534074317 0.1190758362 0.1792625918 0.1666624350 0.1743333622 0.2143879396 0.2908862334 0.3460933412 0.4927664281 0.6145776736 0.7801133464 0.8433605381 0.9343736017 0.8260521418 0.7660399425 0.5967914024 0.4658138777 0.3960621457 0.2758899692 0.2171891297 0.1371895614 0.2003922440 0.1910230833 0.1546190387 0.1917785129 0.1444928836 0.1908441997 0.2492829928 0.1533833325 0.1589996565 0.1646726562 0.1964162062 0.1461390885 0.1335533501 0.2199618988 0.1555263970 0.1596471980 0.1860894540 0.1686949873 0.2036275986 0.1662861044 0.1853154346 0.2165192863 0.2288724951 0.3351497661 0.4519795592 0.5327323793 0.6452442875 0.7969280541 0.9355145599 0.8548017923 0.8275215907 0.7039071448 0.5584254767 0.3975756066 0.2839299115 0.2669497588 0.1809723523 0.1745603689 0.1949192336 0.1477712337 0.1647502969 0.1336185852 0.1512227545 0.1855202879 0.1520951652 0.1617137769 0.1668532965 0.1730335786 0.1861082836 0.2220025702 0.1504725209 0.1554933093 0.1274808108 0.1754582883 0.1580849429 0.1638298334 0.2013323123 0.1366641103 0.1756616963 0.1866509125 0.2756181763 0.3567188113 0.4657848214 0.5689008456 0.7094847695 0.8343941817 0.9195751428 0.9001428271 0.7595784507 0.6927052520 0.5016078637 0.4487641996 0.3119310113 0.2398344488 0.1749489234 0.1453440904 0.2178591228 0.2353336971 0.1909592625 0.1404581890 0.2125505472 0.1819178437 0.2135117733 0.1462298481 0.2000566968 0.1837427733 0.2153328286 0.1886483883 0.1670587558 0.2077496679 0.1283937965 0.2140058803 0.1605777404 0.2250949850 0.2097916476 0.1857177007 0.1287699422 0.2585225013 0.3135670638 0.3684829873 0.4533593731 0.5877007914 0.7799378458 0.8615342949 0.8726183868 0.8661038058 0.7445158661 0.6584542703 0.5273908301 0.4310124968 0.2986072209 0.2360255102 0.2121737887 0.1678307064 0.1832137216 0.1489099006 0.1772778342 0.1589111342 0.1935912591 0.1796051301 0.2317332058 0.1820857148 0.1829468192 0.2216483800 0.1866471815 0.1766973608 0.1685000670 0.1788543037 0.2385630219 0.2125717753 0.2135418731 0.1762612996 0.1135461578 0.2496484438 0.2397727811 0.2695296601 0.3595922385 0.3930911829 0.5446473321 0.6815133635 0.8087615910 0.9115121500 0.9373163979 0.8754329076 0.7262348589 0.5882303735 0.4632588555 0.3817630217 0.3342645336 0.2304285281 0.1961046640 0.2029778980 0.2253538098 0.1935459068 0.1892626812 0.1773113441 0.2000672376 0.1981790726 0.1714963040 0.2047014466 0.1920124212 0.2073385278 0.1929770899 0.2090914681 0.2022721620
0.1539635463 0.1550126344 0.2304938690 0.1859885199 0.1530600195 0.1564258633 0.1870735164 0.1639509198 0.1511497517 0.1941170902 0.1975390781 0.2207017775 0.3125267815 0.3482147654 0.4767160841 0.5791532827 0.7768696233 0.8855503227 0.9112029344 0.8694143460 0.7797260074 0.6382015685 0.4654931462 0.3480070549 0.2186132280 0.1957083246 0.1799738346 0.1729139615 0.1364288729 0.2035652331 0.1974525202 0.1344524965 0.1373029551 0.1498914171 0.1991971251 0.1734192494 0.2225167025 0.1802394112 0.1396701775 0.2010254460 0.2184297388 0.1565991062 0.1578189390 0.2160114758 0.1453496972 0.1889211752 0.1988394457 0.2139291544 0.2014428774 0.2118969969 0.3039779034 0.4320374172 0.4515868618 0.6803799335 0.7647180451 0.8986548078 0.8792960080 0.8003922711 0.6763063849 0.5447209238 0.4128812810 0.3429815621 0.2442315593 0.1889333696 0.2487381745 0.1735395973 0.1666494106 0.1632850726 0.1325597362 0.1548088419 0.1451480815 0.1698275912 0.2050393631 0.1763985701 0.0978888968 0.1873604577 0.2108748324 0.1523288916 0.1292528734 0.1389488357 0.1781950168 0.1624029705 0.1453823963 0.1577430451 0.1954646556 0.2376524432 0.1997328170 0.2712688789 0.3096415941 0.4307099607 0.5655161281 0.7166676119 0.8361355979 0.9058015039 0.8645924564 0.7741361827 0.6750951155 0.5313277092 0.3667338899 0.3241851558 0.2367746901 0.2323071676 0.2119507603 0.1959813837 0.2181596052 0.1560785839 0.1483331338 0.1832944311 0.1630274239 0.1952598023 0.1791847362 0.1353067335 0.2356758649 0.1680923010 0.1883717090 0.0930856203 0.1786440743 0.1938781295 0.1782478542 0.1551598195 0.1618912980 0.2005406393 0.1982160568 0.2592533222 0.2504659311 0.2724954513 0.3568672637 0.5158807274 0.6396407949 0.7677520566 0.8443050734 0.8635912441 0.8296806415 0.7607729118 0.6239795145 0.5039184867 0.3750113024 0.2669154878 0.1826217900 0.1657068138 0.1334748392 0.2217084324 0.1625689299 0.1992079703 0.2050244162 0.1828379475 0.1982361765 0.1585166052 0.2184911496 0.1503471377 0.2020043752 0.1685557299 0.1900580227 0.2163672675 0.1648723170 0.2319343775 0.2030016818 0.1851343402 0.1561629533 0.1955485083 0.1884100264 0.2162466858 0.2563881590 0.3789308013 0.4414296455 0.5432046536 0.6977329000 0.7968380158 0.9266441577 0.8872621298 0.9226383511 0.7172594585 0.5363560670 0.4581122408 0.3883779480 0.2830860716 0.1595501065 0.2041171517 0.1768160031 0.1984611547 0.2077009929 0.1947813169 0.1873526918 0.1858548515 0.1699829942 0.1778988718 0.1813324971 0.1597335715 0.1290003312 0.2017349428 0.2140837578 0.2073337744
0.1477822184 0.1480523985 0.1727483003 0.1629977962 0.1741423229 0.1465703406 0.1560696021 0.1120104585 0.1774681981 0.1895004427 0.1733668463 0.2376788013 0.2296272314 0.3618758564 0.4879392543 0.6355839105 0.8171719159 0.8858200367 0.8692260017 0.8489531067 0.7758543946 0.6420881433 0.4771606102 0.3548361804 0.2440869863 0.2039816037 0.2205425309 0.1863228227 0.1231878868 0.1928631692 0.1468351637 0.2074293123 0.1585874347 0.1827675999 0.1547474408 0.1649033997 0.1902613557 0.1593258379 0.2035154847 0.1860742315 0.1723626805 0.2155969809 0.1966295681 0.1844044614 0.1856518072 0.1737519215 0.1955398656 0.1683788057 0.1925067786 0.2126511677 0.2882953257 0.3648281121 0.5356780574 0.6839500355 0.7833304105 0.8946995229 0.8529464839 0.8253571954 0.6897188624 0.5709408487 0.4192403427 0.3089994938 0.2929161898 0.2321513785 0.1887110299 0.1607252197 0.1738395854 0.1644814050 0.1360836566 0.1756821150 0.1385473179 0.1998883600 0.1731435212 0.1383026421 0.1485843905 0.1907721617 0.1113523454 0.1525342333 0.1894145905 0.1345947347 0.1714330494 0.1959412303 0.1425890760 0.1991535260 0.1633010577 0.1691015432 0.2201521058 0.2916696036 0.3666164240 0.4620921287 0.5635263918 0.7336308329 0.7724952946 0.8905227480 0.9003420146 0.7850217833 0.6876504330 0.5139106374 0.4452538793 0.2566052771 0.2711507569 0.2225130356 0.1857854474 0.1804135282 0.2060233002 0.1935705870 0.1429726439 0.1781830339 0.1638896150 0.1965824750 0.1841143857 0.1590079740 0.1857388500 0.1764945574 0.2171444178 0.1666854366 0.1387959249 0.2066235837 0.1172223216 0.1720552308 0.1504621210 0.1845030503 0.1741195694 0.1789174824 0.2456924824 0.2779067020 0.3621129486 0.5083645799 0.6471227373 0.7801939403 0.8113011665 0.9111767722 0.8834366729 0.7542445482 0.6099684893 0.4642449113 0.3516289183 0.2979258176 0.2473229001 0.2042608861 0.1958372408 0.1893454319 0.1848772560 0.1775600593 0.1483716260 0.1513108242 0.1846625795 0.1804168673 0.2008639655 0.1416742537 0.1520702135 0.0995280907 0.1504811346 0.1911227285 0.1800631180 0.1888173155 0.2074011019 0.1654221506 0.1607533155 0.2023241423 0.1737683159 0.1869554672 0.2589470595 0.2788705937 0.4022700829 0.5099491550 0.6877832815 0.8474292955 0.8701609533 0.8936121747 0.8437990156 0.7316347600 0.5768096661 0.4836876217 0.3202435163 0.2525058135 0.2235915145 0.1801373606 0.2293408238 0.1899748058 0.2231828064 0.1774894610 0.1674350411 0.1847081034 0.2096148433 0.2394181262 0.1418555526 0.1568678357 0.1921018264 0.1467227934 0.1752586088 0.2702599660
0.1477336776 0.1652321617 0.1623495330 0.1694221234 0.1706760544 0.1737542719 0.1477494277 0.1674323868 0.1429988647 0.1721136534 0.2157593616 0.2120481896 0.2678536256 0.4026428137 0.4845240017 0.6200736421 0.7852501017 0.8138278711 0.9087693177 0.8380936175 0.7511541537 0.6396089525 0.5010757259 0.3820358600 0.2524374188 0.1569623822 0.1791967555 0.1406375274 0.1767697296 0.1351745216 0.1456601475 0.1768644840 0.1280599915 0.1711667762 0.1911290924 0.2008472478 0.1727409887 0.1892568265 0.1645624760 0.1354290181 0.1702587835 0.1826106761 0.1473064661 0.1664185041 0.2049437987 0.1857906160 0.1754338906 0.1824180100 0.1753036241 0.2802431903 0.3463983439 0.4350994736 0.5067103317 0.6700523346 0.8329591457 0.8901446160 0.9104848005 0.8723291668 0.6595379886 0.5466194613 0.4039101279 0.3568194122 0.2542611277 0.2023590815 0.1878707656 0.1886806540 0.1551758193 0.2016230394 0.1809431269 0.1156882711 0.2098629821 0.2175369202 0.1786865206 0.2055494043 0.2171727839 0.1506468777 0.1875433201 0.1258886064 0.2292693293 0.2057642889 0.1607253692 0.2062608691 0.1811789618 0.1877279776 0.2166764764 0.2008390721 0.2468442541 0.2867998768 0.3377443898 0.4475205735 0.5701225889 0.7501180914 0.8510424430 0.8602953761 0.8772036344 0.7375525374 0.6524429634 0.5087778937 0.4474836919 0.2941313929 0.2927871808 0.2021402516 0.1742195174 0.1969166170 0.2030983352 0.2100592721 0.1505390647 0.1629498219 0.1979297479 0.1703541844 0.1381459709 0.1804907757 0.1949895894 0.1971115167 0.1748363914 0.2025404188 0.1489953299 0.1610552374 0.1431545230 0.1654266450 0.1799886282 0.2158748208 0.1306144676 0.1740641836 0.1807537818 0.2728400131 0.4225273839 0.5352910340 0.6602799176 0.7651532100 0.8324058525 0.8882051732 0.8729894245 0.7819163510 0.6196779586 0.5002152852 0.3260944515 0.3147910936 0.2414314898 0.2265607187 0.1676943675 0.2194553366 0.1466362128 0.1548791799 0.1722955645 0.1916091859 0.1555908510 0.1715000046 0.1893729293 0.2168697216 0.1794450826 0.1475104375 0.1967183790 0.1984853975 0.1985372120 0.1979973693 0.1694536494 0.2055155468 0.1427500998 0.2292760329 0.1994989453 0.2632104262 0.3050194732 0.3368673397 0.3959596032 0.5561305015 0.6915638265 0.8465323096 0.8591432206 0.9203019257 0.8098668282 0.7539839265 0.5773500111 0.4617769757 0.3601213782 0.3277691621 0.2263147968 0.1650290818 0.2031995972 0.1835276522 0.1794864344 0.2595683090 0.1974390853 0.2297740896 0.1884831889 0.2147506914 0.1514740775 0.2441590376 0.1965090333 0.2210402823 0.1870010245 0.2055792192
0.1644853835 0.1804920435 0.1733398816 0.2085442061 0.2196839522 0.1948170441 0.1733209546 0.1642984700 0.2003246404 0.1744982014 0.1573319481 0.2491819879 0.3141450701 0.3868305030 0.4990866653 0.6208522597 0.7920712370 0.8410079618 0.8671722741 0.8463617408 0.7249814417 0.5764808057 0.4746052281 0.3908433511 0.2594437602 0.1782224690 0.2029650994 0.1594898099 0.1736500203 0.1944925033 0.1887205982 0.1987803306 0.1607723512 0.2115047341 0.1893542036 0.1769207347 0.1615186675 0.2015425508 0.1938529422 0.1892012170 0.1906678584 0.1572258431 0.1731943827 0.1230502953 0.1886909485 0.1406322147 0.1765848751 0.1959587470 0.2389127626 0.2708073759 0.3673788100 0.4144530216 0.5728127399 0.7288198799 0.8217881467 0.8935190260 0.8722934053 0.8101408393 0.7762439229 0.5685038446 0.4102305451 0.2916998779 0.2801862785 0.2351934078 0.1408862459 0.1897497785 0.1692833110 0.1861219323 0.1484919636 0.1816942096 0.1610814188 0.1655504645 0.2059471564 0.1712440081 0.1446633373 0.1856816612 0.1469559265 0.1572465660 0.1868387266 0.1182368941 0.1948745990 0.1818737970 0.1814271209 0.1908521046 0.1729519591 0.1917084434 0.2273607633 0.2732107896 0.3960299815 0.4653090031 0.5750922932 0.7717971689 0.8587090340 0.9030615008 0.9409166376 0.8111722504 0.6752538325 0.5537378650 0.4044925674 0.3108757772 0.2420741351 0.2092379899 0.2215118171 0.1914999605 0.2077227626 0.1220340453 0.1785552796 0.1872580799 0.1743081781 0.1663891986 0.1525658487 0.1971576258 0.2058494497 0.1423922823 0.2326983426 0.1920163085 0.1424975194 0.1442661129 0.2057136488 0.1999138885 0.1663809095 0.1597509706 0.2246843810 0.1900877847 0.2002428526 0.3338171632 0.4012804146 0.4456098771 0.6268659610 0.7857057930 0.8499095221 0.8928956879 0.9125142755 0.7846891920 0.6170540239 0.5187060906 0.3404590617 0.2875271315 0.2788413441 0.2112176875 0.2201896684 0.1762912024 0.1963124367 0.1502069249 0.1690780718 0.2230155584 0.2156882880 0.2210313051 0.1889506279 0.2061339461 0.2116062935 0.1782592078 0.2069205204 0.1821429163 0.1910351744 0.2152669324 0.1762276086 0.2103299188 0.1524196223 0.1996699703 0.2030935122 0.2396891242 0.3274719980 0.3154383497 0.4070461322 0.5537346288 0.6893616279 0.8088608767 0.8873446523 0.8816020037 0.8547914432 0.7510751145 0.5421207328 0.4790677762 0.3347733535 0.3085602390 0.2525047680 0.2332197872 0.2007523531 0.2434782373 0.1888851556 0.1395469114 0.1831033707 0.1804967318 0.1569305354 0.2103096304 0.1147199673 0.1331295321 0.1713207451 0.1807029327 0.1833160416 0.1874448254
0.2148054539 0.1240096100 0.1852274883 0.1572122328 0.1673019803 0.2019483355 0.1906417002 0.1620124329 0.1836237797 0.2153746547 0.2219755608 0.2544333593 0.2502982103 0.3525405109 0.5366781235 0.6861181589 0.8022677998 0.8685629438 0.8962595402 0.8839635545 0.6999136515 0.6018411825 0.4274885164 0.3968351860 0.3138835914 0.2432857675 0.2403649047 0.1134142293 0.2216378942 0.1695788562 0.1936417756 0.2036027877 0.1303286722 0.2084579911 0.2077688701 0.1703438219 0.1543177067 0.2339597618 0.1779942872 0.1267839968 0.1555022769 0.1741295659 0.1718166054 0.1570150956 0.1920304106 0.2004488515 0.1532191400 0.2232053467 0.2252808462 0.2719096241 0.2927027010 0.4099454493 0.5367175313 0.6840532577 0.8336846233 0.8989574658 0.9151216793 0.8168272138 0.7236065821 0.6074816001 0.4256968984 0.3745350158 0.2633343460 0.1988717344 0.2172348336 0.1841395009 0.1665325676 0.1846491811 0.2058945396 0.1912846986 0.2254188670 0.1438201149 0.2069630423 0.2036023679 0.1659511810 0.2584233773 0.1804296097 0.1699027453 0.1869154852 0.1911901675 0.1528766771 0.1888291146 0.2038832699 0.1645100131 0.2322663048 0.2239342188 0.2553466711 0.2301971471 0.3385629634 0.4477666177 0.5704160153 0.7528358988 0.8307739527 0.8700390748 0.8748139000 0.7952570692 0.6224390377 0.5517760825 0.3892427695 0.3445006552 0.2534809197 0.2393946397 0.2534229610 0.1265615338 0.1712246536 0.1660147823 0.1904305307 0.1715433619 0.2124341960 0.2240218649 0.2176187314 0.2005222829 0.1830828147 0.2176109960 0.1953481004 0.2020105351 0.1987845963 0.1735429840 0.1804244418 0.1426549404 0.2324686932 0.1874058442 0.2267977896 0.2222763154 0.2256298039 0.2893067799 0.4192698543 0.5268402930 0.6703133178 0.7879198210 0.8661725144 0.9009529386 0.8479730311 0.7405034250 0.6089111409 0.4650529641 0.4227899167 0.3692796952 0.2084946992 0.2565292738 0.1989130759 0.2271373965 0.2017630720 0.1472045729 0.2045460845 0.2223329357 0.1779408798 0.1970111118 0.2125223950 0.1820876508 0.1518443178 0.1674252003 0.2462143770 0.1725142649 0.2178153047 0.2099464917 0.1978163302 0.2035274743 0.1631862530 0.2315020615 0.1671473014 0.2329473737 0.2389783326 0.3609460147 0.4333271231 0.5135602908 0.7191975734 0.8490057354 0.9237788248 0.9294696578 0.8891005588 0.7231898654 0.6026655651 0.4949209311 0.3693962909 0.3094915753 0.2172413682 0.1906354081 0.2379572194 0.2334911376 0.2338389376 0.1515929105 0.1836184389 0.2197717425 0.1770824481 0.1708290986 0.2314720386 0.1825210191 0.1698003092 0.1977877707 0.2020845050 0.1955229278
0.1861410632 0.1449779871 0.2206562165 0.1943326350 0.1499495271 0.1995041855 0.1169073580 0.1946492725 0.1731192016 0.2226026912 0.2135979511 0.2795423053 0.3048076666 0.4362468423 0.5217710966 0.6572183445 0.7594506457 0.8408134733 0.9118441094 0.8259391072 0.7546150880 0.6624218163 0.4550297838 0.3353732085 0.2980346486 0.2620839576 0.2472827105 0.2404572207 0.2011055720 0.2166707728 0.1745964041 0.1254656339 0.1988983125 0.2139514308 0.1800107782 0.1930152121 0.1983972896 0.1862518773 0.2353016635 0.2472919178 0.1774934265 0.1806733606 0.2048651766 0.1893646926 0.2153271434 0.1993911726 0.2097426867 0.1926804169 0.2540383951 0.2689694991 0.3359853662 0.5008851544 0.5536065724 0.6999328183 0.8228996406 0.9382057067 0.9781721079 0.8345795728 0.7094157508 0.5906629707 0.4578155602 0.3462885773 0.2250604202 0.2310978808 0.1606254394 0.2501577008 0.1941631216 0.2216971901 0.2251043812 0.2343603268 0.2219932857 0.1689017271 0.2071996455 0.2269891848 0.1974324169 0.1897008268 0.2023237051 0.1855680636 0.2496070270 0.1458878519 0.2086522843 0.2333508575 0.1970906007 0.2030072126 0.1757082571 0.2763465632 0.2448137886 0.3260611834 0.3836496881 0.4726901245 0.6609949467 0.7549142043 0.8343962173 0.9047935233 0.8937468176 0.8434062117 0.6733492400 0.5770756816 0.4304626495 0.3277527518 0.2595742588 0.2509288436 0.1756322353 0.1948220470 0.2051957292 0.1672177251 0.2557488671 0.2251972586 0.1967747362 0.1913599207 0.2182814554 0.1696910126 0.1884077014 0.2651714963 0.2176268017 0.2003037295 0.1708369276 0.2306489703 0.1879688566 0.1903510291 0.2173130109 0.2221593690 0.2530397904 0.2099551442 0.3170799496 0.3083135049 0.4075628840 0.5536334264 0.6919440078 0.8242041836 0.8945338870 0.9230322185 0.9077095959 0.7507754544 0.6328265022 0.5175524905 0.3899567271 0.3152997804 0.2253442072 0.2316195480 0.2018546887 0.2114434965 0.2091382487 0.1454441864 0.1515921748 0.2454170957 0.1926192843 0.2130627492 0.1995496651 0.2203576214 0.2242635301 0.2044861047 0.2294696350 0.2541317255 0.2453602033 0.2102729937 0.1981002607 0.2069479462 0.1872566992 0.2280743578 0.2477995201 0.2285960728 0.3342335194 0.3321204584 0.4851322882 0.5732619514 0.7335308571 0.8570741003 0.9434624927 0.8837068704 0.8496413068 0.7382615777 0.5986235018 0.5054632736 0.3518487497 0.2996649612 0.2197222317 0.1798950367 0.2009036284 0.1915415275 0.2472838699 0.1680865994 0.1911999329 0.1995701182 0.2006798973 0.2799843856 0.1746947420 0.2484981053 0.2470464894 0.1986244265 0.2063562408 0.2493693559
0.2073121710 0.1899283833 0.2367087638 0.2010010995 0.2053367106 0.2203755503 0.2054500358 0.1811730395 0.1873001417 0.2299719283 0.2234398564 0.2480987903 0.3545454062 0.4239410482 0.5436253017 0.6823278350 0.7978610386 0.8858191549 0.9073446847 0.8750215422 0.7513361955 0.6233378082 0.4934496994 0.3481701422 0.3162264297 0.2152175426 0.2199153207 0.1571261971 0.1818742859 0.2047649220 0.1908651329 0.1914427708 0.2166543938 0.2074304427 0.1603213695 0.1420144483 0.1943739955 0.2186251211 0.2638441884 0.1808218550 0.1490033271 0.1938321121 0.1595982715 0.2060745867 0.1531432522 0.1996346667 0.1991526962 0.2048156412 0.2725976686 0.2594575121 0.3862279133 0.3993874653 0.5641402351 0.7432031472 0.8520856750 0.9961366280 0.8711202964 0.8248383197 0.7569967625 0.6090177150 0.4262643103 0.3087475876 0.2596565563 0.2405021150 0.2135897923 0.2277685075 0.1979141643 0.2063887773 0.2258546214 0.2107732614 0.2092177029 0.1873257906 0.1787417200 0.1568888255 0.1486463577 0.1524750831 0.1850303811 0.1695680275 0.1601182148 0.2174803245 0.1991412576 0.2322371719 0.2081697929 0.1953997439 0.2389087082 0.2414026609 0.2368939732 0.2746828960 0.3923178595 0.4981909039 0.6355395756 0.7666062297 0.8747839632 0.9225350481 0.9226753297 0.8289297133 0.6321305237 0.5437043481 0.4317797730 0.3196465482 0.2642448667 0.2093367804 0.2764702109 0.2467184930 0.2221338654 0.2148898181 0.2013039604 0.2458117670 0.2050428464 0.1997630840 0.1646809903 0.2046550153 0.2317631885 0.1882414615 0.1851677827 0.2043439750 0.2276188329 0.1694773147 0.1250356317 0.2148760351 0.2210434774 0.2384171104 0.2054269654 0.2184730651 0.2381559862 0.2983046189 0.4199489718 0.5024246791 0.7145153254 0.7686485014 0.9326349300 0.8951494358 0.8826457893 0.7757703076 0.6328857476 0.5390006982 0.3478117388 0.3117759979 0.2079645423 0.2749085978 0.2440135686 0.2111746071 0.1542083878 0.2277348126 0.2285079390 0.2253330297 0.1978783446 0.2349277292 0.2385189299 0.2059137942 0.2006544981 0.2109123610 0.2381463016 0.1945282704 0.2168203419 0.1425736707 0.2108391750 0.1793934842 0.2482427327 0.1838525121 0.2444423186 0.2224677673 0.2648039151 0.4160541830 0.4852793633 0.6147889905 0.6739802574 0.8535653977 0.9598397950 0.9787361588 0.8318112009 0.7484667104 0.5706377551 0.4657800848 0.4012773211 0.3172800152 0.2394983373 0.2445223774 0.1796270373 0.2321711568 0.2282003819 0.2119862666 0.2371720582 0.2153616108 0.1970219357 0.1781978700 0.2298007302 0.2129684247 0.2357571542 0.1912707255 0.2539921072 0.2270661458
0.2318840521 0.1890502493 0.2007551113 0.2230209082 0.1344677248 0.2435409645 0.2098957162 0.2006771054 0.1976353365 0.2090616631 0.2235777017 0.2671044006 0.3173688088 0.4080089873 0.5392965598 0.7074940536 0.7899290762 0.8530013796 0.8862407320 0.8697104213 0.7696013150 0.6631208952 0.5432938631 0.3845154789 0.3200314996 0.2525272738 0.2628069099 0.1749991003 0.2586479036 0.1893949386 0.1907362729 0.1627587832 0.2503119297 0.2449879283 0.2084931525 0.2523543967 0.1935566112 0.2331611157 0.1820407708 0.1648192560 0.1981677698 0.1949840660 0.1905429592 0.2553608746 0.2190666855 0.2028971940 0.2065556310 0.2226883804 0.1886663099 0.2773025147 0.3244459620 0.5065242019 0.5695021834 0.7675382750 0.8850946024 0.9260607752 0.9484826959 0.8389801840 0.6936123547 0.6111648149 0.4756528941 0.3623698007 0.2779266997 0.2694874700 0.2282910038 0.2327471550 0.2414946623 0.1959511116 0.1529475603 0.1787096218 0.2312422705 0.2385500778 0.2099048102 0.2361974364 0.1803987198 0.1630853576 0.2251460860 0.2124832544 0.1745110854 0.1879346479 0.2286387978 0.2171076255 0.2421607811 0.1878246226 0.2177862800 0.1820688814 0.2123684577 0.2806469628 0.4169769550 0.4400300878 0.6489538538 0.7901964040 0.8503055468 0.9320217392 0.9733646046 0.8597360742 0.6982136099 0.5639643834 0.3971865443 0.3227072870 0.2594665124 0.2106101101 0.2464968519 0.2691441125 0.2132559980 0.1951530349 0.2418575516 0.2714190662 0.2326055029 0.2427108957 0.2026032662 0.1840225993 0.2136924158 0.2244005784 0.2309963593 0.2101931269 0.2177045008 0.1950348562 0.2480417846 0.2323990484 0.2361902093 0.2526409715 0.2064216047 0.2837202498 0.2727843526 0.3463604771 0.4185087176 0.5381032789 0.6795452328 0.8033780075 0.9044585719 0.9338321772 0.9136084813 0.7347196649 0.6152603178 0.5542961106 0.4123961180 0.2761055312 0.2442271554 0.2077564793 0.1722027276 0.2287210224 0.2362075214 0.2249194305 0.2024698482 0.1951621866 0.1858432771 0.2204855075 0.1750126336 0.2468911843 0.2170441794 0.2188731915 0.2273640644 0.1909455055 0.2302237528 0.1884326980 0.1961914935 0.1802433721 0.2291761593 0.2550312049 0.2300512318 0.2857241499 0.3078110889 0.3274119792 0.4811023599 0.5922069533 0.7401909662 0.8649897387 0.9134999325 0.9741093818 0.8607511299 0.7556054726 0.5872941086 0.5239362673 0.3958047621 0.3210136784 0.2916001615 0.2576685811 0.2676115583 0.2387742941 0.2255585645 0.2195937314 0.2694100126 0.2559333351 0.2735817113 0.2204505856 0.2759470010 0.2356290938 0.2641639368 0.2273620598 0.2716577608 0.2211923391
0.1957083132 0.1819493973 0.2277812187 0.1687911273 0.2565509690 0.1987356842 0.2100209674 0.2085202203 0.1974387188 0.1930012678 0.2014736826 0.2833834450 0.2952500253 0.3689131707 0.5348450298 0.7175852499 0.8507523595 0.8743640851 0.9037032280 0.8629868821 0.7401953353 0.6291882059 0.5005992827 0.4373611016 0.2789062543 0.2408291337 0.2325055963 0.1929239025 0.1833306669 0.2004360332 0.1621769396 0.1968787480 0.1670545822 0.1601348292 0.1848442197 0.2062813058 0.2077625881 0.2462839629 0.2224789509 0.1664391991 0.2004536768 0.1742727298 0.2484197380 0.2650138447 0.2204055292 0.2157756397 0.1871481552 0.1991716094 0.2760446600 0.2344119274 0.3432911995 0.4711893318 0.6181935431 0.8067578324 0.8792169431 0.8949875573 0.9243900684 0.8518303519 0.6994120343 0.6388872555 0.4628505547 0.3493281145 0.2887182130 0.2159443042 0.1812602641 0.2111669138 0.1848487306 0.2570411370 0.2495648964 0.2205794229 0.2517589517 0.1944997656 0.2416805139 0.2018197385 0.2416131399 0.2174669620 0.2027882132 0.2395317280 0.2034501935 0.2549312148 0.1461006947 0.2123621534 0.2221951877 0.2516229123 0.2420410400 0.2342583713 0.2823606978 0.3147149184 0.4085467230 0.5434801475 0.6552161918 0.7958868832 0.8975709848 0.9800122542 0.8898834744 0.8591255084 0.7356999150 0.5280511627 0.3818971381 0.3045560576 0.2444973376 0.2193319233 0.2437532634 0.2756713158 0.1939628419 0.2343899473 0.2297021127 0.2017738376 0.1992437838 0.1963152783 0.2365416787 0.2407099080 0.2244192933 0.1866005506 0.2855819211 0.2478006881 0.2332932492 0.2149923468 0.2150167396 0.2457877921 0.2400211569 0.2486002567 0.2741005294 0.2587783987 0.3107501007 0.3219947567 0.4206743558 0.6007589746 0.6874791731 0.8629590373 0.9244601316 0.8817685416 0.8710902041 0.7872168211 0.6530053709 0.5113506537 0.3825277866 0.3083300585 0.2714812594 0.2739228453 0.2501131432 0.2496382735 0.2371028584 0.2256742838 0.2301408798 0.2229379873 0.2193748115 0.2098839451 0.2159583142 0.2117109657 0.2224000958 0.2700922339 0.2235944646 0.2136416327 0.2667063083 0.2425572421 0.2061158855 0.2197665079 0.2002464294 0.2227866767 0.2551983830 0.2325588855 0.2996003352 0.3803075747 0.4322347286 0.5976715860 0.7513368615 0.8698133009 0.9561581141 0.9225451157 0.8302111620 0.7299782978 0.5653238851 0.4588242889 0.3992449396 0.3710117274 0.2707875059 0.2601755540 0.1889186951 0.2626793246 0.2758853938 0.2631773685 0.2302202720 0.2035126332 0.1865934080 0.2350300166 0.2160278639 0.1697859257 0.2195651877 0.2200862630 0.2224623201 0.1472394997
0.1980868719 0.2528690052 0.2031017691 0.2088550022 0.2563017437 0.1666598343 0.1853920364 0.2238330750 0.2413854899 0.2294459925 0.2782374996 0.2345951688 0.3715913411 0.4775791574 0.5636235534 0.6448689044 0.8019883740 0.9168213447 0.9044848632 0.8705564839 0.7387068697 0.6403372042 0.4899932284 0.4095405020 0.3294151438 0.2961671293 0.2489254099 0.2180750354 0.2118124835 0.2613410675 0.2138099292 0.1751443699 0.2675860350 0.2107851267 0.1953630770 0.1218334398 0.2291024087 0.2469579596 0.2014182915 0.2560515222 0.1863789931 0.2264166173 0.1807001576 0.2340113741 0.2248862327 0.2134968848 0.2335882362 0.2424225858 0.2328669565 0.2923513087 0.3321072807 0.4800398399 0.6158382829 0.6731139495 0.8771558377 0.9484171447 0.9230261693 0.8319562982 0.7540312632 0.6102308438 0.4048094819 0.3113173771 0.3186765088 0.2060939366 0.2358735068 0.2228411662 0.2306868282 0.2600338588 0.2260411190 0.2518418128 0.2326205267 0.3277758049 0.2147489486 0.2311482608 0.1874344620 0.2057505780 0.2027633097 0.2568403393 0.1907573749 0.2009499573 0.2203589892 0.1984777807 0.2481756592 0.2324446518 0.2606844160 0.1867646385 0.2585482840 0.3502991709 0.4051359640 0.4779327897 0.6592120672 0.7530041457 0.9185877561 0.9484312410 0.9351231733 0.7884252908 0.6926815093 0.5626564839 0.4177306075 0.3459354247 0.2837740000 0.2174492895 0.2025024885 0.2517523248 0.2358206778 0.2311016109 0.1854084864 0.2091306850 0.1664642943 0.2131894424 0.1665253568 0.2265940687 0.2035589947 0.2073462298 0.2065380932 0.2067027453 0.2130725459 0.2251430463 0.2421367822 0.1709915006 0.2513257098 0.2353594728 0.2857786570 0.2623373261 0.2701192409 0.3546458505 0.3727001758 0.5464437526 0.7355067007 0.8403537705 0.9260085787 0.9058460748 0.9118658518 0.8000156918 0.5834447278 0.4980302226 0.4103279201 0.2936306593 0.2348098751 0.2473938700 0.2656045639 0.1875025971 0.1694098196 0.2238847625 0.2101148164 0.1936273646 0.2564874039 0.1858225819 0.2664960608 0.1616256824 0.2122711486 0.2331349178 0.2314909087 0.2017979764 0.2266524391 0.1982800893 0.2194556445 0.2227269116 0.2366180076 0.2653162288 0.2370050373 0.3011443589 0.2958091903 0.3671839241 0.4936642296 0.6089880907 0.7516161582 0.8534200283 0.9039444858 0.9368511438 0.8424398023 0.7667130935 0.5735034639 0.4842762610 0.3939459830 0.3553097896 0.2282707118 0.2495823750 0.2174774000 0.2022069731 0.2146098418 0.1953304848 0.2408686475 0.2068912033 0.2575324352 0.2094676614 0.2045865316 0.1825570681 0.2018764354 0.1676063568 0.2265953098 0.2590503653
0.2163634677 0.1920799954 0.2154876618 0.2294079506 0.1950754432 0.2282553181 0.2222262205 0.2309691362 0.1504056876 0.2103458685 0.2863278429 0.2686793237 0.2970739753 0.4077664020 0.5912082009 0.6996791765 0.8502081280 0.8986610331 0.9517130130 0.8704344773 0.7315752634 0.6250101826 0.4831813374 0.3335433090 0.2457329124 0.3134360999 0.2427606860 0.2824551840 0.2489471880 0.1350049762 0.2324839334 0.2254916723 0.1610438345 0.2430453466 0.2172283893 0.1747551412 0.2159862210 0.2378197634 0.2048157353 0.1952755902 0.2211101358 0.2354065251 0.2600986705 0.2731509200 0.2561277620 0.2468798702 0.2387461872 0.2132600497 0.2287258339 0.2517326879 0.4113961079 0.4779295155 0.5885025617 0.7511732746 0.8099080381 0.9431972604 0.9036306681 0.8410833687 0.7431608409 0.6496617738 0.4538540174 0.3910188783 0.3078850615 0.2923072136 0.2618947972 0.2281194841 0.2724887066 0.2295565281 0.2025533054 0.2123729960 0.2640440776 0.2348261024 0.1616713862 0.2343315764 0.2357758903 0.1882236387 0.2152916455 0.2204261931 0.2104074736 0.2325433855 0.2057073455 0.1902030265 0.2370952457 0.2417680118 0.2099984711 0.2584280415 0.2847567629 0.3237593733 0.4491264141 0.4869470941 0.6736846091 0.8066462610 0.8725101654 0.9112740916 0.9119057085 0.7952784011 0.6567528300 0.5634548381 0.4721811039 0.3812889432 0.2752053408 0.2370713484 0.1985659113 0.2095619348 0.2194013953 0.2023852996 0.1920512822 0.2789082310 0.2919078838 0.2558473456 0.2234590566 0.2387388102 0.2801073371 0.2008692090 0.1771925219 0.1991235487 0.2044238217 0.2263138074 0.1782985517 0.2246965050 0.2298964846 0.2340817707 0.1953283247 0.2221421854 0.3232291140 0.3632144238 0.4878952825 0.5824682118 0.7258175155 0.8616694931 0.9391701039 0.9486917528 0.8781477331 0.8083531691 0.6515050039 0.5453032634 0.4261760271 0.3803466633 0.2231059469 0.2659790392 0.2603680620 0.2089475704 0.2707113446 0.2523013407 0.2168805332 0.1960424001 0.2537877156 0.2181044980 0.2380145078 0.2518289872 0.2202704154 0.1792223683 0.2055963028 0.1938511500 0.2286395838 0.2113386479 0.2364884220 0.2461700804 0.2104145661 0.1951980579 0.2354916502 0.2753178904 0.2874141276 0.4154130130 0.4869433227 0.6777328495 0.7536431409 0.9365897193 0.9260584334 0.9223486450 0.8689209467 0.7255175538 0.6760259288 0.4869653709 0.3662636311 0.3427907494 0.2765220701 0.2355622823 0.2681019463 0.2314916890 0.2643754772 0.2320422805 0.2041543905 0.1856267828 0.2179064625 0.1904737440 0.2691802730 0.2267031206 0.2297644037 0.2639079250 0.2007350274 0.2725856205
0.2232099577 0.1688782822 0.2104317833 0.2235254822 0.1895022006 0.2171290745 0.2090209611 0.2279153580 0.2101317359 0.2441945162 0.2246323820 0.2208839148 0.3232836774 0.3865072519 0.5569613013 0.6907634043 0.7779711249 0.9935372973 0.9698586297 0.8831547942 0.7862721890 0.6332695604 0.4945849492 0.3831227078 0.3281602851 0.2584021714 0.2445410585 0.2214015077 0.2214121953 0.1985823166 0.1780886157 0.1601446415 0.2058181831 0.2227280510 0.2017864068 0.1920452061 0.2180600418 0.2183205228 0.2489565599 0.2641752683 0.2304512550 0.2189673058 0.1864773653 0.1464503682 0.1985011636 0.2232511058 0.2095011809 0.2329888815 0.2500701937 0.3351745979 0.4235110987 0.4637118402 0.6104178674 0.7355319864 0.8460562172 0.9037593739 0.9457724099 0.8196439283 0.7169009955 0.5969755219 0.4297561400 0.3730297412 0.2544643503 0.2020981629 0.2749551657 0.2155401453 0.2011942570 0.1892844439 0.2741267078 0.2284389194 0.2341832673 0.2242032234 0.1958588211 0.2196698427 0.1741449212 0.2214170890 0.2215721496 0.2259650898 0.2592430187 0.1917326673 0.1979246846 0.2149028306 0.2111390843 0.2718241991 0.2241609009 0.2295210352 0.2958068398 0.3352564544 0.3924889453 0.5428770141 0.6719514065 0.7450147357 0.9016542228 0.9192056539 0.9266720973 0.8275579050 0.6610085173 0.5279079872 0.4539423166 0.3308462666 0.2993269317 0.2215213809 0.2293222171 0.2427122717 0.2073959368 0.2323762420 0.2221993770 0.2330648134 0.2301945953 0.2361079210 0.2287956101 0.2704756985 0.1712439658 0.2345962293 0.2608977295 0.2011623356 0.2185034258 0.2360638140 0.2269179853 0.2463178756 0.1956442797 0.2085966310 0.2478376996 0.2356566338 0.3434712904 0.3438070390 0.4766989027 0.5528077990 0.7207280679 0.8552945917 1.0000000000 0.9304701971 0.8646588662 0.7755053610 0.6801455429 0.5997899002 0.3645848246 0.2733657706 0.2177969572 0.2156509555 0.2537833525 0.2090311613 0.2279145643 0.1879732388 0.2407806994 0.2546131607 0.2238292202 0.1994839414 0.2372690452 0.2548409444 0.2684205824 0.2030219416 0.2659156787 0.2319988995 0.2187481976 0.2366374309 0.2651294709 0.2473069228 0.1994089075 0.2285950152 0.2226188752 0.2707088142 0.2968194662 0.3546189667 0.5385192203 0.5844828899 0.7524203243 0.9486038122 0.9381499617 0.9511671604 0.8553439357 0.7801760290 0.6061157863 0.4804968553 0.3620561084 0.3481220512 0.2700010192 0.2660754109 0.2145920888 0.2374466994 0.1829826306 0.1983630952 0.2510651746 0.1787711056 0.2161739034 0.2529560918 0.1897214710 0.1797409436 0.2168049949 0.2036085106 0.2039850006 0.1908744146
0.2001209006 0.2066488072 0.2213989743 0.2371443381 0.1991306771 0.2145205019 0.2375586995 0.1998661352 0.2387860990 0.2073636033 0.2570035980 0.2854119113 0.3465570306 0.3971377584 0.5803961690 0.7414326504 0.8498720984 0.8931154280 0.9108117983 0.8531207674 0.7240644140 0.6246868049 0.4361813643 0.3827749500 0.2972859968 0.2487960699 0.2477065600 0.2404242386 0.2019274189 0.1980670437 0.1483177895 0.1955043978 0.2086717797 0.1549106734 0.2385491578 0.2533695371 0.1722679774 0.2295118858 0.1618517672 0.1643046067 0.2366109967 0.2284180407 0.1905912801 0.2131569630 0.2365758481 0.2275771307 0.1644455839 0.1900126870 0.2181825972 0.3293445184 0.3247969878 0.5071211433 0.6014365556 0.7853071448 0.8555587774 0.9287169412 0.9442903267 0.8583632602 0.7455815819 0.5419627068 0.4856867725 0.3656842050 0.2934422301 0.2664638397 0.2245946835 0.2520155627 0.2088445099 0.2282481292 0.2161740681 0.1762386622 0.2225773881 0.2348627919 0.2207766690 0.2280304765 0.1496688324 0.1956275778 0.1599044879 0.2209459092 0.2218246302 0.2262613577 0.2120081390 0.1845118109 0.1853090123 0.1713996950 0.1804647540 0.2136837203 0.2671602724 0.3374111597 0.4136694559 0.5474407861 0.6441423441 0.7760672406 0.8900328240 0.9144894387 0.8982094133 0.8180018875 0.6169637512 0.5169745372 0.3960187161 0.3107176076 0.2492210178 0.2748354762 0.2112443887 0.2280992891 0.1831959894 0.2016757111 0.2276496371 0.2393388197 0.2093715303 0.2151706444 0.2103024851 0.1855690460 0.2237003659 0.1916527186 0.2314385684 0.2126956521 0.2387513369 0.2019251161 0.2118612582 0.2075632900 0.1919360102 0.2314591945 0.2144908689 0.2533271518 0.2759236202 0.3546783737 0.4338321914 0.6149822710 0.6851772562 0.8269434107 0.9575176510 0.9351934917 0.8640440634 0.7742455710 0.6273980774 0.4966866473 0.3999116478 0.3185232433 0.1906773890 0.2628861857 0.2729741309 0.2376450659 0.1750235054 0.2564243604 0.2445124487 0.2234724308 0.2368693730 0.2500782223 0.2032524486 0.2255984101 0.2355127539 0.2237417705 0.2047884907 0.2260719911 0.2169755465 0.2279992594 0.2370519354 0.2137898506 0.2420451008 0.2409131770 0.2448421059 0.2140598209 0.2938025128 0.3479286571 0.5252323355 0.6051768419 0.8140899039 0.8696787484 0.9417680635 0.9566765585 0.8502620581 0.7427839288 0.6067981115 0.4420064824 0.4089013275 0.2788934152 0.2097759127 0.2596585570 0.2578029055 0.2275749186 0.2864834596 0.2302784608 0.1988002109 0.1924315240 0.2189402484 0.3091127416 0.2569603905 0.2201297229 0.2248486135 0.2133465897 0.2244219497 0.2835608035
0.2393404280 0.1884794804 0.1549322152 0.2440043726 0.2039116170 0.1838189492 0.1921296064 0.1708639893 0.2297117458 0.2496627691 0.2109732873 0.2961711544 0.3451881592 0.4547185614 0.5727240343 0.7018435611 0.8337325261 0.8764632315 0.9380220065 0.8734509181 0.7492875270 0.5886119425 0.4340483759 0.3180796562 0.3121415668 0.2118104625 0.1822783397 0.2147168804 0.1963835367 0.1542977937 0.2119918891 0.1671081110 0.1769892577 0.1891039639 0.2062674090 0.2250570854 0.2180587000 0.2060068346 0.1988148836 0.2318291957 0.1873940875 0.1918863826 0.2371026615 0.1901075565 0.2484328363 0.2076218212 0.1905196178 0.2133710969 0.2425320020 0.2586705461 0.3459836938 0.4201575533 0.6594975868 0.7439802435 0.8687324419 0.9378151115 0.9035592836 0.8481977539 0.7405967509 0.5447409762 0.4471017987 0.3704508160 0.2669690106 0.2515106268 0.2362741752 0.2274683797 0.1904643415 0.1880421227 0.1923318835 0.2184454701 0.1847411683 0.2296567329 0.2304099442 0.2359304080 0.1794760922 0.2303897090 0.1669328393 0.2603558901 0.2573928337 0.2466481523 0.1615630892 0.2275951704 0.1370527713 0.2374713383 0.2180969152 0.2187532243 0.1941489445 0.2927234481 0.3922850556 0.5264819611 0.6230594840 0.8098298609 0.8859965852 0.9281780156 0.8686188803 0.8032866089 0.6689716984 0.5671026863 0.3794088485 0.3300186886 0.2544061830 0.2654132408 0.2142526878 0.1702356039 0.1953747413 0.2767061695 0.2071966240 0.1623453187 0.1983956406 0.2071420294 0.2046200640 0.2207315846 0.2240564905 0.2095919285 0.2348605377 0.2369151838 0.2287867833 0.1659261111 0.2440371400 0.1509743061 0.1857582434 0.2230873087 0.2067010686 0.2601271732 0.2483623289 0.2909320356 0.4432318501 0.6144910193 0.6976785467 0.8332460890 0.9565866523 0.9156246959 0.8988914856 0.8332117843 0.6027278612 0.4872359659 0.4064656732 0.3060736400 0.2432173824 0.2295383055 0.2767602368 0.1877824522 0.2022287651 0.2655382305 0.2299641007 0.2266505562 0.2291004510 0.2394566383 0.2191256292 0.1843765650 0.2493311985 0.2391662911 0.2213926487 0.2202476977 0.2365372974 0.2083247327 0.2405344928 0.2107246084 0.1922548092 0.2761302742 0.2413256679 0.2972689501 0.2659345248 0.3416956447 0.4792588747 0.5710185552 0.7485286815 0.8541299286 0.9098063211 0.9444225086 0.8998809003 0.6866224186 0.5529341017 0.4277380739 0.3469119634 0.3179183565 0.2221103240 0.2471746875 0.2206398320 0.2585221173 0.1988144242 0.2146859221 0.2484321504 0.2301924860 0.1768177602 0.2104901050 0.2406602472 0.1945394373 0.1997954991 0.2205306331 0.1899071815 0.2447062492
0.1795277821 0.1896279231 0.1205996168 0.1955465928 0.1563323661 0.1989976000 0.1890540922 0.2072706986 0.2174986195 0.1601524463 0.2765432504 0.2780163188 0.3126519009 0.4579037562 0.5889717827 0.7148377358 0.8635996212 0.8771188833 0.9015857629 0.9012731964 0.7123611590 0.6317820847 0.4342318766 0.3413651726 0.2367477827 0.2250361568 0.1738098064 0.2248484937 0.2004551753 0.1605880737 0.2310200943 0.1710429713 0.2428345575 0.1775716850 0.2039386632 0.1820721515 0.2130216033 0.1840381450 0.1602203743 0.2484829828 0.2026225636 0.1979419986 0.1949027500 0.2657258266 0.2238803019 0.2079906742 0.1867217536 0.1939443474 0.2111854130 0.3144074812 0.3751408866 0.5016320043 0.5881659973 0.7073659507 0.8494303867 0.9325344982 0.9624686373 0.7902068466 0.7143115833 0.5486632302 0.4609004844 0.3515331902 0.2843031324 0.2419944313 0.2210381692 0.2868548331 0.1869084989 0.2066027819 0.2014774184 0.2239589777 0.2047493225 0.1602641928 0.1831326474 0.1790076718 0.1957328783 0.1909476234 0.1942014851 0.1899459541 0.1850523136 0.2120087240 0.1892851589 0.2029917403 0.1890745049 0.2519166048 0.2321753671 0.1757385630 0.2597685688 0.3566127806 0.4079587185 0.5416738007 0.6464288523 0.8006614114 0.9010036494 0.9548100657 0.9205940463 0.8035935680 0.6853626524 0.5158853083 0.4239201656 0.3141631096 0.2853205371 0.2452610897 0.1784383370 0.2266348433 0.1987665217 0.2034285160 0.1357519506 0.2026064649 0.2171536646 0.1957993235 0.2041419329 0.2271891308 0.1844500929 0.1989312294 0.1819214697 0.2208794993 0.1688634464 0.2682407302 0.2297697045 0.1975592034 0.1602988983 0.1697011514 0.2568691397 0.1883203545 0.2440146944 0.3469682930 0.4172327377 0.5229095136 0.7085035926 0.8367412260 0.9304151688 0.9664664581 0.8850787617 0.7553869462 0.6257950445 0.5008273345 0.3874605939 0.3130704400 0.3226799054 0.1916475938 0.2145097907 0.2069955927 0.2522089946 0.1921897455 0.2029838178 0.1938524907 0.2296189953 0.2375647088 0.1642485385 0.1786468238 0.1933739415 0.2510350593 0.1912771569 0.1975627905 0.2576412467 0.1754159802 0.2385277306 0.2528216221 0.2271736559 0.2373601200 0.2190011983 0.2434711013 0.3291242518 0.3877618071 0.5069192696 0.6102688569 0.7363910510 0.8505110920 0.9465772048 0.8899506842 0.8423698549 0.7254952950 0.5418141086 0.4531851575 0.3923080243 0.2813255138 0.2598506683 0.1647871455 0.2310823906 0.2226093385 0.1685640628 0.2278330759 0.2372516725 0.2101374032 0.2533077379 0.2493997045 0.2111551334 0.1907058331 0.2328460272 0.1948481228 0.2127435556 0.2295641803
0.2358536547 0.1745394145 0.1320322023 0.2323489958 0.2052135275 0.2185088157 0.2598184161 0.2069024832 0.1822190632 0.1769065505 0.1831640201 0.2870468907 0.3349179375 0.4108723419 0.5256076030 0.7125897334 0.8310522828 0.9680449642 0.8868125868 0.8641919257 0.7050597759 0.5814746061 0.4525146376 0.3794292236 0.3114799643 0.2249236748 0.1796431926 0.1950315373 0.1519958241 0.1732158868 0.1892469681 0.1369592367 0.1667143782 0.2238345644 0.2159869168 0.2000247462 0.1736385809 0.2006614214 0.1242559570 0.1996447846 0.1924999533 0.2001936143 0.1847956005 0.2260830004 0.2036660419 0.1543971541 0.1924255115 0.2342179632 0.2570139534 0.3244249105 0.3812002753 0.4730836153 0.6130525659 0.7900599167 0.8807716882 0.9264989187 0.9255504076 0.8292826259 0.7107409323 0.5922957903 0.4132069830 0.3234606668 0.2929461114 0.3001431027 0.1930878237 0.1564101391 0.1464669366 0.2356418511 0.1741886043 0.2332792107 0.1848399348 0.1995048067 0.1351286097 0.1695515474 0.1859112307 0.2245692123 0.2076019794 0.2451046753 0.1721645127 0.2266219776 0.1879002959 0.1656542598 0.1840739216 0.2008271150 0.2373000645 0.1934530478 0.2502354699 0.2891375928 0.4254544380 0.4895380413 0.6646549711 0.7548599854 0.8534980998 0.8979319465 0.8785628689 0.8004372914 0.6320466396 0.5407702658 0.4072539752 0.2953986014 0.2457703019 0.2438167087 0.2330641555 0.1919815770 0.1694565999 0.2232953686 0.2150082182 0.1695623078 0.2157670261 0.1903843755 0.1780819653 0.2135814951 0.1615283575 0.1991627441 0.1889545786 0.1777587639 0.2250355846 0.2111217836 0.2390440330 0.1975889769 0.2514127391 0.1678338787 0.1728245661 0.2143594126 0.2882952495 0.3372089516 0.4326189621 0.5118388794 0.7027344549 0.8114517777 0.9414454496 0.9279074552 0.8474799700 0.6959426921 0.5643892188 0.4444277740 0.3430344413 0.3357341409 0.2696115338 0.2557766904 0.1763922949 0.1673239159 0.1804485865 0.1731972260 0.2053537599 0.1932316749 0.1744297471 0.2029635830 0.2506953759 0.2047797341 0.1861902099 0.1734140274 0.1920059062 0.1827302970 0.2769280882 0.2130876738 0.2571692318 0.2171645892 0.2159165681 0.2166331545 0.2241690653 0.1868312289 0.2821041518 0.3770142274 0.4457399382 0.6301950245 0.7647793840 0.8678387727 0.9078933538 0.9244923450 0.8284972046 0.7019150034 0.5839085385 0.4352167030 0.3887158333 0.2787305172 0.2405991585 0.1955055959 0.2071279387 0.1830245347 0.2247088920 0.1912177386 0.2335382884 0.1667893960 0.2393858959 0.1742448858 0.2285053917 0.2087512441 0.1831482887 0.2009058885 0.2341356181 0.1401439091
0.1955227149 0.2239956155 0.1730539629 0.2267385511 0.1619263443 0.1300736538 0.1665973751 0.1671132030 0.1728972534 0.2312357857 0.2055762486 0.2596464259 0.3032999270 0.4177851730 0.5315270984 0.6913208500 0.7562116933 0.8842872274 0.9031193124 0.8024150808 0.7412825893 0.5721588089 0.4377191693 0.3685531666 0.2906254669 0.2382261493 0.2721727347 0.1836819553 0.1743365317 0.1862993690 0.1824927594 0.1905442052 0.2410553750 0.1785674778 0.1490818347 0.2000866388 0.1800284402 0.2238242295 0.1416217142 0.1961469719 0.1593106953 0.1947878717 0.1056670888 0.1627476204 0.1708110356 0.2113567778 0.1894239384 0.2485433194 0.2477931511 0.2584947539 0.3626139080 0.4530959588 0.5924256649 0.7062800920 0.8190520131 0.8962692008 0.9353037858 0.8117717016 0.7559547940 0.5110904335 0.4505760127 0.2773733041 0.2919003824 0.1604682947 0.1568555756 0.2194934844 0.1692438013 0.1846575093 0.1731816281 0.1709734747 0.1539330366 0.2223959842 0.1761568832 0.2151144922 0.1962351613 0.1827780123 0.2240366484 0.2136627830 0.1601074984 0.1769060702 0.2123963588 0.1890305362 0.1804744959 0.1799233273 0.2453140489 0.1956825286 0.2656263454 0.3083089370 0.4204863630 0.4561357006 0.7084765081 0.7705996783 0.9044137472 0.9488056272 0.8843805658 0.7735832474 0.6378873492 0.4800176315 0.3955460250 0.3362926851 0.1923548186 0.1816593681 0.2162027326 0.1758327780 0.2209377611 0.1793264070 0.2275316249 0.2111117026 0.1850826359 0.2120154615 0.2234232685 0.1595980076 0.2098642966 0.1816666490 0.1823362370 0.2201578361 0.1926317655 0.1888475492 0.1496161089 0.2176056078 0.2678056779 0.2083514720 0.2082884736 0.2474431520 0.2695686667 0.3441978435 0.4531487299 0.5959662161 0.7057282086 0.8018538928 0.8431318173 0.8882544207 0.8944971080 0.7074067919 0.6641947904 0.5070415010 0.3646031674 0.2636014280 0.2304646244 0.2148873458 0.1716724008 0.1760014109 0.1775508334 0.2058688262 0.2201696721 0.2427403643 0.2254612597 0.1727406004 0.1904411436 0.1845406031 0.2165617903 0.2224579886 0.1889560855 0.2246893625 0.1597329228 0.1952428413 0.1953439855 0.2136122772 0.2703418697 0.1893000259 0.2673011053 0.1823140063 0.2987615173 0.3776915964 0.4943260776 0.6348995582 0.7407948610 0.8632650952 0.9383046378 0.9015461498 0.8420273051 0.7212859437 0.5636074670 0.4384537518 0.3828492558 0.2910258855 0.2395033343 0.2337285543 0.2046030169 0.2276656457 0.1686736924 0.2178565072 0.2050386379 0.1825062753 0.2056585968 0.2300002130 0.1897971071 0.2167586834 0.1807803827 0.2360028143 0.2083739487 0.1592445546
0.2343673610 0.1963656144 0.1582922999 0.1936765765 0.1719508156 0.1704914838 0.1686937646 0.1677543685 0.1818480429 0.1648358343 0.1982534031 0.2634860334 0.2668131713 0.4234982913 0.5660872920 0.6764837971 0.9009534844 0.8735237618 0.9271922336 0.8485219340 0.6850033861 0.5669217791 0.4096947857 0.3093951947 0.2441047520 0.2097292627 0.1953702537 0.1900054068 0.1783006322 0.1862810819 0.2587665073 0.1842936078 0.2235647659 0.1548941752 0.2014574877 0.1658989164 0.1455453863 0.1492847511 0.2382020981 0.2063910118 0.2351472969 0.1834470317 0.1756204501 0.2394152951 0.1649944573 0.1963209224 0.2037609653 0.1754492444 0.2595372664 0.2657639421 0.3214291920 0.4544586635 0.6081306735 0.7317970820 0.9012638064 0.9401031632 0.9187862210 0.7741621348 0.6849897402 0.5953647059 0.4355979885 0.3530219956 0.2572367102 0.2533159241 0.2402909915 0.2526816517 0.1877541817 0.1969131389 0.2048151275 0.1867240901 0.2221806575 0.1565223152 0.2044306240 0.1404879925 0.1926843149 0.2152959419 0.2040188109 0.2013957449 0.1664530555 0.1334957079 0.2218691629 0.1838683347 0.1339881208 0.1824879169 0.2021867026 0.1764144145 0.2682210252 0.3054084706 0.3636448332 0.5248520997 0.6885897415 0.7537202845 0.9123390660 0.8583553190 0.8047988158 0.7806401360 0.6326148893 0.5303750750 0.3743218658 0.3294260946 0.1987727244 0.1600196443 0.2057824285 0.1875399774 0.1571787281 0.1816198577 0.1388522920 0.1905381237 0.1624460703 0.1983029858 0.1560727668 0.1899600585 0.1956864123 0.2463212137 0.1845706808 0.2466042432 0.1796294301 0.2231853243 0.1656215797 0.1816151380 0.1812823629 0.2032180815 0.2087669837 0.2445857556 0.3214198015 0.3540843985 0.4028353704 0.5157379284 0.7078727913 0.8202582693 0.9014770256 0.9166118975 0.8547581201 0.7096390379 0.6062334347 0.4679533310 0.3811349365 0.2658461110 0.2265606537 0.1897356923 0.2040781139 0.2087633186 0.1508125863 0.1764634552 0.1967095789 0.1700112704 0.1232303862 0.2173790630 0.1943025985 0.1598729605 0.2246742942 0.2262801618 0.1735639859 0.2081049222 0.1825439571 0.2104066873 0.2040107812 0.2045367258 0.1798490511 0.1954904447 0.2029379906 0.2840008360 0.3005794605 0.3507572854 0.4652610031 0.6418030017 0.7649824671 0.8415025337 0.8938598514 0.9010333713 0.8377918811 0.6427025772 0.5429878397 0.4078869750 0.2634386948 0.2724288263 0.2342000195 0.2481627123 0.1683152058 0.1737179498 0.2063622598 0.2003575355 0.2315036864 0.2070625445 0.1782293403 0.2041263624 0.1953115165 0.1991107992 0.2486285927 0.2133302452 0.1755114863 0.2547336372
0.1809855297 0.1758840937 0.2042527741 0.2019127063 0.1953470183 0.1670226713 0.1598566251 0.2197428536 0.2006798640 0.2057163595 0.2104307153 0.2861045676 0.3383117509 0.4481482283 0.5329478742 0.7510531749 0.8134591619 0.8431222440 0.9038554085 0.8533905418 0.7448137107 0.5388748492 0.4432882887 0.3473579652 0.2975010286 0.1813828395 0.1893410608 0.1752495404 0.1377377583 0.2193816699 0.1999986474 0.1882274409 0.1720892313 0.1926781684 0.1778316367 0.1886591960 0.1808201424 0.1811468792 0.2318792278 0.2235180980 0.1756679446 0.1753976944 0.1737041190 0.1842336596 0.1886272174 0.2438522001 0.2010595698 0.2267688834 0.2345545064 0.2139310836 0.3730176603 0.4708708881 0.6090213338 0.7518816101 0.9002743275 0.9209941876 0.9504959601 0.7735540293 0.7031637512 0.4980704611 0.3905891469 0.2859085862 0.2505654510 0.2557879419 0.1891526859 0.1700650182 0.1308408760 0.1617949538 0.2006429192 0.1830933948 0.2047644183 0.2141026021 0.1482434992 0.2049987986 0.1931945485 0.1919605536 0.1576451733 0.1972812558 0.1778628406 0.2253809178 0.2121612089 0.2335355893 0.1958960371 0.1843535718 0.2009121308 0.1933753459 0.2814921761 0.3488571758 0.3886159836 0.4889303394 0.6391503834 0.7641521850 0.9145506358 0.8784824146 0.8757734395 0.7878274695 0.6326557365 0.4869480741 0.4088771252 0.2743500522 0.2615559729 0.2518807922 0.2549313237 0.1980860667 0.2069074687 0.1976621157 0.1804837240 0.2191109834 0.2004945655 0.2291454132 0.2039062553 0.2128394556 0.2474408633 0.2421307165 0.2540898990 0.1997715444 0.1946071634 0.2113899564 0.2338967972 0.1908617818 0.2225851915 0.2018833853 0.2367372564 0.2130120964 0.2514750819 0.3587313733 0.4009875535 0.5984299049 0.7064314252 0.8052269398 0.9175580209 0.9110242390 0.8447209248 0.7417859525 0.6036284819 0.4412977304 0.3510871414 0.2997818904 0.2385908204 0.2414640389 0.2036867276 0.2193071091 0.2047204182 0.1998844881 0.1594561427 0.1928978372 0.2191253785 0.2955255345 0.2028986645 0.2444634105 0.2246203200 0.2437353789 0.1966891025 0.1681176963 0.2259598911 0.2430574855 0.2320077420 0.1973808056 0.1832510049 0.2140265845 0.2319465904 0.2011702889 0.3018527398 0.3924649247 0.4432017850 0.5894287908 0.7427924953 0.8350331799 0.8974158983 0.8811775511 0.8420062450 0.7165194430 0.5334831519 0.3866622186 0.3642868477 0.2903801584 0.2637561925 0.2365227769 0.2973441880 0.2448195642 0.1982358146 0.1698860277 0.2336968159 0.2430696915 0.1971195602 0.2480714987 0.2382230538 0.2124385343 0.1902043684 0.2301168564 0.1757204544 0.2357162421
0.1521407763 0.1768633734 0.1835420932 0.1795089218 0.1652139872 0.2008745051 0.1996079553 0.1480141567 0.1727177545 0.2156042032 0.2347507351 0.2719850055 0.3683632265 0.4154360041 0.5902662065 0.6771162145 0.7776670284 0.9021930629 0.9473411861 0.8479447952 0.7148517952 0.5644712283 0.4589515438 0.3227000408 0.2769907292 0.2381981805 0.2390205813 0.2193378882 0.1671374025 0.1676280140 0.2127538933 0.1955806938 0.2189494163 0.1696880643 0.1613509867 0.1914158569 0.1689034049 0.2039288120 0.1956455368 0.2118494966 0.1656605488 0.1321765302 0.1589818937 0.2059614125 0.1983434003 0.2121301883 0.1592551664 0.2035085960 0.1871628484 0.3101279687 0.3825630528 0.4762359012 0.6014834898 0.7528919895 0.8495438219 0.8713370174 0.8307185656 0.8255909067 0.6457723236 0.4842733129 0.4039331572 0.3294475668 0.2852537881 0.2021978834 0.2127637955 0.2028744212 0.1795251947 0.2106073546 0.1878983671 0.2183686990 0.1999140672 0.1933813900 0.1788329666 0.2168990088 0.1946720272 0.2201462930 0.1947259688 0.2130037430 0.2130583955 0.1678989988 0.1534913518 0.1848514049 0.1807160813 0.2850629195 0.2186610806 0.2008627699 0.2640542018 0.3067191188 0.3924886370 0.5157779522 0.6269299375 0.7541138619 0.8751081749 0.8934286727 0.8748647811 0.7824328225 0.6584562889 0.4229665188 0.3937886708 0.3527483182 0.2479407892 0.1934537762 0.2447879103 0.2260720808 0.2415084538 0.1316171000 0.1634094257 0.2004884671 0.1908342470 0.1995419708 0.2293074257 0.2152788839 0.2091627430 0.2067867553 0.1935392953 0.2300070679 0.2157941428 0.1803097073 0.2324663227 0.2387500822 0.2310603373 0.1759665605 0.1791630247 0.2599557949 0.2776794487 0.3469057537 0.4273310756 0.5700597393 0.7612511325 0.8200972116 0.9016538950 0.9040360898 0.7977561580 0.7243428510 0.5712610603 0.4838900666 0.3078583070 0.2678255938 0.2679850938 0.2567241366 0.1977690638 0.1959253942 0.2332296291 0.1826411855 0.2066119717 0.1980429245 0.2115526000 0.2112515650 0.2058236971 0.1226890107 0.2050982475 0.1866346379 0.1898472821 0.1991992174 0.2173818531 0.1404084681 0.1732444911 0.1904575060 0.1641784893 0.1879980325 0.2220705528 0.2380937110 0.3271470869 0.3969239717 0.4488774778 0.6228178019 0.7348224783 0.8281182111 0.8813864967 0.9517840983 0.8269392551 0.6942706615 0.5101079141 0.3728928446 0.3445424040 0.2999226083 0.2665688895 0.2579818506 0.2214400878 0.1870384503 0.1373805684 0.2110491073 0.2190024688 0.2050465092 0.2195420770 0.1866103412 0.1984824183 0.1996814360 0.2030121310 0.1863924354 0.1819015941 0.2363157820
0.1914017016 0.1714565925 0.1700518118 0.1336848496 0.1791575993 0.2020301307 0.2395068207 0.1731344767 0.1985332245 0.2116217561 0.1228180790 0.2905827382 0.3558831252 0.4435867969 0.5398499711 0.6826744411 0.7970911594 0.9402529578 0.9161125621 0.7995831590 0.6970829401 0.5604113937 0.3717570824 0.3140890281 0.2522520833 0.2159263314 0.2166075316 0.1440096160 0.2263410697 0.1976162362 0.1584943833 0.2180786473 0.2171539213 0.1892525719 0.2040326118 0.1765425413 0.1981844861 0.2257346818 0.2171236107 0.1476591876 0.2136069236 0.2010086357 0.2224770280 0.2006812668 0.2483233902 0.2251390689 0.2263828423 0.2338443484 0.2822739419 0.3274053058 0.3837302827 0.4986469513 0.6116428103 0.7237078765 0.8588332105 0.9702677012 0.8429158399 0.8377940617 0.6438117475 0.5472395844 0.4143125677 0.3312268847 0.2460427951 0.2386290469 0.2097338239 0.1747740729 0.2497054629 0.2062159314 0.1871821451 0.2218187075 0.1961940699 0.1666176963 0.2062316137 0.2112492805 0.1851402287 0.2496923118 0.1927008415 0.1697645830 0.1629210895 0.2366669165 0.1569597732 0.2255583595 0.2400264862 0.2248546504 0.2237054933 0.2365054090 0.2463574192 0.2940826221 0.3471975596 0.5628612151 0.6364775311 0.7965795653 0.9142876216 0.9668745688 0.8523271788 0.7346667720 0.6276020616 0.4908185945 0.3822563506 0.3091334692 0.2527295389 0.1710604828 0.2434316277 0.1949355442 0.2352898179 0.1867442668 0.2093624327 0.2255227894 0.1648968127 0.1773401463 0.1550667206 0.2729186327 0.1890985836 0.1412601344 0.1428070041 0.2143701121 0.2085049204 0.2016645158 0.2090393798 0.2096961944 0.2324246752 0.2259299191 0.2140330133 0.2296285607 0.2536913532 0.3558077139 0.4430955694 0.5682698455 0.7099942712 0.8395684283 0.9107834555 0.9566802480 0.8214430986 0.7233214299 0.5729160497 0.4871259646 0.3265505885 0.2805274011 0.2495457221 0.2709400425 0.2034132772 0.2113426485 0.1686340993 0.1789035086 0.2464534047 0.1957240446 0.1856513853 0.1971969570 0.1570751693 0.1737980895 0.1873844198 0.2102305753 0.1930474356 0.1597129780 0.1952163344 0.2615720257 0.2122898598 0.2390930338 0.1915707672 0.1702183096 0.2222904670 0.2895528937 0.2795897932 0.3390853612 0.5136555789 0.6256530928 0.7273458150 0.9228769523 0.9677761452 0.8727478215 0.8583930644 0.7106408500 0.5464544935 0.4344918414 0.2787156175 0.3027016907 0.2506440986 0.2152365318 0.1934010424 0.2426569607 0.2248280107 0.1921938941 0.2092031847 0.1771676996 0.1744441355 0.2051161711 0.2473378271 0.1630939495 0.2197335535 0.2159704306 0.2590501680 0.1838607298
0.1616118445 0.1763761168 0.1954128502 0.2353062439 0.1527895425 0.1463433203 0.1489018178 0.1623106299 0.1957420481 0.1960112784 0.1977393969 0.2570502192 0.3402941468 0.4544352849 0.5531502167 0.7009822225 0.8477144173 0.9149421768 0.8586991917 0.7908951268 0.7211555014 0.5751187746 0.3830851544 0.3383052102 0.3118804985 0.2001376140 0.2185671940 0.2004221074 0.2063055916 0.1742739382 0.2109351241 0.2290989367 0.1589289248 0.2495224925 0.1661254907 0.2631221107 0.2306451518 0.2259868736 0.2207606237 0.2033833191 0.2013557393 0.1796868522 0.1587957993 0.1930952409 0.1658873492 0.2216806381 0.2646134482 0.2313020833 0.2851798227 0.2696374099 0.3700347920 0.5006331955 0.6511258021 0.7806887597 0.9123126739 0.9085336737 0.8797123471 0.7890686075 0.6231925495 0.5319022767 0.4490658365 0.3502493881 0.2950880744 0.1770685884 0.2027194946 0.2174396271 0.1772935405 0.2178530181 0.2199522678 0.1846955146 0.1573805694 0.1998239547 0.2217646929 0.2130844814 0.1226814236 0.2191323413 0.1950111297 0.2527520842 0.2407323692 0.2086410734 0.1672307158 0.1683140746 0.2517552075 0.2135327551 0.2421884434 0.2395184716 0.3168833292 0.2969231989 0.4774527488 0.5434880193 0.6854653772 0.7706355185 0.9069335311 0.9417402925 0.8618815921 0.8057520190 0.6361347535 0.5481263011 0.3378573586 0.3598922801 0.2982924463 0.2590479708 0.1292445348 0.1908374187 0.2193152500 0.1831854814 0.2052447294 0.2103538428 0.2281344601 0.2197978260 0.1490509932 0.2256812235 0.1895090263 0.2162626532 0.1902438493 0.1847430934 0.1556593147 0.2164673913 0.1821643144 0.2115917270 0.2213483137 0.1957954535 0.1550870736 0.2375330789 0.2721863331 0.3474734783 0.4524370187 0.5646832929 0.7114430101 0.8522949456 0.8985482600 0.9206364043 0.8448006211 0.7442119511 0.6060033234 0.4313789826 0.3674584093 0.2527575430 0.2831203137 0.2457496712 0.2293677155 0.1694310038 0.2340840252 0.1923262987 0.1937185455 0.1714728435 0.2086784320 0.1570893088 0.1945002534 0.1758104473 0.2105823449 0.2557955214 0.2553609194 0.2289257131 0.1802076394 0.1950419779 0.1935617311 0.1809485115 0.2211340205 0.2121292491 0.2283925898 0.2808072326 0.2754969903 0.3511236725 0.5196719305 0.6064611519 0.7597639076 0.8870282589 0.9164248912 0.9120322820 0.8254032786 0.6721396297 0.5291038111 0.4268989388 0.3850815171 0.2900132148 0.2589943295 0.2577275993 0.2067958488 0.2513898322 0.2074434480 0.2220976721 0.2316007462 0.1816073891 0.2531512961 0.1809600066 0.2775603239 0.2149529928 0.2107162286 0.1785121290 0.2432672735 0.2289311125
0.2071863180 0.2178971544 0.1598973292 0.1804202310 0.1924916367 0.2244695671 0.2265831894 0.1776592748 0.1956669268 0.1919718377 0.2334334757 0.2717191097 0.3678842820 0.4520930590 0.6346036220 0.7118524555 0.8293308291 0.9023316460 0.9266483222 0.8264032843 0.7697444321 0.5768071593 0.4456253106 0.3458768766 0.3377774746 0.2501684686 0.2252391361 0.2177768709 0.1843429128 0.1757709723 0.1904179294 0.1491754022 0.1465740756 0.2335750839 0.1788546771 0.1793747766 0.2321812514 0.2129460782 0.2198239809 0.1410363587 0.2539661941 0.1892411451 0.2167970886 0.1780658830 0.2476254995 0.2084218399 0.1932045260 0.2374156370 0.2616482832 0.3118460614 0.4041709157 0.4734787365 0.6325789088 0.7602621593 0.8718146081 0.9376114010 0.9218933078 0.8240116647 0.7134285269 0.5069896462 0.3950821409 0.2875175524 0.2690796870 0.2478701665 0.2855415478 0.1709500146 0.1998077110 0.1813618471 0.2827201094 0.2062519222 0.1489353491 0.2057868151 0.2629504355 0.2031725092 0.1908015920 0.1945642625 0.1893625938 0.2253647433 0.1992807164 0.2095163552 0.2039521020 0.2287007139 0.1862005409 0.2445224857 0.2198087341 0.2624655031 0.2741425039 0.3404457175 0.3986085356 0.5438046694 0.6931397194 0.8395188385 0.9350827769 0.9389735471 0.9166995729 0.7895245457 0.5923963851 0.5584326224 0.3596161941 0.3463031771 0.2184082556 0.2890324000 0.1680305416 0.2050313085 0.2115382412 0.2574645399 0.1962460412 0.2841507096 0.2165495496 0.2519319483 0.1891444830 0.2291623359 0.2093511693 0.2204085044 0.2683972903 0.2130431836 0.2468860177 0.2136464433 0.1578704571 0.2371450409 0.2043193932 0.1916665672 0.2406955725 0.2155724075 0.2728800045 0.3964780064 0.4678889407 0.5711159015 0.7435705587 0.8871367374 0.9173636893 0.9366591774 0.8875790174 0.7274478441 0.5790884480 0.4854039904 0.3454222515 0.2817467844 0.2695541642 0.2129713439 0.2440620561 0.2584372536 0.2476935024 0.2249594783 0.1986912743 0.1860406888 0.2675999516 0.3115089239 0.2434227826 0.2273405824 0.2254803810 0.2215957090 0.2623226538 0.2274474989 0.2700273761 0.2244800794 0.2298428099 0.2134016782 0.2263937979 0.1982670646 0.2522523874 0.2741719354 0.3481291873 0.3593608742 0.5115455373 0.6716426375 0.7527171548 0.9132412413 0.9364651744 0.9321433912 0.8216005174 0.6809471532 0.5429736878 0.4379373757 0.3590516533 0.2697320445 0.2218180955 0.2870736923 0.2236281225 0.2500205025 0.2235529557 0.2089146550 0.2630430792 0.2433843690 0.2154052157 0.2276593306 0.2244601781 0.2092008849 0.2078905977 0.2439764160 0.1635948542 0.2419905864
0.2389529264 0.1726986984 0.2138224735 0.1899497551 0.1808141634 0.1695980718 0.1552111172 0.2426111197 0.2143956390 0.2573526491 0.2814945429 0.2693761559 0.3524090155 0.4566073926 0.5890528548 0.7758022326 0.8266679103 0.8936301532 0.9383481500 0.8224096930 0.7175195358 0.6240818740 0.4249757748 0.3475284992 0.2932396901 0.2345226522 0.2360236836 0.2447781546 0.2329201764 0.2684744477 0.2466737832 0.1966271426 0.2674586200 0.2196164908 0.2135721577 0.2148332127 0.2090653034 0.2166927812 0.2422725263 0.2364068708 0.2058032185 0.2538733412 0.2270362868 0.2506563051 0.2217807215 0.1881700305 0.2070603132 0.2440358803 0.2775145389 0.3316749166 0.3909156002 0.5159745176 0.6108897993 0.8140382300 0.8264007109 0.9330144804 0.9278078461 0.8296101890 0.6988396729 0.5558036652 0.4339333338 0.3353714130 0.2831147799 0.2246869718 0.2306897185 0.2161109877 0.2394233538 0.2302224302 0.1934289546 0.2206287598 0.2236155836 0.2453039991 0.2594078529 0.2029925751 0.2234821214 0.2268456632 0.2311789764 0.2117053291 0.1885350158 0.2311361263 0.2562157377 0.1714994672 0.2194920200 0.2206275667 0.2685272287 0.2040891845 0.2625246158 0.3448050118 0.4876980714 0.5946404527 0.7273940391 0.8632520450 0.9164671091 0.9599445237 0.9133882062 0.8156425407 0.6685366769 0.5129365876 0.4292313643 0.2940891288 0.2609376740 0.2197924207 0.3042958566 0.2382700175 0.2071010436 0.1789063373 0.2024363931 0.2113623539 0.2016887193 0.1983610408 0.1790864657 0.2213607055 0.1792515472 0.2803328421 0.1940942343 0.2437864429 0.1932203471 0.2241157299 0.2480522478 0.2385681894 0.2280192520 0.2295817608 0.2672912665 0.2607868271 0.3114164341 0.3873423166 0.4212959756 0.6117184848 0.7006736253 0.8770086605 0.9467415099 0.8472605980 0.7957475310 0.7296726058 0.6516374505 0.4744144567 0.3969184187 0.3051757473 0.2494243357 0.2131220753 0.2365593834 0.2288780205 0.2739483591 0.2266139554 0.2192113493 0.2231225477 0.2238721811 0.2537180251 0.2115115105 0.2181730106 0.2409405135 0.1696884967 0.1884767395 0.2300515886 0.2667825280 0.2387608543 0.1662751434 0.2709537348 0.1907385490 0.2379075338 0.2763060447 0.2196939681 0.3304094032 0.3863530940 0.4884788250 0.6175345349 0.7946770321 0.8686458225 0.9508047984 0.8946350178 0.8165058686 0.6961176547 0.6236168547 0.4594427010 0.4180218955 0.2950188389 0.2343375355 0.2554276883 0.2251730833 0.2361349824 0.2024549873 0.2637858928 0.1907728551 0.2670948243 0.2333942801 0.2031733215 0.2236425328 0.2443000182 0.2085860480 0.2630520754 0.1993079972 0.2356915017
0.1758275801 0.1685046852 0.1904464639 0.2093950270 0.1774365479 0.2206060743 0.2316309835 0.2310295190 0.2020606671 0.2520670441 0.2764479846 0.2721649546 0.3410400815 0.4702455515 0.6027102690 0.8013699321 0.8856532179 0.9162163345 0.9364152080 0.8217727186 0.7123015371 0.5613518552 0.4783718326 0.3686670037 0.3394269189 0.1855076523 0.1883578937 0.2026130448 0.2139793084 0.1640870035 0.2392823812 0.2162213598 0.2133867038 0.2096902730 0.2381340336 0.2446160689 0.2283189601 0.2519803857 0.2791772894 0.2548904672 0.2087352923 0.2163977445 0.1974367102 0.1858386168 0.2207029734 0.2015224628 0.2441939328 0.2471359584 0.2981837427 0.3333286938 0.4325474510 0.5405243858 0.6564755481 0.7779569016 0.9011888214 0.9746768248 0.8955486947 0.8377297892 0.6985611546 0.5368644638 0.4345155732 0.3860593805 0.2741450074 0.1935720211 0.2578494226 0.2076225035 0.2123665208 0.2217256570 0.2038040922 0.2394692298 0.1909695685 0.2089957311 0.2679984650 0.2513981583 0.1621198891 0.2311766271 0.1787460061 0.2331727904 0.2245636627 0.1942386498 0.2552598439 0.2308569182 0.1893148566 0.2490368155 0.2038015157 0.2288733827 0.3277113354 0.3249651841 0.4156098077 0.5697768265 0.7029964667 0.8344235279 0.9592649139 0.9215388161 0.9460569321 0.7526847326 0.6536804097 0.5092020489 0.4127503459 0.3226189645 0.2985479349 0.2835067176 0.2330898456 0.2494251616 0.2466650162 0.2253365280 0.1874134464 0.2230978083 0.2102701222 0.2295925113 0.2186674041 0.2037969814 0.2209664074 0.1815983141 0.2276002063 0.2202538359 0.2303747963 0.2062070673 0.2037253775 0.2123974557 0.2485883848 0.1902619812 0.2900211415 0.3108946889 0.2883438677 0.3883332389 0.4832286264 0.6348337254 0.7366086571 0.8653901562 0.9381989870 0.9369434960 0.8716101235 0.7251957135 0.5771554565 0.4827384874 0.3787671662 0.3492033047 0.2625327762 0.2701029767 0.2370360591 0.2603654664 0.2535668957 0.2682889410 0.2406633752 0.2300246378 0.2320806524 0.2302624415 0.2163962882 0.2474174778 0.2383011571 0.2257671928 0.2482765296 0.2044747897 0.2512510050 0.1916534785 0.2290654435 0.2190292774 0.2611264624 0.2433881689 0.2639235480 0.3061384932 0.3098768295 0.3828467946 0.5620617803 0.6590349837 0.7593749259 0.9607474024 0.9404209729 0.9324106124 0.8514146915 0.7677748136 0.5633085395 0.4393064933 0.3427518124 0.2622298888 0.3231614473 0.2509775377 0.2051356134 0.1989004748 0.2467750850 0.2274382522 0.3023453270 0.2506183096 0.2784408184 0.2411475784 0.2369246512 0.2545071647 0.2708018226 0.2279812413 0.2910793732 0.2709226250
0.2404050225 0.1894613653 0.2196978799 0.2489342051 0.2498316440 0.2685803201 0.1856611952 0.2529198832 0.2214027700 0.2448239086 0.2577554107 0.3150812387 0.3580100395 0.5127095210 0.6021625193 0.7538099243 0.8500497151 0.9718192243 0.9067847415 0.8873560270 0.7225039452 0.6054361137 0.4924165228 0.3322697361 0.2890181758 0.2686719613 0.3014041751 0.2611842724 0.2293255682 0.2078325306 0.2001810683 0.1990473960 0.2359983801 0.2190294587 0.2208888146 0.2213759816 0.2269883967 0.1663516122 0.1959758804 0.2021068940 0.2166557895 0.2475142918 0.1792348671 0.2484841812 0.2227159738 0.2024630326 0.1808281149 0.2486102692 0.3055307756 0.3289928230 0.3737054860 0.5488232971 0.6527767272 0.8373412654 0.9338447318 0.9639214946 0.9077186109 0.7909667442 0.6967372455 0.6015049221 0.4302735157 0.3443600428 0.3192530284 0.2731089591 0.2278072829 0.1697369695 0.2026565301 0.2649399169 0.2434453342 0.2401710217 0.2271724384 0.1899722620 0.1954024937 0.2152568111 0.2599481003 0.1666057783 0.2281521540 0.2461502565 0.2841064909 0.2179236711 0.2285662596 0.2137584106 0.2019891214 0.2588690046 0.2683441762 0.2899413185 0.3084825599 0.3517974263 0.4401584386 0.5754560375 0.7113480328 0.8491278481 0.9775270779 0.9273943170 0.8706383069 0.7841085189 0.6537310845 0.4770193965 0.3753324414 0.3529653344 0.3003351353 0.2376109550 0.2221391119 0.2136264262 0.2826681473 0.2012764626 0.2581683671 0.1917467701 0.2620462949 0.2418924996 0.2598827573 0.2314835631 0.2263235321 0.2297787908 0.2004856730 0.2085181155 0.2364082884 0.2268680447 0.2220725275 0.2043332319 0.2375850152 0.2595555377 0.2175277881 0.2958938162 0.2880876259 0.3736026301 0.4627255213 0.5976881339 0.7516363818 0.8689074399 0.9388936268 0.9512827802 0.8166993178 0.7461167838 0.6259533063 0.5450465590 0.3845272843 0.2960776856 0.2692564957 0.1949229993 0.2619752010 0.2536819000 0.2338364523 0.2449371101 0.2004830168 0.2309553067 0.2576281335 0.2704071669 0.2118864909 0.2753900405 0.2352044516 0.2200683933 0.2405404602 0.2342462702 0.2748454594 0.2335147294 0.2462858262 0.1884470838 0.2427430552 0.2899202962 0.2378988971 0.3018973903 0.3118528747 0.4430181146 0.4863885592 0.6708527460 0.8206433109 0.9191950337 0.9749807593 0.9079251400 0.8174200441 0.7845770849 0.6028265883 0.4047470493 0.4128321268 0.2779447293 0.2651975376 0.2598754467 0.2325948306 0.2339256005 0.2926991044 0.2660940081 0.2445524049 0.2815013767 0.2568835025 0.2297906075 0.3101575402 0.2480021910 0.2620401520 0.2234063941 0.2222767521 0.2123452427
0.1888177898 0.2217631326 0.2163731002 0.2416609366 0.2188949623 0.2388758523 0.1946276653 0.2341168902 0.2292176854 0.2341404120 0.2587666237 0.2894206766 0.3884579055 0.4992355123 0.6021545741 0.7631109083 0.8386429102 0.9355419295 0.8992595591 0.8562482132 0.7321196735 0.5538559040 0.4634002993 0.3427417421 0.2875896967 0.2521697096 0.2433075646 0.2237965117 0.2238994108 0.2343475756 0.1964658680 0.2125934405 0.2424240547 0.2011008906 0.1891674067 0.2243881216 0.1929910219 0.1938167600 0.2500015740 0.2089269234 0.2385980344 0.2221996512 0.2520907097 0.2282642608 0.1984706929 0.2288902851 0.2915905475 0.2496547113 0.3517460585 0.3745337427 0.3987483340 0.4638166501 0.6546932900 0.7944141209 0.9169341173 0.9766758960 0.9469219187 0.8046033030 0.7276232053 0.5199803637 0.4581651743 0.3861786551 0.2965612736 0.2088584686 0.2096959220 0.2048777041 0.1861230897 0.2289048245 0.2200917111 0.2655182492 0.2465336403 0.2087352016 0.2198098607 0.2583918578 0.2549229307 0.2134514948 0.2650371643 0.2459487183 0.2657864528 0.2408193376 0.2055153242 0.2171197017 0.2365445853 0.2742702543 0.2587756804 0.2605256356 0.3238271352 0.3329445817 0.4646321273 0.5798962589 0.7483563933 0.8685177730 0.9338362217 0.9550231887 0.9206261198 0.7916482203 0.6558406474 0.5152375261 0.3683641760 0.3232009689 0.2662429973 0.2668143297 0.2211822116 0.2203346810 0.2184996180 0.2155989519 0.2474292075 0.2207838381 0.2603765594 0.2087207720 0.2693450336 0.2543174064 0.2744422694 0.2524322961 0.2768122851 0.2193522110 0.2148203222 0.2281785255 0.2439311498 0.2454000766 0.2144758063 0.2785694584 0.2286448035 0.2826080381 0.3234209936 0.3802215936 0.4680833276 0.5967130114 0.7956557141 0.8819529937 0.9323169095 0.9555633156 0.8626583272 0.7365076972 0.6273194735 0.4898243042 0.3977544757 0.3234922825 0.2859537660 0.3081250806 0.2699530829 0.2462348620 0.1990553718 0.2068856405 0.2417928207 0.1976996636 0.2105726167 0.2277587667 0.2344184880 0.2923643178 0.1987751257 0.2550923099 0.2459630921 0.2267508769 0.2878653126 0.2504071934 0.2681823881 0.2055684844 0.2576227401 0.2323477229 0.2346297225 0.2870033235 0.3291452004 0.4264306837 0.5348921141 0.6447834248 0.8145710445 0.8784061630 0.9340586372 0.9790904358 0.8478276156 0.7327730334 0.5641019634 0.4438323499 0.3758462606 0.2748214309 0.2697675549 0.2514502212 0.2572697672 0.2178390330 0.2692533591 0.2349780493 0.2175237664 0.1769699348 0.2220133538 0.2429091900 0.2278737112 0.1948337487 0.2641222090 0.2601022866 0.2471281995 0.2252564362
0.2517472994 0.1981372588 0.2385971812 0.2576500161 0.1678600578 0.2452150712 0.2430009858 0.2289203795 0.2250546502 0.2229008535 0.2944024309 0.2898477039 0.3822169836 0.4371457800 0.6165669062 0.7925721177 0.8444322396 0.8945521799 0.9359812402 0.8543709060 0.7741701608 0.6174598454 0.4234470224 0.3422569347 0.3154352547 0.2956301247 0.2339711591 0.2484309885 0.2078605724 0.2039213484 0.2081754586 0.2073817246 0.2124229847 0.2037533516 0.2282071419 0.2006388071 0.2389926010 0.2274187239 0.2131248217 0.2566773184 0.2340713901 0.2676668498 0.2122009384 0.2328208071 0.2076627751 0.2258049550 0.2193054846 0.2272178083 0.2893727997 0.3239238801 0.4097249579 0.5283538676 0.6597350088 0.7995603116 0.8745155531 0.9686080461 0.9292388058 0.8058560378 0.6415459971 0.5088498614 0.4564868913 0.3556432264 0.2781934624 0.2581326712 0.2485810336 0.2561993319 0.2452730168 0.2156002641 0.2349479384 0.2225872795 0.2874871176 0.2182636913 0.2513056934 0.2455140115 0.2392916389 0.2844024588 0.2601105174 0.2400957220 0.2027304688 0.2262809749 0.2383743425 0.2764652924 0.2156472374 0.2434941202 0.2953090800 0.2902407111 0.3216159777 0.3528754848 0.4622338643 0.6031403366 0.7378580211 0.7950193140 0.9196622123 0.9449692138 0.8899377201 0.7772117775 0.6253893623 0.5359709813 0.4454871612 0.3558591400 0.2615868328 0.2766510343 0.2469330797 0.2413287590 0.2532872237 0.2323058158 0.1885255939 0.1821963507 0.2773723226 0.2601608606 0.2222812487 0.2486179553 0.2076343983 0.2222028165 0.2437839804 0.2022600142 0.2376423619 0.2776413073 0.1928220360 0.2266412891 0.2903434395 0.2355613412 0.3120881389 0.2064381201 0.3584932357 0.4058052066 0.4749448393 0.6564768052 0.7419047720 0.8637738039 0.9256774907 0.9503513906 0.9335065451 0.7565599263 0.6101712297 0.5202904902 0.4004214847 0.2869247320 0.2476110350 0.2430276540 0.1884769770 0.2372796120 0.2095635829 0.2750789995 0.2733668418 0.2652019630 0.2671794736 0.2212514269 0.2646769145 0.2216425598 0.2779761111 0.2569633448 0.2183393789 0.2160361759 0.2228446224 0.2739883766 0.2389298222 0.2147725936 0.2385793160 0.2394856070 0.3089587650 0.3138585123 0.3085573498 0.4597560599 0.5863596733 0.6708804955 0.8453853765 0.9639458082 0.9838370029 0.9335884383 0.8575597365 0.6682021167 0.5934811977 0.4747079687 0.3466794116 0.3317127017 0.3039874340 0.2674437560 0.2825343528 0.2427801572 0.2183957352 0.2270940834 0.2364024582 0.2127684726 0.2221354734 0.2257247991 0.2254950579 0.2466777784 0.2078861433 0.2755360446 0.2719476329 0.2452033984
0.2164602812 0.1919680551 0.2135224843 0.1905542965 0.2364372885 0.1939624212 0.2262749366 0.2376092922 0.1917784123 0.2334982404 0.2598715185 0.3428985588 0.3850440790 0.5060292836 0.5823919845 0.7314908108 0.8963469634 0.9111509574 0.8908401838 0.8791922121 0.7371889296 0.5793272139 0.4685520042 0.3235361655 0.2623084316 0.2471712781 0.2253999484 0.2429827108 0.2061018866 0.2443901703 0.2082635744 0.2408834391 0.2184912515 0.1918651002 0.2573592148 0.1766231462 0.2378653837 0.2564251866 0.2273806042 0.2137518385 0.2316861672 0.2019626407 0.2004714667 0.2189301109 0.2652749808 0.2356366837 0.2353164497 0.2596921860 0.3406383121 0.3481547398 0.3854162865 0.5328897736 0.6921692606 0.7749890941 0.9428466738 0.9251763903 0.8987999430 0.8058705370 0.7106132338 0.5633443301 0.3837089790 0.3339305905 0.2725232223 0.2627114491 0.1486403516 0.2410662106 0.2726071453 0.2431705116 0.2538062642 0.2141642672 0.1854018702 0.2338404702 0.2751606409 0.1975204011 0.1954139015 0.2263321915 0.2576175616 0.2137505958 0.2483397236 0.1770025529 0.1849806897 0.2296336284 0.2140073203 0.2142214445 0.2664759327 0.2799490956 0.3059109132 0.4076808172 0.4305118476 0.5819074684 0.7197427550 0.7650775915 0.9382650654 0.9458882892 0.8920952408 0.7981600588 0.6350416076 0.5728755087 0.4059014812 0.3259673185 0.2809249744 0.2490863632 0.1963863347 0.2139005044 0.2251058244 0.2524353121 0.2224097403 0.2464132786 0.1993560871 0.2534007324 0.2340274527 0.2159608020 0.2845460022 0.2842158342 0.1931124808 0.2178030403 0.2243047054 0.2030673853 0.2594120288 0.2580185666 0.2557224653 0.2313968833 0.2621298843 0.2634841187 0.3074999018 0.3770891130 0.5231202851 0.6174319393 0.7815383655 0.9321193127 0.9466657908 0.9739856297 0.8767453195 0.7300510873 0.6668782116 0.4360904363 0.4083449512 0.3580359496 0.2700602044 0.2511032096 0.2187837133 0.2783349526 0.2634945940 0.2011287234 0.2218194875 0.2126325555 0.1795079398 0.2088308296 0.2743888446 0.2451929987 0.2115968344 0.2608491107 0.2477331199 0.2332626350 0.2517129516 0.2411481543 0.2119334900 0.2525764629 0.2931145457 0.2312289192 0.3047660939 0.3213065182 0.3274380992 0.3941341103 0.5740895519 0.6830116489 0.8179430223 0.9333716728 0.9434922481 0.9611500514 0.8892980799 0.6789974830 0.6083848798 0.4645229209 0.3544372858 0.3109059687 0.2682862576 0.1913383168 0.2476802620 0.2447041316 0.2085267671 0.2844184120 0.2593518776 0.2231711783 0.2217931912 0.2577571414 0.2820626095 0.2432390581 0.1993942159 0.2559329430 0.2701675529 0.2259231281
0.2287558109 0.2400720032 0.1893893382 0.2105730003 0.2623516460 0.2317376260 0.2353723976 0.2212222160 0.1621235353 0.2594493800 0.2696628773 0.3071288214 0.3896876933 0.5159817898 0.6299342794 0.7426154355 0.8960337182 0.9612601276 0.9383205636 0.8659418404 0.7559942377 0.5847397333 0.5008870734 0.3655635499 0.2722702711 0.2870110370 0.2607197454 0.2189794165 0.2311797225 0.1576741565 0.2201455097 0.2089981389 0.2433122486 0.2501379191 0.2435642536 0.1989808828 0.2023411807 0.2229743540 0.2279590740 0.2402337894 0.2481791795 0.2476381701 0.2282946741 0.1918576092 0.1976771316 0.2234745512 0.2047319422 0.2506714213 0.2664609491 0.2950904168 0.4224921962 0.5463471525 0.6714567386 0.7987377763 0.9441416779 0.9502315550 0.9550571679 0.8088694984 0.6637939317 0.5917508330 0.3888525671 0.3237540466 0.2567489301 0.2831809573 0.2645555891 0.2185444779 0.2076119323 0.1900185929 0.2371390849 0.2145397884 0.2415853661 0.2489432872 0.2158150323 0.2517087717 0.2082811631 0.2115870520 0.2056080850 0.2306855912 0.2444383271 0.2308873187 0.2113314473 0.2321321045 0.2043478414 0.2321239531 0.2435404773 0.2178146699 0.2897836828 0.4098893805 0.4544421071 0.5748223269 0.7163002077 0.8293257219 0.9621050780 0.9642493692 0.8774255245 0.7537838646 0.6438746692 0.5108725733 0.3746152073 0.3425425364 0.2796266490 0.2189571796 0.2509228259 0.2311340683 0.2448307223 0.1958460197 0.2301510777 0.2284135456 0.2625121114 0.2514105876 0.1846368344 0.2264210287 0.2131159816 0.2017911483 0.2284815575 0.2156034755 0.1913585556 0.2386824895 0.2461747101 0.2483363227 0.2214887912 0.2615188272 0.2165640504 0.2319307809 0.3264862307 0.4014489641 0.5132007392 0.6471608363 0.7688245254 0.8819272685 0.9704610552 0.9756469155 0.8502629265 0.7339009039 0.5660972219 0.4644802008 0.4226208385 0.2699363806 0.2480889243 0.2606543842 0.2249250015 0.2163175419 0.2408050297 0.2404308555 0.2426567440 0.1911098385 0.2236605088 0.2164501135 0.2224416157 0.1955424139 0.2565936740 0.2076551778 0.2414240575 0.2763057046 0.2110420165 0.2236291382 0.2290300026 0.2668737870 0.1927273530 0.2163705471 0.2894644713 0.2951488216 0.3126361052 0.4031540340 0.5393187126 0.6935144570 0.7948648813 0.9186689682 0.9835740215 0.8831136436 0.7474750877 0.7169003691 0.5537924759 0.5022150259 0.3483090149 0.2826397803 0.2754117809 0.2373998872 0.2347503640 0.2472251952 0.2455396669 0.2439969862 0.2362033964 0.2459158512 0.2015987837 0.2922013166 0.2055749312 0.2830580217 0.2261719993 0.3147405308 0.2437027431 0.2149109778
0.1598653306 0.2087454372 0.2370545167 0.1889859195 0.1986614954 0.2060459063 0.2211412153 0.1688979055 0.2350781843 0.2486541719 0.2451263190 0.2957549506 0.3896279429 0.4335559808 0.6080606593 0.7521498198 0.8554636017 0.9053289832 0.9490170010 0.8658904124 0.6972209140 0.5517524509 0.4239733832 0.3440291548 0.2731636036 0.2149420534 0.2698828737 0.2316575302 0.2446229005 0.2217764551 0.2093288420 0.2050462516 0.2100414458 0.1851010365 0.2053210428 0.2149325646 0.2258549523 0.1563217056 0.2082162115 0.2525712648 0.2184458786 0.2167601404 0.1991485637 0.2163129231 0.2293364513 0.2196583346 0.1935284176 0.2784951300 0.3102768778 0.2986943849 0.4385840006 0.5130004358 0.6479020655 0.8608045430 0.8579553359 0.9186727168 0.8879116879 0.7912411054 0.6877662479 0.5134821320 0.4331436790 0.2895822667 0.3077050700 0.2528511666 0.2055667308 0.2310067918 0.2100596859 0.2121423602 0.2258507871 0.1957296531 0.2039575296 0.2377904982 0.2641152770 0.2308815517 0.2026973161 0.2053024968 0.2260261192 0.2669225455 0.2306922714 0.2105207510 0.2252268861 0.2215790859 0.2168107115 0.2249846290 0.1872681451 0.2790474190 0.2990555930 0.3226895752 0.4193928936 0.5903204334 0.7254126361 0.8559081821 0.9257847049 0.9079931719 0.8895330032 0.7584477803 0.5983525423 0.4868783887 0.3732074073 0.2886120476 0.2642284517 0.2514258137 0.2610691998 0.2272651494 0.2393680351 0.2553525484 0.2618722420 0.2260587562 0.2295899110 0.2389149566 0.2179590780 0.1989412690 0.2201070445 0.2247186887 0.2274365713 0.1781033966 0.2182111492 0.2761034648 0.2698187822 0.2676842333 0.2549904208 0.2558711795 0.2458883980 0.2472756964 0.3070823066 0.4082852417 0.4958116206 0.5351689238 0.7615825935 0.9008534785 0.9676080458 0.9014339827 0.8481434180 0.7659584770 0.5968067051 0.4192343536 0.3812496543 0.3135502390 0.2097442138 0.2162529826 0.2316345798 0.1813728062 0.2160437228 0.1892931103 0.2273676330 0.1896573868 0.1938369190 0.2810727268 0.2160457794 0.2594838918 0.2150265590 0.2098944647 0.2298484006 0.2090216900 0.3113611831 0.1907077190 0.2571951198 0.1933382378 0.2423663996 0.2332365371 0.2623401096 0.3345237634 0.3306502381 0.4166546531 0.5552774678 0.6942001144 0.8007098110 0.8970514605 0.9250247407 0.9756979755 0.8144555745 0.6747826276 0.5441309417 0.4368556814 0.3558548622 0.2728485631 0.2816645251 0.2368341853 0.2449626136 0.2568414125 0.2514103749 0.2068164093 0.1752047887 0.1760072789 0.2849573843 0.2176751351 0.2316857596 0.2751386829 0.2742437711 0.2531004965 0.2400188823 0.2372981202
0.2145227349 0.1981831961 0.1791106092 0.2022461416 0.2453639736 0.1830231209 0.2141301676 0.2444080691 0.2082802247 0.2325866404 0.3107116525 0.3139852948 0.3487957317 0.4688269608 0.5781646247 0.7102308187 0.9003381985 0.9549414957 0.9161247210 0.7772863514 0.7076331256 0.5676605323 0.4254723494 0.3382637779 0.2351591776 0.2612684396 0.2112860817 0.2131426611 0.2537307409 0.1684004645 0.2058488938 0.1664659738 0.2442434149 0.1941623596 0.2097061185 0.2165752053 0.2121980931 0.2378183544 0.2201566655 0.1768473818 0.1823535030 0.1945912486 0.2244711523 0.2569130938 0.2209390261 0.2209597617 0.1976232669 0.2358230602 0.2691721917 0.3424728530 0.4166963167 0.5548097905 0.6651881040 0.7761782488 0.8823911106 0.8956395103 0.9221752633 0.7822273034 0.6315492845 0.5254275278 0.3575378212 0.3139529198 0.2587473164 0.1880183998 0.2558547370 0.1636292324 0.2227675321 0.2031486976 0.2231357039 0.2360236498 0.2394727688 0.2109733284 0.2594539421 0.1792412531 0.2278680308 0.2654733595 0.2197857410 0.2181390305 0.2236521761 0.1938496660 0.2365386264 0.2248355803 0.2163545318 0.2354282483 0.2241429315 0.2493963170 0.2542525712 0.4123626872 0.4681901319 0.5807387944 0.6885389284 0.8074169485 0.9530003809 0.9158674727 0.8454177706 0.7638438733 0.6482099897 0.4628828526 0.3886536034 0.2937499288 0.2492118638 0.2748469825 0.2305347246 0.1819402700 0.2467068492 0.2146540919 0.2145079583 0.2137128640 0.2195255942 0.2557638962 0.2429223560 0.1772296689 0.2299232414 0.2160490269 0.2022660489 0.2756378999 0.2604453375 0.2456809595 0.1681038893 0.2427628395 0.3034666991 0.2275664094 0.1879683280 0.2287798468 0.3273545566 0.3438173816 0.5270483231 0.6099171055 0.8178169836 0.9112743817 0.9150126389 0.9174677658 0.8467287798 0.7047693780 0.5776761984 0.4694358072 0.3793920274 0.2977214833 0.2125816682 0.2477750530 0.2238208739 0.2549900557 0.2140080625 0.2593517615 0.1431293631 0.2105132110 0.2462486897 0.2308959276 0.2659175557 0.2408837292 0.2431636687 0.1993502878 0.1998828984 0.2233150028 0.1636080085 0.2611997106 0.2261819913 0.2417785772 0.2133512006 0.2769604751 0.2339490236 0.3049156620 0.3290142907 0.3535012352 0.5153029197 0.6490663209 0.7661255983 0.9417395205 0.9926339162 0.9343141828 0.8146171388 0.7330568384 0.5715011987 0.4351014878 0.3786398499 0.3114145100 0.2665166116 0.2328211633 0.2694553690 0.2342816884 0.2210064299 0.2328439685 0.2471134907 0.2515560098 0.1985550490 0.2048472846 0.2340908480 0.1954438075 0.2543169748 0.1518065578 0.2430751037 0.2149623703
0.2061536765 0.1562863325 0.1402864793 0.2507083807 0.1527206376 0.2103392970 0.1951686004 0.2444240433 0.1682629057 0.2199233963 0.2242555963 0.2732561247 0.3679695823 0.4381306064 0.6198229717 0.7716353429 0.8649106891 0.8965813710 0.9023335646 0.8321156512 0.6919966203 0.5783033949 0.4312330314 0.3250704694 0.3029197905 0.2425033984 0.2445171980 0.2391177998 0.1998295585 0.1803062605 0.2388181424 0.1764742581 0.2093545833 0.1777714631 0.2573984201 0.1698559889 0.2166145758 0.1671048545 0.2162431503 0.2169044700 0.1814910415 0.1892204394 0.2327819283 0.1924811845 0.2051203237 0.2184641877 0.2274507187 0.2370198080 0.2753830621 0.3256083302 0.3408814642 0.5213295014 0.6440335100 0.8061645010 0.8900203722 0.9758730746 0.8962939717 0.7689111030 0.6445532678 0.5052621429 0.3970676641 0.3315331898 0.2780377117 0.2528616440 0.1865205269 0.1943447747 0.2025353067 0.1748162011 0.2333622842 0.1930268116 0.2112310010 0.2240359404 0.2052990292 0.2503750313 0.2638812699 0.2409658339 0.2256027648 0.2352869915 0.1959052399 0.1876705824 0.1747369573 0.2147015801 0.1954191135 0.2158650720 0.1989271322 0.2533778658 0.3235919038 0.3357485632 0.4118055141 0.5222275894 0.6441516307 0.8046022344 0.9412320569 0.9098445742 0.8524814381 0.7434046571 0.5655362364 0.4667558063 0.3649973342 0.2869042094 0.2135533149 0.2452070763 0.1838254431 0.2237009207 0.2214291735 0.2115301743 0.2059333380 0.2018428133 0.1979158195 0.2374268022 0.2174282456 0.2141242266 0.1955139331 0.1967091221 0.2136814669 0.2377980118 0.2486567600 0.2127378488 0.2088920176 0.2479670196 0.1738529556 0.1774235510 0.2279939798 0.2674431572 0.3483953592 0.3711199775 0.4790408221 0.6391199000 0.7944717003 0.8645142637 0.9046450420 0.8799358860 0.8448728445 0.7017494204 0.5725108337 0.4516669323 0.3569982244 0.3281599952 0.2542029972 0.2351439534 0.2484487670 0.1522402228 0.2024962013 0.2063384102 0.2051333643 0.2287844721 0.2797371461 0.2206228320 0.2282516263 0.1501021051 0.1488831096 0.2086560735 0.1806905598 0.1780054965 0.1877235455 0.2037013597 0.1780783270 0.2466468249 0.2027097501 0.2816821273 0.2420231955 0.3119458052 0.2753656672 0.3827493968 0.5253912000 0.6593021802 0.8281606556 0.8680370183 0.9178995372 0.9110687271 0.7768157753 0.6819357720 0.5510537257 0.4490434518 0.3293655304 0.3197772589 0.2605820873 0.2157452700 0.2506313514 0.2007123909 0.2616448275 0.2052385372 0.2000453235 0.2598901420 0.2164384781 0.2026561496 0.2386591584 0.2216254179 0.1833776025 0.2084074210 0.2296913802 0.2194085612
0.1924003315 0.1788834004 0.1682859716 0.2145912960 0.1667104614 0.1838705871 0.2145342948 0.2445544904 0.1609820984 0.1535669631 0.2494061611 0.3025787429 0.3310722934 0.4602222969 0.6010609917 0.7028944398 0.8555465075 0.9394226368 0.9154455137 0.7926125693 0.7093292631 0.5773704645 0.3902098395 0.3582338215 0.2736594783 0.2203652640 0.2114410140 0.1897858274 0.1924432746 0.1798671042 0.2193227437 0.1757314529 0.2241407328 0.2021910781 0.2135456159 0.2254973420 0.1960977046 0.2241930318 0.1974474143 0.1714931612 0.1892024530 0.1452462351 0.1907749513 0.1660214189 0.1552005307 0.2074071614 0.1808998087 0.2497130596 0.2953249004 0.2883388104 0.3993854384 0.5241615903 0.6676325011 0.7814244024 0.8859509898 0.9811562513 0.8706522463 0.7588383707 0.6196214792 0.5094184161 0.3987209746 0.2892307265 0.2283598702 0.1845181669 0.2087588155 0.2603154650 0.2729675073 0.2022944321 0.2228078127 0.2222812037 0.2039385775 0.2037605699 0.1720159747 0.1761297563 0.2254033881 0.1735030227 0.2084252706 0.2172581881 0.1974301180 0.2372068654 0.2162491422 0.1888839727 0.1902748394 0.2563918215 0.1926787269 0.1679353530 0.2405010368 0.3478902981 0.4169588093 0.5586567903 0.6955290565 0.8757637164 0.9543252669 0.9115809402 0.8470255049 0.7560288962 0.6029104192 0.4931158094 0.3116804578 0.3072335886 0.2297980178 0.2359513836 0.2421498833 0.1228769202 0.2455394093 0.1897562546 0.2486332583 0.2066097795 0.2087548228 0.2102416916 0.1942921570 0.2222071155 0.2271525848 0.2049487758 0.1444173931 0.1951495081 0.2185784525 0.1803569815 0.2182835948 0.1972839834 0.2261297490 0.1937260525 0.2090794145 0.2652973923 0.3071502253 0.3533558146 0.4774459870 0.6617356440 0.7468999488 0.9165398135 0.9552093261 0.9601669301 0.8185148650 0.6978951541 0.5667990678 0.3927741209 0.3127201011 0.3157697961 0.2678847764 0.2204691148 0.1686182634 0.1899771279 0.2198326175 0.1985422836 0.2104157413 0.2208687829 0.2149714765 0.2247417426 0.2154939655 0.2088093738 0.1588789400 0.1981408804 0.2096808406 0.2409809199 0.2246765446 0.2028080406 0.2231674802 0.1930203814 0.2132252279 0.2267477614 0.2301065613 0.2785736404 0.2925381658 0.4460744432 0.5620521774 0.6320169247 0.8252961511 0.8730707275 0.9459877417 0.8803103752 0.7876415469 0.6129714475 0.5259346667 0.3859798688 0.3643042610 0.2427419930 0.2262907383 0.2929566478 0.1966508763 0.2355657068 0.2379195680 0.2030247556 0.2193230599 0.2149952689 0.2513021752 0.1919022675 0.1751327243 0.2343566280 0.2429675621 0.1705979412 0.2577590806 0.1771171199
0.1139906690 0.2580970135 0.2092889599 0.2021286629 0.1615110997 0.1895215192 0.1247290230 0.1689494412 0.1699459666 0.2426006494 0.2620060808 0.2598342664 0.4018193301 0.4328551344 0.6050625973 0.7650310650 0.8460529375 0.9708585819 0.9076019984 0.7553700719 0.6374661541 0.5317057910 0.4305106494 0.3020375289 0.2007536718 0.2351546900 0.1673339163 0.1660648956 0.1926592694 0.1839120875 0.2132439472 0.1656325335 0.2659441260 0.2102389232 0.1757004351 0.2207178796 0.1550699178 0.1811608827 0.1393716496 0.2188724353 0.2140343847 0.2090299866 0.1813905893 0.2284085933 0.1552322275 0.1781324488 0.2516167864 0.2004997136 0.2748952117 0.3349679422 0.3624457410 0.4796979650 0.6662541441 0.7981454427 0.9259263732 0.9215020546 0.8415503115 0.7516660541 0.5993842521 0.5268036574 0.4073149922 0.3344388418 0.2383898610 0.2557646063 0.1803179155 0.2285287645 0.2138089304 0.2337895582 0.2499064470 0.2072053047 0.2225050727 0.1894765106 0.2025852566 0.1812074349 0.1635611862 0.1935057348 0.2157410740 0.1876081700 0.2094277872 0.1963633773 0.1696159412 0.2136098107 0.1767183180 0.2144369287 0.2477176610 0.2167383495 0.2747212147 0.3305688855 0.4602840028 0.6092719335 0.7263543792 0.8273592324 0.8916101111 0.8908705156 0.8269427903 0.7276633115 0.5986426523 0.5097026655 0.3168628418 0.2963410569 0.2609051751 0.1715298372 0.1926817043 0.2166745188 0.2205709672 0.2307132695 0.1656300098 0.2068423319 0.1966547017 0.2320969588 0.2187366487 0.2062928084 0.1784564535 0.1998947887 0.2030612727 0.1528718568 0.2096613536 0.1787338078 0.2445453710 0.2340398277 0.2167290379 0.2186054649 0.2575162902 0.2749580711 0.3310396649 0.3760181880 0.4954178855 0.6363239156 0.7556952317 0.8717394795 0.9427384733 0.8998628897 0.8270108684 0.7048373701 0.5404894552 0.4514394491 0.3690108792 0.2535659238 0.2161305444 0.2007174090 0.2044482425 0.2063871554 0.2471536111 0.2112135146 0.2027594221 0.2091014376 0.2336178064 0.2689064590 0.2250935027 0.2009897733 0.1836869666 0.1935439172 0.1628583373 0.2560482766 0.2073262679 0.1870963567 0.1870292184 0.2751989084 0.1900259803 0.1981640070 0.2541031525 0.2566023153 0.3659400844 0.3983424294 0.5655234182 0.6550784309 0.8435360963 0.9193040122 0.9214272644 0.8870264933 0.7970217581 0.6245356122 0.4934487318 0.3658012543 0.3115698254 0.2591549029 0.2830156392 0.2484893484 0.2070851650 0.2940647701 0.2058034026 0.2252943929 0.2119140213 0.1919058653 0.2404207638 0.2551716319 0.2267144902 0.2388330789 0.2210563078 0.2162893515 0.2037528688 0.2008109991
0.2084392136 0.2000188034 0.2633462554 0.1595186484 0.1813386035 0.1986745526 0.2030838732 0.1719459817 0.1722603921 0.2173456942 0.2458634234 0.3107004359 0.3635576190 0.5132856525 0.6241124545 0.7115348023 0.8545498708 0.9250418807 0.8826213026 0.8512297051 0.7092432984 0.5124713170 0.3885530220 0.3116271802 0.2096304512 0.1957556965 0.2041055066 0.1840018760 0.1572920348 0.2213598205 0.2498055463 0.1904237433 0.2317216549 0.1521812379 0.2688489626 0.2090762671 0.1987934272 0.2105748999 0.1420215306 0.2174722769 0.2262316797 0.2153372820 0.1634506826 0.1918502210 0.2258180979 0.1791905632 0.2114977923 0.2575681320 0.2439243063 0.3034625546 0.4046335777 0.5284955690 0.6987820844 0.7871481931 0.9056595680 0.9572640225 0.8287510520 0.7362662436 0.6452649461 0.5090899938 0.4067555933 0.2993821306 0.2412370771 0.1964775491 0.2012477535 0.1797309929 0.2355408825 0.2029489189 0.1785769011 0.1940887665 0.1690589923 0.1695340422 0.2505054459 0.2642338645 0.1775113482 0.2166819218 0.1839962946 0.1404914507 0.2067996881 0.1893533103 0.1680874085 0.2514594810 0.1732488868 0.1867167691 0.2297882678 0.2221008920 0.2740626709 0.3906283032 0.4005782999 0.5890758465 0.6983240398 0.8666913289 0.8845813170 0.9426422981 0.8283935344 0.6950565338 0.5933739394 0.4924955473 0.3586413455 0.3354176949 0.2467711253 0.2108713921 0.2192109978 0.2394461299 0.1987031312 0.2211646572 0.1702181213 0.1580853191 0.2152046891 0.2035047320 0.2224864084 0.1498984106 0.1800013857 0.1806264232 0.1863992137 0.1780373092 0.2070520826 0.1579825948 0.1853263860 0.1725053999 0.1922590978 0.1677914798 0.2395006846 0.2199362255 0.3042737734 0.3910285759 0.4831134797 0.6066569167 0.7280138137 0.8868675961 0.9149808305 0.9067424238 0.8231084525 0.6802962414 0.5589811105 0.4036734046 0.3779803425 0.2570335819 0.2402261139 0.2231494220 0.2115529986 0.1946598944 0.2014634566 0.2017278812 0.1978255033 0.2180589943 0.1723033628 0.1655941407 0.2118725821 0.1830455103 0.2725217603 0.2326898013 0.2305485838 0.2313328865 0.2462011296 0.2148438525 0.2480003621 0.2159207242 0.1846058018 0.2267768324 0.2990338617 0.2419833072 0.3422943648 0.3937254542 0.5363877529 0.6827343804 0.8035792719 0.9110143103 0.9139160250 0.8694822909 0.7434905794 0.7003297481 0.5452713413 0.3895857823 0.3388467147 0.2660964861 0.2223111689 0.2530539284 0.2202807527 0.1828962992 0.1559129945 0.2946152860 0.2145010273 0.2418952344 0.2244913120 0.2216476974 0.2509307945 0.2614449417 0.2440454926 0.1762504054 0.1898368293 0.1723380346
0.2407477136 0.1872501726 0.2089592225 0.1591425884 0.2112948062 0.2031404626 0.1792243691 0.2423728370 0.1829079041 0.2255987655 0.2601076320 0.2935642018 0.3788476318 0.5344084738 0.6128076743 0.7688011634 0.8644778660 0.9100831178 0.9107723555 0.8166553761 0.6473625087 0.4927963720 0.4253543505 0.3149762467 0.2588757280 0.2072879466 0.1666210501 0.1651568934 0.1702609529 0.2165332985 0.1718371798 0.1895602413 0.1924549069 0.2317079015 0.1757926753 0.1934369044 0.1920431235 0.2521497860 0.2279434680 0.2141760704 0.1731701157 0.1717371239 0.2291807605 0.1658955130 0.2360229877 0.2350907022 0.1510834368 0.1825158775 0.2867290762 0.3103057835 0.4306832690 0.5516537018 0.6554694942 0.7940230418 0.8970885505 0.9286195135 0.8513251837 0.7298052298 0.6249485695 0.4806528064 0.4316224776 0.3132165951 0.3332273895 0.2147014105 0.2329272912 0.2028621239 0.1923246125 0.2008873821 0.1957245852 0.1888963528 0.1693631297 0.1852983680 0.1787425802 0.1943844452 0.2053332499 0.2317582609 0.1808359202 0.1545418039 0.2076759926 0.2494527953 0.2486122029 0.2849859023 0.2128636612 0.2109394639 0.2342051849 0.2622587897 0.2909811239 0.3516904570 0.4171165370 0.6027492056 0.6635160148 0.8135499217 0.8947013258 0.8964337725 0.7870589878 0.7047454709 0.5698216794 0.4412929056 0.3701347444 0.2638134100 0.2379340826 0.2288196319 0.2250391368 0.2241447893 0.1752608085 0.2253382693 0.2016237801 0.2155347733 0.2123970451 0.2011742265 0.1764580338 0.1660213218 0.2407637759 0.1972040416 0.2221858996 0.2505713151 0.2320740105 0.2346826795 0.2440124656 0.1629425114 0.1841071889 0.2079535837 0.2503809566 0.2657226222 0.2858986305 0.3936100567 0.4812462269 0.6384900918 0.7673937177 0.8531155700 0.9323035672 0.9255339702 0.8148234378 0.6974757102 0.5404705015 0.4092974893 0.3398446096 0.2442229280 0.2335958107 0.2289759331 0.2100620071 0.2073686012 0.2012278469 0.1817961460 0.2323005712 0.1728940604 0.1607502390 0.2842786863 0.2264495059 0.2272484521 0.2187204681 0.2219564368 0.2373457467 0.2357666835 0.2070721976 0.2030348066 0.2220892828 0.2259863158 0.2027044303 0.2360413459 0.2246917508 0.2516094141 0.3308622099 0.4393663357 0.5337259636 0.5832589282 0.8446004666 0.8720082235 0.9392325647 0.8745230917 0.7969064510 0.6708715498 0.5070730753 0.4259180987 0.3485140905 0.3129605822 0.1967202956 0.2195015383 0.2181711750 0.1945251675 0.1422249294 0.1834118474 0.2126722450 0.2862062655 0.1993362910 0.2214709700 0.2117684653 0.2233096245 0.2100256015 0.2341801778 0.1946528837 0.2281342184
0.1938885979 0.2079349504 0.1763242509 0.2342203448 0.1890934848 0.1755605518 0.1574894713 0.2031390829 0.2130241017 0.1722442488 0.2860519371 0.3258439207 0.4077844910 0.4784906612 0.6975702601 0.7446501823 0.8718282187 0.9119837660 0.9090795306 0.7565863185 0.6743576705 0.5733049262 0.3902277689 0.3490152648 0.2814334317 0.2295275770 0.1450509831 0.2097775729 0.1750222873 0.2255189222 0.2123159345 0.1927671793 0.2068022079 0.2158359454 0.1708203889 0.1852464908 0.2513469406 0.1658047664 0.1937946085 0.2166996492 0.1829312217 0.1875394203 0.2154756136 0.1797132401 0.2351768940 0.1639912367 0.1701236791 0.2307591903 0.2507038566 0.3122567629 0.3605972071 0.5173873736 0.6150532162 0.7748396079 0.9301669112 0.9423239951 0.9084835687 0.7526330325 0.6925485286 0.5073554880 0.3971834558 0.3069461556 0.2286899850 0.2194584881 0.1262666522 0.1772990779 0.1805008957 0.2158867295 0.2005570370 0.1864762705 0.2936553835 0.2030651936 0.2304835639 0.2070968399 0.2366228388 0.2108071081 0.1827932855 0.2461770787 0.1871222983 0.1608127028 0.2070029475 0.2341417706 0.2465249930 0.2218330604 0.2174590454 0.2382294340 0.3069962355 0.3501954636 0.4155531456 0.6323451426 0.7143234070 0.8219642257 0.8968335942 0.9522769178 0.8974630353 0.7416855007 0.6126042607 0.4313424948 0.4047909791 0.2505053325 0.2172856290 0.2074505977 0.1992836883 0.2284232556 0.1783923890 0.2571683464 0.2451367287 0.2059277007 0.2325027903 0.2157605543 0.1801880088 0.1797087743 0.2014259483 0.2695749627 0.1971358295 0.1970199036 0.2034327501 0.2520458879 0.2128065003 0.2332425246 0.2005018178 0.2527293709 0.2780348591 0.2612824969 0.2964177173 0.3712639914 0.4819270720 0.6750913342 0.7565284646 0.8584610159 0.9217771392 0.8987635729 0.7612002354 0.7217731305 0.5714870140 0.4688512464 0.3355640358 0.3280916516 0.2135726817 0.1984295326 0.2559826125 0.2874574242 0.2147295987 0.2130555097 0.2058745822 0.1790127050 0.2372673495 0.2668235780 0.1963314559 0.1836269734 0.2169175725 0.2005308049 0.1998022444 0.2186901085 0.2143141890 0.2294831773 0.2585399972 0.2439628977 0.2537676498 0.2200927984 0.2293800039 0.3425872059 0.3720983498 0.4608589708 0.5791601053 0.6735002786 0.8356465312 0.8807011673 0.9722020914 0.8731773338 0.7800501775 0.6579977144 0.5210697897 0.3931400722 0.3611543888 0.2994673520 0.2059086563 0.2603638931 0.1943509446 0.1995273003 0.2183335373 0.2076526344 0.2454532310 0.2022850662 0.2760331410 0.2797717829 0.1894078120 0.2039420882 0.1985279027 0.2040177292 0.2034174387 0.2588092402
0.2036914377 0.2355447015 0.1973952887 0.2572775082 0.1906117389 0.2178301143 0.2212578320 0.1862484976 0.2060992195 0.2093515388 0.1943899804 0.2916629770 0.3745999764 0.4642305918 0.6497413540 0.7424542937 0.9085539506 0.9264725522 0.8491258312 0.7980520069 0.6781377050 0.4922454183 0.3981045786 0.3685723741 0.2532961579 0.2419530904 0.1811125618 0.2071755577 0.1930779707 0.2196992778 0.2719432120 0.1929703706 0.2427752920 0.1739720057 0.2103081832 0.2695942001 0.1675259649 0.2023992191 0.2357276236 0.2175897313 0.2068952879 0.1880241746 0.1807340820 0.1956849417 0.2031502685 0.2645896388 0.2189164256 0.2789450282 0.2796094571 0.2968018267 0.4661863869 0.5717035012 0.6838492199 0.8077667105 0.8964254220 0.9537550115 0.8968906603 0.8353616873 0.6630715748 0.5160737791 0.3307031928 0.3757563368 0.2521192103 0.2877414194 0.1808588647 0.1761644917 0.2380396809 0.2020083509 0.1918400072 0.1947141902 0.2036697935 0.2172282444 0.2369683000 0.2210049297 0.1752863010 0.2229926884 0.2154611196 0.2432021598 0.2276883857 0.1982759842 0.2018771842 0.2204046896 0.2189447083 0.2566491016 0.2766758990 0.2700049491 0.3324828849 0.3656072863 0.4706222888 0.6172278934 0.7213852755 0.8661838733 0.9287474478 0.8933994320 0.8506225585 0.7667716131 0.5972192432 0.5005155262 0.3994558787 0.2715148302 0.2066875107 0.2039226353 0.2455964313 0.2710220921 0.2377357284 0.2332447596 0.1898995630 0.2722356052 0.2125336119 0.2416775782 0.2021273351 0.2318134424 0.2274899854 0.2092526819 0.2268298572 0.2206101197 0.2149702150 0.1456438607 0.1777116404 0.1628817689 0.1916660323 0.1839674716 0.2641812433 0.2438693976 0.3172541544 0.4157995431 0.4479816828 0.6399920459 0.7923235458 0.8708834283 0.9176043706 0.8876605506 0.8629255041 0.7251030400 0.5741974852 0.4170949616 0.3580847430 0.2919087334 0.2386761341 0.2917293290 0.1592079535 0.1886771758 0.1452051746 0.2352041318 0.1718383595 0.2671963000 0.2467019592 0.2407332595 0.2131785756 0.2665269762 0.2417268795 0.2515034383 0.2379301582 0.2092984186 0.2300790526 0.1446743505 0.2118570555 0.2307118253 0.2064790083 0.2281681061 0.3058440328 0.2883465887 0.3624473647 0.4089583181 0.5697833936 0.7384798216 0.8197140482 0.8423587840 0.9709915130 0.9444425649 0.8081796430 0.6346662623 0.5767635997 0.3923340627 0.3453152591 0.3188714391 0.2443193879 0.1934225524 0.2206066163 0.2238479606 0.1968045122 0.3066596617 0.2324336587 0.2848663379 0.2177599042 0.2196106579 0.2547726781 0.2081200694 0.2284323373 0.2798225793 0.2066559855 0.2065977741
0.2145071742 0.2229593266 0.2255620812 0.1643542160 0.2521193794 0.2143909412 0.1995430809 0.1941684873 0.1817275269 0.2368231125 0.2782755889 0.3511857313 0.4276026118 0.4611245302 0.6872689922 0.7437637798 0.8555367032 0.9117456719 0.8644608001 0.8306466865 0.7091402688 0.5724971027 0.4050259168 0.3337548350 0.3078622923 0.2632910719 0.2862489139 0.2023959775 0.1963683775 0.2274165382 0.2514787324 0.2018541110 0.2025149924 0.2074034848 0.1848211822 0.2469271595 0.2355700929 0.2128869260 0.2651500819 0.2405230786 0.1685633001 0.1994465380 0.2130016810 0.1791141942 0.2341660704 0.2196511827 0.2248299553 0.2342659320 0.2826238839 0.3283710865 0.4429858714 0.5115215348 0.6741132894 0.7905477539 0.8655314254 0.9722952932 0.8871871265 0.7218028648 0.6096267570 0.4797735741 0.3720590647 0.2999417997 0.2710792047 0.2318449513 0.2282976316 0.2288039815 0.2292196710 0.2242321101 0.2247795200 0.2133913868 0.2347271844 0.2530209871 0.2679129426 0.1897742050 0.2069738276 0.2621179385 0.2290839634 0.1923381479 0.1925057833 0.2002688582 0.2261703031 0.2052972499 0.2438530972 0.1511355575 0.2107605050 0.2197488357 0.3072486902 0.3289622963 0.4756091395 0.5971824952 0.7478077555 0.9124839044 0.9474371097 0.9347587244 0.8730398251 0.7872443641 0.5398350542 0.4774798152 0.3867568925 0.2941539891 0.2584644970 0.2275196066 0.2319547786 0.2592878043 0.2334381505 0.1633651341 0.2558405766 0.1918786140 0.2471452612 0.1693438548 0.2057537907 0.2447703174 0.2072123632 0.2215925889 0.1755953592 0.2100759264 0.2038817964 0.2248901203 0.2516562220 0.2116142376 0.1914833886 0.2753179629 0.2163652521 0.2999529130 0.3364012801 0.4440431464 0.5568376458 0.6316191196 0.7616992019 0.9379304194 0.9425424061 0.9451984344 0.8193322374 0.6934546484 0.5987420655 0.4294140533 0.3357600704 0.2848890270 0.2511906497 0.2601182022 0.2324324907 0.2666636506 0.2305346282 0.2222692830 0.2424072403 0.2223355883 0.2238555183 0.2131431679 0.2009953241 0.2053128792 0.2482506204 0.2634746399 0.2304310582 0.2220325388 0.2340433631 0.2295747115 0.2322513968 0.1860284369 0.2311098991 0.2662651526 0.2616875496 0.3064153270 0.3899040820 0.4739373891 0.5613445868 0.6855654350 0.8504944917 0.9576496829 0.9750018781 0.8765684677 0.7530071953 0.6850267443 0.5606022097 0.4476408028 0.3180496975 0.3236059661 0.2565254325 0.2266178482 0.2081616621 0.2112799987 0.2001731022 0.2703676501 0.2873825382 0.2017336428 0.2489684786 0.1847121158 0.2159248627 0.1709931864 0.2260150553 0.1819000262 0.2150243830 0.1878358256
0.2079155043 0.1658510480 0.2392856730 0.2067698653 0.1852604026 0.1934236232 0.2543954921 0.2571711398 0.2098917955 0.2204821288 0.2955691948 0.3378062904 0.4188926326 0.5207121087 0.6797908853 0.8373937007 0.8430272501 0.9353898271 0.9327206529 0.8102334013 0.6872955173 0.5955867520 0.3787465609 0.3361715116 0.2443545869 0.2658452340 0.2100694994 0.2097959389 0.2383792965 0.2338611966 0.2142966280 0.2219238488 0.2645907055 0.2204892293 0.2123654864 0.2584758001 0.2404373821 0.2210164826 0.2372749684 0.1814452017 0.2400401581 0.2661793672 0.2133652119 0.2061222490 0.2587309942 0.2545866554 0.2272200777 0.2081019561 0.3016065754 0.3536861833 0.3940905280 0.5637380306 0.7192710326 0.8316680897 0.9247340385 0.8661474135 0.8625015763 0.7654673916 0.6445988754 0.5217238895 0.4195429270 0.3599756830 0.2769774090 0.2469087357 0.2036419255 0.2212809056 0.2463393930 0.2373883565 0.2099654806 0.2200404355 0.2618651432 0.2532233626 0.2139274502 0.2490433659 0.2082487148 0.2308818736 0.2158907069 0.2155514820 0.2550873134 0.2095487809 0.2702754761 0.2471427084 0.2077295996 0.2012041185 0.2510954832 0.2837153000 0.3219134220 0.4088529053 0.4652793294 0.6020357425 0.6884355468 0.8461832060 0.9351999172 0.9166378281 0.8710238590 0.7161327426 0.6067887517 0.4909019181 0.3602409042 0.2988712346 0.2974855052 0.1952289224 0.3160425826 0.1795819399 0.2213456034 0.2476509425 0.2378493729 0.2684920520 0.2314751872 0.2259929005 0.1933694212 0.2678294928 0.2470091075 0.2445858299 0.2279530008 0.2209173403 0.1964230482 0.2109445685 0.2391040766 0.2729726400 0.1930405893 0.2509687498 0.2559698853 0.2725521188 0.3127988798 0.3896558923 0.5796461068 0.7138203184 0.8331593285 0.9017359602 0.8977965470 0.9352140791 0.8490069195 0.6935176200 0.5152663052 0.3960380917 0.3350407436 0.3359646398 0.2664529597 0.2980173479 0.2104725439 0.2725765924 0.2628703029 0.2446274715 0.2174483848 0.2123438319 0.2716123033 0.2083368867 0.2657693892 0.2783346672 0.2243707207 0.1498673434 0.2578247247 0.2564417348 0.2326776523 0.2156775274 0.2979411560 0.2483174483 0.2351367890 0.2865097288 0.2721394941 0.3089452316 0.3573000119 0.4340369776 0.5446486020 0.7296097376 0.8383955970 0.9683603719 0.9769450347 0.9164171064 0.7777230357 0.6828209082 0.5237112003 0.3570505665 0.3300602527 0.3104999410 0.2673321222 0.2302410089 0.2597685948 0.2630028879 0.2268165400 0.2152825609 0.3004797232 0.1902686637 0.2507246120 0.2656073999 0.2409005782 0.2465992891 0.2263483768 0.2348933628 0.2615208424 0.2354941583
0.1988566266 0.2426342842 0.2396005884 0.2343127839 0.1981683025 0.1807137114 0.2164415186 0.2487143941 0.2364175018 0.2752898185 0.3209260571 0.3179647441 0.4360148649 0.5373626048 0.6704390338 0.8103020510 0.8525931039 0.9359985559 0.8607135142 0.7972520519 0.7037839298 0.5526477777 0.4021022012 0.3184420669 0.2525907696 0.2669104494 0.2688881303 0.2207018455 0.2539417170 0.1968279719 0.2165727922 0.2828735316 0.2421666247 0.2274851241 0.2524182140 0.2022936902 0.2257778428 0.2509078602 0.2460542011 0.2593944972 0.2483230435 0.2337576245 0.3021671114 0.2274679193 0.2518689673 0.2231767198 0.2561496517 0.2174819975 0.2737494681 0.3763056181 0.4520619196 0.6290841335 0.7131822110 0.8188647655 0.9759379853 0.9459076774 0.8854559383 0.7858410914 0.6278122850 0.5797189699 0.3524781468 0.3436340389 0.3113551315 0.2675115350 0.2154745299 0.1702540674 0.2748207999 0.2395101911 0.2388684393 0.2024688271 0.2539875521 0.2051520112 0.2157003646 0.2249066128 0.2848971569 0.2374856603 0.2321078997 0.2281676147 0.2214582912 0.2078700198 0.2931540867 0.2741585284 0.2087462180 0.2543399626 0.2292962359 0.2712779586 0.3312220219 0.3991667256 0.4524066744 0.6419691020 0.7313592383 0.9354251601 0.9356900133 0.9430753532 0.8539776990 0.6862273978 0.5940854116 0.4858512749 0.3863088259 0.2954194152 0.2476428915 0.2942478040 0.2946467586 0.2291743524 0.1700802958 0.2480965965 0.2807195297 0.2516254496 0.2160498457 0.2203460663 0.2084534289 0.2501231905 0.2092410866 0.2791673144 0.2486150340 0.2504196669 0.2562593476 0.2296254056 0.2619082897 0.2253256095 0.1932312459 0.2616439155 0.2120867427 0.2884825456 0.3262025598 0.3882230911 0.5130631753 0.6449672159 0.8119355227 0.8588329085 1.0000000000 0.9289385932 0.8531394020 0.7009053111 0.5968075808 0.4483886159 0.3537177267 0.2855668490 0.2667410026 0.2480451685 0.2569552847 0.2487155854 0.2371433990 0.3065558526 0.2182414735 0.1952291371 0.2351117451 0.2158136273 0.2168359221 0.3235135238 0.2388788112 0.2738375871 0.2225514739 0.2954442300 0.2302161572 0.1803538282 0.2184448212 0.2467520275 0.2940755320 0.2401291963 0.2514359239 0.3090589354 0.3399601613 0.4777010985 0.5711968355 0.7589474365 0.8178178110 0.9089097065 0.9102910153 0.8731702645 0.7941037506 0.7201851925 0.5325000140 0.4130494100 0.3553809103 0.2755978008 0.2813214487 0.2422810019 0.2202551944 0.2608363340 0.2789127645 0.2515348691 0.2313658887 0.2439299552 0.2556942057 0.2525996532 0.2468759714 0.2394718274 0.1876017928 0.2535455058 0.2039722260 0.1943882765
0.1952638432 0.2253292123 0.1981136634 0.1862572829 0.2445846327 0.2716241005 0.2003960827 0.2230515031 0.2553416764 0.2522191113 0.2781040496 0.2955730442 0.3642851880 0.5167109456 0.7081712222 0.7942575201 0.8918546448 0.9919336330 0.9606337230 0.8283817116 0.7091981362 0.5496652824 0.3848368413 0.3745565759 0.2927195196 0.3014320620 0.2463922995 0.2557792887 0.1767558876 0.2355067702 0.2412675652 0.2362616760 0.2472522485 0.2578468585 0.2341947597 0.2423304820 0.2194156691 0.2463849947 0.2206833873 0.2027185916 0.1768495130 0.1900986602 0.2426337752 0.2379941679 0.2578961764 0.2265718883 0.2578481747 0.2336637892 0.3144312332 0.4155451642 0.4923665336 0.5994738055 0.7231501035 0.7966999640 0.9445287001 0.9153815093 0.9242405657 0.7878423242 0.6279634685 0.5428676437 0.3948415644 0.3159584750 0.2957899328 0.2712667401 0.2738838480 0.1985548417 0.2971952367 0.1906704788 0.2679059495 0.1945100691 0.1940780722 0.2747186841 0.2117596200 0.2176940452 0.2972071232 0.2003354835 0.2191260502 0.2541240140 0.2341403591 0.2176554378 0.2809722427 0.2113379626 0.2443681998 0.2491591390 0.1960448961 0.2521307788 0.3094789666 0.4064416409 0.5070427611 0.6183207516 0.7064393357 0.8516221875 0.9470939135 0.9591659071 0.8748407596 0.7147752856 0.5653523346 0.5344891803 0.3744811079 0.2972472587 0.2895496276 0.2665214923 0.2248694684 0.1838902588 0.2218010503 0.2447588433 0.2389535173 0.2139621510 0.2389986298 0.2663399626 0.2770524944 0.2079322883 0.2344789472 0.2460651643 0.2956737764 0.2055779798 0.2387375884 0.2571487107 0.2438435495 0.2546702012 0.2487944959 0.2701110681 0.2368556060 0.2861683798 0.3671575501 0.4374429212 0.5368664937 0.6630518124 0.8228985763 0.9149273253 0.9512895048 0.8873494696 0.8066862849 0.6713291772 0.5935216145 0.4789295513 0.3908532217 0.3034885898 0.2789681461 0.2863475768 0.2140383646 0.2610277297 0.2735183978 0.1996913358 0.2626712934 0.2262643359 0.1993028173 0.2250260535 0.2405216108 0.2090876201 0.2423333381 0.2549710789 0.2359999284 0.2705715576 0.2473097028 0.2385009988 0.1700731459 0.2325156959 0.2176511770 0.1990200858 0.2579437982 0.3204369324 0.3269619594 0.4574031578 0.5968072001 0.7333256159 0.8834032274 0.9600785699 0.9796315597 0.9187758395 0.8608979365 0.6979480972 0.5191459722 0.3964937501 0.3268723619 0.3233978401 0.2594599281 0.2776162427 0.2332540064 0.2451179095 0.2811220569 0.2564572398 0.2755882136 0.3220013496 0.2302156043 0.2646948155 0.2662961302 0.2794469714 0.2410741240 0.2403735214 0.2699342665 0.2147739183
0.2148855162 0.1732406353 0.1863021756 0.2144726700 0.2355442356 0.2379178344 0.2448149702 0.2489436297 0.2538612960 0.2562585965 0.2629344744 0.3660685323 0.4181450425 0.5251520427 0.6384582213 0.8406257133 0.9327207345 0.9662196079 0.9218024516 0.8027436849 0.6643285814 0.5283733817 0.3927590262 0.3371635260 0.2562663148 0.2152416229 0.2317989941 0.2290943872 0.2418412751 0.2467609394 0.2099513399 0.2043999784 0.2041925197 0.2642827616 0.2540112948 0.2265890619 0.2784177158 0.2684244325 0.2011415339 0.2872107201 0.2230034104 0.1979938066 0.2476851690 0.2430589363 0.2253249060 0.2314657238 0.2221192643 0.2345534222 0.3056235849 0.3758838836 0.4736582225 0.5714352706 0.6967743544 0.8309406638 0.9230247512 0.9546238441 0.9228071414 0.8076601144 0.6539588991 0.5121270565 0.4255221104 0.3200652048 0.2545758200 0.2231339562 0.2244148734 0.2648805810 0.2817919301 0.1865314217 0.2763454961 0.2302295468 0.2575032786 0.2441071256 0.2474598453 0.2199639879 0.2721474529 0.2670089711 0.2039090345 0.2133088538 0.2536213760 0.2220474999 0.2163759534 0.2154689908 0.2101076599 0.2327438277 0.2629894902 0.2796819046 0.3040289590 0.3929972488 0.4944341058 0.6371626328 0.7781546811 0.8592579869 0.9608016595 0.9467996931 0.8709588381 0.7143828574 0.6285680405 0.4910657481 0.3444773463 0.2858730934 0.3558081036 0.2863565221 0.2333176198 0.2507116840 0.2631347175 0.2339765876 0.2144104316 0.2575415491 0.2680012905 0.1987899824 0.2638564416 0.2621529531 0.2026593403 0.1915587889 0.2437686583 0.1741676244 0.2625246432 0.2497107121 0.1656677833 0.2176476039 0.2402315881 0.2547004643 0.2571767893 0.2453587174 0.4187665720 0.4355215055 0.5378249075 0.6392237352 0.7999867016 0.9095066789 0.9609373196 0.9074442778 0.8215152591 0.7134145401 0.5747378266 0.4486278957 0.3470980211 0.2788564302 0.2697735673 0.2743868322 0.2024892679 0.2361994541 0.1938124485 0.2680078532 0.2457782565 0.2563792215 0.2467025911 0.2781277377 0.2081450786 0.2328521153 0.2432536765 0.2629814000 0.2614885733 0.2391973757 0.2740566198 0.2222099972 0.2197214391 0.2141504105 0.2377179507 0.2676713556 0.2572559369 0.3091248846 0.3733268621 0.5076963860 0.6249106246 0.6803370685 0.8445237266 0.9345480167 0.9952324636 0.9348196440 0.7323429345 0.7019005738 0.5590627469 0.3979948918 0.3464391374 0.3008330328 0.2567684555 0.2843421556 0.2531258886 0.2632414001 0.2506122703 0.2813488997 0.2743293893 0.3011179784 0.2995523982 0.2565677434 0.2392515019 0.2549083663 0.2350203022 0.2671978762 0.2704422847 0.2106448478
0.2015274057 0.2097418656 0.2462242416 0.2592406000 0.2135252043 0.2102703209 0.2083540036 0.2784259131 0.2110603401 0.2199584846 0.2563706227 0.3893301431 0.4767212150 0.5354183044 0.6871569642 0.8517801841 0.8997465496 1.0000000000 0.9255340731 0.7697275098 0.6729013314 0.5224034143 0.3770903361 0.3074149738 0.3017435412 0.2734693180 0.2069899316 0.2573925074 0.2458081592 0.2806166005 0.2323510080 0.2199521340 0.2303434101 0.2300831606 0.2737667252 0.2395921154 0.2133448286 0.2415793864 0.2543495742 0.2385028474 0.2091570680 0.2018904325 0.2463357031 0.1706343438 0.2208362145 0.2991197960 0.2260638976 0.2708901209 0.2784587038 0.3919355936 0.4332817807 0.5952996769 0.7042767034 0.8555437257 1.0000000000 0.9441475760 0.8773335139 0.7426591226 0.6121757273 0.5141186996 0.3995458184 0.3123223164 0.3077628382 0.2737133706 0.2469037931 0.2463120194 0.1919882016 0.2364441159 0.2362522102 0.1985191683 0.2221788633 0.2486761231 0.2420544211 0.2063322707 0.2426604726 0.2605385251 0.2367039263 0.2570573615 0.2237251969 0.2357389267 0.2223671512 0.2588480072 0.2069890274 0.2453196768 0.2624310973 0.2961216315 0.3406002935 0.3896653671 0.5168324383 0.6176190260 0.7855125362 0.8417277647 0.8776602745 0.9514401083 0.8490738089 0.7314044471 0.6181008329 0.4442098613 0.4010184452 0.3105180105 0.2886311585 0.2443769557 0.2760422939 0.2275489787 0.2070138978 0.2226585023 0.2175362832 0.2200573698 0.2086898015 0.2405961097 0.2607948982 0.2366409793 0.2703246255 0.2637395411 0.2345964859 0.2669834311 0.2581362708 0.2749069207 0.2251392328 0.2170317834 0.2502697085 0.2192557727 0.2541472775 0.3270896022 0.3075680018 0.4606941870 0.5565279319 0.6760420978 0.7942042626 0.8470688066 0.9563130971 0.9410144058 0.8394937412 0.7054770046 0.5407515635 0.4595695586 0.3867913678 0.2721060622 0.2772157586 0.2495996648 0.2800007259 0.2624142783 0.2657037868 0.2665616794 0.2365186208 0.2171199997 0.2466678709 0.2642434476 0.2198808732 0.2352635153 0.2471821504 0.2577883005 0.2758870522 0.2482596236 0.2497817454 0.2123136744 0.2398355082 0.2753072842 0.2939954127 0.2556900182 0.2793607041 0.2629204557 0.3718687556 0.4616166004 0.5941418045 0.6922133905 0.8343304586 0.9087381367 0.9535513664 0.8945712745 0.8175989494 0.6876067672 0.5096311739 0.3939545213 0.3756420206 0.3034350148 0.2997777347 0.2267245327 0.3025578155 0.2798453688 0.2554575426 0.2376221511 0.2459761462 0.2068053961 0.2688226445 0.2382124131 0.2879176967 0.2753341317 0.2333758325 0.2467138677 0.2047289038 0.2621478762
0.2123519397 0.2182538346 0.1983307707 0.2292089917 0.2094766721 0.2001283320 0.2187543318 0.2115173974 0.2221417712 0.2030204900 0.3070263183 0.3210352012 0.3843980103 0.5135085102 0.7209693732 0.8455021736 0.8888739615 0.9539314464 0.9433870541 0.8298365734 0.6888444221 0.5266435072 0.4083259456 0.2955291549 0.2807869210 0.2738017687 0.2673504921 0.2233806347 0.2431045218 0.2486681950 0.2524996860 0.1890905258 0.2119584965 0.2550934884 0.2466450859 0.2040403316 0.2365723738 0.2184697130 0.2391618524 0.2628647730 0.2245148929 0.2518423639 0.2071332206 0.2218699365 0.2416928975 0.2212733925 0.2334718944 0.2812183401 0.2892671149 0.3479149026 0.4357651647 0.5862240211 0.7584481512 0.8564616243 0.9351756136 0.9346672662 0.8604985492 0.7653729278 0.6780267007 0.4662757456 0.3756953029 0.3343657122 0.2613257342 0.2539823282 0.2124169030 0.2376304800 0.2727543713 0.1853206526 0.2301597301 0.2786570759 0.2029740324 0.2583283586 0.2624264974 0.1883993412 0.2285441913 0.2224326051 0.2276337045 0.2378895330 0.2385276001 0.2081580608 0.2644610200 0.2230191317 0.2622052656 0.2187410014 0.1914762014 0.2453146443 0.2846324481 0.3841110201 0.5100224399 0.6559935588 0.8307982929 0.8498339263 0.9518029506 0.9676190972 0.8562216825 0.7476812789 0.5502238779 0.4783831233 0.3776205440 0.3238171496 0.2659846117 0.1998804490 0.2277987458 0.1483139743 0.2516505483 0.2279731871 0.2306214333 0.2578293393 0.2038671955 0.2504669616 0.2453259099 0.2394197532 0.2181848792 0.2713434352 0.2232862358 0.2600139426 0.2880387934 0.2406571345 0.2670708302 0.2448110645 0.2197444520 0.2506923793 0.2723733472 0.3118326351 0.3192294047 0.3975177274 0.6117150405 0.6793113651 0.8082542671 0.9386204461 0.9030504113 0.9313869481 0.9011393791 0.6830900016 0.5726583048 0.4519015988 0.3338928679 0.2976540669 0.2890644883 0.2534792116 0.1851155799 0.2137685093 0.2094599239 0.2513641330 0.2809751209 0.2401456486 0.2037330897 0.2579360497 0.2580666163 0.2273790868 0.2435814085 0.2114000876 0.2573655676 0.2129392684 0.1645200466 0.2956661275 0.2445183404 0.2593607129 0.2562304899 0.2659325161 0.2463767944 0.3483219494 0.3765592275 0.4541384511 0.5776207907 0.7531988711 0.8866452400 0.9710012803 0.9730131130 0.8769782090 0.8299656062 0.6785328846 0.5844847982 0.3965063161 0.3116817628 0.3211453475 0.2686883979 0.2858150755 0.2769300381 0.2565025629 0.2270185676 0.2427417846 0.2400523188 0.2217406815 0.1863130408 0.2075478594 0.2531226246 0.2747006179 0.2515687931 0.2825792158 0.2208601610 0.2437048330
0.2038194021 0.1863166521 0.1851764696 0.2228287791 0.1640044001 0.2386946318 0.2264443989 0.2249540916 0.2377188231 0.1962532477 0.2636471269 0.3278252230 0.4057217005 0.5857216270 0.6790723973 0.8222005225 0.9112559224 0.9477670294 0.8529099246 0.8286064654 0.6857233730 0.5250817619 0.3740777204 0.3138000740 0.2509695981 0.2104145673 0.2401223041 0.1829418411 0.2143497213 0.2774959376 0.2623018243 0.1928247274 0.2149386419 0.2289719731 0.2065229437 0.2307035484 0.1645732422 0.2279051579 0.2047049566 0.2705064696 0.2466527913 0.1968977736 0.2232900075 0.2186786977 0.1968876606 0.2627240010 0.2607387095 0.2857082476 0.3230416307 0.3510220611 0.4967902567 0.5994388326 0.7311169863 0.8594318725 0.9437143737 0.9186623696 0.8544925496 0.7343022888 0.6301579228 0.5155029896 0.4091104877 0.3391144171 0.2669872044 0.2072651337 0.2611399740 0.2841744262 0.2273258573 0.2562501712 0.2611836174 0.2277334899 0.2225132837 0.2192953234 0.2001403032 0.1745806556 0.2289721772 0.1782412638 0.2250852396 0.1793758764 0.1865252561 0.2256488390 0.2194286090 0.2319551906 0.2652606367 0.2046374116 0.2639890379 0.3350649288 0.3270548404 0.4353615917 0.5018907513 0.5870206267 0.7585053252 0.8759404293 0.9607829139 0.8994104479 0.8244427567 0.7477162053 0.6010186186 0.4265698629 0.3232867969 0.2997827827 0.2837665271 0.2205607816 0.2294894112 0.2502892026 0.2555435693 0.2889593168 0.1915364977 0.1962932371 0.2430991902 0.2514765336 0.2508560154 0.1899963133 0.2118016266 0.2379339708 0.2269296573 0.2116939904 0.2318977476 0.2369334460 0.2241505400 0.2016052131 0.2133902330 0.2335348598 0.2373333454 0.2620531333 0.3413966674 0.4312234088 0.5692900301 0.6153023790 0.8123373005 0.9398475778 0.9312341450 0.8972721068 0.8433766300 0.6698908764 0.5963124759 0.4697711541 0.3233454921 0.3539506395 0.3076032975 0.2498461136 0.2337462392 0.2652895948 0.2441711535 0.2318643655 0.2598447910 0.2650514075 0.2287505617 0.2503065991 0.2699649853 0.2668590159 0.2046910314 0.2191666540 0.2238207505 0.2522785243 0.2122031871 0.2408222567 0.2019997002 0.2636023493 0.2474348840 0.2638079713 0.2728100658 0.3289752914 0.3921334098 0.4317476774 0.6571612139 0.7605168326 0.8240533139 0.9345422430 0.9361677102 0.8397522535 0.7860969426 0.6470236249 0.5464284424 0.4229420419 0.3572657016 0.2782485110 0.2632676636 0.2021146972 0.2754890961 0.2929681592 0.2323470633 0.1900583659 0.2446521485 0.2636929053 0.2556937455 0.2420853280 0.2161638745 0.2170696336 0.2443123677 0.2575872986 0.2179883523 0.2461806954
0.1870598955 0.1463294925 0.1980741417 0.2177683627 0.2326606486 0.2215176420 0.2038796764 0.1959064094 0.1883604304 0.1834267492 0.2758244330 0.3508045776 0.4079369309 0.5264994047 0.6734554485 0.8004713707 0.8624271135 0.9248147496 0.8974134645 0.7655057228 0.6648672291 0.4831949800 0.4094775197 0.3478957438 0.2441730667 0.2356578074 0.2054473127 0.2391529341 0.2664200752 0.2537327640 0.2140078490 0.1931886862 0.2002751769 0.2144529166 0.1807109052 0.2163443457 0.1889256379 0.2503641419 0.2325616964 0.1892711858 0.1896131671 0.1904664960 0.2320256941 0.1835293229 0.2062172212 0.2251179972 0.2571201180 0.2085373361 0.3271150631 0.3939584824 0.4217749720 0.5755017039 0.7357092377 0.8231447634 0.8827424830 0.8630823317 0.8731866709 0.7141086817 0.6470749212 0.4998573976 0.3473937275 0.3086852002 0.2863871485 0.2412630115 0.2835116743 0.2027250752 0.1897128116 0.1972356663 0.1888212943 0.2190520096 0.1824384288 0.2484569146 0.2131475138 0.2001423605 0.2770554529 0.2125267450 0.2129454352 0.1782427310 0.2265367367 0.2150171535 0.1842330187 0.2387278928 0.2073109949 0.2308507711 0.2903581595 0.2072627518 0.2638680652 0.3907179264 0.5153495207 0.6372105678 0.7392483416 0.8872960797 0.9449004611 0.8675437355 0.8655541226 0.7357797276 0.6346237177 0.5157244927 0.3692094244 0.2464453853 0.3088125491 0.2366277100 0.2266616763 0.2668927965 0.2368899412 0.2586051423 0.2406470776 0.1999896851 0.1739799104 0.2330133563 0.2336886756 0.2769811142 0.2219032992 0.2400768093 0.2477209053 0.2307589794 0.2158404594 0.2697891414 0.2613220381 0.2166277733 0.2193873721 0.2081710582 0.3061166210 0.3270378588 0.3221248014 0.3782369175 0.5210977699 0.6807419348 0.7290961355 0.8557828072 0.9611266931 0.9332549145 0.8048416153 0.6213045108 0.5617116007 0.3891545113 0.3391452133 0.2346807954 0.2960727612 0.3084313526 0.2101724485 0.2148110255 0.2115620516 0.2459265043 0.2069196707 0.2050177018 0.2188800828 0.1832243605 0.2084340972 0.2198986379 0.2139693555 0.2468685126 0.2269111448 0.2045678993 0.2008140838 0.2346545549 0.2559014192 0.2398203886 0.2576664793 0.2472466989 0.2804731278 0.3647022999 0.3488448609 0.4365664834 0.5512040125 0.7306050982 0.8367464244 0.8952830789 0.9425709328 0.8886332065 0.7373254738 0.6272429022 0.5741105736 0.3556759815 0.3805765628 0.2991059789 0.1927682080 0.2386373410 0.2536790465 0.2576282744 0.2260870056 0.2234558393 0.2050258711 0.1928524175 0.2144855803 0.2204656166 0.2028379981 0.2482882029 0.2284943997 0.2440887373 0.2642866959 0.1913603051
0.1882829585 0.2388433690 0.2037211308 0.1864541577 0.1658382003 0.2365757859 0.2372165012 0.2103977843 0.2685526742 0.2317062717 0.2938607479 0.2781598867 0.3457623800 0.5790000662 0.6890240902 0.8329458657 0.8662603451 0.9325314031 0.8649367203 0.7964803272 0.6714483068 0.5155683686 0.4285374700 0.3713384004 0.2310539119 0.2532910779 0.1948400399 0.2047010658 0.2044875229 0.1943096524 0.1981749557 0.1676991002 0.2276494339 0.1964826934 0.2324386243 0.1665638281 0.1989235949 0.2016914116 0.2801935767 0.1878488693 0.2120453621 0.2202449524 0.1836860821 0.1936550045 0.2082839422 0.2358241388 0.2221024285 0.2403257179 0.2502417925 0.3451545427 0.4325373734 0.5548624059 0.6472884221 0.8371047193 0.9060110752 0.9204308436 0.8627830450 0.7121055551 0.6041261746 0.4783961586 0.4025342243 0.3002466441 0.2954872315 0.2200670116 0.2016615017 0.2284934024 0.2159968043 0.1779394855 0.2510667887 0.2297369289 0.2057289436 0.2403491977 0.1947790310 0.2370683070 0.2246507510 0.2081425605 0.1315254993 0.1995379220 0.2187253219 0.1824177930 0.2674410168 0.2094661013 0.1596204236 0.2082643364 0.1465675077 0.2485819782 0.3403163966 0.4031018079 0.4723907317 0.5807491598 0.7661315227 0.8602749689 0.9180157729 0.9277439413 0.8270123428 0.7811754539 0.5935936655 0.4412674685 0.3565645804 0.2393402325 0.2395210496 0.2385723364 0.2682521895 0.2180645035 0.2152947613 0.2341765597 0.1578127553 0.1722330123 0.1725456497 0.1992694112 0.2059280425 0.1839460241 0.2289237712 0.2231045543 0.2515815253 0.2078962902 0.2154643111 0.2110834516 0.2316028810 0.1821666479 0.2408309899 0.1679281867 0.2568528052 0.2517292241 0.3291348316 0.3755890634 0.5105688082 0.6800012761 0.8418902789 0.8857753998 0.9296209778 0.9021956702 0.7861036444 0.7207876818 0.5501580399 0.4551938704 0.2937974748 0.2562736177 0.2924122334 0.2503778889 0.1539366109 0.2015114470 0.1961177895 0.1919271234 0.2552459486 0.2408841829 0.1842116044 0.2306401671 0.2316965465 0.2480229895 0.2445759293 0.2500808372 0.2102960629 0.2170443527 0.2451363980 0.1553383121 0.2185424427 0.2785173410 0.2609145427 0.2401934662 0.2615378878 0.3457668015 0.3564793574 0.4293286766 0.5631547000 0.7068264884 0.8728614021 0.9510986153 0.9586537172 0.8430654524 0.7736198928 0.6631173656 0.5053133671 0.4224804123 0.2967132940 0.2559572242 0.2469987912 0.2379355343 0.2341824167 0.2138527695 0.2821250645 0.2539919981 0.2250097718 0.2483386045 0.1970778914 0.2408668818 0.2317389917 0.2264662996 0.2518946524 0.2380372494 0.2234732638 0.2939185053
0.2580542017 0.2221302489 0.2104479499 0.1688529515 0.1467696326 0.2107939357 0.1906162492 0.1921496176 0.1381075229 0.2006685734 0.2941191591 0.3035818241 0.4205370661 0.5575035273 0.6797215686 0.8174208302 0.9012735219 0.9122349788 0.8667261764 0.7684085055 0.6506644939 0.5186773107 0.3575649438 0.3660194115 0.2412102833 0.1922215361 0.2604706505 0.2103262199 0.1955497197 0.1725707158 0.2037247019 0.1689585591 0.1924856788 0.2467769699 0.2084389602 0.1958507970 0.1856129925 0.1847897507 0.1688112397 0.2147381933 0.1731162871 0.1838203700 0.2464249829 0.2122154464 0.2066993693 0.1942866015 0.1854334733 0.2431335276 0.2807979385 0.3229878961 0.4631452680 0.5956292738 0.7221761689 0.8590390597 0.8779324510 0.8900751044 0.8319776441 0.7127241716 0.6335761472 0.4802308896 0.3945084287 0.2847959045 0.2511262533 0.1887561135 0.2146624133 0.2158214469 0.1630517661 0.2334426649 0.2069520637 0.1929027994 0.2224141228 0.2006126424 0.2873478012 0.1953450118 0.2212978634 0.1852867786 0.1871337449 0.1794466610 0.2194828312 0.2088189757 0.2093379182 0.1965899383 0.2356275860 0.2663984446 0.1829147040 0.2919745376 0.3626967995 0.3919830655 0.4890862477 0.6217357923 0.7427641543 0.8779699647 0.9703039875 0.9047740767 0.8442722456 0.7260314200 0.5707412255 0.3962232934 0.3470774048 0.2543224508 0.2296838018 0.2388019539 0.2292696580 0.2555143602 0.2026731493 0.2196136729 0.2190350490 0.2362443852 0.1884359261 0.2063718368 0.2285222439 0.2168823352 0.2299274642 0.2211812982 0.2317028505 0.2099888449 0.1742038761 0.2005957563 0.2302782369 0.2534143162 0.2031591232 0.2580198566 0.1856377382 0.2887389963 0.2715345680 0.4406208551 0.5258594650 0.6945417599 0.8012944912 0.9489416736 0.8887975945 0.8730164156 0.7739633669 0.6187140705 0.5474681970 0.4049972634 0.3079692692 0.2669578592 0.2245875714 0.2529623538 0.2520949782 0.2434897837 0.2155140107 0.2021453214 0.2489135380 0.2267029536 0.2356948886 0.1945832215 0.1718262889 0.2088708930 0.2139866614 0.2075945680 0.2472418415 0.2370563224 0.2566859848 0.2506990817 0.2234717848 0.2432991844 0.2002724768 0.2101823073 0.2174599813 0.3019578684 0.3463294328 0.4103284665 0.5942165904 0.7391979005 0.8323898245 0.8878292613 0.9403231392 0.8816976095 0.7252136549 0.6379655780 0.4726034518 0.3713126414 0.3159823797 0.2707786890 0.2613005234 0.2323198434 0.2355318982 0.1892122574 0.2431694109 0.2227975868 0.3100521655 0.2343869676 0.2279615814 0.1900687485 0.2518882047 0.1735682060 0.2441906185 0.2527809315 0.2321170738 0.2181396021
0.1950899501 0.2389207018 0.1843818891 0.1871632836 0.1314915232 0.1893512592 0.2869132252 0.1763351592 0.1780921231 0.2600373913 0.2827894604 0.2898852430 0.3825077629 0.4724342365 0.7159879492 0.8038693885 0.8425878125 0.9283899701 0.8626233007 0.7883804974 0.6541968308 0.4695745848 0.3863612822 0.3000547451 0.3027836503 0.1732673863 0.2085061092 0.2052157950 0.1937099024 0.2227260296 0.2188249545 0.1799503940 0.1878141830 0.1869417884 0.1838243343 0.2233763390 0.2033644006 0.2206700447 0.2132451833 0.1525722671 0.1886127051 0.2289334142 0.2362610783 0.1982475248 0.2295112456 0.1992665318 0.1244818909 0.1874230515 0.2537100313 0.3294620303 0.4292758615 0.6023116395 0.6798708527 0.7998462336 0.9146857306 0.9222127126 0.8510362988 0.7403475464 0.5578513686 0.4888898143 0.3797199873 0.2724469615 0.2578627050 0.1797636227 0.1839054682 0.2573184929 0.1933699454 0.1131874105 0.1903172583 0.1887967914 0.2149353437 0.2144247366 0.2109260469 0.2420448558 0.1351530576 0.2371561977 0.2087186194 0.1600804477 0.2070883091 0.1834971856 0.1801753166 0.1570865123 0.1908723118 0.2463070221 0.2803943464 0.2658197419 0.2948546565 0.3948942566 0.4669300884 0.6317166617 0.7087022390 0.8289500497 0.9064915081 0.7954702222 0.7354345730 0.7208770793 0.5672729203 0.4625188628 0.3103725348 0.2743658237 0.2239456873 0.2431608638 0.1911178163 0.2118520705 0.1797871273 0.2322526706 0.2282178017 0.2010826483 0.2027921888 0.1953749743 0.2089926271 0.2190757253 0.1948791522 0.2466319952 0.2744114033 0.1960348850 0.2122457090 0.2249611135 0.1591923585 0.2291941528 0.2372282576 0.1903892975 0.2348464953 0.2939698027 0.3193296006 0.3784783584 0.5129046231 0.5926179598 0.8123683782 0.9234550366 0.9336580289 0.9278774527 0.7488489247 0.6796181824 0.5077746200 0.3751547667 0.3019203679 0.3105242318 0.2215190546 0.1912200371 0.2053699188 0.2502556895 0.2132626404 0.1819579138 0.2072337665 0.2012360101 0.1564335628 0.1837557732 0.2229053051 0.1871900035 0.2255980900 0.1934509418 0.1956506736 0.2350681593 0.1683130812 0.1456665730 0.2313264234 0.2716478518 0.2531256265 0.1878612558 0.2423245422 0.2371883073 0.3759504781 0.4184631366 0.5704670655 0.7178738710 0.8520696565 0.9300671900 0.9199458139 0.8349932186 0.7764403724 0.6476567942 0.4156011540 0.3399052066 0.3039892130 0.2651645948 0.2241228935 0.2029026495 0.2202215158 0.2665824131 0.1651610702 0.2245158300 0.1367118597 0.2271176599 0.2102131987 0.2362160891 0.2312947480 0.2116891968 0.2116265158 0.1949204027 0.1878284505 0.2077106639
0.1825852526 0.1901904535 0.2719651628 0.2047343967 0.1601011253 0.1883963621 0.1562920939 0.1912427324 0.2096918991 0.2217383326 0.2533188962 0.2714167026 0.4030400148 0.4826066358 0.6681853309 0.7669892493 0.8698074467 0.9286313669 0.8968136960 0.7530630502 0.6450376613 0.5155534032 0.4444336759 0.3376361138 0.2361172872 0.2102116525 0.1807814688 0.1887531598 0.1869286165 0.2428508432 0.1417757172 0.1645071740 0.2002066087 0.2226368016 0.2363074876 0.1890832989 0.2360812532 0.1641195599 0.1996243804 0.2145887222 0.1812814668 0.1782410167 0.1987771052 0.1742895110 0.2137431940 0.1646287203 0.1938776558 0.2665816727 0.3024176813 0.3691808222 0.4023164720 0.5278869118 0.6801168396 0.8143979830 0.9463955245 0.8991498217 0.8420107867 0.7260968816 0.5748215766 0.4005197201 0.3219438104 0.3162006159 0.2767217396 0.2255735489 0.1738994608 0.1996156390 0.1727289422 0.2085450895 0.1970245000 0.2142270637 0.2036728813 0.1842722793 0.2458002788 0.2086889192 0.1643654262 0.2085990287 0.2099955603 0.1956271528 0.2651431966 0.1845155538 0.2239717486 0.2318269749 0.1713879243 0.2216324380 0.2436191415 0.2253226705 0.2794734702 0.3283151891 0.4745835716 0.6205559097 0.7626853202 0.8527395607 0.9586531312 0.8847712137 0.7672083837 0.6640317621 0.5649839927 0.4197688364 0.3411561894 0.2638920703 0.2436485631 0.2354362242 0.1778400613 0.2032533303 0.1818811385 0.1936641671 0.1980653674 0.2274998882 0.1735821663 0.2218920363 0.2063076816 0.2147803609 0.2278781036 0.1585744410 0.1732390290 0.2239440680 0.1910529828 0.2324217038 0.2129300667 0.2222847605 0.1845332346 0.1874983027 0.2032519804 0.2348273503 0.3238601704 0.3746254826 0.5576802738 0.7003875673 0.8287901955 0.8849239127 0.9222972115 0.8891464607 0.7485779580 0.6155522537 0.5042993423 0.3967133915 0.3016055831 0.2751974562 0.2637726932 0.2198346785 0.2082428584 0.2543714726 0.1952026155 0.2011195833 0.2163254024 0.2009997676 0.1659719804 0.2152549403 0.2365858574 0.2012789812 0.2102330883 0.2250295616 0.2130914377 0.1793750203 0.1945839965 0.1947521748 0.2493791834 0.2421788040 0.2039797450 0.2584121109 0.2366466916 0.2673934641 0.3721311065 0.4798547871 0.5704052135 0.6961978946 0.8701544845 0.9617256559 0.9712612175 0.8457794380 0.7510451510 0.5798288966 0.4787326435 0.3654278516 0.2791669375 0.2599930988 0.2015967014 0.2371953456 0.2418515359 0.2005376455 0.2318037284 0.1451185019 0.2285699433 0.2759019614 0.2439544575 0.2418047238 0.1916819141 0.2009149394 0.1732272094 0.2415513101 0.1948599771 0.1990048669
0.1513289701 0.1524610387 0.1767842567 0.1836407874 0.2184524804 0.2114434811 0.2244082239 0.2283308257 0.1768358882 0.2442724983 0.2719225067 0.2517676960 0.3653649117 0.5256958741 0.6462154204 0.7964736914 0.8466981555 0.8835628092 0.8544520054 0.7153116530 0.6543059918 0.4380215139 0.3449657089 0.3341902800 0.2132789679 0.2090072489 0.2021918488 0.2000250163 0.1504464693 0.1805438448 0.1915085819 0.1998935671 0.1798623318 0.2315287458 0.1478921629 0.1778217419 0.1803813216 0.1708557546 0.1717130101 0.2082676724 0.1689652694 0.2128135025 0.1803894014 0.2410200955 0.2483884640 0.2189848878 0.1611185060 0.2199656806 0.2459170957 0.3808567887 0.4712993829 0.5501303665 0.7463090520 0.8272186123 0.9290398197 0.8750738207 0.8015464482 0.7575554431 0.5954080838 0.4365586060 0.2931719550 0.2995157007 0.2453408428 0.1915364434 0.2047854899 0.2094001924 0.1941989473 0.2012614669 0.2416315500 0.1713173585 0.1857820414 0.2095396449 0.2331644734 0.1552870123 0.1828133240 0.1840744806 0.1644876024 0.1794725200 0.2203518342 0.2111166440 0.2063899521 0.2126296654 0.1764278869 0.2526739462 0.1876794592 0.2279650337 0.2625688648 0.3430076384 0.4712124915 0.6564310240 0.6924709768 0.8950327894 0.9118988277 0.9178913485 0.8211528801 0.6787525062 0.5134977229 0.4401341199 0.3062328120 0.2570972424 0.2726380344 0.2474699595 0.2134316420 0.2080301224 0.1780689769 0.1786159300 0.1696466874 0.2410486068 0.2455159774 0.3086408205 0.2163907289 0.2032950614 0.1730002381 0.1785939172 0.2354188989 0.1991381698 0.1751735155 0.2055797007 0.2384429610 0.2063340487 0.2440477169 0.2017014797 0.2585464685 0.2566437171 0.3187765664 0.4270602296 0.5370424775 0.6760109431 0.8469854249 0.8439584244 0.9117263172 0.8953045796 0.7717584616 0.6432587130 0.5421178901 0.4239121190 0.3659704126 0.2190029395 0.2155149679 0.1892019596 0.1888289007 0.1850263412 0.2424214738 0.2127748434 0.1863637970 0.1742628994 0.2117728295 0.2214219040 0.1877321828 0.2435351387 0.2219899480 0.2098667275 0.1914439639 0.1810668059 0.1668087732 0.2194431060 0.2050479569 0.2516956985 0.2533943175 0.2236965621 0.2577428794 0.2858047301 0.3741286734 0.4262508539 0.5731611981 0.6879392103 0.8256470843 0.9328124817 0.9272694913 0.8499821747 0.7527641131 0.5902350825 0.4369386818 0.3827158053 0.2734072006 0.2033618848 0.2807599899 0.2014643257 0.2185929942 0.2124886515 0.2002180228 0.2144981948 0.2447880429 0.1814215759 0.1902783755 0.1587714306 0.1937787991 0.2621073408 0.1959805740 0.1804849280 0.1769373966 0.1889161194
0.2206364414 0.1977832675 0.1635449160 0.1944388509 0.1862868795 0.1777157611 0.1175278624 0.1700035355 0.1636147121 0.2092824587 0.2361610843 0.3450464452 0.4080341530 0.5051793541 0.6910748921 0.8006815019 0.8748815418 0.8981519390 0.8811487741 0.7672986910 0.6053892933 0.4131287528 0.3737049040 0.2701662899 0.2822776555 0.2698703009 0.2148143751 0.1897962059 0.1747371309 0.2056215216 0.1809654160 0.2384557175 0.1954667281 0.1919104897 0.1784861422 0.1463809204 0.2242000917 0.1890353079 0.1948647982 0.1457031824 0.1945371159 0.1746431531 0.1810944115 0.2207198565 0.1692188883 0.2347122429 0.2288538663 0.2195213943 0.2705855519 0.3174028290 0.4196664983 0.5860650460 0.6822883053 0.8662743745 0.9151882619 0.9161672223 0.8283779335 0.7115959692 0.5985651885 0.4890686478 0.3477386087 0.2579900065 0.2015133218 0.2026227331 0.1461322458 0.2380720088 0.1902416584 0.2111408424 0.1330416228 0.2007278890 0.1670614062 0.2074578725 0.1866907170 0.1752842748 0.2122830363 0.1264691259 0.2105732512 0.2066339901 0.2016245291 0.1569964784 0.1961071705 0.1815145847 0.1699171169 0.1517826617 0.1843962659 0.2611062058 0.3289070488 0.4333689379 0.5177443212 0.6012515100 0.7431748175 0.8566600566 0.9113725014 0.8893055111 0.7958845526 0.6940326882 0.5954052047 0.4019894545 0.3459366487 0.2818465967 0.2105844483 0.2262802789 0.1988709370 0.1775388787 0.2018521860 0.1931005829 0.1854850830 0.1890050988 0.2149698974 0.1986864852 0.2338730798 0.1764503463 0.2065948277 0.2008611281 0.1849502688 0.2113626819 0.2648750530 0.1832289560 0.2252777422 0.1925317193 0.1632929964 0.1926441553 0.2292378215 0.2598937515 0.3545003079 0.4166163951 0.5584901296 0.6199439403 0.8008551109 0.9149302486 0.8773329466 0.8604022192 0.7752680282 0.6035560483 0.4757960765 0.4571131869 0.2985163380 0.2900926183 0.2253784228 0.2199897019 0.2149969086 0.2488011958 0.2094600435 0.2018418916 0.1727602116 0.2202187629 0.2360559363 0.1572812732 0.2233250146 0.2394241185 0.2279846872 0.2162561912 0.1909204950 0.2258575182 0.1928053826 0.2067442106 0.2067995509 0.2097725501 0.2010923261 0.1703098047 0.2157588519 0.2903945635 0.3549567166 0.4468634532 0.5543760108 0.7073295615 0.8230540323 0.9507294286 0.9037734216 0.8477286825 0.7734367207 0.6173797244 0.4702034129 0.3665247639 0.2888962554 0.2636239446 0.2616585675 0.2532754045 0.1578464664 0.2145416112 0.2002091850 0.2119455552 0.2396957064 0.2088749173 0.1996278290 0.2441125057 0.2276878085 0.2383505971 0.1907799257 0.2297198908 0.1643857197 0.1947666211
0.2389188528 0.1743513258 0.1865196365 0.1225586051 0.2149642957 0.2501007056 0.2162316211 0.2001993540 0.2038942331 0.2522725831 0.2552073700 0.2870758928 0.4740545738 0.5341738205 0.7115752701 0.8387613048 0.9190869983 0.9523572119 0.8122839926 0.7717506816 0.6491001339 0.4503804172 0.4458903561 0.2404471914 0.2356038513 0.2243981299 0.2001525322 0.1942541293 0.1985104746 0.1841006984 0.1591667058 0.2050194576 0.2391909827 0.1975957863 0.2485516694 0.1747974176 0.1562457651 0.1859550803 0.2015261012 0.2197522019 0.1837034439 0.1949276782 0.1567516926 0.2293474933 0.2152701374 0.2335894116 0.2278924570 0.2719239062 0.2719379621 0.3163438529 0.4520362048 0.5937980742 0.7221705218 0.8568295258 0.9028804133 0.9144263668 0.7772186112 0.7045824264 0.6026335608 0.4468782133 0.3598805122 0.2284828740 0.2792977127 0.2540297136 0.2214768092 0.1614221176 0.1367085177 0.2250295248 0.1796850003 0.1946683160 0.1993631522 0.1856896711 0.2025054110 0.1744129960 0.1837870525 0.1992107543 0.1932317810 0.1758582528 0.2128295624 0.1854121115 0.1929394609 0.2601789143 0.1916365963 0.2042014081 0.2851371575 0.2451193095 0.2904565644 0.3637279627 0.4838508409 0.6051796940 0.7581046067 0.8723837978 0.8825451842 0.8676136568 0.7456497241 0.6817052444 0.5580495903 0.4331750729 0.3108110845 0.3254279159 0.2594725492 0.2042163878 0.2440287275 0.2323881102 0.2153182449 0.1743961271 0.1541162854 0.1696235707 0.2034571889 0.1905853152 0.2337730155 0.2105002499 0.1825934199 0.2073982828 0.1802044348 0.2245819988 0.1800479628 0.2126526158 0.2333171606 0.1972664591 0.1835722741 0.2240280350 0.2468603362 0.2771119858 0.3612948001 0.4258696813 0.5692530954 0.7174365878 0.8445771717 0.9393488560 0.9592858772 0.8948709457 0.7675987506 0.6690652821 0.4705688903 0.3708610058 0.2985881871 0.2449624366 0.2845164291 0.2069420766 0.2021458144 0.2138836603 0.2408821634 0.1537760296 0.1354735689 0.1757669248 0.1886690621 0.2183103705 0.1704835903 0.2341293228 0.1870594905 0.2399119749 0.1917134022 0.2239735278 0.2653090735 0.2357128809 0.2266529428 0.2198510226 0.2279476479 0.2473850199 0.2780533588 0.2733737277 0.3875808952 0.4737727426 0.5646697052 0.7467293835 0.8776393833 0.9087479550 0.8943414361 0.8788823119 0.7771907302 0.6062554912 0.5046143275 0.3540380744 0.3431431998 0.2762884606 0.2553500361 0.2152218789 0.2618633490 0.2240047734 0.2336453182 0.2385496289 0.1979993941 0.2383611664 0.1628788968 0.2423571200 0.2205982166 0.2022227801 0.1892169621 0.2146750268 0.2224479825 0.1997095304
0.1340673300 0.2185172645 0.1757886132 0.2083214195 0.2112859667 0.2044853547 0.2310695579 0.2023680344 0.2058142613 0.2713235021 0.2694285213 0.3010776114 0.3880085679 0.4987229205 0.6812407567 0.7779758796 0.8320678764 0.9550315184 0.8638504017 0.7339189609 0.6510721276 0.5024044754 0.3526761262 0.2724265466 0.2434499573 0.1887485483 0.1862388632 0.2049818244 0.2096420053 0.2256771640 0.1688770042 0.2445840958 0.1743758154 0.2203726510 0.1933490666 0.1957039278 0.2465613772 0.2205003870 0.2495042230 0.2662837123 0.1867583975 0.2198031124 0.1687353837 0.1757515932 0.1283116818 0.2362046597 0.1929475260 0.2806800233 0.2712992933 0.2989375044 0.4308743678 0.5348662210 0.7230393857 0.8838710969 0.9237841716 0.8909410457 0.8483397708 0.7615559859 0.6244422258 0.4257443440 0.3488175845 0.2447355593 0.2229318464 0.2344088100 0.2254744257 0.2411641069 0.2426368675 0.2169453813 0.2683408295 0.2032280043 0.1643700658 0.1994883898 0.1852184998 0.2163696127 0.2467568468 0.2507022557 0.1791488830 0.2114083179 0.2201822890 0.2365774657 0.2073485351 0.2029193135 0.2426661132 0.2652437690 0.2383584135 0.2908845184 0.3050341386 0.3891180856 0.4193242706 0.6309340112 0.8014114425 0.9015231083 0.9446319682 0.8805154830 0.8294686331 0.6668500524 0.5440660761 0.4192136045 0.3628680137 0.2757307372 0.2576849351 0.2565163486 0.2498540475 0.2289316096 0.1704233471 0.2426706350 0.1876351681 0.2095890281 0.2046312203 0.2034801687 0.1913683476 0.2306237650 0.2164505584 0.2009177582 0.2091149649 0.2208722584 0.2058807759 0.2139632865 0.2081712984 0.2273136207 0.1867113141 0.1721367411 0.2546834881 0.3080953556 0.3825476301 0.4621337503 0.5409304968 0.7054403464 0.7983966999 0.8778610977 0.9045333096 0.8311682246 0.7470652158 0.7104251961 0.5675550257 0.4165094432 0.3034087145 0.2612278767 0.1974340925 0.2063070783 0.2288913283 0.2020954847 0.1804158440 0.1884287766 0.2308469917 0.2111035755 0.2211504360 0.1883713432 0.1790865059 0.1472286469 0.2494550152 0.2134982581 0.2156642323 0.2134261676 0.1837139869 0.1712467200 0.2136231534 0.2233169156 0.2274055630 0.2496676540 0.2350165359 0.2791770443 0.3474051315 0.4507821714 0.6324646982 0.6926605302 0.8662755555 0.9174430760 0.9011176216 0.8842917446 0.7185840810 0.5943354895 0.4945428876 0.3522222954 0.3124454691 0.2749655272 0.2487259876 0.2361647863 0.2312548072 0.2189387652 0.2283529294 0.2218135872 0.1988033624 0.2722203174 0.2196996679 0.1669882001 0.2325778366 0.2266671042 0.2093937104 0.2433188804 0.1939460713 0.1607142517
0.1982784322 0.2040286361 0.1745296415 0.2226775273 0.2220427661 0.2710279950 0.2164961335 0.1892023966 0.2267572122 0.2624418346 0.2334423961 0.3660235788 0.4264492419 0.5387746478 0.6581812027 0.8166041630 0.8913737738 0.9410861447 0.8431304826 0.7524552525 0.5884174873 0.5145770230 0.3646658326 0.2897811378 0.2964384210 0.2156817329 0.1976619353 0.2102799992 0.2106139573 0.1918839536 0.1942015631 0.2064268078 0.2305528924 0.2378653891 0.1966193641 0.2273080082 0.2225431984 0.2258176743 0.2050251880 0.2325883533 0.2217307241 0.2414394671 0.2425147459 0.2278296918 0.1951820821 0.2314628925 0.1933628395 0.2595602978 0.2424590060 0.3966005853 0.4233260902 0.5560444109 0.7726978172 0.8750758926 0.9047121148 0.9174644834 0.8345575218 0.7333259984 0.6282330926 0.4827169764 0.4210111015 0.3789951136 0.2249359814 0.2355982346 0.2223418042 0.2007192512 0.2042654512 0.2133162092 0.2033850620 0.2045631595 0.2329440253 0.2407051334 0.2155395254 0.1773327723 0.1473917563 0.2406852544 0.2064691734 0.2161867103 0.1834603735 0.2277502956 0.2280856146 0.2310155569 0.2414101123 0.2076336934 0.2383075583 0.2426999967 0.2933430021 0.3550981467 0.4740030704 0.6085739440 0.7979784330 0.8373607097 0.9108790738 0.8968300029 0.7935765435 0.6394543080 0.5518483135 0.4323851071 0.3333316082 0.2682312574 0.2644128867 0.2718190743 0.1972745604 0.2050884887 0.2151331560 0.2070190926 0.2000481107 0.2150623926 0.2218335234 0.2003321975 0.1782376810 0.2697752274 0.2068869190 0.1749607942 0.1911329309 0.2707904918 0.2085470777 0.2147514646 0.1723575808 0.2193403169 0.2549392854 0.2083425657 0.2129483938 0.2514887034 0.3090930979 0.4366515312 0.5412118573 0.6878660175 0.8304703486 0.9666432071 0.9580059037 0.9133679631 0.7415375339 0.6479532675 0.5450399563 0.3934061861 0.2862719697 0.2280867988 0.2449272878 0.2445148683 0.1893828554 0.2628260217 0.2273414055 0.2079265955 0.2629506734 0.1921688292 0.2399982295 0.2449957880 0.2587432591 0.1914005585 0.2365811629 0.2470922240 0.2174273697 0.2560220930 0.2325083489 0.2470503580 0.2152458749 0.2194269003 0.2321906843 0.2017624708 0.2748272078 0.2558902132 0.4096866268 0.4588772379 0.5844761242 0.7360405616 0.8965095460 0.8567333119 0.9295041343 0.8492870455 0.7747436363 0.5849464651 0.4455962921 0.3515956878 0.2858774181 0.2538362444 0.2264647801 0.2022100856 0.2714897100 0.1861581357 0.2344132245 0.2463968925 0.2501814537 0.1715124712 0.2197527729 0.1955468552 0.1978868210 0.2499742700 0.1927925882 0.1877076619 0.2585219013 0.1804582656
0.2186333776 0.2417933870 0.1807180923 0.1762317040 0.1948367064 0.2389335968 0.1794111390 0.2099536178 0.2475743285 0.2005285538 0.3237449393 0.3138183313 0.4078497089 0.5771477360 0.6785709712 0.8419249357 0.9595276664 0.9246045212 0.9089531477 0.7579083748 0.6269405504 0.4887718324 0.4071754171 0.3078593801 0.3098443526 0.2027563172 0.1847767406 0.2024257837 0.1911228445 0.2248647626 0.1519363219 0.1792124398 0.2319059583 0.2246946194 0.1888298826 0.2511964530 0.1747327553 0.1344546552 0.1827087278 0.2023633433 0.2116545129 0.1626308073 0.1687599223 0.1909294955 0.2027827840 0.1986856860 0.2713289379 0.2117530368 0.3014707102 0.3671009413 0.5186886073 0.6079728409 0.7340953236 0.8767784152 0.9306809907 0.9393543126 0.8390882098 0.7144556341 0.6377041534 0.4479105003 0.3729710981 0.2785787405 0.2820503884 0.2059224304 0.2508743493 0.2017789156 0.2764571754 0.2270428619 0.1665436805 0.2327427032 0.2539146117 0.2351342307 0.2001343894 0.2406988402 0.2231949583 0.1969528896 0.2246109024 0.2427588402 0.1611056305 0.1602787551 0.2599872378 0.2096107569 0.2464710541 0.2065265197 0.3005937528 0.2994874487 0.2914824724 0.4420847327 0.5635144625 0.5864196717 0.7499507672 0.8925306401 0.9443369328 0.8623022449 0.7983945235 0.6919276301 0.5479759955 0.3972153393 0.3797593008 0.2715566379 0.2137433510 0.2183154621 0.2802096484 0.2024389327 0.1722349737 0.2255396504 0.2721214626 0.2348969269 0.2240552806 0.2058930392 0.2058235803 0.1852544868 0.2380843334 0.1737716446 0.2567679240 0.2147767326 0.2416430651 0.1979128231 0.2423443747 0.2095832208 0.2604812846 0.3056791143 0.2615318051 0.2677236697 0.3263494173 0.4442587329 0.5733464423 0.6862334321 0.8456757482 0.8745607817 0.9334605252 0.8940143209 0.7365502112 0.6250864393 0.4855999025 0.3681435109 0.3231633780 0.2820771591 0.2684200659 0.2236323386 0.2186522601 0.2563307467 0.2792073831 0.2050109702 0.2153253103 0.2294323845 0.2325069631 0.2390208943 0.2411123903 0.2406653199 0.2179858568 0.2000493397 0.2419777436 0.2727366486 0.2030289003 0.1867021954 0.2059835349 0.2508750482 0.2886425951 0.2761364772 0.2505157310 0.2717248170 0.4166939368 0.4875753038 0.6006846170 0.7723173126 0.8986988789 0.9245813826 0.9297246575 0.8704334498 0.7724707752 0.6149150393 0.4714801312 0.4051465058 0.2979887917 0.2530100842 0.2280067031 0.2256344202 0.2406920672 0.2338559992 0.1943996063 0.2547898241 0.2347032852 0.2083267565 0.2516623643 0.2416066094 0.1791783314 0.2448759171 0.2514123330 0.2594463258 0.1835171546 0.2152657428
0.2213808038 0.2335534540 0.2319248721 0.2364619798 0.1724531392 0.2072274514 0.2456637673 0.2173678578 0.2369166044 0.2737203533 0.3418619651 0.3423526314 0.4574788966 0.5409155184 0.7020741734 0.8513809519 0.8767086524 0.8851463246 0.8999716447 0.7451647604 0.5941957619 0.4672421011 0.3397930453 0.3348140549 0.2682087014 0.2489035426 0.2065815201 0.2119012410 0.2781696887 0.2143170876 0.2005679754 0.2315003297 0.2145863529 0.1802070735 0.1946987121 0.2526115318 0.2178592568 0.2244196248 0.2443215985 0.2268950026 0.2517685614 0.1889293612 0.2047683746 0.2439038017 0.2320997244 0.2591510429 0.1910037723 0.2287675678 0.2425390156 0.3551636149 0.4668252334 0.6682995988 0.7253001639 0.8573331249 0.9409378569 0.8835194079 0.8344588947 0.7208079920 0.5909200681 0.4801872169 0.3607505719 0.2431906605 0.2514113030 0.2638542315 0.2400725388 0.2582622141 0.2409593732 0.2519646724 0.1869857010 0.2471369786 0.2231065435 0.1789819219 0.2214912845 0.2291975351 0.1858991520 0.1971876077 0.2653621450 0.2150309620 0.2790344789 0.2040661666 0.2005553860 0.1862655856 0.2810592926 0.2416702567 0.2700789767 0.3144257415 0.3322202042 0.3597731596 0.5497246399 0.7058102230 0.8009332364 0.9597705306 0.9635672543 0.8754876799 0.8366869974 0.6685325301 0.5166632102 0.4993469863 0.2950550638 0.2239844414 0.2168544930 0.2627688666 0.2398304307 0.2672894465 0.1903629063 0.2424002669 0.2052400260 0.1942367969 0.2186459832 0.2494245705 0.2718496776 0.2188044725 0.2446112801 0.2537322516 0.2485285039 0.2638804365 0.1589291631 0.2452648425 0.1895050057 0.2371486920 0.2263610029 0.2528618680 0.3023542671 0.3298291202 0.3996117184 0.4693077204 0.5535969476 0.7542671730 0.8420350228 0.9050493691 0.9452750909 0.8504548003 0.8001628438 0.6499288195 0.4951916722 0.4403515925 0.3257723007 0.3077312686 0.2634358063 0.2589970981 0.2397784172 0.2304733572 0.2620482515 0.2430398745 0.1960811259 0.2207415297 0.2440062479 0.2002457844 0.2459085062 0.2723510602 0.2478377206 0.2209052044 0.2519147099 0.2596634675 0.2382392304 0.2788245657 0.2066618700 0.2051385017 0.2616934652 0.2264876883 0.2620542196 0.3033040123 0.3785981079 0.4798952888 0.6422936510 0.7639244273 0.8422107578 0.9418262411 0.9687811029 0.9033229957 0.7766611463 0.6190268991 0.4955526050 0.3686271634 0.2974461284 0.2911546499 0.2617805883 0.2653120770 0.2336784198 0.2337619946 0.2429856838 0.2341348217 0.2569904183 0.2196852228 0.2479107023 0.2039496296 0.2234023972 0.2253582231 0.2309444103 0.1934440820 0.2124995739 0.2892871496
0.2142872087 0.2337000590 0.1906661579 0.1806408859 0.2002660971 0.2220729747 0.2652660859 0.1798370161 0.2081208350 0.2437255231 0.2545709589 0.4346881040 0.4235050436 0.6115351146 0.7198096364 0.8163965160 0.9068728293 1.0000000000 0.8580283853 0.7614861626 0.6005794467 0.5058313746 0.3647485955 0.3166338343 0.2743837824 0.2408260276 0.2226290552 0.2013545888 0.2328526740 0.2843126616 0.1643855704 0.1576181662 0.1656260304 0.2196313670 0.2124641179 0.1777619930 0.2555711519 0.2341201137 0.1902627853 0.1949917097 0.2310456715 0.2462645721 0.2219909790 0.1980491978 0.2088496673 0.1927226143 0.2410543302 0.2627068349 0.3210830308 0.3583964729 0.4887997300 0.6155121190 0.7421644263 0.9580315767 0.9133474312 0.8960114124 0.8999019197 0.7077989501 0.5633943562 0.3975460072 0.3417871985 0.3682626717 0.3363747726 0.2247711770 0.2351033156 0.2417393529 0.1985429482 0.1837137426 0.2203884536 0.2327704806 0.1794368379 0.1717241558 0.1915902657 0.2187606408 0.2030157302 0.2228280464 0.2071047341 0.1412254176 0.2458165737 0.2118689318 0.2168422115 0.2129777925 0.2253055830 0.1843301541 0.2574852851 0.2507820029 0.3436762654 0.4076444763 0.5375206115 0.6972013036 0.8047358147 0.8786598104 0.9382271363 0.8736925571 0.8227602060 0.6868204098 0.5603963261 0.3948226114 0.3797753121 0.2685793139 0.2938219265 0.2327118413 0.2316723950 0.2635666320 0.2369216692 0.2366887520 0.2390405303 0.1976519481 0.2315990664 0.2540716267 0.2247504748 0.2439092443 0.2336892055 0.2017841261 0.2373532758 0.2252066663 0.2502370596 0.2113699663 0.2344798665 0.1985314799 0.2571296006 0.2657089625 0.2234585051 0.2964814000 0.3504074697 0.4952944760 0.6051284374 0.7163630452 0.8579404007 0.8929266828 0.9722451614 0.8844039891 0.8268832723 0.6455508277 0.5237078800 0.4313591702 0.2978345827 0.2585345944 0.2511515505 0.2222534688 0.2253599813 0.2302587501 0.2379542222 0.3072872800 0.2589187184 0.1983981609 0.2005492927 0.1926989440 0.1916663775 0.2463888890 0.2427921837 0.2623032765 0.2596755874 0.2382149828 0.2020856917 0.2539503082 0.2181237576 0.2448104462 0.2130203585 0.2406331326 0.2146616402 0.3385393668 0.4176059550 0.5222275668 0.6479831613 0.7561488134 0.9224434755 0.9861857037 0.9362227549 0.8378825509 0.7718176712 0.6068457164 0.4659832836 0.4237742943 0.3357436858 0.2838508771 0.2601306711 0.2430492973 0.1925895484 0.2670222975 0.2333663972 0.2597626990 0.2197423763 0.2232687378 0.2110579255 0.2407612894 0.2363785869 0.2886736473 0.2221134176 0.2189887006 0.2088307584 0.2689548275
0.2812486566 0.2000480420 0.2242392628 0.1733396985 0.2229916548 0.2191490223 0.2502423812 0.2416754022 0.1637817488 0.2718904670 0.2752257150 0.3465556800 0.4487542576 0.6169039373 0.7127439143 0.8764902052 0.9472307792 0.9134955398 0.8640564688 0.7683932398 0.6494172073 0.4582721257 0.4104340015 0.3594676719 0.2524135417 0.2506176972 0.2484405930 0.2440237962 0.2618909932 0.1819693850 0.2395582679 0.2820594630 0.1852545179 0.2074162322 0.1992477799 0.1828773289 0.2070595229 0.1899141826 0.2335385885 0.2707950843 0.2231866948 0.1747046879 0.2544870610 0.2220336019 0.2398935206 0.2375439236 0.2456645257 0.2353165007 0.3250100951 0.3768000994 0.5120343162 0.6122328293 0.7693910983 0.8428215689 0.9210732351 0.9618515175 0.8205982083 0.7644640431 0.6074828831 0.4830544784 0.3800791015 0.2363415478 0.2776175313 0.2263475628 0.2716770505 0.1845095254 0.2575088380 0.2333051384 0.2149207650 0.2552078898 0.2023799406 0.1310775323 0.2460042624 0.1880474643 0.2498951566 0.1463360210 0.2368458561 0.2460702978 0.2014556658 0.2114200964 0.2133136416 0.1991902189 0.2136565072 0.1991833490 0.2107009407 0.3404339186 0.2842435875 0.4417487595 0.5845056674 0.6377358397 0.8527153691 0.9195584378 0.9037976246 0.9142453162 0.8193480516 0.6646298269 0.5718257854 0.4205606801 0.4095260028 0.2970808898 0.2858745545 0.2024673060 0.2247011405 0.2394794890 0.2555461398 0.2476040489 0.2280516304 0.2088755743 0.2056329815 0.2291233687 0.1813657230 0.1979356089 0.2647690950 0.2292928258 0.2693188772 0.2024712378 0.2484006568 0.2373095631 0.2004738473 0.2677042683 0.1823751212 0.2540884620 0.3097370094 0.2787333154 0.3879226920 0.4620224127 0.6058205287 0.7433530084 0.8995109345 0.8776584545 0.9652212230 0.8969925054 0.8588448027 0.6602551693 0.5295135730 0.4234479703 0.2765279750 0.3283611499 0.3008044064 0.2227610610 0.2688692494 0.2682833657 0.2378537657 0.2144831561 0.2259678131 0.2144993504 0.2581904495 0.2287760792 0.2814010020 0.2840975220 0.2612571141 0.1960637942 0.1682104314 0.2841731136 0.2615079556 0.2584527054 0.2598462658 0.2596119986 0.2608129329 0.3077903692 0.3540332568 0.3485960833 0.3793100226 0.4824481924 0.6375590025 0.7343698613 0.8779657239 0.9535344745 0.9124635282 0.8501513590 0.7072269591 0.5698352612 0.5435953530 0.3571519907 0.3421051046 0.3411263516 0.2571958042 0.2428330784 0.3087993164 0.2208122960 0.2306104416 0.2324178897 0.2338942321 0.2594553514 0.2036959532 0.2494421055 0.1963561860 0.2710318354 0.2452237224 0.2621393630 0.2577563516 0.1781596559
0.2000467184 0.2511324111 0.1541211010 0.2157599722 0.1606732578 0.2022343765 0.2136230501 0.2218434667 0.2322969652 0.2598716634 0.3228772990 0.3183902131 0.4400749608 0.5314450082 0.7268583849 0.8390552562 0.9006522518 0.9171047805 0.8257330348 0.7691087808 0.5703702828 0.5057712782 0.3625924430 0.2960776879 0.2391688438 0.2835514246 0.1446278413 0.2001335402 0.2331191738 0.1402683785 0.2442691441 0.2401274478 0.1989193681 0.2315833717 0.1899470925 0.2488270964 0.1918503640 0.1941304936 0.2294859525 0.2107483517 0.2091493672 0.2689493082 0.2109508627 0.2243226061 0.2404100137 0.2453621853 0.2602363934 0.2977208908 0.3016563307 0.3495938384 0.4686346477 0.6082076017 0.7694766235 0.8388312689 0.9675466737 0.9589113193 0.8014715156 0.6818493981 0.5562942056 0.4453067411 0.3846042844 0.3074440028 0.2846597983 0.2190358867 0.2265967086 0.1951531388 0.2217843803 0.2367183115 0.2034591148 0.1646600082 0.2307676817 0.2144229443 0.1916840501 0.1929410998 0.2241885284 0.1982698254 0.2082265135 0.1915347788 0.1708647644 0.2593280316 0.1967928272 0.2277604542 0.2112607620 0.2280654118 0.2405225633 0.3049446768 0.3855375024 0.4135685817 0.5160213871 0.6974135318 0.8331823045 0.9293322731 0.9089268739 0.9114351295 0.8152478877 0.7096359375 0.5767232082 0.4517663731 0.3855352399 0.3000067847 0.3168832438 0.2574069341 0.2032002681 0.2260079876 0.2290651254 0.2518618711 0.2057973807 0.2357971394 0.2118523805 0.2151233180 0.2354101930 0.2198502559 0.2383430728 0.2499591106 0.2538063544 0.2455035119 0.2193992452 0.2265485343 0.2252214447 0.2193613634 0.2215672355 0.2493459049 0.2608864592 0.2462427457 0.3674749088 0.4224454641 0.5946746221 0.7101062529 0.8766689793 0.8924947652 0.9777669114 0.8437476562 0.7946070997 0.6117602036 0.4801932759 0.3783752879 0.3347634579 0.3117442759 0.2672793837 0.2195803487 0.2381961998 0.2159594494 0.2369724102 0.2028702833 0.2010491957 0.2263073347 0.2733081613 0.1853623840 0.2619616728 0.2326286344 0.2403249592 0.2848489243 0.2840595134 0.2194646862 0.2150326621 0.2487375334 0.2518434332 0.2121695428 0.2429696030 0.3101784543 0.2928046748 0.3432268523 0.3369397284 0.5242929210 0.6636507030 0.7771851081 0.8698067466 0.9992496622 0.9827690901 0.8241485804 0.7504259408 0.5866948297 0.4647271656 0.4020112807 0.3232568518 0.2683404141 0.2909442632 0.2817668878 0.2318519317 0.2017948677 0.2587552687 0.2667099596 0.2828055268 0.2320671187 0.2165050063 0.2465139436 0.2402996656 0.1819964951 0.2667936282 0.2944807908 0.2556313325 0.2062441587
0.2128512233 0.2115516431 0.1837922887 0.1595763899 0.2443338294 0.2366505060 0.2262421073 0.1710848662 0.2914491873 0.2569984350 0.3060086318 0.4027892623 0.3624338465 0.6145413406 0.6998467248 0.8479438030 0.9582386423 0.8950793074 0.8380357176 0.8017905928 0.6205144553 0.5101048464 0.3727911436 0.3175305159 0.2457511023 0.2078225314 0.2521003463 0.2478525510 0.1676458959 0.2043359897 0.2118114567 0.2095394110 0.2279528798 0.2940515899 0.2289476408 0.2315780637 0.2175148988 0.2371576058 0.2137384128 0.2649173842 0.2417023218 0.2399202868 0.2042408660 0.2292655451 0.2326617098 0.2036004275 0.2087780905 0.2775486236 0.3120061172 0.3598241161 0.4891725283 0.6640062089 0.7698652525 0.8557264911 0.9195913005 0.9334906799 0.8966433396 0.7223945362 0.6238138514 0.4933374242 0.3322269444 0.3206663408 0.2767332791 0.2790606628 0.1658225290 0.2253574758 0.1718092124 0.2030535634 0.2266643247 0.2243247871 0.2137035867 0.2961609766 0.2055586203 0.1834917920 0.2047354639 0.2674192593 0.2570834721 0.2047271089 0.2228543406 0.1947215804 0.2160954138 0.2081656754 0.2032544485 0.2261025597 0.2522660180 0.2627644841 0.3448567853 0.4693189383 0.5831232744 0.6301078209 0.8257387062 0.8761412334 0.9504025170 0.8987072405 0.7912618142 0.6664116434 0.5326643757 0.4447471447 0.3410534234 0.3066165037 0.2743874830 0.2216988328 0.2387982753 0.2212631682 0.2227604723 0.2042349110 0.1990409144 0.2369616887 0.2211074999 0.2414305158 0.2140841588 0.2780968299 0.1762673882 0.2531621622 0.1940071103 0.2704736199 0.1706289234 0.1966112130 0.2172832911 0.2435631342 0.2348558516 0.2610798443 0.2223709621 0.3352230719 0.3184491888 0.4705098333 0.6062412307 0.7485727256 0.8707062784 0.8908450194 0.9707064420 0.8932755497 0.7702560395 0.6334370619 0.4952112850 0.3775767857 0.3006442162 0.2606950813 0.2375511056 0.2650665752 0.2480073616 0.2131631486 0.2307928917 0.2176402199 0.1890432350 0.2994045260 0.2379607278 0.1907658789 0.2564344912 0.2379026310 0.2431162085 0.2177278435 0.2224324548 0.1808120572 0.2073141926 0.2517417864 0.1783334902 0.2083190487 0.2618856252 0.2077397805 0.2485881529 0.3300486189 0.4171886756 0.5261640026 0.6288141749 0.7802318265 0.9154044137 0.9776405289 0.8919843435 0.8270936932 0.7402006211 0.6038483585 0.4964003308 0.3768874471 0.2994640191 0.2606728753 0.3171187388 0.2345742530 0.2207901998 0.2355525845 0.2757588991 0.2316704725 0.2782460128 0.2064755738 0.1589019449 0.2114999529 0.2755055479 0.2840431146 0.2604259607 0.2479805601 0.2483635308 0.2488822091
0.2800592000 0.1844188766 0.2323950229 0.2367877867 0.2300972286 0.2064884173 0.1841820001 0.1350566986 0.2282068612 0.1920856637 0.2634025133 0.3771284365 0.4274813455 0.5720021167 0.7159945071 0.8360103677 0.9258881186 0.9393668624 0.7762643286 0.7461540576 0.5926673978 0.4728613760 0.3988382391 0.2976257190 0.2299316359 0.2454810265 0.2511340436 0.2389672623 0.2034553295 0.2139859387 0.2012179930 0.2242009752 0.1608848363 0.2154113263 0.1196932471 0.2281773675 0.2167557382 0.2252914471 0.2062806505 0.2217118544 0.2149102395 0.1797933117 0.1645555760 0.2728963850 0.2164427613 0.1719781160 0.1866173227 0.2768616943 0.3455158363 0.3647149505 0.4809099172 0.6149086717 0.7966349649 0.8849479017 0.8922074653 0.9150908526 0.8366798465 0.6974809718 0.5409479400 0.4805560288 0.3847117836 0.3060041035 0.2625171618 0.2925715591 0.2177168088 0.1743468876 0.2064418547 0.1608976583 0.2356592862 0.1890439473 0.1980349411 0.2090803316 0.2308883430 0.2471235797 0.1839000145 0.1993587155 0.2461363285 0.2926992296 0.2377292923 0.2191098087 0.2159477355 0.2111495057 0.2234177637 0.1905961173 0.2417318021 0.2679595595 0.3145931126 0.4747218401 0.4929216789 0.6797953146 0.7840887090 0.9336054216 0.9117745257 0.9089368733 0.8026311039 0.6640471919 0.5590614441 0.3987314143 0.3385056556 0.2719380824 0.2253560773 0.2492901083 0.2002437928 0.2125846547 0.2139543633 0.2193263507 0.1798640479 0.1961970619 0.1799000159 0.2370397946 0.2279939538 0.2438828858 0.2503501432 0.2072801267 0.2274728192 0.2712820305 0.1964952683 0.2017928354 0.2118995769 0.2400629960 0.2438648028 0.2483303155 0.2862944464 0.2954692587 0.3898070106 0.4807013968 0.5743460028 0.7245006383 0.8834617159 0.9837182920 0.9263041185 0.8751881606 0.7146559451 0.6344416461 0.5502985350 0.4015567777 0.3089368187 0.2435290029 0.2466035603 0.2077428844 0.2276230250 0.2313205612 0.1929998699 0.2485326545 0.2265602301 0.1980738922 0.2272496002 0.2020380010 0.2326316664 0.1795766581 0.2448905838 0.2521047272 0.2317429245 0.2341161529 0.2026974252 0.2358990175 0.2399600463 0.1934870020 0.2446939155 0.2689042226 0.2581798447 0.3580373542 0.3658035664 0.5586452800 0.6789167345 0.7530472571 0.8624555001 0.9517949076 0.9098931902 0.9005277923 0.6803666257 0.5947796175 0.4355707123 0.3920432667 0.2976979041 0.2704886760 0.2245876860 0.2206070985 0.2671234686 0.2341222240 0.2669430604 0.2504279829 0.2473060290 0.2076026698 0.2438227116 0.2435827265 0.2029619978 0.2229460918 0.2332336756 0.2531338691 0.2015844312 0.2817714890
0.1829698172 0.1932099616 0.1943908168 0.1961816265 0.2038094843 0.2233078382 0.2393649533 0.2006124530 0.1660979431 0.2296753272 0.2567508600 0.3064367353 0.4413127104 0.5909136315 0.7219043157 0.8356809895 0.9085073280 0.9213046983 0.8076514468 0.7514054434 0.5768930091 0.4495195022 0.3242399916 0.2984169008 0.2383619464 0.2416792546 0.2175411041 0.2066818913 0.1587738756 0.2469115298 0.1828169494 0.1895988388 0.1758321322 0.1957877150 0.1477475974 0.2185186770 0.2375746096 0.1975267249 0.2341197410 0.1977040907 0.1668088015 0.2566924754 0.1401251770 0.2054327794 0.1888224678 0.1990225150 0.3009212214 0.2712435952 0.3391573611 0.3767717507 0.5086609870 0.6269011615 0.7679322897 0.9259256815 0.9552812622 0.8800126769 0.8340745679 0.7297000508 0.5770108744 0.4056771643 0.3231719801 0.2789934389 0.2657609439 0.2050157560 0.1816845360 0.1986997004 0.2054009386 0.2580243551 0.1711241171 0.1894444192 0.1953167548 0.1657098075 0.1906253751 0.2287875481 0.1766904880 0.2085199174 0.1948575536 0.2061018609 0.1741960641 0.1917650301 0.2483142116 0.2557873658 0.2006857832 0.2466364375 0.1814999640 0.2573390537 0.3312088012 0.4025812510 0.5477047578 0.6779289469 0.8275739872 0.9325918897 0.9348698148 0.8584505782 0.7958082301 0.6702014045 0.5543390310 0.4103600706 0.2983547842 0.2751878493 0.2929675600 0.2380530208 0.2503335914 0.1886935289 0.2397277773 0.1977572613 0.2240077878 0.1795728750 0.2344991782 0.2440399073 0.2342158512 0.1675129013 0.2250770777 0.1733268602 0.1939207599 0.2196893231 0.1945379989 0.2195348130 0.1977692010 0.2196591252 0.2712806341 0.2019561254 0.1839486235 0.2925313067 0.3107096839 0.4401220137 0.5314994368 0.7136663093 0.8612299795 0.9464570506 0.9137364473 0.8639361756 0.7905494359 0.5621015263 0.5170650463 0.3611355740 0.3005398038 0.2493674915 0.2315169800 0.2661503908 0.1731266767 0.2367760622 0.2070365775 0.2318065814 0.1721914357 0.1455824378 0.2496698817 0.2224686801 0.2140883511 0.2497299840 0.2332574148 0.2033645284 0.2204489668 0.2337861044 0.2525681086 0.1805424949 0.2321803104 0.2495122219 0.1699010601 0.2534379361 0.2670861722 0.3328309943 0.4264406909 0.5251250392 0.5843763223 0.7905248534 0.8803457541 0.9441523021 0.9491408422 0.8660358362 0.7216492182 0.5796751235 0.4415289944 0.3615381569 0.3302243608 0.2988140955 0.2323202980 0.2190404449 0.2354349786 0.1850285929 0.1977368880 0.1897688570 0.2444144500 0.2360758418 0.2064492138 0.1880729176 0.2213622675 0.2161825340 0.2567006625 0.2521945933 0.2364698992 0.2011928391
0.1622903508 0.1926948197 0.1665088535 0.1881091921 0.1753194522 0.1804859853 0.2019656401 0.1241793211 0.2065362774 0.2687508596 0.2783649029 0.3363141427 0.3878390518 0.5820004416 0.6996144447 0.8247193485 0.9063994203 0.8634141788 0.8872124700 0.6771347212 0.5802024234 0.4785468909 0.3342271905 0.2821908542 0.2227545462 0.2025998363 0.2033797716 0.2162240484 0.2410342037 0.1831507901 0.2155054156 0.2238386815 0.2064006963 0.1678151309 0.2244985862 0.2234627478 0.2131337001 0.2572190611 0.1818367451 0.2555870050 0.1559110103 0.2058978132 0.2292541291 0.1911856446 0.1780418510 0.1935011708 0.2364184526 0.2171752839 0.2792014285 0.3337985183 0.4650504497 0.5942987298 0.7417509814 0.8536216332 0.9053164262 0.8901061659 0.8068063488 0.7257861799 0.5392123031 0.4157096448 0.3727793171 0.3000642328 0.2240476505 0.2555961579 0.2283978512 0.1803985337 0.1788324338 0.2268094456 0.2379693076 0.1972158341 0.2132131825 0.2083937578 0.1498373507 0.1992471856 0.1768871280 0.2159669873 0.2218497530 0.1801276187 0.2108833024 0.1641418743 0.1998967077 0.1833191573 0.2424028515 0.2138955634 0.2086491872 0.2348034543 0.3426446094 0.3753271811 0.4798411071 0.6698174921 0.8147137316 0.8855730043 0.9358010748 0.8329384072 0.8345327771 0.6702540734 0.5040495034 0.3926724326 0.3238003871 0.2549825612 0.2184792181 0.2097633753 0.2146087853 0.2446876191 0.1529401151 0.2011955961 0.2066824078 0.2050645917 0.1798501677 0.2324907827 0.2141183997 0.1765355388 0.1921568437 0.2414917648 0.2126094553 0.2261469709 0.2328150128 0.1686785899 0.2414466795 0.2009190420 0.2399339568 0.2172559481 0.2334567281 0.2932949872 0.3366904242 0.4623854400 0.5845082016 0.7094283772 0.8146288656 0.9523461871 0.8693802517 0.8172809131 0.7906483155 0.6134890522 0.4777900671 0.3868687527 0.2960011556 0.3305035063 0.2025850664 0.1696256776 0.1722313536 0.1802442322 0.2033745257 0.1915002649 0.1895794840 0.2058081222 0.2562393525 0.2037058367 0.2258861391 0.1903622305 0.1673833415 0.2400896002 0.1897810131 0.1864795166 0.1983273222 0.1983765034 0.2159059934 0.2127844170 0.2109829039 0.2478032784 0.2833593033 0.3347565600 0.3828694715 0.5117194609 0.6389928919 0.8107782409 0.9117793348 0.8985994493 0.9275683286 0.7989831392 0.6652001923 0.5978599720 0.3858451436 0.3656014724 0.2968959128 0.2324489942 0.1818624993 0.2412696435 0.2504997585 0.2523888367 0.1794877778 0.2138275854 0.2419490409 0.2411454807 0.1902571063 0.2341701356 0.1277303583 0.2601499878 0.2228128974 0.2034486942 0.2156109409 0.1991126660
0.2076987412 0.2038848270 0.1968805085 0.2056208028 0.1853243868 0.1700488815 0.1719441219 0.1980784605 0.1704307019 0.1674571546 0.2560288201 0.3201898815 0.4587869325 0.5264083049 0.7254695064 0.8841311693 0.9003225683 0.8897858642 0.8291833482 0.7339142575 0.6138004392 0.4923125480 0.3609393107 0.2498046491 0.2447055520 0.2641166629 0.2095237660 0.1779617218 0.1803478654 0.2323045210 0.1528756983 0.2057508583 0.1873955931 0.2271174788 0.1746937401 0.2251654363 0.2174136993 0.1951408246 0.2271024002 0.1962746119 0.1785589667 0.1894659279 0.2347758054 0.1910212333 0.2317408686 0.2122741313 0.1948050636 0.2122834441 0.2840882818 0.3405543684 0.4522972344 0.5866509176 0.7313399604 0.8127522709 0.8889032610 0.8881583217 0.8281917638 0.7231778343 0.5225090748 0.4197021563 0.3470076024 0.2916759722 0.1927656469 0.1761438988 0.1788731070 0.1790039782 0.2331169674 0.2256986900 0.2200536346 0.2268064643 0.1622695705 0.2017131851 0.1716877961 0.1507571013 0.2159670936 0.1948491169 0.1550843935 0.2318311999 0.2120076273 0.1978842603 0.2037745130 0.1937409246 0.1750553179 0.2576136953 0.2509136592 0.2506815964 0.2807444733 0.4076392010 0.4875855798 0.7042651542 0.7379132193 0.9278252334 0.9063445601 0.8617192078 0.7283713348 0.6622603697 0.4904779086 0.4274112559 0.2674967800 0.3004011726 0.2078145386 0.2489098046 0.2251398063 0.1632576584 0.1700900339 0.2216098448 0.2169070670 0.1712109380 0.1669369312 0.1923376970 0.1757138888 0.2081587125 0.2131497184 0.2109670884 0.2326441688 0.2582649483 0.2114974676 0.1800891296 0.1609151835 0.1908696178 0.2069952379 0.2333898541 0.2222714110 0.2796498826 0.3594311940 0.4435298395 0.5374463852 0.6928048674 0.8618784940 0.9055856016 0.9787916028 0.8511191643 0.7231380209 0.6290742337 0.4715143063 0.3650632424 0.3452094253 0.2283714986 0.2297764763 0.2284411019 0.1841124922 0.1530999798 0.2435675473 0.2044856238 0.2570185110 0.2425889516 0.1821301627 0.2115231311 0.1913710862 0.1637259093 0.2148546796 0.2158500069 0.2195773861 0.1902230529 0.1985916359 0.1683560613 0.1901229815 0.2562180511 0.2239757218 0.2334236345 0.2357636802 0.2531885046 0.3213631645 0.4550546674 0.6042869767 0.7438296387 0.8398916431 0.9194350797 0.9018880643 0.8453793946 0.7427493430 0.5815439637 0.4188446275 0.3285211712 0.2188635369 0.2255542288 0.2059559574 0.2407895594 0.2032321035 0.1789828841 0.2446560476 0.1855710428 0.2267355136 0.1612065129 0.2013860297 0.2707064127 0.1989205602 0.2374910857 0.1896047018 0.1953760439 0.2263156386 0.2266829065
0.1552808027 0.1574319173 0.1755116661 0.1717226052 0.1882445019 0.1999051441 0.1972118575 0.1782834776 0.1888322600 0.1828916145 0.2489392848 0.3147412447 0.4337386938 0.5206860942 0.7015512925 0.7869288064 0.8777976387 0.9267077285 0.8287446386 0.6899235509 0.5438064696 0.4399521246 0.3174188988 0.2937153340 0.1670891241 0.1599564556 0.2479472393 0.1861970545 0.2101075350 0.2420340631 0.2145334569 0.2328058421 0.1980629913 0.1876474092 0.1602844547 0.2086935144 0.1953953538 0.1991150777 0.1824377307 0.1489091058 0.1917947093 0.1586835937 0.1694742701 0.1443315739 0.1483428825 0.1920017105 0.1923546843 0.2271573686 0.2973017638 0.3726442745 0.5071454467 0.6266837357 0.7224719343 0.8707255296 0.9096395097 0.8656305653 0.7916237878 0.6764172794 0.5301588376 0.3609168013 0.3345910060 0.2753153634 0.2697525825 0.2198250831 0.1721266838 0.1623546053 0.1686474507 0.1945765536 0.1988150302 0.2237776982 0.1678147764 0.1564829141 0.1739161105 0.1800731661 0.2049733321 0.1494506066 0.1553903798 0.1684172323 0.2239195698 0.1995037934 0.2001725700 0.2022267272 0.1868074019 0.2492464812 0.2787850368 0.2520284937 0.3147557289 0.4092180360 0.5598545847 0.6431606059 0.7667507869 0.9098758432 0.9194804365 0.8643441879 0.7681898559 0.6369133492 0.5188750987 0.4153160132 0.2630248660 0.2878460269 0.1768777350 0.1920527755 0.2148942912 0.1826996146 0.2306789067 0.1596143499 0.1620196335 0.1915749870 0.1408115519 0.2000138190 0.1298717530 0.2356771669 0.2143158819 0.2228822936 0.2284392953 0.1849512130 0.2108766472 0.1976788640 0.1937789421 0.1705033589 0.2647952709 0.2522237626 0.2303933422 0.2583760172 0.3613999768 0.4393050277 0.5531163219 0.7042211466 0.8552146632 0.9181851771 0.9243173494 0.8417983024 0.7247835350 0.5651481960 0.4729226126 0.3373777866 0.2476377213 0.2520972546 0.2146136195 0.1706031109 0.1980627255 0.1936381968 0.2158605436 0.2354847581 0.1802355878 0.2090056556 0.1747452382 0.1870958783 0.1798431540 0.2235766340 0.1709228406 0.1992640808 0.2256523425 0.1959737675 0.2183937980 0.2039657686 0.1797931174 0.1614198829 0.1747693343 0.1154397213 0.2157611727 0.3082702124 0.4122300982 0.4744141537 0.6188094872 0.7770834844 0.8873893660 0.9313434332 0.8742883596 0.8199069578 0.6968936202 0.5350934389 0.4239387569 0.3792655527 0.3132107182 0.2584678027 0.2631024951 0.2056077349 0.1864446399 0.1463396951 0.2222062804 0.1901739402 0.1929340957 0.2350493258 0.2017526858 0.2174334185 0.1673330814 0.2069016322 0.1172319922 0.1758805966 0.2030136873 0.1950704327
0.2195679956 0.2169653166 0.1763732534 0.1678708888 0.1987472527 0.1694028234 0.1944095345 0.1589272246 0.1838486771 0.2105973816 0.2495478828 0.2920271398 0.4527017917 0.5673125386 0.7286999727 0.7611826063 0.8461252749 0.9180162549 0.8477693376 0.7567716873 0.5812895335 0.4337096952 0.3383760318 0.2606965333 0.1852079790 0.1890827280 0.1976682639 0.2167849369 0.2367824082 0.2017721879 0.1784368697 0.1931669799 0.2143674021 0.1925363464 0.1181755528 0.1778537901 0.1855393084 0.2243137177 0.1695670997 0.2090507807 0.2040916407 0.1770862796 0.1390003715 0.1432669862 0.1873062952 0.2294516426 0.2291293606 0.2119861427 0.3182851662 0.3874545587 0.4986277942 0.6270202807 0.7855812986 0.8840555231 0.8552589313 0.9056040104 0.7926871787 0.6837152314 0.5158963699 0.3837936281 0.3569100573 0.2155560271 0.2070808669 0.1310164864 0.2134820651 0.1553074018 0.1407925641 0.1996656605 0.1994946803 0.1983808826 0.1575608539 0.1696078088 0.1899075498 0.1525094618 0.2245628373 0.2222807823 0.2091291617 0.1783420657 0.1737759760 0.1716199427 0.2336493150 0.1969153144 0.2119068949 0.1952832460 0.2249040674 0.2713136995 0.2737482783 0.3769606540 0.5470700721 0.6508506299 0.7646198420 0.9035365905 0.9323510615 0.8343395716 0.7780695834 0.5991020569 0.4593591720 0.3764652457 0.2851272490 0.2269730640 0.1826299309 0.2064597360 0.1995535128 0.2595061185 0.2087690856 0.2028552771 0.2036599236 0.1679578894 0.1746423365 0.2182983800 0.1489147277 0.2204596892 0.1921087067 0.1919444658 0.2166698733 0.1784055520 0.1735037766 0.1936770551 0.1764107466 0.2014590762 0.1936829429 0.2137901007 0.2519899256 0.2031396136 0.3221123910 0.4656884918 0.5693938271 0.6954468753 0.8516555212 0.8966285827 0.8870445976 0.8331382704 0.7200669989 0.6055062546 0.4505290427 0.3888448598 0.3222985782 0.2231189690 0.2530122991 0.1983363813 0.1594614037 0.2071198011 0.1939386557 0.1425139078 0.1667947050 0.1924379770 0.2252386523 0.1927567342 0.2330080253 0.1852296276 0.1834493014 0.1307174239 0.2251671136 0.1902338164 0.2525785749 0.1484542966 0.2263717438 0.1924573344 0.1570781074 0.1822662342 0.2453552512 0.2765672411 0.3497818187 0.4578500998 0.6022802731 0.7673334962 0.8454800576 0.8861034143 0.9150856844 0.8661735358 0.6991775661 0.5619733078 0.4020542239 0.3315702192 0.2448077903 0.2644304583 0.2158221826 0.2063591523 0.2190613589 0.2051948763 0.1772703549 0.1628522904 0.1788414531 0.2050886442 0.1723841053 0.2129418189 0.2421433310 0.1509440021 0.1600280312 0.2158784539 0.2148724965 0.1781993659
0.1898613442 0.2501532825 0.1459132145 0.1894376304 0.1345932120 0.1926803092 0.1676791013 0.1957757543 0.2260589864 0.2084933974 0.2696381929 0.3334775188 0.4605021061 0.5114324210 0.7534993943 0.8282680520 0.9029943980 0.8931040820 0.8205390443 0.7131008722 0.5632187495 0.3962777069 0.3360117434 0.2783874175 0.1888083901 0.2039821276 0.1311082883 0.1338638959 0.1879675551 0.1753937777 0.1527765124 0.1703775703 0.1442198094 0.1494405788 0.1556301219 0.2224919007 0.1161690541 0.1992063980 0.1781753777 0.1950710025 0.1682820622 0.1749390995 0.1981483202 0.2055922950 0.1790142542 0.1863939533 0.2251251885 0.2032813903 0.2645260298 0.3432327891 0.4015248808 0.6201092363 0.7586390058 0.8261168504 0.8424860368 0.8857828471 0.8145583064 0.6922352636 0.5253556606 0.4375196394 0.2679031695 0.2831216906 0.2493083936 0.2047580861 0.1514439558 0.1977787566 0.1993685194 0.1932993197 0.1319648690 0.1738889980 0.2131757582 0.2649401051 0.2063145067 0.1922140770 0.1959739498 0.1797362878 0.1449683489 0.2075238329 0.2006881280 0.1632991260 0.1573762566 0.1637801502 0.2000309480 0.1577356382 0.2174113068 0.2651334665 0.2796151643 0.4131990937 0.5524443959 0.6734291778 0.7643805896 0.8900982807 0.8943964195 0.8670844122 0.7276065083 0.6369794463 0.4526653542 0.3497040310 0.2491468713 0.1887027985 0.1944469674 0.1663509314 0.2043127009 0.2109781588 0.1892389828 0.1971763210 0.1786123923 0.1477727993 0.1618763846 0.1607547738 0.1930960823 0.1840985438 0.1890005700 0.1796237040 0.2070297292 0.2272954343 0.2126692902 0.2047733606 0.1875841455 0.2146395102 0.1957092945 0.1557235246 0.2306309155 0.2957711747 0.3294816638 0.4615813373 0.5860076743 0.6965418476 0.8587954622 0.9223877625 0.9123565967 0.8506946407 0.7291704100 0.5786901372 0.4389723631 0.3698631538 0.2654985483 0.2026822343 0.1944096403 0.2149317353 0.1511331038 0.1947536782 0.1932076971 0.2290349148 0.1667466455 0.1592342818 0.2141387684 0.1686634709 0.1186098490 0.1350999474 0.1949906719 0.1828106952 0.1930931004 0.2048543093 0.1940629183 0.1256181194 0.2276965912 0.1906940299 0.2337050694 0.2031136300 0.2409614644 0.3330627031 0.4072229133 0.4893933201 0.6837856444 0.7652789230 0.8044965717 0.8956415287 0.8809840286 0.8289170436 0.7083042777 0.5663778522 0.3486693291 0.3096703481 0.2244743826 0.2309016537 0.2282930672 0.1546665578 0.1908871960 0.2306780679 0.1887387774 0.1979443627 0.1910359989 0.1510503046 0.2301505945 0.1413343435 0.2085109438 0.1460061521 0.1985284727 0.2245812671 0.2166780131 0.2322528379
0.1379342754 0.2190191241 0.1388556347 0.1692485935 0.1695320757 0.1956831071 0.1548031439 0.1704265765 0.1682355929 0.2535862753 0.3012440407 0.3733122367 0.4381076452 0.5108232427 0.7204179257 0.8439879343 0.8931687305 0.9201688912 0.8375764752 0.7132807187 0.5127996417 0.4360323791 0.3686835683 0.2616126963 0.2282038114 0.1376381826 0.1703799893 0.1898586254 0.1850255029 0.1323693669 0.1509022506 0.1909746099 0.2030982879 0.1878460115 0.1841136668 0.1882107381 0.1970910553 0.1887926434 0.1918373883 0.1935705820 0.1571473336 0.1857443672 0.2012773117 0.1690194152 0.2186842092 0.1650977247 0.1848204109 0.2337505037 0.3254575025 0.3720659253 0.4518441788 0.6097453202 0.7727154217 0.8362642621 0.8997151823 0.8844826794 0.7887080636 0.6430037200 0.5019057201 0.3992854060 0.2986478160 0.2573108572 0.2144503917 0.2360457701 0.1570401719 0.1938826945 0.2109606584 0.1259762478 0.1837755453 0.1715607548 0.1877376713 0.1939580471 0.1829753153 0.1832926236 0.2012759753 0.1786141401 0.1526906096 0.2072922508 0.2214527747 0.2064167729 0.1411024548 0.2101249761 0.1483448735 0.2263852544 0.2173106236 0.2119937650 0.3006281134 0.4134636528 0.5208774551 0.7063929078 0.8393577196 0.9405500145 0.8658955199 0.8310341536 0.7402939946 0.5842048416 0.5040625397 0.4066601036 0.3024634537 0.2524018212 0.1961274704 0.1920643319 0.1872154871 0.2351875513 0.2296368164 0.2118500061 0.2203302616 0.2070379024 0.2053992186 0.1467660593 0.2215288677 0.1657326187 0.1746722095 0.1952987666 0.2263193855 0.1713643798 0.1664617220 0.1702563148 0.1760495421 0.2207602500 0.2376489612 0.2252612867 0.2319457285 0.2144519779 0.3393284107 0.4392940756 0.5693717440 0.7084529819 0.8498495699 0.9098999115 0.8733380954 0.8464432052 0.7139107979 0.5776478375 0.4734230281 0.3533452188 0.2718270638 0.2666410933 0.2146154120 0.1622841327 0.2317973858 0.1547916674 0.1285911864 0.2412918617 0.2487721986 0.1937760707 0.2093760832 0.1940728728 0.1696622985 0.1474125559 0.1851933668 0.1404978737 0.2224503479 0.2241422543 0.2562681752 0.1648513031 0.1794946431 0.2027850340 0.2184233550 0.2440151620 0.2987417740 0.2795560964 0.4450563201 0.4556598923 0.6141538790 0.7550504292 0.8729603918 0.9197389479 0.8849278819 0.8204801288 0.6557248289 0.5457772859 0.4366018101 0.3124704291 0.2428517467 0.2537174176 0.2032513147 0.2433550442 0.1926311205 0.2234049816 0.2101107093 0.1601430573 0.1172772329 0.1889308136 0.1873404199 0.1831956016 0.2493340360 0.1731731183 0.2111169708 0.2170931851 0.1911957824 0.1837692009
0.1725703035 0.1695242397 0.1585183173 0.1575633245 0.1920929553 0.1797413581 0.1698513284 0.1577132076 0.2073111195 0.2218642849 0.2672385434 0.3548786246 0.4792993767 0.5513775715 0.7265393607 0.8018660962 0.9223274637 0.8116921631 0.8428049557 0.6901981989 0.5710447454 0.3831285331 0.2857367470 0.3021075894 0.2485025459 0.1959331415 0.1877606675 0.1531751391 0.1333259399 0.2183619143 0.2292340492 0.2052759716 0.1834080225 0.1677756081 0.1773966564 0.1785200918 0.1737760575 0.2098227041 0.1673843778 0.2222544706 0.1967043975 0.1711552211 0.1327182042 0.1979399102 0.1905753560 0.1939525535 0.2129444370 0.2208694754 0.2803952708 0.3922432687 0.4761317170 0.6447881815 0.7153231824 0.8354965417 0.9322350518 0.8576423640 0.7634978236 0.6338607433 0.5536908886 0.4179682054 0.2641076397 0.2736340138 0.2224504860 0.1957566431 0.1546875401 0.1668073907 0.1551461523 0.1503256846 0.1995744979 0.2033052086 0.1855922836 0.1363624860 0.1787795915 0.1934000001 0.2322357309 0.1842299233 0.1980009576 0.1670341199 0.1541122869 0.1549260411 0.1880410437 0.1752182028 0.2164101811 0.2118546989 0.2347969173 0.3153801656 0.2839535043 0.3998937627 0.5196096443 0.6369358945 0.8093902086 0.9379676856 0.9132361811 0.8886292825 0.7667150186 0.6272934189 0.5036954819 0.3907939987 0.2743179856 0.2464490070 0.1976169132 0.2226716670 0.1755110594 0.1616269203 0.1740266874 0.1987700057 0.1511149575 0.2290696877 0.1770730051 0.2099946688 0.1879879112 0.1894235382 0.2115144016 0.2094190604 0.2201742997 0.1366099273 0.2260464793 0.1804378632 0.1825982448 0.1787145584 0.2037237844 0.2565490437 0.2159662420 0.2940044758 0.3424963853 0.4177832433 0.5749288255 0.6925723230 0.8474820323 0.9306508670 0.8861456669 0.8231623201 0.7292238249 0.5602871596 0.4134166059 0.3429034323 0.2856493684 0.2678554134 0.1766394208 0.1963926004 0.2073079336 0.1432502350 0.1897405306 0.1957158578 0.1717802595 0.1760479367 0.1382203573 0.1900154379 0.2155818803 0.1700061996 0.2679734421 0.1971087946 0.1694961098 0.2065668266 0.2157818775 0.2133921691 0.2010994924 0.1819930132 0.1997800332 0.2315684445 0.2528288420 0.3114825336 0.3587084583 0.5178294422 0.6058532332 0.7366152072 0.8081085228 0.9382105171 0.9265262692 0.8086719488 0.6381503578 0.5066049616 0.4116151223 0.2552334961 0.1967123780 0.2626176870 0.2056989555 0.2073875413 0.2224973935 0.1836916535 0.1501650596 0.2102951894 0.2047570722 0.2496435809 0.1201701052 0.2219793042 0.2128879925 0.2541092323 0.1904269236 0.1843662062 0.2068805473 0.2404012400
0.2373940271 0.1791189649 0.1536252753 0.1738615057 0.2307235027 0.2012310427 0.2031264621 0.1763600941 0.2249980817 0.2029558530 0.2875873825 0.2884753364 0.4208235350 0.5397515997 0.6806158345 0.8908516140 0.8501916309 0.8984900460 0.8409235030 0.6943043613 0.5505252808 0.4365391298 0.3565237501 0.2262754219 0.2774688411 0.2022083439 0.1723024364 0.1614059827 0.1828470892 0.1826470290 0.1723469200 0.1856279911 0.2032569082 0.1603351120 0.1962933858 0.1999469624 0.2117618880 0.2121533177 0.2220918346 0.1779158395 0.2118689431 0.1419015639 0.1340647752 0.1282276400 0.2080503602 0.2233391756 0.2274512437 0.2621797579 0.3243533277 0.3634061492 0.5305633903 0.6167204104 0.8000670420 0.8351520848 0.9148947239 0.9071399540 0.8162507874 0.6026693394 0.5419733370 0.4128782537 0.3621643635 0.2617944133 0.2059587980 0.1832470908 0.2594202323 0.1775732259 0.1501103625 0.1952608208 0.2038494620 0.1435321385 0.1969155722 0.2421395820 0.1929789849 0.2092776106 0.1991789361 0.2255763354 0.1868413008 0.2367428110 0.2366079227 0.1879947492 0.1973878815 0.2048146322 0.1518295378 0.1918336765 0.1930258672 0.2256123612 0.3513527393 0.3684792912 0.5540378452 0.6550326116 0.8059191622 0.8597773134 0.9180746946 0.8653681050 0.7240266952 0.6002460844 0.4128405024 0.3622540255 0.2588286765 0.2850663518 0.1932051160 0.2040255583 0.1346553258 0.1716831669 0.2223681092 0.2276180435 0.1664017473 0.2046178822 0.1867009580 0.1860040627 0.2061377740 0.2052127996 0.1926722040 0.2581406549 0.2033632700 0.1910871185 0.1551237149 0.1976918378 0.1926112399 0.2143194799 0.1909896981 0.1937127442 0.2369640159 0.2841133271 0.3770669886 0.4652947287 0.6188051502 0.7223718812 0.8578229223 0.9213075896 0.8583485371 0.8247842778 0.7100663548 0.6109283133 0.4321430498 0.3628809738 0.3055709087 0.2107515079 0.2000032905 0.1990864844 0.2131178275 0.2630389209 0.1678680501 0.1858275508 0.2090860055 0.2371857391 0.2019122310 0.1797226918 0.2338242787 0.1674721738 0.2491115627 0.1924873822 0.1968362918 0.1944488302 0.2138806534 0.1918756248 0.1915151347 0.2170839798 0.1912503232 0.2031849428 0.2682485737 0.3008867117 0.4023267361 0.5236116266 0.5980930880 0.8073865454 0.8966142232 0.9230011443 0.8933269473 0.8113875647 0.7052449314 0.5600562886 0.3737422989 0.3411385603 0.2614332634 0.2463238851 0.2303513734 0.2115336435 0.2357096780 0.1744261875 0.2385145627 0.1963455356 0.2367052938 0.2156293051 0.2498357003 0.2084963580 0.2496628479 0.2029469115 0.1771674332 0.2325617511 0.1496653860 0.2416437117
0.1732586270 0.1708710486 0.1613847116 0.1386853602 0.1112213931 0.1865940927 0.1823113049 0.1701802087 0.1804691445 0.2328893100 0.2675272346 0.3569124120 0.4218981815 0.5283136918 0.7377816308 0.8195857495 0.8977166148 0.9565938549 0.8168172096 0.6559175331 0.5773434948 0.4175798700 0.3435207948 0.2986470864 0.2396347669 0.2149524449 0.1814699461 0.1447713842 0.1425207190 0.2085669796 0.1579502955 0.2333072382 0.1672574851 0.2160847663 0.1742881283 0.1834826575 0.1495699253 0.1496328001 0.1979600139 0.1342726494 0.1787196884 0.1558426174 0.2022355761 0.1668077119 0.2265812222 0.1908763662 0.2346107526 0.2147740603 0.2737640723 0.3813744996 0.5130664463 0.6234292580 0.7587604520 0.8709785777 0.9156101389 0.9064035032 0.7616488462 0.7074688967 0.5207191141 0.3977844735 0.3031729739 0.2658246818 0.2705399906 0.1960043033 0.2096939119 0.2216884882 0.2177965175 0.2096078384 0.2247843304 0.1131131792 0.2113963568 0.2069894680 0.1893397568 0.1821916671 0.2244861433 0.1490283252 0.2335505306 0.1678703806 0.1739164290 0.1980568738 0.2054507847 0.2077701154 0.2235059317 0.2384878861 0.1783915369 0.2637701678 0.3781289163 0.4252574669 0.5465582178 0.7196992006 0.8137929464 0.9459868582 0.9281057606 0.8352826651 0.7075908759 0.6201087215 0.4822069547 0.3897501742 0.2639200898 0.2411515504 0.2170317860 0.2267390547 0.2077491708 0.2449169601 0.1740683558 0.2400212422 0.2235899406 0.1557107030 0.1506734451 0.1862110805 0.1826470764 0.2369374973 0.1687926074 0.2515329325 0.1847271906 0.2209267250 0.1816454883 0.1974503463 0.1602562283 0.2272675135 0.2084984681 0.2360288035 0.2817849289 0.2662739926 0.3974271482 0.4875452579 0.5638091690 0.7371594892 0.8767518090 0.8900084225 0.9110801092 0.8627945611 0.7590155482 0.5226186194 0.4217849313 0.3746975051 0.3342009483 0.1754335021 0.2459256857 0.1939405252 0.2455109380 0.1692682541 0.2087662040 0.2237697039 0.1874281165 0.1891583001 0.1719470122 0.2218254952 0.2133994379 0.1840558791 0.2027244076 0.2162743150 0.2054999521 0.2415330620 0.1729952513 0.2133403619 0.2178846817 0.2154507663 0.1835897546 0.2361232910 0.2461078244 0.2829638725 0.3891336063 0.5043065353 0.6621147476 0.8005044193 0.9194451244 0.9358795854 0.9439116794 0.7756604705 0.6847123315 0.5830210956 0.4184289093 0.3226912319 0.2634733263 0.2643163197 0.2059048528 0.2229177399 0.2118482332 0.1962429254 0.1934918417 0.2222460194 0.1755543917 0.3032316882 0.2084054090 0.2226922461 0.1824508618 0.1945406353 0.2239733726 0.2152190063 0.1636032010 0.2127565178
0.2170708633 0.1897635472 0.2094027262 0.2255708876 0.2264870870 0.2039511500 0.1540017586 0.1728957637 0.1772164523 0.2741507281 0.3023841084 0.2848322110 0.3902063777 0.5899677899 0.7832422348 0.8254493814 0.9041611381 0.9150587968 0.8564836990 0.6985251665 0.5643081560 0.4212838405 0.3317770756 0.3178416160 0.2189667403 0.2254960264 0.1942733319 0.2252595086 0.1793006086 0.1865564625 0.1660809806 0.1966996915 0.2202850729 0.1716015918 0.2224056308 0.2186280195 0.1773945497 0.2705618511 0.1677678435 0.2072572456 0.2247184329 0.1743939213 0.1861768543 0.2458480103 0.1731390400 0.2536945900 0.1950069028 0.2428671153 0.2823783329 0.3338918206 0.4344227760 0.6443765697 0.7713971637 0.8639352878 0.9018831082 0.9223870978 0.8390852534 0.6949348066 0.5718404304 0.4416756252 0.3250699921 0.2693702389 0.2004536448 0.2258577667 0.2173416885 0.1921143772 0.2276255458 0.2152665373 0.1843102225 0.1810099402 0.2316108030 0.1818127485 0.2347370054 0.1780349326 0.1574446983 0.2164688060 0.2318231451 0.2011301866 0.1958948690 0.1740682318 0.2043487515 0.1980619503 0.2074068194 0.2396251640 0.1915141990 0.2666239778 0.3236233449 0.3911522728 0.5210707037 0.6982852965 0.8234072129 0.9147566582 0.9139486276 0.8676321242 0.7241403319 0.6201587389 0.5113900426 0.3599291491 0.3553728976 0.2878700429 0.2151799759 0.2073418315 0.2445709949 0.1778134723 0.1966917779 0.2259136650 0.1802630200 0.1981181938 0.1939347403 0.2276866956 0.1860325105 0.2101812491 0.2198731218 0.1959311741 0.2060729330 0.1973863298 0.2216613940 0.1735713272 0.2172681754 0.1910419236 0.1806532204 0.2070589883 0.2733188588 0.2842146680 0.3259093438 0.4562959944 0.6215514390 0.7702663342 0.8742436377 0.9139502394 0.9213443366 0.8401221992 0.7558439958 0.5589036341 0.3684915119 0.3974482721 0.2926104685 0.2852728557 0.2096465886 0.1989143492 0.2050475228 0.2164949800 0.2125392713 0.2375786201 0.2064178211 0.2433692031 0.2324250883 0.2019567162 0.1640843747 0.2392635548 0.2332264497 0.2387663583 0.2397192345 0.1946144048 0.2254179167 0.2055856347 0.2524069812 0.1912240705 0.2660740399 0.2378524976 0.2640974264 0.2914839874 0.4060301881 0.5415100032 0.7094805540 0.7543822156 0.9134778898 0.9101922000 0.9565115515 0.7941272430 0.6431714233 0.5690802159 0.4547027621 0.3086531717 0.2481680462 0.2789305978 0.2160355761 0.2095101667 0.2460223377 0.1554742042 0.1889853479 0.1760103816 0.2287537974 0.2121934609 0.2219010867 0.2473854969 0.1919489442 0.2397411458 0.2051781931 0.1800321401 0.2045776813 0.2363390184
0.2065334032 0.1743332298 0.1687393065 0.2404663853 0.2210429345 0.1640593903 0.2298423525 0.1859122774 0.2074489525 0.2249376187 0.3178330540 0.2974732004 0.4565544063 0.5976486230 0.7485524991 0.8948338739 0.8833723318 0.8877695506 0.8224541751 0.6570928257 0.5541901803 0.4727944202 0.3379123209 0.2865039193 0.2555836830 0.1683006134 0.1979726180 0.1963143923 0.2050785102 0.2409298240 0.1842165514 0.1854328045 0.1886406037 0.2180311378 0.2214097224 0.2097783943 0.2357122470 0.1852770873 0.2234695217 0.2335444439 0.2077892473 0.2303684694 0.1941657513 0.2416109924 0.2176136281 0.2223589971 0.2336434888 0.2675200252 0.3097820089 0.3708391513 0.4728028663 0.6716206523 0.8014061428 0.8568514992 0.9559776640 0.9124482649 0.8006893303 0.6697484207 0.5146611396 0.4350773989 0.3523761017 0.2505922551 0.1783901238 0.1835274381 0.1752119410 0.2428729261 0.1474936677 0.2112035945 0.2414260376 0.2234597963 0.2224936000 0.1850379083 0.1966891449 0.1650607450 0.1984190353 0.2331072778 0.2320576299 0.2208200868 0.1901972323 0.2025984789 0.1711696072 0.2101655144 0.2400219066 0.2186534893 0.2427268660 0.3500216047 0.2915675197 0.4174190703 0.5081816798 0.7098547895 0.8326942130 0.9167039031 0.9437717595 0.8820983298 0.7555573526 0.5775737330 0.4097721400 0.3743073099 0.3124163333 0.2547691967 0.2380309079 0.2632776468 0.2373274478 0.2308104572 0.2002918573 0.1781292937 0.2582190255 0.1615967618 0.1892531862 0.2353726551 0.2147462960 0.2160008843 0.2444566177 0.2064880738 0.1685815051 0.2133353581 0.2106173306 0.2021238350 0.2266924980 0.2321530524 0.2824671683 0.2113107376 0.2526250504 0.3252750834 0.3992928437 0.4302356444 0.6448660578 0.7468567896 0.7867368931 0.9018466894 0.8777339527 0.8734342335 0.7288712866 0.6368777448 0.4854857022 0.3215840963 0.2756541841 0.2580964307 0.2469840554 0.2501581284 0.2057219994 0.2267614776 0.2205096148 0.2317612736 0.2078361672 0.2627951227 0.2693072254 0.1698390576 0.2410426244 0.2508269321 0.1560330210 0.2052235197 0.1818521646 0.2154208033 0.2615683803 0.2446966047 0.2207977097 0.2200449518 0.2553557540 0.2421811923 0.2151455890 0.3714045109 0.4160335216 0.5453382683 0.6777057893 0.7788436429 0.8384896730 0.9205838011 0.9159926553 0.7747322595 0.7115437630 0.5324744474 0.3901951879 0.3571921411 0.2572916539 0.2818012897 0.2134361104 0.2249914524 0.2585766297 0.2012325232 0.1860309159 0.2183271971 0.1506630817 0.2494809163 0.2021398510 0.2323623345 0.2760184925 0.1671561962 0.1980745670 0.2019390466 0.1817391363 0.2202575207
0.2197445358 0.1757615131 0.2157911587 0.2103815504 0.1972565648 0.1523531581 0.2371506121 0.2376061008 0.2774508294 0.1956009105 0.3381860709 0.3886538953 0.4609798974 0.6247047443 0.6972758783 0.8943017806 0.9069583612 0.8723283875 0.8718719496 0.7154654267 0.5458110279 0.4362083062 0.3534711774 0.2536843908 0.2044067381 0.2048472573 0.1772712085 0.1919966404 0.1550044816 0.2074464762 0.1899682841 0.1919942520 0.2005429640 0.2189095030 0.2430392600 0.2344713795 0.2135323128 0.1826095229 0.1417454155 0.2349075542 0.1990331092 0.2302367527 0.2015204526 0.2108781832 0.1887994359 0.2098184959 0.2450193702 0.2216795467 0.3110672922 0.3955135044 0.5604390920 0.7037864219 0.8099764872 0.9288547787 0.9045075876 0.8937350842 0.8115634064 0.6923233458 0.5380177252 0.4112817429 0.3590398178 0.2411401799 0.2082831023 0.2187456383 0.1630310817 0.2100312471 0.2252397518 0.1568322347 0.1070659477 0.1885672736 0.2002110759 0.1871798101 0.1986275016 0.2128390791 0.2649912633 0.1783795353 0.2918509062 0.1898269358 0.2206743271 0.2667262380 0.2169353300 0.1730333791 0.2162193237 0.1963219666 0.2577268535 0.3434315839 0.3388358850 0.4404561833 0.5804999283 0.7139515353 0.8343714282 0.9389193087 0.9392162073 0.8812907937 0.7604587724 0.6257421989 0.5234057050 0.3762658371 0.2553733100 0.2519753536 0.2071747245 0.1986112254 0.2053215140 0.2563463318 0.2266602332 0.1990973502 0.2194460786 0.1938419301 0.2155905804 0.1980180934 0.1739324546 0.2119133786 0.2356939637 0.2095102674 0.2517927194 0.2205762304 0.2271590819 0.1966895559 0.2129316115 0.1614697083 0.1757455107 0.2436069191 0.2076912086 0.2917146661 0.3182326894 0.4927526780 0.5234266235 0.7234318599 0.8425287980 0.9075828214 0.8998774416 0.8766191905 0.7137383286 0.5822617976 0.4587764241 0.3755370255 0.3050500182 0.2455946542 0.2479601890 0.1796254554 0.1698362177 0.2057186416 0.2285776480 0.2317965056 0.2266373876 0.2037605461 0.2452091262 0.2594302461 0.2407358814 0.2210293078 0.2005244827 0.2087824158 0.1796566639 0.2666092542 0.2300295077 0.2626315152 0.2050376374 0.1761013503 0.1912799879 0.2305254024 0.2968427486 0.3339127094 0.4485012988 0.5221702721 0.6639862775 0.7731117006 0.9637734496 0.9277795929 0.8924342503 0.8541355977 0.6782418810 0.5771448478 0.4593725343 0.3702591138 0.2450308550 0.2417353774 0.2351204440 0.2305275928 0.2262355648 0.2532967566 0.2174288964 0.2538978560 0.2150977330 0.2362607864 0.2188011281 0.2384293217 0.2007317946 0.2426957397 0.1905395905 0.2480689917 0.2110892913 0.2608155181
0.1968164164 0.2369400400 0.1836715857 0.2353824978 0.1552227631 0.1687647372 0.2503598890 0.2238620164 0.2519253120 0.2394004478 0.2633547646 0.4056186374 0.4512300285 0.5987363257 0.7495326056 0.8479966877 0.9636378572 0.9145099851 0.8151471941 0.6450786337 0.5276739451 0.4650642242 0.3381323455 0.3122616574 0.2652383120 0.1898392815 0.2135453138 0.2390399810 0.2024329773 0.2311887626 0.2092872492 0.2156263298 0.2120513586 0.2477033402 0.2013259003 0.2291310314 0.1863334340 0.2450980741 0.2015313265 0.2109001906 0.1826709797 0.2012145633 0.1733690333 0.1866957505 0.2098322266 0.2149439518 0.2284778426 0.2096726604 0.2743279828 0.3598992770 0.5152562198 0.6361078804 0.7763551155 0.9002096330 0.9693955572 0.9478137914 0.7965761725 0.6347356545 0.5220867328 0.3899230937 0.2994809075 0.2648057910 0.2168271532 0.2618839654 0.1744873938 0.2032830087 0.2202347170 0.2630763896 0.2365294891 0.2222697310 0.1874876846 0.1718663246 0.1456701247 0.2314430968 0.2177472727 0.1896463261 0.2226892257 0.2026947844 0.1927622678 0.2050076614 0.2764084660 0.2436806822 0.2494536921 0.1627115405 0.2438526919 0.2666713988 0.3283215469 0.4464600798 0.5951457746 0.7387547310 0.7941830765 0.8902325130 0.9162320890 0.8399528389 0.7419841681 0.5905862107 0.4737298441 0.3587521560 0.2773001422 0.2663420389 0.1879676501 0.1710036755 0.2210178100 0.2347117428 0.2265980479 0.2371927939 0.2264934335 0.1595294840 0.2462084072 0.2130589341 0.2139764892 0.2796246688 0.2268698268 0.2562294189 0.1886498140 0.1741401581 0.2290308216 0.2009434981 0.2220222336 0.2441397152 0.2050934948 0.2957918150 0.2678087348 0.3187016410 0.3514004745 0.5317162096 0.6351832951 0.7674617235 0.8368451324 0.9156260631 0.9576243526 0.9134836852 0.6860937277 0.6041712445 0.4527187504 0.3700864600 0.2852131005 0.2203565922 0.2088047517 0.2405353311 0.2220648292 0.2193489143 0.1986344812 0.1895588406 0.2380605933 0.2369139570 0.2288831510 0.2309332895 0.2308980374 0.2981266292 0.2444732095 0.2435302653 0.2293551870 0.2161749722 0.2174200780 0.2522600807 0.2308418055 0.1890297285 0.2286587282 0.2332461639 0.2509283946 0.3306775588 0.3574447619 0.5734348035 0.6378008055 0.8431386044 0.9310865331 0.9111946140 0.9625586665 0.8038648358 0.6241947168 0.6007393057 0.4453148393 0.3280657866 0.2551220775 0.2221929341 0.1986692234 0.2764289521 0.2279833877 0.2381545041 0.2179162364 0.2535967949 0.2345766755 0.2654959723 0.2461194819 0.2774085600 0.2247105875 0.1813074237 0.1994620974 0.2506681584 0.2292257389 0.2636636668
0.1872736776 0.1833474231 0.1969702487 0.1960874837 0.1656083711 0.1419685278 0.2070730172 0.1715086727 0.1894065970 0.2581018173 0.2663685439 0.3471605301 0.4708911450 0.5705780263 0.7283351513 0.8204061755 0.9168192998 0.9121889826 0.8148621607 0.7112791962 0.5778326241 0.4766949268 0.3321250090 0.2544393857 0.2313637997 0.2369491719 0.1868269943 0.2056838988 0.2013617570 0.2049215980 0.1891496469 0.1991966013 0.2102595243 0.2077271176 0.2405729625 0.2097076277 0.1639586795 0.1944291101 0.2063277236 0.1583297358 0.1912149680 0.2537338736 0.1947278396 0.1918757102 0.1466427416 0.1826987946 0.2056660325 0.2664852570 0.2389983754 0.3935147616 0.5408122338 0.6769324783 0.8004313195 0.9143944572 0.9268217232 0.8899044451 0.8181880107 0.5867704682 0.4931103530 0.3880913409 0.3317043696 0.2514199450 0.1945347155 0.1947134473 0.2303536420 0.1993896499 0.2221309142 0.1296923500 0.2220689459 0.2070165658 0.2233748458 0.2105356919 0.1917180578 0.2017614001 0.1899692219 0.2311239993 0.2446591405 0.1886524503 0.2526422910 0.1997253911 0.2100810931 0.2041287197 0.2290349270 0.2017443490 0.2730639273 0.2648045059 0.3267485963 0.4712495800 0.5739549621 0.7265855767 0.8343912396 0.8662438641 0.9646228871 0.8467582039 0.7484563331 0.5869666922 0.5105997864 0.3504875801 0.2772669001 0.2436342580 0.2515628000 0.2655201614 0.2137186257 0.1945928386 0.1799218333 0.2086035345 0.2150990489 0.2572830357 0.2501626439 0.2149457658 0.2047662646 0.1901939585 0.2367301760 0.1863836940 0.2063046647 0.2277892587 0.1790143328 0.2402680664 0.1995928043 0.1935523309 0.2519941132 0.2561097008 0.2746768030 0.3400376029 0.4144369351 0.4929398550 0.6359561594 0.7306756274 0.8998650103 0.9218119724 0.9025363659 0.8067688669 0.6932259648 0.5816938327 0.4736777716 0.3193158227 0.2801633810 0.2488016421 0.2751153346 0.2367748308 0.2175933482 0.2013762782 0.2212164607 0.2172534938 0.2205445111 0.1700366494 0.2673823680 0.1995229253 0.1834438732 0.2622350119 0.2221050866 0.1971985110 0.1822691161 0.1935044720 0.2420015403 0.2629318507 0.2128923761 0.1757848939 0.2038964089 0.2494700051 0.2864360360 0.3143537378 0.4642544417 0.5035591842 0.6507998793 0.7813056506 0.8452007884 0.9556631172 0.8304002232 0.8201890746 0.6699153086 0.5237864517 0.4160671081 0.3126849654 0.2456388115 0.2251405934 0.2277421627 0.1961567941 0.2256739955 0.2790522722 0.2408989325 0.2042488997 0.2374210591 0.2264054409 0.2101854859 0.1991209147 0.1979962397 0.2597437334 0.1867476524 0.1698493181 0.2345140579 0.1870976272
0.2073668417 0.2544673312 0.2137267158 0.1849810684 0.2000539282 0.1892109778 0.1749301304 0.1877007620 0.2049791942 0.1938076153 0.3116423215 0.3910382260 0.5338647649 0.6038828400 0.7664865852 0.8608338079 0.9299362960 0.9216044096 0.8189414823 0.7072070448 0.5502116243 0.3879438549 0.3496665599 0.3053407997 0.2275939309 0.2261337422 0.2452087817 0.1903718934 0.1390766341 0.1411065338 0.2324878979 0.1957017257 0.1746403877 0.1981711783 0.1987898224 0.1644130276 0.1958725748 0.1463494947 0.2226761585 0.1730263905 0.2191050987 0.1957586907 0.1505512281 0.1353213123 0.1745735983 0.2137014919 0.2149677741 0.1975415525 0.3215237221 0.3946380928 0.5120655003 0.6845594736 0.7765932520 0.8554776945 0.9037518891 0.8741048502 0.7739558682 0.6428590526 0.5425143154 0.4115924632 0.3246014770 0.2607337136 0.2419922684 0.2529153941 0.2270297468 0.1645892190 0.1869092388 0.1846820475 0.1910106149 0.2113667753 0.2097238074 0.1868897483 0.2018520515 0.2714153476 0.1936285879 0.1817768956 0.1987866402 0.1943083450 0.1842279858 0.1952510726 0.2004632981 0.2268129169 0.2188202398 0.2026969016 0.2065141353 0.3165645049 0.3548758806 0.4685226956 0.5595216489 0.6920530825 0.8200607033 0.9281746018 0.8833721469 0.8571722487 0.7470795423 0.6180047263 0.4843504296 0.3299248931 0.2941427309 0.2342852144 0.2492325896 0.2145456160 0.1970264377 0.2005564942 0.2170575705 0.2222019468 0.2186303856 0.1672163805 0.2052441288 0.1847561915 0.1845040233 0.2352927653 0.1910101661 0.2233087534 0.1967473193 0.1504116471 0.2568426153 0.2242470803 0.2227022100 0.1577967641 0.1689780094 0.2242082154 0.3177891235 0.2854628916 0.3697760985 0.4645540854 0.6251295190 0.7216417338 0.8804830176 0.9813989132 0.9451513604 0.8424068910 0.7617161261 0.6033014609 0.4332518727 0.3370485664 0.2624493980 0.2205079515 0.2575493116 0.2345516863 0.1736133924 0.2642894795 0.2306675509 0.1736554392 0.1532546480 0.2066031819 0.1742451993 0.1899605995 0.1869148481 0.2030665161 0.1963402196 0.2620061538 0.2028063034 0.2409556336 0.2266911959 0.2232605968 0.2180306639 0.2322477877 0.2528734856 0.2828897349 0.2360623059 0.3088491258 0.3920733444 0.5009806591 0.6568697786 0.7919860519 0.8731499272 0.9370054332 0.9155246561 0.7958736131 0.6674583992 0.5021297001 0.3767501695 0.3409161594 0.2936714239 0.1783239075 0.1951333929 0.2019475875 0.2633699284 0.2001614027 0.1963960448 0.2214173755 0.2140859022 0.1983101885 0.2312072649 0.2175548959 0.2162024016 0.2365602401 0.2119466864 0.1833458807 0.3076833336 0.1850220883
0.1838470536 0.1983691628 0.2243981016 0.1801424257 0.1900838825 0.2202332050 0.1893319960 0.1700158384 0.2395581665 0.2661093230 0.3119961916 0.3690107571 0.4677242778 0.5974152296 0.7780928475 0.8287766367 0.9083629148 0.9196655772 0.7819879457 0.6489865306 0.5010832117 0.4374696799 0.3010154428 0.2453563670 0.2321584881 0.1618768768 0.2364279844 0.1973308739 0.1879428326 0.1858732553 0.1725447071 0.1486947531 0.2085036097 0.1763158883 0.1869241513 0.1911696107 0.1553078004 0.2108004365 0.2339893807 0.1603238225 0.2117397892 0.1846975959 0.1703344862 0.2354447576 0.2099828635 0.1755470736 0.2324972651 0.2658052406 0.3018243750 0.4071425835 0.5125698486 0.6067074900 0.8135675749 0.9020832214 0.9721153967 0.8829816844 0.7986719257 0.6598795489 0.4891961086 0.4269330023 0.2691919067 0.2358719650 0.2072302886 0.1500409787 0.1807310886 0.1836043577 0.2352569150 0.2428757050 0.1888528437 0.1111364179 0.2081063003 0.2065063982 0.1991497982 0.2250561124 0.2244356068 0.1939782509 0.1784305459 0.1342441797 0.2385284438 0.1825269644 0.2121342054 0.2128324274 0.1631876416 0.1687336562 0.2331938869 0.3509790878 0.3705852727 0.4128629170 0.5718766561 0.7208292597 0.8612311786 0.9488489866 0.8990399608 0.9070412438 0.7173355217 0.6388301847 0.4852927520 0.3716287952 0.2710345783 0.2027364189 0.1849256056 0.2267220198 0.2044223059 0.2054723053 0.1669822966 0.1738397814 0.1939269135 0.2456651304 0.1919246040 0.2485813031 0.2321980686 0.2164771122 0.1828696569 0.2006771494 0.2379481961 0.1880729808 0.2105680855 0.2059946062 0.2227280536 0.2086825805 0.1784655059 0.2773618260 0.2986324812 0.2944628488 0.3929777008 0.5092628006 0.6146918637 0.7701570871 0.9391096965 0.9388402553 0.9000156443 0.8081766932 0.6923904115 0.5544526742 0.4346070562 0.3056879136 0.2382368452 0.2543119353 0.2735575424 0.2068100564 0.1894874244 0.1761793851 0.2145617790 0.2044508886 0.2244743348 0.2214058309 0.2326524719 0.2519733521 0.2158433908 0.2177423852 0.2040091966 0.2131767911 0.1907042578 0.2478375788 0.2353827770 0.2016373447 0.1857647937 0.2178359846 0.2278517511 0.1847793879 0.3241610053 0.3522349978 0.3973192152 0.5314831249 0.6846553331 0.8336506078 0.8820286471 0.9766573927 0.9197839670 0.7998705130 0.6018582412 0.4814877044 0.4525214216 0.2861723595 0.2092840321 0.2096516665 0.2094635478 0.1957723544 0.2239009193 0.1749343930 0.1717936480 0.2505677786 0.2320840321 0.1922248910 0.2462070455 0.2246647901 0.2305725346 0.2170254645 0.2058669471 0.1828911117 0.2519984818 0.2174160142
0.1575154937 0.1839744676 0.2145391515 0.2225180788 0.1743095472 0.1680141356 0.2116570095 0.1996370079 0.2256363944 0.2233790746 0.2428371261 0.3484461949 0.4768079798 0.5840704468 0.7422513718 0.9199875791 0.9231253584 0.9044745753 0.7954929621 0.6703873047 0.5552373779 0.4098658452 0.3217508259 0.2626125005 0.1834875883 0.2083542174 0.1720744027 0.1697919664 0.1784432198 0.1939822222 0.1949894544 0.2246014547 0.1873761942 0.1936082099 0.1704599984 0.1519725558 0.1565429850 0.2058932860 0.2172710020 0.1750510689 0.1321049748 0.1842531223 0.2498888028 0.1895469414 0.1664253735 0.1814171913 0.1864471061 0.2472279238 0.2832367701 0.3957644372 0.5142325254 0.6651295343 0.7851817873 0.9666962453 0.9261105903 0.8548712756 0.7850256993 0.6258506456 0.5123357336 0.3879596862 0.3315848205 0.2275166422 0.2211606148 0.2226509548 0.1816980419 0.2341878534 0.1726172443 0.1991966959 0.1696581672 0.1801617322 0.2173760187 0.1733486795 0.1880108116 0.2132960544 0.1534362864 0.2072208248 0.2232390641 0.1553204814 0.1790301748 0.2501399370 0.2095032271 0.2284229118 0.1868164209 0.2181338626 0.2380210160 0.2215168303 0.3231690947 0.4256039892 0.5633603020 0.6600289644 0.8109703842 0.9101668337 0.8867047928 0.8540825623 0.7585671998 0.5921142944 0.4384449352 0.3230445174 0.2530394956 0.2238687954 0.2007945996 0.1917992542 0.1919808643 0.2198751533 0.1885009319 0.1629355564 0.1785574044 0.1771139978 0.1977449052 0.1983637463 0.2278782758 0.1838012126 0.1796785750 0.2073024380 0.1781491448 0.1898026042 0.1907820606 0.1775599693 0.1977824179 0.2076703621 0.2098610520 0.1689232893 0.2502238525 0.2946280699 0.3649672647 0.5204805671 0.6228378666 0.7498867884 0.8165546379 0.9519632545 0.8611764174 0.7548879847 0.6382877486 0.5197984749 0.3881178986 0.3670279722 0.2901057368 0.1872014559 0.2046016869 0.1896436542 0.1917083262 0.2362383336 0.2015646530 0.1843697291 0.1535082301 0.1929707620 0.1637974348 0.2025790240 0.2560100677 0.1611124555 0.1722912929 0.1781985479 0.1788351363 0.2288530032 0.1951001585 0.1884593750 0.2464700710 0.2175638278 0.2338128464 0.1807615265 0.2717940290 0.3394674771 0.3453369505 0.5356045129 0.6578613224 0.7536306712 0.9101256097 0.9433929843 0.8539582793 0.8154681052 0.6518894062 0.4948945164 0.3971152436 0.3269273789 0.2469197018 0.2412576647 0.2058395263 0.1894580980 0.1767484683 0.2007967489 0.2228564877 0.2028205928 0.2199442162 0.1888335368 0.2234506038 0.2110183412 0.2070404644 0.1980443607 0.2543757250 0.1749612726 0.2113833787 0.1857289805
0.1241629242 0.1463120746 0.2085286756 0.2111077532 0.1882277846 0.1692309150 0.2147382052 0.2065439727 0.1658192184 0.1975984591 0.2534623218 0.3461068267 0.4945415834 0.6448626954 0.7596615714 0.8290798235 0.9213839110 0.8835684018 0.8074037682 0.6372495381 0.5417068790 0.3946999706 0.3228417607 0.2543730177 0.1710182124 0.1592104511 0.1394321812 0.2019003825 0.2059938541 0.1542523909 0.1628098494 0.1418048883 0.2334453914 0.1511600951 0.2007011264 0.1651919587 0.1698656965 0.1763683166 0.1754928704 0.1996682362 0.1529113254 0.1537318605 0.1854426855 0.1858325137 0.2128746902 0.2233297092 0.2009932180 0.2344722327 0.3215654050 0.3627446502 0.4874414292 0.6575567392 0.7386605637 0.8628241834 0.9177027674 0.8778801820 0.7810302249 0.6042788214 0.4541877894 0.3313285678 0.3190271513 0.2295441138 0.1609816371 0.1648336564 0.1651626802 0.1359433814 0.1408242553 0.2000028045 0.1891978443 0.2002087234 0.1646740661 0.1981854281 0.2171632485 0.2254993866 0.1863044035 0.1811410105 0.1610162796 0.1217982706 0.1848107921 0.1634430749 0.1787507573 0.1917350083 0.2287527094 0.1611938729 0.2204889304 0.2653189145 0.3280835308 0.4207563697 0.5954047121 0.6541250555 0.8203320269 0.8634287143 0.8497300494 0.8571905045 0.6798624497 0.5888478670 0.4698245817 0.3576712583 0.2508680570 0.2476567453 0.2102061218 0.2257539429 0.2096839719 0.1909944888 0.1788598749 0.1788382685 0.2033218975 0.1634614753 0.1694168253 0.2021245335 0.1845538561 0.2125338801 0.1376766907 0.1549524113 0.2531446095 0.2290552605 0.1897302548 0.1700375922 0.1941660953 0.1716907624 0.1674518023 0.1926035288 0.1912833291 0.3496580608 0.2906922260 0.4872962977 0.6290481813 0.7613792020 0.8716332356 0.9403818112 0.8898954957 0.7985710200 0.6845130574 0.5165032217 0.4156898054 0.3496999651 0.2691497945 0.2674690753 0.1403312671 0.1631853367 0.1902259539 0.1789727912 0.2250289459 0.1483544413 0.2153004820 0.1593928555 0.1815620305 0.1963309850 0.2166335809 0.1729247506 0.1917377878 0.2146009027 0.2096387028 0.1730152996 0.1961835697 0.1713471594 0.2072409011 0.1621606843 0.1990904386 0.2604466290 0.2490610420 0.3572366088 0.4135865074 0.5570698773 0.6530644667 0.7852786658 0.8961654789 0.9687484280 0.8965391888 0.7855647817 0.5771190257 0.5008042471 0.3559443893 0.3307107507 0.2199496134 0.1996960466 0.2079272271 0.2057235830 0.2195131799 0.2184540781 0.1519672322 0.1394105218 0.1362459466 0.1879344561 0.1996600338 0.1375908247 0.1760144199 0.1608241784 0.1768666754 0.1711529904 0.2260870042 0.2067335168
0.1606273778 0.1769065468 0.1736437058 0.1344528104 0.1709695355 0.1541403663 0.1827557064 0.1679234285 0.1411456656 0.2360816710 0.2847979344 0.4056354034 0.4540316747 0.5588249946 0.6636928682 0.8512874258 0.8901770974 0.8633671904 0.7695695765 0.6522684803 0.4696118541 0.3616413663 0.2882700442 0.2602693358 0.1785509709 0.1550056798 0.1980203799 0.1485553792 0.1610874751 0.1912516010 0.1600343464 0.2066148997 0.1713619402 0.1388735264 0.1802207470 0.1472580661 0.1307518483 0.1272098787 0.1540516584 0.1585057110 0.1166498598 0.1272676726 0.1927230958 0.1793834111 0.1425184524 0.1452680686 0.2534813631 0.2364195274 0.2150305641 0.3881500414 0.5232752232 0.6724155279 0.7755426642 0.8036060503 0.8821969463 0.8885988190 0.7235239383 0.6082238312 0.4966344552 0.3783298401 0.2988083084 0.2314211816 0.1912089746 0.1986135008 0.1695370015 0.1507208397 0.2158351188 0.1658911549 0.1843277929 0.2129300748 0.1655821734 0.1445893951 0.1460458665 0.1784522621 0.1877738513 0.1690853188 0.1493026174 0.1699241599 0.2153873441 0.1705297653 0.2103370829 0.1861710012 0.1770466778 0.1649921167 0.2061101695 0.2547051119 0.2869440974 0.4277293484 0.5061841112 0.6795749507 0.8147545414 0.8469446343 0.9331486659 0.7816956257 0.6975830704 0.5749466487 0.4214147795 0.3338377755 0.2704481123 0.2528551157 0.2044026028 0.2183189317 0.1426361668 0.1856576479 0.1797449031 0.1599320775 0.1488656704 0.1511633613 0.1910238162 0.1811900225 0.1735096366 0.1974875366 0.1424419284 0.2150121615 0.2131982045 0.1730808983 0.2005727658 0.1877200077 0.2152486651 0.1856288939 0.1977324099 0.2451017294 0.2308025148 0.2871899369 0.3467427333 0.4989365623 0.5592087577 0.7325891397 0.8343095455 0.8572517968 0.9201270081 0.7957524197 0.6062467657 0.5473188692 0.3956507869 0.3098375402 0.2750392077 0.2213707198 0.1612707154 0.1923464266 0.1506080754 0.1793949381 0.2082050151 0.1693868104 0.1736816015 0.1904483610 0.1877724525 0.2041429651 0.2082235891 0.1343383716 0.1914941441 0.2263703927 0.1747721506 0.1806806769 0.2318684343 0.1896133112 0.1984106283 0.2089046941 0.2118561531 0.1867655351 0.2342870530 0.2536240854 0.3753986498 0.4846484154 0.6705175041 0.7766134499 0.8231930931 0.9046715040 0.8540033675 0.7984563698 0.6728642895 0.4959749094 0.3675926560 0.3526580599 0.2366542764 0.2506852455 0.2688924146 0.1773690146 0.2014457710 0.2022344812 0.1654185933 0.2333929445 0.1929911735 0.2008630132 0.2467076836 0.1577396012 0.1818881552 0.2027924144 0.2553234927 0.1776471876 0.1925050062 0.2092048664
0.1761923604 0.1404046332 0.1356037501 0.1860833551 0.1739337528 0.1602990622 0.1375474905 0.1817045756 0.2272502095 0.2321345059 0.2720697876 0.3264456921 0.4752142445 0.6267711532 0.7400722413 0.8445208838 0.8838452993 0.8477006247 0.8003109983 0.6269793287 0.5277988841 0.4109220806 0.2605877150 0.2660485217 0.2050501749 0.1645205303 0.1838268770 0.1213185532 0.1711859035 0.1657144256 0.1533813914 0.1066973677 0.1397620242 0.1304932673 0.1790260850 0.1810127678 0.2153187395 0.1332750742 0.1756022306 0.1278512163 0.1361298248 0.1061627279 0.2050012605 0.1364903891 0.1503950714 0.1602167604 0.2101076811 0.2095554739 0.2057619409 0.3731970636 0.5044461380 0.5786891829 0.7534911494 0.8194925697 0.9011417368 0.8788652672 0.7537791892 0.5586770681 0.4538347597 0.3725453681 0.2677798827 0.2284504252 0.2158079722 0.1738307861 0.2076167361 0.1620068614 0.2170867970 0.1457967522 0.1724394858 0.2115778159 0.1581979311 0.1889053126 0.1362167720 0.1824719898 0.2038294012 0.1932127219 0.1808966586 0.1918367735 0.1984118702 0.1962424564 0.1791962217 0.2211971126 0.1642130758 0.2117407967 0.2082387240 0.2010002432 0.2846031842 0.4346382720 0.4862042828 0.6928593392 0.8166779012 0.8641324980 0.8732802229 0.8598096252 0.7186115054 0.5509745676 0.4470628004 0.3517722728 0.2758320537 0.2054116101 0.2202571124 0.1240129507 0.1784285837 0.1375044338 0.1540299366 0.1299072081 0.1898865758 0.1797627529 0.1722671260 0.1658290067 0.1714862409 0.1756514618 0.1124931213 0.1819743403 0.1553038619 0.2211394485 0.1156013919 0.1955805263 0.1588538039 0.1625617059 0.1860224328 0.2512621399 0.1787560528 0.2147154952 0.3419974568 0.4904003071 0.6305227735 0.7246614815 0.8435271043 0.8412798150 0.9101403990 0.8085207143 0.6689550251 0.5313855471 0.4465763230 0.3226445746 0.2449526580 0.2039651124 0.2250023389 0.1564448894 0.1631374113 0.2236818813 0.1550670297 0.1804982622 0.2284730770 0.2196808902 0.1885611128 0.1721213080 0.1816579792 0.2223575255 0.1372004243 0.1659343979 0.1637294828 0.1904129071 0.1934554978 0.1370640193 0.1846266493 0.1703495018 0.1964938951 0.2076425757 0.2656372481 0.2777869650 0.4137998010 0.5078314314 0.6156054769 0.7645013278 0.8545735315 0.9289622911 0.8740815855 0.7680634543 0.5978342682 0.4829782038 0.4074189920 0.2600777697 0.2307600603 0.2336335168 0.2371608065 0.2011647629 0.1571104067 0.1880632609 0.1681910082 0.1675688754 0.1177368089 0.1579561373 0.1530754074 0.1917888535 0.2027888389 0.2158440515 0.1738940144 0.1764509440 0.1823620283 0.1965452643
0.1478423719 0.1792354704 0.1551150902 0.1425124164 0.1921025978 0.1426252349 0.1336601394 0.1605309661 0.1371916888 0.1961906868 0.2655999751 0.3672098377 0.4574580694 0.5812627889 0.7512487129 0.8487355886 0.8884612873 0.8744386570 0.7246475373 0.6719992739 0.4706315587 0.3887015922 0.2782939299 0.2140256171 0.2106565402 0.1432093160 0.1952880784 0.1693606963 0.1398104520 0.1564038602 0.1623343394 0.1823385168 0.1659395440 0.0961012916 0.1526710255 0.1228105880 0.1323262882 0.1659384709 0.1841130576 0.1160560907 0.2128150776 0.1014248043 0.1801068832 0.1519970191 0.2144294566 0.2306300083 0.1480648626 0.2160690187 0.2980739029 0.3862193562 0.4627218207 0.6735938508 0.7928887757 0.8527743494 0.8885407877 0.8452811936 0.7089169531 0.6235635605 0.4743054147 0.3418668133 0.2381647604 0.2860911907 0.2236025297 0.2002685361 0.1874465009 0.1271343666 0.1753031062 0.1818258471 0.2272861289 0.1377508489 0.1590067712 0.1413416125 0.1772141484 0.1540401131 0.2162590222 0.1486274824 0.1753567018 0.1274760869 0.1545587783 0.1494712099 0.1544469441 0.1389294534 0.1403613793 0.2187369498 0.2245485360 0.1990396938 0.3614690613 0.4017748748 0.5900750450 0.6742485129 0.8052590940 0.8400256437 0.8915278277 0.8294375174 0.7101587944 0.5066455688 0.4435247502 0.3725075115 0.2251123284 0.1854262873 0.1450617718 0.2005849196 0.1849964850 0.1992269340 0.1381711975 0.2161796466 0.1769870757 0.2000585882 0.1957551613 0.1643396611 0.2138569131 0.2002118358 0.1558638503 0.1959520367 0.2048700578 0.1897921633 0.1672031174 0.0830212879 0.1934809292 0.1744327024 0.1842624519 0.1527839463 0.2079700284 0.2496600688 0.3140586560 0.4634229627 0.5960998130 0.7621738555 0.8189563336 0.9108156822 0.8500574040 0.7600728894 0.6655239125 0.5448203166 0.3795177384 0.2573726357 0.2745622209 0.1765838584 0.1776387087 0.1114758336 0.1768736058 0.2277210838 0.1241732009 0.1980219180 0.1944474842 0.1933204558 0.1814372008 0.1059968204 0.2134177489 0.1939691891 0.1477496021 0.1656357654 0.1174977241 0.2194657698 0.1419183806 0.1519045284 0.1743124609 0.1882256032 0.1656068517 0.2058459949 0.1679703014 0.2698263587 0.4142303773 0.5111683446 0.6666324517 0.7626349777 0.8579507128 0.9188721970 0.8399846751 0.7526113490 0.6113143717 0.5071895098 0.3950831236 0.2803881330 0.2086134854 0.1685181955 0.1936131362 0.2082740419 0.1898462285 0.2184702166 0.1794456093 0.2214460808 0.1640532632 0.1777494882 0.1650070741 0.1765988353 0.1856461069 0.1798253446 0.1521548326 0.1445211358 0.1993362442 0.1774254878
0.2016578998 0.1305821869 0.0931804806 0.1407272477 0.1055339546 0.1423835892 0.1037327690 0.2030856480 0.1733254926 0.2283413370 0.2596334367 0.3929777638 0.4117195051 0.5531903504 0.7185172410 0.8246694530 0.8919026504 0.8511226935 0.7271217601 0.6347526362 0.4756490217 0.3833340373 0.3086857037 0.2163289658 0.1722577729 0.1877721148 0.1428843216 0.1255889742 0.1301583109 0.1785316642 0.1708870241 0.1572146172 0.2034714963 0.1377314978 0.1184241198 0.1994446601 0.1972199774 0.1749312545 0.1872338146 0.1214237111 0.1499544148 0.1856994325 0.1773787567 0.1703075228 0.1830381659 0.2157976929 0.2144616363 0.2345288740 0.3047821681 0.4214386357 0.4852747952 0.6898444632 0.8084059276 0.8704671959 0.8610595916 0.8303214836 0.7336813797 0.6080060260 0.4115720363 0.3165327694 0.3007513397 0.2535588038 0.1926542487 0.1574097689 0.1392986742 0.1401669003 0.1653716819 0.1663597299 0.0567132349 0.1153249632 0.1588118522 0.2043154079 0.1502624767 0.1389943123 0.1902853500 0.1872533010 0.1336326238 0.1268291196 0.1521420969 0.2279081602 0.1679076955 0.1506117193 0.1778465602 0.1582153581 0.1871628502 0.2437152277 0.3248931721 0.4163899625 0.5524318054 0.6764644415 0.7619584883 0.8817586619 0.8438233427 0.7816353324 0.6887057680 0.5617887067 0.3967820727 0.3297038664 0.2555841558 0.1600978156 0.2438247239 0.1818131979 0.1755317049 0.1698849288 0.1457446020 0.1629817154 0.1958741925 0.1404163679 0.1254995186 0.1502968935 0.1420842992 0.1863461492 0.1580398157 0.1733732215 0.1531280186 0.1640701949 0.1722042810 0.1525119957 0.1254122252 0.1254724865 0.2015364040 0.2157504008 0.2047760765 0.3081941019 0.3624974385 0.4478612019 0.6088503959 0.7103918317 0.7989125432 0.9075886365 0.8323268726 0.7935848653 0.6687752970 0.4643316250 0.3254733646 0.2637459338 0.2591271889 0.2188125190 0.2024744320 0.1685012109 0.1318148879 0.1522063511 0.1819469911 0.1419590671 0.1766312039 0.1446512022 0.1691023811 0.1857548642 0.1664383329 0.1626653714 0.1956437612 0.2204334629 0.1995291199 0.1949680747 0.1628095766 0.1800274731 0.1771434388 0.1529439284 0.1754213607 0.2238913208 0.2347472692 0.2568357111 0.4214811147 0.5011910820 0.6732398829 0.7751119311 0.8859255918 0.8415737622 0.7743870629 0.7388667882 0.6369607796 0.4906596384 0.3299968567 0.2771995363 0.2446261305 0.2153213947 0.1701254618 0.2036897932 0.1766825604 0.1234390615 0.2038314239 0.1332944348 0.1934719840 0.1908624952 0.1764243878 0.1680902179 0.2220821023 0.1612459953 0.1673645316 0.1761448565 0.1970380499 0.1813765322
0.1632124989 0.1573395938 0.1511361086 0.1522895697 0.1712217684 0.1493678776 0.1921084126 0.1740995734 0.1271257194 0.2243256486 0.2414524824 0.3839264035 0.4212136459 0.6140643648 0.7111697649 0.8659101009 0.8877949083 0.8787804787 0.7496809987 0.6100150791 0.4692957062 0.3745067575 0.3160498044 0.2127253974 0.1488491827 0.2196333907 0.1607839542 0.1404154484 0.1299937076 0.1262492505 0.1388165928 0.1388660352 0.1396007122 0.2345639063 0.1562242249 0.1537904761 0.1623601044 0.1252184406 0.1863683186 0.1800214227 0.1086624876 0.1584246959 0.1286408685 0.1472305246 0.1952631036 0.1864022042 0.1712851899 0.2832776090 0.2889761502 0.3953008231 0.5343493095 0.6646860220 0.7905214035 0.8422370236 0.9066292897 0.8735695419 0.7345226629 0.5552929868 0.4764877442 0.3251673207 0.2410554700 0.1861549146 0.1739910345 0.1783787437 0.1679265443 0.1249147557 0.1701105353 0.1544043181 0.1763402914 0.1138635018 0.1958959204 0.1440640138 0.1433691583 0.1819762688 0.1324871381 0.1062765692 0.1554886823 0.1118456106 0.1725888005 0.2137453212 0.1699285891 0.1741422841 0.1671856903 0.2116158475 0.2326087726 0.2254412310 0.3380092699 0.3754370867 0.5438765048 0.6751220390 0.8062694843 0.9127116762 0.8540346590 0.8047446183 0.6927460281 0.5749496603 0.4456505600 0.3597758430 0.2011959809 0.2347068466 0.2080899349 0.1524450557 0.1771778675 0.1922040405 0.1187615003 0.1677851521 0.1725992772 0.1820687249 0.1710640878 0.1866606960 0.1556008091 0.1467065078 0.1637711547 0.1953939788 0.2155197321 0.2034273426 0.1711066663 0.1438790464 0.1467920834 0.1884118450 0.1575142287 0.1586424686 0.2115633837 0.2758544726 0.3559229406 0.4391944480 0.5972605955 0.7839860667 0.8424912113 0.8915521030 0.8327863346 0.7683096825 0.6364649001 0.5065432274 0.3717080543 0.2473481886 0.1899543459 0.2255264727 0.1806495775 0.1688945943 0.1657651436 0.2135790952 0.1980275383 0.1416225520 0.1835945283 0.1785446078 0.1779328369 0.1701259234 0.2117487582 0.1418191563 0.1579005138 0.1431316773 0.1940205683 0.1280716450 0.2045669364 0.1736143323 0.2044535906 0.1603623294 0.1575649693 0.2240789020 0.2637779740 0.3106997446 0.3894141403 0.4863072184 0.6466424915 0.8041292479 0.8701376216 0.9390107336 0.8609089268 0.7258555233 0.5778765149 0.4730224982 0.4014733100 0.2637281670 0.1829969971 0.2651440923 0.1741767775 0.1325093716 0.2569724142 0.1275017568 0.2225545997 0.1994262770 0.1706986360 0.1990263012 0.1950189090 0.1743375942 0.2011206396 0.1859725167 0.1466168828 0.1815596605 0.1400050612 0.2077571687
0.2134844274 0.1584015469 0.2144339780 0.1339008906 0.1638971885 0.1788553995 0.2187348942 0.1267720011 0.1671031032 0.2413345479 0.2382421719 0.3343332774 0.4721179696 0.6238546736 0.7177419413 0.8698013605 0.8682836500 0.8818554186 0.7585319866 0.6380434045 0.4742415568 0.3834985627 0.2433534881 0.2400386623 0.1459797748 0.1351120316 0.1818990663 0.2018222621 0.1482941935 0.1993939428 0.1643760265 0.1860505695 0.1587839347 0.1551066385 0.1474634264 0.1554136064 0.1618129711 0.2276618306 0.1481488779 0.1561153200 0.1530727443 0.1888082835 0.1826477564 0.1734279251 0.1618157355 0.1666327395 0.1782832437 0.2014672685 0.2546510963 0.3337120827 0.4902309997 0.6553189870 0.7925309970 0.8641865503 0.8758138417 0.8392884056 0.7007984385 0.5860183580 0.4587550445 0.3854193635 0.1998544870 0.2361742467 0.2309290284 0.1956234901 0.1413550472 0.1709982540 0.2031209097 0.1536343718 0.1249861807 0.1156165221 0.1946965162 0.1537792954 0.1290540401 0.1647878811 0.1447800542 0.1824658291 0.1692319261 0.1230834116 0.1642687783 0.1957690050 0.1982839723 0.2011895521 0.1740671946 0.2180348932 0.2334923075 0.2528802188 0.3580090308 0.4563466506 0.5072812753 0.6918392152 0.8138593107 0.8812474865 0.9223207090 0.8242173698 0.6673429797 0.5071554431 0.4408754925 0.2975987020 0.2590907335 0.2039831943 0.1573631824 0.1310206925 0.2069394097 0.1671204213 0.2089066779 0.1525975056 0.2168449710 0.1738498093 0.1882469311 0.1677850748 0.1766029253 0.1190909921 0.1441571384 0.1640074252 0.1632898291 0.1359597659 0.1439990326 0.2010205389 0.2089071861 0.2134077743 0.1890311174 0.1533971574 0.2476650091 0.2798010081 0.3633914839 0.4530303167 0.6365582643 0.7214450706 0.8578129410 0.8338235804 0.8137650036 0.8010925154 0.6877155790 0.5103522139 0.3455056190 0.2749179112 0.2426116675 0.2118392766 0.1429461326 0.1586183047 0.1361804066 0.1798928530 0.1833828833 0.2440041126 0.1988014265 0.1179028513 0.1698619926 0.1708985456 0.1881167526 0.2231222875 0.1038671970 0.1974647717 0.1901472327 0.1528995317 0.2330086733 0.1264358080 0.1179708129 0.1948798949 0.2368006707 0.2434760582 0.2746744595 0.2963572343 0.3464774564 0.5790039146 0.6750435762 0.8094828756 0.8613051037 0.8858342863 0.8443142814 0.7283098918 0.6028062534 0.4988940852 0.3802825104 0.3065241144 0.2721574051 0.1796832189 0.1696987590 0.1642478982 0.2174581395 0.2230032977 0.1723028380 0.2255082195 0.1417783599 0.1533844865 0.1782986256 0.1957282118 0.2109535685 0.1726566517 0.1513391046 0.2077314725 0.2137732872 0.1985377880
0.2022392167 0.1121710318 0.1418591705 0.1242475839 0.2058458645 0.1688959410 0.1682114127 0.1363360023 0.1500657303 0.2607259167 0.2682085804 0.3806069451 0.4732686259 0.5865698335 0.7644849717 0.8084074857 0.9128867759 0.8874869331 0.7538383255 0.6550194435 0.5118564370 0.3542425830 0.3075979296 0.2003819330 0.2006862558 0.1732842367 0.1740100961 0.1630999286 0.1862639141 0.2026996056 0.1194186237 0.1888956517 0.1760743863 0.1475206143 0.1858835719 0.1874769434 0.1287564614 0.1733263495 0.1233293452 0.1527641733 0.1969199302 0.1823946854 0.1566408810 0.1863819967 0.1460724888 0.1710652815 0.2408803913 0.1837840166 0.2848472011 0.3830297911 0.5501679566 0.5654494217 0.7980406750 0.8796816262 0.8838395999 0.8579812547 0.7514454528 0.6120706712 0.5387770364 0.3625754835 0.2823957889 0.1412811423 0.1982416830 0.1593615774 0.1469506232 0.1975545219 0.1885638306 0.1481171150 0.1785271463 0.1533621953 0.1769288327 0.2115881714 0.1388048729 0.2497380759 0.1142829046 0.1578131723 0.1494775193 0.1295757805 0.1549306817 0.1155348820 0.2071253925 0.1653587953 0.2416121206 0.2201026260 0.1981033040 0.2737352483 0.3184584569 0.4247341372 0.5278698138 0.7057976978 0.8432117292 0.9284723804 0.8748510827 0.7957841807 0.6998799110 0.5588483514 0.4490919972 0.3134048303 0.1929461311 0.1727629508 0.1994473455 0.1839749011 0.1576539180 0.2023029381 0.1581488495 0.1884281565 0.1324259778 0.2285690455 0.1555063391 0.1720376756 0.1693152477 0.1604828451 0.2099132135 0.1668052707 0.2310214784 0.1074204039 0.1654677041 0.1977927562 0.1472684374 0.1372910984 0.1936580071 0.2307386502 0.2898651865 0.2616151834 0.4117056810 0.4768882660 0.6151629531 0.7242993673 0.8023456855 0.8952885168 0.8840648379 0.8009749507 0.6768811125 0.4558465972 0.3882120419 0.2934009736 0.2222655044 0.1840063000 0.1247541059 0.1973873880 0.2229211094 0.1989743110 0.1888404385 0.1663804527 0.1469172951 0.1558821855 0.2167122071 0.0902122514 0.2119103929 0.1547280651 0.2083844300 0.1578232843 0.1654226538 0.1753560987 0.1764388022 0.1991404394 0.1735497179 0.1894196482 0.2366999995 0.2737308907 0.2469947366 0.3201486851 0.3849040999 0.5224872090 0.6767025888 0.7100951181 0.8861743400 0.8587929699 0.8814881857 0.7349303235 0.6099048910 0.4561122295 0.3105920547 0.2855579725 0.2103390763 0.2243343544 0.1859908696 0.2095969716 0.2129735034 0.1819974758 0.1576740645 0.1669287466 0.2101530653 0.2055761716 0.1983511560 0.2049153568 0.1807494675 0.1559501810 0.2163427046 0.1747991413 0.2094353333 0.1807806980
0.1614718532 0.1917515060 0.1842104640 0.2096186769 0.1978644480 0.2223718026 0.1502768254 0.1818476535 0.1704267346 0.1876470319 0.3089888229 0.3674850107 0.4744770056 0.6791885982 0.7418223439 0.8887513059 0.9169073762 0.8411704968 0.7613659263 0.6551827039 0.4732028011 0.4240935242 0.3205730897 0.2442998159 0.1817946126 0.1524328826 0.1646098671 0.1502328409 0.1273572760 0.1764243172 0.1621613333 0.1330994836 0.1372087396 0.2134130073 0.1569270008 0.1919288612 0.1759098838 0.1967106276 0.2146446103 0.2045798091 0.2018938724 0.1779778876 0.1604539961 0.1334026354 0.1525172222 0.1673062699 0.2022163879 0.2354277019 0.3207726009 0.3797361112 0.4817542927 0.6771296704 0.7687326298 0.8625610009 0.9036140937 0.8360427666 0.7337777924 0.5494499980 0.4617350473 0.3276360857 0.3258830156 0.2665848908 0.1814120469 0.1953692658 0.2024031910 0.1875302640 0.1528925807 0.1461675687 0.1986344726 0.1514258633 0.1828655275 0.1725911396 0.1771772575 0.1503262805 0.1668566034 0.1866654735 0.1748717685 0.2185172411 0.2031226688 0.1664306947 0.1764753135 0.1390103357 0.1856350226 0.1980168467 0.2056032266 0.2802797698 0.3576024055 0.4474257546 0.5830379942 0.7114362596 0.8513484839 0.9151129246 0.9115585327 0.7973342298 0.7009249111 0.5342456968 0.3852967160 0.2915277384 0.2258491475 0.2689879432 0.1902028013 0.1655455208 0.1843559534 0.1999524719 0.2290150434 0.1628035583 0.1544056524 0.1476255534 0.1393324687 0.1846770280 0.1747271994 0.1687387261 0.2017180046 0.1342584566 0.1313141311 0.1701580110 0.2203529920 0.1924487470 0.2083150465 0.1682206574 0.2061966002 0.2080629111 0.2452707166 0.2715184553 0.3636886253 0.5139976224 0.6317916503 0.7582335097 0.8619935786 0.8935915758 0.8746072022 0.7517408308 0.6813063878 0.5145987257 0.3813224411 0.3212530906 0.2739792886 0.2276495563 0.1955046322 0.2089836867 0.2612071394 0.2375483570 0.1786810681 0.1582692744 0.1728167508 0.1977380140 0.2356050187 0.1939805367 0.2223955013 0.1516356824 0.1714979741 0.1621182946 0.2387815708 0.2114191932 0.2038944981 0.2012037234 0.1886886390 0.1883740633 0.1704339962 0.1951075819 0.2299516916 0.3157236413 0.4090807979 0.5685971944 0.6735243424 0.7876150717 0.9527753768 0.9053732467 0.8587591238 0.7532467407 0.6389289888 0.4673137898 0.4154965485 0.2891465934 0.2447682904 0.1451333649 0.1468430771 0.1956728722 0.1650796221 0.1548130338 0.2147341151 0.1925368597 0.1471691222 0.2017149118 0.2194086074 0.1532539928 0.1572398174 0.1796146805 0.1831086752 0.1784826607 0.1491358427 0.1917945268
0.1377663876 0.1578167788 0.2011526292 0.1368089024 0.2030101739 0.1954060678 0.2149982789 0.1951355378 0.2608107854 0.1759932062 0.2268370747 0.3446763842 0.4601243922 0.6291903003 0.7761326088 0.8912369633 0.8576654500 0.8661740324 0.7894339038 0.6716088881 0.4959304638 0.4069839836 0.3121143746 0.1912500383 0.1963261562 0.1387312427 0.1733524865 0.1636824567 0.2049480621 0.1684518674 0.2210770749 0.1227057027 0.1720704576 0.1678598056 0.1631766615 0.2086636488 0.1861350899 0.2301072279 0.1760151138 0.2379148062 0.1915719250 0.1730999864 0.2338511172 0.1616083837 0.1412249194 0.1595286466 0.1744841557 0.2515198711 0.3143232330 0.4160251304 0.5451874939 0.7022644794 0.7649019890 0.8607758128 0.9121823847 0.8560329642 0.6887581156 0.5985640509 0.4106038368 0.3646246758 0.3001251691 0.2353635509 0.2280024375 0.2302056270 0.1958679852 0.1403434320 0.1464369739 0.1983687091 0.1748901571 0.1354096114 0.1960052673 0.1880282523 0.1935952782 0.1860021231 0.1692008003 0.1738261195 0.1728213420 0.2076440628 0.2107442889 0.1693447910 0.1918339106 0.2137232888 0.2114103466 0.2039503710 0.2206395683 0.2447882602 0.3481097585 0.5052415007 0.6200959863 0.7396023541 0.7757913780 0.9034117055 0.8985083446 0.8015118596 0.6993381227 0.5499217137 0.3922814839 0.3382513757 0.2433375873 0.2288712679 0.1619017707 0.1799397061 0.1429304706 0.1353345084 0.1523029149 0.1782461378 0.1955207362 0.2212022284 0.2179001591 0.1969233007 0.2274752065 0.1315344922 0.1885582797 0.1680421279 0.1541184110 0.1181847258 0.1844860331 0.1958411096 0.1700879799 0.1490840827 0.2772503881 0.1987268999 0.2876574300 0.3119331221 0.3961725946 0.4526641245 0.6247030738 0.7629379658 0.8903010690 0.9334034104 0.8983043680 0.7972378472 0.6519177403 0.4996990856 0.3832751062 0.3208469561 0.2500498208 0.1920681958 0.1839335972 0.1871616113 0.1647204952 0.1816530776 0.1791845029 0.1851134171 0.2278675978 0.1955638272 0.2304275718 0.1990090331 0.2357630340 0.1459197784 0.1807580897 0.1333439270 0.2083186652 0.1576121975 0.1286718533 0.1961175300 0.1853543359 0.2268360528 0.1825866245 0.2241542489 0.2559081737 0.2863238439 0.4384041621 0.5768221592 0.7038290844 0.8068379381 0.8908916492 0.8552822586 0.8784208864 0.7759970530 0.6494470124 0.4573414060 0.3522414160 0.2546511566 0.2557270809 0.2513845179 0.1961572266 0.1789046752 0.2166089369 0.1666358079 0.1697438238 0.2072831377 0.2322694323 0.2252023599 0.1675942560 0.2076456009 0.1373693084 0.1805467759 0.2279326880 0.2201248314 0.1772979775 0.2055622672
0.1860324023 0.1452978981 0.1430691630 0.1874427845 0.1801266949 0.1853602366 0.1684210076 0.2568647345 0.1920977341 0.2866022218 0.3263731262 0.3503233479 0.4780069988 0.6199679546 0.7379950266 0.8808674578 0.8687115152 0.8787390706 0.7812027992 0.6281745659 0.4961963536 0.3716068626 0.2977683602 0.2504087114 0.1765841176 0.2105371293 0.2134440536 0.1566468837 0.2034145801 0.1944449319 0.1687995024 0.1697524077 0.2066894777 0.2028760106 0.1928020612 0.1757217010 0.1688578382 0.1596925351 0.1888961024 0.1369251841 0.1587941667 0.1810917104 0.1894346303 0.1377838820 0.1911911229 0.1939088208 0.1842551044 0.2019165508 0.3322634626 0.4080501089 0.4823758598 0.6518465992 0.7707868404 0.9029393027 0.8654345581 0.8478571086 0.7074234526 0.5717713922 0.4554756015 0.3658512721 0.2780482043 0.2037104257 0.2135332037 0.1827915677 0.1577913120 0.1691492739 0.2149050010 0.1632440867 0.2121604376 0.2080309274 0.2061547631 0.2022063118 0.1814173860 0.1734476271 0.1888257345 0.2242232959 0.1753923564 0.1826499566 0.1760852828 0.2121240771 0.1766034032 0.2311228547 0.1763673857 0.2034033078 0.2073604597 0.3084662055 0.3231291433 0.5161140898 0.6131695011 0.7129167572 0.8942635640 0.9007762570 0.9614329193 0.7948171141 0.6687766688 0.5465499423 0.4433463202 0.3373387222 0.2294808478 0.1990039235 0.1954784161 0.1705874534 0.2038958858 0.2190227705 0.2019652066 0.1756939934 0.2331671380 0.1819310395 0.2103961730 0.2134144916 0.1906864951 0.2092920266 0.1618484013 0.1755681997 0.2267074605 0.1828405269 0.1958086121 0.1776587652 0.1703322094 0.1857006977 0.1441461100 0.2637138560 0.2510122307 0.2763555141 0.4136647616 0.5199050539 0.6428000822 0.7631922489 0.9092858311 0.8942928319 0.8781458860 0.7345339625 0.6469506152 0.5178483072 0.3902971543 0.2908833225 0.2618809812 0.2151722349 0.2044501712 0.1806023955 0.1197639236 0.1891815667 0.1371245781 0.1928936866 0.1985947240 0.1747510717 0.2039227266 0.2156381973 0.2157088378 0.2458264927 0.1747863610 0.2048006136 0.1845081667 0.1986245800 0.2302644220 0.2058226657 0.1849652058 0.1996796926 0.2261933567 0.2686158753 0.2672793360 0.2921027470 0.3653756676 0.5476388792 0.7231389880 0.7908791635 0.8686753980 0.9475355065 0.8219342036 0.7800657034 0.6402885134 0.4984414319 0.3186384189 0.2869580651 0.2473298963 0.2513436642 0.2680051651 0.2453654996 0.1800281114 0.1473502309 0.2318701100 0.1875683939 0.1963576488 0.2528147712 0.1679543263 0.1879777195 0.1030029781 0.1765464026 0.2461494847 0.2386549324 0.1489275678 0.2096909249
0.1954510751 0.1950053597 0.1789059387 0.1699559915 0.1496360755 0.1396999268 0.1441768644 0.2257397902 0.2042824563 0.2296497048 0.3039480924 0.3909021875 0.5133661957 0.6309252266 0.7350860863 0.8341985171 0.9233953505 0.9283589597 0.7732556242 0.6349806007 0.4584080277 0.3645166426 0.3105772857 0.2522064786 0.2312796815 0.2139406426 0.1955486572 0.1815761635 0.1526460626 0.1787849299 0.1910575396 0.1350421224 0.2157021192 0.2187153120 0.2294194205 0.1892518214 0.1439243963 0.1337244004 0.1820565531 0.2229791985 0.1854762418 0.1542857383 0.2187632265 0.2002960410 0.1481652984 0.2154683928 0.2300111265 0.2899574213 0.3407175473 0.4494862338 0.5507166549 0.7214563146 0.8295500124 0.8876616443 0.8951696916 0.9100138417 0.7333208483 0.5517436005 0.4552937495 0.3587573461 0.2569877207 0.2847389145 0.2677977030 0.1564149815 0.1888913149 0.1793786219 0.1625215371 0.1833631657 0.2341663310 0.2196217080 0.2020612014 0.1361664495 0.1595968640 0.1563723601 0.2096549649 0.1576750555 0.1655411228 0.1540561593 0.1943146212 0.1726738066 0.2194777871 0.1913615856 0.1837961758 0.2434542349 0.2904923122 0.2501175825 0.3955580814 0.4028761808 0.5813286348 0.7020822658 0.8828788958 0.9033491022 0.8830884223 0.8759327306 0.6763263935 0.5827299452 0.4219278563 0.2943001158 0.2691675755 0.2168109330 0.2265398271 0.2020097433 0.2150227872 0.1817998676 0.1924470523 0.1632211171 0.2015000473 0.2194412443 0.2421783949 0.2438467609 0.1943122899 0.1851537260 0.1559932178 0.2177419016 0.1871893823 0.1691708429 0.2173418226 0.1661972785 0.2120442348 0.1612810317 0.2141596209 0.2040796475 0.2445921743 0.3369375557 0.3841063355 0.5071215919 0.7090748810 0.7850632174 0.8960051578 0.9356813787 0.9175000517 0.7584269347 0.6574172780 0.5212813152 0.4024943103 0.3161662911 0.2852894240 0.2399577932 0.2550416370 0.2353528072 0.1688411739 0.1752651097 0.1969715455 0.1628337352 0.2063571727 0.2054544829 0.1320107738 0.1963529298 0.1831364969 0.2211855047 0.1969183221 0.1331654729 0.1765271389 0.1996628121 0.1577176636 0.1960405772 0.2217056173 0.1755905537 0.1847905207 0.2173663446 0.2394839477 0.3378164761 0.4025432257 0.5778802632 0.6995878298 0.8597637167 0.8346146630 0.9417458315 0.8646184113 0.7042710156 0.5348917172 0.4750206168 0.3934038093 0.3136464341 0.2379247072 0.2030931982 0.1759460146 0.1410407242 0.2221959482 0.1931577620 0.1916203372 0.1933605227 0.2314274535 0.2250226252 0.1490003146 0.2309657318 0.1817133583 0.2075276745 0.2165140015 0.2173627895 0.1759821114 0.2133646248
0.1734199149 0.1914377501 0.1622366757 0.2421747714 0.2186026137 0.1971292146 0.1887594608 0.2233126947 0.2224045811 0.2779786121 0.2486272925 0.3282171472 0.4755199994 0.6493772155 0.7890169337 0.8769445226 0.9129029274 0.8754378568 0.7841314987 0.6253539256 0.5018353140 0.3955103682 0.3080695703 0.2087143337 0.2265863273 0.1615960238 0.1676982329 0.1582841645 0.1404792844 0.1718591436 0.1551863831 0.1718783001 0.2065942029 0.1850833937 0.1953221444 0.1124108632 0.1756201545 0.2240092310 0.1881744763 0.1617264527 0.1595289773 0.2145109703 0.1453981836 0.2330974796 0.2060322380 0.1523744450 0.2531491518 0.2603590848 0.3016561310 0.4415227014 0.5347438820 0.6969752512 0.7581514813 0.8599729155 0.9513244310 0.8372733426 0.6863548627 0.5748905641 0.4630754483 0.3564489169 0.2940939172 0.2356130290 0.1701006814 0.1736797410 0.1371225215 0.1715938555 0.2044367914 0.1473335706 0.1919422856 0.1422121013 0.1801313008 0.1942303554 0.1697433329 0.1824816822 0.2073524119 0.2238219388 0.1772227798 0.1716613451 0.1714249232 0.1683205304 0.2089332328 0.1607023135 0.2015326675 0.1725535635 0.1774841547 0.3057061936 0.2876411577 0.4017767358 0.5608917338 0.7710733352 0.8241368398 0.9263156733 0.9621012890 0.8162923336 0.6988709746 0.5551582854 0.4323793968 0.2954053183 0.2796452402 0.1956620761 0.1604669270 0.2643946565 0.1410382004 0.1828003029 0.2229790020 0.1677047525 0.2528342081 0.1718093703 0.1666146731 0.1606289019 0.2225943507 0.2111441503 0.1581773663 0.1655974258 0.2122364710 0.1426945171 0.1863675350 0.1966480846 0.1883859312 0.2551020899 0.2056894039 0.2100445577 0.2365972698 0.2781252212 0.3677144973 0.5250863459 0.6113191104 0.7565639535 0.8993876189 0.9213952404 0.8661397805 0.7572749521 0.6478359170 0.5168684133 0.4547147858 0.3186491939 0.2478129256 0.2386547966 0.1812209178 0.1976302066 0.2176528162 0.1923594140 0.1971478614 0.1747359909 0.1445181161 0.2138068687 0.2075080364 0.1805846947 0.1522505476 0.1920538492 0.1761665420 0.1821817334 0.1832336678 0.1757101063 0.1836898468 0.2098854285 0.1784879980 0.1718911937 0.2397952444 0.2452587289 0.2944171123 0.2916467290 0.4814900717 0.5683244825 0.6852748173 0.7908395286 0.9196001207 0.9375931452 0.8475063914 0.7552892368 0.6155715483 0.4663378885 0.3497809366 0.3104437341 0.2490948850 0.2241167596 0.2011530424 0.2320341576 0.1984763669 0.2001989431 0.1967119041 0.1804520799 0.2235342381 0.2090428422 0.2227341965 0.1887292636 0.2152885900 0.2753784920 0.2281476275 0.1734765638 0.2620786994 0.2732182040
0.1486069571 0.2031076750 0.1928348940 0.1724816983 0.1688499504 0.1740934372 0.1828592916 0.1761529773 0.1508732625 0.1914465457 0.2627033207 0.3374127791 0.5183071403 0.6494340565 0.7172643429 0.8704529208 0.9247585080 0.8991015966 0.7308469155 0.5733994783 0.5726402889 0.3409987187 0.3450728026 0.2202490109 0.2322388512 0.1793456178 0.1436803402 0.1666535055 0.1973747731 0.1634699184 0.2266166250 0.1899756765 0.1825943866 0.2459889283 0.1545122603 0.1682800465 0.2092354334 0.2024579254 0.1652284665 0.1284333962 0.2244180073 0.1743666845 0.1841329876 0.1732379775 0.1772583702 0.1802971267 0.2297795854 0.2406544022 0.3287469162 0.3912559673 0.5476627114 0.7685804312 0.7982633540 0.8557059438 0.8909863107 0.8048111680 0.7352641570 0.6012153116 0.4531522968 0.3489198182 0.2902520535 0.2094903713 0.1824655009 0.1544518916 0.2028700586 0.2156665995 0.2012948106 0.2145247611 0.2197331092 0.1711192081 0.1817307301 0.1696842423 0.1762643581 0.1560054825 0.1685628398 0.2176551366 0.2174582198 0.1816743405 0.2410724616 0.1612494147 0.1907646362 0.2106155945 0.2427300339 0.1745866305 0.2322137351 0.2787522254 0.3249063012 0.4508698694 0.6166992549 0.7172401843 0.8267145109 0.9375610888 0.9404893110 0.8109130234 0.6800490353 0.5591997001 0.4461849657 0.2920638946 0.2120738453 0.2020773004 0.2180356249 0.2224788760 0.1589407846 0.2190632419 0.2089164083 0.1805181901 0.2103988580 0.1632625410 0.1591618949 0.1633753261 0.1633507127 0.1691084608 0.2058864258 0.1918125922 0.1701633833 0.2364039190 0.2069720167 0.1464564960 0.1242011208 0.2018812498 0.2143648819 0.2147694476 0.2520575152 0.2877595418 0.3597626983 0.5358166935 0.6380637000 0.7828824764 0.8622548739 0.9022488780 0.8547620823 0.7521384281 0.6154119667 0.5277662143 0.3511426977 0.3127296166 0.2496602891 0.2010108630 0.1898877119 0.2569929828 0.1875636232 0.1668537092 0.1699297802 0.1705643530 0.1718426312 0.2022634616 0.2147105555 0.1765382006 0.1376620829 0.2016417678 0.1984772094 0.2019699772 0.2001925912 0.1430725843 0.1830156365 0.2254455865 0.2173592677 0.1865286630 0.1909919618 0.2403110880 0.2278205461 0.3582932896 0.4177396676 0.5465309080 0.7265648574 0.8461415805 0.9074784632 0.9137902104 0.8967204958 0.7676857413 0.6205862887 0.4589356220 0.3769744992 0.3185038255 0.2324003565 0.2196307279 0.2167549633 0.1781084356 0.1621457291 0.1844253051 0.2409013660 0.2389919871 0.2419449791 0.1834516441 0.1870208115 0.2195439933 0.2320127884 0.1556704799 0.1824949991 0.1950006987 0.2169378831 0.2412836293
0.1335856163 0.1838685858 0.1851031738 0.1980501557 0.1656173699 0.1794985844 0.1613943173 0.1303221520 0.1797559962 0.2342842337 0.2877092674 0.3719602766 0.4734377202 0.5999417138 0.7697059437 0.8778299584 0.8645809553 0.8505281718 0.7326737545 0.5883632146 0.4834405879 0.3502789499 0.2285140474 0.2864498911 0.1781094532 0.1385319120 0.2191176752 0.2069478604 0.1412640928 0.1275980800 0.1861656823 0.1786875047 0.1654863455 0.1408851886 0.1432765217 0.1947749035 0.1921985442 0.1568179654 0.1301158717 0.1584414698 0.1457927415 0.2631101085 0.1672969688 0.1804672482 0.1595938158 0.1892038496 0.2243843419 0.3126904496 0.3393675364 0.4113819889 0.5809195513 0.6829160703 0.8012939048 0.9520385838 0.8730520389 0.8160008694 0.7433023960 0.5757194273 0.4946458613 0.3500405483 0.2623827706 0.2364595363 0.2455150201 0.1937980389 0.1834658854 0.1816111308 0.1082060559 0.1741784601 0.2261016462 0.2077435497 0.1993754494 0.1736751356 0.2260328582 0.2196843074 0.1996769423 0.1940177483 0.2411933817 0.1667707285 0.1840520828 0.1535363994 0.1705414751 0.2216717095 0.2021263876 0.2142741960 0.1985144680 0.2593650231 0.3451993014 0.4200496506 0.5546324899 0.7543733582 0.8430495145 0.8838547294 0.8608430763 0.7955613828 0.6707669370 0.5745358028 0.3896506936 0.3282721465 0.2054842844 0.2140167292 0.1460618986 0.2041513679 0.2177852779 0.2151562203 0.2170393144 0.1445587997 0.1496026569 0.2192536240 0.1911301382 0.2316234528 0.1983208836 0.1863659606 0.2155407245 0.2053405169 0.1874964527 0.1352878812 0.2052502395 0.2156505748 0.1927478132 0.1972743957 0.1885455664 0.2325666683 0.2258848340 0.3641266003 0.4121380914 0.5074413973 0.6433248043 0.7772004395 0.9093487794 0.9128823643 0.8236594172 0.7686054555 0.6338051308 0.4701796715 0.3547239157 0.3259767556 0.2304994324 0.2437826537 0.2097821894 0.2173473638 0.1850365371 0.1866184851 0.2125341397 0.1718638347 0.1466784973 0.1783211104 0.1997034948 0.1518131356 0.1948976887 0.2017267964 0.2246566408 0.1735891495 0.1869580626 0.1699376317 0.1545145082 0.1996442259 0.1903212322 0.2018251365 0.1619717966 0.1499249623 0.3225358861 0.3066834985 0.4432294006 0.5445591034 0.6601240852 0.8215789747 0.8827767425 0.9291626457 0.8429653606 0.7213864061 0.6107388524 0.4403083080 0.3366333568 0.2235165098 0.2413775045 0.2375497079 0.2286534879 0.2285731078 0.2539144653 0.1794140639 0.2027695823 0.1986010974 0.1576750000 0.2569427122 0.2163550402 0.1615413291 0.1986593251 0.1923780728 0.1940209103 0.2195931289 0.2108629859 0.1619193856
0.1966119525 0.1112352445 0.1736823980 0.1952263439 0.2349034491 0.1764268107 0.1665395281 0.1904728950 0.1579697051 0.3070339583 0.2915748241 0.3498196704 0.4680735128 0.6783835577 0.7857045374 0.8435746505 0.9130813501 0.8562918225 0.7910509512 0.6002038036 0.4547961630 0.3266342658 0.2788607170 0.2342130110 0.1893675000 0.1679501718 0.1442226102 0.1496525995 0.1330070266 0.1800707111 0.1957698651 0.1733472002 0.1667606464 0.1847550324 0.2031357715 0.1786269268 0.1544673140 0.1826920043 0.1349590696 0.1671493380 0.1748039974 0.1987495012 0.1905203265 0.2227613742 0.1718480744 0.1874601876 0.1857203305 0.2300843665 0.3334703961 0.4280906283 0.5349193234 0.6623980939 0.7796921074 0.8645671784 0.8604294551 0.8038978239 0.6872228668 0.5539765116 0.4059770281 0.2841676207 0.2894628400 0.2002460236 0.2125540984 0.1833918636 0.1448553799 0.1488060516 0.1868796203 0.1779336889 0.2007339966 0.1118344633 0.1514413735 0.1355145046 0.1597626695 0.1999994496 0.1798605262 0.2253731827 0.1643493504 0.1847174912 0.2148452896 0.1495192765 0.1843580184 0.2141974873 0.1857263573 0.2428247503 0.2423498415 0.3009364673 0.3317167629 0.4706578848 0.5960225610 0.7293182991 0.8302502530 0.9267165814 0.8697680655 0.8100736296 0.6505753672 0.5416399827 0.4061681269 0.3317804456 0.2016187738 0.2170143658 0.1983901246 0.1432301634 0.1313681611 0.2384525793 0.1854599425 0.1619830536 0.1800860330 0.1569990682 0.1957063046 0.2078701417 0.1810921877 0.1747855520 0.1718997392 0.1706582439 0.1778731112 0.1713592057 0.1527066532 0.1737721328 0.2165621119 0.1930225068 0.2000391535 0.1718221266 0.2574247707 0.2846368179 0.3510582992 0.5080153893 0.5953004987 0.7879520076 0.8175899476 0.8965321984 0.8586146011 0.7314728472 0.6176672288 0.5234264106 0.4086162235 0.3002541226 0.2039785799 0.2419537423 0.2228154573 0.2052157994 0.1637588354 0.1663085395 0.2500970139 0.1996658511 0.1981681814 0.2009546243 0.1929370377 0.2250158003 0.2015799118 0.2630055925 0.1656412829 0.1879153190 0.1882185648 0.2138995225 0.2550392205 0.1774050888 0.1698655652 0.2065786752 0.2099440178 0.2310542661 0.2316945786 0.3650147039 0.4101258952 0.5723497481 0.6601535248 0.8105988803 0.8742476034 0.8563991961 0.8576763049 0.7241592506 0.5773445008 0.4750956573 0.3695288506 0.2717074630 0.2270405265 0.1974943519 0.1784630905 0.2110271211 0.1595823473 0.2156551190 0.2482371258 0.2170248078 0.2359939618 0.1979337284 0.1115011549 0.1682638970 0.1968130009 0.1498326459 0.1705165660 0.1708022573 0.1705360193 0.1840159776
0.1503274318 0.1369626079 0.1874392610 0.2035758467 0.1475486800 0.1506611716 0.1534467533 0.1228558842 0.2103065501 0.2261867003 0.2716473898 0.3289997243 0.5113047350 0.5554802531 0.7272396108 0.8163342824 0.8560126027 0.7941119576 0.7179135143 0.5893508250 0.4799316352 0.3800138386 0.2586407037 0.1966442002 0.2028870338 0.0978043204 0.1900051221 0.1770035352 0.1685345073 0.1494766404 0.1835695434 0.1452311070 0.1631976049 0.1932814020 0.1666508390 0.1725066021 0.1778289787 0.1816360928 0.1285869297 0.1233093474 0.1026723902 0.1155885440 0.1427279942 0.1476601821 0.2094339694 0.1310726947 0.2203038034 0.1925172798 0.3408940329 0.3991339899 0.5581609037 0.6795735902 0.7660096045 0.8724829652 0.8512311454 0.7861938328 0.7163235347 0.5522984536 0.4421045733 0.3323236429 0.2752269907 0.1945774003 0.1738338232 0.1638133279 0.1528823359 0.1337263037 0.1543154742 0.1324868618 0.1507914373 0.1739946824 0.1088868496 0.1849645902 0.1763502462 0.1950324891 0.1401043723 0.2200513477 0.1686474507 0.1802734504 0.1771624908 0.1955889911 0.1610210133 0.1832495528 0.1929301716 0.2273997834 0.2213665237 0.2962472688 0.3646461603 0.4415734710 0.5991844705 0.7038920322 0.8639000443 0.8542915534 0.8676922124 0.7510293840 0.6999893479 0.4888009354 0.4394442822 0.3295213737 0.2616395576 0.1979811575 0.2097596163 0.2276573934 0.1802264389 0.1468062244 0.1866937218 0.1824367822 0.2031021039 0.1620092324 0.1760310830 0.2034617745 0.1224166370 0.1775033301 0.1316495572 0.1642123107 0.1995543186 0.1911195478 0.1763275899 0.1164127257 0.1910440888 0.2023620647 0.1697960276 0.1887351753 0.2292320838 0.2869320001 0.4029900766 0.5115904900 0.6219131873 0.7824650505 0.8836822892 0.8708747897 0.8603821568 0.7350361289 0.6629839119 0.4849732489 0.3763002714 0.2929943245 0.2039092005 0.1586334205 0.1721253442 0.1775315086 0.1637958186 0.1257145218 0.1740480951 0.1923259345 0.1832848979 0.2062247482 0.2046771014 0.2024472525 0.1703673364 0.2351598485 0.2454053516 0.1779466981 0.1657953838 0.1884248178 0.2025082948 0.2212191148 0.1948550593 0.1692953170 0.1840803470 0.2014589427 0.2445143313 0.3557413512 0.4223954082 0.5231710439 0.6633385435 0.8029951448 0.8465182283 0.9127774639 0.8892844483 0.7043201120 0.5302907422 0.3827060001 0.3380428253 0.2688029481 0.1641184187 0.1624373157 0.2181014742 0.2563029920 0.1354293729 0.1862727242 0.2008235490 0.1835581075 0.2039589471 0.1841809289 0.1695089595 0.1494216259 0.1751765182 0.1706414750 0.1854121435 0.1921284793 0.1715138959 0.2325744711
0.1638825474 0.1723013000 0.0827183990 0.1458946113 0.1010644036 0.1261156660 0.1358908075 0.1601213409 0.1928365004 0.2287042026 0.2623208329 0.3111790652 0.4611656582 0.6375223797 0.7544280788 0.8502512263 0.8982348071 0.8049259722 0.6822340232 0.6352544772 0.4547303110 0.3590052794 0.2754389409 0.1997140097 0.1587181255 0.1837471870 0.1250965572 0.1198682120 0.1280575547 0.1674122423 0.0992186281 0.1497362404 0.1455639983 0.1372543506 0.1942238715 0.1764805669 0.1057928644 0.1015043732 0.1213182098 0.1455115535 0.1462503090 0.1457886314 0.1912427391 0.1496432683 0.1715055800 0.2186561849 0.2072638973 0.2312053258 0.3265086437 0.4110805188 0.4795852303 0.6475058902 0.7975321704 0.8224919375 0.8620479760 0.8572693710 0.6873479459 0.5595145604 0.4052716506 0.3573380336 0.2589504772 0.2079058889 0.1312381186 0.1484026321 0.1401559871 0.1613819055 0.1912419666 0.1134926657 0.1410115579 0.1681435859 0.1729195824 0.1938491029 0.1583817414 0.1620397921 0.1888385312 0.1566141669 0.1528972660 0.1744936007 0.1085162188 0.1728996742 0.1084408842 0.1446332026 0.1794972087 0.1370224623 0.1906810511 0.2649264277 0.4046671086 0.4121265092 0.6461488983 0.7590497454 0.8300542893 0.8646895725 0.8426142198 0.8200759760 0.6495021063 0.4835925778 0.3871421035 0.3003265048 0.2727101632 0.2020206155 0.1309725814 0.1695050321 0.2201206282 0.1657970806 0.2089626120 0.1720554373 0.2071773893 0.1639284636 0.1147266078 0.1624710361 0.1727621279 0.1816601454 0.1736137185 0.1813136868 0.2004836035 0.1162172943 0.1634480953 0.1440169072 0.1705038109 0.2088835064 0.1250219994 0.2056321798 0.2936726261 0.2844681941 0.3396829506 0.4950523290 0.6252125514 0.7571619782 0.8354256237 0.8801451382 0.8008906261 0.7420477426 0.5750751349 0.5267247143 0.3492576643 0.2783581280 0.2155773096 0.1758255523 0.1017741951 0.1823648044 0.1649713208 0.1933129007 0.1845159294 0.1711304719 0.1411056512 0.2007254257 0.1924748843 0.1511266564 0.1829312165 0.1727682110 0.1915182121 0.1691106168 0.2002944380 0.2162622493 0.1388571091 0.1313840469 0.1854066498 0.1715064867 0.1951035975 0.1681366333 0.3087883559 0.3163573747 0.4367782830 0.5303794106 0.6906861460 0.8450943852 0.8634735050 0.8918214376 0.8415157491 0.6882364960 0.5497997325 0.3948607852 0.2881293582 0.2302315050 0.2317978027 0.2215922970 0.1837553415 0.1912703289 0.1034490273 0.1483158891 0.2092564499 0.1642443497 0.1471678428 0.2159293778 0.2349180311 0.1927550303 0.1605050321 0.1742940051 0.1755383944 0.1542956099 0.1584504491 0.1547405445
0.1644846192 0.1467882166 0.0857346857 0.1776324731 0.1022689960 0.1327604077 0.1927505294 0.1596555151 0.1520353819 0.2089916388 0.2293330932 0.3807504535 0.4977222738 0.6386325575 0.7188280823 0.8151941604 0.8305586102 0.8249092682 0.7221895759 0.5848539506 0.4096728921 0.3416258060 0.2621917884 0.1729596043 0.1698170644 0.1480014995 0.1328930371 0.1834890495 0.1550871338 0.1474465076 0.1604597679 0.1679711272 0.1378295447 0.1375148579 0.1576456217 0.1401459551 0.1556942395 0.1242793224 0.1627471987 0.1610716541 0.1777825194 0.1576779730 0.1445969960 0.2154865125 0.1161800252 0.1771061441 0.1886874141 0.2357100407 0.2944590563 0.4329149078 0.5176217814 0.6491995194 0.7726706495 0.8070098985 0.8411754586 0.8077730888 0.6884936468 0.5268870733 0.3616939840 0.3276371151 0.1836582485 0.1830913683 0.1910561713 0.1565741585 0.1733120468 0.1494981244 0.1409340193 0.1476816441 0.1602079430 0.1299803890 0.2090372409 0.1485401850 0.1215910081 0.1553662641 0.1800112410 0.1596320893 0.1608245421 0.1288683027 0.1479167667 0.0973548602 0.1605656592 0.1826026760 0.1714492863 0.1678248426 0.2114709828 0.2727236752 0.3722946574 0.3989020119 0.5903335379 0.7060867924 0.8247905664 0.8526032187 0.8243965309 0.7518112473 0.6685844144 0.4773327656 0.3972463355 0.2634590964 0.2192531613 0.1609524080 0.1311582928 0.1417689862 0.1888430739 0.1085774885 0.1460423549 0.1748168913 0.2017530465 0.1830080456 0.1677392258 0.1251271330 0.1835439600 0.1002097543 0.1855368613 0.1394497106 0.1392051400 0.1616358067 0.1832857711 0.1818299696 0.1685179057 0.1735767303 0.1463423276 0.1843241263 0.1974534873 0.2953266780 0.3557269433 0.4574316092 0.6476807187 0.7549977654 0.8593166941 0.8701340433 0.8484810846 0.7482046951 0.5783938012 0.4471500423 0.3299517245 0.2758541400 0.2168347675 0.1568948925 0.0935791210 0.1700993081 0.1573583773 0.1806630168 0.1611993800 0.1526430618 0.1793614176 0.1839308954 0.1616170555 0.1390071947 0.1400130313 0.1545562801 0.1948738637 0.1603657243 0.2053725224 0.1311762884 0.1619330902 0.1144558680 0.1472765405 0.0843215757 0.2156910693 0.2122620899 0.2331897691 0.3219928165 0.3892458780 0.5755094761 0.6474015181 0.8523719344 0.8495483268 0.8737236788 0.8041116808 0.7067139591 0.5799020583 0.3510779344 0.3363573926 0.2134533812 0.2087634778 0.1640688924 0.1290647467 0.1389345182 0.1520680340 0.1779338281 0.1512618311 0.1759194353 0.2097350372 0.1799614090 0.1877817270 0.1456486200 0.1496537396 0.1419298833 0.1605861816 0.1469918316 0.1516316777 0.1694857451
0.1261026259 0.1330593297 0.1177019314 0.1355188921 0.1428746483 0.1728706075 0.1330132093 0.1923349125 0.1556367122 0.1835594024 0.2331565950 0.3375883903 0.4733163217 0.6586033726 0.7233142185 0.8534777039 0.8076913389 0.7723066440 0.7340277135 0.5793190370 0.4462294191 0.3378393607 0.2562118446 0.1637873024 0.1150092797 0.1642949813 0.1536456995 0.1763804535 0.1674200323 0.1409103438 0.1543119683 0.1203662060 0.1522388404 0.1731173462 0.1959244017 0.1371617264 0.1111839718 0.1186147601 0.1263211487 0.1756084937 0.1151077032 0.1333862406 0.1592088076 0.1937030891 0.1931933908 0.1479492337 0.2016165291 0.2402982834 0.3396546005 0.4362938715 0.4889774706 0.6257558350 0.7902605472 0.8384050360 0.8625047145 0.7875053157 0.6705495056 0.5120639619 0.4105391009 0.2784870610 0.2812219598 0.1143019251 0.1896856351 0.1066529261 0.1453075590 0.1394388179 0.1515157425 0.1237823956 0.1432879661 0.1595824011 0.1730634822 0.1040556089 0.1388660600 0.1719922903 0.1463261319 0.1482589964 0.1339328098 0.1746597344 0.1495666992 0.1208763863 0.1264154611 0.1337035631 0.1065042405 0.1614240431 0.1551843701 0.2659882869 0.3508283177 0.4414916395 0.5641933044 0.6939189805 0.8404853396 0.8805724425 0.9055341707 0.7729176951 0.6341038337 0.4821326922 0.3197456963 0.2313299149 0.2482719344 0.1668104971 0.1422579110 0.1669160746 0.1525919855 0.1505704738 0.1712827979 0.1748358127 0.1765474185 0.1452976738 0.1664932774 0.1716004425 0.1599792914 0.1608683574 0.1480277604 0.1090446910 0.1367291081 0.1571306976 0.1778830408 0.1807917541 0.1381526888 0.1873350024 0.1375802774 0.1831530891 0.1572915235 0.2800601790 0.3816813714 0.5020447488 0.6611826736 0.7637373108 0.8289499761 0.8668080114 0.8117815352 0.6817352599 0.5905371676 0.4017703444 0.3775636292 0.2661938882 0.2255970815 0.1786741747 0.1478621722 0.1428203223 0.1683177385 0.1303213641 0.1561399956 0.1333127016 0.1822605375 0.1021781688 0.1418598102 0.1724031182 0.1763748147 0.1572602040 0.1536141369 0.1385566455 0.1137346381 0.1483278973 0.1412983534 0.1746168244 0.1216032128 0.1658643285 0.1441584226 0.1931544314 0.2553553380 0.2901140029 0.3827962060 0.5320159305 0.6421778794 0.7731642652 0.8674476657 0.8349855607 0.7718361394 0.7250470243 0.5563176793 0.4021955841 0.3431135868 0.2430057992 0.1784360972 0.1743950206 0.2043790031 0.1984151198 0.1804129475 0.1780862981 0.0989403695 0.1583543972 0.1750230630 0.1401958391 0.1927794168 0.1538788030 0.1457590874 0.1317652147 0.1562157308 0.2036440640 0.1542748523 0.1458216994
0.0795723738 0.1182722163 0.1093609460 0.1064585433 0.1079404181 0.1800513686 0.1683506163 0.1596792034 0.1694966131 0.2086030268 0.2648348010 0.3605552891 0.4896403806 0.6181851259 0.7827906033 0.8175027703 0.8517487490 0.7676910047 0.6485219159 0.5723687881 0.4128648551 0.2985889156 0.2322698371 0.1780552491 0.2278403771 0.1586973625 0.1597043582 0.1705877108 0.1150453898 0.0872002443 0.1660261474 0.1486827377 0.0923135746 0.1717226718 0.1465757971 0.1839660099 0.1053802200 0.1483397821 0.1152984779 0.1703465679 0.1730757165 0.1233620112 0.1742107950 0.1874978751 0.1379294179 0.1427096123 0.1584776554 0.1966760275 0.3305315720 0.3783327288 0.5458770906 0.6853105210 0.7910145057 0.8570375852 0.8223574301 0.7602068983 0.6340670118 0.5159521878 0.3558767563 0.2846635721 0.2313906020 0.1456413251 0.1478310125 0.1851180171 0.1644067638 0.1389689882 0.0871807618 0.1189317321 0.0800208840 0.1640194585 0.1676680487 0.1397217403 0.1617679738 0.0796430598 0.1620680783 0.1127187745 0.1345644655 0.1006135323 0.1746528514 0.1533784545 0.1737689189 0.1771867424 0.1646814192 0.1447279776 0.1503887522 0.2467861785 0.3486124974 0.4260784361 0.5920714771 0.7384093923 0.8420372887 0.8416597323 0.8482477586 0.7126508164 0.6422155381 0.4592414827 0.4200851998 0.2293148116 0.2703726551 0.1791613739 0.1868155380 0.1103580259 0.1797154134 0.1432415836 0.1849552601 0.1401575401 0.1720936075 0.1587051394 0.1296746986 0.1657576608 0.1562978392 0.1318468049 0.1604770847 0.1269011843 0.1768610727 0.1221848679 0.1488750403 0.1616930904 0.1589755789 0.1325934012 0.1209850631 0.1787907793 0.2065501870 0.3315392553 0.3725186294 0.4761905421 0.6494781781 0.7250685451 0.8665700430 0.8714287114 0.8267640644 0.7262541676 0.5735789273 0.4604788564 0.3142744121 0.2713208512 0.1640065179 0.1657057593 0.1383598189 0.1426553861 0.2294296184 0.1096899809 0.1662975087 0.1467916164 0.1681819272 0.1357000966 0.1463395925 0.1726637656 0.1754771615 0.1980335825 0.1952285727 0.1554993041 0.1477826328 0.1556648094 0.1294393556 0.1538490378 0.1437459411 0.1465426779 0.1262846813 0.1732924381 0.1693115051 0.3078223531 0.4137405972 0.5910589570 0.6782799872 0.7998886113 0.8702187482 0.8690545985 0.7622916369 0.6550984862 0.5779179638 0.4011946526 0.3226225775 0.2919621982 0.2128149169 0.1671716234 0.1370779779 0.1034267457 0.2057357555 0.1691934916 0.1514818431 0.1860511879 0.1610306093 0.1898117607 0.1682874045 0.1604956016 0.1841575770 0.1271973179 0.1712173028 0.1708540656 0.1675020079 0.1884848466
0.0888348586 0.1709142507 0.1295057311 0.1117450209 0.1369810730 0.1142520832 0.0983600872 0.1025564192 0.1167713930 0.2317936543 0.2354226103 0.3935526172 0.4745411157 0.6480906460 0.7238211105 0.8619104164 0.8059927861 0.7636544416 0.6899746653 0.5717155654 0.4102097089 0.2557924739 0.2053839485 0.1648917183 0.1487702442 0.1511262575 0.1101222427 0.1993997078 0.0985300599 0.1182398528 0.1498234391 0.1214159231 0.1624393165 0.1366242776 0.1286009559 0.1348392542 0.0813119846 0.1730219325 0.1729111232 0.1632002496 0.1465397752 0.1341208508 0.1065724367 0.1412396268 0.1320524330 0.1424226572 0.1918268776 0.2079754633 0.2942435410 0.4417214609 0.4988845871 0.6552218605 0.7818776652 0.8930102534 0.8046882895 0.8001729600 0.6822531225 0.5321263934 0.3980835111 0.3202731359 0.2310757620 0.1714184426 0.1335242856 0.1181338601 0.1562755145 0.0910592369 0.0718261217 0.1764666448 0.1633133664 0.1381044551 0.0976955321 0.1567097268 0.1050435860 0.1863686961 0.1902425453 0.1449164313 0.1463416212 0.0769211105 0.1177478121 0.1199874189 0.1321221380 0.1502595048 0.1478840455 0.1667126191 0.1495955060 0.2811589880 0.3054124546 0.4267919892 0.5809900779 0.7377472260 0.8423716851 0.8633770638 0.8233185893 0.7464229292 0.6253205901 0.4804860518 0.4328960561 0.2132468710 0.1789815617 0.1844281207 0.1421850907 0.0953535893 0.1902736438 0.1537360937 0.1095873584 0.1899798951 0.0911280116 0.1240926784 0.1567676190 0.1057762097 0.1286935380 0.1545872308 0.1434547494 0.1815974124 0.1305025330 0.1666777970 0.1862211477 0.1382430052 0.1973615538 0.1391439061 0.1862845017 0.1474765964 0.1915814174 0.2789214626 0.4039677217 0.4701732844 0.6369720590 0.7571339992 0.8328575396 0.8553370979 0.8035038646 0.6765167718 0.5925003912 0.4209470855 0.3144473109 0.2817062956 0.2046911375 0.1690660983 0.1484669895 0.2061345081 0.1311593529 0.1597640581 0.1614680797 0.1477621501 0.1444013963 0.1431081906 0.1389117345 0.1216180927 0.1648282923 0.1369183264 0.1355636392 0.1681301980 0.1759006637 0.1438758552 0.1724640623 0.1516588031 0.1770156360 0.1382508530 0.1973841973 0.1802786814 0.2601874890 0.3135863564 0.4187658510 0.5740882856 0.6298734608 0.8142168171 0.8911851066 0.8288584038 0.7898360097 0.7051554834 0.5925514167 0.4578409967 0.3552509621 0.2553716735 0.1607613580 0.1946225642 0.1167467488 0.1632300518 0.1448411100 0.1506205618 0.0960488145 0.0984274965 0.1534673933 0.1667400135 0.1749345335 0.1389910881 0.2045456136 0.1396359427 0.1429175397 0.1366311168 0.1393296036 0.1207349835
0.1609839020 0.1107837664 0.1116664386 0.1268185134 0.1797535317 0.1485390173 0.1328134804 0.1872680188 0.1727433838 0.1583831277 0.2170054706 0.3159866022 0.4604312359 0.6606337334 0.7295612684 0.8322342987 0.8987411417 0.8083215857 0.7269733183 0.5418984892 0.3725025560 0.3378161740 0.2478397124 0.1755616196 0.1627979763 0.1859886403 0.1385402100 0.1403994305 0.1251924568 0.1540283646 0.0874015738 0.1166635646 0.1418391127 0.1235909525 0.1112462687 0.1456551827 0.1488712818 0.1358604239 0.1051439015 0.1214464709 0.1228248730 0.1148358930 0.1103443182 0.1689708915 0.1444099823 0.1724647151 0.1817426420 0.2333401452 0.3268880256 0.3737526553 0.5481776779 0.6515898166 0.8015658275 0.8607510821 0.8899087990 0.7650508920 0.6662588356 0.5275818393 0.3844450799 0.2766098441 0.1834663953 0.2566943569 0.1715748902 0.1351912290 0.1194662007 0.1868763369 0.1471249594 0.1387722181 0.1531684297 0.1273186720 0.1072687284 0.1346004835 0.1226544223 0.1333781038 0.1113630208 0.1780912213 0.1071726488 0.1640839177 0.1091601019 0.1498212492 0.1342519956 0.1164599498 0.1612506597 0.1884278625 0.1951264467 0.2772982098 0.3305845664 0.4130122355 0.5571471039 0.7281891989 0.8001774825 0.9140944522 0.8313022136 0.7485852863 0.6051106876 0.5014340389 0.3567911482 0.2328513471 0.1451438942 0.1827216139 0.1779770378 0.1056906648 0.0704149193 0.1775577633 0.1359554417 0.1172772124 0.1172135752 0.1059917932 0.1480004678 0.1138523775 0.1858551737 0.1274626804 0.1388254846 0.1305049075 0.1235050103 0.1745143063 0.1385057083 0.1863606767 0.2001384373 0.1462483171 0.1306503059 0.1777772951 0.1319533506 0.2773243542 0.3946675864 0.5146089708 0.5992721236 0.7410153455 0.8498380177 0.8654922747 0.8292598125 0.7163405923 0.5911450741 0.3868288556 0.3052396554 0.2272214297 0.1660735198 0.1521818376 0.1786010679 0.1613209953 0.1263862641 0.1520508155 0.1166360507 0.1295043630 0.1623523525 0.0772802046 0.1478081127 0.1579243759 0.1083092742 0.1552193111 0.1251927668 0.1131622826 0.1797748559 0.1599581537 0.1745671588 0.1176557259 0.1368103460 0.1634171301 0.1400890530 0.1704799493 0.1903928093 0.3161718944 0.4402302891 0.5651042084 0.6350898254 0.8542038226 0.8709153470 0.8938529086 0.7935475770 0.7160159455 0.5351762889 0.4061388040 0.2802873320 0.3059757315 0.1757295136 0.1716818024 0.1598180121 0.0884917207 0.1255346661 0.2106780363 0.1135741754 0.1768644708 0.1181444770 0.1697990553 0.1243490034 0.1685514925 0.1745651321 0.2031000890 0.1876199578 0.1438117694 0.1572739293 0.1404412299
0.1761666885 0.1622412449 0.0906957577 0.1633406698 0.1282959888 0.1583491045 0.1676585293 0.1647416603 0.2042179894 0.2149080045 0.2845304123 0.4341608142 0.4509615986 0.6164610035 0.8051160610 0.8996631203 0.8550077992 0.8197931129 0.6890652627 0.5383584652 0.4166000241 0.2837021080 0.2271456285 0.1848192346 0.1783114619 0.1933783464 0.1034493099 0.1484796263 0.1284703713 0.1436299001 0.1052618254 0.1230193467 0.1377768649 0.1805429303 0.0881280497 0.1204038611 0.1008117809 0.2022199640 0.1917861064 0.1699176347 0.1639193760 0.1493559160 0.1309190471 0.1034807777 0.1737065664 0.1787452631 0.1793624016 0.2513282004 0.2921178449 0.3836472221 0.5554218120 0.6702062271 0.7682552089 0.8549428744 0.8290676143 0.7930203609 0.6929532525 0.5393379164 0.3362768838 0.2777601438 0.2300300228 0.1690768217 0.1896782580 0.2293511131 0.1490654715 0.1586268273 0.1179933930 0.1480346959 0.1004866464 0.1194149145 0.1222328967 0.1204371143 0.1333795902 0.1430251863 0.1059451808 0.1808487674 0.1344194395 0.1413886685 0.1626311436 0.1647081377 0.1216910871 0.1618137403 0.0952295294 0.1727840052 0.1503895345 0.2828643726 0.3081816565 0.4341164971 0.6145467848 0.7416167942 0.8040107280 0.8469669321 0.8389611742 0.7639811735 0.6054178861 0.5069150693 0.3676993288 0.2260417333 0.1979917208 0.1644864298 0.1598239555 0.1471943922 0.1921836916 0.1587574904 0.1597174638 0.1638137963 0.1824911789 0.1660879678 0.1246332778 0.1402554449 0.1665557141 0.2110943876 0.1490209811 0.1620239977 0.0988250431 0.1165946644 0.1645656087 0.1557526060 0.1281449016 0.1900084449 0.2154445374 0.1999115992 0.1996042231 0.2223668407 0.3881753388 0.5141925857 0.6081622685 0.7999182952 0.8132591929 0.8833805176 0.7859703702 0.7154139844 0.6040469955 0.4418069693 0.3475941579 0.2789300193 0.1724204790 0.1840804278 0.1646612813 0.1978228823 0.1692819653 0.1399242997 0.1998751344 0.1024316325 0.1627884088 0.1203319282 0.1314230997 0.1367905114 0.1519127782 0.1003138704 0.1193767081 0.1195441816 0.1561375758 0.1532391284 0.1765155798 0.1437296820 0.1674393555 0.1793437499 0.1445806790 0.1722594085 0.2209218369 0.3091625783 0.3680684997 0.5340963217 0.6613126517 0.8184959637 0.8913521777 0.8978980700 0.8079987103 0.6781081075 0.5486012427 0.3604136638 0.2954885092 0.2246741491 0.1878758276 0.1251852792 0.1605830177 0.1294573738 0.1714487944 0.1507039420 0.1835915641 0.1971158910 0.1661487831 0.1526500279 0.1405454857 0.1551436228 0.1272309383 0.1491904253 0.1144402186 0.1404046205 0.1461898271 0.1296893825
0.1252777110 0.1334225827 0.1328797414 0.1026901893 0.1626562452 0.1577517738 0.0954135069 0.1382106192 0.2050992360 0.2301362562 0.2913648208 0.4056488374 0.4629381606 0.6297977803 0.7470449510 0.8446290218 0.8453097423 0.8192865082 0.7134759667 0.6028346427 0.3958367166 0.3640633915 0.1663109446 0.1687835903 0.1882770725 0.1053189314 0.1815353172 0.1122866051 0.1389182098 0.1546433669 0.2207845438 0.1199089216 0.1917423740 0.1238477600 0.1653013225 0.2135694249 0.1691988585 0.1396962102 0.1353316893 0.1844057106 0.1693933746 0.1201467972 0.1282629556 0.1871627697 0.1321614033 0.1864328023 0.2223884343 0.2374287582 0.3174171229 0.4061168178 0.5429523151 0.6416232228 0.8167210332 0.8707656360 0.8482156079 0.8201739620 0.6729109106 0.5195250929 0.4023216566 0.3556624617 0.2195110488 0.1847511771 0.1408259060 0.1415172039 0.1516982709 0.1530630344 0.1444504802 0.1719815320 0.1256656461 0.1355180204 0.1840292504 0.2038881516 0.1652487518 0.1784862984 0.2060501371 0.1000196840 0.1626148212 0.1854197397 0.1749673579 0.1415195872 0.1282602137 0.1473225731 0.1449389363 0.1653149144 0.2246488112 0.2544257735 0.3328387654 0.4508622082 0.6257921490 0.7273722497 0.8426804103 0.8984289603 0.8357730371 0.7769256647 0.6017346326 0.4703549603 0.3603994486 0.2304934969 0.1661906379 0.2181497479 0.1813251625 0.1945150841 0.1566233012 0.1855415901 0.1186201853 0.1904633003 0.1992349693 0.1745908234 0.1677974646 0.2219448150 0.1793000008 0.1620850025 0.1724724754 0.1724054253 0.1090594650 0.1348520588 0.1504735736 0.1492146862 0.1017020895 0.1749337594 0.1673622422 0.2570000438 0.2752458444 0.2804759411 0.3589525940 0.5090758552 0.6399466580 0.7494499764 0.8474725426 0.8765911359 0.7906406130 0.6949192366 0.5690939513 0.4146932331 0.3138505483 0.2096841584 0.1865607559 0.1660470214 0.1851157199 0.1568340088 0.1954913454 0.1780239700 0.1824080789 0.1535640455 0.1665867432 0.1740650055 0.1674826791 0.1873336205 0.1561265648 0.1798599180 0.1276576549 0.1498766124 0.1723783589 0.1639242801 0.2139371001 0.1545022238 0.1370480551 0.2112135054 0.1679962581 0.1921600649 0.2734651267 0.3143558910 0.4112119313 0.5293186346 0.6870385826 0.8622732594 0.8845285859 0.8671288386 0.7904720766 0.6735992349 0.5108061607 0.4502510809 0.2989314259 0.2262754482 0.1780869269 0.1159088673 0.1311784731 0.1309540300 0.1353575779 0.1405465910 0.1710669676 0.1671947879 0.1845932197 0.1649835866 0.1684276969 0.1898786560 0.1665021470 0.1155608122 0.1064939776 0.1800776871 0.1547314041 0.1984721554
0.1186402223 0.1767505496 0.1731371875 0.1485965853 0.1641351329 0.1386513485 0.1922655821 0.1802195920 0.1772662699 0.2040439539 0.2831141338 0.3672310250 0.5013475158 0.6536880806 0.7509994536 0.8649939842 0.8887634461 0.7402803725 0.7375941388 0.5655546717 0.4293560386 0.3193813954 0.2427076500 0.1942941353 0.2105820889 0.0885573341 0.1559284787 0.1448587746 0.1162188781 0.1113904672 0.1808134475 0.1746344156 0.1248676236 0.1736626156 0.1990351850 0.1578165304 0.1451399959 0.2080394851 0.1421040926 0.1408059623 0.1229485934 0.1919966192 0.1606395663 0.1173940867 0.1446937470 0.1878205813 0.2285216435 0.2659277853 0.2993852749 0.3927336138 0.5243413187 0.6610736262 0.7965569392 0.8216164229 0.8874930291 0.7924535015 0.6355743554 0.4853371253 0.3548317444 0.2621797708 0.2285355658 0.1661761538 0.1566568705 0.1466858301 0.1732842428 0.1192525750 0.1256979117 0.0844433222 0.0995237987 0.1688719710 0.1800618954 0.1343969500 0.1296924658 0.1695253449 0.1332409929 0.1783926049 0.1884582598 0.1670866946 0.1692363683 0.1810838004 0.1808381190 0.1256678756 0.1221746269 0.1785484758 0.2449124893 0.2093778498 0.3711514870 0.4813086997 0.6361397155 0.7401059938 0.8236209307 0.9106949397 0.8744465564 0.7388402060 0.6281286705 0.5162550084 0.3286002435 0.2780543272 0.2045103455 0.2134723254 0.1902712962 0.1516102128 0.1773394475 0.1575046508 0.1681651420 0.1470089470 0.1733417156 0.1492604671 0.1578778450 0.2056510822 0.1296255344 0.1564776328 0.1644943793 0.1630824840 0.1686246029 0.1535270658 0.1639524190 0.1937859442 0.1340033604 0.2117927690 0.1857935140 0.1638887894 0.2777811792 0.2552021894 0.4155683933 0.5104842259 0.6595220200 0.7585231097 0.8825277784 0.9267287649 0.8204254243 0.7233379940 0.5967460180 0.4567228130 0.3388875979 0.2760447894 0.2105334517 0.1298293207 0.1577419866 0.1865758649 0.1463116294 0.1876669017 0.1094478977 0.2134099429 0.2035839672 0.1779673279 0.1355800639 0.1552779605 0.1851966130 0.1855010140 0.1613962258 0.1512698792 0.1489840313 0.2020601981 0.2019687942 0.1527864537 0.1314145941 0.1289419721 0.1818255101 0.1654445656 0.2888425995 0.2429668054 0.4419203777 0.5373652961 0.7555927451 0.8156615807 0.8312181053 0.8848896976 0.7545545835 0.7025670102 0.5193880936 0.3615856129 0.3533137130 0.2644578895 0.1987991823 0.1877223973 0.1007688465 0.2142505094 0.1918323019 0.1363642820 0.1832034038 0.1541727743 0.1583778578 0.1970126942 0.1704355361 0.1274856004 0.1089453687 0.1619174031 0.1702883039 0.1764262692 0.1740485097 0.2393041845
0.1672488102 0.1967575795 0.1268785584 0.1594628631 0.1619667703 0.1759115013 0.1939082284 0.1625901034 0.1792972031 0.2280474283 0.3092899440 0.4304475825 0.5440996414 0.6261383527 0.7616188029 0.7759688558 0.8145873082 0.8151898812 0.6785132938 0.5386462684 0.3761439708 0.2368756574 0.2562817061 0.2351705097 0.1669963635 0.1836268208 0.1067638745 0.1236292727 0.1248604548 0.1291413540 0.1783240624 0.1619843793 0.1125627463 0.1371714483 0.1669207009 0.1433721041 0.1338198284 0.1362827070 0.2234254940 0.1242249221 0.1419127195 0.1846651316 0.1192693319 0.1113168120 0.1406101312 0.1484061009 0.1967056459 0.1952655675 0.3041103070 0.3923603220 0.5720433947 0.7142464431 0.8122567123 0.9107621990 0.8572593015 0.7782713110 0.6328884870 0.4764919442 0.3477674532 0.3299310255 0.2211751163 0.1872090154 0.1283517364 0.1644969600 0.1361144366 0.1582784095 0.1559732978 0.1543164965 0.1592232291 0.0944276155 0.1449605463 0.2221904815 0.1838781252 0.1862757740 0.2030761328 0.1627506945 0.1269163025 0.1570019873 0.1699859897 0.0986675951 0.1661850464 0.1658295076 0.1033684721 0.1080296562 0.2408636680 0.2279895427 0.4006467095 0.4540786905 0.6431498240 0.7300956002 0.8550245729 0.8976221134 0.8524138152 0.7234162538 0.5855445289 0.5048027935 0.3999821272 0.2752343376 0.1963484439 0.1911605750 0.1592855881 0.2153549956 0.1733122301 0.1858240775 0.1544724439 0.1228091331 0.1941690736 0.1284260317 0.1475753264 0.1053971677 0.2024161173 0.1506212201 0.1425034502 0.1632734162 0.1598060137 0.2030520269 0.1328478528 0.1633211797 0.1959689242 0.1243950129 0.1709503707 0.1745057025 0.1781741720 0.2894312051 0.3665701267 0.5130262495 0.6349954865 0.7503453068 0.8390005589 0.8787066839 0.8204354794 0.7112929376 0.6023515287 0.4168235650 0.3357850487 0.2541989524 0.2235048577 0.2098870241 0.1943983322 0.1823015114 0.1502588605 0.1883392934 0.1519006071 0.1710637905 0.1984699772 0.1272857640 0.1600767542 0.2159117755 0.1933866044 0.1872167660 0.1574284135 0.1582284931 0.1726304303 0.1440914028 0.1547244001 0.1780985395 0.1858180697 0.1842783418 0.1375665408 0.2458944853 0.2665663464 0.3195375625 0.4605903119 0.5460385650 0.6452838709 0.8278926832 0.8596165174 0.9086976799 0.8223501949 0.6496192417 0.5418951683 0.4089635008 0.3392075949 0.2346474124 0.1746124561 0.1569640656 0.1772743775 0.2002614781 0.1094594465 0.2368953676 0.1810203691 0.1678169655 0.1047828941 0.1543500166 0.1594565802 0.2009345528 0.1895494275 0.1689422386 0.1570048152 0.1702869673 0.1702771150 0.1393438017
0.1626780892 0.1655024794 0.1557597069 0.1548502107 0.1158693677 0.1877113013 0.1429782853 0.1567153208 0.1997066747 0.2392385225 0.2858729046 0.4221948230 0.5695348540 0.6379524901 0.7989228233 0.8866534108 0.8937826107 0.7871900963 0.6971791479 0.5783741127 0.4425331155 0.3325721808 0.2400532049 0.1959947593 0.1743359784 0.1719875098 0.1732661996 0.1419903004 0.1619558221 0.1336783556 0.1630983393 0.1245737857 0.1736319212 0.1849661799 0.1250860468 0.1826293061 0.1465816408 0.1890676816 0.1056375233 0.1709561399 0.1962502146 0.1467448678 0.1103455676 0.1926350353 0.1737259302 0.2176696489 0.1818921107 0.2013228925 0.3508477100 0.4223977337 0.5386722808 0.7048385558 0.7959500972 0.8969793083 0.8415464891 0.8157314034 0.6391304716 0.5327369646 0.4157258853 0.2872121944 0.2010432031 0.1952188495 0.1722874195 0.1835124378 0.1683600011 0.1995897117 0.1580069202 0.1759221227 0.2043551012 0.2216937502 0.1419101346 0.1551584882 0.1672222601 0.1669130116 0.1994721345 0.1662921004 0.1488999209 0.1638943216 0.1318448705 0.1597205370 0.1596866697 0.1385698359 0.1911213293 0.2230372589 0.2123127190 0.2456443694 0.3523394828 0.5194940562 0.5856995461 0.7135474668 0.8725938592 0.9068836006 0.8457135594 0.7750978498 0.6438040450 0.4600874559 0.4123337419 0.2947454655 0.2436877728 0.1728272894 0.1647139621 0.2004121678 0.2138669570 0.1390739464 0.1844593224 0.1920434200 0.1263991477 0.1764055991 0.1273676602 0.1620342401 0.1833381688 0.1379649795 0.1445808206 0.2061993093 0.1785318673 0.2123724200 0.1512197223 0.2041477197 0.1395067818 0.1962443046 0.2237560025 0.2096485923 0.2250357749 0.3208407915 0.3889293403 0.5146401563 0.6816463487 0.8106329531 0.8259806385 0.9161142014 0.8517117576 0.6849813215 0.5861087513 0.4242728509 0.3559121823 0.2230658048 0.2090949529 0.1984402117 0.2245705896 0.1612481612 0.1636754068 0.1768373380 0.2273150108 0.1598950841 0.1734176388 0.1644430699 0.1990765759 0.2007826195 0.1506493225 0.1999321842 0.1725826270 0.1926866249 0.1759902358 0.1960036396 0.1678653582 0.1497716271 0.1883471001 0.1788395940 0.1979194370 0.2117582146 0.2162213457 0.3442471604 0.4380563329 0.6283096823 0.6551610975 0.7874168835 0.8561697976 0.8847891271 0.7500464987 0.6448386522 0.5533105455 0.4224402262 0.3046089575 0.2574826829 0.2116470624 0.1828652909 0.2203456017 0.1561170145 0.1924467605 0.1278790038 0.1823539274 0.1504284967 0.0949523932 0.1497941612 0.1885630456 0.1666664305 0.1894095657 0.1651622297 0.1590219462 0.1942004244 0.1512949537 0.2462884845
0.1576471225 0.1795264642 0.1543401550 0.1894784724 0.1864452441 0.1829942453 0.1554117034 0.1624770434 0.1609679202 0.2173794524 0.2511647857 0.4087601893 0.5204630462 0.6436430692 0.8212698662 0.8879928341 0.8359414870 0.8128456597 0.6446566954 0.5384506032 0.4537666937 0.2859008267 0.2626698545 0.2035411046 0.1991447735 0.1575691776 0.1731661185 0.2163349439 0.1656544179 0.1710754535 0.1136323391 0.1499129409 0.1682828364 0.1405543707 0.1797323009 0.1505428859 0.1638780672 0.1176935437 0.1731957711 0.1606748710 0.1731589055 0.1733916390 0.1967112585 0.1376871248 0.2017763998 0.1848885242 0.2354547952 0.2928763205 0.2675893738 0.4087052195 0.5703597888 0.6533328421 0.8537521081 0.8668151681 0.8574160619 0.7775131272 0.6656289208 0.4935330621 0.3923896307 0.2538495335 0.2592790604 0.1936132835 0.2036254852 0.1693847571 0.1785134494 0.1933054549 0.1578448557 0.2191278778 0.2262951396 0.1921195967 0.1507652203 0.1231784212 0.1924484059 0.1422482343 0.1543996884 0.1707087764 0.1244910363 0.1660273681 0.1472348665 0.1882305204 0.1946589790 0.1401517038 0.1779004470 0.1598354978 0.1331728370 0.2633810959 0.3834493471 0.4693256824 0.6553131099 0.7866391107 0.8499118138 0.9060267297 0.8707236178 0.7503497168 0.6880758017 0.4802838625 0.3735571390 0.3242728262 0.2606185999 0.1454835791 0.1953141786 0.1699833557 0.1387551948 0.2199514036 0.1958988795 0.1310394976 0.2018146605 0.1672285176 0.1974516710 0.1562724936 0.1509733003 0.1655595042 0.2022647519 0.1449553843 0.1822842789 0.1915915048 0.1718992111 0.2017183159 0.1758036962 0.1606335756 0.2207931904 0.2247329901 0.2386767580 0.2654522517 0.3766818133 0.5269327929 0.6693297343 0.8004859669 0.9023567318 0.8960189238 0.8261437289 0.7029604152 0.6108491894 0.4499637859 0.3280359854 0.2333250634 0.2305953488 0.2084648982 0.1745139486 0.1812410415 0.1782996677 0.1800272457 0.1865334978 0.1818513094 0.1928124200 0.1671061485 0.2127449683 0.1148879882 0.1800110429 0.1985212214 0.1596144886 0.1311762233 0.1425708521 0.1261442347 0.2050651668 0.1650548338 0.1834791822 0.1587358810 0.2100959483 0.2043257093 0.2311124150 0.3314826225 0.4117347380 0.6001056593 0.7004140031 0.8085578402 0.8537143727 0.8330140435 0.8240416344 0.6673820887 0.5296471507 0.4055796420 0.3193902076 0.2371684571 0.2061264265 0.1706937605 0.1599991184 0.1862364582 0.1288769907 0.1948282638 0.1785020945 0.1826356922 0.1345125614 0.1597174026 0.1476600857 0.1358292813 0.2017710823 0.2097432017 0.2181559249 0.2099324316 0.1988843009 0.2071646319
0.1784316850 0.1379711416 0.1304662401 0.1670569169 0.1159684874 0.1329481831 0.1532264168 0.1510405337 0.2003134958 0.2454240077 0.3059805150 0.4170502560 0.5515141623 0.6201060161 0.7831803481 0.8758105338 0.8851134371 0.7896319561 0.6854479105 0.5509481859 0.4141180516 0.3132930711 0.2617435116 0.1930692810 0.1635371939 0.1301572885 0.1474464782 0.1955943356 0.1649596062 0.1375352636 0.1434866847 0.1495209131 0.1276072496 0.1522907387 0.0959991839 0.1830667381 0.1571607885 0.1314118673 0.1631827464 0.1643808764 0.1730585140 0.1657510621 0.2131803916 0.1729830551 0.1841922836 0.2156883926 0.2623495350 0.2718148500 0.3414431399 0.4343815381 0.5608962321 0.7103239604 0.7656886643 0.9063163967 0.8412116709 0.7865122580 0.6529834317 0.5357750075 0.3876255414 0.3097509332 0.2031240519 0.2261867116 0.2030237268 0.1663025913 0.1351174922 0.1425961048 0.1514957524 0.1439772738 0.1408110702 0.1700719579 0.1660758511 0.1523949690 0.1842056987 0.1685625669 0.1418918475 0.2268003723 0.2098300663 0.1759965569 0.1525844405 0.1843132022 0.1937613888 0.1985430338 0.1785548261 0.1782536961 0.2405009354 0.2664634306 0.3650655169 0.4967211680 0.6174302261 0.7532138349 0.8096546559 0.8988001010 0.8679314463 0.7604508245 0.6457999998 0.4674801954 0.3900788024 0.3146205180 0.2543271573 0.2359475969 0.1746079355 0.1634948694 0.2199699159 0.1461271526 0.1913420085 0.1595329109 0.2034065187 0.1346340287 0.1278097728 0.1869863311 0.1645506627 0.1998377741 0.1903436084 0.2085900320 0.1738512329 0.1627135689 0.1644005108 0.1463646573 0.1569342356 0.1944601570 0.1974619662 0.1604295095 0.2543017223 0.3233188311 0.3984032834 0.5563774028 0.6673437386 0.8007964648 0.8617092143 0.8654555492 0.8041508497 0.7506085677 0.5827364950 0.4391739694 0.3364530580 0.2991517587 0.2011835972 0.2507590042 0.2188534368 0.1070803722 0.1970218907 0.1963411456 0.1991472028 0.1994854226 0.1907535354 0.1586913440 0.1807977349 0.1720090048 0.1782980903 0.1564408898 0.1815582869 0.1495128343 0.1996429566 0.1674964530 0.1701600000 0.1680986846 0.1637924725 0.1916390882 0.1810761831 0.2339419774 0.2317619510 0.3290812462 0.4736084822 0.5540358216 0.7280023285 0.7838718116 0.8932272671 0.9199719143 0.8239315906 0.7477529300 0.5239871825 0.4558961329 0.3117129855 0.2666818939 0.2012778745 0.1803639399 0.1760530913 0.1882654886 0.1981227888 0.2292408346 0.1680413941 0.2051244126 0.1776229946 0.2184616164 0.1833867324 0.1826918901 0.1655370813 0.1950494478 0.1867116344 0.1535981396 0.2076957572 0.2390438995
0.1573867144 0.2089009946 0.1660701958 0.2085578918 0.2000668044 0.1551060103 0.1731078798 0.1719854507 0.2096529152 0.2052693331 0.3105792677 0.3663584320 0.4912315772 0.6536669039 0.8155734221 0.8259715536 0.8695259330 0.7856373716 0.6788144311 0.5335366079 0.4249596091 0.3101466740 0.2849625791 0.2127297073 0.1817769299 0.1582193108 0.1334159726 0.1566768723 0.1373164785 0.1466411657 0.1584238955 0.1594389498 0.1828487511 0.1786327667 0.1193276952 0.1792900094 0.1193195560 0.1642733852 0.1444907047 0.1917679911 0.1772805791 0.1478377719 0.1586256149 0.1341263005 0.1641571836 0.1996627792 0.2084439391 0.2824972463 0.3409190022 0.4055991495 0.5293459754 0.7368277596 0.8672640918 0.9252994343 0.8105387707 0.7558943487 0.6342335894 0.5438222668 0.3823505689 0.2615422311 0.2110260362 0.2530228630 0.1535383033 0.2065999098 0.1817649412 0.2140306601 0.2342579124 0.1536266145 0.1875538709 0.1292244740 0.1742216414 0.1948682107 0.1192292246 0.1405872338 0.1380021723 0.1442980235 0.1332052767 0.1124383575 0.1248443727 0.1512122052 0.2253567062 0.1403221846 0.1543098180 0.2438778099 0.2619996094 0.3161920957 0.3796781563 0.4798635134 0.6615831060 0.7566312557 0.8306121184 0.9234762377 0.8461925371 0.7859588017 0.6193897458 0.4598026508 0.3669889374 0.3305158067 0.2546690211 0.1867702940 0.1940878156 0.1367936836 0.1320436801 0.1738720833 0.1879123551 0.1250815728 0.1951778164 0.1971183349 0.1581448125 0.1873784941 0.1447112891 0.2077250525 0.2047348587 0.1647956080 0.1518550048 0.1515041501 0.1911821351 0.1576937356 0.1437201073 0.2229261231 0.1978046651 0.1824020023 0.3059077249 0.2797206913 0.4322394249 0.5131625885 0.6456852323 0.8168226363 0.8754804165 0.8958520440 0.8457282983 0.7162941553 0.5977811457 0.4051047371 0.3459313688 0.2848055014 0.1650374666 0.2393795291 0.1956746716 0.1147492269 0.1890102009 0.1602934298 0.1797463858 0.2181234347 0.1310256387 0.1908629015 0.1561834846 0.1687065844 0.1691341217 0.1604347923 0.1772418148 0.1553241394 0.1782040481 0.1939075793 0.1363165904 0.1833464759 0.1819117980 0.1413449039 0.1869271216 0.2436807229 0.3100458332 0.3222185525 0.5044614755 0.5605973260 0.7899952889 0.8620842993 0.9433702961 0.8267456919 0.8582158518 0.7096194512 0.5700656597 0.4090096246 0.3134671434 0.2392198189 0.2235678053 0.1661977692 0.1931920540 0.2221412200 0.1453357629 0.1478053091 0.1916047789 0.1760180591 0.1963349137 0.1888134228 0.1435261158 0.1741010833 0.1594468741 0.1783235872 0.1956775461 0.1577542364 0.2090270927 0.2265142206
0.1184574087 0.1291086988 0.1907559717 0.1650856648 0.1784747861 0.1856993943 0.1294464645 0.1802377849 0.1856398848 0.2575377102 0.3038999561 0.4049720248 0.5231720092 0.6953776665 0.7632256830 0.8204140229 0.8928519773 0.8318192299 0.7292800462 0.4948487857 0.4262047011 0.3549351730 0.2750158265 0.2130101000 0.2120754081 0.1127965958 0.1748385423 0.1825316939 0.1332698159 0.1479703864 0.1439540568 0.1242603096 0.1555526640 0.1438861035 0.1609292751 0.1291629547 0.1368180721 0.1837813724 0.1451027144 0.1603910150 0.1316280218 0.1370437995 0.1462240807 0.1523509912 0.1854680083 0.1687613550 0.2082481174 0.2022907635 0.2851924719 0.4515832887 0.5449542801 0.7586448058 0.8391292708 0.9037199313 0.8677132993 0.7971855488 0.6348159496 0.4991974450 0.4018350508 0.2588498614 0.2350328468 0.2297747212 0.1730943728 0.1686944578 0.1144656951 0.1863769993 0.1469293288 0.2111341712 0.2078523617 0.1921850372 0.1873605124 0.1247747162 0.1867182325 0.1666382359 0.1791399674 0.2046279691 0.1804115616 0.1659982151 0.1612927198 0.1769288385 0.2221678079 0.1522281585 0.1865464408 0.2098750131 0.1678833084 0.2609991961 0.4359045385 0.5007503660 0.6395779256 0.7916528244 0.8437424715 0.8748342857 0.8614676862 0.7191474068 0.6150337315 0.4489631423 0.3613506289 0.2594469178 0.1907749106 0.1741545719 0.1929006228 0.1763681792 0.1464185450 0.1748997740 0.1511501427 0.1439027186 0.1230845587 0.2176637507 0.2034520185 0.2058006796 0.1786626768 0.1661216668 0.1882752926 0.1760256478 0.1590879651 0.1017263394 0.1612831442 0.1534038333 0.1805004677 0.1868428273 0.1890267101 0.2279012605 0.2293225666 0.3015878362 0.4064293616 0.5409341115 0.6232566634 0.8050235988 0.8450554948 0.9179633141 0.7771527243 0.6585277417 0.5830208979 0.4188352385 0.3721171818 0.2817513989 0.2678721276 0.2313399544 0.1864473269 0.1968359353 0.1901384555 0.1402285375 0.1839152674 0.1911428454 0.2137339389 0.1593121014 0.1643576065 0.2178297174 0.2349749192 0.1934782980 0.1610058103 0.1641544967 0.1803100781 0.1804373170 0.1284796624 0.1032032271 0.1877325325 0.1591314808 0.1685409065 0.1814350522 0.2786537794 0.3911822982 0.4928658126 0.5718790252 0.7064419538 0.8214398146 0.8517592427 0.9276202701 0.7857047248 0.7454591963 0.5170410980 0.4273027278 0.3134466391 0.2478093282 0.2127300841 0.2407829618 0.1929089459 0.2285062964 0.1800861020 0.1091225453 0.1740353992 0.2120062940 0.2182967919 0.2110359272 0.1868114119 0.1984800780 0.1595826060 0.1661504741 0.1068668597 0.1706137696 0.1304187791 0.1642050122
0.1278475408 0.1278524748 0.1671509527 0.1306919896 0.1266914533 0.1299900794 0.1596265385 0.1907035237 0.1568517367 0.2548290516 0.2794801675 0.4094830255 0.4677218403 0.7077290354 0.7852983443 0.9045809630 0.8258159002 0.7987912773 0.6835490395 0.5467254815 0.3916553173 0.3032584746 0.2158570154 0.2034162462 0.1523379254 0.0902265381 0.1717198845 0.1686326354 0.1208997660 0.1136234442 0.1792378429 0.1483199215 0.1115013489 0.1271164270 0.1784082417 0.1467913608 0.1568984656 0.1120122083 0.1785734800 0.1758119839 0.1953146575 0.1591968673 0.1562221088 0.2037258450 0.1662099104 0.1682961669 0.1732732978 0.2419189225 0.3339115011 0.4603408506 0.5601835343 0.7603714053 0.8462961261 0.9031138184 0.8671883558 0.7806514994 0.6927626336 0.4433564868 0.3908623854 0.2976764927 0.2035350138 0.2390273012 0.1938202340 0.1620566462 0.1467532424 0.1865681636 0.1779434944 0.1321927625 0.1661574567 0.2010426759 0.1569717588 0.1226993394 0.1322967970 0.1770831793 0.1918945148 0.1623634533 0.1950877939 0.1441093651 0.1683818667 0.1639100860 0.1366391107 0.0966081808 0.2247039813 0.1514394753 0.1916937868 0.2294056469 0.3249541639 0.4925195868 0.5867424163 0.7415797913 0.8306687884 0.8322337052 0.8104433992 0.7733025013 0.6225932845 0.4894467238 0.3416683844 0.2758683756 0.1973850392 0.1788490463 0.1917006812 0.1039147426 0.1614849858 0.1653849541 0.1224904573 0.0980720931 0.1308425458 0.1280530612 0.1757558311 0.1611467598 0.1537879583 0.1392870007 0.1859613463 0.1704882936 0.1197008060 0.1612622641 0.1915514541 0.1497228035 0.2211022043 0.1840706105 0.1113855069 0.2008195374 0.2089557672 0.3621518399 0.4010842727 0.5558984775 0.6219790447 0.7757478747 0.8612767807 0.8474632331 0.8232994121 0.7142623501 0.5553225824 0.3744263246 0.2691391556 0.2576013495 0.1988004822 0.1722717783 0.1841080833 0.1801948691 0.1765098220 0.1690405021 0.1329242290 0.1665005062 0.1651298076 0.1614471775 0.1730334077 0.1588134261 0.1316828231 0.1722205003 0.1594163321 0.1138535345 0.1497758450 0.1876125936 0.1735171677 0.1536337375 0.1863457373 0.1799297995 0.1648626050 0.2241387644 0.3259201259 0.3649510801 0.4568184950 0.5720327364 0.7179991997 0.8260376785 0.9139915027 0.8822623212 0.7772524703 0.6635627243 0.5036041267 0.4244973698 0.2988305033 0.2149189542 0.2103566480 0.1916692539 0.2258305466 0.1249013805 0.1620511312 0.1852041530 0.1100851136 0.1755300623 0.1653238258 0.1360263640 0.1727694327 0.2576134911 0.1267272268 0.1423933295 0.1428669967 0.1269015993 0.1695479800 0.2016578114
0.1068808819 0.1183728601 0.1344411150 0.1423029808 0.1291310017 0.1057378718 0.1386730292 0.1984367024 0.1788809924 0.1952554463 0.2875897803 0.4702765519 0.4952862976 0.6800772523 0.7875925774 0.8223895864 0.8516594017 0.8039352165 0.6397715148 0.5201209934 0.4058008771 0.3334929960 0.2235152224 0.1903831420 0.1567924640 0.1331729773 0.1921597357 0.1558899706 0.1129201675 0.1730679851 0.1562562682 0.1701670670 0.1812401908 0.1404391354 0.1073901174 0.1943960427 0.1683581007 0.1235499231 0.1998813519 0.1254626163 0.1163529828 0.1018939576 0.1820444625 0.1514821007 0.1751083912 0.1865117401 0.1525164022 0.2401803673 0.3412406797 0.3976405313 0.5279485879 0.7380553933 0.8134036168 0.9014622548 0.8264064205 0.7613231680 0.6274351016 0.4986897039 0.3597527834 0.2498755750 0.1500009464 0.1943925899 0.1770235684 0.1581699069 0.1338794965 0.1795451545 0.1340043582 0.2175892528 0.1628119314 0.0816943105 0.1458263404 0.1465508280 0.1171974393 0.1562340242 0.1498309203 0.1038222043 0.1672400580 0.1624454789 0.1391133667 0.1713434955 0.1695331898 0.1619423921 0.1801547255 0.2036254461 0.1378223130 0.2602992101 0.3526103334 0.4721563817 0.6411587957 0.7729787072 0.8094688785 0.8315673690 0.8203017599 0.7237507289 0.6433454499 0.5057627031 0.3302810976 0.2766751611 0.2013963602 0.1752492542 0.1688409641 0.1361013448 0.1401069410 0.1342346760 0.2031789828 0.1305008833 0.1405981350 0.1368073664 0.1456163173 0.1702281530 0.1520963080 0.1753371452 0.1485703458 0.1609807686 0.1604524302 0.1614619024 0.1552411410 0.1763611136 0.1516693556 0.1189567735 0.1052980201 0.1656076411 0.2156664995 0.3757264234 0.4429578793 0.5211939212 0.6584900672 0.8017736058 0.8849447196 0.8653317532 0.7701636247 0.6895698918 0.4871569187 0.4186522341 0.2912561222 0.2665881750 0.1599178170 0.1991356748 0.2068340170 0.1684767526 0.1535623702 0.1643031099 0.1771484818 0.1887450387 0.1833614087 0.1706462653 0.1467385731 0.1272177610 0.1552209432 0.1749689094 0.1780961303 0.1496169605 0.1384401710 0.1069663449 0.1618294611 0.1311926602 0.1580212557 0.1218678355 0.1980064248 0.2090386660 0.2622061864 0.3574325298 0.4202518181 0.5841163594 0.6999764064 0.8144704292 0.8823409589 0.8719352839 0.7691115507 0.6330090813 0.4396739720 0.3931658900 0.3042153795 0.2343383035 0.1486259354 0.2343436140 0.1707208292 0.1604306749 0.1683495576 0.1961237053 0.1426225887 0.1865974526 0.1577732044 0.1146425403 0.1392133009 0.1603912659 0.0801613498 0.1481045465 0.1988094612 0.1596614612 0.1713535495 0.1803910643
0.1023481323 0.1018605628 0.1586078720 0.1259502075 0.1905482640 0.1181702723 0.1209768178 0.1443816573 0.2058090767 0.2120391090 0.2771690832 0.3920468911 0.5067466752 0.6510030799 0.7562247130 0.8143095240 0.8637161584 0.7533103479 0.6637119330 0.4992609280 0.3760955249 0.3013968921 0.2546902876 0.1541312843 0.1934277438 0.1722759469 0.1240869087 0.1393574256 0.1402512634 0.1569879517 0.1404661245 0.1756386251 0.2008178801 0.1199631241 0.1520700313 0.1404980723 0.1325896949 0.1331198066 0.1403808992 0.1387593451 0.1364976518 0.1593173306 0.1762125968 0.1386834479 0.1669527426 0.2085089732 0.1511008079 0.2754696562 0.3241664534 0.3811695204 0.5693824844 0.6859421840 0.8237184774 0.8304090043 0.8264039527 0.7796518826 0.6382917118 0.4674352396 0.3285098639 0.2838477775 0.1987341266 0.1665640455 0.1308485892 0.1423760278 0.1507985846 0.1426871776 0.1557010549 0.1147737295 0.1126365781 0.1231652504 0.1841730306 0.1514295917 0.1569451854 0.1857239341 0.1307251631 0.0780926896 0.1484934522 0.2091972139 0.1488626747 0.1163504957 0.1731073013 0.1110366605 0.1473153327 0.1852263487 0.2322517689 0.2447482603 0.3431406508 0.4167009868 0.6173747840 0.7273781350 0.8261320104 0.8562616816 0.7878871465 0.7005645590 0.5736271667 0.4541109401 0.2840199578 0.2715036210 0.2073019887 0.1693313890 0.1460423528 0.1196015839 0.1899653821 0.1553058956 0.1241802248 0.1127459478 0.1126201792 0.1497326584 0.1037287419 0.1320072157 0.1605544053 0.1791993837 0.1372581020 0.1296186630 0.0924473000 0.1272568207 0.1550271610 0.1363225027 0.1760712649 0.1679227063 0.1559750475 0.1670795883 0.2566725647 0.3060812332 0.3774967017 0.5141505631 0.6742453576 0.7866713993 0.8812498059 0.8454920854 0.7510266856 0.7083588400 0.5402099490 0.4208343330 0.3112607913 0.2210384598 0.1680028590 0.1999241793 0.1391214821 0.1746053806 0.1385997345 0.1677662834 0.1733171807 0.1450618151 0.1978519415 0.1633465127 0.0983709873 0.1973402610 0.1613814504 0.2021174630 0.1444416099 0.1754728238 0.1220794068 0.1111484119 0.1648631342 0.1517065201 0.1569777730 0.1693107362 0.1568356994 0.1810726786 0.2540090612 0.3271689671 0.4439623954 0.5791462141 0.7204189712 0.8212527437 0.8838662786 0.9148088084 0.7788359134 0.5983945837 0.5204084683 0.3311806928 0.2825205680 0.2499253455 0.1812521039 0.1781573051 0.1645180617 0.1555454977 0.1363332203 0.1564184621 0.1326663252 0.1427887421 0.1511317045 0.1375612532 0.1140162208 0.1431981297 0.1476421396 0.1796592543 0.1762677729 0.1516663584 0.1706887997 0.1859167494
0.1532754359 0.1200802115 0.1135264077 0.1364421278 0.1506150667 0.1909236475 0.1223781975 0.1817635088 0.1504585310 0.2230346035 0.2645077219 0.3620489404 0.5112236760 0.6102656763 0.7385818738 0.8400992881 0.7884205154 0.7466886138 0.6441246943 0.4974593453 0.3873842370 0.2201169772 0.1989363990 0.1635761397 0.1192093124 0.0735469565 0.1250575850 0.1227500043 0.0693874663 0.1558681592 0.1316840867 0.1252204056 0.1341614793 0.1467259877 0.1336304653 0.1440877267 0.1469066133 0.1287561542 0.1074738955 0.1442410504 0.1096341341 0.1285430004 0.1262665785 0.1587441483 0.1455913961 0.1374327839 0.1850612265 0.2454945550 0.3241122074 0.4052134345 0.5182995268 0.6814898666 0.7951135064 0.8520178588 0.8299224504 0.7360850352 0.6140315910 0.5111936922 0.3352556560 0.2673898248 0.2096901867 0.1294799540 0.1366028948 0.1355239353 0.1233407921 0.1509083519 0.1758550368 0.1335745957 0.1354433734 0.1164715152 0.1539497063 0.1404547065 0.1522550468 0.1652314181 0.1203980165 0.1172179565 0.1155691591 0.1527672909 0.1925878396 0.1758363018 0.1617107803 0.1237363317 0.1336885301 0.2002597846 0.1941298338 0.2994852128 0.3789469457 0.4590340031 0.6264787063 0.7795606957 0.7971056239 0.8473321386 0.8070349077 0.6636138699 0.5604145447 0.4042510572 0.3204545178 0.1850942489 0.2089807234 0.1674197028 0.1599170109 0.1353354753 0.1575709244 0.1351933992 0.1474105367 0.1317136479 0.1369979459 0.1179749903 0.0959190998 0.1402311069 0.1297665006 0.1433072385 0.1202279964 0.0774117790 0.0958529189 0.1691407223 0.1543972180 0.1728999843 0.1796089430 0.1542196714 0.1762579329 0.1577302969 0.2017576020 0.2660877258 0.3796173151 0.5068213782 0.6698590087 0.7520753185 0.8782539422 0.8563797874 0.7695466111 0.6781083086 0.5700868542 0.4272435511 0.3196867954 0.2196963920 0.2285113066 0.2096614214 0.1609302054 0.1798509103 0.1419938771 0.1632729977 0.1516177708 0.1667425820 0.1234925797 0.1316956392 0.1168443376 0.1884805558 0.1227524133 0.1620092164 0.1032721634 0.1546075688 0.1841669166 0.0894165856 0.1424929128 0.1003068830 0.1503400467 0.1740016301 0.2004104759 0.2359927030 0.2609250199 0.3576525599 0.4624301362 0.5619544315 0.7265205246 0.8302163312 0.8508767669 0.7984476254 0.7751718126 0.6080836334 0.5232664579 0.3369709355 0.2277324795 0.1927600847 0.1733255668 0.1134892054 0.2055277310 0.1513387467 0.1454943689 0.1650468270 0.1644883215 0.1153624764 0.1566672366 0.1803804581 0.1431594458 0.1428774188 0.1697560713 0.1534915903 0.1407855537 0.1839061671 0.1094739377 0.1427430714
0.1269399537 0.1361297033 0.0847746283 0.1269653864 0.0864405697 0.1232826173 0.1564464115 0.2126618895 0.1877846604 0.2354564057 0.2463762190 0.4499421643 0.5144403881 0.6315424885 0.7570748142 0.7944079088 0.8337589804 0.7826727487 0.6456595989 0.4976470234 0.3981329425 0.3180775225 0.2399967910 0.2093797273 0.0964741222 0.1075637190 0.0755989837 0.1007294841 0.0889141340 0.1614282429 0.1589409950 0.1100365812 0.1024545040 0.1454307947 0.1269498004 0.1521050924 0.1084803362 0.1111061261 0.1369551489 0.0949264729 0.0844869433 0.1170687780 0.1363546806 0.0942012370 0.1381651958 0.1723404301 0.1150596359 0.1923372614 0.3217642766 0.3826243815 0.5487006808 0.6955665671 0.8028446929 0.8685065810 0.7904681831 0.7654394377 0.6259930496 0.4643733360 0.3508721957 0.1922040881 0.1753136144 0.1760640647 0.0529420352 0.1348043512 0.1077067545 0.1222067388 0.0973179104 0.1155575225 0.1108855488 0.1325018377 0.1299132458 0.0931362270 0.1215565794 0.1549445831 0.1522381793 0.1185736505 0.0952314072 0.1237598818 0.1502147858 0.0996264074 0.1660250874 0.1277820036 0.1727331204 0.1716524135 0.2289251566 0.2887227754 0.3076610729 0.5056955567 0.6425422755 0.7293520350 0.8108466734 0.8514166349 0.8530650665 0.7338177612 0.5586089904 0.4328255800 0.3187776801 0.2308986284 0.2369499567 0.1310270482 0.1249298932 0.2155899466 0.0918449289 0.1092192941 0.1337830896 0.1750987946 0.1705704435 0.1218129195 0.1307559146 0.1086959381 0.1988783527 0.1036202668 0.1523563803 0.1146829229 0.1576698350 0.1401817217 0.1427606177 0.1099460260 0.1163283451 0.1070758411 0.1124663029 0.1333030718 0.2034254875 0.2639339921 0.3767044738 0.5005465272 0.6348545002 0.8357598680 0.8211957339 0.8493219799 0.7895798348 0.6809582062 0.5113872914 0.3931298779 0.2769766364 0.2509688796 0.1352290358 0.1205744857 0.1204544430 0.1517338615 0.1547208289 0.1413910375 0.1253125767 0.1035358314 0.1245233938 0.1122164389 0.1658338645 0.1320127719 0.1266065375 0.1640559490 0.1449205851 0.1738786420 0.1596835542 0.1821081869 0.1300599693 0.1205060693 0.1204779007 0.1052119196 0.1546215713 0.1949713606 0.2486906732 0.2879170059 0.4316858752 0.6268580714 0.7417247689 0.8310873011 0.8301784386 0.8376673058 0.7863653864 0.6430544955 0.4745963880 0.3662617003 0.2559317233 0.2203181166 0.1554883990 0.1425793790 0.1458784163 0.1247279891 0.1141925145 0.1316919224 0.1289729580 0.1452275278 0.1869337418 0.1191221138 0.1327650585 0.1401195927 0.1221520150 0.1662959328 0.1106166702 0.1251280320 0.1562342191 0.1039964435
0.1396559861 0.0768518859 0.0776602813 0.0825868542 0.1104405179 0.1512286475 0.0891100518 0.1086789069 0.1614586745 0.2084115420 0.2999620261 0.3915804792 0.4956679113 0.5896851509 0.7388641407 0.8208796622 0.8218138269 0.7959515306 0.6290183960 0.5183932341 0.3829206878 0.1989035067 0.2388160438 0.1506541193 0.1060738488 0.1224121446 0.0650414450 0.1409800762 0.1359698050 0.0879048199 0.1141819071 0.0802067271 0.0741834219 0.0831594468 0.1151178165 0.0664641421 0.1095559609 0.0986003483 0.0818484951 0.1281186840 0.1290242233 0.1001049825 0.1177861180 0.1150113127 0.1318449231 0.0965257398 0.1479140949 0.2740337501 0.3257927404 0.4668927378 0.5119155749 0.6286744160 0.7500283220 0.8440252280 0.8245312530 0.7256371656 0.5497696515 0.4602184160 0.3548977827 0.2907219459 0.1925920578 0.1237332107 0.1065642542 0.1370029636 0.1301403386 0.1328607161 0.0896659301 0.1310395310 0.0707045227 0.0816727564 0.1545826027 0.1340808219 0.1172169645 0.1280449403 0.0938429955 0.1372853954 0.0983543296 0.1452769708 0.1567547756 0.1408967181 0.1063282979 0.1236390067 0.1613485373 0.1226146093 0.2594926347 0.2135694907 0.3367169521 0.4364973144 0.6054874915 0.7524685489 0.8172914981 0.8393215635 0.7955398285 0.7259369226 0.5307681715 0.4678007503 0.2962509184 0.2567936636 0.2069134792 0.1815710371 0.1176127271 0.1034965319 0.1181703688 0.0794601565 0.1092096273 0.1254499768 0.1656248934 0.1190918847 0.1033989519 0.1351972456 0.1236984376 0.1123908041 0.1044845548 0.1023494402 0.1154326193 0.1722809970 0.1461943039 0.1315197918 0.1236608795 0.1153315860 0.1070505971 0.1811896840 0.2439471254 0.2956065891 0.3718841471 0.5259519211 0.6589633289 0.7810007315 0.8478987140 0.8146889914 0.8001492872 0.6364810785 0.5407958423 0.3937598264 0.2422055095 0.2580367971 0.1573548419 0.1526993519 0.1524186834 0.1223055052 0.1905349194 0.1362033793 0.1838277546 0.1406645846 0.1121310773 0.1315123876 0.1625977846 0.1162407939 0.1311944765 0.1368412519 0.1443826083 0.1307991597 0.1521759069 0.1281843356 0.1549038715 0.1455960157 0.1086622665 0.1174206649 0.1288526807 0.1904987492 0.2361291936 0.3041361486 0.4534491819 0.5792014061 0.7073510793 0.8018890545 0.8525974660 0.8463156670 0.7318123111 0.6297697724 0.4617840475 0.3748230048 0.2477644547 0.2452019759 0.2067639999 0.1647965744 0.1655188529 0.0828287868 0.1377880807 0.1861333099 0.1767659636 0.1257370610 0.1237301066 0.1299623966 0.1368812299 0.1344627230 0.1400019322 0.1438139850 0.1353043968 0.1905815058 0.1612925088 0.1290344827
0.0808798797 0.0816840196 0.0631929227 0.0702948741 0.1088706455 0.0768677936 0.1928822257 0.1197272230 0.1470642028 0.1789789272 0.2987008841 0.3683371327 0.5057538839 0.6736246328 0.7883649286 0.8123076389 0.8292104351 0.7375166561 0.6349223737 0.4767005296 0.3676364927 0.2680463726 0.1762882737 0.1852973766 0.1386662758 0.1695669223 0.1299150991 0.0976978396 0.1067796109 0.0777252491 0.1473053466 0.1400628039 0.1133720083 0.1633579299 0.1361727174 0.1318947803 0.1480656627 0.1309857533 0.0996374942 0.1289047746 0.1561424883 0.0920424393 0.1002465216 0.1484023779 0.1232376594 0.1427559991 0.1302330409 0.2064995194 0.3279796427 0.4611899686 0.5544822152 0.7228945196 0.8112153380 0.8298130260 0.8288166604 0.6775780629 0.6197116655 0.4422123440 0.3585680574 0.2525969836 0.1873813147 0.1422373077 0.1176822706 0.0789753570 0.1127703530 0.1320160042 0.1223054771 0.1363407469 0.1154089246 0.1099213653 0.1664663500 0.0775357564 0.1081892119 0.1209565848 0.1453536571 0.1193405885 0.1319359691 0.1336674505 0.1267395056 0.1960997559 0.1416074534 0.1837066443 0.1108686885 0.1776145753 0.2132459182 0.2708883724 0.2583571869 0.4991320653 0.6392063076 0.7387245870 0.8089266667 0.9011217868 0.8334759979 0.6837387584 0.5878655799 0.3907160825 0.3309478435 0.2210453457 0.1774018768 0.1790811882 0.1023998191 0.1126909978 0.1098510853 0.1042003190 0.1533129346 0.1558449179 0.1584173358 0.1207708833 0.0975838036 0.1201868094 0.1190433476 0.1068909863 0.1547228630 0.1553337233 0.1424549060 0.1208371938 0.1548971051 0.1247585079 0.1528575887 0.1070979068 0.1264400178 0.1689828725 0.2206772848 0.2720047054 0.3598958874 0.4878941556 0.6583920498 0.8257645664 0.8955755741 0.8281506638 0.7553756963 0.6280702949 0.5031832280 0.3866600577 0.3595875256 0.2011799359 0.1406641575 0.1871485171 0.1609006843 0.1261278678 0.1056883429 0.1245420993 0.1472299584 0.1402784287 0.1143077679 0.1511244293 0.1425381327 0.1567005023 0.1596991906 0.1410705356 0.1668201713 0.1202844442 0.1135408379 0.1409105942 0.1663795593 0.1013930943 0.1595747416 0.1002388926 0.1814217186 0.1584088872 0.2237360883 0.3499726070 0.4276744767 0.5315375873 0.6883312036 0.8064352916 0.8665922060 0.8507508389 0.7554850080 0.5669386924 0.5130889507 0.3546137012 0.2987970029 0.2052583027 0.1715345124 0.1662701162 0.1572064269 0.1599967237 0.1487802775 0.0781695750 0.1154242805 0.1159243372 0.1659887031 0.1369446928 0.1782203242 0.1524140824 0.1541414516 0.1070391197 0.1403273650 0.1459366457 0.1242405837 0.1566735209
0.1103868822 0.0754451085 0.0942995082 0.0996851635 0.1189575445 0.1483696410 0.1266917654 0.1548941827 0.1744625428 0.2582669500 0.2885053859 0.4129097471 0.4820112953 0.6565037089 0.7298546181 0.8201407573 0.8280840878 0.7442446474 0.6610197683 0.5154303705 0.3257266979 0.2989811359 0.1808298123 0.1225279423 0.1423212767 0.1510851198 0.1136693292 0.1252822482 0.1159203404 0.1149086253 0.0937544724 0.0803972396 0.1224212145 0.1284565453 0.1202800155 0.1400816670 0.1657234811 0.1180666396 0.1221256677 0.1408336218 0.0913802392 0.1322772254 0.1360579178 0.1476289312 0.1848991553 0.1249715920 0.1913104561 0.2066629264 0.2718982846 0.4374711217 0.5415426905 0.7801623573 0.7989197201 0.8487178190 0.8276800739 0.7254778859 0.5634432246 0.4087563999 0.3047984967 0.2780677274 0.2199561137 0.1660216844 0.1638398803 0.1709607692 0.1326491498 0.1446244219 0.1405633295 0.1262942520 0.1518983951 0.0976407148 0.1144381042 0.0973460688 0.1073582325 0.1611368266 0.1241052745 0.1749933241 0.1312659291 0.1515396760 0.1154592997 0.1519292272 0.1239283129 0.1822991666 0.1306592267 0.1554150793 0.2071072029 0.2270542431 0.3685376755 0.4552134952 0.6710288781 0.7762776802 0.8544133482 0.8421254892 0.7803722588 0.7324943358 0.5471823548 0.4136695244 0.3351870180 0.1702805984 0.1503814652 0.1751094369 0.1410467027 0.1266046170 0.1064116893 0.1250947021 0.1372113498 0.1127445369 0.1195740865 0.1100080033 0.1513384535 0.1098801894 0.1466348385 0.1481433344 0.1573956443 0.0843761835 0.1205671420 0.1164358246 0.1284970734 0.1050184461 0.1351168953 0.1372131871 0.1159880489 0.1869174729 0.1881752391 0.2905522600 0.3518266408 0.5457312306 0.6636955401 0.8050977450 0.8374102039 0.8225070004 0.7608059322 0.6242823738 0.4912221084 0.3904886012 0.2650683882 0.1884346122 0.1852166852 0.2157336496 0.1532675335 0.2140497880 0.1167574684 0.1722114652 0.1990844671 0.1463350993 0.1661831891 0.1992287179 0.1366616988 0.1274639094 0.1672385724 0.1544456930 0.1748059800 0.1700532670 0.1270188903 0.1993918249 0.0978327747 0.1139428294 0.1454026501 0.1601423379 0.1561706476 0.1906827921 0.2534917776 0.2820694210 0.4153861522 0.5651812980 0.6978855197 0.8009920245 0.8515734076 0.8757600404 0.7708229117 0.6027734208 0.4486823984 0.3473978788 0.2030941531 0.2137002941 0.1426960841 0.1893881933 0.1038539601 0.1706887755 0.1798929937 0.0601392956 0.1493333625 0.1095770279 0.1123399661 0.1431663903 0.1608879200 0.1128172916 0.1190627246 0.1010220780 0.1371531355 0.1420048560 0.1675154672 0.1748854288
0.1316807287 0.1141814106 0.1935004209 0.1449565820 0.1238886886 0.1261528597 0.1279619171 0.1251961853 0.1796923993 0.2168958299 0.2634264684 0.3813359494 0.5275743498 0.6242098049 0.7833528465 0.8716842187 0.8068382628 0.7426089649 0.6016400891 0.4985260878 0.4281581194 0.2746513267 0.1894631428 0.1365454705 0.1282057778 0.0890502977 0.1019626877 0.1160402341 0.1322447093 0.1034392361 0.1108447273 0.1168954273 0.1145129690 0.1462352527 0.1124969090 0.1442645459 0.1561689876 0.1522759784 0.1462104975 0.0986632667 0.0853080487 0.1132005857 0.1405634424 0.1363465234 0.1050853790 0.1722589118 0.1146204613 0.2701552200 0.3167618382 0.4195078578 0.5862127842 0.7180413730 0.8330413661 0.8011686141 0.8330085036 0.7140410960 0.6276092720 0.4575395443 0.3272721629 0.2203272113 0.1994805561 0.1168636002 0.0973790018 0.1696804307 0.0748390734 0.1334181849 0.1421688503 0.1070093916 0.1145457599 0.1389468193 0.1113877656 0.1661199927 0.0670122240 0.1007213097 0.1513755105 0.1858580740 0.1124901901 0.1284548686 0.1095668169 0.1665987290 0.1175813416 0.1308771127 0.1361966023 0.1134318721 0.1884020167 0.2292263053 0.4047256860 0.4895252322 0.6733895096 0.8027701161 0.8270654265 0.8095914838 0.8353683899 0.6746140535 0.4721434638 0.4175951920 0.2874812041 0.2465766684 0.1566504680 0.1290293993 0.1407828297 0.1362109586 0.1289020735 0.1767987912 0.1262750226 0.1987596119 0.1079885401 0.1615296948 0.1319734388 0.1143631971 0.1255980954 0.0900316318 0.1369272192 0.1055430717 0.1551747224 0.1275980688 0.0954921400 0.1361577115 0.1029024202 0.1017318179 0.1725140324 0.1793128586 0.2135478968 0.2676144304 0.4040727289 0.5275689190 0.6340110712 0.7502552083 0.8563713413 0.8229304698 0.8085020025 0.6539926094 0.5520057906 0.3761375027 0.2359136985 0.2059472518 0.1668978973 0.1059139559 0.1576020942 0.1647598896 0.1062476473 0.1311306104 0.1305815165 0.1445640000 0.1082071746 0.1174034300 0.1316763092 0.1799092725 0.1448427055 0.1404387253 0.1190610007 0.1301088915 0.1215991221 0.1199408681 0.1603213832 0.1550572724 0.1785309458 0.1649500238 0.1027148777 0.2356624454 0.2258563678 0.2753206132 0.4658870174 0.6136909097 0.7054890730 0.8399414075 0.8181168330 0.8533272797 0.7300351407 0.6195751536 0.4774404991 0.3457993825 0.2555784894 0.1860656744 0.1521409814 0.1832403936 0.1464367640 0.1326378016 0.1214680411 0.1477957182 0.1249577015 0.1915764049 0.1672923766 0.1351986236 0.1795608195 0.1757715663 0.1477541249 0.1454585984 0.1029818140 0.1782624199 0.1126119200 0.1349746129
0.0811540136 0.0738138801 0.1512745382 0.1035827524 0.1663192647 0.1112720858 0.1487238092 0.1385282160 0.1184210944 0.2071039139 0.2553944092 0.3884409483 0.5169915838 0.6603965815 0.7361833833 0.8036494193 0.8724174472 0.7740321625 0.5901031570 0.4983872916 0.3635547475 0.2442283313 0.1980778523 0.2227579956 0.0932041442 0.1115935280 0.0831843390 0.1514200945 0.0884666674 0.0994545465 0.1370779553 0.1706966937 0.0787741519 0.1142516014 0.1141817345 0.1227954610 0.1289959466 0.1087502615 0.1306818731 0.1095455578 0.1329265547 0.0839141627 0.1848459508 0.1147627340 0.1678786643 0.1687228141 0.1954051883 0.2320104991 0.3529058638 0.4613002917 0.5648996690 0.6997902052 0.8059094991 0.8694235379 0.8121453365 0.6915463171 0.5733091279 0.4380858018 0.3636337904 0.2409323334 0.1655359812 0.1675216597 0.1613229458 0.1503213551 0.1469416756 0.1237182747 0.1579941130 0.1182219169 0.1278126986 0.1343901375 0.1439206403 0.1458742366 0.1396125033 0.1356789089 0.1124633508 0.1008195762 0.1739888829 0.1638329049 0.0967291050 0.1121557132 0.1831224502 0.1203889713 0.0988005382 0.1472713998 0.2445743468 0.2263021196 0.3702865632 0.4522002565 0.6336122225 0.7416933602 0.8628661267 0.8756607944 0.7823779450 0.6834925837 0.5246069531 0.4356713772 0.2833872725 0.2540928507 0.1867580405 0.1328748994 0.1249923901 0.1201541684 0.1426162386 0.1434651164 0.1254769736 0.1365689987 0.1362726150 0.1261966313 0.0704812679 0.1235446713 0.1562991631 0.1537163341 0.1552817470 0.1064831211 0.1477968554 0.1249059890 0.1434646224 0.1731957178 0.1790776144 0.1432221018 0.1084940637 0.2011759157 0.2825810430 0.2975359139 0.4421754470 0.5383691700 0.6707293899 0.8294577381 0.8177780137 0.8662231619 0.7644583146 0.6473655734 0.4940794203 0.3717370580 0.3295757819 0.2530165471 0.1964716899 0.1824573313 0.1242575992 0.1439660657 0.1559232732 0.1519094122 0.1718160888 0.1606653824 0.1760732689 0.1437729532 0.1272493640 0.1524034015 0.1153211426 0.1739103693 0.1359652344 0.1002910937 0.1459069493 0.1065286503 0.1706677535 0.1012204155 0.1701209600 0.1825736224 0.2455007362 0.1765252771 0.2945688306 0.3598448480 0.4689147672 0.6123349895 0.7236046571 0.8761106294 0.9180015507 0.7431228337 0.7930537387 0.5742014436 0.4295750665 0.3730042243 0.3214238890 0.2348173773 0.1288713279 0.1499396517 0.1693040016 0.1898881444 0.0716272381 0.1231210113 0.1367594936 0.1560851688 0.1301855961 0.1477465895 0.1683283592 0.1267560647 0.1677836981 0.1910748970 0.1687635384 0.1181046803 0.1106029210 0.1446924228
0.1543106317 0.1144843763 0.1202306889 0.1027829423 0.1455863718 0.1394045619 0.1485862743 0.1413926750 0.1253613865 0.1579688895 0.2448920371 0.3829672826 0.5113019228 0.6761254170 0.7857758072 0.8434690204 0.8623272690 0.7614697683 0.6938916686 0.5132879881 0.4010790106 0.2510842671 0.2266786132 0.2135188269 0.1251043595 0.1346664091 0.1317679220 0.1236844196 0.1035607011 0.1235766170 0.1062845003 0.1150959743 0.1199037043 0.1033307793 0.1069708362 0.1902531865 0.0778804609 0.0876586457 0.1571793688 0.1801603053 0.1298524750 0.1568368683 0.1518481037 0.1530450516 0.1674884278 0.1571058382 0.1886528235 0.2445639962 0.3052271098 0.4467886181 0.5990334074 0.7289566904 0.8291817556 0.9116613861 0.8336685380 0.7199338463 0.6271481871 0.4523182181 0.3574516618 0.2623435571 0.1695411521 0.1665147006 0.1443836362 0.1107558420 0.1385989563 0.1625444734 0.1293994891 0.1695204659 0.1446695849 0.1215175178 0.1357207189 0.1521143546 0.1816418878 0.1785800202 0.1530918397 0.0818745284 0.1639427873 0.1128253036 0.1415150732 0.1313741856 0.1295156815 0.1216329876 0.1789785241 0.1664107720 0.1994272863 0.2943072238 0.3851032113 0.4602491165 0.6991444275 0.7814353464 0.8546506357 0.8848000591 0.8198472602 0.6865835346 0.5348297885 0.4279631571 0.3264434102 0.1547713372 0.2223092746 0.1485101450 0.1334304417 0.1413953998 0.1529203471 0.1452492704 0.1854266266 0.1280991635 0.1205329151 0.1424744815 0.1503167908 0.1412276325 0.1353463476 0.2135984383 0.1265269613 0.1490683478 0.0884893048 0.1768380123 0.1483609062 0.1373094216 0.1094703190 0.1462094864 0.1299306876 0.2097304932 0.2516393162 0.3014789465 0.3306383947 0.5486948404 0.6334467867 0.7844182390 0.8706165379 0.8425178077 0.7900580069 0.6510495216 0.5246372928 0.3622027706 0.2696517775 0.2489607388 0.2099669725 0.1646264159 0.1645180110 0.1818094736 0.1180740819 0.1635076245 0.1927601956 0.1319951234 0.1327294152 0.0542143767 0.1885600563 0.1792072808 0.1939875782 0.1574459668 0.1919337828 0.1493114479 0.1349201807 0.1871178929 0.1383779750 0.1694993532 0.1492165339 0.2097163762 0.1955961523 0.2170884448 0.2620008093 0.3836445661 0.4590663941 0.6289308681 0.7187357887 0.8597950226 0.9049400171 0.8232000748 0.7506019594 0.6172181603 0.4438209979 0.3223900279 0.3135278835 0.2239048712 0.1672452632 0.1779868923 0.2581182870 0.1871984165 0.1473698177 0.1786777810 0.1370552339 0.1570423839 0.1358299234 0.1473834088 0.1643477816 0.1788944478 0.1847622851 0.1662661352 0.1211013010 0.1710038090 0.1437510051 0.1269637647
0.1680264448 0.1575323014 0.1572375948 0.1880902939 0.2116264280 0.1626462420 0.0792942728 0.1290616299 0.1679670119 0.2527132884 0.2694911586 0.4054539741 0.5725429291 0.7212562864 0.7793259491 0.8475986811 0.8450917829 0.7947966953 0.6339761218 0.4509687059 0.4167206352 0.3034494872 0.2239689958 0.1525299367 0.1951337770 0.1706670789 0.0549048213 0.1231222499 0.1172266089 0.1235440932 0.1262355079 0.1361300005 0.1568500105 0.1860295726 0.1236461007 0.1488041336 0.1515483640 0.1442704698 0.1617936955 0.1450817220 0.1542472773 0.1226074301 0.1858375209 0.1175294438 0.1321489118 0.1365957185 0.1913411701 0.2961249731 0.3494952053 0.4663301567 0.6231729995 0.6906581593 0.8088603881 0.8589346280 0.8201263564 0.7336752217 0.5742356166 0.3684522544 0.3900005109 0.3091033232 0.2227008677 0.2044128968 0.2234837805 0.1104492228 0.1914803164 0.0987146111 0.1758654284 0.1596873277 0.1559621378 0.1169783687 0.1277076018 0.1166795198 0.1027014858 0.1356193018 0.1317844630 0.1306628760 0.1541532791 0.1474760519 0.1607768103 0.1941569558 0.1104616183 0.1387220187 0.1624801131 0.2272173693 0.2094381944 0.2869904480 0.3235192520 0.4566464140 0.6767170302 0.7566708817 0.8722714638 0.9077908858 0.8656546422 0.7318539401 0.5387043042 0.4078766867 0.3055307602 0.2342611192 0.1551209031 0.1740962109 0.1867995267 0.1138496717 0.1550518459 0.1149760836 0.1715875395 0.1685012940 0.1514511579 0.1583320465 0.1432141799 0.2299761372 0.1166826574 0.1236062529 0.1943043841 0.1260096728 0.1402204921 0.1505669291 0.1902607373 0.1623013349 0.1362737859 0.1748596052 0.1926893112 0.1961501609 0.2336324309 0.3087948665 0.4008952953 0.5532310935 0.7021721875 0.8328071970 0.7980619898 0.8938045158 0.8322938813 0.6581979166 0.5369939344 0.3544735553 0.2368679245 0.2252319359 0.2091804784 0.1758640081 0.1814855813 0.1796214122 0.1080744694 0.1872970611 0.1354653178 0.1280034446 0.1826272640 0.1512964497 0.1741369807 0.1377099690 0.1551824115 0.1708082820 0.1353084720 0.1768620365 0.1685822171 0.1890555279 0.1710175230 0.1591381621 0.1944685446 0.2115651881 0.2422150097 0.2489139256 0.3299346361 0.3633249383 0.4533121349 0.6220553307 0.7409103681 0.8388484107 0.8448408903 0.8731385259 0.7764836992 0.6372813657 0.4964976768 0.3482618223 0.2579626147 0.2070261201 0.1690529555 0.1574433404 0.1668362866 0.1197392322 0.1685115206 0.1820478363 0.1680301085 0.1186630876 0.1819858454 0.1656083843 0.1748606325 0.1625624132 0.1633154469 0.1518831305 0.1359983171 0.1822813992 0.1808056162 0.1803680278
0.1296355556 0.1512339923 0.1170125964 0.1406576291 0.1565800712 0.1242613153 0.1515775321 0.1656037692 0.2261162977 0.2196311024 0.3374844364 0.4413129144 0.5577761441 0.7423290309 0.7851107738 0.8765127595 0.8259413582 0.7639846587 0.6348420510 0.5322950367 0.3922942775 0.2592003488 0.2734412212 0.2000237458 0.1895048566 0.1621856520 0.1584953680 0.0977871843 0.1233759550 0.2336083128 0.1821096664 0.1876123454 0.0844553938 0.1356743919 0.1239618575 0.1331416574 0.1752481167 0.1231279101 0.1590891786 0.1602756326 0.1683083224 0.1722883496 0.1475572387 0.1374995850 0.1467267676 0.1955013712 0.2058426073 0.3035266110 0.3557081491 0.4363671643 0.5638416762 0.7574978248 0.8434931150 0.9084630001 0.8508243393 0.7392196703 0.6391641160 0.4882558569 0.3704597736 0.2752712359 0.2249036310 0.1826821432 0.1359353193 0.1480310848 0.1318846073 0.1643703419 0.1626089818 0.1443436137 0.1497544025 0.1098649393 0.1175262958 0.1674682874 0.1121741825 0.1912214975 0.1155713833 0.2065727802 0.1511484891 0.1458676072 0.1361603219 0.1142070000 0.1381372346 0.1360035501 0.1464557160 0.1749077737 0.2505580803 0.3205404131 0.3838021180 0.5303928727 0.6382159304 0.8253947026 0.8710005911 0.8464735828 0.8328145192 0.6621008487 0.5457441925 0.4545124444 0.3065772651 0.2830706717 0.1831453484 0.1453868721 0.2174194674 0.1699482705 0.1802028483 0.1346241842 0.1862861335 0.1804421997 0.1842294164 0.1563913462 0.1756167282 0.1374577599 0.1518767617 0.1502833770 0.1582705454 0.1542134137 0.1812796222 0.1840648394 0.1415122248 0.2092748332 0.1675170660 0.1971253352 0.1631672154 0.2446002329 0.2322818495 0.3096391185 0.4255548974 0.5830896888 0.7109429636 0.8176198164 0.8669111591 0.8503051310 0.7760547158 0.6455850791 0.5444450902 0.3525406323 0.2976435716 0.2351365502 0.2121454389 0.1398162200 0.1203189359 0.1530759755 0.1435990997 0.2153982483 0.1811727989 0.1573396828 0.1387564658 0.1610988542 0.1290684071 0.1375853643 0.2369747339 0.1977178448 0.1282189492 0.1564541104 0.1846290974 0.1400560821 0.1621320675 0.2281585295 0.1851011772 0.2138403577 0.2324354002 0.1876175423 0.2520934883 0.3423917535 0.4401245678 0.5846579803 0.7002778690 0.8265759292 0.8773123396 0.8584694751 0.7694005372 0.6150619330 0.4781783580 0.3433278194 0.2580656096 0.2458371897 0.1890431091 0.1718828539 0.2197507829 0.1698901310 0.1639792340 0.1883647370 0.1631417927 0.2271567605 0.1526501596 0.1540093810 0.1128935812 0.1910498412 0.1798850317 0.2083957972 0.1377256404 0.1671029395 0.1470262254 0.1367202830
0.1041143382 0.1585584364 0.1374834998 0.1412685110 0.1154349893 0.1322402789 0.1631708050 0.1516376142 0.1761357508 0.2508083663 0.3475772172 0.4483842370 0.5714385151 0.6568330846 0.8138867363 0.8459367569 0.8223520778 0.7319060465 0.6324729713 0.5056369397 0.3489382371 0.2878352328 0.2232847698 0.1467473023 0.1662736331 0.1344188984 0.1828283862 0.1520054408 0.1211095739 0.1120155012 0.1580333641 0.1158225111 0.1568566993 0.1506368759 0.1487539854 0.1613002793 0.1803824872 0.1588233053 0.1379776649 0.1591853098 0.1512783778 0.0863739144 0.1572906252 0.1825714291 0.1249694147 0.1530947656 0.1891101388 0.3549022100 0.3013367748 0.4645536826 0.6336963521 0.6985948077 0.8711928097 0.8526201431 0.8456608028 0.7947629383 0.5921244647 0.4922368035 0.3415304880 0.2895286941 0.1990704102 0.1403661196 0.1870290783 0.1391217313 0.1349635118 0.1902350421 0.1595972718 0.1338133082 0.1552169720 0.1463545918 0.1855595396 0.1516734756 0.1324587129 0.1366801201 0.1071344703 0.1481504136 0.1335994400 0.1589291187 0.1624243559 0.1815745048 0.2213325014 0.1608160520 0.1996642298 0.1856059079 0.2483249564 0.2283922940 0.4462479800 0.5069851938 0.6459302609 0.8014884087 0.8170241134 0.8829007318 0.7963962287 0.6925803067 0.5234169404 0.4708355259 0.3216850733 0.2249690018 0.2249845835 0.1967877488 0.2370672880 0.1403751677 0.1832305491 0.1505086695 0.1353805262 0.2080313585 0.1516348713 0.1732776140 0.1088172171 0.1984449563 0.1909650010 0.2003230859 0.1882079548 0.1651912728 0.1494884132 0.1425579223 0.1364045354 0.1594421092 0.1819424138 0.2083138806 0.1949169448 0.1555406097 0.2975087377 0.3159524216 0.4538220934 0.5535886413 0.6846178727 0.8711373593 0.8899853300 0.9003922293 0.8332334583 0.6761206913 0.5051743871 0.3944778877 0.3076301909 0.2132821244 0.2320890621 0.1914948365 0.1727858460 0.1615620597 0.1641798147 0.1824180859 0.1785232097 0.1914820871 0.1318239651 0.1838651793 0.1847073086 0.1944330786 0.1887010269 0.1645690821 0.1757321475 0.1864504505 0.2192449756 0.1545471512 0.2162633338 0.1991372329 0.1481072983 0.1529507206 0.2172959230 0.2603275253 0.2245333598 0.3886980336 0.4793668578 0.6624756137 0.7658615309 0.8790664626 0.8649166658 0.8391092131 0.7429140445 0.6588944888 0.4460101360 0.3419999673 0.2734505931 0.2202313648 0.1578489154 0.1830953109 0.1928819359 0.1662190499 0.1690578618 0.2153008585 0.1640736862 0.1687737108 0.0716284082 0.2111931756 0.2137446376 0.1251128831 0.1690556492 0.1729113839 0.2110758708 0.1989738978 0.1782161149 0.2245905356
0.1261321163 0.1456398902 0.1469579532 0.1349375945 0.1421889571 0.1584093246 0.1653786324 0.1838845542 0.1840904799 0.2599269456 0.3259000550 0.4390299975 0.5480415739 0.6680322890 0.7857845779 0.8627308107 0.9079124680 0.7851687963 0.6368827035 0.4860491154 0.3752240720 0.2947471322 0.2398767328 0.1996845789 0.1619305810 0.1545804050 0.1883961992 0.1317474538 0.1640613982 0.1638013862 0.1752283504 0.0883902146 0.1480310013 0.1141956238 0.1338863561 0.1547965975 0.1192054720 0.1637539545 0.1847514473 0.1633300105 0.1935127995 0.2072808286 0.1232064227 0.1572732921 0.1596798475 0.1838945837 0.2113686668 0.2553295970 0.3201982377 0.4395719262 0.6383182057 0.6960553407 0.8583086056 0.9078360871 0.8352112158 0.7022597227 0.5792768903 0.5157513422 0.2987311686 0.2532282660 0.2094610079 0.1808468072 0.1815157870 0.1865432277 0.1251780431 0.1642517356 0.1456782075 0.1643503995 0.2037538909 0.1530262852 0.1953195902 0.1862466434 0.1547238956 0.1889469151 0.0953407595 0.1404501557 0.1577558533 0.1837012736 0.1713814307 0.1841469779 0.1280294378 0.1771972627 0.1940117293 0.2148355051 0.1901324562 0.3054349672 0.3490874142 0.5014149846 0.6742942878 0.7609739114 0.8573392985 0.8625307279 0.7920272516 0.7275165721 0.5477792233 0.4150607134 0.3015003268 0.2212051844 0.2119761402 0.2050607530 0.1058737133 0.1079788509 0.1508340342 0.1528026809 0.1347952140 0.1524993824 0.1361393311 0.1354798276 0.1699071427 0.2244833228 0.1183207349 0.1188781703 0.0995108100 0.1275990568 0.1388453279 0.1585587311 0.1491411970 0.1927786921 0.2198420403 0.1749063808 0.1648456384 0.1722790361 0.2146166219 0.3665041463 0.4889703092 0.5457006442 0.7301799143 0.8521010109 0.8982633735 0.8751453312 0.7757791297 0.6530305056 0.5193666212 0.4110516128 0.2599379482 0.2463600528 0.2178602483 0.1962169763 0.1491291112 0.1655973473 0.1833748952 0.1566744561 0.1817381510 0.2103030819 0.2053537167 0.1865816703 0.1425030454 0.1564193152 0.1478400953 0.2059409305 0.1832403799 0.1319796103 0.1796440752 0.1721793703 0.2189714791 0.1359806529 0.1798954212 0.1841947848 0.2239736859 0.1984807548 0.3013219142 0.3397711688 0.5100267502 0.6397847212 0.7414987335 0.8307224814 0.8704623756 0.8670186029 0.7543539280 0.6599142949 0.4679988268 0.3227731865 0.2765734800 0.2157968988 0.1574354594 0.1606331913 0.1453631791 0.1593814503 0.1935215290 0.1841468798 0.1496759887 0.1701895456 0.1965978682 0.1747562478 0.1564053387 0.2117191210 0.1985115969 0.1373848416 0.1678614032 0.1648349519 0.1902488684 0.1711498719
0.1683909223 0.1185540845 0.2122711931 0.1497183580 0.1582654455 0.1783125373 0.1567898055 0.1780708800 0.1548755739 0.2643492253 0.3020565130 0.4277555267 0.5478427903 0.6964823514 0.8290914695 0.9055358749 0.8654621174 0.7273396899 0.6833375438 0.4908862123 0.4028618869 0.2666866614 0.2291000193 0.2266040588 0.1274036347 0.1971495702 0.2040262654 0.1516137890 0.1660734022 0.1424729371 0.1064964068 0.1288365262 0.1819781316 0.1502819661 0.1384446367 0.1097376870 0.1404432901 0.0764377647 0.1197796852 0.1967018584 0.1333397183 0.1667190349 0.1647085442 0.1866892948 0.1266733900 0.1947912815 0.1926866601 0.2975179141 0.3728665500 0.4757134143 0.6247695278 0.7351675453 0.8398522541 0.8478283662 0.8183932590 0.6750580748 0.6105909426 0.4998749085 0.3839440743 0.2543861918 0.2101608165 0.1588712176 0.1733937329 0.1163922224 0.1647269764 0.1990999525 0.1235868707 0.1560054273 0.1544456076 0.2190983384 0.1222892037 0.1666846450 0.1582616461 0.1443858828 0.1534699229 0.1528844736 0.1903120884 0.1494294059 0.1611401365 0.1435131684 0.1279009467 0.1577491000 0.1225199668 0.1858969416 0.2580717758 0.3097713516 0.4095025153 0.4872362512 0.7266143131 0.8176992886 0.8646688135 0.9130419344 0.7849170768 0.6697889076 0.5430283965 0.3995536354 0.2980208410 0.2593255899 0.1841893881 0.1910928746 0.2048917935 0.1354745682 0.1682651779 0.1197049555 0.1796211605 0.1116505406 0.2024032867 0.1652097226 0.1468119251 0.1515247815 0.1554457228 0.1337984688 0.1200385892 0.1023631467 0.1433121607 0.1848696902 0.1845431660 0.1337617184 0.1509441864 0.1810411109 0.1784331231 0.2084379732 0.2154194851 0.3096748277 0.4192952158 0.5864210472 0.7391778751 0.8026409264 0.8927968111 0.8467282946 0.7519655268 0.6867793020 0.5840721395 0.4011374870 0.2656316168 0.2710267543 0.2055723732 0.2113512137 0.1901580833 0.1356850220 0.1719056587 0.1797638277 0.1784857469 0.1198323353 0.1691999288 0.1603014986 0.1865306040 0.1384677721 0.0932939817 0.1723892228 0.1214386348 0.1810661652 0.1891900563 0.1911103923 0.1691826590 0.1895068244 0.2052858647 0.1430877263 0.2222083363 0.2128480142 0.2693308881 0.3125387312 0.4698203121 0.6357809146 0.7727362143 0.8208643219 0.8583413911 0.7950618683 0.7459348577 0.5912468922 0.4660873954 0.3588412568 0.2716803695 0.2600600661 0.2194825641 0.2080259570 0.2086932398 0.1471391767 0.1347715672 0.1394214565 0.1418027609 0.1583940187 0.2011599961 0.1742643819 0.2490040337 0.1901427698 0.1906258089 0.1368885326 0.1422979304 0.1523805905 0.2110639853 0.0846831018
0.0966430444 0.1105376234 0.2172617442 0.1371296326 0.1342430440 0.1040757430 0.1577132711 0.1781136167 0.1546256935 0.2615232830 0.2664428558 0.4379664921 0.5825823736 0.7066224684 0.8406375405 0.8542871516 0.8400761473 0.7325521832 0.6281584323 0.5274104141 0.3600412531 0.2713722592 0.2195024496 0.1600584145 0.1882160569 0.1456553960 0.1488553707 0.1742066328 0.1223051742 0.1747189244 0.1396303072 0.1505563060 0.1037551122 0.1670140775 0.1456439768 0.2041288950 0.1975211724 0.1998115334 0.0906730986 0.1844906659 0.1850523676 0.1548573935 0.1948089898 0.2027280900 0.1938394723 0.1650945415 0.2269634958 0.2502770285 0.3598465551 0.5368536424 0.5989247916 0.7541345319 0.8379442916 0.8663138996 0.8197071830 0.7299039481 0.6072911021 0.4421007603 0.3452116769 0.2617837218 0.2097384109 0.1665339885 0.1432351634 0.1810747911 0.1552859804 0.1640274518 0.1560515864 0.1607307042 0.1663043522 0.1609859265 0.1517913433 0.1744878818 0.1348756188 0.1791751707 0.1798697880 0.1710808558 0.1317100867 0.1584764962 0.1697438185 0.1260079900 0.2065727251 0.2004527749 0.1790538822 0.2161897328 0.2275729980 0.2962813403 0.3743872630 0.4620013708 0.6528387074 0.7838182763 0.8806538038 0.8711549489 0.7817823517 0.6873381510 0.5441587353 0.4159870272 0.3777582606 0.2221812736 0.1544636492 0.1774648200 0.1871098407 0.1455171396 0.1739682548 0.1546446378 0.1857102389 0.1654982644 0.1970947428 0.1402338965 0.1673898346 0.1505176475 0.1049363481 0.1534851361 0.2048939659 0.1623179904 0.1628377528 0.1604350729 0.2280914280 0.1498736246 0.1211080907 0.1610266123 0.2080953110 0.2312253978 0.2332885697 0.3211593001 0.4471752385 0.6098448205 0.6865072974 0.8338491391 0.8612455509 0.8452679730 0.8173887004 0.6416144903 0.5015614099 0.3472342257 0.2694155358 0.2290167863 0.1685123574 0.1617287268 0.1852545720 0.1276218051 0.1418798699 0.1648455782 0.1592598867 0.1419343763 0.1385693728 0.1801051865 0.1668813598 0.2123860595 0.1700605775 0.1667300967 0.1264660417 0.1753355509 0.1489608049 0.1838787699 0.1494021921 0.1875055227 0.1765678018 0.1159816567 0.2058051451 0.2266118467 0.3063798333 0.3906935309 0.4775281404 0.6245029893 0.7694504084 0.8038703871 0.8896720623 0.8612478194 0.7670368872 0.6542884197 0.4991340195 0.3684648306 0.2701835095 0.1953236712 0.2191837598 0.1771662228 0.1562829312 0.1440779660 0.1658848453 0.2283679388 0.1864165042 0.1583646347 0.1623819325 0.1608761205 0.1560326317 0.1735035891 0.2010722139 0.1866347584 0.1473836321 0.1341614726 0.2270040948 0.1669524466
0.1497753160 0.0994419342 0.1654802382 0.1814059882 0.2019948459 0.1623690170 0.2058957898 0.1291197469 0.2142119156 0.2447501062 0.3350762980 0.4806378350 0.5753940973 0.7077878106 0.8246203388 0.9060750247 0.8575381095 0.7246193159 0.6153113067 0.4370202076 0.3665456393 0.2550895896 0.1855117256 0.1215999281 0.1740403870 0.1457428500 0.1474939637 0.1325754790 0.1594344508 0.1190928169 0.1312444302 0.1464725357 0.1174389602 0.1212364210 0.1772350800 0.1593352388 0.1739785732 0.1624646165 0.1501867286 0.1028165298 0.1241533063 0.1664948286 0.1769247047 0.1730427161 0.0874245512 0.1518021063 0.2082225811 0.2575847741 0.3460602293 0.4609320321 0.6421584650 0.7686686862 0.8164077717 0.8527500426 0.8675926740 0.6991368314 0.5883812224 0.4154211745 0.3758488937 0.2395744129 0.2220679469 0.1339835031 0.1273896123 0.1610167712 0.1379891060 0.1088826287 0.1131663302 0.1506561741 0.1269706963 0.1356428700 0.1021581859 0.1614590165 0.1809933912 0.1629172770 0.2061444125 0.1913073118 0.1120233227 0.1068274710 0.1326529261 0.1680004738 0.1606186402 0.1466372689 0.1286475149 0.1953940730 0.2476471483 0.2741014111 0.3774148761 0.5065329068 0.6964585042 0.7340860850 0.8328071210 0.8814361402 0.7822449848 0.6627077452 0.5433149706 0.4035751986 0.2585338342 0.1920409634 0.2188719148 0.1803859351 0.1560921780 0.1302974731 0.1380823551 0.1883750794 0.1306003742 0.1938815849 0.1603299861 0.1500735410 0.1738208770 0.1650393176 0.1555824168 0.1829837798 0.1934916743 0.1368669323 0.1502860944 0.0846355898 0.1109659845 0.1587095737 0.1542905550 0.1815350589 0.1398502108 0.2248120784 0.2212997790 0.3541048503 0.4060817135 0.5570154338 0.6566984356 0.8602350638 0.8996325648 0.8230422172 0.7310195875 0.6392416223 0.4661801851 0.3757080351 0.2883973707 0.2574391034 0.1737359913 0.2166993993 0.1728550744 0.1691850718 0.1885388490 0.1555489891 0.1396395664 0.1166734705 0.1206143143 0.1445845950 0.1669664530 0.1664017868 0.1206378830 0.1849247512 0.2171575748 0.1638127270 0.1694997723 0.1640331156 0.1431135813 0.1954572869 0.1479743146 0.1772180817 0.2118428175 0.2386660120 0.2837645028 0.3698420419 0.4848719156 0.6628788302 0.7529727320 0.8672591435 0.8594859806 0.8176837827 0.7373868886 0.6144761782 0.4523723772 0.3385798361 0.2671048896 0.1995892634 0.1854816115 0.1562974544 0.2027128707 0.1584278597 0.1586954998 0.1988909378 0.1576907453 0.1854467705 0.1869050213 0.1503009507 0.2104524602 0.1476088829 0.1492415502 0.1716677483 0.1606643670 0.1227631044 0.1542619010 0.2608745376
0.1416372874 0.1037585832 0.1394283016 0.1298206373 0.1217978301 0.1341175842 0.1761871172 0.1621454834 0.2183913306 0.2991161736 0.3281220642 0.4329711330 0.5542059750 0.7090526400 0.8041789776 0.8538950337 0.8159498792 0.7664139452 0.6052079359 0.4806416363 0.3423832362 0.2213475175 0.2071023266 0.1238770129 0.1734059300 0.1368527594 0.1520719750 0.1539771479 0.1706845080 0.2049488241 0.1135410744 0.1002804983 0.1312074151 0.1245701565 0.1458324636 0.1425092434 0.0875831006 0.1351776678 0.1562528249 0.0807641033 0.1589097107 0.1893278684 0.1523326799 0.1535909978 0.1915264268 0.1746130503 0.2297950090 0.2985532615 0.3420180081 0.4707456870 0.6550711096 0.7267999712 0.7799448383 0.8899298771 0.8046792520 0.7311035724 0.5842846922 0.4210580696 0.3351024756 0.2333591023 0.1607058303 0.2013974521 0.1183354983 0.1841443452 0.1221725395 0.1331357276 0.1355925340 0.1492166604 0.1453828644 0.1530608139 0.1867713316 0.1267462682 0.1264043311 0.1160602203 0.1262064417 0.1798110289 0.1004152468 0.1630036184 0.0913451552 0.1286316706 0.1583544551 0.1273986554 0.1685781509 0.1335396127 0.2440272649 0.3352494210 0.3436179727 0.4817679384 0.6943126576 0.7924243828 0.8965550662 0.8795887193 0.7880364321 0.6495969513 0.5102283267 0.4004360671 0.2627822372 0.2142635002 0.2177678417 0.1806979262 0.1282979988 0.0990325998 0.1731863910 0.1585629712 0.1568604056 0.1811736696 0.1222408547 0.1926497192 0.1621394628 0.2155512875 0.1753298412 0.1644478711 0.0708784175 0.1394174546 0.1171427479 0.1143838743 0.1619845235 0.1117129583 0.1265733134 0.1317186773 0.2212938388 0.1877811337 0.2559628624 0.3267959640 0.4051426542 0.5503847264 0.6917046033 0.8058504489 0.8874182236 0.8954138242 0.7613585383 0.6266086162 0.4865754780 0.3966927151 0.2647091036 0.1713571496 0.1638190189 0.1517678190 0.1359724584 0.1661276394 0.1266018343 0.0918824904 0.1497924190 0.0906266104 0.1859870732 0.1188326206 0.1278394748 0.2015011341 0.1174382294 0.1778537330 0.1866272886 0.1494937107 0.1320332278 0.1310892656 0.1565673253 0.1491806655 0.1668939881 0.1427107930 0.1759091725 0.2263754331 0.2181593061 0.3211428541 0.4985758874 0.5845100993 0.7295121631 0.8326325202 0.9300203785 0.7892390419 0.7177379533 0.5931142259 0.4162982919 0.3385860537 0.2896179280 0.1952122812 0.1778113111 0.2158558554 0.1233442376 0.1901344938 0.1402950787 0.1050004941 0.1673090149 0.1347051683 0.1604214188 0.2002387520 0.1083427512 0.1755117140 0.1721966270 0.1918014726 0.1456834711 0.1696836646 0.1235348991 0.1484953837
0.1260302453 0.0921922304 0.1283024294 0.0941063260 0.1039936748 0.1433894030 0.1055491515 0.0966598998 0.1839273936 0.2703970539 0.2895869599 0.4368046670 0.5862849046 0.6862002817 0.8095152629 0.9290170250 0.8418021629 0.6787148445 0.6013919424 0.4707578444 0.3276509637 0.2648755330 0.1918192783 0.1338385157 0.1458830865 0.1600266335 0.0891138127 0.1180641621 0.1366335419 0.1672704594 0.1256172028 0.1521015659 0.1617349855 0.0951054677 0.1668938079 0.1019222671 0.1369931251 0.0798586135 0.1517604165 0.1244730989 0.1834629723 0.1346303201 0.1815138888 0.1342802334 0.1712230909 0.1732956433 0.1877417089 0.2596345559 0.3434434541 0.4553688355 0.6268436892 0.6942609837 0.8327767025 0.8461428418 0.7882139267 0.7076042275 0.5536734544 0.3888118977 0.2993757561 0.1982139536 0.2051381042 0.1823223847 0.1154922797 0.0935924632 0.1445716928 0.0899188715 0.1141622317 0.1921913279 0.1139426370 0.1414398665 0.1198381988 0.1057236685 0.1563771664 0.1428265160 0.1530374270 0.1347511506 0.1655307680 0.1077887019 0.1290516841 0.1134018182 0.1143657023 0.1419584170 0.1282930800 0.1544436043 0.1957090736 0.2465643582 0.4284382778 0.5313923572 0.6433066372 0.7428857744 0.8761228205 0.8603600715 0.7601285214 0.6962834985 0.5004356104 0.3926153344 0.3156815824 0.2405199293 0.1800451144 0.2032716314 0.1462776269 0.1061322102 0.0925003680 0.1290883409 0.1567021351 0.1515422742 0.1290027968 0.1458445168 0.1241864505 0.1263235780 0.0809397023 0.1252214298 0.1066716223 0.1247343725 0.1626386034 0.1339530734 0.1736315276 0.1505878526 0.1605060814 0.1694110436 0.1258671551 0.1935204443 0.2077612275 0.3376485864 0.3485448741 0.5608914091 0.7544695930 0.8356209301 0.8722713149 0.8994849047 0.7073248296 0.6086327841 0.5085739374 0.3436870480 0.2754625711 0.1796316551 0.1514138642 0.1549943588 0.1179988367 0.1454717576 0.1253944317 0.1602868561 0.0931170343 0.1539868556 0.2095832088 0.2058538371 0.1311676956 0.0926681039 0.1311876684 0.1747113985 0.1684387382 0.1876015145 0.1692722986 0.1651303699 0.1690149615 0.1536942841 0.1050670213 0.1614357979 0.1770275785 0.1804570432 0.2816754773 0.3484289182 0.4324075967 0.6008181065 0.7370682597 0.8461056628 0.9109008077 0.8377924075 0.7288819133 0.5160086146 0.4657670479 0.3361656194 0.2459673446 0.1954960954 0.1835807568 0.2110824059 0.1585639045 0.1246878852 0.1892453587 0.1594717045 0.1652387416 0.1367762597 0.1573735681 0.1605762662 0.1509761088 0.1316911226 0.1497881185 0.1373288836 0.1707087877 0.1608992266 0.1500288965 0.0966163448
0.0733582750 0.0838140452 0.1092733892 0.1095404241 0.0927612399 0.1695801730 0.1278757012 0.1164986077 0.1909559811 0.2347589578 0.2943316899 0.4065211772 0.5309277339 0.7283392730 0.7933482146 0.8490181797 0.7848850209 0.7056169231 0.5705941116 0.4431492024 0.3691935252 0.2751359674 0.2041246835 0.1475164178 0.1098683136 0.1273341956 0.0893385071 0.0707391049 0.1043261596 0.1323798951 0.1403863118 0.1248417285 0.1111221524 0.1059305215 0.1113576446 0.1119961426 0.1355208906 0.1257496996 0.1340016144 0.1452793558 0.1499900589 0.1072491209 0.1307355522 0.1857358666 0.0977029960 0.1331951027 0.2045442165 0.2478962423 0.3204631757 0.4532699479 0.5763032605 0.7616144220 0.7554225107 0.8255411969 0.8208729141 0.7101506397 0.5528465127 0.4100829672 0.2807028105 0.2326525182 0.2080016174 0.1721576283 0.1307510500 0.1183350427 0.1170708189 0.1686624197 0.1048313375 0.0994767895 0.1296066406 0.1106216556 0.1445939375 0.1411317589 0.1257065873 0.1499054925 0.0858670505 0.1675655420 0.1282679215 0.1273641384 0.1224880020 0.1372195285 0.1345624234 0.1354778137 0.1613005329 0.1289573404 0.1969005928 0.2988578164 0.3950716261 0.5077994802 0.6660615500 0.7752666521 0.9064568126 0.8145292474 0.7654749355 0.6482138471 0.5235847945 0.4233434353 0.2429458342 0.2532230676 0.2137001391 0.1492821271 0.1111428077 0.1033187954 0.1327965608 0.0922728160 0.1279428687 0.1456606821 0.1084872499 0.1082943952 0.1095376895 0.1185376828 0.1000980610 0.0844538228 0.1069272740 0.0946216058 0.1215639549 0.1379279698 0.1603238451 0.0895205307 0.0698518502 0.1314547292 0.1961636793 0.1457312539 0.2340700113 0.3209478064 0.4486181759 0.5881935153 0.6926124761 0.7783472661 0.8469720686 0.8332034277 0.7184347549 0.6529962020 0.4804643370 0.3709267148 0.1952573161 0.2090274421 0.1148034077 0.1625845558 0.0759562051 0.1815332768 0.1272589067 0.0902075587 0.1458785252 0.1368954643 0.1327120211 0.1510470373 0.1437006704 0.1338972807 0.1009574137 0.1484522949 0.1500914613 0.1462793876 0.1287543129 0.1154326206 0.1943410562 0.1275555522 0.1437013048 0.1818293857 0.1923903934 0.2072789286 0.2536232275 0.3295371770 0.4704901193 0.6671640058 0.7132884506 0.8046466534 0.8097983809 0.7911639328 0.6939919021 0.5480496217 0.4662369628 0.3299403748 0.2775881504 0.1806407870 0.1575896400 0.1542325214 0.1188597734 0.1543739090 0.1526839501 0.2272093395 0.0878815677 0.1708188881 0.1622581343 0.1416467275 0.1144447588 0.1307291557 0.1414791274 0.0889613317 0.1249342697 0.1653201228 0.1505272318 0.1136137905
0.1111871612 0.0940879915 0.0547912914 0.1033115179 0.0848877987 0.0946045086 0.0932476613 0.1437002750 0.1609028955 0.2195912661 0.3064370437 0.4158996339 0.5592590071 0.7239668761 0.7676480246 0.8164356200 0.8170514736 0.7310445515 0.5446959526 0.4334914437 0.3241704905 0.1924989650 0.1116669927 0.1385725314 0.1533474997 0.1256259529 0.1630090379 0.1140121736 0.1551455873 0.1523276278 0.0900331718 0.1537546922 0.1021179957 0.1259855877 0.1259859410 0.0955164085 0.1268076890 0.1462452201 0.1049096520 0.1259854162 0.1243984125 0.1050481029 0.1285045824 0.1261283505 0.1371470173 0.1420150243 0.1638995729 0.2491259920 0.3173984663 0.4860590129 0.5524489697 0.7522401565 0.8137491321 0.8179902234 0.7956597978 0.7224291770 0.5425149578 0.3940678976 0.3077667561 0.2001953869 0.2152082044 0.1610012139 0.1654387209 0.1222240491 0.0994774324 0.1214933546 0.1460871806 0.1506018665 0.1135437499 0.0866556834 0.1305783347 0.1244789818 0.1797547000 0.0911535697 0.1119122904 0.1516516272 0.1170331060 0.1065368240 0.1148202767 0.1331671344 0.0664615033 0.0969054215 0.1218379282 0.0849567826 0.1926275286 0.3216720958 0.3645684021 0.5141840484 0.6267426595 0.7672205283 0.8291311165 0.8378615532 0.8147746585 0.6472186075 0.5452484133 0.3471751703 0.2591677312 0.2230870754 0.1720793559 0.1217338969 0.1438375276 0.1678125008 0.1304005349 0.0976369011 0.1567260148 0.1469740648 0.1491652540 0.1179681231 0.1266630647 0.1405364335 0.1393601886 0.1281322319 0.1202486388 0.0972543764 0.1040420692 0.1125792707 0.1179077405 0.1341101648 0.0935996292 0.1439892548 0.1779416843 0.1394180509 0.2566867100 0.3226197999 0.3688256770 0.5641402860 0.6836930373 0.7976232179 0.8353126430 0.8471243030 0.7382190026 0.6013895212 0.4798165359 0.3699039855 0.2489422734 0.2070960441 0.1693549387 0.1141810440 0.0819513338 0.1154333681 0.1605818146 0.0814147608 0.1217483569 0.1824506324 0.1169040949 0.1044150444 0.1364021899 0.1240028564 0.1397610208 0.1454825501 0.1245708286 0.0789226381 0.1368996231 0.1547094003 0.1187225873 0.1405756005 0.2216084766 0.1326295229 0.0900800468 0.1988731431 0.2343138842 0.3740475237 0.4449121974 0.6334478982 0.7623991553 0.8356480108 0.8427764633 0.7987193941 0.7014728787 0.5505816733 0.4398816037 0.3070255554 0.2216565767 0.1512869215 0.2074430378 0.1540579362 0.1240245206 0.1539339068 0.1281173278 0.1523579753 0.1564344133 0.1241481873 0.1770990052 0.1500497095 0.1018484840 0.1345364879 0.1636183002 0.1556486609 0.0690216198 0.1599297600 0.1366508487 0.1166496963
0.1122592358 0.1462255744 0.1014308398 0.1453016346 0.1140287672 0.1352662521 0.1295571060 0.1285924780 0.1239258607 0.2241495054 0.3205619449 0.4166198005 0.5588524130 0.6799847041 0.8323923096 0.8589760670 0.7717386377 0.7444322442 0.5777507421 0.4634557016 0.2836821366 0.2303444297 0.1841852100 0.1903077625 0.1255452429 0.1379380510 0.1066843672 0.1701717117 0.0899516426 0.1004732267 0.1312785637 0.1188181200 0.1365077701 0.1442106475 0.1075081873 0.1077996432 0.1254976584 0.0786621592 0.1517258453 0.1795312930 0.0648384780 0.0846322114 0.1111756945 0.0757816235 0.1431592039 0.1330914339 0.1910827764 0.2286930962 0.3396776364 0.4418555653 0.5987040031 0.7307344914 0.7913688331 0.8556239126 0.8040630734 0.6912157985 0.5914960031 0.3860475385 0.3270969073 0.1613760819 0.1504699663 0.1375765329 0.1380035572 0.1109990849 0.0652617052 0.1011976600 0.1178790311 0.0755415958 0.1234671393 0.1634294988 0.1139883029 0.1544632416 0.1430543493 0.1082858647 0.1081557380 0.1668785945 0.1490684685 0.1258669503 0.1406528609 0.1600200376 0.0778692092 0.1667348803 0.1849954018 0.1408562520 0.2163628245 0.3035109979 0.4373219989 0.5031663231 0.6457356862 0.7476220315 0.8139932477 0.8889122119 0.7426554213 0.6089472068 0.5021446748 0.3452802314 0.2667770175 0.1925642219 0.1686084286 0.1181727700 0.1329382016 0.1126564607 0.0580874896 0.1037917879 0.1363133090 0.1105305829 0.1411256727 0.0961951426 0.1434632666 0.0867493740 0.1224211328 0.1226467973 0.1561379108 0.1268383240 0.0988981669 0.0972571402 0.0994787777 0.0882258806 0.1260776274 0.1385825332 0.1804198051 0.1539959948 0.2017760550 0.2946455473 0.4507036137 0.5643966563 0.7040584967 0.8181094149 0.8557090361 0.8075320517 0.7436715629 0.6453439341 0.4539456065 0.3537315161 0.3129409700 0.1624393686 0.1676272650 0.1259172961 0.0883731464 0.1966076626 0.1445877783 0.1657824147 0.2025097669 0.1218796489 0.1578248006 0.1944541155 0.1450902407 0.0715421470 0.1261417655 0.0772621259 0.1300444852 0.1701232718 0.0999564978 0.1129634885 0.0938609615 0.0938848991 0.0798142162 0.2075217599 0.1793861291 0.1743013929 0.2551374179 0.3636561692 0.5116197954 0.6005911894 0.7620076881 0.8098356339 0.8315106659 0.8151376115 0.6883902871 0.5619119183 0.4396884803 0.2795257464 0.2269077891 0.2147788960 0.1015313421 0.1788422627 0.0878016180 0.1509414784 0.1683841018 0.1050888067 0.1432310572 0.0984220497 0.0954644574 0.1168325963 0.0815269876 0.1308683023 0.1081970959 0.1087988562 0.1403998389 0.1007137654 0.1447965456 0.1282253835
0.1251062734 0.1533505387 0.1559964045 0.1135249510 0.1470310288 0.0995303834 0.1135916711 0.1839135162 0.1469997780 0.1452075585 0.3382038813 0.4157930228 0.6389063123 0.7210584404 0.7522942747 0.8139015331 0.8024784514 0.6805294723 0.6140747972 0.4402222960 0.3414096640 0.2479397920 0.1854888161 0.0901535732 0.1479872099 0.1494455114 0.1223279573 0.0643270318 0.1317397875 0.1020711926 0.0927747461 0.0996432539 0.1316604792 0.1032790403 0.1195452009 0.1099876275 0.1191151972 0.1008455762 0.0898744555 0.1218524515 0.0957655642 0.1120189450 0.1449498025 0.1464317028 0.1579634789 0.1392828998 0.2172792971 0.2281773719 0.3545567488 0.4367255982 0.6040367778 0.7106703700 0.8015916303 0.8178094861 0.7550329525 0.6905883889 0.5367815598 0.4105549095 0.2557480067 0.1936211368 0.1247486151 0.1368544676 0.1323418208 0.1243799329 0.0946653904 0.1169279078 0.1009451505 0.1199613944 0.1932311799 0.1558806240 0.1187049085 0.1303127347 0.1374385464 0.0936840152 0.1220244026 0.1307587568 0.1463169937 0.1396048340 0.1354883642 0.1197977276 0.0704562108 0.1219094860 0.0960886565 0.1409791235 0.2207027237 0.2795366612 0.3806050000 0.5519638693 0.6695673232 0.7554455205 0.8142145429 0.8399699304 0.7566417825 0.6367117002 0.4761639432 0.3922692366 0.3034734177 0.1923793386 0.1251584739 0.1223488515 0.1436301699 0.1374825771 0.1468147978 0.0877073921 0.0986396503 0.1320344686 0.0913449007 0.1334223477 0.1338421349 0.1010882011 0.1486620296 0.1214702648 0.0711099607 0.1196946591 0.1385514723 0.1241357327 0.1192577732 0.1078083228 0.1633229351 0.1242333488 0.0917923309 0.1728610471 0.2520820483 0.3126462477 0.4153155113 0.5533597575 0.6992758994 0.7790197364 0.7993822671 0.8766730357 0.6727693724 0.6139898485 0.4722609591 0.3256545725 0.2023780454 0.2177904573 0.1892624426 0.1484536430 0.1330836739 0.1511713918 0.1607680127 0.1321403458 0.0882449791 0.1094897860 0.0690585914 0.1596429910 0.1718121395 0.1472609153 0.1473666051 0.1414411165 0.1345411077 0.1539676613 0.1488869645 0.1202174910 0.0957477792 0.1913303519 0.1196134981 0.1469039584 0.2013736502 0.1659487867 0.2691760791 0.3130005937 0.4817670241 0.6212340673 0.6931541189 0.8533094598 0.8507680759 0.8222960770 0.7285303776 0.5301626964 0.4467912452 0.2953967393 0.2597332315 0.2257081415 0.1520896111 0.1410224572 0.1383808318 0.0960615005 0.1182710238 0.1617178850 0.1386959248 0.1308066849 0.0964340440 0.1177282023 0.1686524687 0.1757010162 0.0822558638 0.1052408474 0.0990789385 0.1238592359 0.1702037770 0.1577136666
0.1163711128 0.0810926927 0.1235188791 0.1252406971 0.1358780244 0.0924516337 0.1250472396 0.1238408763 0.1760026397 0.2333379975 0.3118629433 0.4389614254 0.5239130383 0.7168442939 0.7863907754 0.8183680584 0.7805802326 0.7093004805 0.5263518158 0.4063708020 0.2860682008 0.2096803677 0.1239572575 0.1323137075 0.0746917841 0.1175143154 0.1487107486 0.1479881619 0.1499203261 0.1243592695 0.1235293063 0.1163500571 0.1098733449 0.0730325728 0.1618786800 0.0764749169 0.1379242353 0.0963554802 0.1163092114 0.1192021663 0.1128554187 0.1083684767 0.0905486073 0.1443509385 0.1105969283 0.1420608153 0.2144045367 0.2436300389 0.3310299564 0.4557191310 0.5730184212 0.7363632911 0.8087081436 0.8402192810 0.8214474594 0.6724424458 0.5342235523 0.3756384479 0.2755486724 0.1802579127 0.1859532155 0.1335428737 0.1078053032 0.0892245373 0.1581732363 0.1284709088 0.1294288452 0.1171452225 0.1072117824 0.1552174936 0.0959855246 0.1109199086 0.0879510370 0.1026269001 0.0802225789 0.1417157610 0.1636831426 0.1303359441 0.1400896487 0.1484016566 0.1306577908 0.0704559580 0.1352671398 0.1948601179 0.1975044698 0.2769645937 0.3754842734 0.5053308730 0.6757962120 0.7532507293 0.8055814491 0.8466492178 0.7682347872 0.6133564459 0.4673853978 0.3712607449 0.2728491631 0.2057493068 0.1115553362 0.0892180694 0.1378403118 0.1968047032 0.1246613914 0.1013886855 0.1287345138 0.1059174511 0.1168881935 0.1183153760 0.1824711207 0.1447067598 0.0977433513 0.0761526635 0.1664857493 0.1402730502 0.0902806618 0.1514403869 0.1382818324 0.1281623287 0.1376786179 0.1682764696 0.1803241799 0.1751775086 0.1972912351 0.3157268024 0.4372305111 0.6301757172 0.6782805289 0.7661289818 0.8285308320 0.8205922670 0.7195204188 0.5657329894 0.4379366193 0.3195672228 0.2424906968 0.2123482768 0.1344516021 0.1682758819 0.1443829228 0.1002509016 0.1247299313 0.1078831485 0.1284937828 0.1605382185 0.1339136536 0.1697378231 0.1340352632 0.1162072877 0.1052651397 0.1679128428 0.1228281870 0.1406278813 0.1435700948 0.1258231307 0.1355536921 0.1417500163 0.1769522428 0.1692385058 0.1695530834 0.2426172498 0.2826556058 0.3220206585 0.4971417551 0.5886275402 0.7340321189 0.8492895673 0.8511813470 0.8186464109 0.6533263753 0.5183939060 0.4072735704 0.2966167620 0.2416553655 0.1472621270 0.1361795551 0.1723011331 0.1502282007 0.1265220609 0.1040216544 0.1256560028 0.1590311166 0.1002957871 0.1342596229 0.1440697525 0.1491820549 0.1581579518 0.1472482352 0.1289336248 0.1522446657 0.1158522214 0.1535377305 0.1383136070
0.0500737473 0.1406097994 0.0961634097 0.0834599159 0.0801958184 0.0783234592 0.1602462712 0.1495990322 0.1848357978 0.2231026115 0.2277391446 0.4295724455 0.5985331143 0.7067991965 0.8284912360 0.8772079813 0.8319009405 0.6410789728 0.6002929619 0.4770316954 0.3125493853 0.2217447864 0.1339520402 0.1707854937 0.1442519860 0.1076647921 0.1109093461 0.1035544703 0.0994323050 0.1458947792 0.1109947526 0.1160697943 0.1259945679 0.1404653440 0.1040670380 0.1589651423 0.0883280651 0.1300276622 0.1132786288 0.1591784709 0.1588260668 0.0835356943 0.1452106076 0.1526369845 0.0876792697 0.1323584893 0.2305160449 0.2806631017 0.3387379328 0.4532771370 0.6133577392 0.7268560111 0.8573513359 0.7993363129 0.8010039574 0.7040306918 0.4856660721 0.4163870928 0.2800904786 0.2169148100 0.1570120509 0.1469571494 0.1505005039 0.1638225894 0.1279521745 0.1273958981 0.1423997357 0.1131376042 0.1040330361 0.0689988150 0.0386433153 0.1273806188 0.0969829264 0.1339632091 0.1696751862 0.0848833783 0.1546413836 0.0971598385 0.0976369014 0.1473004907 0.0848476009 0.1504399084 0.0797931832 0.1505002875 0.2327710914 0.2814191353 0.3693829910 0.5216350180 0.6345309903 0.7489462839 0.8802977503 0.8442742217 0.7526837305 0.6326796173 0.4917018216 0.4266187190 0.2866877707 0.1446793230 0.2058865233 0.1267102462 0.1276906822 0.1335093085 0.1250139776 0.1031915343 0.1436810860 0.1167624932 0.1664604183 0.1216307581 0.1100644263 0.1351139203 0.1282296699 0.1131777516 0.1605480876 0.1168727482 0.1058320951 0.1154411589 0.1009042401 0.1732682232 0.1394415899 0.1326383480 0.1364529969 0.2065056956 0.2104550000 0.3641273606 0.4244254871 0.5772575679 0.6960935790 0.8415416295 0.8700963619 0.7742028645 0.7480189013 0.6029430840 0.4384957805 0.4157995983 0.2461937682 0.2264830197 0.1732789303 0.0958178664 0.1462799866 0.1348383877 0.1391470182 0.1383174807 0.1209475027 0.1544104679 0.1612250794 0.1128719642 0.1073805611 0.1459704537 0.0982327623 0.1529692637 0.1350941463 0.1112074315 0.1414080469 0.1441435444 0.0516184823 0.1091024518 0.1618907191 0.1588597941 0.1656563663 0.1934916663 0.2897258540 0.4035245240 0.4506100562 0.5818258728 0.7733231224 0.8126854320 0.8011422439 0.7709748043 0.7283886223 0.5390792810 0.4644439464 0.2806085042 0.2514177718 0.2277260917 0.1508045669 0.1694162896 0.0778028910 0.1261679132 0.1144993584 0.1045776452 0.1081780070 0.1947554207 0.1695678565 0.1947114262 0.1352684303 0.1211111813 0.0993380807 0.1543145631 0.1574607875 0.1368961030 0.1477545628 0.1534724968
0.1094868358 0.1220857915 0.1425573849 0.1353723511 0.1250210932 0.1340532365 0.0987929736 0.1482642731 0.1392067723 0.2504951844 0.2888734113 0.4292637940 0.5851561086 0.6857089384 0.7858145026 0.8500475975 0.7855003337 0.7533625255 0.5696146516 0.4162066249 0.3057212170 0.1930921098 0.1547469775 0.1450172313 0.1465939501 0.1139742662 0.0995362212 0.1247324674 0.1025345716 0.1204489697 0.1622273594 0.1350079768 0.1061190093 0.0910065919 0.1610065928 0.1177542040 0.1198393486 0.0923745948 0.0566637029 0.0882873459 0.1274235084 0.1359793430 0.1394115623 0.0897307409 0.1738047121 0.1596972317 0.2497396416 0.2610929252 0.3805928303 0.4446819603 0.5643382999 0.8168993165 0.8350370729 0.8477277723 0.7687741464 0.5755667478 0.5783161389 0.4446927396 0.2880968345 0.1465392611 0.1473455504 0.1653694291 0.1438640900 0.1452050304 0.1120982945 0.1373907289 0.0815963902 0.1239425692 0.1400812245 0.1660827257 0.1003783998 0.1172063111 0.1913299232 0.0901059802 0.1406110148 0.1619291933 0.1266422701 0.1338749692 0.1205394006 0.1185537472 0.1041155231 0.1633883277 0.1736433202 0.2067026522 0.2480672992 0.2915153889 0.4336004443 0.5824507338 0.6814744681 0.8011617812 0.8349268013 0.8656342667 0.8060521171 0.6567546670 0.5216498374 0.3135946021 0.3114742543 0.1591292149 0.1960704205 0.1813379494 0.1514690627 0.1469159306 0.1246104188 0.1322783467 0.1168262489 0.1343328786 0.1580131862 0.0985113063 0.1319231908 0.1253273279 0.1645630409 0.1211102772 0.1317733598 0.0841794003 0.1529466826 0.1512682065 0.1674031311 0.1965195324 0.1083077222 0.1446157785 0.1681454450 0.2177704525 0.2364084850 0.3461382570 0.4654803569 0.5278245030 0.7485910580 0.8023124424 0.8250494755 0.8396154061 0.7059051315 0.6136355193 0.4680490551 0.3370823651 0.2301098949 0.1989847509 0.1400116057 0.1173059478 0.1171031110 0.1345919985 0.1001369029 0.1190756742 0.1112212550 0.1421246085 0.0981899579 0.1694615131 0.1582025510 0.1629413690 0.1331139444 0.1566459702 0.0851067991 0.1653278732 0.1579140578 0.1493555224 0.1575805504 0.2204090215 0.1640882043 0.1013451177 0.1823872568 0.2337308125 0.2754752944 0.3659409456 0.4512992579 0.5844719361 0.7855081674 0.8537469057 0.8713326677 0.8476859267 0.6658049500 0.5612657286 0.4413878488 0.3257893915 0.2357299767 0.1889375427 0.1115101296 0.1807431143 0.1645431790 0.1832144141 0.1539931945 0.1695345697 0.1642297747 0.1228033936 0.1330752110 0.2073390099 0.1359155011 0.1309521109 0.1450842745 0.1262515322 0.1642155913 0.1630241773 0.1491860377 0.0974039671
0.1344358334 0.1580679444 0.1571276472 0.1366689017 0.1436225551 0.1514701824 0.1761217382 0.1623355912 0.1859782246 0.2182054050 0.3499960988 0.4262819737 0.5977574872 0.7368193536 0.8048898627 0.8634926838 0.7554413646 0.7050338099 0.5970149008 0.4798478912 0.3525616128 0.2135910205 0.2040032177 0.1824051681 0.1538051814 0.1590911913 0.1110863946 0.1516273705 0.0908239611 0.1422011565 0.1756510844 0.1197017823 0.1152765210 0.1542193031 0.1227598096 0.1591752269 0.1551728457 0.0940689787 0.1206094675 0.1206705105 0.0964558159 0.1145594570 0.1124667671 0.1437714163 0.1406137229 0.1903804928 0.2252552548 0.2321152899 0.3787804536 0.4554332338 0.6474878428 0.7909586651 0.8953260664 0.8443983798 0.7573281552 0.6808660688 0.5498698880 0.4257910382 0.3131649908 0.2382416141 0.1921840036 0.1408258567 0.1219657538 0.1337621394 0.1795312688 0.0823740111 0.1124058756 0.1499850029 0.1436687776 0.1672040116 0.1395786375 0.1668878553 0.1668607301 0.1459269836 0.1849100731 0.1538086598 0.1193992889 0.1180416979 0.1213418625 0.1281541020 0.1600297369 0.1272025355 0.1374467077 0.1921427784 0.2075936771 0.3319112581 0.3643474546 0.5146332810 0.7590900467 0.8183798163 0.8021359901 0.8107809758 0.7715173035 0.6427360929 0.5477213483 0.3823047643 0.2679968394 0.2460145845 0.1796352158 0.1674427543 0.1834890916 0.1409929148 0.1605718884 0.1277222823 0.1412357985 0.1872514634 0.1642475601 0.1670954738 0.1652316946 0.0993343773 0.1382712238 0.1685993639 0.1392076694 0.1061596258 0.1747784726 0.1807924110 0.1569094391 0.1871681983 0.1251511004 0.1140414974 0.1450784343 0.2083303223 0.2090381653 0.2716232379 0.4606725432 0.5978541936 0.7273921683 0.8132778668 0.8735303346 0.8278649020 0.7011600878 0.5934949314 0.4295067692 0.3519350983 0.2895175069 0.2168390194 0.1947099800 0.1658321700 0.1267970589 0.1013411959 0.1713756799 0.1721493112 0.1459447985 0.1551261260 0.1299445441 0.1442931793 0.1689172735 0.1447665841 0.1538816294 0.1245351112 0.1825610201 0.1606234550 0.1653326419 0.1533953213 0.1468709710 0.1717206861 0.1808835448 0.1488369286 0.1228643116 0.2074540325 0.3300259286 0.3885014674 0.4790581803 0.6510992978 0.7529693780 0.8593678304 0.8409914289 0.8515653212 0.7351176382 0.5804736249 0.4379846466 0.3240740186 0.2259723689 0.1964818478 0.1601426230 0.2126161942 0.1551356544 0.2056231397 0.1214541912 0.1400684144 0.1222957324 0.1071935525 0.1369498983 0.1287259931 0.2029193840 0.1695483276 0.1830899680 0.1655215264 0.1304124501 0.1382816809 0.1861341341 0.0896528376
0.1931609181 0.1410247149 0.1195918903 0.1309035209 0.0893184969 0.1426984092 0.1605337766 0.1476656317 0.2112012627 0.2895553142 0.3679287991 0.4460112689 0.6348965606 0.7202627457 0.8202565606 0.8474811731 0.8006068771 0.6835456371 0.5755445744 0.4499751962 0.3236003238 0.2484747847 0.2041587838 0.2245615325 0.1931043053 0.1311128896 0.1533541445 0.1669954737 0.1539333879 0.1257687169 0.1666570549 0.1427267130 0.1141572337 0.1475736180 0.1876627284 0.1777578421 0.1301245808 0.1540095825 0.1069922372 0.1348483940 0.1532873539 0.1784217193 0.1503837342 0.1573932975 0.1658521617 0.1684544224 0.2600651493 0.3426467699 0.3347872859 0.5153267738 0.6330284017 0.7632512235 0.8670573397 0.8449168791 0.7401939170 0.6734528529 0.5594574272 0.4238289086 0.3403167657 0.2414392117 0.1889380316 0.1942067914 0.1486550577 0.1045564139 0.1412046027 0.1696783462 0.1510885334 0.1462560579 0.1799364595 0.1082632698 0.1696058219 0.1565177158 0.1622046092 0.1496425357 0.1042077642 0.1711178702 0.1385091558 0.1328244996 0.2258196432 0.2062232446 0.1587472519 0.1312287231 0.1320699859 0.1407425994 0.2707068050 0.2791196123 0.4321380654 0.5547164212 0.6384750872 0.7849482951 0.8605856615 0.8551091608 0.7949305093 0.6639619112 0.5265058069 0.3764638719 0.2795886164 0.2387873994 0.1451624026 0.1617908401 0.1123200860 0.1366480738 0.1515402337 0.1415906493 0.0927286067 0.1797249771 0.1527141804 0.1431336266 0.1548848857 0.1642878846 0.1771896551 0.1512301812 0.1532087316 0.1335766900 0.1300152287 0.1324577848 0.1783674520 0.1683608640 0.1802825892 0.1384000492 0.1762668360 0.2223630330 0.2685039859 0.3254321162 0.5014177530 0.6154781559 0.7959189375 0.8471940850 0.8756322015 0.7984282186 0.7427860025 0.6394075868 0.4981917855 0.3550564799 0.3020948976 0.1954025514 0.1549959510 0.1886396813 0.0693365105 0.1136084332 0.1667494674 0.1440159106 0.1592925917 0.1520713469 0.1286504952 0.1316780051 0.1937764933 0.1653417349 0.2001494948 0.1488001529 0.1996506709 0.1673983497 0.1579485483 0.1513404647 0.1520228684 0.1649711280 0.1507551225 0.1582249333 0.1655822492 0.2889471802 0.2934548341 0.3959843124 0.5207253599 0.6631993084 0.8006141377 0.8635603166 0.9061696180 0.8151211287 0.6792088690 0.5672542068 0.4492955037 0.3145338963 0.2174369304 0.1970151284 0.1999783598 0.1566876618 0.1548191004 0.1427477491 0.1699902384 0.1351063838 0.1876237670 0.0897797056 0.1823891091 0.1349552557 0.1724742628 0.1680838111 0.1812522219 0.1469239209 0.1820451437 0.1390664583 0.1640721005 0.1181345555
0.1635594233 0.1229208986 0.1703513112 0.1702352835 0.1492669464 0.1261448288 0.1574675347 0.1554074918 0.2325357894 0.2514187203 0.3976585850 0.4775595526 0.5560843187 0.7453899167 0.8696746647 0.8939691402 0.8251187598 0.6957178721 0.6041696863 0.4158854399 0.3637690037 0.2680494066 0.2081457173 0.1529003140 0.1535758332 0.1595476096 0.1463879543 0.1655893987 0.1390761187 0.1941191594 0.1618509012 0.1076106440 0.1250398901 0.1878830936 0.1474482204 0.1948817976 0.1451618121 0.1449768834 0.1770810747 0.1707645120 0.1774084044 0.1462341237 0.0712858520 0.1456746960 0.1632740033 0.2302466587 0.1993812424 0.2943241490 0.3859363951 0.5003692369 0.6725739853 0.7475480040 0.8527468463 0.8312558646 0.8220989242 0.7126600564 0.5327761393 0.4356643937 0.3135232131 0.2559104760 0.1819092703 0.0966919008 0.1916562250 0.1774120489 0.1745635797 0.1567487210 0.1685825549 0.0944167352 0.1541964406 0.1580554243 0.1461722061 0.1629306171 0.1855930758 0.1505312136 0.1004044764 0.1133252832 0.1228569210 0.1650233014 0.1532643154 0.1999625867 0.2065583080 0.1382268896 0.1818351462 0.2115878597 0.2578286533 0.3423181164 0.4569861146 0.5217814282 0.6827399173 0.8188837605 0.9181351678 0.8264801540 0.7584405778 0.6308866987 0.4781584554 0.3191716908 0.2886999902 0.2370574473 0.1950015701 0.0888833698 0.1211391075 0.1150454207 0.1473797605 0.2044089902 0.1666343144 0.1543033374 0.1781750397 0.1414658310 0.2248377023 0.1578253888 0.1388896140 0.1274479429 0.1442092444 0.1194871118 0.1001081982 0.1324574634 0.1317565923 0.1664473145 0.1796390865 0.1442235593 0.2276459077 0.2024002465 0.2726998572 0.3393491078 0.4658282541 0.5827338701 0.7580374744 0.8720375576 0.8542872302 0.8006915132 0.7743371275 0.6041618292 0.4941993735 0.3698707983 0.2625556653 0.2210040674 0.1782957316 0.1742185600 0.1718039177 0.1919896659 0.1267228798 0.1197280486 0.1121456228 0.2004416673 0.1603468676 0.2273767275 0.1635902875 0.1712459159 0.1712023021 0.1368315562 0.1710199432 0.1630210966 0.0900879283 0.1136815669 0.1835752053 0.1907794961 0.1219304750 0.1519195199 0.2232593133 0.2855888556 0.3061984610 0.3425651488 0.5004429214 0.6753130958 0.8215580050 0.8488380184 0.8525082493 0.8342035798 0.7104765868 0.5754266568 0.3969725964 0.3486684459 0.2351574218 0.2153084885 0.1773850603 0.1973150435 0.1171841956 0.1951368966 0.1704796054 0.1734670810 0.2107915671 0.1920755208 0.1923262630 0.1509508024 0.1612356463 0.1774492050 0.1835971602 0.1854219915 0.1467256930 0.1565462330 0.1411231966 0.1758152331
0.1684936737 0.1572657270 0.1643634833 0.1093822005 0.1296380840 0.1529330278 0.1751750948 0.1513311965 0.1725181695 0.2440106163 0.3715786880 0.4777833203 0.6174321571 0.7652053781 0.8476917050 0.8680929217 0.8259555825 0.7250991374 0.6100269686 0.4653462496 0.3591195599 0.3026077874 0.2112529893 0.2046429312 0.1697430372 0.1097494514 0.1484701345 0.1551750372 0.1447621600 0.1467859855 0.1008752126 0.1935335330 0.1830025996 0.2122624173 0.2024119989 0.1607101937 0.1400321269 0.1084758012 0.1412675199 0.1570801244 0.1605441085 0.1375198482 0.1274882026 0.1848273809 0.2068717188 0.1944349272 0.2077518340 0.2948622520 0.3859402345 0.5610054359 0.6617268723 0.8059724554 0.8621303739 0.8300556341 0.8120701976 0.6978434809 0.5490312357 0.5009181000 0.2997037253 0.2021151057 0.2002655972 0.2055710026 0.1442930177 0.1605330950 0.1264242233 0.1240159799 0.1839110472 0.1429549484 0.1443097977 0.1824923781 0.1930516423 0.1825351012 0.1257889524 0.1461792090 0.1802667937 0.1407855808 0.1329949832 0.1460278041 0.1818700868 0.1424115829 0.1588517431 0.1623959702 0.1824879680 0.1807984382 0.2269366967 0.2972826416 0.4249029041 0.5732198785 0.6743745661 0.7967027870 0.8792280724 0.8485121408 0.7435567699 0.6339351875 0.5396522148 0.3615511946 0.3355928030 0.2379775034 0.2421764424 0.1702221855 0.1994744396 0.1477914306 0.1223574906 0.1162518971 0.2078815749 0.1375796368 0.1844707210 0.1656007555 0.1710562429 0.1643732217 0.1709860876 0.1648294691 0.1527654710 0.1540037078 0.1377480824 0.1426272041 0.1862154890 0.1265377357 0.1872307750 0.1642568313 0.1677248726 0.2326590470 0.2207299963 0.3456465844 0.4552158857 0.5918974072 0.7438962143 0.8516621996 0.8902213099 0.8424013013 0.7235895926 0.5862053958 0.4339178732 0.3651417841 0.3129105717 0.1795624851 0.1875214941 0.1822822914 0.1746197067 0.2382409477 0.1809215278 0.1630482622 0.1258447198 0.1694947460 0.1668644253 0.1907973989 0.1752153633 0.1364390386 0.1537691928 0.1931435572 0.0847442027 0.1578172823 0.1162874679 0.1458596044 0.1921778438 0.1258067176 0.2294397847 0.1834865250 0.1542694949 0.2647891396 0.3165615898 0.4157647815 0.5160511520 0.6690675304 0.8324390602 0.8505989256 0.8719723206 0.8168717441 0.6875419745 0.5693240762 0.4629178345 0.2885688542 0.2484767586 0.2259162247 0.1609263059 0.2004755940 0.1495599741 0.1404578711 0.1769731363 0.1844245562 0.1659207173 0.1467021187 0.1670626811 0.1925080490 0.1567330490 0.1769525250 0.1533865355 0.1750413087 0.2148456677 0.1805913108 0.1821545463 0.1155468194
0.0934847505 0.1508660515 0.1207430009 0.1308166557 0.1389824530 0.1659154232 0.1527665757 0.1078374920 0.1856447743 0.3221111546 0.3639874957 0.4911895305 0.5761085092 0.7498436959 0.8479829799 0.8570815818 0.8253776147 0.7302902381 0.5809062422 0.4766589694 0.3672872611 0.2779074234 0.2028065642 0.1899784009 0.2003574648 0.2033153809 0.1374341368 0.1638961192 0.1592064908 0.1689868725 0.1342336030 0.1260750128 0.1138076271 0.1083144679 0.1731606375 0.1939856749 0.1346164366 0.1610473443 0.1748133759 0.1535341263 0.1684330253 0.1375315057 0.1889098891 0.1537323271 0.1677014467 0.1890261264 0.2421365530 0.3305527838 0.3886521370 0.4959731323 0.6625417270 0.7475805408 0.8883372169 0.8889588279 0.8206885449 0.7347407051 0.5492219699 0.4197733818 0.3396003248 0.2720936362 0.2267292326 0.1933581196 0.1923585333 0.1950317189 0.1555034673 0.1501477980 0.1619417999 0.1169424222 0.1396417888 0.1564590425 0.1682779760 0.1717897246 0.1726110557 0.1918371706 0.1364568405 0.1671454517 0.1665224194 0.1370339722 0.1963101087 0.1772701924 0.1426284942 0.1995621246 0.1703233762 0.2218720251 0.2209543796 0.2921329073 0.4472968482 0.5508544993 0.7023007109 0.8280052127 0.8445488785 0.8025764497 0.8114780663 0.6245889373 0.5224147340 0.4158207016 0.3172183461 0.2201931845 0.2331300449 0.1565981460 0.1523639349 0.1912154833 0.1957234796 0.1486345208 0.1049139573 0.1216562984 0.1848165704 0.1614716038 0.1238109860 0.1989156615 0.1186016629 0.1391174019 0.1504451514 0.1757972729 0.1174119715 0.1580618366 0.1302527069 0.1314069941 0.1532758986 0.2073328070 0.1830625187 0.1983505872 0.2775885430 0.3503782019 0.4878804247 0.6615921994 0.7787504108 0.8410852788 0.8899272962 0.8478400817 0.7529681986 0.6253882114 0.4594777915 0.3621529056 0.2882726684 0.2412784783 0.1127434887 0.2159530236 0.1635071905 0.1046828813 0.1723038680 0.1569414896 0.1490009694 0.1569719799 0.1153857010 0.1583482187 0.1478724882 0.2422956129 0.1579392819 0.1444284255 0.1727678467 0.1556939995 0.0997702317 0.1398192817 0.1793818519 0.1841881976 0.1600105825 0.1767561540 0.1833258443 0.2207403096 0.2607112779 0.3970093293 0.5404574143 0.6480971299 0.7699084581 0.8765819008 0.8642303308 0.7748561576 0.6390966197 0.5233188143 0.4536837906 0.3199427776 0.2668268677 0.2561445656 0.2138933372 0.1921954440 0.1629475509 0.1746847595 0.1704931417 0.1610580913 0.1689845822 0.1403156356 0.1214396722 0.1697698743 0.1642315800 0.1391509491 0.2017069754 0.1509570906 0.1757562158 0.1513186455 0.2110497000 0.1853702813
0.1798763050 0.1665987359 0.1147309117 0.1566133418 0.1513433681 0.1403050103 0.2101098483 0.1892517406 0.2288548063 0.2987934806 0.3420307810 0.5176045971 0.6504700740 0.7261907302 0.8892671964 0.9174988298 0.8268657216 0.7334296090 0.6235181110 0.3887259162 0.3575796620 0.2133952791 0.1643694407 0.1195473328 0.1395339337 0.1542094312 0.1977125703 0.1930477772 0.1375560164 0.1421055274 0.2004556125 0.1322987250 0.1460282452 0.1509015795 0.1651614005 0.1243354670 0.1817140906 0.1717563692 0.1630173966 0.1737655487 0.1637934738 0.1764291362 0.1817480719 0.1613732710 0.1449745963 0.2149589029 0.2022083254 0.3029450411 0.3922374606 0.5183360792 0.6816940557 0.8080759556 0.8604705685 0.8792080696 0.8060288254 0.6105018623 0.5671495265 0.4375748176 0.2765785317 0.2125829695 0.2083608866 0.1593183117 0.1759682457 0.1425676542 0.1310292638 0.1281826504 0.1786379509 0.1452524398 0.1307941708 0.1533508076 0.1308800987 0.1682502837 0.1430473711 0.1632670137 0.1640176177 0.1404056420 0.1115368970 0.1876090795 0.1517889359 0.1462192615 0.1314110614 0.2139080863 0.1476230289 0.1945247460 0.2849532946 0.3211770624 0.4191766452 0.5665164045 0.7183216481 0.8489770334 0.8715471391 0.8542238422 0.7869662533 0.6540126181 0.5303924944 0.3167474652 0.2708901438 0.2421840324 0.1691069067 0.2078779661 0.1532400545 0.2026606530 0.1261097260 0.1150009581 0.1564565966 0.1030898595 0.1421494808 0.1744375795 0.1471731082 0.1811772002 0.1340512932 0.1806470347 0.1540543378 0.1338111398 0.1769289546 0.1918868742 0.1917240406 0.1520846059 0.2107947899 0.1617212940 0.2075722719 0.2095044852 0.2472031789 0.3861247260 0.4695485526 0.6411197396 0.7928646044 0.8507230702 0.8874497890 0.8770649737 0.7647637076 0.6258537866 0.4626460651 0.3368919067 0.2959444513 0.1979937273 0.2339658529 0.1634118863 0.1850671737 0.1714045905 0.1355549784 0.1382572598 0.1695778998 0.2057575168 0.1611355376 0.2149660528 0.1983966312 0.1888399996 0.2125446374 0.1378396616 0.1220752696 0.1503172499 0.1809428442 0.1812656809 0.1519489546 0.1786256150 0.1401549293 0.1208100463 0.2056210462 0.2759454590 0.2902400352 0.4124892220 0.5728029402 0.6638164705 0.8333520588 0.8771515172 0.8804441105 0.8363779975 0.7016135731 0.5658172953 0.4221012079 0.3032545446 0.2723157498 0.1480205648 0.1279613741 0.2173166790 0.1369465773 0.1756702887 0.1843281906 0.1266718922 0.1482278601 0.1507937020 0.1833562104 0.1606950515 0.1684083998 0.1883111436 0.1726209053 0.2069882309 0.1756151291 0.1908167165 0.1761914371 0.1488181632
0.1266003410 0.1508360017 0.1520835787 0.1377274524 0.1647982796 0.1179809381 0.1540217343 0.1603622982 0.2227274384 0.2561604828 0.3598072332 0.4565654500 0.5607117909 0.7855043448 0.8139979071 0.8540802051 0.8669583610 0.7317427454 0.5465358557 0.4513134438 0.3092610201 0.2773278573 0.1840878365 0.1764371266 0.1375314718 0.1538517518 0.1474971345 0.2084767999 0.1891021585 0.1689431089 0.1548206821 0.1493653382 0.1958816624 0.1545315746 0.1568518705 0.1446267354 0.1121930614 0.1111027130 0.1455345564 0.1794116792 0.2044190930 0.1014401369 0.1554907814 0.1250900413 0.1365691049 0.2025814569 0.1976967022 0.3460570179 0.3696367581 0.5216414154 0.6463569198 0.8251963827 0.8590955611 0.8462678808 0.7659527691 0.7129906408 0.5150430630 0.3968278994 0.2904202244 0.2941205111 0.2136485914 0.2191871777 0.1138220775 0.1682290178 0.1601126656 0.1792634212 0.1953004307 0.1644592552 0.1441330536 0.1357843200 0.1346918707 0.1114828766 0.2091737588 0.1208691541 0.1140271156 0.1890118360 0.1953606365 0.1519044745 0.1266973979 0.1650752508 0.1172513921 0.1175346048 0.1727413347 0.1724084576 0.2422007040 0.3337655168 0.4252419021 0.6041905930 0.7258792975 0.7554364983 0.8919257836 0.8792949500 0.7424692679 0.6730495310 0.5006154160 0.3563120758 0.2596556378 0.2240870352 0.1893167416 0.1750184306 0.1730832524 0.1380337049 0.1134418235 0.1639072177 0.1686488323 0.1713046297 0.1524840809 0.1221465867 0.1492331343 0.1845274603 0.1756707079 0.1488036554 0.1471229043 0.1711686490 0.1670581614 0.1506602195 0.2148527229 0.1568982834 0.1460872811 0.2092543744 0.1944447475 0.2272554059 0.2936237843 0.3980881012 0.4893270778 0.6325581807 0.6926073492 0.8865388576 0.9211630391 0.8525379559 0.6699100158 0.5738159562 0.4868165157 0.3360809216 0.2672811221 0.2051736045 0.1921385658 0.1477226417 0.1584322319 0.1461800027 0.1398956793 0.1651990083 0.1932608693 0.1932843968 0.1583217160 0.1734299890 0.1671300199 0.1102779681 0.2187656667 0.1587945321 0.1325445949 0.1340193359 0.2014346080 0.1445629623 0.1479942885 0.2024745480 0.1424768357 0.1374440481 0.2459362618 0.2792022170 0.2953773690 0.4419308399 0.5442542884 0.6127139629 0.8144464248 0.9055353046 0.8478666289 0.7969156771 0.6849071583 0.5668843793 0.4413997897 0.2994872264 0.2567472314 0.1868022610 0.2029577839 0.1847858748 0.0998833819 0.1749301318 0.1334184329 0.1520772228 0.1630406285 0.1689442148 0.1493295260 0.1894398887 0.1510192813 0.1661206697 0.1791549923 0.2343021072 0.1341926575 0.1600683568 0.1737147167 0.1332610790
0.1297309058 0.1308590553 0.1863508516 0.1080689385 0.1443087989 0.1414547676 0.2246244309 0.1369575428 0.2280614678 0.2637021533 0.3569655045 0.4564394438 0.6227490443 0.7697111210 0.8726816984 0.8545603315 0.8642623093 0.6926405936 0.5757921708 0.4294811334 0.3356782129 0.2274929369 0.1975882732 0.1793153908 0.1034695195 0.0937873558 0.1598779102 0.1305220276 0.1180162963 0.1377083752 0.0969188931 0.1132024956 0.1469092467 0.1221956385 0.1725240239 0.1056631545 0.1663803700 0.1909407072 0.1996212391 0.1114437659 0.1544360724 0.1107744636 0.1597159806 0.1732655361 0.1217386372 0.1747993600 0.2285887203 0.2699895469 0.3970439924 0.5196370143 0.6875785293 0.7621462573 0.8403486616 0.8733794266 0.8050570362 0.6749128662 0.4805659977 0.4190343617 0.2816163582 0.2221658468 0.2042170840 0.1583618190 0.1474894886 0.1157121519 0.1526356130 0.1540027059 0.1680643000 0.1946007712 0.1609198611 0.1489177490 0.1785542125 0.1393998732 0.1497568469 0.2108935728 0.1193713808 0.1411632728 0.1424950990 0.1473667319 0.1883399719 0.1765978864 0.1368382897 0.1103465771 0.1349947645 0.2239199681 0.2956940503 0.3763863700 0.4283584423 0.5313630792 0.7374858075 0.7499039653 0.8975745671 0.8141491626 0.7497585677 0.6217950113 0.5363107395 0.3656912781 0.2606272840 0.2420071540 0.1670811784 0.1659153398 0.1532572668 0.1530122258 0.2219685702 0.1811474271 0.1054378780 0.1740448776 0.1393414182 0.1575263647 0.1423393517 0.1538299039 0.1410448093 0.1861780654 0.1947475938 0.2098227050 0.2147462593 0.1127778085 0.1382808611 0.1753013208 0.1401138048 0.1925797418 0.1743265096 0.2579866094 0.2951477484 0.3591594343 0.5147819379 0.5886386672 0.7528919259 0.8265176952 0.9294937590 0.8021786766 0.7216884730 0.5593502785 0.4202661297 0.3141676841 0.2966196269 0.2313543766 0.2053530635 0.1386948772 0.1679543424 0.1016046078 0.1621977601 0.1815364184 0.2186952358 0.1276661187 0.1526845160 0.1663571288 0.1928859405 0.1395853400 0.1449693992 0.1671388482 0.1048190342 0.1326663457 0.1830063128 0.1510734675 0.1373563158 0.1912420953 0.1630718069 0.1736826681 0.1811849049 0.2259662506 0.2635057089 0.3843734033 0.5678060218 0.7109016512 0.7943338348 0.8825057950 0.8553634905 0.8228339127 0.7035429677 0.5686644446 0.4817600325 0.3503104051 0.2623910443 0.2246824669 0.2006662116 0.1872895909 0.1830066250 0.1278459691 0.1592611144 0.2452000531 0.1647365952 0.1412690083 0.2562658270 0.1372076791 0.1604019986 0.1947411833 0.1259846082 0.1432240729 0.1334500725 0.1853737548 0.1265382700 0.1427875504
0.1325130098 0.1603264337 0.1276313848 0.1097774134 0.1269677951 0.1092903663 0.2325315574 0.2238440523 0.1542148616 0.1944278736 0.3316508006 0.5130277731 0.6174619106 0.7709432207 0.8420656862 0.8561129082 0.7930431296 0.7358053563 0.5214613595 0.4139841270 0.3737176214 0.2570571284 0.1537208471 0.1591766237 0.1738963847 0.1990917359 0.1497518712 0.1049432122 0.1494460483 0.1478634232 0.1280346203 0.1662150073 0.1463580485 0.1643828547 0.1331078861 0.1083985114 0.1460211351 0.1030328016 0.1574547084 0.1402026913 0.1878003275 0.1542874943 0.1590049306 0.1615328290 0.1997965839 0.1780384559 0.2510178410 0.3213748524 0.3876594946 0.5359116843 0.6941030757 0.8160242247 0.8343161937 0.8859319846 0.7835781015 0.6575698704 0.5267965349 0.4325923248 0.3312443686 0.2369052739 0.1516268631 0.1880127126 0.1477721604 0.1777845223 0.1139568768 0.1197604636 0.1824568876 0.1853487387 0.1327047057 0.1439254583 0.1487909015 0.1406362525 0.1953949726 0.1114049167 0.1453398504 0.1247447481 0.1143681125 0.1069262112 0.1111824868 0.1717827689 0.1557847578 0.1127055150 0.1547474926 0.2140510420 0.3017989702 0.3031430264 0.4395615747 0.5830460745 0.6605231041 0.7653347056 0.8263504185 0.8369712976 0.7741831036 0.6490155569 0.5203514399 0.3475578509 0.3090474501 0.2102876744 0.1797238230 0.1439139359 0.1667192197 0.1376480644 0.0948777470 0.2211156128 0.1845182999 0.1456826663 0.1854466710 0.1487174425 0.1445681479 0.1513041483 0.1266039897 0.1280118663 0.1629053609 0.1319530345 0.1603979804 0.1651293714 0.1342412412 0.1049763666 0.1925750702 0.1520329948 0.2368542504 0.2078699699 0.2604848079 0.3205739976 0.5027973447 0.6263675889 0.7183349760 0.8473795759 0.8658853037 0.8116647388 0.6905927640 0.6027323199 0.4299799718 0.3406263827 0.2555721582 0.2173715956 0.1848051772 0.1000441779 0.1692839786 0.1591881680 0.1469113397 0.1810574004 0.1456162255 0.1144526277 0.1445426758 0.1624768548 0.1655058611 0.1613977005 0.1713058731 0.1319226798 0.1854339122 0.1671591566 0.1645517186 0.1827908152 0.1511203157 0.1797082490 0.1868024961 0.1290494828 0.2189762907 0.2259325466 0.3100619310 0.3782507746 0.5382642970 0.6816440033 0.7757985233 0.8585286099 0.8779174218 0.7851740488 0.7119092343 0.5933140597 0.4330805731 0.3009305492 0.2151553165 0.2365588287 0.1660121181 0.1314575775 0.1651175656 0.1440093869 0.1788907737 0.1341449153 0.1456842224 0.1640170801 0.1581455729 0.1458861212 0.1919691204 0.1639959474 0.1566242046 0.1475593930 0.0827963742 0.1504110557 0.1788342097 0.2157395910
0.1282645428 0.1595409005 0.1445109845 0.1421480557 0.0999266324 0.1469290919 0.1674077470 0.1625479694 0.1955919263 0.2547761693 0.4040511778 0.4509040713 0.6182161668 0.7683404195 0.8573711752 0.8481849342 0.8070465518 0.6914157189 0.5589322319 0.4284751520 0.3199762700 0.2233551080 0.1617394499 0.1167698010 0.1077979261 0.1295925090 0.1944208784 0.0929871832 0.0935615180 0.1651908445 0.1199425336 0.1813746669 0.1482351767 0.1072760475 0.0513097629 0.1680219495 0.0971686170 0.1320120372 0.1206299213 0.1505385198 0.1063567185 0.1872946504 0.1141760515 0.1500387225 0.1602084279 0.2079397472 0.1663392365 0.3083829608 0.3777091084 0.5167527794 0.6566717307 0.7777215277 0.7949508585 0.8328394576 0.7300394924 0.6692338372 0.5066797507 0.3639444845 0.3238857533 0.2687608931 0.1804265641 0.1675487813 0.1108817657 0.1847540430 0.1291793026 0.1480279525 0.1283544704 0.1586722511 0.1025719098 0.1324572820 0.1249760920 0.1141461630 0.1321723454 0.1138261016 0.2146748964 0.1557041284 0.1030303588 0.1327462862 0.1389451723 0.1503005206 0.1932079617 0.1464358394 0.2140476432 0.1759940528 0.2475290073 0.3100688493 0.4429357621 0.5682641320 0.6847945125 0.7784931321 0.8319849213 0.8324846238 0.7277333684 0.6307681903 0.5188489773 0.3508198647 0.2600236638 0.2431904754 0.0938960419 0.1900546046 0.1680875950 0.1658143585 0.0987967064 0.1908435136 0.1340289576 0.0726778495 0.1680187675 0.1465514455 0.1257614482 0.1124737970 0.1115289552 0.2215495564 0.1489325171 0.1536597674 0.1138701364 0.0752423611 0.0778636849 0.1679125867 0.1176105965 0.1350971865 0.1294812808 0.1816808023 0.2544888680 0.3531771851 0.5244401824 0.6323438926 0.7391879300 0.8141776998 0.8866080473 0.7822963971 0.7082225470 0.5806452679 0.4169314833 0.2937512220 0.2104290576 0.2413919632 0.1469069601 0.1284724553 0.1782530424 0.1137614087 0.1758508703 0.2086618936 0.1134630663 0.1997196942 0.1650843068 0.1265909776 0.1475205247 0.1140504705 0.1355401276 0.1747045172 0.1450732834 0.1919260679 0.1535678609 0.1500358188 0.1485531053 0.1989177986 0.1453547263 0.2023483739 0.1731757373 0.2135018171 0.2892901361 0.4081149597 0.5304572889 0.7069391594 0.7589165022 0.8861222872 0.8996878273 0.7851734985 0.6688873541 0.5668482776 0.4017745498 0.2714009598 0.2445744910 0.1985760744 0.1549051031 0.1723059926 0.1114405759 0.1503890383 0.1390658895 0.1247221595 0.1165187944 0.1335240046 0.1375586925 0.1387333876 0.1283571742 0.1883618194 0.2119575756 0.1775942993 0.1331339978 0.1300510276 0.2001107853 0.1171344130
0.1287866014 0.1341644557 0.1547704305 0.0829451850 0.1336174927 0.0695397511 0.1152494545 0.1740420473 0.1279606810 0.2722771070 0.3503969439 0.4503834717 0.5926949956 0.7670614038 0.8168750995 0.8539770488 0.8186864482 0.6493124307 0.5241945804 0.4119887054 0.2921631776 0.2511761811 0.1687229597 0.1803182843 0.1964189830 0.1490834571 0.1231503205 0.1127048431 0.0780131441 0.1089859455 0.1552540418 0.0874953926 0.1137901421 0.1259206496 0.0506646747 0.0940564806 0.1309118087 0.1426859975 0.0927266366 0.1417991048 0.1200203118 0.1486664839 0.1156234811 0.1523704023 0.1762474322 0.2118251155 0.2159513020 0.2874580573 0.3512679840 0.5120059044 0.5858682131 0.7863510782 0.8283571707 0.8350419862 0.7180518300 0.6616751343 0.5468367261 0.3429418302 0.2415329586 0.2544158541 0.1607608721 0.1314354562 0.1287368379 0.1601821389 0.1329549592 0.1302394577 0.1479417955 0.1032509413 0.1325656595 0.1351759805 0.1483102669 0.1375394164 0.0451088911 0.1283476194 0.1360632168 0.1441184213 0.1273659160 0.1052463973 0.1026802831 0.1509109219 0.1283996353 0.1242067990 0.1500801110 0.2428165783 0.2423780678 0.2714211319 0.4175815065 0.5568080338 0.6627438449 0.8078014942 0.8886516386 0.8523377812 0.7060079553 0.5834005609 0.4477384786 0.3252972565 0.2482987169 0.2105180256 0.1810740025 0.1812758451 0.1602397827 0.1472865201 0.1071522478 0.1435553163 0.1519814818 0.1329698794 0.1664590218 0.1298700103 0.1381924023 0.1450904476 0.1300778056 0.1465009776 0.2087147404 0.1534222211 0.1094986891 0.1281195373 0.1245719388 0.1035719476 0.1191776020 0.1733700346 0.1924215017 0.1748343193 0.2613747026 0.3567116940 0.5056872421 0.6436943421 0.7726026848 0.8678778572 0.8128984858 0.8614425669 0.7605847189 0.6297019806 0.4618798484 0.3022038899 0.2574358699 0.2400222299 0.1616973580 0.1370956620 0.1756974288 0.1817563272 0.1523995879 0.1626051596 0.1449091903 0.2012047360 0.1677852722 0.1729334145 0.1495571285 0.1471906610 0.1391436592 0.1223446171 0.1115705721 0.1215307888 0.2039966960 0.1535719026 0.1546842706 0.1643201375 0.1218967508 0.1285514742 0.1739351474 0.1912393482 0.2688167407 0.3974849353 0.5152270818 0.6838538392 0.8042118916 0.8674246227 0.8770385363 0.7909416107 0.6959623915 0.5318059792 0.3610587640 0.3275074525 0.1766452604 0.1452003578 0.1891331095 0.1061843443 0.1294838262 0.1607434404 0.1050440606 0.1218539460 0.1686942570 0.1539400969 0.1763879486 0.1524454737 0.1499429188 0.0962399177 0.1641093848 0.1443130382 0.1685487990 0.1303007539 0.1756186262 0.1791823631
0.1327905340 0.1637050718 0.1233338343 0.0827457849 0.1336580318 0.1705424500 0.0966087795 0.1631402494 0.1717261502 0.2830306112 0.3315845857 0.4803122337 0.6124544029 0.7454854961 0.8609313450 0.8245474896 0.8018858698 0.6163703278 0.5424125149 0.4011407573 0.2449346053 0.1883058623 0.1492049671 0.1261788068 0.1452094188 0.1984817891 0.1063332068 0.1299752018 0.1351902508 0.1331362612 0.0972020637 0.1186111629 0.1428238899 0.1447618702 0.1144493636 0.1315322411 0.1231116657 0.1242633984 0.0923475772 0.1024932683 0.1250460630 0.1302277215 0.1395965183 0.0997905508 0.1613887043 0.1373127616 0.2133645034 0.2704834217 0.3785495984 0.5270978397 0.6449842895 0.7794546444 0.8250119243 0.8467827686 0.7597929129 0.6370756385 0.4706378692 0.3575783336 0.2627672015 0.1572683590 0.2034954419 0.1443617906 0.0999790366 0.1145407696 0.1195464236 0.1181006430 0.1319528779 0.1225797176 0.1189270334 0.1051614452 0.1001345218 0.0810234243 0.0870174014 0.1457208673 0.1212827661 0.1478733471 0.1274163043 0.1261872338 0.1577381456 0.1644528293 0.1416776807 0.1091293950 0.1594483401 0.1713186286 0.2586697390 0.3415078128 0.4220272863 0.5624221043 0.6914136360 0.7973139120 0.8086682457 0.8329471803 0.6953894306 0.5604943507 0.4846590116 0.3609761717 0.2932622526 0.2103314605 0.2228189306 0.1524274460 0.1655404591 0.1237430513 0.1420688913 0.0934878804 0.1198018082 0.1526328264 0.1555092030 0.1371027421 0.1141195018 0.1386289483 0.1229625505 0.1130958829 0.0891221984 0.1092173488 0.1281330399 0.1999108830 0.0817818068 0.1831080150 0.0933137345 0.1777063655 0.1831541649 0.1968010634 0.2785469297 0.3723350488 0.4881410264 0.6623095747 0.7434230845 0.8460719478 0.8795031527 0.7875970880 0.6380966807 0.5354704208 0.4318377278 0.3114032684 0.2375080102 0.2166744869 0.1783825754 0.1387312486 0.1816521464 0.1902059255 0.1679225077 0.1239569285 0.1801335760 0.1085968295 0.1192100718 0.2084360514 0.1594824867 0.1112853739 0.1433239837 0.1068489375 0.1268732797 0.1597411304 0.1239011016 0.1709056164 0.1606580175 0.1239663358 0.1599684636 0.1755170390 0.1863035897 0.2002256956 0.3055084883 0.4168241522 0.4912948667 0.6888781448 0.7575658468 0.8432591415 0.8604002156 0.7993362794 0.6382186753 0.5395511316 0.4154888800 0.2681263641 0.2487864475 0.1845773842 0.2253875970 0.1167874809 0.1033187761 0.1643577611 0.1549962591 0.1380251576 0.0992707628 0.1321731884 0.1448093303 0.1301340801 0.1398520704 0.1787356542 0.1368260841 0.1322090497 0.1202473399 0.1819754403 0.1564445453 0.1584417609
0.1106831271 0.0930813127 0.1394124645 0.1721060690 0.0960487794 0.0810516542 0.1972949832 0.1283962789 0.1448742104 0.3092328612 0.3657539138 0.4735994281 0.6063712617 0.7430868417 0.8281408148 0.8312564469 0.7897004290 0.6511086666 0.5169148272 0.3707712029 0.3032039451 0.1948553777 0.1699462394 0.1303805418 0.1402054992 0.1725180516 0.1621790263 0.1384898405 0.0958730855 0.1045976236 0.1534929484 0.1443614581 0.1400141100 0.1507294810 0.1185018781 0.1462963912 0.1087373316 0.0979589834 0.1146019982 0.1908552899 0.1151621821 0.1179421319 0.1309369244 0.1741879414 0.0613956847 0.1726088048 0.1944631754 0.2927852806 0.4063461085 0.5028582338 0.6790731691 0.7834579626 0.8510630999 0.8352868549 0.7526197408 0.5901134306 0.5086118390 0.3519171274 0.2008589558 0.2502293639 0.1679556619 0.0790417082 0.1318667071 0.1547025624 0.1327924114 0.1038158838 0.1536654504 0.1645888271 0.1555872788 0.0793778288 0.1414727242 0.1491042897 0.1366200303 0.1570773297 0.1187839814 0.1019672196 0.1538665595 0.1160025954 0.0911342893 0.1014182106 0.1110302217 0.2156756109 0.1266551629 0.1752702049 0.2806757055 0.3050864998 0.4666622909 0.5425822273 0.7536665265 0.7896728879 0.8562869454 0.7931025009 0.7782602506 0.5698711886 0.4489522940 0.3137012803 0.2534074610 0.2137848426 0.1812828766 0.1484478515 0.1272636203 0.1436386997 0.1554469077 0.1289923229 0.1132331324 0.1141224129 0.1347421355 0.1189806113 0.1081575763 0.1121457577 0.1229355439 0.0922785878 0.1691682662 0.1301375855 0.1386970660 0.1192370944 0.1349970214 0.1425404008 0.1418550310 0.1342769143 0.1674326754 0.2233168107 0.2611466845 0.3319944066 0.4971423951 0.6421140135 0.7105511831 0.8445102492 0.8641868658 0.7618200151 0.6623010874 0.5159141093 0.4004131675 0.3365608956 0.2563285606 0.1354023142 0.1963916675 0.1614211290 0.1671127593 0.1302260044 0.1288014877 0.1661151088 0.1264722344 0.1411045948 0.1523363517 0.1356397210 0.1278810469 0.1636238088 0.1173294089 0.1035984910 0.1336108045 0.1516327746 0.1255273322 0.1498771340 0.1280269572 0.1550129963 0.1924977289 0.1389620111 0.1938089866 0.2011368515 0.2758651352 0.4270566284 0.4653992121 0.6817562970 0.7809209460 0.8840091258 0.8497535980 0.7594067188 0.6713343244 0.5092716042 0.4189763704 0.2913995928 0.2841687592 0.1888757628 0.1759195301 0.1176568929 0.1881773056 0.0959238642 0.1307329281 0.1435037975 0.1299525886 0.1436030700 0.1467453519 0.1589168176 0.1649591420 0.2027791893 0.1403316015 0.1519091495 0.1552160189 0.1460478770 0.1163623703 0.1661491686
0.1209255495 0.1584673875 0.1455134568 0.0889155584 0.0900957662 0.0772744843 0.1071965665 0.1913429584 0.1521735569 0.2427133802 0.3690255583 0.4890113774 0.5558041241 0.7426251412 0.8383016161 0.8643654746 0.7411089415 0.6826773657 0.5380883009 0.4007820456 0.3780650515 0.2084337430 0.1485378835 0.1251603825 0.0950411551 0.1205379236 0.0956080876 0.0868941604 0.1017496413 0.1720639864 0.1433515847 0.1352722801 0.1369764962 0.0897554623 0.1173382756 0.1610931221 0.0980983032 0.1358446647 0.1101150897 0.1114507079 0.1386802029 0.1241976252 0.1508817191 0.1155815241 0.1546960315 0.1050787120 0.2105677229 0.2767785973 0.4226600254 0.4760167717 0.6413077564 0.7546183057 0.8938538981 0.7987616280 0.7658511218 0.6550419876 0.5108115191 0.3874689473 0.2917889381 0.2458137586 0.1732096455 0.1423894265 0.1524204240 0.1662616620 0.1051206051 0.1562351281 0.0987249297 0.1506249207 0.0828952402 0.1512833714 0.1270755218 0.1565133577 0.1028429448 0.1412213562 0.1207075573 0.1813163301 0.0948263307 0.1037989712 0.1444697850 0.1016106799 0.0955078323 0.1038061232 0.1131156678 0.1728705523 0.1994353085 0.3113321690 0.4115249845 0.5645001625 0.7466916939 0.8026038089 0.8324001885 0.8017608703 0.7273499486 0.6274432515 0.4738032673 0.3499285215 0.2155322648 0.2104701522 0.1188759254 0.1411022564 0.1181075332 0.1539652345 0.1071323728 0.1189208037 0.1399806057 0.1148826450 0.0887942620 0.1551260957 0.1795119856 0.1297332568 0.1542688627 0.1364347929 0.1308101645 0.1399594591 0.1318181540 0.0628236509 0.1017893530 0.0990562714 0.2042484236 0.1623424402 0.1984938043 0.1901891174 0.2842996329 0.3709244316 0.4673342022 0.6359759704 0.7462254702 0.8097499623 0.8021520950 0.8300245293 0.6781239979 0.5874279811 0.4216543039 0.3372919178 0.2205060252 0.1050238264 0.1513501683 0.1260815093 0.1115824455 0.1542457110 0.1138751376 0.1925990962 0.1300291854 0.1359031378 0.1496715000 0.1152008765 0.1674406953 0.1531277434 0.1393281125 0.1064529134 0.1396280065 0.1215807610 0.1251383200 0.1330320419 0.0952249564 0.1489804839 0.1869678516 0.1967581625 0.1342720466 0.1982372157 0.3428665453 0.3663819044 0.5190295109 0.7024876607 0.7547893661 0.8627174604 0.8602447785 0.7881038065 0.6419600758 0.5497319584 0.3795955565 0.3278924411 0.2098706887 0.2186555189 0.1023387794 0.0427888985 0.1468973156 0.1584672159 0.0759633700 0.1863801147 0.1251590142 0.1987501387 0.1121365589 0.1194718339 0.1123717385 0.1172417034 0.1356751450 0.1511696377 0.1287212465 0.1961483106 0.1286659723 0.1556493141
0.1166210743 0.1350107199 0.1632277724 0.0498094785 0.1350248490 0.1179374642 0.1531782841 0.1303196362 0.2198138248 0.2439760829 0.3668382044 0.4747072169 0.5833104882 0.7524794463 0.8263386630 0.8579003865 0.8133560028 0.6331160833 0.4854931017 0.4032579307 0.2787403591 0.1774897345 0.1604405149 0.1642914081 0.1025212486 0.1122385833 0.1384835091 0.0832940350 0.1213449002 0.1515935627 0.1048462439 0.1376955177 0.1263941929 0.1666047206 0.1163836389 0.1005851938 0.1122640963 0.0970068601 0.1757956555 0.1075157905 0.1582988352 0.0995094649 0.1091315619 0.1256386574 0.1616456431 0.1805860062 0.1840108209 0.3143869978 0.4235035973 0.5325631519 0.6431759370 0.7875892401 0.8315116396 0.8673157839 0.7422121213 0.5918346608 0.5315724545 0.3792487937 0.2660136228 0.1645939284 0.1664576796 0.1397292488 0.1171875015 0.0967729448 0.1846117718 0.1278194783 0.1626512821 0.1840465303 0.1250686653 0.1075405810 0.1467103723 0.1094722288 0.1476713669 0.1467343475 0.1052050027 0.0959331144 0.1563620324 0.1554010923 0.1376709007 0.1780198874 0.0661524755 0.1477526137 0.1500330251 0.0883237817 0.2019773711 0.3498398050 0.4485609359 0.5614972371 0.7799011056 0.8191774185 0.8766039228 0.8321158699 0.6935457608 0.5314917907 0.4981597376 0.3753344636 0.2629777996 0.1656300800 0.1776629249 0.1667191879 0.1431097023 0.1135218759 0.1551408502 0.1250240542 0.1492934828 0.1578058785 0.1580914795 0.1414949172 0.1455228202 0.1168399640 0.1087725036 0.1279373777 0.1171248206 0.1139198786 0.0839198804 0.1151741034 0.1228566767 0.0842317473 0.1746414714 0.1534834560 0.1677804363 0.2218230052 0.2812420299 0.3150887464 0.4849293817 0.6367913211 0.7653388162 0.8609433566 0.8173718996 0.8099089669 0.6976371979 0.5513576021 0.4326748423 0.3166796306 0.2401584249 0.2080766680 0.1897245816 0.1096643205 0.1411856827 0.1460086468 0.1672152595 0.1278736374 0.1607821301 0.1119164758 0.1109824838 0.1060657681 0.1155334154 0.1291024569 0.1083847430 0.1485664947 0.1398135937 0.1556040122 0.1371579521 0.1353801244 0.1104471187 0.1156255257 0.1652048017 0.1689810278 0.1633814946 0.2606879613 0.3280880875 0.4042362723 0.5516731341 0.7010132888 0.7836123643 0.8453832490 0.8278435663 0.7795937240 0.6654025702 0.4275399756 0.3470666455 0.3231941713 0.2344333160 0.2060856992 0.1090074820 0.1581729294 0.1634077050 0.1257198447 0.1472184333 0.1159152917 0.1261259697 0.1225934384 0.1126434930 0.1502256971 0.1362892089 0.1398720443 0.1505313449 0.1198333574 0.1535155533 0.1888613540 0.1508448675 0.1418388072
0.1173851909 0.1274836904 0.1475627838 0.1287825845 0.1714479379 0.0865829571 0.1664889973 0.1749140285 0.1974710158 0.2638140290 0.4067052816 0.4697947619 0.6585250183 0.7431268734 0.8011516181 0.8146363122 0.7933606422 0.6496205857 0.5294133413 0.4105902987 0.3734700605 0.1718023583 0.2056180272 0.1318040290 0.1745346139 0.0996329246 0.1426472094 0.0917255951 0.0947207944 0.1741060808 0.1503352300 0.1208068038 0.1403567684 0.1439028640 0.1483229612 0.1017849156 0.1183755528 0.0619552086 0.1664329623 0.1048712159 0.1530277572 0.0792517636 0.1491931002 0.1547687379 0.1632698879 0.1706923777 0.1976643260 0.3119143661 0.4045088722 0.5464127818 0.7094145952 0.7630810487 0.8472637540 0.8838481647 0.8144354315 0.6255518574 0.4978802004 0.3386736718 0.2431975945 0.2480612502 0.1830973525 0.1545700817 0.1368106746 0.1326814936 0.0989041960 0.1210204336 0.1655367979 0.1490486833 0.1231178055 0.1446582313 0.1557727246 0.1476775589 0.1596363874 0.1533033662 0.1413507640 0.1232047857 0.2027835672 0.1414475035 0.1383370154 0.1609786940 0.1759133253 0.1703535519 0.1565220402 0.2103741469 0.2275467208 0.3171673783 0.4403322163 0.5787409594 0.7128737771 0.8184113753 0.8871707500 0.8564191860 0.7378014216 0.6081020563 0.4499852993 0.3233882319 0.2993694407 0.1550773507 0.1506651120 0.1257851554 0.1797704486 0.1241920924 0.1571350996 0.1158122332 0.1111711752 0.1695129317 0.1412913920 0.0788929134 0.1287332708 0.1390939573 0.1351742697 0.1841371632 0.1360959136 0.1468576741 0.0931523213 0.1080394847 0.2007565295 0.1518199556 0.1330981456 0.1960825653 0.1458519544 0.2691521033 0.3217941563 0.3726302703 0.4988917987 0.6336843925 0.7507027790 0.8404930107 0.7826129041 0.7977467942 0.6970220708 0.5727177152 0.4416185112 0.2997420075 0.2005065311 0.1787038089 0.1482562286 0.1529213859 0.1607920040 0.0576451006 0.1257364965 0.1385917492 0.0904984315 0.1374972806 0.1182596262 0.1133473067 0.1392568035 0.1604349021 0.1740448039 0.1412348896 0.1180405440 0.1334484514 0.1054637270 0.1925847039 0.1402684030 0.1862306062 0.1621490034 0.1342365042 0.1686275631 0.2331422967 0.2988218830 0.4281150220 0.5196963200 0.6861367338 0.8323972679 0.8752970577 0.8787654275 0.7547953665 0.6065216002 0.5486433542 0.3517361514 0.3152870048 0.2159297053 0.2207457087 0.1739742021 0.1300501714 0.1212246609 0.1657494034 0.1125700931 0.1353787245 0.1412215762 0.1056003622 0.1338905831 0.1706902986 0.1251467608 0.1633163486 0.0955241733 0.1322257363 0.1405903471 0.1936498268 0.1496433361 0.1296931910
0.1200659607 0.1473255543 0.1186090359 0.0804593360 0.1264654779 0.1208413402 0.1564046555 0.1666004870 0.1974272758 0.2588327724 0.3462438504 0.4645620123 0.6578240176 0.8170059996 0.8254455550 0.8211402393 0.8007666593 0.6792243096 0.5105412385 0.3913794918 0.2978505102 0.2366152470 0.1861189074 0.2298235729 0.1351732573 0.1640078425 0.1175509912 0.1480905543 0.1095154175 0.1871579583 0.1113566381 0.0820724691 0.1566936968 0.1227110725 0.1086899073 0.1094828861 0.1673033772 0.1424531858 0.1171470121 0.1181802449 0.1705818043 0.1319277740 0.1327688521 0.1223468991 0.1460776312 0.2128872803 0.2012595562 0.2864734983 0.4054659868 0.5706677959 0.6986325007 0.7819924896 0.8388943826 0.8248626900 0.8053605947 0.6691336289 0.4769907852 0.3824079520 0.2602022704 0.2307515927 0.1301709250 0.1514310529 0.0839391644 0.1370359075 0.1336106741 0.1243785701 0.1215541805 0.0993038754 0.1477086362 0.1263501630 0.1381793845 0.1651153540 0.1706963882 0.2113654390 0.1183831399 0.1132283766 0.1632466170 0.1363733055 0.0844309153 0.1484757135 0.1164001873 0.1665413502 0.1770586468 0.2118169634 0.1842122246 0.2722929628 0.4238928674 0.5672459188 0.7334115696 0.8423712040 0.8590520439 0.8414275062 0.7424916969 0.6010428254 0.4862900068 0.3621035411 0.2463154796 0.1985290931 0.1354693019 0.1657491499 0.1813349869 0.1794485486 0.1710241824 0.1395791951 0.1113525779 0.1171763484 0.1225447075 0.1572854038 0.1603405360 0.1580010421 0.1806974254 0.1411440044 0.1329292110 0.1386268543 0.1923792047 0.1969395664 0.1050730038 0.1406080810 0.1576314299 0.2123572701 0.1873818732 0.2464049696 0.3454536198 0.3989280941 0.4445014515 0.6414483610 0.7536175143 0.8526787181 0.8449507675 0.7568146142 0.7396740230 0.5553114423 0.3883687115 0.3095912453 0.2463212372 0.2116248656 0.1285127875 0.1470740575 0.1993764872 0.1691859289 0.1236272480 0.2014676270 0.1399290715 0.1770577591 0.1381787666 0.2067474248 0.1395869853 0.1127121562 0.1396431728 0.1078210929 0.1723696530 0.1877442512 0.1150298050 0.2054259321 0.1186098247 0.2010071122 0.1596673221 0.1291782547 0.1989648775 0.2047015272 0.3250216891 0.4311367238 0.5663968361 0.7268728304 0.7936911408 0.8862680004 0.8350750013 0.7647020852 0.6420562646 0.5784358740 0.3452905673 0.2794916922 0.2349274376 0.1919108596 0.1500643310 0.1410658076 0.1193376305 0.1939825805 0.1412358440 0.1376267955 0.1431908044 0.2151529811 0.1628533513 0.1838324537 0.1613111922 0.0885629251 0.1029584047 0.0982206026 0.1552697085 0.1708800235 0.1602026387 0.1558917172
0.1272443572 0.2140447146 0.1854701126 0.1394569662 0.1623451852 0.0943947016 0.1690654437 0.1048985656 0.1794855237 0.3066986461 0.3728624902 0.5337926024 0.6543622684 0.7598781134 0.8508092700 0.7948720752 0.7893470171 0.6840979970 0.5295881599 0.4138965612 0.2910275215 0.2179575464 0.1522748422 0.1379343089 0.1453521557 0.1508073280 0.1268071309 0.1500857363 0.1802140114 0.1622876399 0.1667411384 0.1106843255 0.1575158350 0.1521569008 0.1643280001 0.1423576456 0.1220980147 0.1112974911 0.0849188326 0.1892898232 0.1606696026 0.1887989689 0.1990048086 0.1212664805 0.1345605468 0.1857112275 0.2200268051 0.3448591002 0.4526070000 0.5644008536 0.7055374829 0.7873837944 0.9244427047 0.8168108763 0.7721617040 0.7023734869 0.5096568151 0.4102898818 0.2807192896 0.1943191161 0.1358620489 0.0800659767 0.1338775130 0.0896972926 0.1492518226 0.1539704604 0.1259848731 0.1349738640 0.1488876167 0.1473165274 0.1830895010 0.1222728457 0.1034267689 0.0898077375 0.1431285738 0.1244279885 0.0690265334 0.1418149532 0.1274300844 0.1923779240 0.1289715921 0.1382389806 0.2193613191 0.1762468216 0.2647675340 0.3696649086 0.4569870599 0.5935045041 0.7135021465 0.8169843841 0.8518367969 0.8619831575 0.6868671564 0.5768275898 0.4226691602 0.3276079947 0.2268779320 0.2095163115 0.2015537971 0.1453956265 0.1333168388 0.1859140776 0.1400135852 0.1177347087 0.0875544101 0.1365455748 0.1258778581 0.1477065479 0.1198267918 0.1165086847 0.1701359778 0.1773043415 0.1525225452 0.1074210389 0.1442561715 0.1318681861 0.1363208508 0.1620072784 0.1359103253 0.1754838545 0.2333441079 0.2542504867 0.2626133801 0.4052620319 0.5252445718 0.6822132867 0.7713983548 0.8568911622 0.8701680226 0.7286074572 0.6493556291 0.5201266121 0.4439583828 0.3323980428 0.2353931107 0.1774389755 0.1823198421 0.1372358954 0.2422648195 0.0866083469 0.1655085060 0.1975656720 0.1714083255 0.1432346529 0.1637165008 0.1456889102 0.1641500670 0.1719836617 0.1906165230 0.0997608352 0.1609890204 0.2057318280 0.1390634630 0.1643374976 0.1301638692 0.1890284163 0.1287255201 0.1813667495 0.1879019723 0.2429616809 0.2668965743 0.4093094083 0.5198726486 0.6679092000 0.8004800003 0.8937627659 0.8627186463 0.8002014227 0.6568243839 0.4864809640 0.3611077542 0.2931953359 0.2751510992 0.2053783208 0.2197207689 0.2021979891 0.1787493123 0.1612202197 0.1635093122 0.1407637830 0.1419058170 0.1436810244 0.1579336952 0.1337748035 0.1831781695 0.1373463739 0.1866347634 0.1682140069 0.1096902048 0.2029720298 0.1884256716 0.1632994006
0.1661910335 0.1262257227 0.1646167390 0.1387400655 0.1821641038 0.2160489594 0.1956439181 0.1859113390 0.2224384254 0.2841801047 0.3822350960 0.5349398082 0.6378911754 0.7889161382 0.8543845970 0.8470943454 0.7977590289 0.7065150628 0.5618546324 0.4419103348 0.3297855173 0.2570200083 0.1713114399 0.1599902747 0.0991664906 0.1791671225 0.0992899911 0.1340616370 0.1620845885 0.1687098904 0.1684899455 0.1331288275 0.1454384529 0.1952799917 0.1321133270 0.1565787903 0.1428998717 0.1021875349 0.1313368450 0.1514222005 0.1112190834 0.1991189558 0.1650589467 0.1504688101 0.1846143873 0.1950700505 0.2508482970 0.2903254587 0.4447786536 0.5572690438 0.7519380669 0.8763307622 0.8843036331 0.8358236638 0.7230990892 0.6669836558 0.4682028954 0.3530624558 0.2457029200 0.2539943831 0.1687874705 0.1579663362 0.1957355946 0.1054972428 0.1218077538 0.2070309576 0.1440592721 0.1613391608 0.1657982961 0.1831777238 0.1448023713 0.1361973804 0.1561448637 0.1471450291 0.1374347427 0.1130173303 0.1804121475 0.2124932983 0.0943471557 0.1762592517 0.2028142822 0.1096899788 0.2152137665 0.2056182283 0.3215752046 0.3604984718 0.4512515667 0.6244410848 0.7463656989 0.8681570664 0.9158803876 0.8473941256 0.6896965105 0.6118394143 0.4687378620 0.3432428163 0.2660790249 0.2285741954 0.1737663167 0.2448978965 0.1352037047 0.1641336995 0.1530343635 0.1530551787 0.1867905438 0.1751771077 0.1567080417 0.2054745397 0.1516913469 0.1023681863 0.1408457647 0.1591381164 0.1825436869 0.1859537610 0.1873038443 0.1890916107 0.1697318402 0.1451847505 0.1560854123 0.1925090875 0.1893610228 0.2482677856 0.3190280310 0.4305660248 0.5150938059 0.6535334689 0.7636474510 0.8474873166 0.9008613043 0.8580702682 0.6863637964 0.5729610145 0.4613866338 0.3245154014 0.2748788359 0.2010215575 0.1563143957 0.1757116521 0.1672038896 0.1675765491 0.1733700100 0.1963443359 0.1211237340 0.1045640612 0.1562697942 0.1554950159 0.1748875520 0.1162171495 0.1357306042 0.2173381257 0.1542301877 0.1592283202 0.1952419997 0.1450525393 0.1484371470 0.1521601795 0.1561375013 0.1215522506 0.1869350219 0.2696739096 0.3226806471 0.4237093275 0.5824658542 0.6879073533 0.8216655073 0.9470306115 0.9012631993 0.7975492666 0.6702036059 0.5089005648 0.3957200792 0.3369339041 0.2547147800 0.2060512209 0.1845329899 0.1324593552 0.1519350540 0.1775587797 0.1633518189 0.1840068426 0.2267372898 0.1372727620 0.1775378666 0.2021889279 0.2397018969 0.2371942931 0.1719758030 0.1508352717 0.2007005220 0.1780678899 0.1885927243 0.1244298824
0.1472985536 0.1839474805 0.1729216061 0.1612327267 0.1683210557 0.1320284275 0.1237271774 0.2131023880 0.1888346853 0.3067903395 0.4067605699 0.5379430106 0.6677125263 0.8365328093 0.8854010817 0.8726085855 0.7845359352 0.7153849682 0.5207303747 0.3810521161 0.3329276750 0.2919385646 0.2127645537 0.1854887928 0.1696485137 0.1515694651 0.1538204192 0.2195481156 0.1397694389 0.1193095022 0.1189469680 0.1779544990 0.1311814655 0.1405877633 0.1556022323 0.1449604299 0.1583986772 0.1569651352 0.1354677428 0.1717788557 0.1209332413 0.1682953681 0.0908114933 0.1817969032 0.1685830549 0.1928429657 0.1887800888 0.3527277111 0.4767987279 0.5971108208 0.6959330203 0.8245522902 0.8247544744 0.8820554170 0.8243012983 0.6549097870 0.5332219536 0.3969748081 0.3074172272 0.2622042338 0.2076172613 0.1653751534 0.1962551848 0.1322391672 0.1803816855 0.1826997763 0.1263496347 0.1685415695 0.1073374289 0.0907588199 0.1396918498 0.1755436078 0.2052182638 0.1293364802 0.1241710029 0.1517368569 0.1503943714 0.1017008491 0.1502081504 0.1435713812 0.1776552375 0.2169311313 0.2079868062 0.2199193262 0.2481448241 0.3958109152 0.5073768478 0.6241887888 0.7670358766 0.8714411493 0.8901650974 0.8935728562 0.7882534013 0.6228426893 0.4539211864 0.3871745007 0.2337923899 0.1852843242 0.1561454204 0.1763849998 0.1523347558 0.1585838596 0.1541844955 0.1969296612 0.1643931497 0.1350576344 0.0911809072 0.1136328908 0.1616816941 0.1731435844 0.1695881698 0.1072077318 0.1759354076 0.1122564963 0.1123793411 0.1985213120 0.1317031178 0.1907324876 0.1721059057 0.1614153249 0.1819920216 0.1865267829 0.2791424289 0.4262582560 0.5975860873 0.7089412679 0.8284175842 0.9056293662 0.8701621446 0.8231527080 0.6662106472 0.5560228425 0.4620244349 0.3424554241 0.2733395211 0.1977835136 0.1808797951 0.1754600674 0.1304949985 0.1762831104 0.1686142501 0.1352271892 0.1524665906 0.1720892629 0.1582194102 0.1791626458 0.1485972781 0.1236774213 0.1990713901 0.1573708023 0.1963271256 0.2176654329 0.1484965386 0.2032756820 0.2092872501 0.1758957680 0.1967870732 0.1608754859 0.2280414631 0.2324551232 0.3074011908 0.4608412977 0.5730859846 0.7390467282 0.8276680583 0.9114218886 0.9136829915 0.8336431764 0.7335341979 0.5491141664 0.3702695085 0.2903794013 0.2091695844 0.2447325785 0.1731040316 0.1731105253 0.1787587435 0.1429002964 0.1994960502 0.1908368718 0.1456299766 0.1588501508 0.1495561605 0.1870103219 0.1870444002 0.1282688331 0.1978380605 0.1922784408 0.1618751800 0.1883862941 0.1993470229 0.1769325731
0.1237132770 0.1478342191 0.1762993586 0.1546860884 0.1627609793 0.1510602794 0.2005601453 0.2011770240 0.2278653219 0.2715389454 0.4425264983 0.5283689638 0.6627303340 0.7830770706 0.8827562631 0.8135624555 0.7997596584 0.6893714983 0.5299931758 0.4117536217 0.2862393188 0.2571258811 0.2117654097 0.1690371350 0.2018557395 0.1462017529 0.1457787397 0.1637479711 0.1518832822 0.1728647491 0.1007496945 0.1669586587 0.1747107669 0.1703808310 0.2034494226 0.1583441534 0.1748146996 0.1392392589 0.1744856933 0.2003548287 0.1807234542 0.1008482034 0.1349081092 0.1559226901 0.1949226145 0.1810830161 0.2899225624 0.2647116612 0.4830597422 0.5775543268 0.6734120599 0.8747509891 0.8812202301 0.8907251973 0.7709813221 0.6627925692 0.5399074845 0.3736552973 0.3235897391 0.1831846733 0.2229497237 0.1243200836 0.1630312344 0.1802482648 0.1788310573 0.1698127980 0.2096497124 0.1795788161 0.2142130471 0.1535308769 0.1442333674 0.2387413878 0.1491205367 0.1031017665 0.1367451616 0.1293596813 0.1706494015 0.1503738306 0.1237308976 0.1196139011 0.1425793390 0.1806958156 0.2314623548 0.2245381804 0.3234969999 0.3651297386 0.5183179420 0.5945750836 0.7959365596 0.8381947934 0.8899288332 0.8824757344 0.7514492015 0.6361697628 0.4963150804 0.3643796685 0.2947271868 0.2088922553 0.2445781710 0.1487613956 0.1744577736 0.1884208806 0.1483597436 0.1922299487 0.1412366124 0.1667127523 0.1718875259 0.1851762801 0.1611860678 0.1666175375 0.1746847301 0.1934351109 0.1635562314 0.1545865017 0.1742489689 0.1896873470 0.1657292853 0.1438263374 0.2043359000 0.1337888221 0.2027572223 0.2469889670 0.2937849845 0.3831876289 0.5574690414 0.6378406455 0.7672138300 0.9132414348 0.8694592922 0.7930632029 0.7410986026 0.5451534880 0.4056762133 0.3465297893 0.3042153162 0.1925602400 0.1754519436 0.1746385572 0.1775904217 0.1413430244 0.1686031066 0.1670860927 0.1474149897 0.1514511050 0.1750340510 0.2208419746 0.1910624014 0.1216563692 0.1843353004 0.2065364847 0.2125170433 0.1813451127 0.1846801515 0.1903854958 0.1806178020 0.1760730333 0.1792405385 0.2095487181 0.2087928751 0.2585128743 0.3353154522 0.4152776229 0.5976249990 0.7601717081 0.8099071708 0.8900231237 0.8759177411 0.8143390777 0.6844487588 0.5303372883 0.3695542070 0.3132475202 0.2806315830 0.2388854132 0.1955545726 0.1975021773 0.1315335953 0.1913965732 0.1707021087 0.2145663296 0.1646611234 0.1792029208 0.1632550759 0.1936270040 0.1992368853 0.1925419239 0.1463794224 0.1732825538 0.1827403046 0.1903663831 0.1495039781 0.1548349175
0.1167666918 0.1348954442 0.1821362830 0.1534988399 0.1764871205 0.2195709472 0.1352397900 0.2183574870 0.2857240927 0.3036393494 0.3707985891 0.5479735176 0.6882123331 0.8223984068 0.9046949248 0.8656203618 0.7911276160 0.7174367181 0.5359887070 0.3816830968 0.3652801298 0.2308069017 0.1899999573 0.1967363362 0.1961727247 0.1472746167 0.1364664534 0.1671802423 0.1873515886 0.1515938698 0.1990652307 0.1440717313 0.1997681750 0.1659505090 0.1946800941 0.1854329367 0.1683820823 0.1527114707 0.1353882761 0.1575546979 0.1325403141 0.1949160400 0.1790835582 0.1656952050 0.1794434997 0.2202736806 0.2537845623 0.3630301029 0.4293962583 0.6409658281 0.7589547384 0.8603213262 0.8986192916 0.8594984821 0.7512814499 0.6554487695 0.5202601262 0.3370803950 0.3464279598 0.2417659326 0.2421755774 0.1322856020 0.2062672901 0.1585163940 0.1446495361 0.1658108486 0.1315077907 0.1825206271 0.1061551107 0.1814543428 0.1698173597 0.1711311069 0.1943170065 0.1636083711 0.1222817437 0.1634721821 0.1952840672 0.1551486505 0.1494090965 0.1624100817 0.1771700871 0.1702680288 0.1398172475 0.2654152144 0.2711165864 0.3497099388 0.5280066287 0.6470551673 0.7588389657 0.8676820936 0.9365623730 0.8414085794 0.7642487322 0.6219734446 0.4853673631 0.3935466645 0.2726623437 0.1952761194 0.2542150914 0.2225766340 0.2136622050 0.1914686340 0.1814130551 0.1954611847 0.1617143157 0.1190220069 0.1934447270 0.2165840432 0.1166815221 0.2068623384 0.1963242997 0.1448042758 0.2091845482 0.1916411127 0.1868407286 0.1823055517 0.1862798902 0.1813625489 0.2104653002 0.1938683908 0.1873906779 0.2570709955 0.3524825399 0.3968225890 0.5433700047 0.6964907526 0.8723349877 0.8823642755 0.9048978289 0.8645427554 0.6678311231 0.5457056926 0.4426683924 0.3572129402 0.2300570383 0.2697728701 0.2181244565 0.1820860073 0.1994190282 0.1983592241 0.1535982799 0.1769123575 0.1742141125 0.1993067465 0.1504160188 0.1404448542 0.1627095597 0.2049152753 0.1712723035 0.1759058125 0.1984802804 0.1783821018 0.1805999432 0.1650680785 0.1452639499 0.1408621945 0.1549743401 0.1803335339 0.2095828646 0.2577909469 0.3377954001 0.4722749014 0.5409655496 0.7736238879 0.8232357107 0.9037999891 0.9192136345 0.8374701386 0.6271887181 0.5180835793 0.4304851956 0.2888009070 0.2837437195 0.1888886525 0.2126143968 0.1851236179 0.1961113918 0.1720978713 0.1951397144 0.1584450615 0.1407848583 0.1804655128 0.1513255173 0.1957543381 0.1172503417 0.1740582849 0.2125942777 0.1784319236 0.2017906018 0.2215349700 0.2425799459 0.1907771343
0.1658855871 0.1573381471 0.1058586079 0.1528075950 0.1438760177 0.1969838089 0.1585220659 0.2074910816 0.2532721651 0.3217772355 0.4427210621 0.5712523825 0.6772732877 0.7964007966 0.8721384193 0.8219484626 0.8247271625 0.6594147761 0.5602765525 0.4422918946 0.3335601397 0.2746496700 0.1952754079 0.1994898645 0.1505872119 0.1685892092 0.1123623153 0.1921729809 0.2061533402 0.1656869781 0.1521727205 0.1448578080 0.1537598048 0.1406705584 0.1588734750 0.1905226708 0.1339727052 0.1648651805 0.1476594013 0.1677942040 0.1345615685 0.1349333993 0.1657925022 0.2304932595 0.1815187226 0.2558403889 0.2855533219 0.3267312820 0.4270714082 0.5668197225 0.7812179547 0.8143957783 0.8898176929 0.8779269155 0.7667093642 0.6405589757 0.5310387866 0.3829246478 0.2722598365 0.2264219530 0.1746323041 0.2013167407 0.1828949501 0.1584136847 0.1208468667 0.1656479178 0.1924388465 0.1739983138 0.1700018761 0.2186983464 0.1492534511 0.1601055059 0.1635303612 0.1838092269 0.1545713470 0.1324404815 0.1185003687 0.1724095912 0.2041955031 0.1699591780 0.1901112538 0.1669321439 0.1738693064 0.2413739539 0.2987960669 0.3368845382 0.5467340829 0.6804832693 0.7536367602 0.8333122511 0.8975578285 0.8492610934 0.7659430150 0.5772638224 0.4956343810 0.3157983138 0.2766667195 0.1979321028 0.1523121109 0.1911198017 0.1470655080 0.1852368664 0.1660866155 0.1776174461 0.1877060555 0.1871120131 0.1992994184 0.1610871849 0.1524322822 0.2147587528 0.1333420589 0.1436790269 0.1560792050 0.1776170644 0.1373432438 0.1552451943 0.1731846948 0.1988104404 0.1666958958 0.2064425795 0.2221930562 0.2506832290 0.3399557529 0.4328320411 0.5514270981 0.6625850932 0.8150256622 0.9036771096 0.8814636479 0.8102861491 0.7192123797 0.5922405379 0.4422382851 0.3061626689 0.2535020158 0.2121122851 0.1945520042 0.1926717687 0.1874746673 0.1751713477 0.1300975232 0.1609353012 0.2345226657 0.1263537916 0.1738625139 0.1818296144 0.1947972886 0.1646591113 0.1486734413 0.1785838718 0.1681259077 0.1753931978 0.1808810698 0.1656658222 0.1350463715 0.1774742266 0.1678196186 0.2186501214 0.2226311525 0.2927477901 0.3413264808 0.4710166492 0.5673269009 0.7469719188 0.8434658606 0.8791096263 0.8668802864 0.7814544952 0.6410441888 0.5069649140 0.3827936935 0.2557982074 0.2488774041 0.2156050171 0.1861601278 0.1206156994 0.2003378213 0.2087513121 0.1316010959 0.2333704168 0.1443600712 0.1780286636 0.1637507561 0.1741440754 0.1697965441 0.1991707284 0.1887239216 0.1694136646 0.1674919740 0.1411572906 0.1818901393 0.1917124465
0.1453527878 0.1280619443 0.1580784304 0.1925228878 0.1777539591 0.1604459781 0.1924945969 0.1840556505 0.2389449942 0.3174850223 0.3982913657 0.5516374038 0.6669700605 0.7955953909 0.8800039072 0.8278634860 0.8219517924 0.7011239565 0.5547594610 0.4184403683 0.3182345197 0.2252836403 0.2107336592 0.1583771950 0.2393555684 0.1338020909 0.1676609462 0.1539129992 0.1992898666 0.1255805354 0.1437379136 0.1484499582 0.1779609675 0.1292715032 0.1901916709 0.1081352854 0.1628143505 0.0944895019 0.1713715388 0.1464857512 0.1318231971 0.1589530876 0.1979721146 0.2006318462 0.1683409195 0.1931379838 0.2556815845 0.3471619585 0.4891442884 0.6371128291 0.7518790966 0.8722172723 0.8695701939 0.8453879299 0.7527744058 0.6233346373 0.4815204281 0.3710085053 0.2621959974 0.2061628809 0.2053995630 0.1785047608 0.1502227314 0.1482779377 0.1960279070 0.1727370664 0.1536798255 0.2004617055 0.1564087663 0.1528071274 0.1702294089 0.1989361421 0.1942768470 0.1819434537 0.1304411329 0.1976015779 0.1653718654 0.1247054873 0.1871220282 0.1585244920 0.1409635295 0.1941008738 0.2035813067 0.2129161663 0.2964212447 0.3567500148 0.5146478248 0.5978264067 0.7707970364 0.8470451182 0.8904884129 0.8220711548 0.7598807081 0.6200626741 0.4297334029 0.3506837870 0.3050159859 0.2288165194 0.2045284322 0.1447050495 0.1868620767 0.1842954506 0.1661571063 0.2159892851 0.1758399461 0.1919547692 0.2072802564 0.2079279362 0.1459266971 0.1568128879 0.1245396777 0.1889953468 0.2145601901 0.1512507435 0.1655214376 0.1498477778 0.2045706417 0.1908012392 0.1975985799 0.2038446152 0.1989028915 0.1710784553 0.2838837673 0.3894568370 0.5187749480 0.7506465409 0.8169604623 0.8113174808 0.8663421401 0.8032328882 0.7126764265 0.5802013509 0.4389526275 0.3657978172 0.2070336199 0.1943674136 0.2216984716 0.1913901614 0.1748240854 0.1486233634 0.1665898780 0.1435563703 0.1780172915 0.1971917234 0.1560427899 0.1687714935 0.1508084976 0.1921470097 0.2041829684 0.1302603157 0.1874686154 0.2352495510 0.1661946534 0.1263474346 0.2130067682 0.2038047348 0.1836689302 0.1540223721 0.2527602552 0.2575338534 0.3104823585 0.4244778702 0.6016896803 0.7290864097 0.8106716083 0.9560306183 0.8494921590 0.7851289735 0.6653118566 0.5053073849 0.3900587439 0.3047721766 0.2405501674 0.1797718118 0.1902754073 0.1661392057 0.1981607260 0.2366609346 0.1625066696 0.2052650069 0.2650668868 0.2564971777 0.1915537083 0.1700248048 0.2031365690 0.1914147395 0.1527236085 0.1766147204 0.1790152140 0.1811541756 0.2246115534 0.1715383363
0.1976354836 0.1485355707 0.1475792153 0.1915696017 0.1526765667 0.1550391560 0.1843505302 0.2082778119 0.2489525525 0.3096004329 0.3897157055 0.5040186621 0.6589492421 0.7836046115 0.8556772504 0.8403401345 0.7747262261 0.6638154180 0.5259419346 0.3814147153 0.3038225703 0.2540877834 0.2125170758 0.1362567014 0.1769490159 0.1458357589 0.1464512769 0.1909783612 0.1115551907 0.1643582359 0.1595810172 0.1615124822 0.1560475269 0.2055088035 0.2197951908 0.1520229661 0.1593012851 0.1032018035 0.1686210382 0.1580402085 0.1366682829 0.2211451405 0.1632452620 0.1432303642 0.2061314962 0.2034058531 0.2785443526 0.2936116001 0.4212480411 0.6219299932 0.7092924062 0.8403722086 0.8360233650 0.8581338863 0.7847722916 0.5937267544 0.5012980999 0.3895554113 0.2414780538 0.2103167037 0.2337884772 0.1504132581 0.1291455777 0.1765573585 0.1549027176 0.1492607103 0.1460688836 0.2214393761 0.1962247716 0.1642412795 0.1583241446 0.1261656721 0.1663373661 0.1421187067 0.1653111267 0.1420471284 0.1875584982 0.2132858589 0.1783966649 0.1497894316 0.1717473132 0.1981282732 0.1646015669 0.2074916063 0.3042454042 0.3721751920 0.4614385320 0.6565525709 0.7568893500 0.9029430272 0.8511939489 0.8362208938 0.7925597603 0.6089219184 0.4964502747 0.3468723447 0.2766928841 0.1911005869 0.1817647677 0.1535554050 0.1667019037 0.1975767809 0.1813410222 0.1130442096 0.1653689370 0.1663672445 0.1750025112 0.1482816978 0.1427318507 0.1588479864 0.1954570332 0.1578406361 0.1646480987 0.1702688292 0.1937008563 0.1623208954 0.1998775591 0.1851184215 0.1869544261 0.1742025694 0.2635294290 0.2229274629 0.2997043182 0.4704166504 0.5330578331 0.7176603358 0.7553559765 0.9272490199 0.8402207074 0.7870621173 0.6721806807 0.5560867371 0.4345714624 0.3069736176 0.1908011080 0.2059637276 0.1720442488 0.1710455992 0.1695745433 0.1649505115 0.1650907106 0.1735155946 0.2049092491 0.2091706013 0.1610550530 0.1517391950 0.1658970481 0.1674460770 0.1646722189 0.1442881406 0.1751759717 0.1493484451 0.1528129960 0.1757518824 0.1847205536 0.1550103413 0.1959337655 0.2131719829 0.1800990917 0.2598823517 0.3541726182 0.4560722652 0.6193013298 0.7314587766 0.8344169448 0.8695157420 0.8495332729 0.7864642004 0.7183505764 0.4986592729 0.3935291393 0.3107258154 0.3131378825 0.2222387775 0.2278942532 0.2003971874 0.1621870427 0.1793530273 0.1390882062 0.1675654340 0.2080023114 0.1842017889 0.1864413424 0.1561242811 0.1870151063 0.2025632764 0.2039126732 0.1284442478 0.1551983492 0.1862487014 0.1613495041 0.1924972164
0.1477837088 0.1062001603 0.1676893525 0.1794731707 0.2105707102 0.1361026302 0.1385284919 0.1498913829 0.2709702130 0.3029467970 0.4443601442 0.5626498797 0.6721415666 0.8248146503 0.8961634565 0.8495272733 0.8544443976 0.7114020054 0.5360842739 0.4210090573 0.2915524487 0.2360870973 0.1856029021 0.1630050342 0.1805589397 0.1454907090 0.1481427047 0.0986008101 0.1282110396 0.1443752665 0.2207652319 0.1544445163 0.1412306030 0.1483217243 0.1527187113 0.1488974097 0.1527169818 0.1865369807 0.1824530197 0.1499080556 0.1320000099 0.1126272784 0.1636952807 0.1405658268 0.2105061027 0.1899701075 0.2701701440 0.3397259937 0.4175617204 0.6274811234 0.7530513421 0.8448680787 0.8314381911 0.9049180930 0.7594102525 0.6078802603 0.4653583568 0.3355028218 0.2740919230 0.2005596293 0.2122256038 0.1619115981 0.1860428110 0.1486434110 0.1173447155 0.1725354765 0.1667260582 0.1945177802 0.2197560223 0.1432429590 0.1936711521 0.1373420089 0.1595261967 0.1798718998 0.1204277633 0.1319531302 0.1268318022 0.1867575046 0.1523791769 0.1713850563 0.1620714699 0.1495296380 0.1641130397 0.2571423157 0.2758494440 0.3700476539 0.4960094231 0.6331020053 0.7706046230 0.8540887955 0.8670264793 0.7914262444 0.7114239414 0.5509464597 0.4505039579 0.3563649119 0.2009159680 0.2152508793 0.2243925689 0.1821551168 0.1662352550 0.1460337816 0.1628841795 0.1374205572 0.1687076896 0.1418466541 0.1545817385 0.1758043517 0.1580753604 0.1829221922 0.1594655770 0.1655170931 0.1816662868 0.1674074763 0.1951095586 0.1509152808 0.1599268092 0.1647887902 0.2207429103 0.1584389532 0.2405949522 0.2830985962 0.2825029512 0.3918844278 0.5292796453 0.6899441359 0.8220093472 0.8499791252 0.8720416028 0.8038073408 0.7446943119 0.5586769635 0.3715935893 0.3103246734 0.2740353288 0.2561044158 0.2251869734 0.1717270197 0.2471806099 0.1879043968 0.1962062322 0.2144860512 0.1807316798 0.1355965388 0.1521215054 0.1385512079 0.1315696690 0.2082139012 0.2040041209 0.1732059197 0.2189343985 0.1385780593 0.1581071261 0.1849420713 0.1775230104 0.1499551956 0.1459809895 0.1739197500 0.1744232403 0.2884735001 0.3197247736 0.4277942486 0.5927910380 0.7079297081 0.8453576497 0.9174671763 0.8479077286 0.7837386655 0.6830501670 0.5172220367 0.3574397358 0.2897022705 0.2319198068 0.1931163226 0.1755582301 0.2017465812 0.1579733528 0.1862561393 0.1429868980 0.1494026380 0.1632978705 0.1675339761 0.2167571779 0.1610221711 0.1631349780 0.1824887089 0.2083962621 0.2038562777 0.1844601755 0.1283299185 0.1631518586 0.1768178839
0.1499645838 0.1613713044 0.1352505883 0.1540814417 0.1696120423 0.1516417658 0.1401258585 0.1769873570 0.2577277424 0.2611177236 0.4152715341 0.5642450213 0.6053826611 0.7643244933 0.8615034353 0.8480061984 0.8007113301 0.6732617328 0.5197636257 0.3274438820 0.3244133745 0.1868741514 0.1941482122 0.1404970997 0.1145879347 0.1776479616 0.1140012567 0.1526858652 0.1540819573 0.1448509054 0.1243959908 0.1339975608 0.1098444442 0.1341999458 0.1112633213 0.1456912045 0.1848931558 0.1479971943 0.1669584880 0.1343508763 0.1331655541 0.1345671578 0.1866193070 0.1572865517 0.1747230472 0.1831935683 0.2740582936 0.3217363216 0.4701476003 0.5735180004 0.6918206027 0.8459102483 0.8263809384 0.8019193471 0.7645195151 0.5958239121 0.4222804784 0.3287328277 0.2593035765 0.2081368390 0.1791893082 0.1614184322 0.1658850154 0.1517739928 0.0952335781 0.1800228693 0.1636983022 0.1910717649 0.1481551858 0.1728430288 0.1140156874 0.1363562031 0.1693711856 0.1380273520 0.1435406482 0.1173007824 0.1800476021 0.1393231330 0.1827114547 0.1949968949 0.1250507851 0.1661325176 0.1347902816 0.2139734955 0.2707448736 0.3260731484 0.5130022701 0.6287391246 0.7714988170 0.8812878579 0.8990440905 0.8748617476 0.6925061226 0.5687754119 0.4544347394 0.3153689531 0.2867440451 0.1691438642 0.1219332596 0.1694458017 0.1358394813 0.2250464867 0.1665513984 0.1594607082 0.1657735621 0.1606953419 0.1946269994 0.1402704474 0.1657534500 0.1297155012 0.1874188219 0.2041965937 0.1445677194 0.1301022439 0.1209787881 0.1583646001 0.1672951053 0.1652471300 0.1617805475 0.1620555108 0.1709457149 0.2697153762 0.3206970899 0.4230853796 0.5539999866 0.6836613112 0.7745510665 0.9177273020 0.8709023011 0.7801253816 0.6664575704 0.5155660393 0.4570680357 0.3068153667 0.2419631821 0.1355898690 0.1495265014 0.1665357364 0.1704948143 0.1153860172 0.1666376971 0.2277903849 0.1156831305 0.1783586775 0.1495562652 0.1555574175 0.1482434814 0.1592675790 0.1919131204 0.1727539688 0.1849491073 0.1697740677 0.1660569814 0.1502988724 0.1788459577 0.2050343034 0.2169279386 0.1803101132 0.1873633649 0.2129528139 0.3474222052 0.4426417063 0.6256404240 0.7856714939 0.7902479287 0.8979506166 0.8616362549 0.7591236495 0.6205851811 0.4625544827 0.3637500777 0.3016942108 0.1941836498 0.1731231139 0.2116894221 0.1890947285 0.1701628139 0.1826608712 0.1479037439 0.1808267050 0.1477430791 0.1899266024 0.1392665938 0.1237007481 0.1626520797 0.1603038304 0.2217342888 0.1568770593 0.1666073161 0.1384405040 0.1361371101 0.1732637610
0.1468493914 0.1509097259 0.1760215689 0.0838364832 0.1469291703 0.0916365834 0.1500891643 0.1536948787 0.2180685828 0.3012409751 0.3725062738 0.5235139104 0.6491114507 0.7757277570 0.8530568001 0.8441437470 0.7425897233 0.6213313971 0.4842734127 0.4252453186 0.2884504014 0.2138538187 0.1584718979 0.1721598529 0.1908129863 0.1132323705 0.2023230545 0.1309145997 0.1552771782 0.1642478955 0.1735578693 0.1520029276 0.1574876184 0.1432649546 0.1744391370 0.1875857066 0.1830846124 0.1245950482 0.1205260496 0.1485063038 0.1535606865 0.1320985328 0.1031108055 0.1583927273 0.1975008136 0.2269596867 0.2562405868 0.3286599644 0.4381776201 0.5528130609 0.7297355773 0.8484794175 0.9044639419 0.8156675950 0.7596662297 0.6171097493 0.4786125401 0.3601742446 0.1965211436 0.1800275358 0.1758329180 0.1437972138 0.1200951758 0.1283049763 0.1515322046 0.0942551719 0.1565032545 0.1430537102 0.1139083245 0.1626755295 0.1479675872 0.0945431198 0.1544519797 0.1309959213 0.1464482818 0.1278282468 0.1665388227 0.1581631326 0.1860895346 0.1374200764 0.1608281092 0.1287203866 0.1456837642 0.2106397724 0.3250463882 0.3767273333 0.4514620857 0.6799775154 0.8091629807 0.8320466348 0.8902247795 0.8461918746 0.7076919416 0.5682111589 0.4552442015 0.3432812948 0.2631332673 0.2158174888 0.1668311080 0.1975239810 0.1372453076 0.1573212665 0.1641864316 0.2195379462 0.1467510015 0.1486130747 0.1498896094 0.1997137844 0.1823665119 0.1618107157 0.1275885851 0.1385274102 0.1718814371 0.1446757042 0.1576987485 0.1985420014 0.1080508277 0.2218583981 0.2164414613 0.1495098189 0.2298965539 0.2283775675 0.3640635927 0.4062108229 0.5411460588 0.6597945875 0.7999917816 0.9071463982 0.8482288127 0.7890350387 0.7030322842 0.5523105398 0.3737753712 0.2647747076 0.2332277575 0.2189569302 0.1117465532 0.1265529496 0.1481525799 0.1484093783 0.1507499389 0.1819891551 0.1684542461 0.1463098287 0.1242578045 0.1419010133 0.1514072293 0.1769676039 0.1701891522 0.2184288766 0.1390245683 0.1747392122 0.1543405400 0.1804213381 0.1514034304 0.1524449239 0.1190490942 0.1688391554 0.2168128342 0.2339701862 0.3413645232 0.4043415382 0.5704773372 0.6919334022 0.8454838811 0.8993873395 0.8151669741 0.7778463660 0.6862903109 0.4420137797 0.3428086234 0.3125448636 0.2317508313 0.1299935202 0.1674323349 0.1444124574 0.1727783688 0.1158874209 0.1390371601 0.1680694156 0.1619343885 0.1451177868 0.1825169091 0.1674027614 0.1691376468 0.1543705124 0.1282291637 0.1410179837 0.1872491025 0.1882861447 0.1207445515 0.1627770335
0.1286305336 0.1051602507 0.1338343499 0.2059415838 0.1709081314 0.1381633553 0.1663820335 0.2150912053 0.2373718906 0.3005396817 0.3515894052 0.4820908365 0.6892353813 0.8053389254 0.8447959178 0.8327463566 0.7675091041 0.6153650865 0.5397552487 0.3192429499 0.3071474738 0.2372686826 0.2145920933 0.1108057244 0.1497742538 0.1315897888 0.1212747391 0.0989073967 0.1452234193 0.1754826626 0.1353950551 0.1671728402 0.1734112650 0.1258626057 0.1063156562 0.0996417020 0.1676939749 0.0991505637 0.1111566594 0.1386183974 0.1384211598 0.1521059465 0.1408505713 0.1357766019 0.1698860664 0.1748195280 0.3098488455 0.3525502360 0.4339354447 0.5991339940 0.7703241874 0.7878764133 0.8933632314 0.8220627113 0.7134155795 0.6589152827 0.4337649956 0.3283764858 0.2195198837 0.2634765080 0.1631330419 0.1243734832 0.1620055486 0.1236280075 0.0811126905 0.1793011647 0.1259462029 0.1291534609 0.1018162703 0.1335352318 0.1560496476 0.1845526470 0.1451900686 0.1463114022 0.1054278882 0.1825660547 0.1396427934 0.1403993369 0.0728565256 0.1953397584 0.0917156067 0.1809968124 0.1750808218 0.2224464252 0.3023629211 0.3530860197 0.5380746749 0.5397618231 0.7381249780 0.7947382812 0.8560251785 0.8008255080 0.7077396725 0.5420838404 0.4254506984 0.3356670315 0.2199623311 0.1767832297 0.1667438903 0.1766434802 0.2053129145 0.1245366339 0.1527096997 0.0890520314 0.1944577219 0.1683074561 0.1191736789 0.1605417325 0.1539067168 0.1553154342 0.1673302347 0.1383530879 0.1466732761 0.1737586885 0.1658940070 0.1733956220 0.1459010093 0.2066988481 0.0940930162 0.1370563459 0.1952624962 0.2314112385 0.3080284005 0.4097038958 0.4944108414 0.6741640159 0.7958707969 0.8659580032 0.8602398302 0.7143651734 0.6582267639 0.5550701225 0.4025670352 0.2782564067 0.2457260622 0.1973893828 0.1878307224 0.1541884258 0.1770330527 0.1684186439 0.1748219125 0.1558894924 0.1307255274 0.0937273920 0.1266486549 0.1544114563 0.1437944327 0.1967365058 0.1420383125 0.1638901874 0.1703553404 0.1624398850 0.1549830755 0.1456509417 0.1564230822 0.1416021407 0.1721065634 0.1406057477 0.1851794368 0.2326101798 0.3377168775 0.4397144135 0.6168374765 0.7403831730 0.8569078890 0.9288521233 0.8144864077 0.7246148164 0.6114443939 0.5154062026 0.3608118518 0.2674645033 0.2240208476 0.1750828577 0.2003639818 0.1927820143 0.1407423989 0.1343321105 0.1652116433 0.1685633610 0.1179226205 0.1168404735 0.1325816015 0.1785313260 0.1491763014 0.1219481014 0.1740916913 0.1684708452 0.1752631858 0.1502172143 0.1514129673 0.1691316880
0.1422968230 0.1058258604 0.1509684809 0.1240056320 0.1069442716 0.1348720128 0.1585152145 0.1766276167 0.2365081416 0.2731114544 0.4037499444 0.5302870468 0.6940667013 0.7983171054 0.8628553783 0.8398851023 0.7979522700 0.6242159728 0.5098641735 0.3595353771 0.2542044169 0.2009857281 0.1974863939 0.2001753353 0.1492837407 0.1581027620 0.1272229858 0.1524164509 0.1607158405 0.1666231507 0.1525515178 0.0901099923 0.0825589401 0.1819481023 0.1139593544 0.1301101937 0.1136044903 0.1442510890 0.1096868076 0.1746849557 0.1035595628 0.1229951265 0.1068149725 0.1639172972 0.0669152028 0.2177618305 0.2501835128 0.3621575815 0.4529497511 0.5587919155 0.6943640610 0.8865656866 0.8515715771 0.8600151746 0.7128291613 0.5985717167 0.4612670410 0.3663945947 0.2426217500 0.2232752010 0.1358927934 0.1721069911 0.1540813488 0.1282238274 0.1778636024 0.1477353067 0.0911010933 0.1087279136 0.1613217568 0.1370673824 0.1327536156 0.1309232173 0.1645397096 0.1297950629 0.1171388095 0.1503558287 0.1679806071 0.1068641126 0.1024117644 0.2043606822 0.1856437078 0.1972355797 0.1568605390 0.2147893357 0.3233771245 0.3399662090 0.5063026577 0.6089883355 0.7667360446 0.8383033429 0.8707502754 0.8099570721 0.6967887531 0.5798330558 0.4515311793 0.2829791994 0.2288488482 0.2018779634 0.1242081928 0.1243891361 0.1300568041 0.1469044330 0.1728320450 0.1715820845 0.1436802861 0.1542518706 0.1546073247 0.1925384096 0.1349263441 0.1444188757 0.0712012643 0.1977142260 0.1130830109 0.1523379484 0.1815523562 0.1235177786 0.1589325401 0.1512816726 0.1520047898 0.1564132603 0.1701359902 0.2390283342 0.2968371949 0.3699882888 0.5161171420 0.6924038348 0.7978531819 0.8517498526 0.8644973719 0.7748593999 0.6498125476 0.5307750622 0.3895625661 0.2866955376 0.2192669052 0.2125555058 0.1815618699 0.1464213446 0.1440955336 0.1679166515 0.1793213067 0.1178139652 0.1282799000 0.1307540540 0.1226230114 0.1711265682 0.1752841868 0.1326045760 0.1531335629 0.1216100325 0.1426919778 0.1292009110 0.1657585491 0.1137003957 0.1493059190 0.1562370643 0.1742774500 0.1782286687 0.2090227882 0.2623017983 0.3024019674 0.4631354153 0.5487025873 0.7284212891 0.8015785110 0.8959337674 0.8244803124 0.7388657685 0.6210468167 0.4345282697 0.4066168848 0.3021425624 0.2257445202 0.2187737762 0.1857193318 0.1816239863 0.1797814062 0.1165533650 0.1309539642 0.2135076321 0.1539157588 0.1856075618 0.1596764986 0.1145772165 0.1434123955 0.1907309847 0.1496276842 0.1497612211 0.1527690167 0.1459658232 0.1617588857 0.1467681371
0.1253509572 0.1366980085 0.1548863590 0.1179794743 0.1020384601 0.1158739718 0.1690448518 0.1655647594 0.2368269623 0.3529186004 0.4003245473 0.5030459294 0.6711158171 0.8157056467 0.8364067141 0.8653269945 0.7774970949 0.6120123189 0.4741103000 0.3536298579 0.2941728285 0.1961659548 0.1740339499 0.1089742729 0.0623461193 0.1658884561 0.1541564105 0.0921129863 0.1540248662 0.1798080423 0.1445423363 0.1365690518 0.1285653178 0.1656990816 0.1733911560 0.1679199203 0.1411284083 0.0688912985 0.1427842468 0.1346615032 0.1346546643 0.1429303266 0.1796934613 0.1495001253 0.1697706161 0.1674353155 0.2133094298 0.3173012434 0.4553001519 0.5910983932 0.7038386313 0.8243923594 0.9014734902 0.8386978721 0.6691007227 0.6450224409 0.4801452113 0.3252540582 0.2662443667 0.1662664273 0.1520715034 0.1693486334 0.1751388142 0.1249903371 0.1792977462 0.1351944608 0.1673519316 0.1302011934 0.1587969706 0.1402708248 0.1324501416 0.1538710248 0.1126152029 0.1324214121 0.1132238876 0.1389840239 0.1416202661 0.1242605727 0.1579640897 0.1206117664 0.1835289796 0.2089886310 0.1977798214 0.2210512627 0.2573224867 0.4163408566 0.5081383709 0.6296494014 0.7397214315 0.8440297646 0.8550722002 0.8070260722 0.6755833658 0.5136892330 0.4228444247 0.3359582028 0.2864764075 0.1805561035 0.2013017575 0.1794383471 0.1154819480 0.0908211158 0.1446161657 0.1458404242 0.1188646337 0.1530714876 0.1472263098 0.1216002628 0.1271719567 0.1129888032 0.1916120575 0.1609061031 0.1606977112 0.1432044315 0.2033333214 0.1407674395 0.1456119433 0.1521427158 0.1531747929 0.1990346648 0.1364643456 0.2353791379 0.3293789575 0.4155710542 0.5442548824 0.6255653770 0.8217499196 0.8716304665 0.8772869957 0.7535987452 0.6240656846 0.4769824328 0.4093107500 0.3259976640 0.2042132053 0.1923829827 0.1145548824 0.1608434128 0.1652801166 0.2342332833 0.0983564134 0.1493420893 0.1831152621 0.1343265284 0.1688233281 0.1398215519 0.1607315775 0.1391174378 0.1522512292 0.1822389159 0.1136606984 0.1649122704 0.1218213846 0.1240719874 0.1722069848 0.1688399174 0.1872618428 0.1694161998 0.2441224050 0.2772121614 0.3578262528 0.4728549894 0.5834604012 0.7104595866 0.8255673712 0.8912847532 0.8679115041 0.7355047809 0.5779948601 0.4475589081 0.3748632277 0.2376058780 0.1626415875 0.1738852899 0.1624087987 0.1209206325 0.1983363326 0.1298074934 0.1545507130 0.1569467631 0.1980549574 0.1768598808 0.1745260955 0.2013371511 0.1411232192 0.1632916786 0.1140218184 0.1897913872 0.1493322485 0.1203963330 0.1555038135 0.1905007898
0.1916750918 0.1279010138 0.1287453322 0.1806556294 0.1343812361 0.1897087727 0.1801756709 0.1644572891 0.2230824043 0.3132216318 0.4001486226 0.5473638302 0.6355449220 0.7703554019 0.8751543689 0.8470846023 0.7385186476 0.6005045901 0.5177961665 0.3037678860 0.2766695581 0.1851274178 0.2068694655 0.1578247494 0.1170656684 0.1946538747 0.1394169213 0.1319398618 0.1190049117 0.1660122948 0.1443214400 0.1353447159 0.1684626257 0.1044847627 0.1358436586 0.1480815993 0.1581281419 0.1360056302 0.1412632543 0.1404794634 0.0960080606 0.1370131422 0.1517036546 0.1329451957 0.1530105965 0.1865537497 0.2754036047 0.3508138781 0.4808815147 0.5700177789 0.7919621093 0.7925767650 0.8838440911 0.8111564638 0.6956072007 0.6275507875 0.4838467799 0.2902851545 0.2793844802 0.2139744506 0.1671653634 0.1626892646 0.1121371470 0.1349225780 0.1614654025 0.1285104736 0.0923629049 0.1416258767 0.1921626881 0.1126193953 0.1531690182 0.1570102332 0.1538068299 0.2065236519 0.1501263320 0.1400410991 0.1600536394 0.1437910049 0.1612175935 0.1812005678 0.1540429666 0.1399703245 0.1897963576 0.2659543346 0.2817108560 0.3649642787 0.5213089740 0.6805075552 0.7519323683 0.8756404920 0.9246320075 0.7676178442 0.6698666381 0.5200775147 0.4363091468 0.3324973626 0.2471117766 0.2186864134 0.2246719903 0.1798955919 0.1665627123 0.1658766301 0.1762608027 0.1640098757 0.1589354276 0.1471623419 0.1480336684 0.1505564528 0.0761355738 0.1398494126 0.1593432952 0.1111310163 0.1500130740 0.1659888884 0.1706650756 0.1420868592 0.1556516382 0.1394424313 0.2015743226 0.1471007852 0.1577800405 0.2152564568 0.3521083271 0.4518910386 0.5604242533 0.7207163674 0.7915327762 0.8758761932 0.8661185763 0.7556009049 0.6781085455 0.4977356683 0.3612966813 0.2567521738 0.2403365281 0.1626818049 0.1579961791 0.0772618990 0.1485862478 0.1580391936 0.1668357614 0.1479476989 0.1703876954 0.1444576134 0.1529899072 0.1912521410 0.1988551353 0.1306928355 0.1577344746 0.1597397929 0.1658767483 0.1321740299 0.2214129748 0.1490114209 0.1667987177 0.1272821452 0.1863730088 0.1391352569 0.2382073162 0.2644189259 0.3297382830 0.4733970516 0.6552587664 0.6899652825 0.8051901984 0.8620146025 0.8868970645 0.7499420257 0.6075953953 0.5040522467 0.2976008027 0.2979701745 0.2390340306 0.1626242242 0.2047825961 0.1544568578 0.1779184529 0.1680501709 0.1301958302 0.1452505978 0.1929682988 0.1682228357 0.1436113069 0.1478237869 0.1269661603 0.1647590127 0.1435589199 0.1902313356 0.1435088254 0.1403201759 0.1196074234 0.1655121897
0.1606908335 0.1108657008 0.1049209148 0.1743748008 0.1428736223 0.1173898778 0.1431422179 0.1812302736 0.2186274835 0.2697054352 0.3569210839 0.5705413342 0.6913817386 0.7905887563 0.8612471582 0.8498932208 0.7846340768 0.6492929748 0.4614800535 0.3205433341 0.2786645801 0.2488387048 0.2160824716 0.1877633670 0.1088371691 0.1345715149 0.1456155197 0.1453438861 0.1636283901 0.1602811114 0.1562052025 0.1428026142 0.1510284688 0.1531624659 0.1964849799 0.1619264391 0.1191187816 0.1377385213 0.1300173021 0.1907201115 0.1715377782 0.1371504355 0.1439697093 0.1970542645 0.1629897713 0.1880664073 0.2359093926 0.3487723675 0.4640937248 0.5616537745 0.7553294220 0.8302689706 0.8712181867 0.8123928129 0.7633555809 0.5773818686 0.4896626666 0.3684685562 0.1990036894 0.2095100111 0.1897942001 0.1439873429 0.1343955569 0.1603088810 0.1440251199 0.2052951333 0.1875797972 0.1524104915 0.1693201060 0.1407987566 0.1199165644 0.1486195645 0.1410460316 0.2148453359 0.1081310455 0.1813920372 0.1462316801 0.1966148920 0.1546221629 0.1581514289 0.1559068871 0.1148854851 0.2251523536 0.2089667133 0.2880095415 0.3301961053 0.5384218782 0.6499612592 0.7674666668 0.8210709721 0.8699700689 0.8451751831 0.7061928547 0.5678825992 0.4183456484 0.3107096917 0.2294790415 0.2038127546 0.1553391971 0.1736105551 0.1764134455 0.2103876245 0.1720522520 0.1528011483 0.1941275613 0.1486925726 0.1526496264 0.1058032850 0.1232617799 0.1627560642 0.1555858899 0.1428979280 0.1653385717 0.1600402422 0.1371419980 0.1279390995 0.1683625422 0.1582591183 0.1464174658 0.2047655135 0.2178109078 0.2294579303 0.3036479441 0.4342440421 0.5391688732 0.7019188138 0.8063514825 0.8788101609 0.8052718693 0.7893534105 0.6506934494 0.4903192456 0.4103256412 0.2925541816 0.2729447429 0.1552576832 0.1397829353 0.1276719610 0.1824423113 0.1720893055 0.1664671875 0.1660879895 0.1284652290 0.1105633838 0.1529631181 0.1554466280 0.1252415767 0.1993249258 0.1674145923 0.1518064665 0.1417327951 0.1118527868 0.1884818718 0.1639556147 0.1480909358 0.1638394905 0.1250605447 0.1580240909 0.2322501196 0.2189928002 0.3632315812 0.4783211828 0.6041761228 0.7248514439 0.8599244034 0.8740671839 0.8275986191 0.7744418373 0.5733497458 0.4419749788 0.3893572781 0.3146318373 0.1775916193 0.1788478502 0.1832511526 0.1331126671 0.1330526512 0.1758814774 0.1969362637 0.1777509143 0.1810671778 0.1446031580 0.1296981648 0.1820687352 0.1837210493 0.1462152614 0.1621031303 0.2100967743 0.1759949380 0.1743530016 0.1605800162 0.1687949727
0.1232608314 0.1441467908 0.1551058802 0.1674478030 0.1552947134 0.1790579405 0.1543799819 0.1780061536 0.2049740686 0.3374440019 0.4071286967 0.5566401118 0.7327786589 0.7989181816 0.8593369295 0.8390113310 0.7971797732 0.6166156571 0.5092904472 0.3751388263 0.2861489204 0.2336747646 0.2236943968 0.1898971654 0.1673550208 0.1382791808 0.0894750964 0.1474147326 0.1518378868 0.1314065388 0.1659357677 0.0989829462 0.1173974306 0.1872896978 0.1396043639 0.0987699945 0.1475852011 0.1748307344 0.1466227755 0.1295647229 0.1804189040 0.2011474771 0.1568661617 0.2076252807 0.1606555590 0.2100225747 0.2689734662 0.3606787480 0.4550618601 0.6122465239 0.7130248324 0.8416481509 0.8719466336 0.8604314871 0.7432187648 0.6194009590 0.4798426155 0.3483736576 0.2447694063 0.2042732368 0.1589211984 0.1573752260 0.1789848203 0.1714006376 0.1774595209 0.1726057069 0.1006877103 0.1155706700 0.1635497447 0.1832045685 0.1579746968 0.2024065978 0.1713201771 0.1295024092 0.1742557158 0.1532360404 0.1928183665 0.1491822968 0.1600694133 0.1269188741 0.1906597120 0.2020609185 0.1772997569 0.2114873400 0.3173283314 0.4121439774 0.4641238080 0.6586129200 0.8098397116 0.8612824764 0.8496417574 0.8493906628 0.6497828165 0.5739788931 0.4489168116 0.3629828569 0.2622445925 0.1977510311 0.1630031864 0.1152391093 0.1546635940 0.1967135373 0.1832298448 0.2008078712 0.1724583673 0.1391499894 0.2005021578 0.1638788162 0.1590278709 0.1521904000 0.1594134855 0.1529356344 0.1677254020 0.1422065262 0.1577947917 0.1729796061 0.1267551171 0.1900240312 0.1406506183 0.1861249802 0.2401492910 0.2768068857 0.3001677765 0.4227359580 0.5839233523 0.8042489631 0.8645867138 0.8156625711 0.8547307537 0.8105192025 0.6622439217 0.5096728370 0.4401010308 0.2811493100 0.2247171219 0.1930253048 0.1655658796 0.1639095646 0.1596940575 0.1450227867 0.2210835664 0.1756192432 0.1659871598 0.1576098292 0.1431150067 0.1818937448 0.1787504274 0.1713358937 0.1853634401 0.1975184386 0.1819567846 0.1813827248 0.0967599178 0.1551810752 0.1482225091 0.1402233440 0.2221291981 0.1575324429 0.2422644765 0.2672657632 0.3496235704 0.4496344449 0.6046729940 0.7682118573 0.8442924919 0.9308950297 0.8597405869 0.7737179034 0.5873472685 0.4850797422 0.3228935694 0.2609139353 0.2387564733 0.2170766478 0.1915238156 0.1806074892 0.0843492595 0.1801506146 0.1763691785 0.1691575736 0.2058109031 0.1545847618 0.1442276661 0.1396694956 0.1776596495 0.2548025352 0.1726305498 0.1573910699 0.1489043995 0.2241318983 0.1255625733 0.1945072667
0.1534769241 0.1310916113 0.1311142267 0.1492842477 0.1460854249 0.1780642337 0.1643200515 0.1118297832 0.2538522388 0.2788032723 0.4522274767 0.6084616459 0.7204940028 0.8173287524 0.8847315676 0.8756151778 0.7727421132 0.6557164679 0.5052142215 0.4118339596 0.2406210407 0.2405916326 0.1631358429 0.1431460722 0.1639949960 0.1504486842 0.1872123666 0.1053316002 0.1678630166 0.1296556641 0.1715751920 0.1487988622 0.1689632912 0.1701247190 0.1482352792 0.1209593556 0.1406553443 0.1256131158 0.1378720681 0.1921401429 0.1839390190 0.1472689373 0.1585620718 0.1710160451 0.1779455101 0.2176569036 0.2570456831 0.3915381786 0.4896317126 0.6135842657 0.7947937106 0.9104142344 0.9335785208 0.8676070246 0.7679227425 0.6448722023 0.4505170538 0.4224100553 0.2416419282 0.2026924109 0.1401845481 0.1169627241 0.1576654204 0.1798435609 0.1552954295 0.1783564963 0.1317707863 0.1674763055 0.1358351372 0.2265240674 0.1678659929 0.1759922728 0.1621250082 0.1532608361 0.1105447964 0.1523398747 0.1421271737 0.1277350126 0.1749681860 0.1617382611 0.1191053116 0.1869015352 0.2055837072 0.2072204577 0.3601180938 0.4580781105 0.5052621318 0.7417655076 0.7838146523 0.8609447934 0.9038703749 0.8501558577 0.7169131691 0.5467836742 0.4538136809 0.3037613223 0.2188365223 0.2229013393 0.2280167228 0.1555587057 0.1921383237 0.1642700232 0.1702377741 0.1536191947 0.1417309375 0.1696378990 0.1628102934 0.1263439878 0.1563242180 0.1516967072 0.1609871944 0.2478397796 0.2171659851 0.1707069382 0.1697769271 0.2004829467 0.1769914797 0.2092646451 0.1727614890 0.1268256381 0.2389374031 0.2396787554 0.3576349939 0.4485529177 0.6600394456 0.7479083701 0.8297563238 0.8771374443 0.8584706107 0.8098072411 0.6324403190 0.5613964261 0.4260004975 0.2821729973 0.2613722719 0.2075617007 0.2085004615 0.1742561443 0.1538291762 0.1478893752 0.1929190647 0.1898858089 0.1542522317 0.1861487513 0.1420754718 0.1548100684 0.2260285427 0.1718133967 0.2078068864 0.2253157952 0.1419883397 0.1935138529 0.1143974958 0.1119271947 0.1783294644 0.1548306738 0.1349873483 0.2803278482 0.1933111828 0.3068825393 0.3568891101 0.4437671257 0.6598895726 0.7279521539 0.8516227144 0.8900628935 0.9228225115 0.7681172522 0.6303996694 0.4924696680 0.4355197247 0.2681306267 0.2345956434 0.1861297341 0.1613864333 0.1404991227 0.2548265301 0.1885261727 0.1728321411 0.1897136326 0.2487700656 0.2001235055 0.1629588629 0.1659959025 0.1850066225 0.2006029444 0.2178542760 0.1544148953 0.2113165131 0.1548687800 0.1933292512 0.2092243123
0.1854139125 0.1740946439 0.1368936913 0.1487654745 0.1244386982 0.1783623149 0.1918351275 0.1577986716 0.3134835075 0.3282669452 0.4645830770 0.5968184055 0.6915905413 0.8195701616 0.8586901190 0.9240252899 0.7676465811 0.6724162317 0.4624599877 0.3946963412 0.3007494104 0.2017278258 0.2007032981 0.1896775788 0.2001326834 0.1618157224 0.1260912257 0.1293683549 0.2044790660 0.1976450922 0.1397923737 0.1324399001 0.1730436649 0.2131721014 0.1171264036 0.1813189758 0.1771705060 0.1371124883 0.1718306456 0.1621647631 0.1788488892 0.1941732733 0.1717857267 0.1682660588 0.1533462692 0.2509688612 0.3030134938 0.3545100887 0.4981181258 0.6714632168 0.8086859570 0.8670691020 0.8718723631 0.8379294883 0.7316355703 0.6170729770 0.4365620205 0.3503285470 0.2933391033 0.2221753833 0.2005443517 0.2122825079 0.2066105284 0.1843073824 0.2342910547 0.1502898993 0.1645691349 0.1454912661 0.1902254422 0.1967000755 0.1757181511 0.1940453122 0.1860372815 0.1768232711 0.1745246401 0.1555781667 0.1201427074 0.1636656054 0.1745835883 0.1506682013 0.1883576123 0.1914607075 0.2062160951 0.2798718624 0.3379879721 0.4654527877 0.5456436854 0.6543613562 0.7833770572 0.9027574101 0.8962060979 0.7745875725 0.7297905118 0.5882275480 0.4082802788 0.3359548023 0.2877075602 0.2602270674 0.1885314234 0.1796850416 0.1524610997 0.2054180701 0.2119730068 0.1668118569 0.1442769149 0.2038388955 0.1893017357 0.1926936307 0.1443181708 0.1365592363 0.2324105932 0.1550574844 0.1768061005 0.1214455211 0.1519443212 0.1865005353 0.1775278803 0.1672425563 0.2071834346 0.1837005093 0.2272288920 0.2433499059 0.3404880969 0.4902781106 0.5645882045 0.7498056873 0.8643579907 0.8729708048 0.8533618671 0.7732058108 0.6580751342 0.5603638984 0.3776691525 0.3214803181 0.2588328336 0.1950915661 0.1865474637 0.2433567463 0.2091276664 0.1990178824 0.1651204474 0.1973124683 0.1856769209 0.1475143962 0.1873130140 0.2192843632 0.1468524288 0.1667896578 0.1638221519 0.1771843154 0.1854134905 0.1689662494 0.1578932680 0.1404529883 0.1933291604 0.1579660599 0.2014336043 0.1581098383 0.2826047966 0.2723422960 0.4034077186 0.4966859335 0.6299232406 0.7849871668 0.9104619107 0.8916953268 0.8652493203 0.8377370856 0.6416752619 0.4987467651 0.3433415152 0.2869744606 0.2035276613 0.1964203411 0.2358648600 0.1928050224 0.2286164485 0.1893019217 0.2097449786 0.1530610575 0.1351967325 0.1705412871 0.1853265284 0.1849578827 0.1349101033 0.1856983986 0.1862305093 0.1932287871 0.2151129418 0.2046607265 0.1980545110 0.2091916884
0.1752093848 0.1725516371 0.1591251851 0.2076392042 0.1403465236 0.1324425172 0.2102766266 0.2247471709 0.2540811001 0.3570170725 0.5094835561 0.5799220138 0.7632882965 0.8826851166 0.8753207252 0.8477530617 0.8318891950 0.6085656462 0.5226856446 0.3983110782 0.2444240571 0.2403142546 0.2198949720 0.2272106195 0.1921626988 0.1799130899 0.1867511091 0.2262970401 0.1544464993 0.1230867500 0.2003265919 0.1823148047 0.0820278953 0.1454739924 0.1643434259 0.1804633174 0.1787103244 0.1913038687 0.1713117945 0.1928070477 0.1730411676 0.1799569997 0.2091266441 0.2167510223 0.1774365647 0.2569282909 0.3095336800 0.3632924110 0.4468419649 0.6607457261 0.7779134987 0.8624469679 0.8803476170 0.8553242570 0.7746615235 0.5863974521 0.4561173903 0.3773147991 0.3160497836 0.2199473784 0.1987526793 0.1365351601 0.2179000882 0.1892110503 0.1466222760 0.1977307910 0.1724972117 0.1102440581 0.1580538032 0.1868731208 0.1815659213 0.1881289484 0.2027122970 0.1658565903 0.1699090467 0.1766021296 0.2459114344 0.1500875186 0.1639391339 0.1519644700 0.1293648169 0.2540593397 0.1999022312 0.2785169731 0.3484296844 0.4386811430 0.5328141590 0.6760692743 0.7943968850 0.9256511678 0.8710400350 0.8294955536 0.7104759217 0.5334002035 0.4703219400 0.3333254706 0.2873374568 0.2162936635 0.1918264954 0.1889191487 0.1889571280 0.1896044838 0.2470944810 0.1779437471 0.1658415154 0.1916755398 0.2210979329 0.2292028327 0.2110448623 0.1522640635 0.2563924718 0.2232430362 0.1973261989 0.2016938615 0.1703533530 0.1848420926 0.1727664431 0.1990652775 0.2042593004 0.1904816801 0.1754692267 0.3097210412 0.3298450268 0.4436169995 0.6955779540 0.7082034213 0.8333524987 0.9301959119 0.8900703001 0.7910963701 0.6625502577 0.5182116815 0.3861559216 0.3159574947 0.2200482365 0.2492640883 0.2597318999 0.2168250144 0.1702804407 0.1922160234 0.2173643472 0.2102336733 0.2501870578 0.1827577121 0.2070941553 0.1917881261 0.2261670724 0.1599344213 0.2081108170 0.2243878035 0.1536731564 0.1870887876 0.1478701741 0.1659927523 0.1983683894 0.2004934319 0.2094510887 0.2181038710 0.3064134424 0.3385752688 0.4084090299 0.5281933510 0.6435750266 0.7781958043 0.8787019553 0.9470156441 0.8725634076 0.7787887748 0.6874701627 0.4299802089 0.4422640844 0.2882894805 0.1770792273 0.2572868399 0.2075058452 0.2427661620 0.2096574087 0.1997726996 0.2038042052 0.2301793585 0.2152851770 0.2085737542 0.1375544282 0.1939602222 0.1968477164 0.2224784401 0.2066328156 0.2083394389 0.1682455199 0.2203502387 0.2023945158 0.1966303096
0.1935343375 0.1937669046 0.1324770489 0.1185282528 0.1876652853 0.1897807942 0.2096089443 0.2026265395 0.2849788556 0.3709050778 0.4768101087 0.6453884129 0.7662509550 0.8778025376 0.9218609547 0.8780827025 0.7604394955 0.6652283336 0.5567925399 0.3753804282 0.3080233921 0.2494535621 0.1887827365 0.2199946435 0.2087636601 0.1722746712 0.1664371658 0.1539440776 0.1905955561 0.1745836436 0.1715725082 0.1522808551 0.1666113647 0.1506435882 0.2414000591 0.1434491873 0.2046368478 0.1503248232 0.1407412390 0.2120265734 0.1682621381 0.2208066107 0.1954437739 0.1815003039 0.2366488315 0.2623534599 0.3004972286 0.3825628393 0.5117232576 0.6243929599 0.7634081537 0.8650354644 0.8785968770 0.8932262900 0.7344899774 0.6430452536 0.4917529207 0.3566639731 0.2834468939 0.2600772537 0.2239065814 0.1835601045 0.2440071850 0.1989014602 0.1711812195 0.2145514549 0.1754901657 0.2060620851 0.2242318920 0.2028983214 0.1827480053 0.1320386658 0.1411594362 0.1539876280 0.1868569305 0.1736341160 0.1721722853 0.1499531533 0.1698215914 0.1860589834 0.1675200042 0.1418895204 0.2514676249 0.2556398431 0.3273033895 0.4030615157 0.5645825700 0.6506490622 0.8379971782 0.8464142433 0.9171517292 0.8230310858 0.6955205618 0.5745800554 0.4865191186 0.3903405248 0.3213433893 0.2056694522 0.2402073689 0.2086018407 0.1770956856 0.1734315701 0.2384420384 0.1638071327 0.1672328151 0.2122906780 0.1749573767 0.1980886268 0.1845431312 0.1354282074 0.1929370984 0.1439901344 0.1706432043 0.2412325376 0.1767269458 0.2004816124 0.1716071398 0.1509562183 0.1714922199 0.2161352825 0.2358098610 0.2528835522 0.3428732564 0.4694996947 0.6221140268 0.7284366409 0.8371106496 0.9551711428 0.9258736117 0.7862414842 0.6781233371 0.6053413120 0.4042027196 0.3420637937 0.2760208085 0.1851318621 0.2008760643 0.2216507329 0.1876134314 0.2052099341 0.2067538401 0.2404082068 0.2116339887 0.1644631642 0.1766214678 0.1879289140 0.1441365212 0.1728287091 0.2347686599 0.2044955892 0.1883391157 0.2118108852 0.1719174914 0.2190491910 0.2155821093 0.2064824353 0.2530816216 0.1928282224 0.2645154217 0.3146036110 0.4154841152 0.5289500031 0.6862080427 0.7962633706 0.8850936029 0.9653131877 0.8775919373 0.7699937459 0.6783860107 0.5205847271 0.4173226381 0.2934509128 0.1986395861 0.2452066795 0.2156374152 0.2090397363 0.1843987831 0.1817889905 0.1800242113 0.1864018163 0.2310389288 0.2083179769 0.1983326043 0.2264045009 0.1838006106 0.2049982193 0.2269799262 0.2102927042 0.2222153336 0.1873480184 0.2334223798 0.2153162328
0.1559798974 0.2489012437 0.1502929093 0.1486705722 0.1613982790 0.1777855374 0.1649263672 0.2167919151 0.2721216731 0.3661141330 0.5115741912 0.6074632072 0.6987141409 0.8374261597 0.9133761878 0.8836206326 0.7760674060 0.6721045483 0.5279848112 0.3980739897 0.3315687222 0.2206364453 0.2072988245 0.1673862130 0.1963720677 0.1866365578 0.1860239132 0.1368251751 0.1977212136 0.2108387565 0.2271692021 0.2009298376 0.1845208456 0.1837460765 0.1694009010 0.2091200010 0.2002273938 0.1334079636 0.1631050589 0.2123599784 0.1815916279 0.2001937083 0.1489386989 0.1805341293 0.1796313522 0.2874070932 0.3343413558 0.4269110157 0.5369372675 0.6837167526 0.7750288505 0.8993382263 0.9212649635 0.9389214634 0.6830631035 0.6279338415 0.4870784428 0.3680832268 0.2566555958 0.2580977480 0.2329716843 0.1596239934 0.1621672704 0.2200487793 0.2021195488 0.1704261957 0.1888997405 0.2048863671 0.1735099865 0.2411505965 0.1703332683 0.2003887479 0.2400484970 0.1977125680 0.2241949510 0.1791475966 0.1824856980 0.1878032979 0.1939221392 0.2205748475 0.2307197358 0.1215290553 0.2286324652 0.3481643246 0.3374120663 0.5084304792 0.5987207242 0.6795983512 0.8352041172 0.8441477360 0.8921432417 0.8224149519 0.7156963666 0.6255410587 0.4471722902 0.3522045127 0.2698069076 0.2150464472 0.1525592725 0.1726589129 0.2281966897 0.2256385317 0.1842251911 0.2553680780 0.1759199464 0.1829408370 0.1397145905 0.1620250568 0.1281765499 0.1807894567 0.1933885986 0.1918600912 0.1916823663 0.2272488182 0.2595367453 0.2206999899 0.1760275754 0.2701162691 0.1918517116 0.2077469296 0.2152162702 0.3286399566 0.3624741075 0.5211790731 0.6135395951 0.8188629516 0.8925525457 0.9291815458 0.8942956287 0.8017737906 0.7160646603 0.5546310848 0.4076518949 0.2973142192 0.2903245070 0.2548416996 0.2244127260 0.2147396443 0.1993199458 0.1756905346 0.1698781964 0.1807448608 0.1513395332 0.2152854836 0.1853564492 0.1915051414 0.1905932345 0.2101418774 0.2098102339 0.1687283169 0.1697591019 0.1625536078 0.1827151267 0.2480417800 0.1764646113 0.1425618474 0.2063464406 0.2395768582 0.1793817159 0.3527204862 0.4634491608 0.5134447649 0.6467110812 0.7867022257 0.8853225970 0.9500590107 0.9033154413 0.7609952707 0.6466731676 0.5145778172 0.3618420189 0.2914401421 0.2582207813 0.1994956777 0.1920957794 0.2210640096 0.1773286839 0.2290827761 0.1992166281 0.1652480790 0.1811179790 0.2174759582 0.1608985335 0.1674008747 0.1578694336 0.2485116295 0.2161101323 0.1739121684 0.2315548433 0.2081629564 0.2545552142 0.1780182060
0.1788917803 0.1474818596 0.2217600778 0.1084727143 0.1731108032 0.2148153974 0.1930855838 0.2592311003 0.3242588114 0.3435391506 0.4825947359 0.5697073726 0.7632481216 0.8578793144 0.9585346481 0.8775316286 0.7746281930 0.6936100682 0.4860495616 0.3895344901 0.2778539445 0.2225828387 0.1856212379 0.1416926105 0.2072398990 0.1803866118 0.2074182809 0.1323741277 0.1510707406 0.1502011435 0.2046603304 0.1657273050 0.1566718601 0.2112648784 0.1587597787 0.1593324746 0.1545306223 0.1546961576 0.1995819407 0.1535407496 0.2150516704 0.1740135622 0.1540401874 0.1861543298 0.2051165173 0.2311562156 0.2647755147 0.3819142895 0.4780445389 0.6454480228 0.8136428499 0.8841280662 0.9033834015 0.8837775627 0.7626360467 0.6104175637 0.5488196708 0.4396859829 0.3476870638 0.2442489614 0.1967033885 0.1762997729 0.2163121956 0.1846200376 0.1881778437 0.1701402335 0.1632688918 0.1821323169 0.1511170592 0.1682963204 0.1307920073 0.1329399681 0.2012520636 0.2056951293 0.1611814120 0.1991257718 0.1188794340 0.1651330402 0.1799536775 0.1830178566 0.1966892271 0.2093067053 0.2211150481 0.2485346450 0.3452526694 0.4236155540 0.5136387549 0.7102901298 0.8653041782 0.9113322890 0.8831904169 0.8660682378 0.7007400369 0.5385015726 0.4100451992 0.3579603427 0.2007883503 0.2156387981 0.1935508589 0.1751438587 0.2018922230 0.2026759733 0.1936389745 0.1737732242 0.1912897057 0.2438420174 0.2295651255 0.1750505777 0.1552287332 0.1952833821 0.1761544177 0.1709153996 0.1972172503 0.1836154626 0.1901052323 0.2232264585 0.2572356359 0.2368286862 0.2371526623 0.1764626048 0.2070143298 0.3157882369 0.3697564474 0.5020207344 0.6624956950 0.7476278588 0.8548779357 0.8996510120 0.9025526530 0.7882312691 0.6829058387 0.5549896000 0.3893350772 0.3417214228 0.2498860530 0.2304144678 0.1852808896 0.1896418694 0.1922443548 0.2090551942 0.1591801323 0.1634980393 0.1613396117 0.2334430210 0.1673886851 0.2102102653 0.2292296665 0.2053090962 0.2168399827 0.1999375397 0.1962925352 0.1707527891 0.1921923767 0.2427162808 0.2156473670 0.2600959622 0.2085106168 0.2538590420 0.2645289820 0.3061644014 0.4281964513 0.5453168652 0.7199174539 0.7674482083 0.9032369646 0.9117693610 0.8962607396 0.7881446773 0.6810348869 0.5091310646 0.4134933550 0.2936866910 0.2431731033 0.2337787990 0.1845733046 0.2049961367 0.2055756834 0.2245728038 0.1934172877 0.1850537386 0.1443294793 0.1269550671 0.2011839456 0.2427317035 0.1832586739 0.2140090240 0.2032791193 0.1813377791 0.2107715032 0.1685749826 0.2044957865 0.1773676579
0.1158906386 0.2063766429 0.1943516290 0.1904445356 0.1722238518 0.1959796924 0.1670706617 0.2211758656 0.3118820664 0.3300648503 0.4219240760 0.5809000125 0.7181965987 0.8402575097 0.9497454139 0.8794973922 0.7930479354 0.6287389042 0.5498993489 0.4361205249 0.2832694954 0.2124267220 0.2018284509 0.1734821944 0.1566929643 0.1932148300 0.1799536430 0.1458723742 0.2088621540 0.2156203936 0.2026416869 0.1384264381 0.2308325505 0.1734684215 0.1579037174 0.2043225411 0.1785554390 0.1827357699 0.1760789320 0.1730222882 0.2050413719 0.1792604991 0.1528250169 0.1941546638 0.2183645801 0.2657380650 0.2935040694 0.3662312440 0.4959957811 0.6745003731 0.7799939622 0.8614884645 0.8781046654 0.8747147080 0.7677548334 0.5635697463 0.4351838152 0.3821180412 0.3078237390 0.2291609117 0.2406342920 0.1700692456 0.2102537764 0.2236886513 0.1646180978 0.2260013670 0.1230908954 0.1600803168 0.1725622337 0.1672198010 0.1892073779 0.2707172803 0.1942607868 0.1570516397 0.2430201720 0.1895293981 0.2344183086 0.1903448181 0.2139724895 0.2053833272 0.2027418853 0.2397704403 0.1957910475 0.2039008826 0.3759344785 0.4694834398 0.5472646125 0.6763522207 0.8538110428 0.9006338606 0.9433309283 0.8425779174 0.7534750395 0.5906670629 0.4557695308 0.3200486247 0.2582740882 0.2259944349 0.2253050249 0.2068266687 0.1706507938 0.1432010500 0.1349392886 0.1782484888 0.2226827705 0.1914975642 0.2374949289 0.1723950191 0.2373326816 0.2186717860 0.1696814258 0.1842064609 0.2070332750 0.2017206637 0.1582732976 0.2280985429 0.1722464732 0.2009307345 0.2095793693 0.1817020035 0.3228641817 0.3047790424 0.3334410667 0.4906299030 0.6336724683 0.7993566689 0.9200927881 0.9385105938 0.9548936959 0.8211620302 0.6532481421 0.5668012456 0.3929709335 0.3533328568 0.2542570060 0.2198918783 0.2163374638 0.2112300989 0.1661012092 0.2090316262 0.1681361678 0.1498599312 0.2041502981 0.1863080145 0.1532837322 0.2054174431 0.2213813479 0.1592787223 0.2363182792 0.2163609999 0.2220252656 0.2190587367 0.2090142111 0.1678028380 0.2849916336 0.1561293506 0.1842453492 0.2253983217 0.2985300531 0.3328835447 0.3550056889 0.5323538021 0.6882652074 0.8465015562 0.9296783104 0.9050006293 0.8344675346 0.7528558790 0.5835435169 0.4892828204 0.3901198378 0.3564513856 0.2563178975 0.2394466072 0.2209403146 0.2102387767 0.1609522873 0.1959235594 0.1809334622 0.2476427718 0.2382431956 0.2022047275 0.2107423519 0.2126862702 0.2179764509 0.1991222391 0.1647746654 0.1813287507 0.2432502514 0.1817840668 0.2120889780 0.2157812035
0.1631184612 0.1866064584 0.1357767831 0.1816606254 0.1786943543 0.1902456996 0.1206644594 0.2372280616 0.3084964260 0.3738956646 0.4545377936 0.5926368392 0.7492972417 0.8655394372 0.8978922910 0.8406661996 0.7530633952 0.7041198187 0.5399755197 0.4274545369 0.2948504256 0.2588962934 0.2347638552 0.1605742120 0.1841991179 0.1731558282 0.1333068758 0.1415098886 0.1709942337 0.1796839059 0.1826685195 0.2075209064 0.1954270960 0.1265731396 0.1812619435 0.2044733780 0.2256965675 0.1546060341 0.2219096403 0.1507863624 0.1911903269 0.1613104385 0.2065410380 0.1958619720 0.1800565752 0.2593676977 0.3195422123 0.4276755074 0.5339962587 0.6672339279 0.7882738317 0.8793236858 0.9179199392 0.8748171743 0.7713753384 0.6559385886 0.5205532101 0.3446484824 0.3196586658 0.2137118288 0.2344168464 0.2335779147 0.1758214690 0.1689676761 0.1851514866 0.1725497696 0.1690909682 0.1997363423 0.2052344662 0.1563844213 0.1980640999 0.1724160972 0.1842684219 0.1792130251 0.1785380700 0.1817556853 0.2240644044 0.1414491726 0.1844380026 0.2025100768 0.2201802716 0.1795194460 0.1738509480 0.2454865475 0.3857072875 0.4325755044 0.5523791004 0.7081894899 0.8442922957 0.8862773548 0.8624052473 0.8682623418 0.7112195209 0.5704592877 0.4499393782 0.3027996710 0.2876109602 0.2541905205 0.1952271566 0.2370324883 0.1767145149 0.1841247726 0.2083323659 0.1708533948 0.1712872598 0.1765225195 0.1529062008 0.2181241421 0.1881140373 0.2121691860 0.2201275563 0.2169268504 0.2247878908 0.1909998098 0.2347987649 0.1720100956 0.1684431459 0.2550739086 0.2208752933 0.2152899043 0.2635299609 0.2688362626 0.3733019553 0.4490379240 0.6699868838 0.7295739664 0.8326294602 0.8673915145 0.8325132475 0.7995111315 0.6672874712 0.5336163912 0.4256998524 0.3280732677 0.2130493482 0.2198930476 0.1749434225 0.2501403165 0.2235503278 0.1776523399 0.2359391947 0.1953741163 0.2246077935 0.2186942222 0.1853757308 0.1991842090 0.2179616479 0.1808011088 0.1906120465 0.2010112537 0.1961241209 0.1926777419 0.2132638202 0.1705789049 0.1649831925 0.2255746855 0.1866998705 0.1886216629 0.2374988094 0.2912559191 0.4255739030 0.5565260328 0.6720054748 0.7881318552 0.8858187829 0.9072820985 0.8652754153 0.7546284547 0.6306371903 0.4952385569 0.3445097983 0.3385664990 0.2693787164 0.1678469248 0.2099604959 0.2475644342 0.2134335865 0.2051747265 0.1634752869 0.1991624179 0.1717983341 0.2434587902 0.2296534381 0.2132605565 0.1654463827 0.2162624976 0.2062139703 0.2129307082 0.1686793691 0.2152253872 0.2087596621 0.1883357003
0.1414780275 0.1951084455 0.1623822853 0.1628897463 0.1954384645 0.1882966697 0.2408468897 0.2471390597 0.2810003296 0.4085086055 0.4733582240 0.5694766853 0.7205438318 0.7927427045 0.8994264088 0.8631993856 0.7910101086 0.5706110926 0.5242954174 0.3991330562 0.3010560811 0.2191993206 0.2111674643 0.1492740908 0.1616578346 0.1386777857 0.1676921018 0.2143679606 0.1549919294 0.1364169958 0.2042755243 0.1929655565 0.1667077073 0.1333641533 0.1903317407 0.1978943676 0.2054834103 0.1786139028 0.1853617448 0.1637212862 0.1868526752 0.1660654583 0.1539012492 0.2292095515 0.2332711660 0.2372522828 0.3147031633 0.3857078183 0.5714389387 0.6596775024 0.7670119191 0.8248220685 0.8666170594 0.8294337962 0.7300243314 0.6167002469 0.4652490870 0.3281120037 0.2305802984 0.2309101867 0.1486252061 0.1935174999 0.1608496907 0.1735388682 0.1933337570 0.2053705465 0.1451917467 0.2014919974 0.1467940475 0.1672971106 0.1918802434 0.1534260794 0.1883785025 0.1980753429 0.1254013130 0.1776382355 0.1947199949 0.1390873655 0.1703852531 0.1602478186 0.1723812719 0.2092678959 0.1838826497 0.2339400203 0.3030311038 0.4894273022 0.5391718274 0.6922340819 0.8361751553 0.9101693301 0.8612072022 0.8328122836 0.7060158432 0.5757134838 0.4879601047 0.4027814937 0.3321789927 0.2563146822 0.1939513516 0.1712894627 0.1539493898 0.1778847579 0.2361984212 0.1815212580 0.1115270311 0.1452506093 0.1593097767 0.1629210146 0.2215330826 0.1678134948 0.1866633247 0.1289389261 0.2079604423 0.1955286239 0.1980034592 0.1814356445 0.1951857311 0.2216922569 0.2163809906 0.2117639346 0.2502186356 0.2613793825 0.3111987591 0.4869761728 0.6377241758 0.8286118599 0.8463584441 0.9329113324 0.9116558157 0.7593444269 0.6259489606 0.5120375182 0.4549246589 0.2896038048 0.2577968526 0.2571036565 0.2190966157 0.2164662998 0.2218161983 0.2298355869 0.1835317520 0.2443658378 0.1773523736 0.2107420999 0.2095715009 0.1862523021 0.1862420631 0.2140814283 0.1687026177 0.2177944038 0.2199419098 0.1938070460 0.1708624219 0.2064561343 0.1600594926 0.2076016186 0.1629909407 0.1823406636 0.2657397386 0.2636071442 0.3993988095 0.4901367060 0.6858479153 0.7880145919 0.9026574680 0.9291063601 0.8705312776 0.7403312006 0.5878405363 0.5153270626 0.3616821527 0.3030343762 0.2238250350 0.2703347711 0.1963789658 0.1498744156 0.1798364422 0.1607385061 0.1779679210 0.1515512077 0.2012550284 0.2307930362 0.1751598555 0.1657488423 0.2306528346 0.1608103512 0.1764365973 0.2182472815 0.1884692208 0.1464511316 0.2124383325 0.2423219231
