0.1619970184 0.1715622988 0.1626944653 0.1429563902 0.1839596638 0.1979921375 0.1990305460 0.1390628472 0.2189744185 0.2082552083 0.3099863655 0.3454817637 0.5702880085 0.6882731696 0.7910213090 0.8749703992 0.8764420820 0.8945768981 0.7241977025 0.6165109924 0.4391276180 0.3813816871 0.2719823164 0.2094183328 0.1555806151 0.1725871589 0.1939840169 0.1801982683 0.1548448113 0.1887868420 0.1962098752 0.1483074432 0.2204181895 0.1861977537 0.2495090576 0.2461394396 0.1939447004 0.1536960143 0.2218647523 0.2159234235 0.1922869266 0.1773108793 0.1888138775 0.2402738310 0.2188789365 0.2396634533 0.2548397662 0.2885992700 0.3680027039 0.4675547660 0.5887064170 0.7537734742 0.8589856939 0.8753238836 0.8653506722 0.8208426013 0.6632476507 0.4731168891 0.3848252379 0.3347350652 0.2298739680 0.1792005222 0.2044980969 0.2113009779 0.2014752794 0.2153561043 0.1885002404 0.2120400367 0.1711468246 0.1598474688 0.2041414213 0.1897459895 0.1884241993 0.1831226058 0.1922222124 0.2086965795 0.2192370399 0.1527190758 0.2016334643 0.2153323192 0.1829423422 0.1736132152 0.2104817489 0.2121897370 0.2894327129 0.3497245195 0.4576804884 0.5415886997 0.6824654664 0.8460887719 0.9724630953 0.8731785209 0.7806517375 0.7191326148 0.5994495981 0.4333984602 0.3165175031 0.2638817096 0.2506062928 0.2438924985 0.1697361400 0.1931927087 0.1963509562 0.1407685025 0.2113554664 0.1974642567 0.2126757717 0.1945826690 0.2667612345 0.1994301530 0.1930815106 0.1946260240 0.1941665923 0.1997379508 0.1731515577 0.2273723117 0.2318125368 0.2271722774 0.1979224383 0.2498559181 0.2554038268 0.2369614301 0.2827723413 0.3868911405 0.4776544788 0.6537307005 0.8072060804 0.8807594965 0.8532333785 0.8961708094 0.7489727568 0.6570509376 0.5131875966 0.3744988074 0.2676010497 0.2585548043 0.2165415975 0.2658320788 0.1678101764 0.2163651868 0.1954697103 0.2018518964 0.1561194128 0.2313963008 0.2303517823 0.1966393299 0.1746150746 0.2272962521 0.2218885021 0.1911965852 0.1652261148 0.1973598328 0.2527346271 0.2409096276 0.1966063590 0.2063680964 0.1848260538 0.2342133786 0.2315815698 0.3590296561 0.4332704209 0.4269888927 0.5725455143 0.7113318738 0.8481892787 0.8451934042 0.9452468265 0.8448146604 0.7113927107 0.5462458463 0.3896875329 0.3597187546 0.2662270276 0.1845165136 0.2426714397 0.2495868083 0.2239778022 0.2305201751 0.2295874686 0.2161129253 0.1965841905 0.2034963175 0.1988805335 0.1816010682 0.2242506017 0.2013563272 0.2165718462 0.1668995560 0.1788736493 0.1786237175 0.2671063666 0.1756851298
0.1845935187 0.1560226857 0.1998423291 0.2396138618 0.2162175239 0.1982137541 0.2152634012 0.2046935439 0.2142006923 0.2881599991 0.3467713359 0.3426256678 0.4999051485 0.6521459433 0.8231037522 0.8900920227 0.9522066968 0.8499585082 0.7465715871 0.5585533481 0.4423688237 0.3357001316 0.2573976411 0.2036150459 0.2754750086 0.2039690233 0.2259765769 0.2087416474 0.2199635690 0.2145524583 0.2128333705 0.2119380259 0.1983737020 0.1698408337 0.2156892516 0.2183390936 0.1885004662 0.2376769945 0.1860821828 0.1933965155 0.2414140346 0.1921790632 0.1821035627 0.1802859988 0.1850598526 0.1921746532 0.2573584099 0.3251402557 0.3416639900 0.5283374267 0.5928185393 0.7397911377 0.8205322315 0.8840329205 0.9023321689 0.7961292942 0.6258723477 0.5184796537 0.3824934816 0.2886248972 0.2573256581 0.1955713220 0.1503366769 0.2685354936 0.2163578234 0.2187337539 0.2105546869 0.2044356967 0.2087363357 0.2080196727 0.2508024711 0.2104159125 0.1809044040 0.1714681336 0.2063907983 0.1772833527 0.1946613518 0.2262194934 0.1944486275 0.2038739066 0.2368210607 0.1579529647 0.2249205950 0.2543467496 0.2554009256 0.3362809431 0.3867312374 0.5423815751 0.7385901537 0.8375277796 0.8771499667 0.9096280933 0.8780032542 0.7693077903 0.5893360250 0.4100764657 0.3710937256 0.1832385371 0.2922123449 0.2154778476 0.2321754762 0.2206277055 0.2144831242 0.1910005516 0.2251535624 0.2157389826 0.2006809009 0.2022893014 0.1958338329 0.2420079559 0.2422279681 0.2050988049 0.1970585890 0.1923172487 0.1807840925 0.2143672366 0.2430495745 0.2024239745 0.1963995984 0.2312887802 0.1870392153 0.2761322178 0.2761255017 0.3571029133 0.4874608017 0.6525126172 0.7591447576 0.8928773627 0.8704480587 0.7967121841 0.7994722336 0.5958690165 0.4967054957 0.3858244467 0.3374407222 0.2440518054 0.2079367782 0.2380778227 0.2605938461 0.1605354753 0.1987634504 0.1820579998 0.2384250082 0.1401421355 0.2149578807 0.1556304555 0.2026261394 0.1958292265 0.2402066472 0.2018016391 0.2093600174 0.1737205495 0.1680213922 0.2366121232 0.1996544732 0.1769745443 0.2407776001 0.2125846827 0.2701149902 0.2887379404 0.3829846225 0.4209745586 0.6184063291 0.7015156336 0.8934358025 0.9740240477 0.8916409589 0.8303679893 0.7223640378 0.5743682353 0.4183143940 0.2747455868 0.2514339793 0.2362570050 0.2321547973 0.1990729719 0.2255203289 0.2744651568 0.1699376126 0.1926952609 0.2187830394 0.2513320668 0.2036954368 0.1481608992 0.2289776656 0.2089820673 0.1798595654 0.2263026990 0.2081580787 0.2453704482 0.2101070308 0.2636533966
0.1593015489 0.1712043622 0.1545734981 0.1810153578 0.1672283734 0.1645218432 0.1730861299 0.1960301019 0.2633558873 0.2335549410 0.3295799148 0.4392329099 0.5606389123 0.6565045025 0.7481659310 0.8950629799 0.9160749097 0.8578695326 0.7291568770 0.6155382469 0.4294515988 0.3053584525 0.3239791045 0.2604314125 0.1739867623 0.2234221013 0.1644562659 0.2378553390 0.2000951262 0.2160584656 0.1484150151 0.2025499175 0.1823188848 0.2025462909 0.1773706044 0.2079427258 0.1628346646 0.1227124263 0.1734748964 0.1865350929 0.2143470475 0.1955233145 0.2446885558 0.2100611204 0.2156720123 0.1980724190 0.2444593578 0.2801504431 0.4023127005 0.4615703444 0.6425870676 0.7628059858 0.8585341902 0.9019305383 0.8665998621 0.8119900246 0.6635338205 0.4901060752 0.4270094834 0.2965735297 0.2344852454 0.2099087448 0.2404026105 0.1844782963 0.1686973435 0.2621168414 0.1901527174 0.1704268084 0.1721454929 0.1695464908 0.1934424139 0.1544646247 0.1740395043 0.1935142321 0.1843371627 0.2018718618 0.1895304712 0.1821219447 0.1827709891 0.2123021727 0.2073402995 0.2013484959 0.2269392523 0.2182159526 0.2772506993 0.2924207184 0.4295926162 0.5137428733 0.7187985019 0.8408947596 0.9280835795 0.8546129411 0.8745947717 0.7415577227 0.5487772142 0.4644417270 0.3151024651 0.2326107431 0.2140504807 0.2031860489 0.2183672110 0.1853032383 0.1619749309 0.2035695243 0.2107281804 0.2258557273 0.1905611224 0.2222597062 0.1964973375 0.2789098248 0.1873862822 0.1926473846 0.2026170294 0.1882502461 0.1937990669 0.2308195813 0.2056143426 0.1860294337 0.1972137034 0.1701624461 0.2324786742 0.2571168604 0.2803844856 0.4327236443 0.5048558144 0.6464725239 0.8297546332 0.8813080197 0.9411614228 0.8954347058 0.7461868303 0.6407631653 0.5161729325 0.4334027445 0.2771550218 0.2469773698 0.2116955112 0.2237882941 0.2322274574 0.2815492196 0.1604923944 0.1998879775 0.2166615222 0.2098724284 0.2018354580 0.2583918494 0.1949235521 0.2401866480 0.2265044342 0.2049788939 0.2436894174 0.1865464104 0.1872275766 0.1905940737 0.1947938429 0.1579599575 0.2314675183 0.2503870123 0.2268420698 0.2478399810 0.2938657523 0.5030263073 0.5882186945 0.7711784542 0.8096911677 0.9435650666 0.8792498920 0.8445167326 0.6950423199 0.5536299378 0.3960836294 0.3126910108 0.2345084900 0.2471478300 0.2155846614 0.1962891589 0.2060895130 0.2100524984 0.2133247536 0.2008068265 0.2013289952 0.1646651630 0.2079798287 0.2150516023 0.2048328016 0.2495915585 0.2351579351 0.1798958646 0.2298989204 0.1576106072 0.2173779148 0.2866848969
0.1653224417 0.1713864563 0.1991122356 0.2024008333 0.1472056255 0.1502463599 0.2341522354 0.1815880745 0.1553109515 0.2255871841 0.3444723154 0.3637469892 0.4837156276 0.6530453123 0.8419434550 0.8885787785 0.9188076014 0.8846113138 0.6784736009 0.5890232793 0.4725389119 0.3174935532 0.2324240242 0.2209508879 0.2549771343 0.1965888389 0.1535151190 0.2187181619 0.2121754049 0.1721436108 0.1929295033 0.1444476793 0.2083020343 0.1486007400 0.2320120793 0.1732112387 0.1544384994 0.1981086277 0.1558025353 0.1462896017 0.2208097571 0.2149935848 0.1853408642 0.2639794162 0.1940819571 0.2261583365 0.2297223496 0.2406579835 0.3011838505 0.4827461648 0.6366204434 0.7637649864 0.8595781735 0.8923459992 0.8679974881 0.7792583713 0.6035766564 0.4768241232 0.4333210739 0.3313890989 0.2145977475 0.2476735989 0.2031254879 0.1835992007 0.2151622739 0.2529179743 0.2030791266 0.2365561340 0.1520815535 0.1999425767 0.2092082233 0.1941151236 0.2185222446 0.1833923005 0.1996969064 0.1473657768 0.1905534314 0.1668110728 0.1840665248 0.2254358804 0.1550956105 0.2183976368 0.1609308368 0.2380739271 0.2618032714 0.2756365454 0.4331636043 0.5461810384 0.6523285318 0.8033592789 0.9068370226 0.9271393259 0.8801591072 0.6855551836 0.5941932395 0.4525595101 0.3460622766 0.2195489195 0.2039276678 0.1748814606 0.2472724685 0.1643336445 0.1759890734 0.1778468645 0.1777671370 0.1579528477 0.2250375813 0.2059694148 0.1826207963 0.1894858100 0.2340742352 0.1912100678 0.1724502764 0.2099906905 0.2174053909 0.1865938775 0.2222110586 0.2385998921 0.1907707434 0.1960507983 0.2072725715 0.2365383540 0.3371545667 0.3762110048 0.5329516091 0.6427258602 0.7987293222 0.8644897703 0.9617222669 0.9183430526 0.8171797611 0.6409007752 0.5232166188 0.3511253724 0.2568309345 0.2586457926 0.1957593823 0.1663853816 0.2291049905 0.1463789989 0.2242615600 0.2498174995 0.2079384393 0.2933811168 0.2023585370 0.1756322920 0.2159307800 0.2256430147 0.1870728376 0.1711827644 0.1805750735 0.2146269235 0.2064950970 0.2069249059 0.2307016837 0.2276057415 0.2403473140 0.2306987225 0.2041832086 0.2356010223 0.3798222966 0.4536225314 0.5846507655 0.7479832169 0.8581740014 0.8989318447 0.8728682186 0.8116951591 0.7192562865 0.5491942977 0.4283207529 0.3552971619 0.2723366909 0.2600722987 0.2418768143 0.2260121423 0.2435051700 0.2197346314 0.1918313206 0.2297874254 0.1877940811 0.1564524159 0.2019322678 0.2431599413 0.2315705965 0.1819151634 0.1950927334 0.1983563781 0.1941091635 0.1762571334 0.2034199681 0.2420485095
0.2451227085 0.1396901965 0.2124763427 0.1781851874 0.1690313285 0.2075231856 0.2127011220 0.1500456288 0.2106534587 0.2669648940 0.3060451759 0.4341155717 0.4891463086 0.7105636256 0.7819760349 0.8309270754 0.8449635907 0.8606905208 0.7135851169 0.6028099378 0.4026977636 0.3351275929 0.2335101368 0.1458310325 0.2133300665 0.1991937983 0.1571899525 0.2139647111 0.1706871084 0.1390460238 0.2050441194 0.1586079283 0.2061953827 0.1969809411 0.1862957081 0.1879049591 0.2522343100 0.1772610715 0.2054088598 0.2341771807 0.2138709706 0.1977096723 0.1899672938 0.1966433326 0.2211492276 0.2224427311 0.2620821016 0.2317574962 0.3838099547 0.4736744055 0.6332903882 0.7523590342 0.8707840273 0.9295947903 0.9044074639 0.7907584214 0.6491762946 0.5552650930 0.3340822974 0.3295879904 0.2169586905 0.2886977652 0.1880126447 0.2100397217 0.1881971926 0.1901039651 0.2026307894 0.1354944080 0.1477679512 0.2040660903 0.2166473953 0.2169191798 0.1409643208 0.1843561086 0.1673058152 0.1934328559 0.1832608070 0.1738267282 0.2263047803 0.1873005516 0.2208894944 0.1619198875 0.1871643123 0.2173031632 0.2697535750 0.3634310424 0.4523400332 0.5370620715 0.6483849824 0.8126105014 0.8903007388 0.9074446446 0.8176213999 0.6983681755 0.6035826967 0.4182635233 0.3321270986 0.2851685830 0.2083440985 0.1372363914 0.2011798261 0.2042288410 0.2048627185 0.2138462726 0.2397854909 0.2036137424 0.2285792933 0.1801541880 0.1815346514 0.1799162287 0.1896478640 0.2033801843 0.2042958504 0.1929760485 0.2195865034 0.2234193550 0.1740527338 0.1680245032 0.1773228263 0.2084885649 0.2136197958 0.2308007482 0.3045760619 0.3779921013 0.4808962079 0.6402849793 0.8044644825 0.8777449672 0.9535205800 0.8211183268 0.7344074583 0.6052918058 0.4808450934 0.3665911163 0.3013027419 0.2599575352 0.2231862450 0.2176709932 0.1931230071 0.2301367181 0.1900923373 0.1364244369 0.1572627664 0.1981472955 0.2157959657 0.2292930278 0.2100700293 0.1943727159 0.2465768811 0.2013741506 0.2009597242 0.1958418267 0.2174738340 0.1598303585 0.1799893092 0.2208431484 0.2222470586 0.2084840180 0.2581432709 0.2736178437 0.2932582718 0.4386740964 0.5825194617 0.7461346816 0.8685664996 0.9088514558 0.9165154418 0.8021323645 0.7002849329 0.5107100514 0.4452873786 0.3313628486 0.2958539308 0.2571043559 0.1640943074 0.1892065743 0.1543946538 0.2087548208 0.1855746408 0.1980265309 0.2246988876 0.2350344085 0.1894094122 0.2199375574 0.2068921645 0.1925155102 0.2172316485 0.1694756830 0.1619060093 0.1889388957 0.1802146778 0.2142807874
0.1702029357 0.2130232130 0.2011943932 0.1835345448 0.1800003661 0.1567463318 0.1659958619 0.1758305536 0.1985353873 0.2241829050 0.3160117942 0.3715249093 0.4820263701 0.6510044550 0.7702158455 0.8797965083 0.8892034268 0.8547215782 0.6961454386 0.5515393139 0.4435325255 0.3379046028 0.2411023263 0.2472355711 0.1719216194 0.2110679933 0.1232659579 0.1573756395 0.1901099754 0.1258075991 0.1911395689 0.1692994113 0.1729533006 0.1719906583 0.1878789315 0.1608684066 0.1644665981 0.2083543058 0.1472879821 0.2171578553 0.1912235224 0.1957431997 0.1815698736 0.2313628760 0.2143605334 0.2126898495 0.1799089373 0.2627148078 0.3449377605 0.5059366263 0.6320073551 0.7396698488 0.8370245905 0.8667501967 0.8858059447 0.7707195249 0.6515878853 0.4517531512 0.3449630556 0.2964908250 0.2633800597 0.1954628993 0.1661222843 0.1983328883 0.1641009892 0.1672230070 0.1805845361 0.1979105779 0.2288471626 0.1635793375 0.1970225604 0.1966903317 0.1819341799 0.1344869567 0.1824282273 0.1884290182 0.1709196807 0.1553758101 0.1796316827 0.2082644714 0.1861385162 0.2394058746 0.1549152305 0.2260143947 0.2711983356 0.3598645921 0.4400100526 0.5066630683 0.6759511563 0.8458378470 0.8602810190 0.9625758149 0.8395180112 0.6861444419 0.5518737264 0.4334999300 0.3059132417 0.2502534702 0.1825718272 0.2224075473 0.2348496173 0.2122934173 0.1760789928 0.2139331941 0.2251535667 0.1768593803 0.1697721997 0.2060463242 0.1905985206 0.1386417927 0.1586944801 0.1366375207 0.1895437112 0.2023967347 0.1600262307 0.2028883971 0.1925986930 0.1874184183 0.1841858984 0.2037337724 0.1721582500 0.2212288734 0.2989464310 0.3994624186 0.5199831900 0.6375233759 0.7744814314 0.8624314641 0.8979067917 0.9075773328 0.7324781016 0.5994565776 0.5004695811 0.3591292850 0.3165301316 0.2380602131 0.1997472745 0.2340137334 0.1359249378 0.1483634908 0.2391154915 0.1908404948 0.2085894925 0.1736514810 0.2505004502 0.1773167921 0.2313561575 0.2318236173 0.2234763217 0.1720076553 0.2220101203 0.2132574733 0.2098160572 0.1472641020 0.1608119069 0.2077210284 0.2251798030 0.2177231302 0.2417597270 0.2548244097 0.3837328230 0.4458934525 0.5297966062 0.7664145552 0.8423362841 0.8626855770 0.9367184724 0.8504492908 0.7057510304 0.5250221609 0.4070690785 0.3545855805 0.2950679472 0.3019091474 0.1684582951 0.2303916620 0.1834082936 0.1930543439 0.1716298694 0.2220832842 0.2203339706 0.1704318480 0.1868316397 0.2043645550 0.2489637234 0.2324776667 0.2096453043 0.2203302698 0.2546405134 0.1949684550 0.1566690915 0.2114721017
0.1673197789 0.2316777120 0.1796805636 0.0895367407 0.2111372913 0.1859725912 0.1701696629 0.2088458194 0.1836052584 0.2203722778 0.3270471057 0.3504290212 0.4378065229 0.6427063382 0.7242518852 0.8410620384 0.8720206067 0.8558520844 0.6965339217 0.5629321873 0.4563886277 0.3313229177 0.2537902918 0.1631028598 0.2096884982 0.1984407832 0.1791357944 0.1668464429 0.1992213142 0.2495373210 0.1777274271 0.1411717740 0.1623307601 0.1322272913 0.2176963988 0.1727903520 0.1582988471 0.1418727690 0.2039958026 0.1519842250 0.2044415768 0.1593320295 0.1741820413 0.1871086324 0.1487045678 0.2034991151 0.2269304710 0.2633034453 0.3046153342 0.4850205079 0.6058297584 0.7354018606 0.8479750698 0.8939880792 0.8793224367 0.7355007574 0.6522304625 0.5471750089 0.3466800618 0.3141492019 0.2567921891 0.2116196027 0.1781945301 0.2128566179 0.2026874159 0.1558895460 0.1202726190 0.1419074387 0.1565346475 0.1823743083 0.1188306377 0.1995697384 0.1607081132 0.1547081475 0.2277761850 0.2064571195 0.1500897832 0.1897444782 0.1921326233 0.1800955339 0.1701571057 0.1776663217 0.2030682658 0.2383783157 0.2599357752 0.3742139649 0.4138678881 0.5567161366 0.7297110795 0.8269646079 0.8576388937 0.9162734098 0.8490924382 0.6791052185 0.5417674551 0.4142800947 0.3070625934 0.2363972311 0.2237291766 0.1616608692 0.2431512515 0.1678586255 0.2107688378 0.1786300754 0.1707001822 0.2257691163 0.2045181753 0.1915609116 0.1931853901 0.1554762139 0.1770276131 0.1953449772 0.1825201520 0.1786911438 0.1664769156 0.1658254899 0.1314548835 0.1781021029 0.1801721079 0.1670299641 0.1978327597 0.2570326085 0.3197260894 0.3846415977 0.5123785752 0.6377608059 0.7975448530 0.8891986686 0.9106091303 0.9156491891 0.7636118293 0.6333600201 0.4774535151 0.3690903511 0.3097128624 0.2489156183 0.2083791511 0.1917445445 0.2059888574 0.1140401693 0.1782379429 0.2142303182 0.2167098706 0.1937570495 0.1953080431 0.1964487574 0.1412659246 0.2240302355 0.2250571513 0.1969104623 0.1874646863 0.2110692393 0.2069321641 0.2381455578 0.1819562013 0.2011364146 0.2079866782 0.2269266944 0.1213896875 0.2776244206 0.4053626540 0.4045239819 0.6018235592 0.6821663807 0.8507374995 0.9263990834 0.8887871395 0.7932510441 0.6712752661 0.5473701580 0.4466738894 0.3020409206 0.2529955352 0.2250469594 0.2053653282 0.2155797896 0.1613366795 0.1868529541 0.1892681311 0.1601578270 0.1760791921 0.1748769760 0.1808366129 0.2398658308 0.2076046556 0.1950788502 0.2471542985 0.2234661442 0.2030036763 0.2183560258 0.1670135623 0.2291954314
0.1435697511 0.1605615044 0.1436203261 0.1390268444 0.1325385778 0.1248979219 0.1486640560 0.1782723210 0.1993946605 0.2231620343 0.2916417047 0.4182951393 0.4747306137 0.6596014157 0.8068062471 0.8794367421 0.9072294927 0.8758710452 0.7175345813 0.5629129252 0.3771034833 0.3342276558 0.3002030023 0.1823433658 0.1748203174 0.2034852549 0.1687860972 0.1887772005 0.1972211186 0.1811664134 0.1427699918 0.1348134806 0.1463801920 0.1776922316 0.1551381648 0.1723599874 0.1859927026 0.1749202412 0.1461307403 0.2030548984 0.1637113152 0.1371923695 0.1458930895 0.1688835939 0.1490483631 0.1693557364 0.1523999771 0.2869413353 0.3410398946 0.4235753914 0.5855065061 0.7225348844 0.8891097233 0.8977498400 0.8407181973 0.7635095385 0.6812353256 0.4572405205 0.3706680043 0.3032791677 0.2235580451 0.2013415711 0.2168342347 0.1640082252 0.1691825127 0.1218576849 0.1668075389 0.1664525001 0.1791971710 0.2035925529 0.1650337901 0.1822370181 0.1495825876 0.1632759913 0.1772475626 0.1624322441 0.1256433973 0.1552922791 0.1577849768 0.1949333138 0.1389851543 0.1801441840 0.1636968381 0.2368238944 0.2207418783 0.3855996188 0.4111289929 0.5415950092 0.6382334951 0.8040172332 0.8950155314 0.8853093513 0.8153311575 0.7017018229 0.5380381186 0.3629986272 0.3334106335 0.1996812744 0.1759180497 0.2237594434 0.1896648311 0.1917867516 0.2083266723 0.1432937345 0.1487773990 0.2057332315 0.1971110536 0.1179568418 0.1945290463 0.2053814968 0.1993548883 0.2140057459 0.1772019420 0.1423958495 0.1909589532 0.2296611209 0.1587584397 0.1978902878 0.1934509326 0.2257530557 0.2046852024 0.2210642073 0.2528650216 0.3709701979 0.5072584012 0.6261282174 0.7930485596 0.8914305811 0.9477927091 0.8436297154 0.7773277267 0.6399554452 0.4812784574 0.3332534252 0.2842966010 0.2317066346 0.2015261983 0.2124087346 0.1724412629 0.2269821259 0.1126293682 0.1833950814 0.1724927460 0.2281520134 0.2332476264 0.2194550007 0.1935138710 0.1852221724 0.1740904799 0.1712994011 0.1423018772 0.1625069940 0.1692161493 0.1981302386 0.1876607746 0.1541701543 0.1972797072 0.1712367980 0.2111548415 0.2442011965 0.3328182106 0.4136835896 0.6049124737 0.7307807922 0.8885909467 0.9159768497 0.8734281332 0.8179832453 0.7454587034 0.5046670303 0.3719772247 0.2959744690 0.2514436624 0.2143026264 0.2236868071 0.1793693129 0.1559249093 0.1917393566 0.1582444485 0.2168162425 0.1919788419 0.1837254420 0.1497632367 0.2042436069 0.2307984630 0.2393301263 0.2178185718 0.1468603275 0.1843777346 0.2289924538 0.1687049307 0.2100526462
0.1370105176 0.2162366963 0.1487742605 0.2022869948 0.1516077296 0.1609671715 0.1403709093 0.1656456528 0.1624167472 0.2349723296 0.2722284691 0.3839319670 0.5091318252 0.6220228170 0.7588562833 0.8375025230 0.8666244890 0.7662523180 0.6620177651 0.5279349806 0.4134186680 0.2885750360 0.2103364453 0.1746415560 0.2064005451 0.2010851487 0.2013018968 0.1500179120 0.1789701393 0.1394999194 0.1346419304 0.1779505174 0.1952277462 0.1976544218 0.1750544395 0.1582444147 0.1339303709 0.1830456021 0.2087568147 0.1336089189 0.1438200798 0.1428168253 0.1627016110 0.1313413235 0.1353380783 0.1454669726 0.1820214181 0.2698801255 0.3518281928 0.4492358704 0.4917494197 0.7230065027 0.8134085679 0.8679677179 0.8382171714 0.8113261143 0.5823419404 0.4885400384 0.3470281913 0.3203659486 0.1986060053 0.1569283309 0.2309985724 0.1815054513 0.2051532704 0.1999399847 0.1936325055 0.1603431185 0.1641094425 0.2379192776 0.1809171509 0.1294687331 0.1662362832 0.1474497868 0.1433588813 0.1542749605 0.1514787422 0.1377266208 0.2112166179 0.1934463515 0.2011859942 0.2176019142 0.2069377805 0.2335982520 0.2212744804 0.2999556110 0.4150330250 0.4688195785 0.6144003100 0.7969186975 0.8498465932 0.9413787133 0.8473644947 0.6613961998 0.5524950328 0.4138269129 0.3142222283 0.2422767588 0.2739186741 0.2032972549 0.1900594665 0.1802417251 0.1589634899 0.2321605947 0.1694157528 0.2340909784 0.1990582560 0.1937477602 0.1505188108 0.1426830611 0.1426076785 0.1711129581 0.1712269396 0.1533335506 0.1584639511 0.1258227767 0.1383890216 0.1915362110 0.1902252672 0.1330127488 0.1929210802 0.2161351310 0.2662520499 0.3873164268 0.5367877734 0.6058629597 0.7971560810 0.8336084325 0.8628098437 0.8581675627 0.7704048361 0.5960801991 0.4805434471 0.3520703430 0.2436487697 0.1817403566 0.1778172128 0.1808274241 0.2110015269 0.2213605377 0.1990492637 0.2191118866 0.1873493081 0.1671264581 0.1678517591 0.1592454493 0.1956911623 0.1846374839 0.1840431444 0.1803725597 0.1451176200 0.1905009623 0.1997741913 0.2044008629 0.1892826436 0.1464506754 0.2559418977 0.1896850350 0.2084982991 0.2298135582 0.3320008872 0.4424873785 0.5418636947 0.7200375372 0.8157884073 0.8999193146 0.8691090494 0.8246417843 0.6802538446 0.5425468947 0.4160567912 0.3331974474 0.2667632167 0.2163239680 0.1566602145 0.1711202714 0.1673988023 0.1291510166 0.2057192638 0.1740545613 0.1978325755 0.1947963165 0.1806695979 0.2140117939 0.2107401684 0.2033961041 0.1479909006 0.2341186427 0.1483823232 0.2253349789 0.1919229842 0.1773484823
0.1243928933 0.1603562659 0.1520605088 0.1379895560 0.1938413802 0.1916678776 0.2574998125 0.1768443028 0.1715798197 0.2669529497 0.2625620506 0.4083976175 0.4829740755 0.7289097453 0.8164018239 0.9318040033 0.8178673989 0.8317734993 0.6851812373 0.5508203664 0.4304716084 0.3272855766 0.2306623335 0.2134331140 0.1462627336 0.1935334912 0.1691176426 0.1746872579 0.1993163802 0.1628914708 0.1999569512 0.2190244184 0.1802415729 0.1164161256 0.1775088359 0.1818932026 0.1363640655 0.1700398323 0.1351255440 0.1724197914 0.1241035000 0.1603048109 0.1542802661 0.1459541948 0.1671350490 0.2138253899 0.1936924581 0.2704467094 0.3486878493 0.4075670179 0.5624484455 0.7438886865 0.8140394388 0.9747097296 0.8995633845 0.7737892128 0.6044059936 0.5726446313 0.3914035348 0.2674543734 0.2378769723 0.2222413876 0.2188699930 0.1618326553 0.1648778357 0.1736277837 0.1784005770 0.1770422729 0.1345776575 0.1929689784 0.1465059119 0.1505384790 0.1927643906 0.1764647491 0.1881065859 0.1831634712 0.1801195822 0.1453614505 0.1566957635 0.2117303717 0.2136472973 0.2270482813 0.1936027325 0.1567159927 0.2873182906 0.3095453644 0.3789332582 0.5677773218 0.6332503899 0.8694418588 0.8358809322 0.9113166072 0.8372482622 0.7173936049 0.4999194351 0.4049732356 0.3435297427 0.2442427071 0.2203503924 0.1977589653 0.2019410078 0.1410523379 0.1880954788 0.1910738099 0.1644013879 0.1753319332 0.1852963895 0.1738360510 0.1698601149 0.1765797783 0.1964058216 0.1601496473 0.1456758580 0.1393892960 0.2064699220 0.2129074627 0.1598000672 0.1391848434 0.1608925482 0.1514689214 0.1904184768 0.2386153731 0.2874028691 0.4100691762 0.4632113222 0.5937337692 0.7425985479 0.8520800821 0.8883495181 0.8364740745 0.7221883372 0.6362070542 0.4634519064 0.3091094746 0.2533051511 0.2313209247 0.1790019135 0.1967135070 0.1709101928 0.2083178666 0.1798593043 0.1076408977 0.1561571037 0.1796052591 0.2002048589 0.1374733536 0.1778319756 0.1852398890 0.1727860199 0.1562558971 0.1896560014 0.1957580900 0.1543024689 0.2082493239 0.1657113511 0.1648027404 0.2221414111 0.2181244760 0.2515822229 0.2835883087 0.3272166540 0.4545435368 0.5394249776 0.6939155862 0.8651658107 0.8706939836 0.8759866252 0.8359646954 0.6218068315 0.5393834707 0.3918044747 0.3059542198 0.2786838196 0.2264446032 0.2213252159 0.1131707959 0.1939341551 0.1618400219 0.1411608587 0.1958279206 0.1897168399 0.1587754287 0.1558709010 0.2010504400 0.2215910454 0.1579950460 0.1821293582 0.1674079208 0.1583453854 0.2126635328 0.1641026644 0.1414536352
0.1740285155 0.2043083131 0.1870752266 0.1685540524 0.1282492428 0.1434490001 0.1701464083 0.1838163419 0.1363941365 0.2732834956 0.2917192896 0.4200948625 0.5188098490 0.6806265197 0.7587864599 0.8435041253 0.8906217508 0.8000397884 0.7010827875 0.5535209979 0.4186175392 0.3656171071 0.2416351894 0.1779765304 0.2057759672 0.1470855185 0.1667350822 0.1648267259 0.1613821220 0.1776476230 0.1273583203 0.1712222949 0.1566154837 0.1686018513 0.1559499797 0.1902076789 0.1889024679 0.1758782535 0.1680938445 0.1968606650 0.1773426815 0.1622504201 0.1269570580 0.1868717258 0.1671140443 0.2078283087 0.1769882731 0.2713930973 0.3582957034 0.4525007099 0.5681312483 0.7287100362 0.8429084203 0.8517056519 0.8844393659 0.7509649451 0.6277519519 0.4800189926 0.3642847135 0.2265165032 0.2426518436 0.1629642739 0.1926684992 0.1856014463 0.2401696811 0.1889401634 0.2208506241 0.2256977343 0.1465692306 0.1507205328 0.1646614845 0.1812249365 0.2005069872 0.1951218942 0.1880170608 0.1907920012 0.1908929161 0.1306019015 0.1357206153 0.1533997837 0.2042152021 0.1536521335 0.1334468127 0.2548764004 0.2692419230 0.3396975693 0.4316198802 0.5132860745 0.6863383413 0.8309924338 0.9195610883 0.8876797695 0.8002291907 0.6948054622 0.5690979643 0.3897776675 0.3690702158 0.2896020699 0.2109142629 0.1940287418 0.1763740661 0.1870245888 0.1512812846 0.1876978830 0.1317677753 0.1239154732 0.1264142271 0.1687820057 0.2254324803 0.1877010331 0.1697331034 0.1474535685 0.2128509361 0.1337597827 0.2138630043 0.1848860496 0.1932438326 0.1231308032 0.2110388455 0.2172430463 0.1719271802 0.2315134218 0.2740883835 0.3547869164 0.5380247224 0.6081570976 0.7630755900 0.8660696709 0.8816625879 0.8145122410 0.7321518561 0.5991985303 0.4673979359 0.3239475913 0.2644668277 0.2217632781 0.1949159864 0.2350951998 0.1442029344 0.1499030981 0.1689840689 0.1839885118 0.1816948097 0.2234392367 0.1981079026 0.1632461396 0.1707671099 0.1644641667 0.2095810632 0.2066889703 0.1756291054 0.2159770028 0.1621098799 0.2074331462 0.1198915791 0.2238573674 0.2583495474 0.2026613546 0.2105051190 0.2797696231 0.3597994404 0.4514141483 0.5715406898 0.7042188929 0.8194706702 0.8925560322 0.8404460881 0.7961510527 0.6939781129 0.5189003188 0.3826182581 0.3217401300 0.2417209362 0.2274495130 0.1109534937 0.2140531750 0.1894914972 0.1654991247 0.1815249260 0.2178214452 0.2108051188 0.2107017127 0.1522995288 0.1810197273 0.1871244230 0.1270361368 0.1801037685 0.2011513285 0.2045629619 0.2012578359 0.1613747765 0.2471117142
0.1833476016 0.2189993489 0.1428067007 0.1694955867 0.1415739205 0.2578236549 0.1539908480 0.2189967434 0.1562624780 0.2264577836 0.3053109050 0.3826982278 0.5128721087 0.6584693002 0.7784539575 0.8673751761 0.9043412966 0.8244037782 0.7164111777 0.5570708359 0.4382084704 0.2931722198 0.2520523068 0.2206049470 0.1694599197 0.1357482080 0.1737964107 0.1903019789 0.2147436705 0.2321444932 0.1652317905 0.1310683045 0.1728525564 0.1771964468 0.1688218793 0.1714109490 0.1356881043 0.2428830277 0.1808561166 0.1889323927 0.1591101494 0.1848062789 0.1534474433 0.1587100914 0.1428664306 0.2319433954 0.2340564913 0.2756638660 0.3619500579 0.4280130435 0.5446630491 0.6972345072 0.8164156615 0.8572003007 0.9240705467 0.7423301604 0.6504058084 0.4931979985 0.3701917744 0.2884778176 0.2531694600 0.1942255886 0.1842809711 0.2177499177 0.1579153079 0.1116445446 0.1423512699 0.1971009568 0.1778962158 0.1864729949 0.2101074347 0.1995905851 0.1866100376 0.1766632449 0.1927512731 0.1632579016 0.1847033079 0.1700319313 0.1455717195 0.1890813929 0.2087233283 0.1806936054 0.1546803252 0.2318334906 0.2210347949 0.2697468317 0.3860218898 0.5586504437 0.7138030282 0.8245708771 0.8793656508 0.9154013996 0.8450866345 0.6444633304 0.5562302470 0.4311880847 0.3009538625 0.2884706960 0.2146666521 0.2024045319 0.2379305386 0.2135706034 0.2269876396 0.1877213555 0.1463841403 0.1586763697 0.1905291229 0.1876944088 0.2017807319 0.1421067491 0.1941366312 0.2202138766 0.2233632967 0.2109338805 0.1773383953 0.2225319578 0.1672362700 0.1793551261 0.2311210462 0.1595537578 0.2182611061 0.2235954369 0.3387699031 0.3532626397 0.5173680302 0.6771169206 0.7560826751 0.8711348594 0.9249184866 0.8671196097 0.8045514356 0.5959559918 0.4817825482 0.3409504177 0.2794027727 0.2315277416 0.2000026948 0.2378242943 0.1892093339 0.2210360683 0.2032006011 0.1714137297 0.1688821044 0.1983935982 0.1720696080 0.1919517294 0.2176248799 0.1998554061 0.2030025446 0.2138244990 0.2406909237 0.1712014512 0.1864573436 0.1906960784 0.1972478975 0.1634796980 0.2039995630 0.2274770845 0.2856813587 0.2586842222 0.3460418279 0.4482665826 0.5781146576 0.6951590078 0.8382292136 0.8961116787 0.8475787421 0.7652259881 0.6736197562 0.5398165657 0.4152603749 0.3082409091 0.2761444724 0.2224135929 0.2008286629 0.2043553204 0.1754133140 0.2188957776 0.2302175307 0.1450128332 0.1850338135 0.1816532898 0.1925543082 0.2146248678 0.1568895372 0.1938931175 0.2358557427 0.2343280756 0.2337603483 0.1637017826 0.1830082976 0.1598273211
0.1384247667 0.1919136173 0.1244285910 0.1959091981 0.1807385524 0.1879626091 0.1247613246 0.2379649530 0.2428139360 0.2680508173 0.2668144190 0.4172208430 0.5513874792 0.6960156102 0.7792636163 0.8729972870 0.8918500116 0.8342151792 0.7401332483 0.6273422350 0.4521923136 0.3150802690 0.2956891444 0.2210231113 0.2007032354 0.1854761213 0.2137991101 0.2327406748 0.1999087560 0.2232891117 0.1820558876 0.1968898703 0.2038032828 0.1526575306 0.1758670522 0.2119650025 0.1368621312 0.1902976955 0.1808120566 0.1391901062 0.2091338453 0.1626661076 0.1825189949 0.1567140967 0.1848851271 0.1943365942 0.2759142812 0.2790917715 0.3581496741 0.4779975580 0.5870277102 0.7540929859 0.8722976198 0.9100594074 0.8582493146 0.7966000543 0.6180237357 0.5610833310 0.3588131621 0.2757978428 0.2380577541 0.2464184955 0.1861787903 0.1987881427 0.1510284090 0.1910081555 0.1657596551 0.1736108882 0.2195139918 0.1529294629 0.1679272562 0.1237006727 0.2030573431 0.1535937280 0.1183004282 0.1444826596 0.2246382561 0.1575004941 0.1672310049 0.1818966121 0.1809334073 0.1797403535 0.2297674370 0.2271994661 0.2349132253 0.2997050990 0.3508714781 0.5554281580 0.6987857864 0.8162784971 0.8735590577 0.8755669463 0.8402589192 0.7119135854 0.5847473694 0.3974470879 0.2931914713 0.2915177403 0.1820609959 0.2033129154 0.1508634143 0.2147679236 0.1544247758 0.2327485843 0.1758896097 0.1764680432 0.1988143726 0.1694622733 0.2472232729 0.2008534663 0.1756603146 0.2125526411 0.1929242320 0.2297824181 0.1771700181 0.1806696852 0.1900663160 0.1501397741 0.1623552025 0.2078161940 0.2471510754 0.2359117321 0.2278552383 0.3405543392 0.4733020873 0.6587537885 0.8055614486 0.8492121492 0.9390267961 0.8463865489 0.7903151491 0.5954426728 0.4627020057 0.3706219987 0.2948218867 0.2566405023 0.2804031694 0.1793285030 0.2098052254 0.2143332490 0.2080906521 0.1620616627 0.1442580413 0.2022022755 0.1473429383 0.1419418015 0.2126198717 0.2045371568 0.2203209766 0.2085848230 0.1831659447 0.2443535052 0.1455694394 0.2053359843 0.1774499570 0.2100583832 0.2209158000 0.1713415465 0.2624908682 0.2383825587 0.3494996115 0.4668623406 0.5537521600 0.7302444202 0.8260590733 0.9189004771 0.8981980560 0.8332374278 0.7649023124 0.5423065410 0.4140806386 0.3380682768 0.2522853606 0.2270708085 0.2104485977 0.2394195182 0.1736842834 0.1664854988 0.2495084259 0.1655721379 0.1713000366 0.2262943267 0.1678151271 0.1690136153 0.1979092678 0.2075838710 0.2472585445 0.2315629007 0.1914721332 0.2255678414 0.2021798375 0.2094616228
0.1671895432 0.1683983950 0.1900172415 0.2076240890 0.1776794097 0.1838245971 0.2319927079 0.1915888158 0.1645487829 0.2414245932 0.3391062864 0.4313674741 0.4960652601 0.6629748906 0.8284521783 0.8601842907 0.8992897558 0.9090550772 0.7231091822 0.5668400076 0.5019422201 0.3252583597 0.2612617194 0.2342959551 0.2057390278 0.1759451939 0.1521557044 0.1867371196 0.2068137106 0.1778669342 0.1935686070 0.1379384242 0.2152825296 0.1702508668 0.1921228985 0.1828070159 0.1518571902 0.2369066384 0.2118065602 0.1772772060 0.1407385478 0.1590774994 0.1744706885 0.2011798272 0.1770645365 0.1979506330 0.2193760342 0.2344005876 0.3429169203 0.4249900256 0.5505418220 0.7264188179 0.8427542390 0.8787712613 0.8422967363 0.8048847677 0.6602776951 0.5296709696 0.3602435549 0.2635417967 0.2593610649 0.2357549550 0.2595701455 0.1807489636 0.1643981940 0.1799001824 0.1812762775 0.2120993162 0.2005875129 0.2160560421 0.2103458235 0.1762441282 0.2028634875 0.2164999848 0.1792502633 0.2034314647 0.1667665194 0.1595479358 0.1354938858 0.1512554175 0.2248247297 0.1711189731 0.2547164556 0.2368462724 0.2483668689 0.2664532031 0.4800972103 0.5235156303 0.6406718394 0.8128613803 0.9231572811 0.8807152213 0.7923481975 0.7128307446 0.5885329766 0.4240111816 0.3632335714 0.2380174929 0.2773525438 0.2074528214 0.2252320357 0.1959158392 0.1955341151 0.1755758564 0.1848733037 0.1714350949 0.1825855603 0.2376716585 0.1922989347 0.2370244570 0.1943314383 0.2200309529 0.2103056485 0.1883171219 0.1844007034 0.2063471494 0.2207131290 0.1939023231 0.1942936817 0.1963795818 0.2194490036 0.2556133239 0.2812248682 0.3771532656 0.5318067317 0.5860239281 0.7421834152 0.9392075714 0.9394711302 0.8861387840 0.8330794250 0.6407460801 0.5054147352 0.3679836261 0.2639520376 0.2593664600 0.2360261196 0.2440530760 0.2036781647 0.1987160713 0.1846286248 0.2136530340 0.1739888685 0.2024160629 0.1808238618 0.2567569283 0.1987613261 0.2130115844 0.2291474206 0.1795926413 0.1996395558 0.1974486715 0.2072753385 0.1754301642 0.1975839077 0.2105596132 0.2100190913 0.2051360225 0.2130395958 0.2731155775 0.3805004602 0.4670018406 0.6557428062 0.7186923407 0.8293444997 0.9137393488 0.9065595115 0.8192447040 0.6846725166 0.5371175280 0.4478745929 0.3379189224 0.2602113921 0.2567778464 0.2041171581 0.2263486628 0.1990881921 0.2120468900 0.2471374190 0.1886332228 0.2164486851 0.2278892411 0.1391745286 0.2284762871 0.2216902022 0.1621908984 0.2010774021 0.2230621964 0.2000991139 0.1952052675 0.1616535477 0.1834626928
0.2242183768 0.1755926609 0.1272304521 0.1353936991 0.1960588914 0.2355437807 0.1928879248 0.1672463916 0.1880253021 0.2476944608 0.2927859752 0.3869958892 0.5146020657 0.6544640814 0.7951197176 0.8700189067 0.8778393423 0.8496248535 0.6800099953 0.5666089666 0.4935797751 0.3493097834 0.2625074159 0.1822433149 0.2395912435 0.2714728902 0.2230742505 0.2256828984 0.1382659242 0.1642232704 0.2000251200 0.2442460695 0.2317684162 0.1997057633 0.2015690774 0.2055943597 0.2116483417 0.1953755689 0.1827436204 0.1900549120 0.1905719093 0.2550338844 0.1959654404 0.2281873983 0.2507710458 0.1835456878 0.2407643613 0.2809915275 0.3538178147 0.4562054748 0.6556915265 0.7979629643 0.8971945827 0.8822291784 0.8581334431 0.8004448314 0.6370191705 0.5106852761 0.3842367530 0.3255920264 0.2659667146 0.2276593439 0.1980051375 0.2008310350 0.2212093950 0.2522772020 0.1762331993 0.1746714501 0.1873198408 0.2172062980 0.2095570364 0.2075402504 0.2109465352 0.1922496008 0.1632897598 0.2237922587 0.2036232726 0.1912552300 0.2025279945 0.2070289111 0.1529211534 0.2393680490 0.1836590808 0.1877964191 0.2507432383 0.2910949566 0.4439236138 0.5496599746 0.7107507765 0.8511274311 0.8907083342 0.8875364195 0.8608914165 0.7258907110 0.6224676093 0.4427438274 0.3389682427 0.2886660653 0.1766736274 0.2357309514 0.2290375784 0.2345723369 0.2308705895 0.1954591128 0.1696378239 0.1761634743 0.1691882124 0.1869542985 0.2020810945 0.2366750974 0.1689859562 0.2072803529 0.2137171027 0.1647569398 0.1965490574 0.1981625146 0.2269176262 0.2284321921 0.2586705603 0.2326805779 0.2129630063 0.2274479294 0.2782693989 0.3836629045 0.4966464009 0.6136194931 0.7636683839 0.9451283523 0.9316773988 0.9014230365 0.8103281347 0.5875656833 0.5065686832 0.3553198119 0.3504431087 0.2412157845 0.2428314581 0.2514958099 0.1845949377 0.2314751753 0.1858767912 0.2402088092 0.1878542718 0.1820308924 0.2177879226 0.2411869169 0.2529027530 0.1776308929 0.2065509526 0.1693498267 0.1854029619 0.2472051981 0.2211709505 0.1954400493 0.2476435957 0.2092370573 0.1564597047 0.2217815395 0.2411006012 0.2607368426 0.3580223061 0.4472696247 0.6209773649 0.7639515937 0.8893003854 0.9735476620 0.9123947258 0.8074991610 0.6876662452 0.5591783202 0.3777107432 0.2921309976 0.2548503860 0.2083698243 0.2620667575 0.1769080636 0.2539349864 0.2178257568 0.2558726963 0.1926237123 0.2079674063 0.1746000309 0.1847981494 0.2211433322 0.2558631531 0.2307312832 0.2216150479 0.2260049613 0.2046220220 0.2215166100 0.2142959118 0.2777760069
0.2222557019 0.1429475238 0.2645018084 0.1501644752 0.1829156151 0.2371387398 0.2193707734 0.2402616552 0.2467557548 0.2520378623 0.3478574395 0.4420480328 0.5285129269 0.6434967997 0.7453942544 0.9274714596 0.9313195782 0.8290977349 0.7732064648 0.5741081146 0.4820502137 0.3213178940 0.2995167313 0.2619411515 0.1780900503 0.1959090211 0.1823921815 0.2530865975 0.1832849872 0.2115836194 0.2511944015 0.2282141161 0.2249505587 0.1878170203 0.2001841301 0.1661904554 0.2000289282 0.2525058664 0.1975799392 0.2184654081 0.1770502815 0.1979761967 0.2104121877 0.1789975364 0.2311775758 0.2417799522 0.2445331961 0.3294092187 0.3423927619 0.5159379469 0.6093286303 0.7073014498 0.8674603593 0.9163567767 0.9004641674 0.8137589315 0.6729511517 0.5295486773 0.4249045370 0.2597545520 0.2533128932 0.2146279088 0.2113387226 0.2396236678 0.2266555082 0.2220253166 0.1877397355 0.2184366442 0.1896611777 0.2081670210 0.2258182934 0.2105140382 0.2353471991 0.2412343471 0.1997845612 0.1840378128 0.1804139600 0.2463923298 0.2138575531 0.1830336185 0.1640057587 0.1977563428 0.2222029151 0.2103053854 0.2863441896 0.3400817982 0.4806446700 0.5476410943 0.6604317303 0.8411686332 0.8976000878 0.9110749744 0.8206769892 0.6967912239 0.6323040832 0.4529042485 0.3720983664 0.2670590057 0.3157951097 0.2173711540 0.2015170940 0.2092395767 0.2311058896 0.2140187313 0.2004115007 0.2513369938 0.2196730294 0.2266976670 0.1986453858 0.2182091016 0.2089634045 0.2552733650 0.2126739121 0.2523641862 0.1855591762 0.2060142973 0.1999519046 0.2309070724 0.1891635383 0.1957557855 0.1723711913 0.2766487673 0.2861624584 0.3662359200 0.5148837360 0.6234424933 0.7936947951 0.9096282730 0.9058806825 0.9009535733 0.7710492915 0.6702113894 0.5301729567 0.4427823401 0.2913690216 0.2237647644 0.2447004610 0.2333291765 0.2354613652 0.2060767049 0.1673409059 0.2439332019 0.2040656670 0.2145819422 0.2677434233 0.1791021078 0.2291662578 0.2148384024 0.2537190817 0.1963662623 0.2055553375 0.2534958243 0.2468186320 0.2344589296 0.2105922030 0.2477137126 0.2557635256 0.2187242765 0.2305901122 0.3138981810 0.3627927720 0.4198253934 0.6057100196 0.7786716160 0.9100853188 0.9076382917 0.8963545149 0.8487617294 0.7036499952 0.5192955006 0.4314539996 0.3433239718 0.2547893688 0.2162001761 0.2284533125 0.2594764588 0.2192272596 0.2011673168 0.2177695455 0.2184804732 0.1928406431 0.2242728921 0.1508993135 0.2562323876 0.2252326651 0.1830514810 0.1934265140 0.2000439734 0.2053337822 0.2599973118 0.2733281337 0.2086507006
0.1967599835 0.2449562219 0.2160125323 0.2125353279 0.2174601103 0.1894545406 0.1890415349 0.2027755492 0.2807111328 0.2555036730 0.3234293177 0.4143726333 0.4961854679 0.6842363085 0.8365440865 0.9724361316 0.9118989348 0.8989005701 0.6920045923 0.6361753597 0.4465063979 0.3558090629 0.2916937992 0.2301724742 0.2811679460 0.2169978766 0.2283504928 0.2201838476 0.1639811647 0.2308890094 0.2263770498 0.1990914032 0.1702035077 0.2336461281 0.1754110497 0.2301916737 0.1606824036 0.2320140788 0.2110318628 0.2158881804 0.1483714303 0.2080935217 0.2426435846 0.2209427438 0.1934098895 0.2343877764 0.2868896936 0.2914458659 0.3661155873 0.5229497472 0.6384411154 0.7623576122 0.8769069592 0.9601304471 0.8986587658 0.8322125435 0.6799561932 0.5296610437 0.4033870846 0.3206144558 0.2712144015 0.1992178927 0.2359873407 0.1910093593 0.1955683428 0.1734588190 0.2055005845 0.2357193306 0.2008761183 0.1982051287 0.1823314462 0.2186123109 0.2367050678 0.1938714364 0.2105158075 0.1976499512 0.2266017499 0.1929400914 0.1807369794 0.2014932029 0.2108644580 0.2058467163 0.2155994892 0.2109057221 0.3354334415 0.3231528900 0.4791376306 0.5916059128 0.7270244901 0.8358152866 0.9002299152 0.9486463897 0.8364852650 0.7584103394 0.5741289268 0.4373330756 0.3545435012 0.3058339280 0.2636824263 0.2153117646 0.1927552597 0.2128349989 0.2284193356 0.2095678913 0.2127043841 0.2409224714 0.2117137487 0.2238039995 0.1703445347 0.1347267112 0.2277895632 0.1871959049 0.2549143872 0.2278222048 0.2269318533 0.2469028644 0.1630918498 0.2698820132 0.1600874727 0.2238758184 0.2471715110 0.2885138849 0.3428773486 0.3810154926 0.5154613786 0.6169730917 0.8410707545 0.9214597838 0.9039569538 0.9572982171 0.7721316535 0.6234630326 0.5618744904 0.3847501913 0.2788342583 0.2399077103 0.2004941114 0.1753501796 0.2378845107 0.2282261100 0.2752802308 0.2040248738 0.2603584481 0.2544296936 0.2512853619 0.2083055988 0.2043432657 0.1989164960 0.2847451848 0.2215109697 0.2118418378 0.2565688666 0.3139132165 0.2254106150 0.2425325961 0.1904336182 0.2666595123 0.1957095179 0.2566851832 0.3353052964 0.3506995575 0.4116837980 0.6119589267 0.7538005281 0.8381454997 0.9644644274 0.9240589157 0.8546858178 0.6893377711 0.5598028971 0.4389960965 0.3474694657 0.3001490426 0.2758032259 0.1816087606 0.2362589014 0.2116760456 0.2543809599 0.2581764833 0.2876824101 0.2107026957 0.2172836289 0.1879466187 0.2147910029 0.2643258071 0.2337546527 0.2660021259 0.2325850671 0.1749709983 0.2507494587 0.1962821322 0.2142084889
0.1874678815 0.1816011875 0.2707936121 0.1864737422 0.2198558531 0.2183027372 0.2281613553 0.2274732854 0.1931607682 0.2724150046 0.2576360712 0.4436448327 0.5509355276 0.6620703695 0.8732359280 0.9502365064 0.9488365662 0.8467650703 0.7863605779 0.5729231347 0.4963413917 0.3652864125 0.3214727832 0.2501110653 0.1827341929 0.2178631620 0.1866502310 0.2257998342 0.2222407974 0.2401431506 0.2151857262 0.1226665532 0.1753355109 0.1876815380 0.2000429550 0.1814218840 0.1910700690 0.2624387291 0.1611305241 0.1667730033 0.2134335761 0.1679278602 0.2408160788 0.2194447435 0.2126493297 0.2298006869 0.2495801520 0.3245238924 0.3658194028 0.4991156771 0.5829083604 0.7301222410 0.8537261447 0.9053655302 0.8790603762 0.8165606748 0.6722667916 0.5286515261 0.4104006814 0.3240698079 0.3109980215 0.2080586663 0.1976895607 0.2393854733 0.2109562424 0.2433114087 0.1903968932 0.2012236991 0.1873712902 0.2301884109 0.1675413350 0.1782765479 0.2119633942 0.2133523716 0.2411520890 0.2523794234 0.2417279801 0.1897296656 0.1799826249 0.2217671419 0.2609043261 0.1728168349 0.2440085115 0.2670714934 0.2960673414 0.3791598193 0.4682278135 0.5532919056 0.7448034759 0.8570406711 0.9645098004 0.9146467888 0.8504722651 0.7396072506 0.6083222981 0.4602837862 0.3582544040 0.3015846322 0.2460718360 0.2080853824 0.2378014338 0.2322625232 0.2416976627 0.2031221019 0.2147155522 0.2006043812 0.1936775606 0.2193419024 0.2240516451 0.2120699387 0.2021074559 0.2176306507 0.2298254151 0.2208759467 0.2302384184 0.2319997333 0.2139881929 0.2178058017 0.2393822073 0.2160145173 0.2525585579 0.3056324238 0.3508343117 0.3980026827 0.5256304504 0.6656732226 0.7919237812 0.9521939172 0.9649583480 0.8975985234 0.7924989248 0.6381355429 0.5250568624 0.3832152838 0.3161869342 0.2753679021 0.2612117682 0.2462934693 0.2305303704 0.2052113539 0.2527598198 0.1847749057 0.2785661402 0.2311214799 0.1712405661 0.2084896870 0.2531781474 0.2294248210 0.2412028193 0.2665248169 0.2466631015 0.2214432942 0.2511276887 0.2364691713 0.2248814787 0.2037968258 0.2027985911 0.2243598763 0.2810487215 0.2969620585 0.3798117989 0.4520747127 0.6331023570 0.7576740883 0.8665195073 0.9383410348 0.9423243405 0.8566409559 0.6620528827 0.5955218546 0.4637321291 0.3536499985 0.2890370471 0.2672424589 0.2261408621 0.2369639387 0.2025180070 0.2637015671 0.2684495723 0.2184893066 0.2165898945 0.2332206208 0.2170054317 0.1777405206 0.2238528770 0.2145985892 0.1985193515 0.2379468245 0.2464248227 0.2535922503 0.1719686817 0.2534865733
0.2229085647 0.1682960483 0.2695979758 0.2035445402 0.1687324354 0.2269611107 0.1508293040 0.1877755886 0.2820120774 0.2491841171 0.3162295925 0.4415756393 0.5669320601 0.6965995949 0.8094716632 0.9392432965 0.8998946476 0.8438678783 0.7402442157 0.6450355908 0.4384712421 0.3727480683 0.3100844486 0.2535983848 0.1954152349 0.2482708769 0.2089183974 0.2148111716 0.2016883442 0.2396582837 0.2493395739 0.1585241554 0.1868189771 0.2102539988 0.2518715590 0.1944416389 0.2536185954 0.2170049521 0.2495180468 0.2029685462 0.1954087155 0.2082080260 0.2376887180 0.1805099934 0.1942197232 0.2168596889 0.2387001377 0.2711317953 0.3813838117 0.5101625409 0.6703343144 0.7941881393 0.8620101823 0.9086794685 0.9152936712 0.7978486609 0.6506012543 0.5238391108 0.4051084503 0.3916927142 0.2457671540 0.1950990495 0.2478122173 0.2171062312 0.1642597803 0.2289712140 0.2165851529 0.1721492305 0.2192398123 0.2093830945 0.2291183654 0.2902055951 0.1795881291 0.2016932887 0.1941943303 0.2001195356 0.1834326545 0.2140201290 0.2196600549 0.2057489190 0.2155645941 0.2608647928 0.2399383477 0.2767603730 0.3099321339 0.3935961548 0.4982658463 0.5765095354 0.7603475420 0.8236916095 0.9053826583 0.9378004255 0.8806966967 0.7600404885 0.6098761281 0.4971048302 0.3390120133 0.3041850968 0.2680698077 0.2286747770 0.2112433088 0.1885102519 0.2305501705 0.2171678586 0.2507379742 0.3032590152 0.2137721319 0.2348695679 0.1707634156 0.2201097132 0.2498898765 0.2342376466 0.1992367397 0.1434133649 0.2253112560 0.2462332732 0.1944594297 0.2021933337 0.2615346801 0.2427897201 0.2289461744 0.2716495159 0.3082768662 0.4209025599 0.5458703666 0.6337351982 0.8249238026 0.9299913953 0.9522060205 0.9125360467 0.7538272258 0.6532590064 0.4816667908 0.3545833910 0.3302918420 0.2881154996 0.2609528398 0.2004598998 0.2142745623 0.2528610458 0.2132060484 0.2883631721 0.2354529361 0.2115508844 0.1936521199 0.1817548373 0.2123202795 0.2315282253 0.2119221892 0.2068443773 0.2637453428 0.2286702774 0.2317256344 0.2995977533 0.2125139932 0.2145470904 0.2518139690 0.2284516022 0.2432984999 0.3082024031 0.3972941648 0.5028533858 0.6060994158 0.7842743007 0.8755150460 0.9426281418 0.8997124989 0.8436476199 0.7142094093 0.6004401610 0.4390461826 0.3671631927 0.2841373068 0.2470020028 0.2391778256 0.2569377075 0.2637878164 0.2342592907 0.2830306616 0.2291087809 0.1730983413 0.2655901965 0.1930871329 0.2426624536 0.2163037820 0.2200479589 0.2213415089 0.2410744407 0.2364594403 0.2390313007 0.2251718387 0.1779642628
0.1936892138 0.2273531441 0.2116184249 0.2512770965 0.1712370744 0.2150009576 0.2361932013 0.2580325173 0.2407092599 0.2195506936 0.3479613958 0.4457097623 0.5321680866 0.6487512593 0.7967136129 0.9328109820 0.9696032861 0.9442371003 0.7357787554 0.6501817736 0.4744692264 0.3600027585 0.2977644828 0.2118255685 0.2212326167 0.2110490697 0.1799604557 0.2236147101 0.2209596229 0.2061095760 0.2121002939 0.1787179584 0.2304515688 0.2042249193 0.1930631521 0.1864656843 0.2211471509 0.1938222243 0.1603913821 0.2069190137 0.2386194029 0.2077957846 0.1999951961 0.2074262479 0.1943081507 0.2363066016 0.3047034074 0.2979391792 0.3938257422 0.5055529824 0.5678470578 0.7618713243 0.9336809971 0.9380241393 0.8672291788 0.8243109421 0.6917516861 0.5242259584 0.4379873741 0.2943203570 0.3198413891 0.2602745593 0.1990349191 0.2021787115 0.2877366471 0.2098625922 0.1799611278 0.1793074136 0.1980491136 0.2471694241 0.2557312484 0.2016682116 0.2212193571 0.2174347507 0.2123896740 0.1977746461 0.2398390309 0.2496636458 0.1761813252 0.1974670214 0.2296771570 0.2285862703 0.2243803182 0.2681661746 0.2279292113 0.3730071599 0.4628806831 0.5759026354 0.7191533577 0.8680969278 0.9387405872 0.9147173631 0.8574324567 0.7362397249 0.6156712226 0.4458646706 0.3592512085 0.3063980211 0.2030310695 0.2148940583 0.2017924916 0.1788035395 0.2042944990 0.2252992485 0.2066553260 0.2353832593 0.1900665121 0.2106636509 0.2126429822 0.2089198230 0.2797072123 0.2373977110 0.2018029545 0.2124789308 0.2456152975 0.2124106423 0.2352081957 0.2458028298 0.2764108067 0.1969529211 0.2648467927 0.2818143074 0.3199819969 0.4508892232 0.5171615899 0.6615367738 0.8099090802 0.9214449334 0.9232056426 0.9245403156 0.7757178125 0.6759112771 0.5471015082 0.4239136936 0.3110147702 0.2485398644 0.2105345808 0.2589269532 0.2290030455 0.2001258657 0.2503853795 0.2255815824 0.1952818008 0.2400989008 0.2184641322 0.2544801166 0.2194467315 0.2302023664 0.2250260307 0.1781494371 0.2063833017 0.2258969745 0.2067295390 0.2380963679 0.2258403647 0.1829756085 0.2701884532 0.2937623873 0.3228228965 0.2626879051 0.3666886094 0.4589104635 0.5947983873 0.7640212297 0.8633913808 0.9229871632 0.9205165757 0.9045080693 0.7384436778 0.5942064705 0.4921615342 0.3453849054 0.3366833154 0.2446518754 0.2530987950 0.2182113986 0.2558796207 0.2565832317 0.2247630657 0.2643553012 0.2195378665 0.2308337490 0.2983296048 0.2472278358 0.2205661326 0.2293750643 0.2289549351 0.2274352580 0.2773236546 0.2227863273 0.2577848409 0.2378195389
0.2117716960 0.2166153636 0.2171414356 0.2425091383 0.1447203932 0.2307063774 0.2166006064 0.2252681396 0.2798001090 0.2641898485 0.3448209583 0.4546655750 0.5149146336 0.7277827189 0.8203409133 0.9264693058 0.9510803729 0.8405176709 0.7207122322 0.6058076368 0.4471688590 0.3476465251 0.3243344334 0.2430131722 0.2390252435 0.1694036216 0.2223446141 0.2266452677 0.2145232817 0.1898953086 0.2237040442 0.2216453096 0.2077094402 0.1992830873 0.2039896565 0.2096781736 0.2063670491 0.1767803823 0.2110596687 0.2084245723 0.2191946738 0.1793976052 0.2819902008 0.2032524128 0.1794400568 0.2347948984 0.3000795948 0.3261419263 0.3996349691 0.5056087588 0.6406100640 0.7755361477 0.8359121702 0.9851561534 0.8833785238 0.7634981614 0.6846440596 0.5201823310 0.3919711709 0.2706184387 0.2380085753 0.2276204153 0.1818730110 0.2315873766 0.1478934029 0.2269684735 0.1945224623 0.2113909188 0.2394597539 0.1909292897 0.1682270523 0.1764382554 0.2317949914 0.2385608758 0.2211862808 0.2530347986 0.2300053215 0.2460565735 0.2152872221 0.2091512141 0.2348831138 0.2037014496 0.2194013892 0.2411203686 0.2581456182 0.3669606363 0.4000628966 0.5586444128 0.7449529216 0.8536596634 0.9576577944 0.9280493189 0.8997854718 0.7226199748 0.5768773086 0.4414539859 0.3624963635 0.2939139651 0.2615817942 0.2513083540 0.2199713714 0.2429380821 0.1935471705 0.2095665938 0.2295637086 0.2332517008 0.2404943167 0.2119975344 0.2407109017 0.2672335157 0.2220068521 0.2108320327 0.2173716380 0.2083797881 0.1859763533 0.2811919496 0.2369524932 0.2346472972 0.2059383792 0.2145873018 0.1826562879 0.3145179705 0.3147402820 0.3927527843 0.5203918719 0.6866650092 0.7969744915 0.8988473060 0.9494644520 0.8992109461 0.8282235708 0.7010147210 0.5069038410 0.4348083026 0.3470003200 0.2394465661 0.2342677948 0.2410739103 0.2310314476 0.1925278760 0.2354987017 0.2286199791 0.2401759430 0.1923444145 0.2162815276 0.2148295238 0.1918135011 0.2161948368 0.2080794105 0.2896244064 0.2400870040 0.1927442441 0.2405395741 0.1956524383 0.1821442062 0.1751260878 0.2368011492 0.2989886970 0.2113210996 0.2833437807 0.3739242743 0.5214407174 0.5830835768 0.7849382040 0.9100602065 0.9501333427 0.9572696297 0.8685031687 0.7063523694 0.5417657330 0.4284592884 0.3627304453 0.2580100322 0.2866755517 0.2077932026 0.2022904934 0.2403204667 0.2163244911 0.2544824011 0.2756018144 0.2540790314 0.2171289763 0.2450574957 0.2249616753 0.2312268665 0.1754879258 0.2151734859 0.2676327605 0.2558492451 0.2130587460 0.2044841409 0.2392821142
0.2363741558 0.2179081065 0.1670444399 0.2062483846 0.2241464169 0.2308516499 0.1985080170 0.2443208835 0.2296558019 0.2360265829 0.3088436806 0.4376113121 0.5013319359 0.6717594223 0.8272353917 0.9339754288 0.9507167379 0.8121319134 0.7840581550 0.5985467432 0.4269196885 0.3331089232 0.2550015670 0.2708449494 0.1980321141 0.2414652024 0.1872145463 0.1593473157 0.1796033861 0.2079154036 0.2809646466 0.2078329971 0.2135099432 0.1902017301 0.1945725158 0.2073731519 0.2253629000 0.1928484756 0.2050111632 0.2227526793 0.2073495407 0.2270626907 0.2127276649 0.1999640887 0.2018382114 0.2381118449 0.2680843008 0.2907415841 0.4019127145 0.5118932702 0.6826431936 0.8015362203 0.8276818075 0.9461184844 0.9355088277 0.8246421861 0.6810357781 0.5126392946 0.4215502564 0.2892309450 0.2677542322 0.2166353008 0.1618193079 0.1795409046 0.1943283677 0.2107568974 0.2219129589 0.2093329553 0.2019043442 0.2102748229 0.2062240685 0.1922415290 0.1726351357 0.2316930160 0.2216193917 0.1790165358 0.2406691851 0.2034274649 0.2384323402 0.2249307567 0.2104635948 0.1895244871 0.2324990140 0.2793301666 0.2953934164 0.3779172355 0.4331520081 0.5898223904 0.6539264846 0.8476689997 0.8862637543 0.9155040609 0.8642347551 0.7137749065 0.5663517522 0.4446109911 0.3090293411 0.2854145446 0.2384866003 0.2223111214 0.2351760560 0.1526175524 0.2070843996 0.1608627006 0.2115526590 0.2302935931 0.2087617624 0.2210015754 0.2483243406 0.2151649660 0.2166764221 0.1664737442 0.2211311445 0.1934334490 0.2204709242 0.2392657559 0.2545830705 0.2313470992 0.1808467405 0.2198675764 0.2404714086 0.2636861318 0.3204954957 0.3826949192 0.5516291802 0.6186604223 0.7763045444 0.8630001996 0.9822513333 0.8837353089 0.7356782524 0.6128702733 0.4727486871 0.3967322266 0.3097276145 0.2162256000 0.2585517090 0.2003649491 0.2167608706 0.2215026859 0.2344402122 0.1769678463 0.1830198791 0.1871851226 0.2069245032 0.2212120129 0.1996185476 0.2088620963 0.2331446806 0.2355377431 0.2086173732 0.2058958126 0.2201173267 0.2227715620 0.2293363321 0.2470157106 0.2386868081 0.2356709263 0.2522651904 0.2859379987 0.4477860455 0.5061037126 0.5606606682 0.7422930957 0.8577257508 0.9532833645 0.9260827012 0.8542490065 0.6715294045 0.5508611851 0.4536702571 0.3570142277 0.2452445673 0.2723238680 0.1730475136 0.2038610394 0.2436492242 0.2288310903 0.2248862939 0.2322705611 0.1919396402 0.1810703531 0.2342062838 0.1875671033 0.2215549313 0.1938295170 0.2176221988 0.1528885708 0.2193044089 0.2023020410 0.1805052318 0.2469015488
0.1606847198 0.1916220447 0.1838239092 0.1973727376 0.1678951555 0.1745948241 0.1922988989 0.2032083068 0.2468837993 0.2820149725 0.2927709023 0.4118699535 0.4993791375 0.6711959933 0.7825363138 0.9720815924 0.9413491737 0.8455507304 0.7053761979 0.5976853457 0.4729675620 0.3497035041 0.2924145473 0.2739485327 0.2280212747 0.2386681277 0.1867121792 0.1269528722 0.1940854042 0.2593209409 0.2327884303 0.2434815822 0.2213406477 0.1696598647 0.2098296790 0.1963664071 0.1632645583 0.2100542074 0.2417298902 0.1554591481 0.2264360947 0.1555514197 0.2563605622 0.1840630791 0.2123545850 0.2153037639 0.2142307045 0.3023707706 0.4035195748 0.4614405838 0.6200100262 0.7583842539 0.8512001729 0.9308712840 0.9025250464 0.8380901449 0.7032020373 0.5114293916 0.4122732339 0.2644381086 0.2663324107 0.2544284739 0.2354648540 0.2033877028 0.2095438349 0.1919744509 0.2309010346 0.1299814006 0.1763264236 0.2348343516 0.2257987595 0.2248820191 0.2366315110 0.1836999552 0.2021032283 0.2805980011 0.2402475023 0.2520533496 0.2277595242 0.2173223914 0.1772137933 0.1767723682 0.2245850828 0.2653297264 0.2570140481 0.2944727839 0.4292840638 0.5818396534 0.7639565110 0.8872550387 0.9120467972 0.8885805058 0.8358788014 0.7005492406 0.6179440830 0.4544295747 0.3687761295 0.2773322645 0.1919200764 0.2122660306 0.2081279383 0.2424816377 0.1869084223 0.1671031235 0.2271315293 0.1791863941 0.1892347903 0.1770540430 0.2264895228 0.1615480043 0.1834835656 0.2149200364 0.1975137229 0.1916933675 0.2353301163 0.2092685208 0.2079217999 0.1554576126 0.2414626238 0.2189886717 0.2523771999 0.2728139192 0.3063513270 0.4012079288 0.5508866141 0.6859071847 0.7952284760 0.8974402150 0.9620793750 0.8844437395 0.7851403746 0.6407318296 0.5491493017 0.4237064253 0.3138783701 0.2456024235 0.2603052412 0.2747440800 0.1625142544 0.2243775117 0.2243064592 0.2574230877 0.1664329609 0.2305155033 0.1853149870 0.2510405615 0.1775330265 0.2441616172 0.1899694443 0.2272046478 0.2502068833 0.2052258805 0.2245418547 0.1678631167 0.1972460599 0.2279800387 0.1604141739 0.2379508796 0.2864122005 0.3047308882 0.4229551169 0.5070999036 0.5997776021 0.7432886628 0.8492773589 0.9298011593 0.9045895679 0.7781445302 0.6756630398 0.5593595437 0.4292733575 0.3441438316 0.2566210653 0.1958407363 0.2445997025 0.2478115697 0.2251549789 0.2016997710 0.1986482201 0.2215151441 0.2514857393 0.2200534140 0.2663037161 0.2430090367 0.1700990475 0.2284519630 0.2188851929 0.1936988588 0.2322941701 0.2262632941 0.2159441719 0.1907586826
0.1884193610 0.1564187577 0.1751077350 0.1859358149 0.2331891283 0.1742786204 0.2137060928 0.2067512633 0.2459337976 0.2667042627 0.3046516316 0.3780771168 0.5266772433 0.7185555451 0.7893890272 0.8796287456 0.8434465677 0.8879686611 0.7729026905 0.6108993246 0.4863351315 0.3303099543 0.2304343361 0.2329411526 0.1745195234 0.2287048587 0.1801604752 0.1851959364 0.1763261076 0.2336270140 0.1914207168 0.2136803260 0.1386796553 0.2267830082 0.2002171508 0.2196558723 0.2292747689 0.1857009691 0.2391273699 0.1694758859 0.2122731743 0.2202699537 0.1794024388 0.1563826526 0.2167678493 0.2387212164 0.2521012830 0.2740564969 0.4413651295 0.5049041091 0.5949061221 0.7270978979 0.8692867818 0.9292707931 0.9284995538 0.8102552172 0.6595310418 0.5267819250 0.3786240476 0.3582857137 0.2747413898 0.2239150447 0.2594701622 0.2045881929 0.1948333505 0.2013538942 0.1621514639 0.2212756128 0.1674848986 0.2203129164 0.1787793612 0.1872363345 0.1780693073 0.1821337274 0.1843049928 0.2532560752 0.2374703238 0.2106532855 0.1796710375 0.2015123298 0.2187293833 0.2166030142 0.2057029482 0.2361338945 0.3405367000 0.3386089501 0.4157783093 0.5651328598 0.7160483371 0.8516843181 0.9012554076 0.9035934321 0.8259922133 0.7082240980 0.5627793402 0.4599112288 0.3249703431 0.2285593232 0.2084805617 0.1703139523 0.2156953874 0.2289610197 0.1973649536 0.1789183867 0.1804137997 0.2089314577 0.2165021296 0.1714376914 0.1851132364 0.1602390586 0.1821079347 0.1985091557 0.1817631386 0.2259446637 0.1652633227 0.2156801308 0.2037601907 0.2456303093 0.2036730790 0.2171914912 0.1710796728 0.1970007485 0.3151677626 0.4160018963 0.4950471145 0.6049011641 0.7538858464 0.8928548660 0.9231668409 0.8479803950 0.7466981757 0.6584840452 0.5208848597 0.3655295930 0.2789467607 0.2573020560 0.2218972227 0.1922619248 0.2196990590 0.1793674556 0.1976600921 0.2305217750 0.1972832377 0.2517299562 0.1641497517 0.2346604136 0.1878081199 0.2136404381 0.1884812273 0.2308376911 0.1932875798 0.1575296095 0.2279730326 0.2127844517 0.2488076105 0.1505476948 0.2088854732 0.2402331889 0.2590817594 0.2993785218 0.3553549494 0.4640820945 0.5934605962 0.7768800647 0.8844725658 0.9535815073 0.9030840906 0.8157467261 0.6882747444 0.5690362452 0.4332546770 0.3790589743 0.2994720936 0.1750830399 0.2273367853 0.2421986945 0.2028353809 0.2026839137 0.1836665205 0.1979359938 0.2117255910 0.2198978677 0.2112289079 0.2083365105 0.2591055645 0.2036637675 0.1855914149 0.2524929010 0.1684873033 0.2271810046 0.2051528236 0.2795548611
0.2031405109 0.1716360164 0.1871124982 0.1771674067 0.2398023551 0.1744289640 0.1550864847 0.1860773237 0.1941337334 0.2850468141 0.2933604027 0.3785356836 0.5352419728 0.6418182587 0.8195434022 0.9397921069 0.9013605970 0.8727747354 0.7447252407 0.5908780697 0.4951269561 0.3004883918 0.2583801091 0.2753373886 0.2368462765 0.2374197758 0.2175782284 0.2688733506 0.1620870584 0.1320408501 0.1847015692 0.1766106303 0.1322599876 0.1765900396 0.1439783293 0.1776682608 0.1553647151 0.2318480464 0.2035749319 0.1936336406 0.0987235702 0.1550318357 0.1853022633 0.2095219642 0.1958844938 0.2148180784 0.2501107427 0.3198254318 0.3376851070 0.4936739896 0.6287998130 0.7672372423 0.8450850345 0.9207654451 0.9179337203 0.8100490550 0.6519856701 0.4971346044 0.3765555135 0.2912655072 0.2157586609 0.2018734299 0.2032253738 0.1928613676 0.2318616795 0.1510315791 0.1950990047 0.1772689193 0.2079924693 0.1461389079 0.2092154203 0.2037722208 0.1762842414 0.2020493881 0.1945066270 0.1498693009 0.1829475685 0.2403618437 0.1567575416 0.2114805755 0.2120372554 0.1762329736 0.2051705752 0.2977609906 0.2236116069 0.2890614364 0.4578416240 0.5615203884 0.6851793761 0.8684394056 0.8830096034 0.9212332126 0.8453016725 0.7010215440 0.6243524396 0.4265700684 0.3637988853 0.2609744294 0.1752509027 0.2068599107 0.2096871514 0.1616285496 0.1621220562 0.2044576835 0.2174780363 0.1844847175 0.2501983103 0.2059170753 0.1971900236 0.1996969776 0.1935580516 0.1872421546 0.2055976995 0.2034461251 0.1702727407 0.1677585251 0.2165919234 0.1799945109 0.2052582735 0.1866052244 0.2099852211 0.2996321050 0.2669468635 0.4131104986 0.5420490809 0.6528444721 0.7901633800 0.8719449295 0.8913356085 0.8857880695 0.7488098880 0.6596519073 0.5168643507 0.3798080714 0.2626322880 0.2229391153 0.2039350135 0.2116692862 0.2071780233 0.1704713949 0.1984444588 0.2001874583 0.2160003835 0.2121887771 0.1911084440 0.2415813274 0.2285132776 0.2381569145 0.1997417686 0.1637992219 0.1864517132 0.2130575577 0.2313086429 0.2008417014 0.2273749439 0.2173922980 0.2229967652 0.1834822477 0.2275544660 0.2251521356 0.3494038494 0.5044196399 0.5720224875 0.7517054103 0.8369102808 0.8864397988 0.9051151437 0.8706026789 0.6791039955 0.5565221748 0.4392453755 0.3382266305 0.2843649777 0.2475719409 0.2181860915 0.2195970315 0.1727676867 0.2078514894 0.2172364204 0.1674698563 0.2357083895 0.1767142607 0.2066702001 0.1792620513 0.2102824731 0.1996778282 0.2657598611 0.2554202896 0.2091485877 0.1907046314 0.1658491261 0.2456472248
0.1489858596 0.1566869159 0.1651678409 0.1276956440 0.1267916008 0.1547628039 0.2184734963 0.2117829550 0.1747687392 0.2609920059 0.3388515491 0.3924845349 0.4974183776 0.6563634592 0.7920012898 0.8739721887 0.8676009068 0.8544642215 0.7524369981 0.5855198328 0.4234761711 0.3221956872 0.3004033217 0.2145081934 0.1848201857 0.1583343135 0.1651894348 0.1480454514 0.2006494429 0.2276841794 0.2017581220 0.2071146092 0.1253134458 0.1637613247 0.1411641073 0.1928021596 0.1646517486 0.1726896267 0.2473012150 0.1976969186 0.2009736815 0.2079370310 0.1912788066 0.2286490673 0.1780071144 0.1702635444 0.2343652230 0.2785837483 0.3375229743 0.3986315993 0.6487202702 0.7211166188 0.8125201519 0.9018677735 0.8675067973 0.8425303248 0.6724040403 0.5084234825 0.4000570768 0.3450557764 0.2590680644 0.1572313975 0.2002660927 0.1551466680 0.2147564472 0.2053117221 0.2412555432 0.2007869862 0.1938182745 0.1723507019 0.1937337656 0.1728564837 0.2151748493 0.1502256925 0.1622383184 0.1862178488 0.1821554047 0.1815751858 0.1954090870 0.1351457982 0.1992712494 0.2001286788 0.2287705166 0.2180717958 0.2063063868 0.3469887814 0.4519530216 0.5592266511 0.6841572497 0.8195152133 0.8956538344 0.8622292318 0.8456255533 0.7609147459 0.5821768298 0.4697369670 0.3289886572 0.2815124909 0.2327538748 0.2049390051 0.2080044352 0.1772891488 0.1488918224 0.1642757025 0.2411666660 0.1347781704 0.1871106712 0.1409046014 0.1928241734 0.2614552060 0.2517211176 0.2343954863 0.1822420018 0.1830920838 0.2177373170 0.2179408914 0.1715244553 0.2134332184 0.2059306589 0.1945502324 0.1857065059 0.2387477145 0.3187161752 0.4081835116 0.4615093198 0.6203806043 0.7764977968 0.8613985362 0.9148223800 0.8796274401 0.7702024351 0.6365406830 0.4729482253 0.3849000185 0.2463179978 0.2803269217 0.2102817754 0.2037259894 0.2294296034 0.2196172107 0.1791771934 0.2759562675 0.2064965458 0.2066159185 0.2145338116 0.2340778524 0.2037972133 0.1983071043 0.1979324259 0.1827839880 0.1611452792 0.1910280794 0.1939732262 0.2323592084 0.1714308474 0.1649611856 0.2436560480 0.2307309224 0.2699657030 0.3510156265 0.3882647808 0.4693856168 0.6100789068 0.7534078712 0.8306367537 0.9223509085 0.8503961568 0.7991421011 0.7204737644 0.5817697509 0.4685067250 0.3116730540 0.2452402588 0.2221954003 0.2265557223 0.2024678284 0.2117787167 0.1828103754 0.2225493766 0.2277947401 0.1982183122 0.1737485186 0.1917218907 0.2145196397 0.2112737160 0.1809615846 0.1934851074 0.1936001562 0.1945818061 0.2202103824 0.1870693728 0.1710849549
0.2140585775 0.2391442503 0.1561501467 0.1805562413 0.1301905911 0.1756156518 0.2090657159 0.1841090182 0.2241662244 0.1877058285 0.2991451061 0.4210951129 0.4987535801 0.6716857144 0.7669085008 0.9307158116 0.8824652933 0.8197841376 0.7572133681 0.5280445449 0.4714491410 0.3614199034 0.2295700674 0.1933028337 0.2113387358 0.1874492802 0.1840166588 0.1801701257 0.1416852721 0.1500665923 0.2434931078 0.2094765191 0.2309190930 0.1514353686 0.1655775366 0.1860698096 0.1893967806 0.2299857085 0.2041349637 0.2003752329 0.2041315821 0.2087644688 0.1772311387 0.1865709078 0.1810499311 0.1602241703 0.2428894842 0.2563543931 0.3778702357 0.4788961809 0.6396078818 0.7571780949 0.8042450399 0.9700473668 0.8509771459 0.7857838529 0.6093359386 0.4893031862 0.3628197861 0.2719591403 0.2906090484 0.2066072850 0.1598019429 0.1776731720 0.1656948354 0.2376966393 0.1646121540 0.1473640982 0.0860898661 0.2213053587 0.2415444437 0.1963157172 0.1329902773 0.1393524453 0.1804401285 0.1482156578 0.1921448991 0.2051899700 0.1841335569 0.1563712606 0.1353697691 0.1829787194 0.1715945511 0.2427733971 0.2532990701 0.3195012279 0.4054649269 0.5414350997 0.6968118965 0.7955922865 0.8722530023 0.8585283376 0.8563781218 0.7353676517 0.6209752116 0.4437582281 0.2726213517 0.2753269064 0.1936177524 0.1613213008 0.2504701721 0.1663537038 0.1991947999 0.1830341033 0.1482810589 0.1948812729 0.2219427854 0.1253812711 0.1836995080 0.1993144552 0.2339692060 0.1689777531 0.2110478758 0.2010790165 0.2208225847 0.2122417768 0.2070887407 0.1791057522 0.2179472306 0.2637480906 0.2402630782 0.2628063739 0.3117706978 0.3964160554 0.5319257537 0.6332890051 0.8358868390 0.8661922933 0.9303771353 0.8707308532 0.7545400931 0.6498757343 0.4805056920 0.3885736504 0.2471656158 0.2996594793 0.1976254683 0.2113929544 0.2281010747 0.2035520714 0.1660878491 0.2196873079 0.2044968999 0.2151396373 0.1689657171 0.2460594276 0.2230597119 0.2225052265 0.2262232273 0.2300617617 0.1761499610 0.2073060979 0.2217456580 0.1828653316 0.2033568973 0.1889453581 0.2145220635 0.2293151635 0.2226273092 0.2587903648 0.3261541955 0.4153261074 0.5728763666 0.7590759767 0.8942834009 0.8831888609 0.9108589480 0.8258809259 0.7203556364 0.5696067543 0.4147296806 0.3352571996 0.2539741851 0.2772188121 0.2123823867 0.2529813713 0.1893563114 0.1944411952 0.1935180699 0.2307360460 0.1565330077 0.2197901206 0.2011769149 0.1377666604 0.2113559361 0.1821330076 0.1886584222 0.2052869039 0.2276281439 0.2020390019 0.1882723373 0.1694064261
0.1323446626 0.1819702496 0.1942225199 0.1622615099 0.1577892057 0.2178499754 0.1475507021 0.2188704893 0.2585952350 0.2401149025 0.3108293258 0.3599653979 0.5119917998 0.6489908084 0.8325263987 0.9064593576 0.8947620955 0.8766641931 0.7820084266 0.5603896949 0.4404440166 0.3673755431 0.2796930611 0.1903097889 0.2434830093 0.1501592547 0.1854735567 0.1621993750 0.2236627924 0.1991266790 0.1954430036 0.1525517371 0.2204895257 0.1995932401 0.1938723557 0.1811570802 0.1871921737 0.1687403030 0.2025956373 0.1767664783 0.1902062492 0.1803326661 0.1655014195 0.2065930513 0.1750814292 0.2400199390 0.2204297425 0.2462078800 0.3203359883 0.4898315962 0.6032182218 0.7372290631 0.8744357345 0.8949928202 0.9066226625 0.7899554590 0.6525488121 0.5353115954 0.4109436281 0.2962586071 0.2972541627 0.2015211013 0.1881527393 0.1439964164 0.1893267165 0.2005604152 0.1228973540 0.1687759091 0.1507441887 0.2290513396 0.1961193347 0.1881326709 0.2118518183 0.2176237573 0.1669684319 0.2001101362 0.2093206819 0.1418343822 0.2204711106 0.1564432068 0.1406407416 0.2123617911 0.1782170296 0.2156770122 0.2527817431 0.2930735569 0.4053769429 0.5341579468 0.7163572785 0.8085018813 0.9108626007 0.9161302524 0.8443920017 0.7179301880 0.5409330216 0.4296260556 0.3814324175 0.2693157224 0.2338839366 0.2589563814 0.1337977504 0.1699843217 0.1840722165 0.2201026545 0.2086948261 0.1246258347 0.1782483038 0.1846653188 0.1261478840 0.1912609615 0.1780812999 0.1673474038 0.1634910178 0.2187617150 0.1813998392 0.1554295883 0.1821102364 0.1941386452 0.2062884311 0.2100662854 0.2315435239 0.3039583314 0.2885560682 0.3945268636 0.4989231935 0.6426214651 0.7114692689 0.8295673469 0.9237111280 0.8781649689 0.8094529844 0.5840028203 0.4835717810 0.3668525455 0.2972329868 0.2139902302 0.2004002248 0.2549675303 0.1530703900 0.1876860398 0.1822493179 0.2134771779 0.2272636187 0.1515419971 0.2553444129 0.1892538662 0.2296842979 0.2163815486 0.2245671610 0.2380480100 0.1609818815 0.2087429274 0.2101538993 0.1622194639 0.1949139781 0.1719162023 0.1863958458 0.2036363013 0.1802327292 0.3099343047 0.3803516166 0.4481770674 0.5523696544 0.7392891263 0.8706226349 0.9211439883 0.9149341300 0.8418725815 0.6970596931 0.6041050955 0.4861497742 0.3428988491 0.2756882908 0.1898962240 0.2349736446 0.2283664474 0.1568735130 0.2216819065 0.2026654357 0.2023293283 0.2282922051 0.1786703695 0.2241184447 0.2168389519 0.2302153394 0.2209267219 0.2559838084 0.2058396929 0.2167616460 0.2045284803 0.1886264492 0.2367694542
0.2192457594 0.1924311656 0.1650580374 0.1947740047 0.2116479532 0.1893800844 0.1838642403 0.2247564227 0.2426631909 0.2783031336 0.2753882020 0.3932347077 0.5285366238 0.6444874903 0.7651345087 0.8766024860 0.9106569166 0.8320729019 0.7515369011 0.6303642309 0.4444019308 0.2822533098 0.2785367342 0.1617402214 0.2032575236 0.1880245119 0.1979747625 0.1828018909 0.1753980515 0.2557596955 0.2030240468 0.2178183647 0.1850094234 0.1769404597 0.1846899671 0.2254773617 0.1828806851 0.2180977455 0.2353859418 0.1800957369 0.1890228280 0.1844698854 0.1494643503 0.1922608422 0.1561296463 0.2218765335 0.2683955125 0.2624531785 0.3154387236 0.5046644492 0.6389882326 0.7817588080 0.8830508743 0.9030096979 0.9039546225 0.7739610596 0.6878818031 0.5152080592 0.4204787358 0.3152521410 0.2491472025 0.2102536312 0.2312146495 0.1867402597 0.1996008207 0.1824231882 0.1762726023 0.1329747725 0.2441047785 0.1799651642 0.2128046016 0.2133856827 0.1618957196 0.2559091511 0.1977850091 0.1548746139 0.1995097795 0.1775004000 0.2111345293 0.2066305665 0.2493021212 0.2194706108 0.2150776920 0.2525940089 0.2363189272 0.3268988777 0.4217354266 0.5494239852 0.7197191110 0.7572453671 0.9066293110 0.8842654069 0.8299341204 0.6916920081 0.5387159715 0.4756257707 0.3280991454 0.3078010918 0.2935029972 0.2313425649 0.1490492243 0.2001591010 0.1825978454 0.1833632499 0.1806101633 0.1709816326 0.2394282316 0.1933736174 0.1471065947 0.2044760434 0.2130754364 0.1865533043 0.2071602501 0.1895488362 0.1564099972 0.1921169207 0.2175760449 0.2286921749 0.1653625542 0.2018154667 0.2827887400 0.2286718405 0.3352261925 0.3634339401 0.4977022270 0.6141066233 0.7746611902 0.8811243940 0.9733027316 0.8767510049 0.7802396897 0.5955738085 0.5210181782 0.3948907372 0.3285679109 0.2353223248 0.2415145513 0.1881759602 0.2249776680 0.1903222532 0.1875965461 0.2067384187 0.1945336306 0.1739432976 0.1890629713 0.2006847545 0.1649393173 0.1957847485 0.1662158544 0.1929833766 0.1960396166 0.2459316416 0.2025028150 0.1968504046 0.2020994327 0.2048699554 0.2450244554 0.1872434462 0.2472703104 0.2846602418 0.3324539794 0.4411920475 0.5602567831 0.7579752741 0.8803412845 0.9497062770 0.9707650904 0.7889435987 0.6577258755 0.5327280760 0.4309990455 0.3007633772 0.2196831709 0.2684444363 0.2215838571 0.2691910172 0.2192925752 0.2105957548 0.1859956372 0.1894811001 0.1813531780 0.2057809995 0.1843408554 0.2012102255 0.2050067704 0.2217416097 0.2335253713 0.1896169313 0.2245805778 0.1909223567 0.1545626999 0.1810787827
0.1872396705 0.1720475819 0.1676781561 0.2197655301 0.2197489392 0.1755269458 0.1949966929 0.1722152748 0.1860620334 0.2329612970 0.3068535116 0.4270730760 0.5187646160 0.6750573646 0.8742458032 0.9146948554 0.8992407526 0.8577532081 0.7334123238 0.6092062384 0.4009040433 0.3838774152 0.2938900955 0.2101471574 0.2336225233 0.2159874012 0.1863794847 0.1696833682 0.2107697078 0.2272886108 0.1973005457 0.2334445537 0.1904945918 0.1791200836 0.1545157488 0.1559891393 0.1866042629 0.1986507614 0.2130665407 0.2220590647 0.1697416847 0.2200585691 0.1546949988 0.2014222273 0.2414679837 0.2396762618 0.2412813814 0.2798166749 0.3938577203 0.4626284182 0.6378970387 0.7625341316 0.8471437812 0.9724971409 0.9084195446 0.8002785864 0.6641775666 0.4877218720 0.4098680069 0.3087173791 0.2457698322 0.1955937944 0.2525450648 0.1790885033 0.1951808233 0.2323450632 0.2152570009 0.1814745769 0.2124275592 0.1635157189 0.2571448762 0.2147053462 0.2125286819 0.1640187531 0.2658820854 0.2298322339 0.1925111408 0.1850304028 0.1666178217 0.2180082704 0.1893374531 0.2242250886 0.2939818897 0.2052794886 0.2928236569 0.3234540099 0.4803588234 0.5352153340 0.6982996109 0.8492172623 0.9266927734 0.8525125462 0.7676497928 0.7014821859 0.5772375586 0.3945169195 0.3650382359 0.2137420083 0.2230537228 0.1807739163 0.1760494543 0.2135333799 0.1570231409 0.2039977695 0.2150384383 0.2039263741 0.1975106326 0.2297806482 0.1888356398 0.1827625835 0.1916820094 0.2179779575 0.2551240272 0.1834788773 0.1642415117 0.1746705153 0.2599628138 0.2069726309 0.2709992455 0.1960119272 0.2249074488 0.2716281126 0.3825310501 0.3766723456 0.5199151822 0.6474521249 0.7588706481 0.8774130320 0.9338582345 0.8938399362 0.7910208876 0.6898491609 0.5124279291 0.4204908656 0.3033313050 0.2291247321 0.2242274494 0.2010946832 0.1740498987 0.1472149785 0.2657978951 0.1812763732 0.2073521562 0.2286676849 0.1936502256 0.2677971814 0.2047273753 0.2186943573 0.2034714741 0.1894026757 0.2281800885 0.1937368846 0.2189446326 0.2315378051 0.1730968216 0.2311322553 0.2149780260 0.2498985708 0.2442714220 0.2322299077 0.3475044100 0.4512872287 0.5834514035 0.7624663165 0.8321512203 0.9610880069 0.8912819752 0.8435733883 0.7058425821 0.5166840218 0.4407551048 0.3010948066 0.3069132863 0.2535328439 0.2304697592 0.2172834377 0.2185018624 0.2250970569 0.2398373558 0.2589900437 0.2356926532 0.2147442289 0.2057347594 0.1743028946 0.1845221909 0.2343426853 0.2448260526 0.2018671411 0.1819428086 0.1822981520 0.1710334202 0.2231688596
0.2219052432 0.1849744184 0.1930582418 0.1785557119 0.1596414848 0.1603502350 0.2021612849 0.2104159059 0.1950380365 0.2263293445 0.3093610881 0.4115025139 0.5292491560 0.6701914906 0.7526971647 0.9013751401 0.9287258795 0.8250052594 0.7787444390 0.6440449473 0.4298079282 0.3516478013 0.2837942677 0.2307168542 0.2370782408 0.2054201082 0.1961500582 0.2090647809 0.2258486995 0.2213224474 0.1978452165 0.2192017587 0.2167441018 0.1752811652 0.1876799228 0.1983150226 0.2139203070 0.1999967402 0.1785567982 0.2070998507 0.2094821992 0.1771031895 0.2104608251 0.2170727027 0.2170453998 0.1688983838 0.2280159308 0.2563810052 0.3374566543 0.4424817933 0.6581659685 0.8385870207 0.8708638516 0.9158439289 0.9225650682 0.7726597602 0.6251785580 0.5013278614 0.3672008524 0.3600467541 0.2586077261 0.2633832437 0.1964229067 0.1818515525 0.2324686723 0.1817947131 0.2443174439 0.2153019369 0.1921713073 0.2423380432 0.2336445845 0.2157747364 0.2349035045 0.2525799422 0.1991448906 0.1900790420 0.1779495744 0.2387910617 0.2064412882 0.1931901830 0.2478025850 0.2156348691 0.2300589573 0.2251418526 0.2735186380 0.3427899095 0.4463671734 0.5718910452 0.7537018899 0.8399894197 0.9056908158 0.8721910041 0.8675740261 0.7102480881 0.5337350188 0.4372312136 0.3614658894 0.2803122117 0.2300454225 0.2525593970 0.2570314614 0.2217466985 0.2586610345 0.2442088722 0.2207674633 0.2397157194 0.1860290817 0.2457425339 0.1862430206 0.2238213947 0.1742796003 0.2480557463 0.2231096209 0.1838088879 0.1854853723 0.2249223894 0.2330675796 0.1935135221 0.2074203812 0.2555402132 0.2219288412 0.2808060488 0.3545209035 0.3477241840 0.5165184354 0.6945109916 0.8436757627 0.8909028625 0.9283647772 0.9009249609 0.7926913611 0.6787718300 0.4811504834 0.3852706755 0.3031647177 0.2155289714 0.2032570643 0.2031062470 0.1920007936 0.2746657039 0.1940418654 0.2574780542 0.2241912942 0.2292270718 0.2373622433 0.1916511452 0.1865803628 0.2576064340 0.2347787027 0.1739411538 0.2716588786 0.2023910258 0.2246864715 0.1875474891 0.2367833634 0.2224642719 0.2251361203 0.2102661785 0.2082253942 0.2645927689 0.3814749299 0.4951118186 0.6164643333 0.7300603971 0.8530607771 0.9600195186 0.9114402158 0.8122146710 0.6535219635 0.5344355700 0.4286312834 0.3486726185 0.2631279134 0.2344005027 0.2427369591 0.2095615917 0.2398524779 0.2440048151 0.2078180958 0.1841127266 0.2375978962 0.1964744895 0.2126729490 0.2654246846 0.1988155618 0.1927358132 0.1417120408 0.2205752517 0.2211916285 0.2670295254 0.2368499157 0.2189508236
0.2807417350 0.2144672557 0.1493464114 0.1789340820 0.2582768927 0.2063448497 0.1745641771 0.1670288446 0.2574756694 0.3032336725 0.2588602821 0.3933542519 0.5217983192 0.6823825520 0.8000371512 0.8993756300 0.9146205219 0.8122353323 0.7459089527 0.6151837905 0.4841602518 0.3519395705 0.2613444707 0.2482878749 0.1868215424 0.2010357605 0.2328146048 0.2139455135 0.2019822840 0.2471280204 0.2588615684 0.2590455756 0.2514750364 0.2428156775 0.2190024720 0.2251254960 0.2145633795 0.2029432512 0.2201253116 0.1764266585 0.1884211855 0.2157465368 0.2180714341 0.2174646451 0.2162974848 0.2149286013 0.1942405520 0.3361075007 0.3885735191 0.4715501699 0.6223128627 0.7784644605 0.8660771267 0.9125845651 0.8780624132 0.8089254236 0.6304193532 0.5291873207 0.3640444651 0.3063525580 0.2456613027 0.2804303130 0.1587438759 0.2059266033 0.1954752239 0.2224239552 0.2582569281 0.2074036871 0.1748518906 0.2217943386 0.1900685686 0.2495726560 0.1752042624 0.2307764802 0.1978034058 0.2131276034 0.2126891742 0.1693010100 0.2518016382 0.2063642810 0.1940777365 0.2039678108 0.2585691662 0.2516112218 0.2971711845 0.3648772198 0.4371990893 0.5938366728 0.7192867512 0.8340867065 0.9072023241 0.9534308462 0.7760147625 0.7096833844 0.5999735073 0.4388418004 0.3191111080 0.2769991563 0.2356339935 0.2301247725 0.1831709303 0.2426856403 0.1850200356 0.1853129778 0.2445905281 0.2312437461 0.2656290989 0.2405875285 0.2138828172 0.2332417656 0.1640543165 0.1956137794 0.1916240916 0.2663045653 0.2777951380 0.2163728491 0.1722437476 0.2103087742 0.2133580245 0.1944764985 0.1968403435 0.2448921201 0.2995222267 0.4370351118 0.5385700275 0.6560135137 0.7898947067 0.9217635590 0.9586056760 0.8997623593 0.7947170475 0.6650686381 0.5143232125 0.4479979381 0.3550901312 0.2617603128 0.2264239105 0.2517868537 0.2355911923 0.2367126542 0.2391187007 0.1759947392 0.2308931234 0.2251827203 0.2692741986 0.2806584105 0.2353590156 0.2250277805 0.1958143452 0.1955507955 0.2011151943 0.2528089317 0.1696832783 0.2476259661 0.2109084773 0.2146967332 0.2292081122 0.3095860844 0.2332969831 0.3233854696 0.4034282907 0.5096642877 0.6473911796 0.7717823479 0.9061700743 0.9713719431 0.9312918464 0.8077884411 0.7236386509 0.6138156360 0.4743936835 0.3301037270 0.3154786244 0.3064544700 0.2542104225 0.1908782549 0.2391315607 0.2441101945 0.2170398539 0.1870854725 0.2002015980 0.2499565360 0.2286229165 0.2355243245 0.2421928501 0.2217041345 0.2359914923 0.1760641594 0.2066139389 0.2649131063 0.2552101976 0.2946335323
0.2228247738 0.1800029674 0.1936081904 0.2318734365 0.1793443351 0.2094114886 0.1855756611 0.1971159953 0.2609866032 0.3018718042 0.3036656367 0.3928088671 0.5637788767 0.6762122182 0.8270891782 0.9148660456 0.9270451891 0.8643711995 0.7216982681 0.6186793318 0.4835466319 0.3962386492 0.3012123266 0.2778493254 0.1937825282 0.1781951185 0.1795788542 0.2369789459 0.2717629356 0.2302332866 0.2769723329 0.2100130727 0.1919510911 0.2109618487 0.2268211787 0.2489342221 0.2049760904 0.1912135451 0.1932321905 0.2331087392 0.2367329179 0.1557888015 0.1928486763 0.2299132910 0.1995821465 0.2207296579 0.2773726847 0.3389526603 0.3858641211 0.5057262743 0.6465805908 0.7815928403 0.8618645885 0.9316691908 0.8935656505 0.8041526158 0.6504884960 0.5416451251 0.3878001850 0.3484861702 0.2660489502 0.2430215276 0.2422380940 0.2054020861 0.2286723720 0.2335652521 0.2580887516 0.2183388467 0.2127277200 0.2192750518 0.1908093279 0.1808305043 0.2128225463 0.2665691216 0.2253808278 0.2766536177 0.2123126175 0.1911881741 0.2489032530 0.2522550950 0.2221401970 0.2464509325 0.2436672383 0.2353585605 0.2838930403 0.3327761969 0.4357437021 0.5411434358 0.7955902862 0.8362586304 0.9406942161 0.9167468183 0.8664131813 0.7530069809 0.5772299873 0.4595205670 0.3823578558 0.3006484376 0.2321923868 0.2273574964 0.2781396908 0.2277281607 0.2544447043 0.2447339485 0.2287011271 0.2709227331 0.2004667513 0.2175614700 0.2752808327 0.2517068573 0.2306708727 0.2400691578 0.2107998700 0.2351454583 0.2184517093 0.2250292352 0.2196271633 0.2015704950 0.2074450478 0.2606649467 0.2539165001 0.2626245205 0.3393144344 0.4062387829 0.5484081003 0.6771619004 0.7622509184 0.9510038153 0.9563221455 0.8526937483 0.7277158741 0.6906479517 0.4589597376 0.4091696714 0.3274317494 0.2363258899 0.2089064778 0.2427340691 0.2370186768 0.2449752536 0.2154949331 0.2321991874 0.1927205586 0.2129818701 0.2597361774 0.2293094421 0.2230372239 0.2086337484 0.2440587942 0.2644815254 0.1961382266 0.2527795119 0.2389844711 0.2372429901 0.2691720892 0.1833273105 0.2213838532 0.2769633537 0.2775574103 0.3180854052 0.3793097861 0.4932519909 0.5717680169 0.7839686569 0.9221020120 0.9539090142 0.8835308409 0.8350438870 0.7206304884 0.5790424669 0.4813239973 0.4129876541 0.2969440500 0.2540123474 0.2205616796 0.2459083457 0.2477736946 0.2394195211 0.1852433825 0.1729262647 0.2184553832 0.2594637508 0.1774888508 0.2269094892 0.2152079903 0.2125954224 0.2918761122 0.1979520593 0.2418937298 0.2171234205 0.2164382504 0.2605407144
0.2117266456 0.2328054367 0.2138248348 0.2323644570 0.2454751758 0.1964775235 0.2330928583 0.2734877425 0.2761905463 0.2638235128 0.3473164516 0.4036445145 0.5196499797 0.7178032517 0.7920389258 0.9033127896 0.9441508156 0.8885025773 0.7899836816 0.6233783270 0.4673590788 0.4112782806 0.2904289489 0.2473298599 0.2151770327 0.2300078933 0.2066428601 0.2236433377 0.1481050783 0.2009353316 0.2274250002 0.1827377428 0.2367204670 0.1860343147 0.2504414998 0.2507076245 0.2686045485 0.2616084796 0.2518285694 0.2956542603 0.2246105190 0.1961889176 0.2478876527 0.2356094648 0.2211316396 0.2687485142 0.2309897319 0.3398881137 0.4014654751 0.4900209289 0.6260246239 0.7673052001 0.9434047542 0.9144288501 0.9039454616 0.8527482246 0.7032192756 0.5491023913 0.4571153953 0.3614913125 0.3206044463 0.2495256819 0.1631327431 0.2903398648 0.2453962830 0.2303588157 0.2821471834 0.2508728313 0.2812830798 0.2410966196 0.2181301502 0.1986817543 0.2325961212 0.2367919748 0.2242264373 0.2542484331 0.2684580430 0.2432238406 0.2657454982 0.2386947769 0.2513725414 0.2635359635 0.2201620897 0.2934647913 0.2881628839 0.3505551064 0.5085973750 0.6364899434 0.7399645671 0.8641016114 0.9507879318 0.9376940490 0.8812871311 0.7755623913 0.5980120113 0.4553969971 0.3474614288 0.2723787010 0.2443509547 0.2149136609 0.1972431535 0.2915265104 0.2288995298 0.2181922181 0.2806047791 0.2063112143 0.1945183491 0.2787264856 0.2732581293 0.2095772603 0.2618517208 0.2647401553 0.2102493751 0.2449524327 0.2250251773 0.2323850124 0.2560527944 0.2288723780 0.2451598619 0.2205296339 0.3025765096 0.2718268779 0.2888769184 0.4436217826 0.5400192171 0.7048809076 0.7957268445 0.9156504338 0.9418965723 0.9299636559 0.8529949960 0.6774004730 0.5534655217 0.3654629500 0.2949769222 0.2913823169 0.2859507269 0.1861568060 0.2467559572 0.2402066108 0.2500819622 0.2735819817 0.2039762110 0.2215851474 0.1954656676 0.2233954454 0.2560921644 0.2309839297 0.2227315946 0.2443630662 0.2666600922 0.2745817240 0.2742447368 0.2085406972 0.2419852127 0.2224993641 0.2384071242 0.2669411803 0.3081723705 0.3719689362 0.3997368130 0.5314160382 0.6296672842 0.8226236330 0.8829284492 0.9084652791 0.9397030887 0.8557049271 0.7330631051 0.5772228178 0.4687970901 0.3915960057 0.3021453802 0.2703328769 0.2631106742 0.2359728383 0.2565154275 0.2384460607 0.2185484375 0.2077308130 0.2728587634 0.2433951401 0.2550209405 0.2762041492 0.2632099503 0.1822154059 0.2722495056 0.1860581345 0.2576362237 0.2089189725 0.2247636977 0.2621316732
0.1995406512 0.2230542561 0.2457841321 0.1851383528 0.2826027082 0.2218007793 0.2611316014 0.1904289271 0.2343888193 0.2863415697 0.3420193785 0.4687923103 0.5396998295 0.7268967938 0.8224418153 0.9241547179 0.9291500905 0.9134376418 0.7423218537 0.6237792228 0.5148734332 0.4032279642 0.3163414459 0.2666778375 0.2599051049 0.1919725313 0.2076934565 0.2149848024 0.2761948863 0.2086436542 0.2095666574 0.2144624976 0.2086459623 0.2272557812 0.2151877601 0.2257106681 0.2320534539 0.2583867662 0.2403012298 0.2644957901 0.2275589305 0.1915730593 0.2180593167 0.2105888063 0.1785432137 0.2448374750 0.2775095059 0.3072087892 0.3929834205 0.5455520512 0.6122533632 0.8098282092 0.9256089316 0.9091760482 0.9337224448 0.8082139911 0.6586848883 0.5536122624 0.4079543296 0.3176366837 0.3152366400 0.2340730712 0.2708377461 0.2098660896 0.2359529689 0.2729714612 0.2057508229 0.3082109346 0.1776066376 0.2148340457 0.2210668257 0.2572722873 0.2202142902 0.2419068372 0.2260543292 0.1944673045 0.2598108786 0.2800087262 0.2181721238 0.2383295796 0.2396775759 0.2452398421 0.2506457638 0.2025705810 0.3242029322 0.3642977370 0.4497208687 0.6286561143 0.6977566617 0.8610748808 0.9550448668 0.9186757498 0.8675487735 0.7455353938 0.6252287672 0.4277718146 0.4270834256 0.3137925228 0.2396482026 0.1841722707 0.1775368224 0.2338459760 0.2224048539 0.2096190959 0.2730909733 0.2919405158 0.2471988685 0.2445429870 0.2429563222 0.2322515669 0.2557786050 0.2450145708 0.2501654996 0.2554952374 0.2159553192 0.2244850517 0.2824202355 0.2498418062 0.2217727060 0.1907510895 0.2562503177 0.3276983322 0.3720151871 0.4617894631 0.5578637406 0.6728041714 0.8077779405 0.9584524388 0.9585200925 0.9323430820 0.8028392161 0.6460979931 0.5534913395 0.4147644350 0.3027212974 0.3560457541 0.2954888054 0.2480880084 0.2584040461 0.2328931339 0.1985326084 0.2295298566 0.2156995882 0.2571801537 0.2197759702 0.2419495585 0.2209394254 0.2471921287 0.2539759201 0.2407398122 0.2630767468 0.2890736163 0.2811125021 0.2692253282 0.2690135630 0.2732210912 0.2451993526 0.2160931204 0.3119344956 0.3360002736 0.3930516778 0.4877182851 0.6714283781 0.7921011939 0.9019232808 0.9413561872 0.9672558980 0.9250766765 0.7248667786 0.5903911663 0.4901577408 0.3467399296 0.3395937718 0.2766007691 0.2905689108 0.3068206867 0.2537780878 0.2220795579 0.2791830115 0.2919597952 0.2070585475 0.2451704944 0.2422543535 0.2246290823 0.2515994571 0.2875769946 0.2475302496 0.2496525875 0.2574246854 0.1928678817 0.2856210401 0.1948986176
0.2376067698 0.2597021306 0.2549287531 0.2559047051 0.2352064789 0.2442301836 0.2793363414 0.2660833832 0.2499967520 0.2923989765 0.3224261886 0.4366203375 0.5854872210 0.6257458507 0.8674398347 0.9516430059 0.9515601534 0.8608449145 0.7936626792 0.6628370976 0.4836609270 0.3770243120 0.3043698792 0.2501350075 0.2628053790 0.1668813450 0.2066779661 0.1858399107 0.2191607976 0.2287941349 0.2798224948 0.3041225746 0.2467526714 0.2628521502 0.2037148453 0.2148258947 0.2219763276 0.2066381180 0.2360787220 0.2532699987 0.2157058852 0.2073207477 0.2463525375 0.2864642332 0.2109334823 0.2089450008 0.2184431689 0.3619918830 0.4016929477 0.5547810578 0.6386044666 0.7680900211 0.8726167528 0.9641335047 0.9014655966 0.8286867614 0.6979381969 0.5619445677 0.3771619941 0.3086098723 0.2937319932 0.1990983266 0.2296360507 0.2197728566 0.2250229822 0.2523159247 0.2101024595 0.2290313220 0.2215977438 0.2050313964 0.1980250959 0.2438655308 0.2094483735 0.2627843337 0.2305464228 0.2529411624 0.2716571474 0.2026431346 0.1905801609 0.2154464249 0.2619606544 0.2049162781 0.2402792268 0.2372989235 0.2922840525 0.3651309229 0.4895010611 0.6566869932 0.7108299758 0.8742209198 0.9025680105 0.9333848900 0.8405949474 0.7777420759 0.6129421496 0.4481451222 0.3888956212 0.3404058433 0.2874042381 0.2376469709 0.2055285158 0.2888603074 0.2469542688 0.2333154943 0.2451385373 0.2465309448 0.1847204395 0.2178611217 0.2475580212 0.1979965991 0.1955219973 0.2062732145 0.2094168856 0.2288811971 0.2447670239 0.2442703897 0.2098335283 0.2459648303 0.2810761885 0.2346433498 0.2407581498 0.2944692377 0.3623434589 0.3769299488 0.5503056377 0.7264548520 0.8665102975 0.9546462059 0.9531535318 0.8823997857 0.8022602655 0.6900009134 0.5520536658 0.4245842985 0.3714130028 0.3248685887 0.3260043820 0.2224377549 0.2627622844 0.2326236080 0.2115729247 0.2539584516 0.2468381707 0.2610313632 0.2367348088 0.2239736746 0.2486721906 0.2646569721 0.2453585520 0.2291713572 0.2233158152 0.2528744315 0.2412051455 0.2551495532 0.2596097927 0.2481944866 0.2265262853 0.1804239095 0.2960192740 0.2942766463 0.3777184876 0.5336338871 0.6205170533 0.7795539826 0.9278181233 1.0000000000 0.9286951393 0.8772257988 0.6921298983 0.6522627316 0.4794891658 0.3475441912 0.2860958470 0.3078174830 0.2383656083 0.2558120859 0.2560637594 0.2120981169 0.2522471432 0.2399553172 0.2168808971 0.2469836193 0.1843037344 0.2285322785 0.2673846964 0.2747712789 0.2659488564 0.2867956533 0.2735613193 0.2555052927 0.2528921603 0.2411038452
0.1988008747 0.2062831584 0.1854086191 0.2442535087 0.1880343534 0.2668238001 0.1849663956 0.2049525444 0.2660370732 0.2561258843 0.3166558647 0.4593872055 0.5166689431 0.7077383982 0.8049674405 0.9155444787 0.9511999219 0.8874510854 0.7420206453 0.5928614646 0.5273479318 0.3986407500 0.2675848465 0.2820137578 0.2042842377 0.2844777354 0.2353554716 0.2334429728 0.1694764253 0.1894473949 0.2277319161 0.1883223795 0.2661929697 0.2234118995 0.1896705377 0.1984633391 0.2308359004 0.2367531926 0.1990349872 0.2366609752 0.2796533144 0.2705824668 0.2453530184 0.2300478154 0.2047193799 0.2301168830 0.2260083647 0.3314605097 0.4167861027 0.5031692802 0.6746435960 0.8061481600 0.9052015548 0.9100090852 0.9586074602 0.8301382216 0.7070515015 0.5570130737 0.3838639897 0.3407684449 0.2572368395 0.2735386402 0.2926916392 0.2378337989 0.2319418519 0.2234136429 0.2376209647 0.2367896931 0.2125475794 0.2328209599 0.2232115436 0.2285430851 0.2396462810 0.2055792538 0.2083283754 0.2228200370 0.2484196411 0.1814111054 0.1839903249 0.2149314642 0.2536274643 0.2450470866 0.2445418664 0.2624671912 0.2997929612 0.3284265161 0.4475895614 0.5352255686 0.7551444602 0.9279292930 0.9400554234 0.9413834067 0.8422610996 0.7636395091 0.6309298442 0.4477171024 0.3491986461 0.2971674127 0.3093154839 0.1996697530 0.2800717495 0.2052190104 0.2320788478 0.2459465696 0.2474941991 0.1741114071 0.2493148094 0.1820422154 0.2429832660 0.2832332564 0.2358101088 0.2209323045 0.2195523632 0.2729602632 0.2358586919 0.2279992279 0.2557346126 0.3030017484 0.2317060621 0.2603285263 0.2531452604 0.3282803712 0.3580650514 0.3883278822 0.5500444168 0.6646606577 0.8261929324 0.8916004695 0.9724715066 0.9502709591 0.8204511299 0.7116906189 0.5224385670 0.4101935299 0.3615756252 0.2471743681 0.2479335695 0.2344194746 0.2534715441 0.1973307914 0.2397263551 0.2594195369 0.2412971358 0.2355747317 0.2727214352 0.2346607090 0.2350075049 0.2885780867 0.2294637262 0.2246158186 0.2264493418 0.2294480821 0.2118612810 0.2752105694 0.2682929032 0.2644459225 0.2399112722 0.2523708277 0.2778759451 0.3566803351 0.3830047627 0.4254664148 0.6534484504 0.7575557512 0.9431305723 0.9609553857 0.9013261179 0.8891972118 0.7760472812 0.6641911600 0.4906656713 0.4008084190 0.3090785044 0.2410348248 0.2596095772 0.2563466390 0.2362836653 0.2328081087 0.2090059612 0.2436472901 0.2941774232 0.2498618883 0.2222647366 0.2707218261 0.2582734990 0.2329443149 0.2692638974 0.2313838943 0.2586084266 0.2544148262 0.2952413887 0.2513103326
0.2270385626 0.2403353155 0.2304993451 0.2276808096 0.2236607367 0.1563465549 0.1908868029 0.2482465303 0.2584861666 0.3205777115 0.3666943445 0.4262970154 0.5635368346 0.7044508830 0.8210920983 0.9256442498 0.9935611523 0.9021605654 0.7501720063 0.6124283594 0.5481360728 0.3733803897 0.2663150224 0.2896230691 0.2612463893 0.2407380743 0.2206516592 0.2095693467 0.2012278965 0.2484414191 0.2136395863 0.2458201981 0.2320717699 0.2583284029 0.2314496397 0.2614764115 0.2727160519 0.2446225874 0.2501835966 0.1874641351 0.2029733429 0.2014839407 0.2227306549 0.2289898177 0.2664352716 0.2037144999 0.2857683627 0.3531968894 0.3927948128 0.5148618083 0.6732457811 0.7724810016 0.8379120994 0.9287967005 0.9158343536 0.8084265908 0.6626862753 0.5593967349 0.4131498235 0.3402242418 0.3224975483 0.2530169067 0.2414728297 0.2356088020 0.1890479487 0.2333143178 0.2339099253 0.1799480155 0.2857566309 0.2663612973 0.2149452243 0.1805386530 0.2287844197 0.2155054404 0.2337087458 0.2391464175 0.2062921588 0.2102219620 0.2306192232 0.2834303818 0.2050417742 0.2252947793 0.2223069313 0.2609329040 0.2699356298 0.3767095146 0.4490348975 0.5686951001 0.7244993380 0.8779821182 0.9821317491 0.9379331944 0.8836720491 0.7416068687 0.6120493628 0.4736482780 0.3525933432 0.2813332647 0.2451448742 0.2274905712 0.2850245652 0.2374597401 0.2354576329 0.2248103497 0.2352172783 0.2100781960 0.1561658531 0.2261753856 0.2210878122 0.1913202029 0.2214827448 0.2664433758 0.2213657790 0.2083466614 0.2073125530 0.2325740270 0.2378756202 0.1835539661 0.2663360751 0.2526878808 0.2461458928 0.2576695985 0.3203570229 0.4658853697 0.5024143369 0.6341651116 0.8296084088 0.9048680341 0.9716618001 0.9272713264 0.8148859427 0.6193701298 0.5281918755 0.4684004242 0.2972963619 0.3248756613 0.3346719318 0.2893740553 0.2893142576 0.2716861930 0.2614257201 0.2180489847 0.2851998576 0.1743109803 0.2041340604 0.2333323756 0.2401876740 0.2293041796 0.2283954256 0.2296761959 0.2077583264 0.2115464994 0.1975284749 0.2229811268 0.2012733750 0.2224311053 0.2196561280 0.2461557937 0.3002149831 0.2529351085 0.3639259310 0.5010624204 0.6051809447 0.7580088013 0.9235931127 1.0000000000 0.9424489889 0.8384435140 0.7483721016 0.5916736148 0.4381895188 0.3066640347 0.2797048817 0.2792866373 0.2696215509 0.2556869079 0.2630101926 0.2280532249 0.2523718853 0.2394464510 0.2099977393 0.2092655969 0.2664537340 0.2461130364 0.2303359477 0.2413295019 0.2903764802 0.2480098916 0.1916142776 0.2191604173 0.2494831805 0.2473676593
0.2130384001 0.1834530321 0.2438215700 0.2586234128 0.2586248901 0.2004775449 0.1938259240 0.2420192089 0.2097478526 0.2644107382 0.3120458342 0.4069295050 0.5500360435 0.7142677950 0.8543054157 0.9277656517 0.9344186740 0.8636175267 0.8141403106 0.6325858749 0.4974334581 0.3941489063 0.3057427620 0.2767252652 0.2237726429 0.2112694815 0.2363836115 0.1809361775 0.2062448302 0.2500054816 0.2445370325 0.2287159919 0.2457863220 0.2229853649 0.2174332675 0.2529467400 0.2075368617 0.2293056978 0.2217795625 0.2674503892 0.2448002911 0.1977577666 0.2407035458 0.2158719353 0.2317747474 0.3203329184 0.3156647369 0.2943208448 0.4223327138 0.4844494067 0.6239650177 0.7344447725 0.8759598621 0.9251162752 0.8778947199 0.8568169688 0.6642660656 0.5571102688 0.4002459667 0.3457793128 0.2328581019 0.1825502325 0.2454444184 0.2302015650 0.2126184330 0.2530872931 0.2385345967 0.2388194414 0.2316794414 0.2117595465 0.1993568955 0.2482093574 0.2440330359 0.2560142195 0.2269180447 0.2023133259 0.2493032653 0.1918213609 0.2379791225 0.2759765261 0.2539378338 0.2097996279 0.2106252968 0.2677495659 0.2647121807 0.3999627292 0.4645355505 0.5994525100 0.6867910865 0.8634839895 0.9426768724 0.9351323760 0.8916035559 0.7417331649 0.5659612902 0.4410923478 0.3311318533 0.2867836683 0.2081110985 0.2156157307 0.3067193188 0.2578263193 0.2561838228 0.2581229482 0.2349701881 0.2191358498 0.2071545570 0.2189195391 0.1902583972 0.2357270361 0.1903326983 0.2404637510 0.1949261519 0.2060512031 0.2150070960 0.2376397435 0.3140014864 0.2267405140 0.2488803705 0.2588105738 0.2575418896 0.2917878266 0.2797328266 0.4092976501 0.5040791818 0.6555066131 0.7753942712 0.8649155152 0.9591689961 0.8653144211 0.8210802862 0.6837573759 0.5437069745 0.3481643714 0.3765648008 0.2483081376 0.2342347966 0.2837139962 0.1904073176 0.2197242514 0.2518632489 0.2283989825 0.1976121075 0.2598759450 0.2834503666 0.2555320282 0.2241874894 0.1816375022 0.2593451872 0.2592527802 0.2465986157 0.2297530555 0.2182096974 0.2129338759 0.2430724263 0.2665372317 0.2498988111 0.2812775038 0.3109126607 0.2746112403 0.3848119173 0.4896410480 0.6450255426 0.7152513456 0.9087114231 0.9558631434 0.9792441516 0.8401869942 0.7445918790 0.5670706354 0.4297368827 0.3183809247 0.3081273929 0.2944336083 0.2643141367 0.2060267080 0.2611143158 0.2611238782 0.2404077362 0.2232630348 0.2370934824 0.2291091417 0.2635626092 0.2499248078 0.2405945483 0.2853053594 0.2374991128 0.2879918636 0.2234662711 0.1777919560 0.2319927573 0.1997135968
0.1986247352 0.2401736533 0.2161254774 0.2386578863 0.2661027454 0.2028084570 0.2523540387 0.2061560985 0.2965368558 0.1565784523 0.3397343089 0.3916372353 0.5728565838 0.6514336763 0.8278359179 0.8883268311 0.9601390384 0.9124828017 0.7540858249 0.5778907826 0.4608732612 0.4031488488 0.2512876958 0.2509751734 0.2247326306 0.2181978632 0.2346159292 0.2261093881 0.1908264526 0.1801117433 0.2255614264 0.2197330786 0.2495285965 0.2680300220 0.2161972483 0.2235123858 0.2409270644 0.1829372569 0.1520459963 0.1852716548 0.1694606628 0.1909371227 0.2049886026 0.2636609446 0.2168926101 0.2513987695 0.2572653365 0.3047679171 0.3893371066 0.5432833246 0.6197747185 0.7995841653 0.8659888237 0.9677345348 0.8832603388 0.8253522790 0.6814261154 0.5130642991 0.4347379914 0.3168314015 0.2884653933 0.2794257380 0.2224837584 0.2149214270 0.2059203526 0.1984692830 0.2397171112 0.1831445191 0.2134599870 0.1701036222 0.2687920897 0.1776885309 0.1796049687 0.1913575335 0.2487900948 0.1876722225 0.2556061368 0.1957567730 0.2540728772 0.2400217832 0.2334703468 0.2373745259 0.2288053070 0.2713052741 0.2844683499 0.2938278414 0.4595943943 0.5736437524 0.6736785680 0.8446007560 0.9600501134 0.9321643293 0.8350796402 0.7141255600 0.6172781037 0.4869791053 0.3633858578 0.2737817954 0.2905558770 0.1747484238 0.2677206075 0.1730125048 0.2292196675 0.2448837943 0.2123827446 0.2157723298 0.2384707380 0.2565045433 0.1887887139 0.2503182786 0.2099229039 0.2398019346 0.2097051325 0.2269069008 0.1926528792 0.2066294982 0.2538716556 0.2662009522 0.2313622936 0.2300961869 0.2609652609 0.2996791150 0.2848515393 0.4377491460 0.6272026864 0.6818246573 0.7867152917 0.9150335385 0.9747316702 0.8826574148 0.8082951762 0.6780287284 0.4938980267 0.3887048504 0.2859615522 0.2790545550 0.2263621709 0.2370015101 0.2319966421 0.2459159898 0.2351438767 0.1959064817 0.2423027919 0.2477078987 0.2171386097 0.1841789269 0.2243870174 0.2566772028 0.1791758319 0.1933272174 0.2332820624 0.2119826422 0.2604850198 0.2240546301 0.2484619172 0.2192318034 0.2101116829 0.2629951153 0.2558363915 0.3637877480 0.3579734607 0.4600996832 0.6348368812 0.8026075716 0.8869677430 1.0000000000 0.9718350921 0.8182578722 0.7178723709 0.5856700426 0.4383422679 0.3980698527 0.3481620800 0.2449793013 0.2397790006 0.2033383302 0.1936043536 0.2305526870 0.2508186522 0.2194445630 0.2206352383 0.2276216894 0.2335637001 0.2603035837 0.2314737945 0.2280432215 0.2749524678 0.2854560599 0.1953683576 0.2583532619 0.1885307055 0.2145729958
0.1850445346 0.2220629784 0.1735605927 0.1835264395 0.1252570581 0.2029145038 0.2556357486 0.2494932759 0.2267138090 0.2967795270 0.3540597293 0.3998866302 0.4956906041 0.6961078560 0.8160759662 0.8731323818 0.8809559312 0.8488049051 0.7734374208 0.6386242997 0.4915217073 0.4055232690 0.2893491211 0.2715328446 0.2047899785 0.2509326566 0.1822522370 0.1836697347 0.2627137693 0.1998368140 0.1842905678 0.2361227901 0.2323034550 0.2240323895 0.2383141474 0.1774010645 0.2228299354 0.2277577111 0.1833029162 0.2397337171 0.2250048076 0.2344741524 0.2059071340 0.2321099387 0.2177625449 0.2617320903 0.2695873325 0.2742611297 0.3456813379 0.4953392267 0.6206926121 0.7403396513 0.9126146241 0.9252485325 0.9028720392 0.7747959390 0.6956370272 0.5097450436 0.4003519809 0.3012321454 0.2709492404 0.2591017052 0.2239928524 0.2497418144 0.1305248033 0.2279855862 0.2054102676 0.2503474233 0.2457113922 0.2488881473 0.1944533508 0.1863534639 0.2403306743 0.2160277317 0.1865160048 0.2312601054 0.1665965521 0.2591503133 0.2156168249 0.1816914362 0.1778094183 0.2735073065 0.1974565627 0.1951897764 0.3087731248 0.3577954587 0.4316507121 0.5611593874 0.7217175367 0.8675871253 0.9116333580 0.9025726020 0.8191814705 0.7275048570 0.5832538377 0.4396518823 0.3617314834 0.3119851780 0.2615081105 0.2835610092 0.2051103663 0.2112609149 0.2408083405 0.2563025557 0.2194690812 0.2314097670 0.1978020685 0.2411037450 0.2288689412 0.1508543531 0.1852065836 0.1731147483 0.2369871409 0.2242009844 0.2509547684 0.2133481808 0.2140113687 0.2450260408 0.2418481351 0.2200313892 0.2652342725 0.2750446805 0.3208995442 0.4394807585 0.4781254848 0.6682499864 0.7828975843 0.9339701483 1.0000000000 0.9187447535 0.7734786638 0.6267543964 0.5083177581 0.4132726245 0.2773536322 0.2730793903 0.2030993642 0.2274544976 0.2129153707 0.2467826871 0.2457479679 0.2249246958 0.2017532627 0.1647154906 0.1766523390 0.2298143863 0.2467853505 0.2171152558 0.1929695312 0.2114832727 0.2508697549 0.2772039932 0.2149771547 0.2298303941 0.1799385758 0.1516296207 0.2382224491 0.2120948472 0.2511455811 0.2882843870 0.3961240784 0.4566336084 0.6809980028 0.7913913270 0.8572774324 0.9569087270 0.9552514586 0.8558478347 0.7452008569 0.5954969667 0.4292216410 0.3791518899 0.3207172955 0.2387572136 0.2012644700 0.1836720868 0.1888771649 0.3053990214 0.2448578342 0.1693576579 0.2084827114 0.2544248273 0.2266486018 0.2247490195 0.1797739834 0.2156169885 0.1860003430 0.2862054730 0.2365900977 0.2943259612 0.2162712370 0.2147492900
0.1806045211 0.1722815973 0.2001445680 0.1903415202 0.1873945175 0.2195739416 0.2278606391 0.2179163797 0.2539356253 0.2819603110 0.3441379455 0.4187090295 0.5684275115 0.6830012354 0.8215556473 0.9112670396 0.9349990037 0.8161454534 0.7506013568 0.5898628531 0.4690680996 0.3826266004 0.3053547975 0.1842475179 0.1967422308 0.1641124568 0.2031978976 0.1690510947 0.2150084937 0.1980284808 0.1741007196 0.1869301396 0.2344439169 0.1788214378 0.1891530470 0.2077648278 0.2296625345 0.1719742758 0.2524281295 0.1876951184 0.1733431057 0.2110422415 0.2364065616 0.2351371830 0.2080328507 0.1796383775 0.2341464025 0.2525635290 0.3716691989 0.4617962596 0.5650703345 0.7551743688 0.8928681158 0.9308020871 0.8670551613 0.7478987479 0.6463192224 0.4883508872 0.3767189654 0.3520758364 0.2613730036 0.2525224327 0.2188727705 0.2099218273 0.2044881346 0.2281407608 0.1679841114 0.2416549714 0.2283040454 0.1947859272 0.2026195846 0.2524425587 0.2093041713 0.2264992454 0.2055284748 0.1635645443 0.2329662055 0.2113130273 0.2192869670 0.1989932522 0.2285085689 0.2416672976 0.2348028563 0.1618938672 0.2628992545 0.3638258835 0.4513991881 0.5383076296 0.6868038795 0.8656574096 0.8893622576 0.9262099458 0.8530466833 0.7060764837 0.5577188857 0.4643502441 0.3267716926 0.2518871891 0.2214293431 0.2198393019 0.2050514316 0.1797036392 0.2407622440 0.2361361913 0.1774932624 0.1982499032 0.2916508052 0.1785353266 0.2227312360 0.1781815594 0.1548064165 0.1924397164 0.2320458351 0.2191004860 0.2605447612 0.2273645330 0.1982880318 0.2232079443 0.2255560967 0.1980255963 0.2647772089 0.2396696115 0.3342298664 0.4271929294 0.5124266788 0.6513208958 0.8190416396 0.8757458937 0.9719553348 0.8716092098 0.7935035855 0.7120783582 0.5268677603 0.4271425034 0.2975882000 0.2575404112 0.2655817403 0.1793049305 0.1969488311 0.1925787888 0.1918761395 0.2286175824 0.1635943642 0.2030076169 0.2073067877 0.2760874740 0.2252597559 0.2057371789 0.2067262074 0.2198325799 0.1888505590 0.1882935943 0.1852363959 0.2274391684 0.1787365519 0.2071505982 0.2519299742 0.2483347121 0.2761401366 0.2651055113 0.3479303353 0.4787631760 0.5777841014 0.7567234159 0.8519262435 0.9413772480 0.8670321341 0.7912740778 0.7095063162 0.5965156235 0.4109457682 0.3598761136 0.2891122748 0.2278219294 0.2039533957 0.2870414020 0.2056746188 0.1739535901 0.1957144231 0.1742660551 0.2333876706 0.1793148327 0.2167876481 0.2025173760 0.1628851783 0.2410229232 0.2135788103 0.1972357309 0.2571293112 0.2413702846 0.2144968346 0.2138743470
0.2765133298 0.1214391688 0.2032404881 0.1839701463 0.2096533918 0.1823379246 0.1561014553 0.2143004950 0.2296811206 0.2551912912 0.3199503482 0.4154572594 0.4714301696 0.6474928588 0.7821383179 0.8880518619 0.9103430160 0.8215256035 0.7449124018 0.6152024148 0.4877706968 0.3532760370 0.2771401441 0.1865660414 0.1984560364 0.1763438656 0.1662326742 0.2388382861 0.1760598116 0.1984505142 0.1844792156 0.1737570609 0.2454386985 0.1839598424 0.1702522838 0.2024958631 0.1953692150 0.1666631941 0.2771018485 0.1768342639 0.1829622522 0.2185840652 0.1820392544 0.1952542246 0.2106759887 0.2467692537 0.2735906087 0.2318683451 0.3621540982 0.5226886275 0.6254582136 0.7286481722 0.8563701782 0.9449664414 0.8349676886 0.8157335067 0.6820102706 0.5144464556 0.4303767679 0.2959029676 0.2781798081 0.2686346750 0.1532906645 0.2072497837 0.2195424577 0.2238240732 0.1593784071 0.2126524682 0.2025290401 0.1840751149 0.2084296083 0.1657176096 0.1809168588 0.2076979327 0.1867740841 0.2113657090 0.2286072644 0.2059010286 0.1769214608 0.1961195149 0.1667047209 0.2217180266 0.2319597587 0.2014173136 0.2491598291 0.3633010974 0.4412526593 0.5833371775 0.6928072831 0.8144762423 0.8839083336 0.9200385717 0.8540407166 0.7188800417 0.5189931917 0.4742435126 0.3528874598 0.2333880906 0.2143151635 0.1817450315 0.2214933548 0.2307593927 0.2509533180 0.2008562151 0.1788749411 0.2165538532 0.2195203743 0.2385335793 0.2071415109 0.1869743185 0.2165645257 0.2035283492 0.2198463290 0.2079054981 0.2152023776 0.2003269382 0.2335677650 0.2161184925 0.2648166481 0.1774173298 0.2056120474 0.2591011158 0.3118912107 0.3668897095 0.5044258542 0.6390987446 0.7794247919 0.8970353187 0.9288663802 0.9027312728 0.7532438400 0.5862834004 0.4715192447 0.4150350869 0.3147751932 0.2516181854 0.2155628342 0.1820045737 0.2162439750 0.2368247906 0.1722213167 0.2108794607 0.1929581076 0.1900197673 0.1803674895 0.2259991691 0.2365856719 0.2083726728 0.2205432097 0.2205786445 0.2458411085 0.2475789313 0.2401351692 0.1793035010 0.1747263931 0.2018569505 0.2130811134 0.1886186396 0.2736709583 0.2740809984 0.3518873339 0.4569804747 0.5839247539 0.7438618335 0.8582883634 0.9629303006 0.9125951190 0.8132362961 0.6876444218 0.5663958050 0.4431696062 0.4052632194 0.3290693878 0.2323880398 0.2360274227 0.2254349098 0.2266162321 0.2408674237 0.2726105768 0.2473374093 0.2067166876 0.2353638263 0.1971062725 0.2108552321 0.2259424822 0.2187835842 0.2500371169 0.1989645499 0.2314494170 0.2099843352 0.2224690614 0.1944555535
0.1453445680 0.2048499938 0.1729967393 0.1464687111 0.2105950128 0.1917039757 0.1947809886 0.2038939500 0.2416870946 0.2229367297 0.3138057826 0.4296215154 0.5416518514 0.7062006155 0.7793730738 0.9437757106 0.9338377566 0.8868150441 0.7718430237 0.6166087250 0.4705486764 0.3465019572 0.2903463504 0.1669008257 0.1351407420 0.2241454483 0.1701886269 0.2067586306 0.1722645248 0.1711761699 0.1699921800 0.2048970607 0.2151579239 0.2262121382 0.2046060647 0.1799033324 0.1887765136 0.1911829314 0.2207379647 0.1370628782 0.1866173015 0.2132820678 0.1994800942 0.2126200759 0.1633578638 0.2166495149 0.2462931691 0.3042366321 0.3273607445 0.4724494633 0.5903778741 0.7566245671 0.8868133738 0.8935263820 0.8800169496 0.7777857217 0.6479354410 0.4679461657 0.4093649442 0.3022647118 0.2483241802 0.2259981702 0.2188985650 0.1890922004 0.2178094085 0.1898424929 0.2225703194 0.1500885063 0.2399002273 0.2040513237 0.2136803143 0.1930559548 0.1755765198 0.1293808505 0.1573219350 0.1800279777 0.2007510068 0.2479900631 0.1716504755 0.2169408939 0.2089869410 0.2575600179 0.2169933962 0.2668969296 0.2577850985 0.3424024464 0.4274768232 0.5511423352 0.6909332716 0.8369420596 0.8733065754 0.9564362941 0.8855355399 0.7387236079 0.5949842467 0.4514539938 0.3365761561 0.2747514239 0.2179640354 0.2656136314 0.2364772244 0.2474567582 0.2246449235 0.1930543914 0.1393721869 0.2316772931 0.1713532607 0.1748826128 0.1624574605 0.2235818212 0.2355111776 0.2197813067 0.2094759352 0.1692713341 0.2014973493 0.2422437829 0.2158726721 0.2387502953 0.2389740084 0.2108276968 0.2086189810 0.2847998887 0.2967663708 0.4068475182 0.5211017973 0.6696047352 0.8034105372 0.8958779799 0.9363493181 0.8652527734 0.8064716160 0.6726427913 0.5114761212 0.4019512386 0.2854435091 0.2592373576 0.2299561845 0.2240419735 0.2248392169 0.1908792421 0.2613847770 0.2160530090 0.1696399057 0.2114360872 0.1706993490 0.2172213350 0.2364683071 0.2282974969 0.2086769568 0.2113875720 0.1778784090 0.1802249187 0.2198501691 0.2496289025 0.2081302543 0.2010883580 0.2087801127 0.2153411785 0.2570208400 0.2882290898 0.3983420315 0.4661001106 0.6208937766 0.7203145332 0.8658826377 0.9506734125 0.8867709771 0.8606376166 0.6749736166 0.5423012645 0.4067629297 0.3354485054 0.2555483350 0.1745789982 0.2237037591 0.1650870259 0.1797384178 0.1924781305 0.2335849223 0.2445082243 0.2513732535 0.1317602982 0.1784608930 0.2053546036 0.1615865076 0.2464619369 0.2060485174 0.2497625025 0.2030593102 0.2526165862 0.2084472400 0.1766358009
0.2235386327 0.2207254914 0.1851690091 0.1796572956 0.1671507942 0.1780699483 0.1539363590 0.2250060920 0.2096912059 0.2616446432 0.2659179390 0.4642823593 0.4632374782 0.6524827646 0.8103211117 0.8222394518 0.9282156916 0.8837584621 0.7806868356 0.5986664511 0.4815065667 0.3619128842 0.2685491955 0.2507494157 0.2232705637 0.2304782065 0.1978030672 0.2253659136 0.1594485962 0.1720331240 0.1646466945 0.2263222204 0.1830592852 0.1758591736 0.1947234912 0.2090649564 0.1941121062 0.1610583069 0.1589895891 0.2254003609 0.1969392082 0.1677053769 0.1942900860 0.2522529854 0.1627965478 0.1899811117 0.2056997493 0.2145278196 0.3677514405 0.4877597535 0.5779588839 0.7653415129 0.8496492877 0.9166106246 0.9149551250 0.8573489016 0.6923837140 0.4825613834 0.4124535698 0.2644622161 0.2224496229 0.2563208781 0.2384463656 0.1874768554 0.2157321701 0.1535820776 0.2586498612 0.1817782114 0.2448342835 0.1989510408 0.1751187719 0.1864943815 0.2245463008 0.2087621773 0.2097842554 0.2282357799 0.2674794501 0.1932409335 0.2058885938 0.1937276614 0.1929309633 0.2075781004 0.2252515294 0.1703163855 0.2831625784 0.3036222910 0.4306010471 0.5767425865 0.6561121903 0.7541692393 0.9722753799 0.9157470439 0.7962295532 0.7358121023 0.5311597672 0.4598043377 0.3846449004 0.3087029971 0.2017955248 0.2389917833 0.2159596089 0.2191772238 0.1559337578 0.1804343249 0.1826956496 0.1510138299 0.2467707525 0.2091148653 0.1556856617 0.2434996226 0.2309878803 0.2118198950 0.2264288137 0.1960915623 0.1807882200 0.2462055119 0.1965108692 0.1888217365 0.2546974533 0.1891201449 0.2402437621 0.2472024184 0.3029751942 0.3609028417 0.5223162119 0.6640087854 0.7161998327 0.9094672615 0.9280657456 0.8747753536 0.7703261847 0.6420938999 0.4842102667 0.4043852079 0.2865982892 0.2004331039 0.2344128350 0.1947898414 0.1913774431 0.1984689736 0.1934404332 0.1965248722 0.1827760213 0.2087690150 0.2389945899 0.2108006734 0.2059241274 0.2111532921 0.2370516021 0.1972940987 0.2465730677 0.2481727386 0.2429107446 0.2305461264 0.2388540110 0.2289498485 0.2423066526 0.2953910371 0.3008700591 0.3023470477 0.3129074676 0.4572620003 0.5918181161 0.7560829036 0.8694390889 0.9480582570 0.9224569336 0.8130058163 0.7355221565 0.5694079204 0.4142942318 0.3194298689 0.3067754264 0.2150177626 0.2424958774 0.1715972861 0.2210428378 0.2415949843 0.2126717685 0.2264106893 0.2471055176 0.2291606518 0.2063975204 0.2576966719 0.2309774443 0.2328634436 0.2194492770 0.2368177343 0.2165967469 0.2407784714 0.2333498932 0.1716239616
0.1293084408 0.1982150459 0.2106870983 0.2401396847 0.1330333952 0.1908493084 0.2175166978 0.2097763338 0.2003685331 0.2609631969 0.2892021113 0.4034415689 0.5325124957 0.6972228658 0.7891331828 0.8903709872 0.9142423987 0.8955108932 0.7828611725 0.5856004313 0.4648204531 0.3901253999 0.2821812875 0.2122023658 0.1965002340 0.2011043955 0.1631551435 0.1927266337 0.2467777753 0.2344714426 0.1436069945 0.1964733045 0.2227149867 0.2171479265 0.2026670563 0.1837012130 0.2012233973 0.1918642138 0.2060142950 0.2418697074 0.1824949938 0.2732862931 0.1665853701 0.1906999813 0.1665685054 0.1989589444 0.2341031560 0.3035718887 0.3630169524 0.4350175712 0.6131962162 0.7363137132 0.8970263277 0.8792803003 0.9275928509 0.8344119610 0.6652625572 0.5217786937 0.3239917181 0.3652608029 0.2564848102 0.1894536613 0.1983696853 0.1838594018 0.1792208486 0.2176418111 0.2088039148 0.2094912609 0.1618885827 0.1748171244 0.2350626731 0.1698542225 0.1619213526 0.2148523005 0.2130433917 0.1868975556 0.2167575263 0.2085518782 0.2016801974 0.1899559067 0.1802096805 0.2260817343 0.2163068466 0.2722117033 0.2739091952 0.3292878575 0.4562703790 0.6294509674 0.7075521742 0.8218959662 0.8935309845 0.9470326821 0.8675450025 0.7175813182 0.5970246119 0.4569925242 0.3471888785 0.2705649166 0.2189400013 0.2190193922 0.2123233264 0.1759724669 0.2326583755 0.1891072627 0.1858414735 0.2011672929 0.2073309567 0.2274011866 0.1919124878 0.2225911916 0.1953565006 0.2314540776 0.1760375417 0.1639881792 0.2044889034 0.2218722333 0.1708559574 0.1914943177 0.1506114172 0.2343865070 0.2475677744 0.2363425832 0.3291927654 0.4261230752 0.5025724950 0.6462627378 0.7487185067 0.9215136359 0.9317596487 0.9241154281 0.7416785789 0.6140686610 0.4222605256 0.4398371697 0.3133907332 0.2798824516 0.1899387150 0.1619265614 0.1867050714 0.2207298375 0.2159514760 0.1975650916 0.1965849901 0.1875447397 0.2429856701 0.2475699277 0.1575954299 0.1866140006 0.2395711894 0.2330042422 0.2302229062 0.2388849657 0.2133235655 0.3047147790 0.2394266223 0.2062253861 0.2823951787 0.2624382732 0.2625811834 0.3371168800 0.3152971660 0.5084276820 0.5620180641 0.7193104861 0.8637440300 0.9228958910 0.9292396026 0.8593959618 0.6892296290 0.5864819889 0.3735646375 0.3447122497 0.3300894052 0.1738623079 0.2400207844 0.2614770961 0.1831271386 0.1809751044 0.2158545571 0.1790358907 0.1663247992 0.2116714724 0.1901520215 0.2463503249 0.2400873807 0.1896578360 0.1452512093 0.1808244080 0.2485515796 0.1122290603 0.2368600928 0.2604112851
0.1885763815 0.1973649583 0.1962826044 0.2321545493 0.1908314619 0.2537790942 0.2603559442 0.2471830286 0.2180651862 0.2955489429 0.2528541945 0.3906713284 0.5420303618 0.6942293494 0.7905233610 0.9006593494 0.9399895747 0.8245374597 0.7887078781 0.6327157003 0.5056838574 0.3113009344 0.2869358414 0.2813441320 0.1569383682 0.1993642285 0.2195566353 0.2082302745 0.1897744824 0.1976432680 0.1595625870 0.2198106047 0.2336192789 0.2324169254 0.1909328190 0.2191924485 0.1815457544 0.2303275960 0.2339716656 0.2204524643 0.1564802004 0.2395594726 0.2318652359 0.1755061763 0.2711447308 0.2149781509 0.2784604566 0.2414989017 0.3888599609 0.4598142768 0.6529157305 0.7501847422 0.8761093815 0.8760137758 0.9324202976 0.8257095595 0.6317754222 0.5211830165 0.3951094134 0.3083063125 0.3157311990 0.2045765965 0.1576723403 0.1749893368 0.2212590901 0.1994862774 0.1987954414 0.2122567939 0.2239870091 0.2006348791 0.1645758000 0.2208135946 0.2248977051 0.2236070950 0.2056098392 0.2092591519 0.2156639687 0.2427669090 0.2053277976 0.2476211800 0.1638722027 0.2445848210 0.2459605422 0.2387174312 0.2499808375 0.3045763053 0.4354978893 0.5534010866 0.7098242288 0.8219459372 0.9220932450 0.9265470118 0.8393905494 0.7322324181 0.5754049455 0.4274941564 0.3641495368 0.2645573881 0.2322273517 0.2388708426 0.2306075490 0.1911139283 0.1911101535 0.1797275103 0.2000033387 0.2336856061 0.2040811194 0.2147343940 0.1911623023 0.1816837612 0.2499415573 0.2079480764 0.2249268274 0.1845001992 0.2273515248 0.2016261868 0.2166854234 0.1919725113 0.2301405862 0.1954839966 0.2225757205 0.2274916474 0.3314944522 0.4128905112 0.5311163358 0.6229147377 0.8368453976 0.9493032090 0.9226648279 0.8873605932 0.7610764290 0.6671308132 0.5493397703 0.3942164107 0.3081916811 0.2768173165 0.2061782277 0.2247488329 0.2459061777 0.2393854097 0.2508674082 0.2236963082 0.2040343718 0.2394140709 0.2491294747 0.2209047506 0.2637255645 0.1745512818 0.2097771216 0.2430374452 0.1366287557 0.1833733368 0.2247103112 0.2146306270 0.2197820876 0.2572856551 0.2460546137 0.2298829498 0.3009283446 0.3057898770 0.3596338485 0.5222076079 0.6004699846 0.7372783261 0.8390832718 0.9495573023 0.8696136641 0.8988641247 0.6910966924 0.5276065300 0.4447618554 0.3307124038 0.2508671162 0.2872255618 0.2204838894 0.2425127744 0.2001481566 0.2048564482 0.1796281358 0.2204670263 0.2379338088 0.2484174149 0.2260419234 0.2041174314 0.2432792184 0.2296088073 0.2064442608 0.1904274219 0.2068972392 0.2331612621 0.2079895353 0.2069462561
0.2536689364 0.1844740493 0.1966022181 0.2193717484 0.2332300389 0.2436252568 0.1971266958 0.1896928276 0.2066735573 0.2411064394 0.3308891946 0.4037143742 0.5060877432 0.6881648480 0.7721937895 0.9140257734 0.9004758063 0.8794084148 0.7551820389 0.6005074613 0.4691433634 0.3762038846 0.2655388340 0.2869902488 0.2648150362 0.1956251926 0.2492487067 0.2365348763 0.2357591419 0.1957475543 0.2043552009 0.1999089203 0.2535102976 0.1481877058 0.1531609116 0.2574670899 0.2249680943 0.1694861555 0.2208809770 0.2252691864 0.2099288191 0.2036533751 0.2266529109 0.2005199474 0.2668980261 0.2389295207 0.2643712224 0.2796022827 0.3596996240 0.5538739017 0.6293494592 0.7565240793 0.9046586801 0.9639019063 0.9006903707 0.7943034559 0.6437832364 0.5479145709 0.4273208604 0.3076751550 0.2563623261 0.2450602901 0.2187137944 0.2076219409 0.2395997718 0.2150676966 0.1493438856 0.1963796528 0.1376316009 0.2406594520 0.1923066495 0.2311546116 0.1327690564 0.1791138759 0.2714924288 0.1769456558 0.2477815513 0.2473604397 0.1917496404 0.2237368635 0.1533878901 0.2475475307 0.2145201541 0.2946372147 0.2752557733 0.3682219205 0.4834774558 0.5360736342 0.7114896901 0.8333033025 0.9525699773 0.9011354339 0.8437142201 0.7051924294 0.6564294462 0.4895440359 0.3669120045 0.2871155078 0.2613156769 0.2364206779 0.2226326774 0.2027406508 0.2093909712 0.2190343402 0.2191654448 0.1678220641 0.2669090488 0.2355951960 0.2350216530 0.2184474633 0.2019997088 0.1867059708 0.2096012007 0.2643936935 0.1864359783 0.2159449026 0.2034229203 0.2220851441 0.2311045980 0.1831677443 0.2831853737 0.2754066507 0.3770768956 0.3874797298 0.4778003741 0.6702863459 0.8082908469 0.8986969427 0.9736844293 0.9093057005 0.7805718755 0.6608198293 0.5129239860 0.4098633844 0.3294549676 0.2348600924 0.2779044652 0.2168205570 0.1900892606 0.1958353363 0.2298884490 0.2300276789 0.1664031240 0.2038561554 0.1988595111 0.2248375558 0.2100013757 0.2074623403 0.1898098278 0.1915155923 0.1930593459 0.1894987285 0.1970070443 0.2339222498 0.2700007311 0.2245053846 0.2298040286 0.2455046347 0.3233875927 0.2924431732 0.3705647513 0.4913770684 0.5984530267 0.7355401092 0.9094255368 0.9361073075 1.0000000000 0.8381618784 0.6988544981 0.5229399358 0.4034218952 0.3214323222 0.2951257232 0.2438469576 0.2132715562 0.2399161787 0.1921542076 0.2154049162 0.1998961264 0.1694585019 0.1970735470 0.2110599741 0.2071123851 0.1858325670 0.2196167594 0.2268311580 0.2631101034 0.2591401458 0.2442397053 0.2082768378 0.2325082051 0.2454939544
0.2219826449 0.2166468168 0.2209646833 0.2187637636 0.2196666503 0.1831265098 0.1842347438 0.2017622054 0.2735227921 0.2375120440 0.3520389020 0.4006466951 0.5450437111 0.6868492978 0.8352225093 0.8762649729 0.9625642127 0.8367439688 0.7926527591 0.6084470123 0.4155639148 0.3938356972 0.2664100735 0.3050463783 0.2849030483 0.2408792483 0.2110420779 0.2129707849 0.1966511905 0.2248820302 0.2030600342 0.2256514909 0.1889643724 0.1966407218 0.2174135519 0.2330605057 0.1857017659 0.2034918316 0.2203308519 0.2047288510 0.1939129857 0.2118632064 0.2200414678 0.2097331021 0.1795052810 0.2009655008 0.2986617642 0.3409475452 0.3465313143 0.4927045749 0.6417989540 0.7872405335 0.8814409028 0.9157162732 0.9510774360 0.8430285596 0.6899851870 0.5691625012 0.4079109295 0.3152454021 0.2805960187 0.2404287012 0.2112731074 0.1822103487 0.2299583832 0.2228144626 0.2422064180 0.2079937708 0.2724358147 0.2302478391 0.2483738755 0.2012964934 0.2000439634 0.2114404550 0.2816260332 0.1737839236 0.2233852224 0.2084790865 0.2002605674 0.2625033903 0.2156106298 0.1899008411 0.2323414661 0.1937687136 0.3066039491 0.3665658653 0.4483566603 0.5714838089 0.7478913466 0.8823671833 0.9123222969 0.9352284682 0.8718473283 0.7276547668 0.5616726370 0.4920675021 0.3792214425 0.2901630747 0.2539012318 0.1676701313 0.2028152229 0.1950483450 0.1954911367 0.2187505533 0.2376282620 0.2017078873 0.2561995239 0.2177673920 0.2111988911 0.2272370008 0.1793786363 0.2061183701 0.2319518771 0.2414900442 0.2135848308 0.2482515112 0.2273663918 0.2126053363 0.2402548597 0.1759712743 0.1988537168 0.2985439981 0.3226623122 0.3883941339 0.5334973993 0.7183726764 0.7513823664 0.9238704864 0.9609274078 0.9300680615 0.7959956547 0.6798079938 0.4772174162 0.3572674875 0.2901016107 0.2092250958 0.2832113109 0.2291251306 0.2056413660 0.2140993067 0.2263690929 0.2542133326 0.1797282312 0.2204298775 0.2508071874 0.2417555178 0.1843830303 0.2474484001 0.2313295928 0.1873157673 0.2343925947 0.2253178007 0.2417354457 0.2214706110 0.2851057096 0.2546378364 0.2569460101 0.2277062035 0.2456998810 0.3004137177 0.3748463347 0.4960985978 0.6007054757 0.7482122537 0.8770251229 0.9656641727 0.9264255557 0.8857073537 0.7205054074 0.5907525148 0.4481925963 0.3758531150 0.3231496297 0.2566588313 0.2629910797 0.2483180526 0.2262076123 0.2454356146 0.2076597738 0.2240666620 0.2479252252 0.2436986171 0.2402205671 0.2337555738 0.2181678745 0.2381140730 0.2799103728 0.2112194887 0.2390182000 0.2707484689 0.2718765770 0.2346624963
0.2170420916 0.1989592633 0.2284018295 0.2066348564 0.2135420410 0.2189650929 0.2044128921 0.2362998990 0.2355216672 0.3010843456 0.3543244121 0.4412284067 0.5318317197 0.7377403964 0.8299897806 0.8991419319 0.9925046757 0.8399571033 0.7315599775 0.6843935147 0.5219402120 0.3803717768 0.2964236300 0.2310647636 0.2407383794 0.2570206265 0.2277522003 0.2112693453 0.2176476852 0.2129117087 0.1625083374 0.2291957574 0.2176112868 0.2232693138 0.2172960296 0.2114834846 0.2195791793 0.1947246799 0.1841756155 0.2280661503 0.1850185588 0.2304760554 0.2220447784 0.1674214910 0.2689874949 0.2594536321 0.2994604677 0.3575223516 0.4000127637 0.5030936086 0.6520800664 0.7725648152 0.8618999321 0.9174572519 0.9552522443 0.8407334622 0.6890106594 0.5348301104 0.4023941643 0.3399735379 0.3015156691 0.2430810355 0.2034268138 0.1885151461 0.2345592157 0.2490901245 0.2205321569 0.2521363261 0.1716688115 0.2359294793 0.1906656288 0.2153029036 0.2009315549 0.2897373371 0.2250715071 0.2176532363 0.2231407044 0.2191039758 0.2327719655 0.2726120297 0.2271965649 0.2306369440 0.2793656024 0.2738473014 0.2887915520 0.4041433101 0.4886103338 0.5886701372 0.7567703145 0.8654651677 0.9344841044 0.9047855079 0.9047803533 0.7660376253 0.6309124811 0.4637314973 0.3731747526 0.3421951627 0.2475230393 0.2761432630 0.2599964357 0.2151291599 0.2190815889 0.2276714490 0.2239329504 0.2408390855 0.2467597968 0.2027866637 0.2534889472 0.2084097633 0.2448402046 0.2383131122 0.2729127635 0.2051498291 0.2186174832 0.2225340124 0.2240099926 0.2175150229 0.2437843292 0.2463322157 0.2393950000 0.2712179840 0.3247089379 0.4217468503 0.5155437796 0.6728550134 0.8027975753 0.9699575580 0.9427214565 0.9475202931 0.7955542698 0.6449184974 0.5054918712 0.4281392400 0.2792427447 0.2813216847 0.2386991761 0.2510208805 0.2380197584 0.2207021091 0.2510256571 0.2180590820 0.2325126192 0.2174049961 0.2348945271 0.2296899560 0.2492793815 0.2810695730 0.2499546692 0.2437808896 0.2135563561 0.1887580666 0.2659260349 0.2559580692 0.2529231632 0.1901165542 0.2712907878 0.2480280498 0.2624530983 0.2748667579 0.4324283765 0.4716463222 0.6695348580 0.7076046767 0.8839525460 0.9660700254 0.9059838468 0.8393751609 0.7437320917 0.5891155157 0.4756806892 0.3733294865 0.3104711534 0.2859931001 0.2794230787 0.1751814403 0.2121464906 0.2756729008 0.1839811470 0.2436822956 0.2580541742 0.2465409817 0.2273444047 0.1912139486 0.2120386989 0.2323638748 0.2304290571 0.2575265143 0.2221980157 0.2207660075 0.2726113234 0.2705718308
0.1808965276 0.2113353985 0.2425209184 0.2562184211 0.2263722938 0.2599933852 0.2033235573 0.2976971764 0.2110375220 0.2726262160 0.3394855839 0.4112469491 0.5044214383 0.6790154378 0.8140963795 0.9065558954 0.9046989958 0.9092993205 0.7297239797 0.6288011643 0.4988686515 0.4352071642 0.3045693643 0.2707518372 0.1969183540 0.1921346049 0.2378572913 0.2220870370 0.1642603815 0.2195261019 0.2533566192 0.1997011206 0.1635502991 0.2192405177 0.2043893418 0.2489140061 0.1950798045 0.2594928780 0.2024038992 0.2325164200 0.2512204672 0.2417747072 0.2682936998 0.1997453817 0.2736414909 0.2672405778 0.3059573341 0.3136007752 0.3981683501 0.4776898566 0.6494719548 0.8115803414 0.9124311961 0.9641807242 0.9011320329 0.8394707248 0.6911824363 0.5968779717 0.4391124621 0.3639866116 0.3174059099 0.2996423884 0.2379077146 0.2522647251 0.2410782088 0.2740445228 0.1988415255 0.2380049598 0.2307614008 0.2483983860 0.2094017969 0.2194828360 0.2538069869 0.2338819877 0.2875158872 0.2308568256 0.2395401839 0.2547438444 0.2766024797 0.2383448092 0.2260062940 0.2321330036 0.2727687247 0.2620659278 0.3130407017 0.3776261526 0.4308378452 0.6063980530 0.7713211302 0.8537112788 0.9507561618 0.9313454733 0.8308383919 0.8084763143 0.6267412827 0.5100698936 0.3953561212 0.2894425130 0.2530102421 0.2312029986 0.2411742360 0.2413787656 0.2806808234 0.2526259400 0.2516749578 0.1837679362 0.2610091022 0.2044945784 0.1981245940 0.2393015955 0.1943538646 0.2558454152 0.2538821072 0.1961406794 0.2133451163 0.2340781487 0.2103077068 0.2679607322 0.1959434681 0.2219544254 0.2517538742 0.2459585992 0.3341871033 0.4449808559 0.4962253034 0.6924178015 0.7826961068 0.9408229740 0.9543111931 0.9049498109 0.8469055430 0.6668740022 0.5537980251 0.4246602975 0.3288697612 0.2588962959 0.2583098430 0.2785877655 0.1920626771 0.2597552010 0.2352780957 0.2437499129 0.2109849704 0.1864298070 0.2689452289 0.2452270538 0.2133395032 0.2645106767 0.2477950424 0.2468039694 0.1783327624 0.2166643686 0.2332279364 0.2540786852 0.2490105666 0.1994305726 0.2866718755 0.2622729117 0.3024091862 0.3240345153 0.3582368001 0.4889353192 0.5875519929 0.7767071920 0.8660610405 0.9664442949 0.8766574379 0.8745039442 0.7109437256 0.6358069438 0.4614654669 0.3600175459 0.2740587492 0.2760765179 0.2159674071 0.2783652026 0.1586822250 0.2675780901 0.2466887280 0.2391951875 0.2566493035 0.2438362265 0.2859888419 0.2385438346 0.2306137527 0.2402517236 0.2465155777 0.2208023832 0.2791624027 0.2512695867 0.2070694797 0.2414709717
0.2012249122 0.2276199988 0.1763665355 0.2233479098 0.2508089348 0.2201790242 0.2312789874 0.2045506118 0.2721842425 0.2382951843 0.3415161179 0.4456878609 0.5951837301 0.7538352965 0.8067529387 0.8904958281 0.9746622976 0.9187641084 0.7955911542 0.5831442437 0.5144721852 0.3514145250 0.3146842954 0.2552300380 0.2050677432 0.2846633489 0.2491415017 0.2488808681 0.2224413877 0.2082372127 0.2751557062 0.2365373980 0.2473040170 0.2266044981 0.1997996493 0.2094767043 0.2258378825 0.2064202923 0.1884009171 0.2151104169 0.2411059620 0.2360498185 0.2952978391 0.2638949747 0.2461787873 0.2918785670 0.3090595173 0.3289664889 0.3997889074 0.4754654888 0.6593344922 0.7820445495 0.9165229671 0.8812275387 0.9074762765 0.8310271995 0.6774986669 0.5335151069 0.4414587911 0.3518928275 0.3120610211 0.2455472407 0.2524703081 0.2549768434 0.2514642100 0.2080700738 0.2193211588 0.2224220548 0.2220928468 0.2468378382 0.2163650575 0.2306892516 0.2499363516 0.2255171703 0.2813676530 0.2635842422 0.1833188801 0.2249821087 0.2359657070 0.2173817990 0.2355744117 0.2381942614 0.2325003126 0.2215123146 0.3284548908 0.4072039008 0.4162344704 0.5863621070 0.7357022555 0.8044951769 0.9341591070 0.9646852690 0.8992566267 0.7460266368 0.6399304673 0.4602632504 0.4019720761 0.3244651343 0.2043047611 0.2497487211 0.2642214305 0.1832775335 0.2643157451 0.2626905916 0.2187519833 0.1956483032 0.2003318020 0.2373519340 0.2520172012 0.2437548890 0.3132200875 0.2588384635 0.2226591018 0.2481974161 0.1967031470 0.2246942503 0.2638570535 0.1911985708 0.2852047678 0.2648864856 0.2575044160 0.2689147421 0.3304264555 0.5064279312 0.5400543239 0.6707822069 0.8134638303 0.9106309256 0.9544798218 0.9483124768 0.7949429092 0.6576765956 0.5287831656 0.3797402539 0.3487208010 0.2762630445 0.2580250043 0.2270509625 0.1632203159 0.1687208621 0.2245728864 0.2256303876 0.2295709326 0.2205279063 0.2403842211 0.1985243430 0.2768853571 0.2338424748 0.2224166729 0.2133838830 0.2182016559 0.2847098794 0.2588021645 0.2224656051 0.2431115819 0.2261933518 0.2296810166 0.2008328369 0.3183604711 0.3140048259 0.4129178986 0.4995048496 0.6638652922 0.7870049642 0.9172063227 0.9760988567 0.9152445541 0.8681010789 0.8052523152 0.5407441826 0.4303937531 0.4074452777 0.3426163193 0.2625095747 0.3137047208 0.2213051135 0.2225830962 0.2732350714 0.2378376027 0.2305567513 0.2630877413 0.2778815753 0.2425514045 0.2553721446 0.2576889402 0.2497299024 0.2315838153 0.2308827374 0.2536497886 0.2244607608 0.2017131470 0.2618174892
0.2332246277 0.2484691881 0.2466249350 0.2527969181 0.2378063097 0.2333433413 0.1934944310 0.2771865603 0.2339006341 0.2102800820 0.3246888441 0.4445002148 0.6015300265 0.7358676658 0.7981407835 0.9382792217 0.9324969960 0.9060833567 0.8321525615 0.6290844439 0.5349389304 0.3756097089 0.3045556013 0.1890690459 0.2033478403 0.2068427924 0.2808388563 0.2524179850 0.2163082572 0.2485449932 0.1987256444 0.2551290363 0.2124368038 0.2189024419 0.2276048440 0.2332623721 0.2484031457 0.2352608907 0.2566762999 0.2473164007 0.1870368058 0.2406343210 0.1858618714 0.1813695488 0.2561087130 0.2145805312 0.2488633952 0.3384758339 0.4262079257 0.4981399618 0.6593755584 0.7869764622 0.8984575185 0.9889739438 0.9295601618 0.7838268715 0.6877400069 0.5752026107 0.3893200477 0.3398702490 0.2456618695 0.2634331611 0.2341922821 0.2330617507 0.2322984185 0.2347761363 0.2002587271 0.2343244157 0.2569803717 0.2554542742 0.2452613062 0.2160260923 0.2406663246 0.2653850983 0.2277606335 0.2130063029 0.2477949553 0.2806954902 0.1819933597 0.2455850836 0.2702656800 0.2253784323 0.2698171137 0.2969485282 0.2560601735 0.3593684108 0.4921423323 0.5384861171 0.7291790191 0.8839609510 0.9507110570 0.9485359439 0.8801615602 0.7511456922 0.6120922873 0.5117754958 0.3944722114 0.3865716843 0.3108095820 0.2032469246 0.2194636208 0.2729019971 0.2400289409 0.2785773876 0.2758972620 0.2355632589 0.2055843334 0.1839725986 0.2497485666 0.2606751827 0.2577031237 0.1988966155 0.2507651054 0.2416624248 0.2058326640 0.2010225938 0.2265372707 0.2452835952 0.2550178165 0.2832906867 0.3068668225 0.3190257697 0.3381898094 0.4304277941 0.5397655642 0.7450729446 0.8427056395 0.9253805772 1.0000000000 0.9375349403 0.8519062599 0.6568540976 0.5468992042 0.4365832486 0.3943553300 0.2575874299 0.2549256582 0.2652942159 0.2551269096 0.2560387077 0.2561463454 0.2084193623 0.2742482642 0.2554928113 0.2375978646 0.2343190633 0.2413577957 0.2625160850 0.2141509396 0.2515101186 0.2077541595 0.2187803327 0.2712075799 0.3008639595 0.2550772382 0.2346627074 0.3244710842 0.2648787028 0.2788614699 0.3093778410 0.4327402664 0.5277391608 0.6361471044 0.7674579415 0.9181049771 0.9554554934 0.9708821464 0.8763447352 0.7482931843 0.5830652689 0.4511266319 0.3343216041 0.2984964374 0.2959730436 0.2200719513 0.2666239752 0.2482477676 0.2746787108 0.2893725529 0.2136611052 0.2600280829 0.2717632867 0.2772404557 0.2203629223 0.2349299876 0.2229047083 0.2298940697 0.1936319108 0.1872969116 0.2387502154 0.2557113268 0.3164147688
0.2547106415 0.2446552473 0.2282347246 0.2314054275 0.2138306979 0.2202806429 0.2516874098 0.2216018590 0.2181777412 0.3029001311 0.3665473549 0.4378961311 0.5883009997 0.7145472781 0.8154849360 0.8786576475 0.9198055413 0.9357342334 0.7865689689 0.6612533745 0.4724556948 0.3717201372 0.3368552316 0.3771468972 0.2566474246 0.2771635671 0.1977397837 0.2586164235 0.2092308593 0.1946114935 0.2270994383 0.2238070469 0.2304815915 0.2799507088 0.1882704528 0.2283121914 0.2915490995 0.2496990624 0.2134827155 0.2201004696 0.2048422576 0.2780644809 0.2687740263 0.2457655516 0.2248981842 0.2012522939 0.2795497891 0.2458860555 0.4106154526 0.5228648304 0.6249639107 0.7879350119 0.8861244777 0.9780230278 0.9381705296 0.8007064996 0.7329237776 0.5567491424 0.4063943785 0.3444700117 0.3128169958 0.2158213168 0.2357050394 0.2717451571 0.2078956836 0.2023246871 0.2400807356 0.1673584338 0.1741930237 0.2013521064 0.1915643643 0.2452791599 0.2381183551 0.2229722188 0.2245567609 0.2696464472 0.2399707860 0.2151422620 0.3062099325 0.2722173919 0.1866180124 0.2231364265 0.2178105055 0.2351265192 0.2573577007 0.3554422887 0.4855547862 0.5635385897 0.7505301003 0.8922203426 0.9271279289 0.9750181329 0.9009681127 0.7732805514 0.6098198000 0.4901151863 0.2963030026 0.3293053237 0.3049918149 0.2675524793 0.2493647381 0.2299983200 0.2064042463 0.2828498206 0.2282404032 0.2691587367 0.2243772686 0.1732088707 0.2404787328 0.2187446256 0.2628970697 0.2086408030 0.2674680176 0.2507889541 0.2820814235 0.2102618072 0.2387246271 0.2489021606 0.2390834968 0.2321756575 0.2778417508 0.2680287793 0.3684561587 0.4460039859 0.5347480026 0.6371604030 0.8089182532 0.9215790345 0.9774154166 0.9019746094 0.8112296940 0.6997313414 0.5455577991 0.4471349787 0.3418930609 0.2972581779 0.3023463207 0.2193005536 0.2122476890 0.2386892982 0.2542617725 0.2788355797 0.2418398281 0.2536203056 0.2029661949 0.2268397775 0.2823767804 0.2794409854 0.2825395660 0.2644016501 0.2033336760 0.2565577198 0.2379624597 0.2522348319 0.2719650676 0.2090323344 0.2303957574 0.2756493655 0.2430398017 0.3721786921 0.4488685649 0.4836938049 0.6397512200 0.8222036151 0.8553778215 0.9421127473 0.8996934665 0.8436049156 0.7743377967 0.5741320778 0.4606384145 0.3852444566 0.2985650402 0.3124879609 0.2348844352 0.2111789067 0.2444005560 0.2263703089 0.2723960571 0.2997922278 0.2690707660 0.2753229560 0.2126841053 0.2372117664 0.2266149910 0.2455830364 0.2180565252 0.2561516284 0.2303083162 0.2322169745 0.2226647881 0.2681551772
0.2406344982 0.1894238540 0.1908073659 0.2171707809 0.1956781956 0.1590144303 0.2356389296 0.2443839645 0.2611566257 0.2769676200 0.3560149961 0.4462747626 0.5431634545 0.6665810799 0.8223797532 0.9437687492 0.9344518092 0.8596902595 0.7048092822 0.6232179440 0.4815175186 0.3781482751 0.3008480921 0.2628895374 0.2945591253 0.2901314403 0.1714806005 0.2587809557 0.1939056553 0.1713381538 0.2409319009 0.2032393437 0.1830122996 0.2196308112 0.2037182022 0.2324055139 0.2164123166 0.2264027593 0.2445278965 0.2596417571 0.2092618670 0.2626285465 0.2149609285 0.2228911330 0.2416447907 0.2387800541 0.3184984458 0.3073759719 0.4226929291 0.5200789488 0.6411991860 0.7658082842 0.8326672267 0.9353692808 0.8995214674 0.8210339486 0.6722602339 0.5429216254 0.4336696082 0.3848578594 0.2684641833 0.2405212243 0.2162191227 0.1694356156 0.2329569716 0.2461952692 0.2107775373 0.2456262176 0.2344563277 0.2267177681 0.2177305045 0.2102575386 0.1923519751 0.2264298090 0.2084443098 0.2568473683 0.2095531829 0.2422963496 0.2433531705 0.2587998969 0.2383126413 0.2539554789 0.2086476706 0.2896542518 0.3220972058 0.3618456971 0.5014655841 0.5687630566 0.7470270109 0.9010330828 0.9108617204 0.9719936021 0.8061420104 0.7672015298 0.6217480800 0.4776585809 0.3705534770 0.3167634259 0.2764286288 0.2714540573 0.2549195422 0.2232343710 0.2068494784 0.2291822572 0.2255551652 0.2611134443 0.2133111415 0.2605591033 0.2357547075 0.2170916112 0.1989468753 0.2244872235 0.2113889928 0.2433880863 0.2286469388 0.2473730390 0.2259777085 0.2184854733 0.2472931849 0.2414466672 0.2458235600 0.3097624941 0.3754101608 0.3535724442 0.4875236525 0.6852673263 0.8428074587 0.9758782701 0.9752875082 0.9147853332 0.7998261071 0.6882882268 0.5479431581 0.4626641509 0.3298894696 0.2719605141 0.2938957635 0.2553658550 0.2342070946 0.2500264134 0.2207331763 0.2090393750 0.2424463494 0.2516988597 0.2945559745 0.2300426511 0.1908215292 0.2031406296 0.2297680726 0.2059248429 0.2482396125 0.2531550074 0.2242673437 0.2858755282 0.3370353514 0.2583545900 0.2533820307 0.2746593617 0.2012840434 0.3477446089 0.4187038374 0.4832727412 0.6616499880 0.7747666001 0.9159673716 0.9915937628 0.9777682053 0.8268174451 0.7289948197 0.5720153114 0.4054210166 0.3533922057 0.2960889403 0.2553883949 0.2524325590 0.1962935702 0.2495901562 0.2419564373 0.2600593266 0.2079658993 0.1997815843 0.2420664382 0.2918656285 0.2443615149 0.2690809752 0.2096145071 0.2803984683 0.2980765592 0.2696858635 0.2822743702 0.2764286632 0.2391328341
0.2026044580 0.1910348486 0.2868377985 0.2304078805 0.2186309050 0.2553640776 0.2111539112 0.1877881591 0.2435948303 0.3149401883 0.2914704982 0.3930361983 0.5473697767 0.6749910126 0.8571560053 0.9097789102 0.9931409294 0.8991782043 0.8218916307 0.6412625404 0.4899218163 0.3305643646 0.2658806219 0.2325198395 0.2421415805 0.1714337044 0.2273499415 0.2007985213 0.2265077901 0.2437229869 0.2352545992 0.1906240288 0.2017229664 0.2420074075 0.1883788824 0.1999109879 0.1887714195 0.1845322992 0.1745626181 0.1989919000 0.2330981752 0.1766148302 0.2019342214 0.2203275040 0.2133142855 0.2451744174 0.2770727591 0.3157522324 0.3830510031 0.5257164748 0.6820583240 0.7704256953 0.8670058301 0.9680623574 0.9549019230 0.8053798267 0.7123717896 0.5734640562 0.4366474089 0.3814426463 0.3098086784 0.2799528865 0.2350331594 0.1869702177 0.2335191027 0.2135203575 0.2545524779 0.2082944872 0.2334112548 0.2590744912 0.2765974795 0.2014725649 0.2260342927 0.2042278184 0.1812350910 0.2220199893 0.2132720372 0.2244381596 0.2185869543 0.2085665812 0.2183850038 0.2285978539 0.1822713645 0.2168218552 0.3171544372 0.4014636681 0.4322908155 0.5456206194 0.7734762203 0.8797813217 0.9212223887 0.9169953113 0.8502381409 0.7671871377 0.6087236010 0.4552619311 0.3789877054 0.3139087409 0.2556524754 0.2087927851 0.2582190259 0.2699709526 0.2561025322 0.2681492371 0.2104785691 0.2413467195 0.2099937952 0.2402620276 0.2698608640 0.3058114502 0.2411644256 0.1966824997 0.2482724080 0.2121588411 0.2768133500 0.2232335926 0.1997534247 0.2307187404 0.2700918778 0.2391727112 0.2604378692 0.2777138539 0.3418754465 0.4207303638 0.5091873179 0.6582328113 0.8126775282 0.9444271542 0.9667746552 0.8893280065 0.7863244091 0.6746276063 0.4755329910 0.3899057555 0.2759232971 0.2376131351 0.2876967839 0.2275456304 0.2514411412 0.2463896832 0.2554455290 0.2218179931 0.2753235946 0.2684193193 0.2120109798 0.2106462076 0.2795481333 0.2315826918 0.2459449263 0.2132781456 0.2374941920 0.2981722513 0.2486113141 0.2520571837 0.2783746347 0.2394969726 0.2808608901 0.2357782748 0.2988819940 0.3289042957 0.3611451968 0.4496781490 0.6117572785 0.7469165110 0.9224090153 0.9997418380 0.8970837666 0.8333213487 0.7067549669 0.5523846715 0.4772443548 0.3480833790 0.2693387291 0.2701660504 0.2666535300 0.2629598789 0.3029761186 0.2645444755 0.2523185691 0.2370741428 0.2181332233 0.2170534595 0.2606209485 0.2512602005 0.2492701701 0.2072332294 0.2555659937 0.2283651380 0.2744464758 0.2902656993 0.2849151610 0.2364440386
0.1968876972 0.2043816485 0.1686555994 0.2058826199 0.1851011906 0.2081675159 0.2368402507 0.2575753779 0.2580345525 0.2937052892 0.3296073778 0.4079208972 0.5366276599 0.6264245923 0.8118272270 0.9304901434 0.9085653727 0.8636951997 0.7658230158 0.5827207068 0.4726890409 0.3631172000 0.3260632806 0.2415543824 0.2664719483 0.2035627824 0.2223953481 0.2329380746 0.2348925676 0.2408719730 0.1729196461 0.2182052569 0.1999405168 0.1611926847 0.2338515252 0.2230407322 0.2058946328 0.1784056945 0.2418019043 0.2329436135 0.2455767012 0.2335921740 0.2161335721 0.2239320283 0.2378763102 0.2262499226 0.2443902234 0.2940529768 0.4028701865 0.5333742649 0.6505937544 0.7616698416 0.9179274428 0.9550207874 0.9336863515 0.7975837732 0.6823226186 0.5682837722 0.4143399445 0.3494941163 0.2908490368 0.1842807538 0.2487947451 0.2663781028 0.1963030442 0.2408001075 0.2467594005 0.1729174806 0.2184722783 0.2258048841 0.1868365523 0.2534000737 0.1782781455 0.2234424843 0.2686058879 0.2160731237 0.2092216442 0.2137276820 0.2392264151 0.1994760865 0.2083315521 0.2209690869 0.2655947398 0.2557843993 0.2867844068 0.4138301447 0.4725030573 0.6013136913 0.7272848230 0.7977975895 0.9129745984 0.9569195903 0.8921002966 0.7043053348 0.6282108527 0.4758633167 0.3650097031 0.3169194768 0.2474200567 0.1987661532 0.2613006459 0.2066905573 0.2339174466 0.1894238343 0.2333553013 0.2691680555 0.1985746475 0.2634692469 0.2368576408 0.1943379465 0.1503247220 0.2161084100 0.2354558068 0.2459344216 0.2375101133 0.2107547627 0.1904686391 0.2160741305 0.2202732520 0.2758984221 0.2649482751 0.2645020970 0.3330490385 0.4007779818 0.5364328022 0.6497237072 0.7860562244 0.9229043662 0.9193754307 0.9191384818 0.8073240892 0.6802251043 0.4804738015 0.3926101231 0.3279487116 0.2655900647 0.2706335402 0.2903745280 0.1955095638 0.2208997170 0.2231089889 0.2240059971 0.2464544297 0.2343367642 0.2009866139 0.2033846830 0.3042416240 0.2382465114 0.2303353376 0.2370144873 0.2219848652 0.2634046549 0.2324777900 0.2297374274 0.2644661265 0.2440060438 0.1842068703 0.2323916867 0.2471471842 0.2891724745 0.3802499466 0.4703775345 0.6304305097 0.8010398146 0.8881873981 0.9742114742 0.9230952769 0.8441009807 0.7104168288 0.5847265343 0.4185166176 0.3531180283 0.2638558946 0.2668965209 0.1810257859 0.2429458044 0.2283741879 0.2757593743 0.2646910864 0.2406683791 0.2150982399 0.2052148280 0.2294443141 0.2615656326 0.2233865615 0.2151902379 0.2141515717 0.2366859551 0.2051981773 0.2655351678 0.2017320922 0.1931450152
0.1768152507 0.1783482463 0.2340816193 0.1655186125 0.2029073820 0.2071157733 0.1849017220 0.1880559450 0.2230385496 0.2583535069 0.3250854716 0.3739016585 0.5880361167 0.6672908591 0.8097475752 0.8707175394 0.9075729610 0.8309261758 0.7877082987 0.6129296267 0.4686860371 0.3397841926 0.3267679521 0.2476929059 0.1632543692 0.2432234225 0.1940165559 0.2331862364 0.2332678485 0.1671752532 0.1789139952 0.2352628973 0.1889566883 0.2362233032 0.2157795776 0.2306124203 0.1897472648 0.1965942148 0.2080907241 0.2139815667 0.2275653329 0.2084091348 0.2365903975 0.2268350686 0.2229023135 0.2471996068 0.2584412196 0.3271912323 0.3481212962 0.4851041212 0.6643444804 0.7553502524 0.8866101173 0.9245450755 0.9107945654 0.7887352457 0.7122218019 0.5325378813 0.4348997866 0.3019072191 0.2850500834 0.1978573689 0.2320124048 0.2026447587 0.2056659368 0.2367772945 0.2271610821 0.2073008093 0.1727493649 0.2249040737 0.1674918635 0.2019368057 0.1694468378 0.2098804152 0.1860698812 0.1696606251 0.2507041530 0.2009650444 0.2287608658 0.2146224786 0.2299309273 0.2143395415 0.1956946547 0.2813563124 0.2949393324 0.3702712382 0.4330874281 0.5957978577 0.7509206682 0.8410291805 0.9053207016 0.9722035421 0.8575130037 0.7338984935 0.5670021953 0.4383394846 0.3740757268 0.3214359231 0.2455709032 0.2383301897 0.2350850842 0.1953349914 0.2035776092 0.1719683861 0.2194239521 0.1957492942 0.2367964038 0.2243077666 0.2723363313 0.1968394281 0.2127420565 0.2015699167 0.2359077434 0.1879582004 0.2500470674 0.2016926742 0.1808512399 0.1890039922 0.2518108366 0.2136321178 0.2358099311 0.2851432699 0.3044488960 0.3835587463 0.4656205866 0.5930559376 0.7860311909 0.8958594908 0.9215285410 0.8521392038 0.8092439621 0.6305270001 0.5026182563 0.4040506521 0.3100492866 0.2631781453 0.2179851533 0.2297672804 0.2180219163 0.1967245922 0.2216282711 0.1882607010 0.1955363133 0.1789841777 0.2282864227 0.1774711674 0.2214660033 0.2265964276 0.2191553224 0.2442472640 0.2490024523 0.2547123680 0.1749021023 0.2077586347 0.2179349464 0.1809652526 0.2711395168 0.1872333194 0.2610318107 0.3172449920 0.3337929997 0.4946697810 0.5808261148 0.7142498656 0.8749850372 0.9130838377 0.9562841295 0.8733569416 0.7218805838 0.5472943069 0.4416587595 0.3409454534 0.2771188751 0.2380068302 0.2508954802 0.2348275717 0.2014977759 0.1716971193 0.1965253226 0.1940883316 0.1784076711 0.2069725249 0.2387795970 0.2132688746 0.2292916976 0.2224507985 0.2129998380 0.2214716387 0.2221960395 0.2187768904 0.2106992821 0.2321724382
0.1501205179 0.1396688004 0.1823412091 0.2005777504 0.1941498029 0.2656419579 0.2201748462 0.1905716151 0.2344584371 0.2482053701 0.3952883634 0.3891657962 0.5384657711 0.6338077550 0.8377354890 0.8668026334 0.9227903237 0.8687587407 0.7315300033 0.5951970886 0.5153871520 0.3567326488 0.2922917125 0.2564937248 0.2043359637 0.1838900382 0.1918820672 0.1526491424 0.2257298127 0.1558406292 0.2351636167 0.1911100015 0.1816855761 0.1966353905 0.2340298713 0.2113114836 0.1658522187 0.2067730889 0.2569402612 0.1971332231 0.2109932017 0.1752447923 0.2269627722 0.1801378057 0.2431140351 0.2066382540 0.2415795184 0.3035231011 0.3547277651 0.5084179072 0.6020777831 0.7946128501 0.8154522618 0.8942700238 0.8676099644 0.7831826057 0.6735852642 0.5346703218 0.4424477260 0.2671069404 0.2791461396 0.2377971496 0.1740185919 0.1864388605 0.2081343612 0.1256767189 0.2030042780 0.2454820182 0.1791181372 0.2501968823 0.2120766532 0.2209354542 0.1840902487 0.2517289596 0.1906175426 0.1730813907 0.2518987671 0.2537052477 0.1679580291 0.2275513202 0.2108461120 0.2219993098 0.2151851387 0.2114949165 0.2565607319 0.3240878113 0.4641472850 0.5964326122 0.7077216204 0.8659250400 0.9200722438 0.8830458231 0.8061860572 0.7072474464 0.5241292998 0.4516800321 0.3353062031 0.2884841463 0.2149360122 0.2557862864 0.2119948970 0.1925154715 0.2128550926 0.2004672646 0.2044605403 0.2218128186 0.2067945478 0.2225758552 0.1543235716 0.2137716816 0.2485811009 0.2723636119 0.1884083419 0.2247649016 0.1838105155 0.2365306384 0.2152357103 0.2155288794 0.2159219830 0.1729012737 0.2491916062 0.2420271281 0.2715714379 0.4335122095 0.4987691800 0.7124350595 0.8080686134 0.8646157866 0.9828629135 0.9099909074 0.7724967663 0.5932500472 0.4697578027 0.3913173111 0.2743985250 0.2695973893 0.2509240869 0.2175030314 0.2191662985 0.1860144946 0.1920694900 0.2079147587 0.2035516222 0.2148417583 0.2385779377 0.2598065948 0.1767134658 0.1886136625 0.2608572785 0.1898569634 0.2275370839 0.1874133291 0.1926899892 0.1764161021 0.2336500453 0.2667449320 0.1939418055 0.2345479370 0.2491755560 0.2780635954 0.3147916487 0.4891444912 0.5936031055 0.7137671171 0.8746257754 0.9668418977 0.8949971006 0.8339245209 0.6748242805 0.5554858491 0.4384153132 0.3197372873 0.2736200992 0.2613671351 0.2173438503 0.2249037979 0.1854751998 0.1787257847 0.1955874512 0.1932273250 0.1942088430 0.2180451801 0.2230381562 0.2050256988 0.1934397867 0.2073559746 0.2399540897 0.2344045859 0.2032110244 0.2254548589 0.2292829406 0.2341129494
0.1434553200 0.1983876375 0.2048245845 0.1760486109 0.2330788965 0.2109559638 0.2198148099 0.2442171610 0.1830278808 0.2874886249 0.3782481647 0.4214383870 0.4912804357 0.6617373635 0.8111492755 0.8710695898 0.9063744173 0.8400735384 0.7483843085 0.5980237595 0.4350632338 0.3303475677 0.3003992307 0.2842020188 0.2337179875 0.2132263404 0.2236525557 0.1710762747 0.1752188195 0.1563732759 0.2169194562 0.1706694199 0.2307855278 0.1403077461 0.2030778024 0.2024148997 0.1966319560 0.1806290450 0.2114922014 0.1830009710 0.1584058864 0.1886032841 0.1421305094 0.2195605998 0.1635170801 0.2372551155 0.2114118242 0.2598137363 0.3328794373 0.5275657923 0.5789522175 0.7346314837 0.8750192172 0.9242227876 0.8638631878 0.7860994210 0.6513373230 0.5065429186 0.3981802679 0.2887428215 0.2743920017 0.2600297702 0.1885377874 0.2079724355 0.2215395924 0.2018551236 0.1847839960 0.1717185212 0.2030594280 0.1728399718 0.1751102905 0.2162913988 0.2112880549 0.1953745510 0.2015971866 0.2128765518 0.2200606835 0.2011106100 0.2149489813 0.2222980066 0.2108383464 0.2117011728 0.2330447128 0.2313205984 0.2574941585 0.3148143912 0.3963248598 0.6166024790 0.6978885418 0.7708379619 0.8978043231 0.9564129223 0.8336805680 0.7411957027 0.5933650580 0.4652363641 0.3653025926 0.2248248402 0.2419992235 0.2039015581 0.2076119144 0.2165595711 0.1977833928 0.2358684529 0.2070716085 0.1786518004 0.2183469470 0.1714172086 0.2163691189 0.1545504277 0.2014236502 0.2200363459 0.2099058824 0.2086081814 0.2462525281 0.2027979296 0.1745982535 0.2002156761 0.2084296479 0.2436545294 0.2356600937 0.2658285796 0.3469465852 0.3643475904 0.4881718816 0.6903372578 0.7940273640 0.8973810939 0.8880688356 0.8227677806 0.7152464836 0.6066598205 0.5296480550 0.3886853475 0.2831494735 0.2560553068 0.2336862189 0.2249829371 0.2256617248 0.2289877312 0.2295348248 0.1772743815 0.1685795647 0.2179326819 0.1785025805 0.2103800531 0.2204418598 0.1536706210 0.2266229947 0.1786670659 0.2482405266 0.2181571021 0.1798759702 0.2213212422 0.1979091353 0.2124472906 0.2573406044 0.2577816049 0.2975211226 0.2571762326 0.3664534057 0.4020773242 0.6259752381 0.7667850883 0.8688061925 0.9229130025 0.9572462473 0.8478918375 0.7115417967 0.5134256116 0.4095045184 0.3142240842 0.2710636640 0.1966631110 0.2014916710 0.2246455144 0.1947995202 0.1715865969 0.1865797931 0.1547328023 0.2078451920 0.2435877231 0.2395754979 0.2118647137 0.2689064671 0.2223644617 0.2245458652 0.2312041373 0.2336534924 0.2356219798 0.2146585963 0.1925440329
0.1921588814 0.1618671455 0.2109762574 0.1858326187 0.1719142091 0.2308801909 0.2155776927 0.1701251864 0.2537679135 0.2405900441 0.2676343601 0.4221016188 0.4836666701 0.6504224508 0.7954776458 0.8883821208 0.8813649039 0.8336055369 0.7173432459 0.5947373032 0.4073473532 0.3334407297 0.2447511419 0.2320110579 0.1670025554 0.1961082557 0.1747105857 0.1503817694 0.1695242232 0.2206091718 0.2081766265 0.1694601131 0.1696046890 0.1412231538 0.1626579710 0.1667983455 0.1886455396 0.1777175373 0.2125290312 0.1756065130 0.1934656352 0.2163853611 0.2139681889 0.1382795411 0.1824185123 0.2691009930 0.2079987272 0.2423698875 0.3339752091 0.5066714349 0.6459465730 0.7172108472 0.8584140612 0.9128852795 0.8791076265 0.8033821954 0.6616268786 0.5216652828 0.4133413401 0.3161295068 0.2784333918 0.1879423765 0.1944085127 0.1916502585 0.1403989462 0.1863402356 0.1930232510 0.2000093204 0.1648799654 0.1916284451 0.2009818241 0.1811614346 0.2228470266 0.2025929561 0.1824876929 0.2001023503 0.1734907368 0.2165426196 0.2093545625 0.1802437903 0.1498225765 0.2058050861 0.2096610186 0.1846950208 0.2523093476 0.3732981768 0.4351475218 0.5502268623 0.6612285198 0.8387867077 0.9507163961 0.8653173448 0.7804733349 0.6667751963 0.5907519825 0.4273565576 0.3359942329 0.2148521431 0.2164326687 0.1867041710 0.1844414277 0.1665225551 0.1656421516 0.2196315456 0.1624479211 0.2061980515 0.1931817090 0.1844859609 0.1886655600 0.2176709291 0.2511883049 0.1489260143 0.2414293504 0.2223351270 0.1989085612 0.2169972941 0.1480895880 0.1792123993 0.2125183889 0.2246719229 0.2604840568 0.2725793847 0.2484114828 0.3958560795 0.5231749454 0.6960327227 0.7956458960 0.9061227845 0.8797915317 0.8491831013 0.7653170218 0.6707105004 0.4584448820 0.3961729716 0.3259759821 0.2410373994 0.2470516032 0.1983933577 0.1960288345 0.1493175470 0.2009318093 0.2193651793 0.2429671620 0.1872886013 0.2666992547 0.1858953885 0.1968765297 0.2091878290 0.1792676253 0.1916647942 0.2645016007 0.1885243265 0.1712045713 0.1604041841 0.2147753451 0.2062759831 0.2325286983 0.2540409868 0.2481198588 0.3137708038 0.3647677393 0.4525045744 0.6268536380 0.7417581849 0.8751590390 0.9139185025 0.9175682864 0.8002644568 0.7141537379 0.5600051673 0.4218413226 0.3526301991 0.2079246246 0.2248172712 0.2290634699 0.1893059182 0.1860427085 0.1943343544 0.2042078372 0.2020408395 0.2080572170 0.2037381277 0.2357180594 0.1851866751 0.1867921464 0.2316019928 0.1638000729 0.2324419686 0.1898106164 0.1555059388 0.2112449040 0.2089190219
0.2022710559 0.1538108110 0.1605289717 0.1725583497 0.1881568695 0.2007449709 0.1959310575 0.1683156414 0.2227389841 0.2607503478 0.3073397121 0.3800868154 0.5107731109 0.6514974710 0.7924975369 0.8403403138 0.8820397818 0.8688628200 0.7665934098 0.5824177554 0.4545114814 0.3750898546 0.2345687020 0.2250876992 0.1952791268 0.2213549107 0.2077663615 0.1823826127 0.1853447827 0.2015338840 0.1642885510 0.2005794785 0.2000764329 0.2417931962 0.1670490507 0.2032782321 0.1745677006 0.1970959586 0.1685162980 0.2326663356 0.1775110688 0.2175492609 0.1917249800 0.1732733283 0.1874412070 0.2135956574 0.2735153443 0.2830907794 0.3848769352 0.4272680693 0.5844160733 0.8108130551 0.8333470282 0.9364039891 0.8917291070 0.8065213007 0.6904396169 0.4955162629 0.4538948027 0.2848132157 0.2121607418 0.2346300915 0.2367935623 0.1695316260 0.2058181994 0.2507031230 0.1988235782 0.2157208035 0.1516894870 0.1656255500 0.1754778131 0.1895374198 0.1462440123 0.1666394096 0.1979260815 0.1886250824 0.1910945473 0.2481568818 0.1806182090 0.2063479267 0.1741277962 0.2239699816 0.1583124579 0.2190381268 0.2536165006 0.2971984676 0.3912631227 0.5557586598 0.7554789192 0.8438415040 0.9101678753 0.8848934047 0.8582094187 0.7291174797 0.5551015349 0.4281727812 0.3711754780 0.2403708651 0.2401362627 0.2370615502 0.2034231224 0.2175492132 0.1752603276 0.1945345319 0.1474888696 0.1957798997 0.2228608489 0.1809023045 0.1998862848 0.2085832792 0.1819380163 0.1804617574 0.2021010205 0.2672752465 0.2088852756 0.1896716386 0.2094471481 0.2304328562 0.1733712686 0.2544542049 0.2573853392 0.2166741718 0.2850278804 0.3713586330 0.4874330403 0.6392117867 0.8136326839 0.9276559471 0.9067954743 0.9433607913 0.8469975723 0.6138770768 0.4692915221 0.3688285659 0.2722607219 0.1801875259 0.2242081694 0.2156664133 0.1963593666 0.2185647403 0.2077707018 0.2046178931 0.2149537398 0.1773713401 0.1855284048 0.2321956392 0.1946152486 0.2480383888 0.2090417938 0.1504022303 0.2032436832 0.2071211109 0.1677724448 0.2126254391 0.2346035552 0.1949687384 0.2106217008 0.2190361756 0.2927210728 0.2881045712 0.3549966550 0.4348669638 0.6025870832 0.7219241745 0.8460634592 0.9029329667 0.9118232086 0.7621952926 0.7149075062 0.5450757950 0.4688404958 0.2971423315 0.2587294393 0.2263616388 0.1924805211 0.2247516854 0.1937573484 0.2355769450 0.2592869582 0.2469087785 0.2009044340 0.1580098817 0.2051313826 0.2350580214 0.2428245510 0.1844347145 0.1879867860 0.1454237276 0.2056673488 0.2522587308 0.2301037819 0.1950013296
0.1603557560 0.1601012862 0.1756406091 0.1953437253 0.1977160891 0.1978507970 0.2123963002 0.1884157098 0.1528859428 0.2541853254 0.3195857892 0.4130139917 0.5785105862 0.6873167123 0.7608124920 0.9287669109 0.9656678303 0.8496263584 0.7609427583 0.5535941947 0.4284527981 0.4089653282 0.2875342168 0.2187690089 0.2193362806 0.2138980159 0.1981316120 0.1904860108 0.2106846257 0.2075350378 0.2199549193 0.1963352384 0.1859205975 0.2095899179 0.1650139798 0.1943410539 0.1881163020 0.1545619897 0.2096179929 0.2255369175 0.1872468992 0.1931411233 0.1845789502 0.2270858344 0.2272136392 0.1898812334 0.2420529013 0.2644501473 0.4084543841 0.4707902468 0.5969743066 0.7802406893 0.8864917163 0.9173231799 0.8773240577 0.7706599472 0.6047567361 0.5056569743 0.3927307874 0.3334668325 0.2270157171 0.1732877591 0.1768446631 0.2082210728 0.1568438061 0.2226150642 0.2018296949 0.1473335569 0.1536761359 0.2244064861 0.2099386673 0.2301307168 0.2057223171 0.1723660478 0.1688313567 0.1992159740 0.1959185926 0.1487317053 0.2241074336 0.2240965571 0.1461207321 0.1967382898 0.2453291691 0.2420803747 0.2128747592 0.3049902480 0.4189905263 0.5774850381 0.7073840774 0.8137241602 0.9061085835 0.9415885476 0.8678245645 0.7239976858 0.5885536649 0.4193819036 0.3013864303 0.2649713244 0.2481034543 0.2640132617 0.2194942769 0.1813677772 0.2379891184 0.2061614909 0.2180726932 0.2423050448 0.2040006962 0.2160840417 0.2598213948 0.2203920826 0.1681650379 0.1542297469 0.2156547175 0.2580783882 0.2021224990 0.1959778333 0.1835823418 0.1709884055 0.1945128897 0.1981400983 0.2580545278 0.2700861704 0.3282678652 0.3987353947 0.4610254575 0.6511450677 0.8045683172 0.8868598854 0.9153634082 0.8910252556 0.7720228934 0.6323796716 0.4978308341 0.3367221136 0.3190771949 0.2285705808 0.1933411526 0.2799099886 0.1870741323 0.2297262873 0.1680345867 0.2005031848 0.1995811290 0.1981503243 0.2464804424 0.2036497528 0.2269654053 0.1961795011 0.2235617512 0.2252964367 0.2015606254 0.1938763423 0.1998350796 0.2015547115 0.2723478572 0.2066360598 0.2491165986 0.2799920411 0.2469352389 0.3125641883 0.4020592516 0.4318247260 0.5671455589 0.7112718963 0.8566142852 0.8870332642 0.9307819351 0.8141556396 0.7741833309 0.5398791245 0.4165228411 0.3784170342 0.2500346599 0.1987460890 0.1928601423 0.1839353646 0.1800614088 0.2177351243 0.2607439246 0.1672878552 0.2344384349 0.2339388554 0.2666584869 0.2217042241 0.2697531100 0.1891952225 0.1695621496 0.2313105316 0.2438313693 0.1691481075 0.1955267642 0.2397635433
0.2061295982 0.1609569598 0.1929629337 0.1405168926 0.2143747383 0.2055914632 0.2132878298 0.2092589133 0.2354790723 0.2853510441 0.2739573770 0.4017693094 0.5799826144 0.6163789137 0.7917879191 0.9006601766 0.9012074440 0.8619041311 0.7814420144 0.6122000806 0.4933440845 0.3698612047 0.2691388463 0.2219476156 0.2114862610 0.2215018676 0.1789179166 0.1612495750 0.2245868036 0.2123349731 0.1658788479 0.1962768850 0.1960840039 0.2187532393 0.1466499816 0.1826377474 0.2153320425 0.2378519408 0.1512472575 0.2140669748 0.1965438005 0.1841579441 0.2386848178 0.2274177675 0.2641139810 0.2692593276 0.2573249497 0.3192833699 0.3502928267 0.4710864603 0.6428741412 0.7571113599 0.8737973225 0.9833583281 0.9097823091 0.8416167996 0.6492352675 0.4700937575 0.4109178153 0.2663633881 0.2518437805 0.2153631724 0.2026507114 0.1451927239 0.2723382707 0.1539970743 0.1651839660 0.2017575550 0.2230400336 0.2149557492 0.1913915328 0.2128923890 0.2119729075 0.2450817467 0.2235750580 0.2077476582 0.2032146826 0.2368549460 0.1913664839 0.2510611268 0.2217057208 0.1712722102 0.1958491355 0.2619315040 0.3160334619 0.3304096483 0.4076951947 0.5771242680 0.6926242902 0.8499017655 0.9313475304 0.9286769173 0.8704631266 0.7437020259 0.5626786003 0.4368834205 0.3232612869 0.2723425845 0.2103941524 0.2231718667 0.1857492468 0.2049197054 0.1335902351 0.1899731142 0.2503344067 0.2214355738 0.2535684099 0.2361033847 0.1686851461 0.2114404999 0.2062932194 0.2378883645 0.1921542875 0.2217145849 0.1880804101 0.1749610517 0.2357445411 0.2393301496 0.2545782844 0.2322858453 0.2118648439 0.2487645700 0.3416558850 0.3591484529 0.4751529761 0.6414144377 0.7635510204 0.8760117466 0.9443415963 0.8690593489 0.7808739716 0.6918804357 0.5221649480 0.4196429079 0.2760767296 0.2673049252 0.2327459811 0.2666331677 0.2643291145 0.2260161815 0.2146309918 0.2240702640 0.2024449755 0.1529111859 0.1689145028 0.1895126668 0.1911597910 0.2631917887 0.2510771728 0.2319108689 0.2430121473 0.2171149931 0.2404821594 0.1788941154 0.2333213353 0.2154300410 0.2039878191 0.2025406094 0.2498324517 0.2903085812 0.3926500624 0.4116547584 0.6078349108 0.7579457598 0.8251329740 0.9506629842 0.8831389836 0.8539590160 0.6960037839 0.5738524701 0.4810744442 0.3817545560 0.2715406280 0.2740573937 0.2104516561 0.1792419559 0.2216434412 0.2461309926 0.2248421900 0.2436402078 0.2046124536 0.2166815708 0.2265385039 0.1787892136 0.1464963826 0.2339125862 0.2103595098 0.1962173748 0.3141116542 0.2195705273 0.2027777974 0.2193537223
0.2613991045 0.1409453753 0.1911093303 0.1912523124 0.2078502645 0.1657841106 0.1357763223 0.2008539240 0.2252137536 0.2622477295 0.3483345268 0.3822031437 0.5668217016 0.7119472462 0.8126962058 0.8988011554 0.9247852588 0.8526195459 0.7765658032 0.5798201839 0.4129924409 0.3736761746 0.2628328019 0.2189661112 0.2404747085 0.1996782485 0.2354204840 0.2120178246 0.1970763767 0.1803690673 0.2132085999 0.2247008130 0.2327473992 0.2117150338 0.1613525569 0.2354079390 0.2280719169 0.2095251709 0.1843826996 0.2207895270 0.1936345609 0.1808909352 0.1655179719 0.2107286276 0.1719454454 0.2102722809 0.2397807012 0.2891391502 0.3620472030 0.4119308501 0.6257624738 0.7513124459 0.8787936891 0.9199151963 0.9247923387 0.8228636205 0.6457783651 0.5549155222 0.4225876744 0.2954914037 0.2383692509 0.1768779793 0.2328277553 0.2182268749 0.1862753086 0.1873509715 0.1888424675 0.2233346794 0.2034802298 0.1909353450 0.2152897059 0.2186824473 0.2403884628 0.2092826041 0.2693407230 0.2376607880 0.2624106118 0.1807605582 0.1773091154 0.1809021312 0.2655753211 0.2047985765 0.1936449105 0.2091768140 0.2702772977 0.3643366493 0.4683423336 0.5557768798 0.7174920890 0.8771265018 0.9469583585 0.9647742985 0.8576779910 0.7285739793 0.5738953120 0.4310686295 0.3480621097 0.3140796838 0.2812872866 0.2292492601 0.2225208668 0.2162509081 0.2329207265 0.2110137419 0.2151970413 0.2158196145 0.2218851379 0.1785224600 0.2306298618 0.1499989230 0.1711639756 0.2026337540 0.2754275599 0.1911313154 0.2391607720 0.2014068447 0.2321177000 0.2146580676 0.2288759489 0.2310119711 0.2593950381 0.2300040592 0.2602459484 0.4293866291 0.5346048059 0.6464909058 0.8033384410 0.8939928745 0.9006919421 0.8876307180 0.8153384387 0.6511478600 0.5381819950 0.3903004807 0.3167828513 0.2596088821 0.2695325201 0.2015719143 0.2565886616 0.2146756227 0.2130204068 0.2173062087 0.1775293138 0.1941051151 0.2035709335 0.2364983278 0.2431366002 0.2535562195 0.1962669286 0.2734822837 0.2347799918 0.1986380452 0.2353803667 0.2112637991 0.1827480445 0.2024006300 0.2588404826 0.2040087989 0.2651023681 0.2908428665 0.3623674295 0.4264669671 0.6763492640 0.7351599018 0.8464896817 0.9516411159 0.8857458605 0.8786103058 0.7364853435 0.5704798066 0.4246875616 0.3306836129 0.2895396435 0.2621742417 0.2451865800 0.2406277178 0.2189186086 0.2686393026 0.2291016711 0.2425529639 0.2066116310 0.2199703971 0.1835326589 0.2055554652 0.1989739452 0.2441739930 0.2306328089 0.2056466008 0.1969141715 0.2749406853 0.1987516228 0.2157760625
0.1846889831 0.1834760219 0.2077046110 0.2081920485 0.2219766841 0.2305514172 0.2145456324 0.2599208361 0.2632927229 0.2749163263 0.3361776378 0.4336553529 0.5418621654 0.6912517103 0.8708193731 0.9003553547 0.9047815116 0.8475926497 0.7518624325 0.5877127938 0.4594028430 0.3789375765 0.2797819975 0.2706325202 0.1834351115 0.2251425187 0.2368195480 0.2003170152 0.1974384516 0.2211528691 0.2246421445 0.1795564627 0.2701414119 0.1958930194 0.2313476335 0.2232465428 0.2119252209 0.2417763196 0.1875636102 0.2140759013 0.1959201617 0.2511980149 0.1918375350 0.2172673905 0.2032634023 0.2573068117 0.2691631790 0.3079404934 0.3358007095 0.5015985443 0.6084795847 0.7158693044 0.8864758017 0.9265343293 0.8815846007 0.8275484896 0.6833070892 0.4832119606 0.4271644896 0.3552301859 0.2861514400 0.2453718293 0.2212434310 0.2181748217 0.2551849495 0.2295085673 0.2401546448 0.1930305776 0.2448166200 0.2109969701 0.1961964500 0.2353860456 0.1757101002 0.1839049847 0.1646440355 0.2104963552 0.2381291656 0.2283251084 0.2116700684 0.2315846544 0.2629528746 0.2083520348 0.2101225275 0.2866650884 0.2860953924 0.3475182186 0.4794214391 0.5973389256 0.6920809043 0.8227447232 0.9531583719 0.9372904454 0.8476135845 0.6823296583 0.5587134470 0.4707646744 0.3710262098 0.2701483173 0.2096805168 0.2609732273 0.2318380194 0.2425421745 0.2417420429 0.2217837799 0.1971667624 0.2427562424 0.2145363086 0.1925730997 0.2682448999 0.1882789798 0.1959905436 0.1859060281 0.2701659015 0.2015660717 0.2106889275 0.2160420110 0.2262490434 0.2487478995 0.1829251622 0.2182683640 0.2515897195 0.2698337806 0.3335768489 0.4062804230 0.5496618008 0.6311141125 0.7733433960 0.8922082723 0.9077418962 0.8456798812 0.8500621154 0.6510466951 0.4878464040 0.4064622074 0.3550335439 0.2687467283 0.3018533682 0.2286453558 0.2323304617 0.2154488990 0.2116980721 0.1766955148 0.2582727385 0.2041937755 0.2531282598 0.2116428774 0.2173970361 0.2172070358 0.2792139660 0.2045975953 0.2515925484 0.2130395970 0.2540643489 0.2354335809 0.2283832192 0.1971550577 0.1852670569 0.2645489470 0.2749838437 0.3353660603 0.4165893584 0.4311922524 0.6331296085 0.7743819001 0.8644291573 0.9244321200 0.9129888558 0.8126729651 0.7555056386 0.5626104369 0.4233962671 0.2956630493 0.2871974651 0.2237412548 0.2181026600 0.2223227654 0.2167862501 0.1980203511 0.2265287470 0.2390360774 0.2481055385 0.2439606698 0.1785272607 0.2294614139 0.1709842369 0.1831328189 0.2076329868 0.2208021289 0.2019898584 0.2404470630 0.1699789249 0.2449935888
0.2041618487 0.2335428723 0.2317693478 0.1618956131 0.2866069091 0.2230841967 0.2332164076 0.1817007963 0.2174749065 0.2770927502 0.3293027355 0.4111613662 0.5329975102 0.6614974495 0.8546160355 0.9129104047 0.9620751296 0.9012661203 0.7951907162 0.6497110642 0.5016742462 0.3540774342 0.2871084925 0.2631288876 0.1976478779 0.2153934122 0.1314177439 0.1882559234 0.2226585819 0.2429089619 0.2327715819 0.2067854865 0.2379417632 0.2195634512 0.1755375598 0.2466189227 0.2099115559 0.2198563379 0.2412374767 0.1977216378 0.1631093862 0.1896612504 0.1901002910 0.2067353093 0.2150722727 0.2445723767 0.3246537668 0.2801836247 0.3563529019 0.5453487945 0.6651364998 0.7944372431 0.8739036956 0.9377547127 0.9474814746 0.8150327732 0.6946805081 0.5208203870 0.4276667464 0.3574735570 0.2621519722 0.2515936486 0.2672699406 0.2097548624 0.2467686141 0.1273292334 0.3014631033 0.2711369149 0.1905438358 0.2126778227 0.2185379074 0.2590574664 0.1613212391 0.2146678060 0.2567477827 0.2247102808 0.2163898471 0.2059631028 0.2198370041 0.2436471477 0.2660979372 0.2552047465 0.1384411405 0.2892818994 0.2852629792 0.3695547383 0.4169777575 0.5686847371 0.7883021721 0.8703682863 0.9224701489 0.9710472804 0.8426381940 0.7603968643 0.6197773851 0.4439708474 0.3555623454 0.3005039764 0.2572765213 0.2279168536 0.2421840901 0.2360420060 0.2315890408 0.1952694658 0.2427215442 0.1802259702 0.2190979890 0.1593834208 0.1814013187 0.2060837885 0.1461152958 0.2116895131 0.2489343927 0.1993740618 0.2445837219 0.1985970886 0.2074129751 0.2120617749 0.2096970845 0.2242270696 0.2657249413 0.2773783662 0.3756039970 0.3087465431 0.5511986444 0.7010493748 0.8327891191 0.8925488961 0.9437442477 0.9179926543 0.7898183597 0.6694973131 0.5002336753 0.4323787991 0.2927307425 0.3336578618 0.2734365601 0.2670729446 0.2133031735 0.2371479293 0.2469778585 0.1997668675 0.2387879986 0.2796106788 0.2320542605 0.2462958995 0.2291635314 0.2194669466 0.2369276440 0.1619248867 0.2090247612 0.2301963956 0.2100574591 0.2077689199 0.2551920746 0.1867840200 0.2201543485 0.2250368949 0.2539725854 0.2725982589 0.3708853457 0.4599619394 0.6338635857 0.7000806430 0.9120282769 0.9619616269 0.9456157454 0.9002469327 0.7764502051 0.6059253233 0.4446230934 0.3353183115 0.2476441055 0.2467551012 0.2593053174 0.2014628045 0.2209975074 0.2595857585 0.1952022572 0.2345376811 0.2328819456 0.2420500382 0.2763152079 0.2324529058 0.1666061067 0.2221730573 0.2428328512 0.2455338650 0.2165470622 0.2041820896 0.2251265835 0.2442879126
0.2066444532 0.1520786712 0.2196104988 0.2564012588 0.1729150343 0.1872283490 0.1639350521 0.2547091407 0.2322076202 0.2658798825 0.3475022036 0.4592965236 0.5840595235 0.6790503520 0.8258708641 0.9019142748 0.9714363702 0.8984339070 0.7874038488 0.6214067967 0.4617398469 0.3687126999 0.3209545778 0.2693438272 0.2179525410 0.1762282583 0.2009419928 0.1636943965 0.1836831931 0.1778211940 0.2581171318 0.1957624483 0.1722825214 0.1969788932 0.1815260169 0.2195575915 0.2466225652 0.2353826903 0.2370327196 0.1868363372 0.1838790499 0.2110447630 0.2687467994 0.2252288308 0.2524101714 0.2583200793 0.2523827963 0.2816112416 0.4213658642 0.5610947439 0.6108851187 0.7153568411 0.9324861425 0.9558965067 0.9268611477 0.8485584325 0.6747079981 0.5422477038 0.4537085204 0.3388382474 0.2631536530 0.2204744782 0.2543484644 0.2355790757 0.2055345002 0.2290060342 0.2016121080 0.2407070187 0.1619141640 0.2139777725 0.2150221335 0.2141815775 0.1788474847 0.2360142040 0.2233972099 0.2270296538 0.2142965765 0.2341154536 0.2569877546 0.2914936626 0.2403541636 0.2027366535 0.2407082811 0.2891132604 0.2915492105 0.3225616480 0.4324584111 0.6174014218 0.7326159430 0.8964368548 0.9403284187 0.9568526780 0.8850397681 0.7335251309 0.6491849722 0.4976913104 0.3418021724 0.3089846491 0.2976165472 0.1955831052 0.2310859465 0.1901989037 0.1914591718 0.1993836464 0.2102320694 0.2884629857 0.2250577582 0.2181594794 0.2121218599 0.2345741386 0.1823527263 0.2546090472 0.2564634993 0.2326917829 0.2756519071 0.1765152697 0.2246931730 0.2795556000 0.2245437203 0.2299471998 0.2579176384 0.2818495092 0.3796396648 0.4244690545 0.5185994691 0.6503743901 0.7931432383 0.9306866965 0.9308002132 0.8622632706 0.8433258539 0.6295665494 0.4875530232 0.3270983486 0.3133159059 0.2842118330 0.2706601585 0.2810121258 0.2079372780 0.2301407250 0.2006710061 0.2275021019 0.1750296302 0.1622389437 0.2521031044 0.3093565425 0.1957201124 0.2655716619 0.2065264570 0.1885880809 0.2512790498 0.2152862584 0.2422172226 0.2217481001 0.2859893000 0.2491325893 0.1986322524 0.2796758067 0.2633344659 0.3242380046 0.3983556899 0.4772827940 0.6233327278 0.7547417684 0.8974387680 0.9495562421 0.9685979741 0.8610034201 0.7433244368 0.5127357326 0.4046680696 0.4036598646 0.3555593684 0.2348158152 0.2473925512 0.2343248703 0.2125346115 0.2474957658 0.2233189735 0.2114361404 0.2147310939 0.1938656215 0.2475425696 0.2597627492 0.2694073039 0.2450525549 0.2187242574 0.2191082280 0.2446743154 0.2468751790 0.2613514374 0.1974982233
0.1914458376 0.1718534595 0.2159225384 0.1702733107 0.2078847919 0.1774049400 0.2433809973 0.2585075136 0.2149988189 0.2659590536 0.3288451824 0.4397499178 0.5868513083 0.6882849552 0.8033171591 0.9193867347 0.9351198798 0.8823093939 0.7996218368 0.6176475288 0.5093743608 0.3609105388 0.3097131422 0.2274472765 0.2451011402 0.2162234841 0.2178590958 0.2499419903 0.2371089026 0.2746150308 0.2124816349 0.2189927697 0.2020283758 0.1908518873 0.2540244982 0.2166815217 0.1884717918 0.2256482768 0.1635600815 0.1830301059 0.2343438091 0.2113061372 0.2223514367 0.2161673087 0.1991435169 0.2199260830 0.2646196836 0.2788060316 0.3723877486 0.5026108357 0.6824792656 0.8170558225 0.8935422110 0.9855973407 0.8870373724 0.8372085938 0.6699489925 0.5568269324 0.4531038772 0.3327626580 0.2402967882 0.2591415350 0.1946633214 0.2066387163 0.2205341722 0.2232218741 0.2403731580 0.2136853475 0.1706873963 0.2317840901 0.2106052273 0.2406700832 0.2223487597 0.1980810119 0.2347237817 0.2422717606 0.2225256448 0.2186480626 0.1932209641 0.2189408895 0.1976916482 0.2082616689 0.2613425494 0.2389485567 0.2825046755 0.2959596216 0.4651277026 0.5415759171 0.7044180278 0.8870388867 0.9399550021 0.8933992860 0.8793506802 0.7461932219 0.6044235057 0.4710099074 0.3645744446 0.3074387791 0.2714980382 0.2453267895 0.2256400563 0.2376092475 0.2400665744 0.2052818131 0.2581127678 0.2166383185 0.2932762629 0.2097880460 0.2875412060 0.2727393150 0.2638783768 0.2159473370 0.2305512774 0.3033349607 0.2193146194 0.2722743228 0.2205383735 0.2593713519 0.2371004321 0.2398767384 0.2387617209 0.2497575268 0.3044719055 0.4087870112 0.5513403185 0.6456223948 0.8412436524 0.8938113157 0.9691857590 0.9122647945 0.7520529108 0.6864233128 0.5513915851 0.4160849546 0.3111741804 0.2504545928 0.2579186561 0.2332191601 0.2555434219 0.3070819584 0.2250810987 0.2357461657 0.2450391733 0.2575711426 0.2132691901 0.1997852561 0.2624654176 0.2258879182 0.2415465394 0.2240591889 0.2223889806 0.2527817596 0.2250121025 0.2717971539 0.2557654659 0.2620462698 0.2407711491 0.1956958231 0.2918185135 0.3088841342 0.3708907502 0.4706151932 0.6538795144 0.7769663230 0.8650590447 0.9639323652 0.8760114339 0.8637205228 0.7447142336 0.6341761048 0.4932297099 0.3696760820 0.3392265092 0.2511270233 0.2216303701 0.2284412252 0.2037392626 0.2092094884 0.2569029951 0.2186281004 0.2420264007 0.2285623576 0.2648723442 0.2246171802 0.2274734982 0.2123565481 0.2259261280 0.2427660297 0.2474533482 0.2349598135 0.2529568582 0.2240096629
0.1833830541 0.2462171008 0.1620004389 0.2562999257 0.1971685036 0.1787014430 0.1909772136 0.2376551066 0.1991059013 0.2877313927 0.3349826199 0.4566766002 0.5243468522 0.7428943202 0.8788840459 0.9145910182 0.9487110946 0.8908297176 0.7840404757 0.6457302512 0.4593793588 0.3914859054 0.2686626212 0.2520341852 0.2181952914 0.2393600087 0.2095600324 0.2836843673 0.2187678977 0.2100561603 0.1989053610 0.2553789522 0.1912574092 0.2492264067 0.2032939578 0.2035732637 0.2516543913 0.2433080112 0.2242905124 0.2676792483 0.2332220383 0.1769180092 0.2523130623 0.2676835037 0.2814983105 0.2260453889 0.2989786317 0.3724411209 0.3796469609 0.5402278572 0.6580968774 0.7510548147 0.8299207664 0.9807465060 0.9102467548 0.8612240395 0.6600522120 0.5612146139 0.4021318774 0.3296494012 0.2806685239 0.2506303581 0.2418718947 0.2296471450 0.2648880287 0.2414964644 0.2366880925 0.2721002451 0.2185997999 0.2131470762 0.2339289529 0.1957423815 0.2539225586 0.2170950314 0.2448972088 0.2396542360 0.1817515342 0.2325195188 0.2516675638 0.2293397279 0.2615351534 0.2503156719 0.2337757720 0.2722400449 0.3100654880 0.3545214992 0.4275331017 0.5698757901 0.6807791376 0.8704755675 0.9560691814 0.9224108519 0.8752423206 0.7142938431 0.5663703576 0.4793393728 0.3288141777 0.2229526276 0.2718734469 0.1989922411 0.2566781008 0.2571695180 0.2501903199 0.2093848610 0.2114920264 0.1733517517 0.1749124988 0.2313283364 0.2262568780 0.2230710444 0.2491291995 0.2226263340 0.2441891265 0.2585266993 0.2304780026 0.2449795888 0.2173857810 0.2290531160 0.2340758994 0.2621361641 0.2553865470 0.2640155323 0.3063500432 0.4217045392 0.5400951765 0.6844625383 0.7698049660 0.9213781857 0.9238494962 0.9461059318 0.8499952293 0.6576921698 0.5643844063 0.4066574918 0.3523837832 0.2687427658 0.2570154048 0.2373604015 0.2669583890 0.2595843533 0.2548887587 0.2494333873 0.2258809245 0.2623582315 0.1997025287 0.2304179131 0.2616458053 0.2624244530 0.2351643358 0.2244073664 0.2389039744 0.2372751058 0.2297362728 0.2423381199 0.2282473074 0.2311654694 0.2923745580 0.2578285254 0.3020017004 0.3486639065 0.3606400137 0.4785238195 0.6040858848 0.7664440911 0.8792540408 0.9309346719 0.9377823801 0.8605416270 0.6873048758 0.5505367249 0.4335324069 0.3416143575 0.2721037057 0.2672121644 0.2795211867 0.2516757260 0.2452476901 0.2701183146 0.2463596279 0.1738145881 0.2289378386 0.2344598089 0.2297870007 0.2506654198 0.2245779925 0.2986783951 0.2116534438 0.2193160781 0.2318942635 0.2855689504 0.2185126598 0.2204335907
0.1953042127 0.2088902021 0.2123500394 0.1819644735 0.1805141612 0.1984156333 0.2634616684 0.2292218379 0.2010969176 0.2944392345 0.3035001492 0.4464654884 0.5481898527 0.6923103328 0.7997020961 0.9034917022 0.9665014957 0.9059154069 0.7526051594 0.6298625244 0.4868967751 0.3913440541 0.3369795910 0.3201826703 0.2816592296 0.2196383492 0.2806579823 0.2217720740 0.1983542122 0.2077051337 0.1987898517 0.1981505852 0.2491505973 0.2319101011 0.2187575579 0.2366504763 0.2792781756 0.2418918474 0.1696430483 0.1927715368 0.2096060045 0.1794997601 0.1970301115 0.2359352929 0.2153723328 0.2536896077 0.2708890477 0.3063527649 0.3598602475 0.4583657031 0.6324001949 0.7822722823 0.9050324748 0.9195823608 0.8880341482 0.8422129782 0.6771841838 0.5333743376 0.4354333129 0.3329737156 0.3598508016 0.2584416336 0.2627293626 0.1891100679 0.1958987277 0.2083437619 0.1960335504 0.1881124448 0.2292431052 0.2391496431 0.2435433418 0.1926887330 0.2616840269 0.2310061468 0.2285870944 0.2124628923 0.2272793103 0.2128592044 0.1888762340 0.2220693207 0.2690247927 0.2172828071 0.2398510302 0.2750762554 0.2846206836 0.3639730992 0.4384157351 0.5990059968 0.7197071960 0.8227805564 0.9518215863 0.9365774010 0.8842317200 0.7338556281 0.6228837197 0.4342748826 0.3760199936 0.3167433512 0.2522120766 0.2679577684 0.2557147416 0.2895118708 0.2300184538 0.2701926960 0.2217224774 0.1967810418 0.1857402590 0.2168411167 0.2359520768 0.2699207148 0.2451113867 0.2887990131 0.2153278973 0.2588007395 0.2341544657 0.2291722779 0.2189926814 0.2245013023 0.2166970373 0.2559668871 0.2385536348 0.2291368524 0.3093529040 0.4503505256 0.5496959991 0.6798651921 0.8074453823 0.9246464316 0.9233046387 0.8985410787 0.8061287112 0.6887096664 0.5129861898 0.4492269790 0.2618528174 0.2805528349 0.2855274125 0.2757075105 0.2088229389 0.2075302005 0.2760147319 0.2838325374 0.2061452294 0.2531748901 0.2073210836 0.2203698384 0.2715943218 0.2437339125 0.2552770241 0.2345791842 0.2560426925 0.2620243552 0.1962793740 0.2779124658 0.2252413513 0.2355667016 0.2362121992 0.2391735744 0.2774484102 0.3173019546 0.4165127684 0.5333981164 0.6316496154 0.7644762507 0.9282609187 0.9017122352 0.8919778618 0.8380422611 0.7118780632 0.5993640774 0.4482360571 0.3928883675 0.2913944792 0.2669607759 0.2657596032 0.2510955779 0.2021258177 0.2987518167 0.2014908074 0.2174249788 0.2619071124 0.2395851149 0.2547121848 0.2698379553 0.2936867208 0.2090275097 0.2332160338 0.2454910125 0.2671434740 0.2435675323 0.2403839247 0.2111848359
0.2001092538 0.2370873576 0.2029569733 0.2152884769 0.1826824899 0.2681199115 0.1621734961 0.2053039701 0.2573619368 0.2804666251 0.3445776275 0.4832615968 0.5358631178 0.6924149733 0.8420826695 0.9110829653 0.9379657598 0.8558875197 0.7892623635 0.6175584823 0.4356311475 0.3801051468 0.2857780649 0.2634106568 0.2283097203 0.2389584501 0.2072183668 0.2058458095 0.2441098734 0.1930916441 0.2266831083 0.1630778161 0.2058496244 0.2167904491 0.2193240093 0.1876122825 0.2024902510 0.1732930584 0.2040961131 0.2329894421 0.2922934915 0.2387740391 0.2032663504 0.2027850558 0.2382268604 0.2924316002 0.2476368056 0.2780742725 0.3965352993 0.5094100585 0.6385622540 0.8101525130 0.9071711216 0.9275115239 0.8422331391 0.7905053623 0.6946610310 0.5508566865 0.3962000526 0.3477848019 0.2827790973 0.2540923453 0.2644877097 0.2072245311 0.1761938715 0.2225982383 0.2089376976 0.1640146791 0.2271818491 0.2085976981 0.2530618948 0.2353119110 0.2397636332 0.1935462730 0.2298407039 0.2126493356 0.1756678878 0.2358317351 0.2191980299 0.2328068159 0.2479752243 0.2302735963 0.2553511497 0.2773889865 0.2925555501 0.2580324474 0.4343647176 0.6211627004 0.7228145773 0.8208870395 0.9597963483 0.9202865336 0.8482876303 0.7108558410 0.6017142245 0.4924815478 0.3819812656 0.3136127228 0.2531845007 0.2569515206 0.2138605007 0.2176958053 0.2282312715 0.2049287761 0.2174618256 0.2012822750 0.1785080740 0.2469281408 0.1862997881 0.2336174130 0.1985029072 0.2206574443 0.2334256551 0.2089858767 0.2610372085 0.2454331079 0.1685646984 0.1864802285 0.2596375312 0.2814544428 0.2049640828 0.2930561286 0.2971944257 0.4185440078 0.4999049680 0.6353986392 0.8466653369 0.8704693398 0.9871838308 0.9266698573 0.8267258713 0.6333122170 0.5538324436 0.3847180603 0.2744602720 0.3002131198 0.2427324704 0.2581211149 0.2565625968 0.2379520518 0.2093982593 0.2428226944 0.2276595622 0.2335383387 0.2137098180 0.1949093858 0.2087679851 0.2370635287 0.2199623380 0.1782539260 0.2134425363 0.2705382122 0.2548892672 0.2235297619 0.2519731286 0.1983734942 0.2596555786 0.2468671669 0.2766100141 0.3166017848 0.3576052631 0.4798072927 0.6027455927 0.8514316001 0.8748098813 0.9321632643 0.9046492929 0.8673061075 0.7643747796 0.5661801245 0.4444208204 0.3714220993 0.3124574375 0.2282687624 0.2839363500 0.2393815071 0.2335434879 0.2332193749 0.2429634713 0.2206198760 0.2518717554 0.2583345098 0.2378240515 0.2146688598 0.2619349072 0.1976982087 0.2188563826 0.2405230837 0.2342834308 0.2231484577 0.2275781363 0.1978661174
0.1714132753 0.2247968922 0.2186905040 0.2330101419 0.2295155948 0.2143930304 0.3193205204 0.1784526142 0.2424841675 0.2499392478 0.3262766778 0.3972938634 0.4865578653 0.6466368427 0.8118123698 0.8862320772 0.9373669149 0.9291596091 0.7193446339 0.6488533322 0.4995755531 0.3911743422 0.3296446493 0.2260234039 0.2675547803 0.2217285723 0.2257855311 0.2069631394 0.2116336309 0.1791742625 0.1364241580 0.2461487868 0.2042167541 0.1888110605 0.1834929764 0.2216554039 0.2100710968 0.2600803598 0.2120987416 0.2426239744 0.1833939505 0.2050815344 0.2504580642 0.2510727724 0.2344893888 0.2454635991 0.2834690726 0.3866672851 0.3819971959 0.5208638852 0.5920666221 0.7606474280 0.8275382223 0.9439335664 0.8825208146 0.7969497448 0.7247249015 0.5385054030 0.3650095765 0.3133292972 0.2931556362 0.2968109276 0.2316119430 0.2140260694 0.1905478691 0.2481005364 0.2131738111 0.2403107148 0.2135621327 0.1410720245 0.2519286460 0.2173378093 0.1944294211 0.2418565890 0.2329157789 0.1948632649 0.2024773108 0.2215089783 0.1602556487 0.1924577105 0.2251810642 0.2912391008 0.2424581099 0.2914181834 0.2805117806 0.3619830460 0.4102921880 0.5917630749 0.6959909563 0.8341323616 0.9131217780 0.9484042112 0.8881027034 0.7311315310 0.5866462628 0.4478629869 0.3588750958 0.2725732250 0.2802078308 0.2553967401 0.2686896993 0.2498213494 0.1955518338 0.2015781918 0.1884615989 0.2456962122 0.2069357619 0.2178557435 0.2074906787 0.2287243760 0.2519574577 0.1588033099 0.2088376407 0.2084328169 0.1886016087 0.2152942398 0.2468851596 0.2099558438 0.2761625772 0.2293749531 0.2374295223 0.2734203714 0.2926902393 0.4341775336 0.5005064281 0.6155364969 0.8123501507 0.8976914335 0.9595220243 0.9070785157 0.7630671206 0.6508613357 0.4995299917 0.4107199060 0.3038231676 0.2622693188 0.2656267680 0.2388450136 0.1935381976 0.2393048610 0.1883226598 0.1889433588 0.2053148742 0.2198935100 0.2380132540 0.2483842417 0.2393676195 0.2117274188 0.2190418681 0.1622217589 0.2380588044 0.2292488667 0.2209757100 0.2624399243 0.2507520219 0.2210957200 0.2093584011 0.2398844016 0.2432859333 0.2731294765 0.3741265983 0.5249325339 0.5981885612 0.7413399227 0.8486874114 0.9853313575 0.9256411168 0.8518223645 0.6870087517 0.5633528515 0.3951193132 0.3210365697 0.2823773968 0.2322469960 0.2310257295 0.2170605633 0.2414903320 0.2589662517 0.2399910687 0.2039580301 0.1869543687 0.2118843927 0.2513035416 0.2245550234 0.2308017612 0.2049178761 0.2173464760 0.2441123616 0.2979881062 0.2287295117 0.2131023541 0.2313507256
0.1787805220 0.1969045990 0.1829450984 0.1868664467 0.2000394742 0.1780676414 0.2249203263 0.2222706220 0.2606879502 0.2632101161 0.3424633668 0.4166971531 0.5247884534 0.6524001727 0.8174666114 0.9310521987 0.9121644711 0.8728228876 0.7267924211 0.6503388224 0.4738340474 0.3331841943 0.2442651162 0.2723046929 0.2167969655 0.1920898760 0.2100898934 0.1907154497 0.2419635671 0.1923024239 0.2340699885 0.2521627150 0.1875115665 0.1576307247 0.1887421318 0.2071794989 0.2243446838 0.2369350271 0.2057422646 0.2407681089 0.2013576457 0.1659774858 0.2183929556 0.1661509382 0.1770899816 0.1724791321 0.2320700224 0.2793445671 0.3169730092 0.4914211936 0.5684861399 0.7977896399 0.8610641285 0.9141395914 0.8962072832 0.7660800181 0.6254117727 0.5103121140 0.4117160082 0.3147984942 0.3323311438 0.2176897126 0.2055710487 0.1971276940 0.2165488680 0.1891336092 0.1646805893 0.2296955297 0.2242435384 0.2295035685 0.2629723573 0.2005482944 0.2341622952 0.2133314198 0.2437639251 0.1702820134 0.2205294897 0.2084338385 0.2376923734 0.2487437332 0.2099659446 0.2205880980 0.2717339161 0.2456752970 0.2646374116 0.3330615329 0.4346582749 0.4957687175 0.6612718385 0.8290613291 0.9210038474 0.9706339446 0.8805122752 0.7296298775 0.6263213272 0.4430604347 0.3583449520 0.2954121700 0.2550522873 0.2803598669 0.2407070526 0.1807392525 0.1991174835 0.2260188843 0.2513487761 0.2277142946 0.1481960612 0.2200891125 0.2068581219 0.2468325628 0.2245779896 0.2159766844 0.2134097129 0.1678043631 0.2192448401 0.2365063136 0.2527851748 0.2585396780 0.2489159224 0.2335496696 0.2695894767 0.2364119106 0.3219791046 0.4204504997 0.4960937626 0.6740623327 0.7550886727 0.8498369437 0.9881941408 0.8930510615 0.7767112546 0.6354007378 0.5542188355 0.3531762120 0.2536760379 0.2823445001 0.2271209846 0.2162572243 0.2550847501 0.2275727957 0.2232447643 0.2165311790 0.2146277545 0.1943866556 0.2770500778 0.1844534680 0.2267656294 0.2191367756 0.2121001315 0.1841383872 0.2057654460 0.1974807251 0.1944702226 0.2066250508 0.2050310859 0.2109842221 0.1939883624 0.2292363271 0.2634250755 0.3043331620 0.3415641067 0.4540249936 0.6171131985 0.7314691756 0.8836872447 0.9139207763 0.9172240490 0.8473058805 0.6675290653 0.5565147788 0.3982663295 0.3398971971 0.2525651186 0.2502502472 0.2452149168 0.2175154418 0.2095689102 0.2160951498 0.2399951613 0.2289303880 0.2417485014 0.2231342315 0.2179809006 0.1704767561 0.2133373847 0.1771180935 0.2378648035 0.2345201040 0.1792686409 0.2444127029 0.1997830164 0.2424711078
0.2072689206 0.2103761674 0.1610970893 0.1950891662 0.2194747903 0.1771938955 0.1235627729 0.1828827481 0.3243537934 0.2020889301 0.2972351780 0.4235895633 0.5415252063 0.6307706511 0.8102945692 0.9342872344 0.9369825168 0.8555032956 0.7093099624 0.5772787915 0.4493255821 0.3677379086 0.2829524598 0.2392360168 0.2294762878 0.2394913530 0.2137384371 0.2353671499 0.2483107449 0.1920067592 0.2078919232 0.1866511981 0.2513062928 0.1989687940 0.1371892277 0.1537645188 0.1785832752 0.1746938380 0.1711672301 0.2051099344 0.1855208888 0.1384462803 0.2240964172 0.1812715962 0.2233700230 0.2295214426 0.2380822149 0.2986964681 0.3770943187 0.4843528353 0.6331811991 0.7260694897 0.9034665165 0.9411997906 0.8999500331 0.7950596630 0.6502966419 0.5282340986 0.4137505781 0.2718246978 0.3063924414 0.2690283915 0.2079808471 0.2227000782 0.2239715675 0.2439209641 0.1737871317 0.1832361642 0.2160547317 0.1765939472 0.2052896588 0.1875469172 0.2470643928 0.2171493530 0.2112627135 0.2002271148 0.2301562042 0.1756448196 0.1526183560 0.1634223435 0.1788927201 0.1961562178 0.2531139512 0.2245553435 0.2350629559 0.3800891121 0.4433079494 0.5433801077 0.7085795325 0.8230755003 0.8824556950 0.9320891811 0.8193167641 0.7247138615 0.5801274931 0.4295354456 0.3695938603 0.2691893223 0.2497494689 0.2132936412 0.1772008552 0.2360498389 0.1975913588 0.2759404564 0.2035539000 0.2021268620 0.2009078238 0.2351755899 0.2118837857 0.2136014591 0.1944634144 0.1509336805 0.2070651649 0.1551639253 0.2561702759 0.1855835912 0.2094545456 0.1961857535 0.1696958026 0.2722771808 0.2714503837 0.1575312974 0.3333381797 0.3949941484 0.4746313819 0.6632217965 0.7764874744 0.9272122383 0.9184147176 0.8767258785 0.7499597824 0.6255501906 0.5240037467 0.4079422515 0.3066430779 0.2590584674 0.2255554129 0.1871174886 0.1639486379 0.2143253625 0.1970487741 0.2098718887 0.2134378501 0.1930340748 0.2505795173 0.2194669654 0.2389578169 0.1720294719 0.2122965665 0.1741494812 0.1939981805 0.1844242321 0.2239021185 0.1944188429 0.1961121161 0.2141523467 0.2256751251 0.1869437231 0.2424666849 0.2856271812 0.3521942949 0.4915996947 0.5907156496 0.7680196964 0.8642883071 0.8945502475 0.9070618979 0.8372664622 0.7178028998 0.6062697607 0.4309388788 0.3495363783 0.2735476147 0.1917544000 0.1811806151 0.2105273234 0.1765792894 0.1925818963 0.1985687742 0.2011323057 0.1978618444 0.1849677110 0.2259479528 0.2365154625 0.2443222010 0.2431951588 0.2645851697 0.1789471940 0.2365390299 0.2097438017 0.2104409540 0.2114160903
0.1956584086 0.1767363125 0.1877445374 0.1520817802 0.2039254208 0.1615595226 0.1783218153 0.2234153461 0.2334077242 0.2658503335 0.2981639583 0.3785125170 0.5590329645 0.6764618974 0.8053642575 0.9112515670 0.8994921177 0.8211972138 0.7308694804 0.5957101004 0.5063403640 0.3795576361 0.2405677376 0.2318658259 0.2190494253 0.2205765268 0.2163891580 0.1995800914 0.2072336476 0.1602956289 0.1880105281 0.1983705952 0.1771252194 0.2212082199 0.1700652730 0.1916202473 0.1945322316 0.1956953281 0.1910805492 0.1465349859 0.2065086300 0.1496060533 0.1686519697 0.2059106315 0.1381532674 0.1987299627 0.2438669673 0.2129897928 0.3261210254 0.4853798891 0.6210221468 0.7158782749 0.8175157378 0.8817900417 0.9054165002 0.7623345948 0.6798485000 0.4719206542 0.3864236999 0.3570512964 0.2278678551 0.2299422116 0.1771722199 0.1703108714 0.1771848164 0.1707392112 0.1516091970 0.1868016927 0.1558533465 0.1930359754 0.1871647859 0.2525628492 0.1343212974 0.1756420007 0.2115028655 0.1893491275 0.1565581548 0.2054394045 0.2169746854 0.1633155130 0.1589454220 0.2414630880 0.2041498463 0.2235876877 0.2777007228 0.3332286161 0.3918492520 0.5534778688 0.7052108652 0.8221390969 0.8828080797 0.8509894640 0.8258486016 0.6840725477 0.5283626938 0.4436261014 0.3255488957 0.2280257948 0.2569100443 0.2112805052 0.1862734988 0.2265023639 0.1948404691 0.1886076162 0.2732214271 0.2387912648 0.1725406761 0.2187249261 0.1745498903 0.1862307814 0.2154568834 0.1814120780 0.1919690777 0.1969363491 0.2381209458 0.1571696304 0.2208071382 0.2241446744 0.2079688055 0.1846582663 0.2324158913 0.2294317840 0.3224969317 0.4230196630 0.5268765823 0.6324884489 0.7804295456 0.8721717601 0.9493922081 0.8705576798 0.7132876735 0.6471309957 0.5069073571 0.3562136916 0.3147565447 0.2379057222 0.2191684163 0.2157227088 0.1571015220 0.1208550924 0.1569749867 0.2451601905 0.2160497799 0.2222953096 0.1506848593 0.1765038455 0.1771753931 0.2327007386 0.1899005498 0.1872841020 0.2233931681 0.1916688717 0.2425631361 0.2235014068 0.2147126358 0.2115685223 0.2136456434 0.2427935599 0.2657981668 0.2805656854 0.3981742935 0.4436104678 0.5993763139 0.7255174497 0.8327458117 0.8975378649 0.9245435244 0.8750649564 0.6474664472 0.6033756206 0.4142377059 0.3199830368 0.2857777668 0.2489640147 0.1936091455 0.2677120566 0.1715276261 0.1822501399 0.2104695525 0.2217842003 0.2521445904 0.2049899055 0.1880235709 0.2510786869 0.1622383019 0.2041656843 0.2155807456 0.2394082394 0.1941469785 0.1774742389 0.2286782393 0.1896152795
0.1684893552 0.1529980048 0.1523636621 0.1776461128 0.1894051827 0.1737427728 0.2268443136 0.1365985918 0.1765680298 0.2716382246 0.2997653415 0.3842967908 0.4977075499 0.6861372535 0.8234800314 0.8549702589 0.8909478193 0.8017429599 0.6661863074 0.5976301535 0.4775024083 0.3248684664 0.2466828123 0.2469807174 0.1622728523 0.1802335125 0.1639929983 0.1567474159 0.1766451902 0.1631704104 0.1759161802 0.2049587331 0.1721599088 0.1585244224 0.1782852919 0.1577821699 0.1922150695 0.1561376384 0.1557416005 0.1906414175 0.1618537115 0.1749531452 0.1963634149 0.1793028089 0.1654292045 0.1990772611 0.2277048737 0.2456641678 0.3498135032 0.4532548288 0.5872095120 0.7716579119 0.8456514907 0.9276603902 0.8763474447 0.7947425337 0.6487723860 0.4835230216 0.3683962295 0.3122238877 0.2320608581 0.1834335217 0.2167793087 0.2235825072 0.1631686461 0.2248878948 0.1352370352 0.1891389556 0.1676886271 0.1653892750 0.1983636532 0.2063913691 0.1898088874 0.2281731135 0.2046165041 0.2069254207 0.1924269717 0.1807663862 0.1675674655 0.2356414165 0.2047574248 0.1713579372 0.2023485685 0.1872393831 0.2801395660 0.2906343542 0.4506037478 0.5341436846 0.7246940260 0.7858195684 0.8950179763 0.9132973531 0.8291893816 0.6748922255 0.6296728274 0.4263640984 0.2981780857 0.2513857507 0.2100248790 0.1958288332 0.2156236768 0.2292088155 0.1766773304 0.1592104285 0.2176055029 0.2451890766 0.2058652268 0.2111237043 0.1599887735 0.1438121302 0.1559407122 0.2074090321 0.2102817481 0.2208439430 0.2139904764 0.2207703248 0.1701678272 0.2139368776 0.1279281195 0.1795049087 0.1977800223 0.2013964959 0.3329307872 0.3645926196 0.5775459130 0.6277926540 0.7554779799 0.8677265217 0.8649883243 0.8286964686 0.8348450830 0.6204821150 0.4837610246 0.3860349221 0.3202675424 0.2357964526 0.1945011542 0.2076767452 0.2467853406 0.2387684956 0.1773464772 0.2042642430 0.1484143898 0.1595699769 0.2200367201 0.1744485811 0.1890002440 0.2222405235 0.2085048248 0.2162779925 0.2045187327 0.1944159892 0.2532014072 0.1570515338 0.2099441863 0.1782005061 0.1860089623 0.2146607010 0.2711239055 0.2632143544 0.3272624410 0.4815970214 0.5485329839 0.7491007323 0.8930158377 0.9405540311 0.9018915534 0.8181360258 0.6683761988 0.5391103261 0.4524958639 0.3481809006 0.2726516981 0.2761932049 0.2067722299 0.2295367402 0.1775113876 0.1370505589 0.2281376860 0.1535193791 0.2013965618 0.1671168695 0.2220002340 0.2011721417 0.1756296923 0.2089273159 0.1460844190 0.1760297294 0.1618645995 0.2229138704 0.1908612538 0.2046960482
0.1681292502 0.2140351283 0.1505094943 0.1890350596 0.1348366411 0.1659538709 0.1433521385 0.1575611910 0.2230220768 0.2369360240 0.2843430868 0.3670478738 0.4909734881 0.6130191435 0.7543959026 0.8403952185 0.9162401041 0.8514153235 0.7043096783 0.6053372228 0.4481552148 0.3473593034 0.2005263016 0.2128834535 0.2047061737 0.2398659353 0.1418467888 0.1881614558 0.2259025563 0.1909646732 0.2285590535 0.1441405832 0.1897876047 0.1681321526 0.1559746958 0.1307910784 0.1714197517 0.2042401602 0.1901019758 0.1102281716 0.2010742899 0.2080412271 0.1594693855 0.2038796743 0.1854550312 0.2185967186 0.2096019961 0.2892423887 0.3413300967 0.4312970502 0.6260200942 0.7411790857 0.8514641506 0.9216748070 0.8876934081 0.7771521650 0.5790471841 0.4490736765 0.3584077606 0.2992458109 0.2418661502 0.2357415811 0.2138719440 0.2615579296 0.1746912625 0.2114573941 0.1238446426 0.1297603450 0.2237419206 0.1539749047 0.1741633961 0.1892762652 0.1930913777 0.1634492248 0.1752937279 0.1536760123 0.1909878856 0.1412680502 0.2390118517 0.1908664691 0.1185784726 0.1834007466 0.1654457887 0.1675059437 0.1999439956 0.3336620971 0.4155541642 0.5509964051 0.7168045331 0.8682906584 0.9283412731 0.9068652831 0.8203780209 0.7055741163 0.5546250077 0.4529573440 0.3417168646 0.2186481547 0.2344402146 0.1509296146 0.2282721925 0.1840076681 0.2001843603 0.2192548689 0.1544989931 0.2029641595 0.2113571459 0.2267766396 0.1514280721 0.1373971806 0.2000771884 0.1854977622 0.2013258453 0.1989114418 0.2050458903 0.1966452503 0.1798639841 0.2221331292 0.2362458605 0.2479663099 0.1981999671 0.2207603122 0.2848514790 0.3452530079 0.4995045692 0.6638093267 0.8341238197 0.8694636046 0.9118989307 0.8905906992 0.7761077116 0.6270089922 0.4886646383 0.3882379722 0.2924900296 0.2415670667 0.2161481500 0.1929745263 0.2102513417 0.2204256815 0.2469165157 0.2165331062 0.1961101950 0.1553435830 0.2008447421 0.2318364898 0.1600448676 0.1764784264 0.1930914659 0.1582796109 0.1600271297 0.1808504407 0.1397991844 0.1739250876 0.1835071595 0.1755479616 0.2224006254 0.1854972539 0.1843388799 0.2659083211 0.3433469374 0.4556977492 0.6014975784 0.7524062165 0.8520376347 0.9494141935 0.8842427794 0.8405588576 0.7263703212 0.5714556809 0.4417234252 0.3026552176 0.2539085658 0.2472153276 0.2115086345 0.1467442894 0.2243710926 0.1770772137 0.2430757178 0.1592654471 0.1686956835 0.1575477838 0.1856225674 0.1762167341 0.2111671496 0.1638993290 0.1896142226 0.1669162711 0.2198252845 0.1906842707 0.1936593376 0.2031052986
0.1732582779 0.1585025763 0.1595702038 0.1859373308 0.2549302287 0.1977013465 0.2032763697 0.2450681000 0.1377121088 0.2166739692 0.2455373578 0.3784770882 0.4907896996 0.6639553603 0.7963346210 0.8560920239 0.8915756529 0.8465706488 0.6841806944 0.5388109574 0.4174438722 0.3397879497 0.2426020797 0.2479648214 0.1923553380 0.2312819433 0.1624460741 0.1677320924 0.1412702391 0.1625457736 0.2268011558 0.1989524528 0.1359953184 0.1664116426 0.2088775276 0.2057492377 0.1877505904 0.1303214298 0.1628541491 0.2212708048 0.1555440675 0.1897195774 0.1418943819 0.1739836789 0.1396193458 0.1749154070 0.1950394008 0.2545365621 0.3243564785 0.4726486332 0.5716465472 0.6956539541 0.8758995983 0.8998183374 0.9064338397 0.7078882369 0.6792424755 0.4594740085 0.3939012852 0.3185036173 0.2049408045 0.1856654785 0.1900148238 0.1905879944 0.1472796783 0.1711719745 0.1690750936 0.1287619701 0.1696698386 0.1572411133 0.1911050296 0.1775742442 0.1787149899 0.1750024488 0.2026217605 0.1660978559 0.1923101761 0.1833640312 0.2016794757 0.2376445905 0.2353572031 0.1670600614 0.2272251901 0.2214017036 0.2510012481 0.3416772972 0.4353451613 0.5878353062 0.7176815020 0.8513384081 0.8922583382 0.8921713591 0.8581580883 0.6957255948 0.5495747528 0.4592700559 0.3388095829 0.2399154307 0.2338098875 0.2272753027 0.2325497664 0.2110801125 0.2186496911 0.2107750521 0.1993687292 0.2380495719 0.1817158791 0.1337704136 0.2448187725 0.2486094319 0.2236859329 0.2003083636 0.1414656023 0.2217910335 0.1877773379 0.2003597612 0.2151177938 0.1843576364 0.2144210199 0.1713238227 0.2357846191 0.2376833541 0.2938743146 0.3575636068 0.5568358289 0.5810045142 0.7671936993 0.8305646524 0.9468748146 0.8470450186 0.7448584694 0.6413210829 0.4588150137 0.3323143061 0.3284490237 0.2284138759 0.2239393825 0.1736888815 0.1606210389 0.1923806171 0.2047923631 0.1582015012 0.1776719338 0.1903194402 0.1905355506 0.2498977335 0.1928699482 0.1796555091 0.2005732826 0.2130822777 0.2315363864 0.1922960483 0.2117591538 0.1979383954 0.1588375530 0.2046840450 0.1743007015 0.2308912744 0.2173784322 0.2590080099 0.3447808552 0.4558829161 0.5748101929 0.7551356275 0.8460252375 0.8984247406 0.9245556830 0.8018468210 0.6449878751 0.5451250321 0.4034551540 0.3522429896 0.2870255704 0.2336141172 0.2300320975 0.1743283653 0.2598628966 0.2226081476 0.1571042383 0.1770859546 0.1781104658 0.2087113848 0.1896305109 0.2008643380 0.2242731158 0.1686969055 0.2149104889 0.1605889772 0.1910658501 0.2010468630 0.1852012304 0.1855145544
0.2013327901 0.1807714296 0.2088831898 0.1648944168 0.1401329789 0.1483960179 0.1675037473 0.2068250796 0.2122937123 0.1763038149 0.2868794125 0.3585178145 0.5038851784 0.6063998710 0.7833143042 0.8703461225 0.9054926131 0.8939030873 0.7151253966 0.5530244559 0.4382860544 0.2691731470 0.2645895763 0.2099529253 0.1833940399 0.1691182366 0.1807181646 0.1352506567 0.2042614743 0.1443141093 0.1791696500 0.1928289849 0.2017624929 0.1276070753 0.1324068463 0.1741966100 0.1691876979 0.1930528099 0.1729196207 0.2108992058 0.1752843977 0.1862423097 0.1690877333 0.1814942300 0.2476723980 0.2304113532 0.2207089919 0.2846866778 0.3427421561 0.4753086524 0.6203167686 0.7416079309 0.8228445467 0.8682495224 0.8584102396 0.7347113139 0.6180074702 0.5361899314 0.3872316598 0.2973669161 0.2322561059 0.2030617755 0.1735351049 0.1825101176 0.1998663034 0.1815555860 0.2144678178 0.1722972397 0.1961103485 0.1851108785 0.1816021081 0.1649443076 0.1913226065 0.1969291936 0.1861658234 0.1665804901 0.2208211669 0.1849287198 0.1770252309 0.1391588866 0.2259709688 0.2225653409 0.1805173453 0.2266995567 0.2544114674 0.3023435044 0.3931129559 0.5526096079 0.7073291724 0.8416344942 0.8766121480 0.9155922463 0.7846853500 0.7001120769 0.5844572668 0.4224867600 0.3339943148 0.2575585293 0.2069652239 0.1779436110 0.2091605674 0.2087600434 0.2055078354 0.1620577158 0.1480015515 0.2195332313 0.1635308595 0.1967692957 0.2049811918 0.1961483542 0.1837117992 0.1845796136 0.1373386573 0.1983491267 0.2186315004 0.2301211643 0.1649974650 0.2355779097 0.1551696188 0.1670850502 0.2152759005 0.1960691183 0.2637468250 0.3517699683 0.5417410115 0.6699029054 0.7417493893 0.8846377789 0.8674287136 0.8573092492 0.7650288085 0.6023457669 0.4686640688 0.3860704126 0.2476833606 0.2695662058 0.2121567979 0.1886755694 0.1796677934 0.1975510498 0.1958068489 0.1834456831 0.2030946512 0.1948322141 0.2337218339 0.2296834665 0.2045249567 0.1524752135 0.1702393523 0.1876392476 0.1897846746 0.1430534273 0.2183264905 0.2145167449 0.2812219855 0.2239920031 0.2274752467 0.2095428213 0.2449628758 0.2475910784 0.3245204945 0.4536196918 0.6195406388 0.7442900103 0.8233086920 0.8195508260 0.8594093490 0.7718473419 0.7095265461 0.5501868883 0.3924011973 0.3171278784 0.3025060576 0.2610120521 0.1844553413 0.2385294208 0.1930614426 0.2754411980 0.2158815874 0.2136135939 0.1887621264 0.1706648825 0.1554179725 0.1784139137 0.1758298571 0.1950450762 0.2170885477 0.2257601174 0.2354366972 0.1762289973 0.2110469799 0.1618100489
0.1699836850 0.2051320320 0.1448961413 0.1363326612 0.1253460729 0.1364263268 0.2323352143 0.1646337702 0.1958861896 0.2416435108 0.2732776411 0.4240746809 0.4843143260 0.6428982724 0.8116781006 0.8805786173 0.8776046233 0.8352766342 0.7203342844 0.6189672535 0.4715761732 0.3082093459 0.2625731413 0.2620911059 0.1958286924 0.1853380092 0.1926866964 0.1592507101 0.1547715570 0.2232720514 0.1771163972 0.1816700808 0.1773901497 0.1805804444 0.1393039007 0.1699566013 0.1664079348 0.2118302005 0.1669383662 0.1882634313 0.1813804846 0.1812465434 0.2118638361 0.1723930322 0.1699634033 0.1711255655 0.1666241492 0.2897691767 0.3720869051 0.4513933051 0.6392393894 0.7318437795 0.8278493548 0.9012766015 0.8934759701 0.8128286547 0.6531942111 0.5156723811 0.4057381228 0.2947024025 0.2326513213 0.2023906684 0.2465669016 0.2283184529 0.1919708101 0.1797602187 0.1606865433 0.1205135366 0.2363776401 0.2173318140 0.1757065567 0.1818553630 0.1354064521 0.1681839555 0.2659763379 0.1848913292 0.1807877112 0.1979018024 0.1742504756 0.1208258476 0.2366522472 0.1840989847 0.2145153623 0.2618324003 0.3152587239 0.2932020861 0.4183376397 0.5440267380 0.6558189458 0.8487800660 0.8574422916 0.9120543512 0.8457360951 0.7410194651 0.5529563574 0.4464192470 0.2884653523 0.2245449298 0.2410596284 0.2445632349 0.2262952539 0.2017933312 0.2095791831 0.1886461508 0.1676108030 0.1787283256 0.1686883601 0.2123731424 0.1898491283 0.1744174097 0.2296877768 0.2253259213 0.1826403065 0.1819883625 0.1740930286 0.1968710311 0.1490256518 0.1739218815 0.1597534119 0.1987491178 0.2417184680 0.2574496245 0.3395118288 0.3627922181 0.4668128671 0.6366167530 0.7462600894 0.8492049250 0.9185604348 0.8398619934 0.7396963046 0.6361732724 0.4351448704 0.3621129168 0.2809307403 0.2780426928 0.2365393479 0.1826943888 0.2075560355 0.2476034116 0.2107994241 0.1629466553 0.2067407902 0.1712071543 0.1948807740 0.1967558195 0.2059078697 0.1960866168 0.1617437665 0.1475700034 0.1932686633 0.1826744717 0.1409608514 0.2053628978 0.1627833876 0.1702729520 0.1574738542 0.2051711555 0.1918911232 0.3179671482 0.3551551015 0.4202022871 0.6181564104 0.7477695536 0.8336563993 0.9238656384 0.8920854492 0.7702886221 0.6749284918 0.6167167535 0.4512214607 0.3137478989 0.3081485850 0.2813564483 0.1782741976 0.1782058925 0.1962393583 0.1681931014 0.2457666229 0.1742391183 0.1945240836 0.1710977239 0.1816160530 0.1675009015 0.2065232388 0.2125640833 0.2075954724 0.1498714428 0.2129881777 0.1965423315 0.2002273315 0.2137977993
0.2188813266 0.1783629810 0.2266153406 0.1860329345 0.2163612119 0.1587399605 0.1560031452 0.2076315168 0.2259328221 0.2562508882 0.2714910208 0.4039084662 0.4964051986 0.6355926085 0.7844382003 0.8478048362 0.9113873016 0.8395273845 0.7237559369 0.6387157694 0.4669415629 0.3767585916 0.2202072370 0.2362156585 0.1477222823 0.1601091750 0.2190855811 0.2132995799 0.2388059543 0.1905684687 0.1594545074 0.1807928599 0.1735679233 0.1912851362 0.1926469865 0.1477560814 0.1632862990 0.1968111693 0.1939542955 0.1539396334 0.1879461421 0.1846386792 0.1706446780 0.2142331407 0.2483955341 0.2123549840 0.1940792630 0.3424057843 0.3507851420 0.4930479858 0.6439801686 0.7320219913 0.8569010483 0.8701308057 0.8387698965 0.8249925569 0.6493265667 0.5071789726 0.4343479638 0.2833664697 0.2449394317 0.2370950799 0.1971035232 0.1522678340 0.2745757420 0.1936299852 0.1983043888 0.1445398217 0.1628307324 0.1926919969 0.2050256226 0.1877312528 0.1465482586 0.2188302073 0.2209885393 0.2072733904 0.2050280635 0.1928211546 0.1843585356 0.1645754821 0.1843370603 0.2233379304 0.2086115937 0.2280966686 0.2506580718 0.2995316337 0.4605952761 0.5952863395 0.6394633580 0.7816787090 0.9382626670 0.9177706871 0.8147279925 0.7434452711 0.5348681467 0.4414399494 0.2678727572 0.3065544197 0.2135663970 0.2251089870 0.2028993888 0.2087305308 0.1904537512 0.2400372323 0.1751076097 0.1743346128 0.1942707337 0.2506512227 0.2011721215 0.1614355393 0.2329185550 0.3042136367 0.1813037989 0.1857428392 0.2174855162 0.1985884378 0.2314702366 0.1969127025 0.1819972283 0.1920949196 0.1933431691 0.2667977717 0.2943404508 0.3638500924 0.5205061523 0.6593743692 0.8067842471 0.8786033177 0.8995324540 0.9063628526 0.7448064584 0.5956194542 0.5122037571 0.3725352997 0.2775680276 0.2637438427 0.2663620574 0.2116968568 0.2085772396 0.1937482364 0.1472560404 0.1747578133 0.1669998916 0.1863685500 0.2037714712 0.2069792494 0.1469948186 0.1943074359 0.1687107926 0.2099170907 0.1881041798 0.1938493106 0.1728431039 0.2067899855 0.2468141783 0.1704457371 0.1554463348 0.1925312177 0.2672579577 0.3010403825 0.3246304142 0.4372419841 0.5569085545 0.6728153188 0.8931750183 0.8994962410 0.9134002854 0.8540552353 0.7083105144 0.5517562638 0.3787271016 0.3426934374 0.2147667568 0.1980709343 0.2146596113 0.2515460606 0.1771602945 0.1492297431 0.2126138859 0.2456749707 0.2036942941 0.2106325042 0.2266096742 0.2479373112 0.2465269783 0.1944656544 0.2742819152 0.1626571918 0.2028024031 0.1789678134 0.1892576925 0.2082063308
0.1912747401 0.1600584568 0.1920487495 0.2110330584 0.1899521923 0.1764576546 0.2033015191 0.2259559264 0.1781838617 0.2227707929 0.3183305030 0.4273503135 0.5416638413 0.7027361684 0.7835291222 0.9036728196 0.8852847814 0.8538454706 0.7425152974 0.6502605388 0.3965263467 0.3539213459 0.2838237807 0.1819516830 0.2204511141 0.2042686635 0.1764435888 0.1831384205 0.1744625852 0.1637006676 0.2070174288 0.2152108829 0.1665748851 0.2144672330 0.1839834414 0.1867632015 0.1750274012 0.1503672453 0.1561303217 0.2151366171 0.1433627431 0.2243786151 0.2244286876 0.1650013324 0.2148825665 0.2533067116 0.2550573973 0.2486283450 0.3344554251 0.4857170843 0.6256206391 0.7559665547 0.8267143016 0.9049637372 0.8866143816 0.7744315384 0.6343539010 0.4854914797 0.3936894722 0.2814116716 0.2608069323 0.2226847114 0.1799781518 0.1961040879 0.2321618224 0.2102471762 0.1945219934 0.1593584974 0.2008196437 0.2027111898 0.1965372366 0.2042538472 0.1875380993 0.1893685618 0.1500622164 0.2129430024 0.1986398881 0.2129981782 0.1690248800 0.1661038364 0.1950281285 0.1908020402 0.2120784409 0.1678082231 0.2896966570 0.2815938111 0.4364652770 0.5878428881 0.7540509961 0.8032174403 0.9045836185 0.9033562980 0.8252977733 0.7174874974 0.6049459646 0.4803880061 0.2785140323 0.2853917180 0.2275505408 0.2227743148 0.2459796690 0.2194808386 0.1820745765 0.2045594306 0.1971268584 0.1832465490 0.2579214531 0.1806332209 0.2324044621 0.2081981226 0.1907067789 0.1833129409 0.1998944499 0.2403791875 0.2191083470 0.2231845044 0.1741246169 0.1959843090 0.1702121902 0.1840831716 0.1777267815 0.2339216969 0.2968615031 0.3720789927 0.5259893521 0.6603313435 0.7426908033 0.9118604964 0.9489324445 0.9431375305 0.7741571298 0.6501229596 0.5170489565 0.4204103081 0.2866054345 0.2580410345 0.2221051404 0.1802871950 0.1896986058 0.2291494529 0.1868264560 0.2466503679 0.2217385396 0.2204750968 0.1700263091 0.2042387172 0.1726591703 0.1763084890 0.1453307468 0.2976020865 0.2072835278 0.1462713796 0.1962951297 0.1851839423 0.1690518396 0.2249282096 0.1898015198 0.2101614668 0.2003387360 0.2834809091 0.3659455082 0.4693286301 0.5825183433 0.7232361131 0.9038304673 0.9037416168 0.9269679140 0.8366546707 0.7135352729 0.5742277750 0.4469280594 0.3105042050 0.2302951545 0.2147377010 0.2175930512 0.2341330268 0.2143715639 0.2610807000 0.2168323116 0.1879199428 0.1797191501 0.1940906646 0.2350550725 0.1737648622 0.2358365241 0.1987735839 0.2394591066 0.2029001124 0.1567358010 0.1666329685 0.1999784920 0.2110103711
0.1656026659 0.1790968686 0.1750877593 0.2026629783 0.1824081712 0.1885366349 0.2031564219 0.2369574373 0.2066162309 0.2878759411 0.2775408214 0.3667035610 0.5207287079 0.6901531987 0.7996092643 0.8868594737 0.9199160412 0.8900109721 0.7269837358 0.5813242776 0.4324039171 0.3811200947 0.2867475118 0.2613046177 0.1788689365 0.1984284860 0.1796056286 0.2831387480 0.1878850217 0.1634721357 0.1680262994 0.2360390433 0.2221004642 0.2304486775 0.1912262522 0.2612417959 0.2160539002 0.2029682906 0.2412362323 0.1899998455 0.2134202585 0.1613250371 0.2063775684 0.2030101100 0.2105715971 0.2045375238 0.1975886038 0.2748294588 0.3440540541 0.4974497554 0.6492844588 0.7194110048 0.8578699814 0.8916754615 0.8706827489 0.8067375872 0.6588680591 0.5039229586 0.3487698501 0.3236663747 0.3345283483 0.2650449843 0.2581832148 0.2095810261 0.1255070461 0.1959529559 0.1676541846 0.1745712302 0.2279795867 0.2160935734 0.1341581502 0.1911734048 0.2088999241 0.2140710016 0.2427119294 0.1770145672 0.2068699909 0.2494845486 0.2686661892 0.2078894208 0.1908668940 0.1961305135 0.2201932280 0.2051455662 0.2716837922 0.3608930603 0.4078469417 0.5699510779 0.6932670189 0.7909639798 0.8762253169 0.9552414528 0.8300146020 0.7561724517 0.5816794199 0.4935205509 0.3079214643 0.2849231438 0.2434407521 0.2037559213 0.1687927815 0.2252738395 0.2176676850 0.1909328871 0.1606383925 0.2418487928 0.2014703192 0.1934930377 0.1791445369 0.2657581086 0.1829539963 0.1956881149 0.2048769731 0.2128786046 0.2163061326 0.1790774578 0.2243311062 0.1406844180 0.1682910248 0.2240327349 0.2101960676 0.2287723844 0.3016594853 0.3769471104 0.5545413813 0.6461154525 0.7436565982 0.9172139616 0.8930391319 0.8773838555 0.8021315365 0.6438758236 0.5189521789 0.3911830606 0.3104678836 0.2555903861 0.2498657785 0.1481737511 0.2450087375 0.1866305237 0.2475865206 0.2176208440 0.2375952452 0.2050479831 0.1893843906 0.2040190469 0.2454107725 0.2232420320 0.2344707016 0.2169768224 0.2516950445 0.2235844635 0.2498868429 0.1897424519 0.2377456576 0.1816720098 0.2644100391 0.2135212064 0.2527958794 0.2622316972 0.3277261742 0.4759353954 0.6079158956 0.7060196263 0.8653207420 0.9003020292 0.9234488581 0.8338096577 0.7270033517 0.5064550522 0.4720105192 0.3281488488 0.3002605468 0.2699685753 0.1843536632 0.2071557559 0.2370190606 0.2441632044 0.2215219478 0.2086849449 0.2324943375 0.2439388894 0.2741376061 0.2311402031 0.2106912923 0.2252295590 0.2246828378 0.1783693654 0.2333026101 0.2124397557 0.2474081704 0.2097200830
0.1988944793 0.2201026970 0.1752591870 0.1891777484 0.1648448100 0.2306640582 0.2346554160 0.1957621474 0.2061292557 0.2740928344 0.3284371626 0.4039408938 0.5274182521 0.6476782220 0.7830652327 0.9299284903 0.9519850913 0.8407870858 0.7523575886 0.6029711217 0.4501163757 0.3737282536 0.3242805651 0.2021609521 0.2137489256 0.2449048543 0.1507306365 0.1953899880 0.1624104519 0.1598016128 0.1716689500 0.2037565928 0.2488104972 0.1791790520 0.2117677705 0.2235653657 0.2102806752 0.2032109791 0.2523348923 0.1863997365 0.2027956977 0.1773661813 0.2418990226 0.2303018560 0.1506739649 0.2173364364 0.2565634467 0.3199818705 0.3610593888 0.4958206481 0.5993781359 0.7269082167 0.8360644780 0.9547999321 0.8961987413 0.7968116323 0.6297379914 0.5498227942 0.3623889678 0.2896461467 0.2554371068 0.2747598771 0.2182765865 0.2263316037 0.2260090048 0.2216317281 0.1983792960 0.2269097101 0.2463023803 0.1755387463 0.1280128689 0.2239651114 0.2132955363 0.1706255003 0.2070534722 0.2263009321 0.1873513166 0.2378834785 0.1862115073 0.2484921645 0.1885880492 0.1683083919 0.2384295325 0.2143635887 0.2898501070 0.3487206833 0.4194971861 0.5713666022 0.7124439654 0.8215280554 0.9837870288 0.9310190931 0.8488155403 0.7502986155 0.5829320550 0.4515618610 0.3781917129 0.2690570259 0.2807351035 0.2637606567 0.2515392242 0.1898772094 0.1978886131 0.2177794849 0.2360356529 0.2080006032 0.1952583919 0.2394844598 0.1633659991 0.2299975705 0.2297321337 0.1791990513 0.1942389630 0.2129183707 0.2015336467 0.1863092394 0.1979501973 0.2006508601 0.2414151499 0.2070161851 0.2836923508 0.3084079189 0.3068230608 0.4357923305 0.5269425879 0.6616803849 0.8157919227 0.8414449957 0.9219641171 0.9136200122 0.7522677496 0.6254157341 0.4629057801 0.4030358669 0.3206453833 0.2674001886 0.2117446320 0.1574552101 0.2311187178 0.1798359346 0.2166503435 0.2122876483 0.2137001477 0.2090463259 0.1695652260 0.2455079707 0.1614391787 0.2129842508 0.2099939689 0.2152387198 0.2579496704 0.2367882486 0.2156067600 0.2125874313 0.2521916742 0.2376845684 0.2269873177 0.2441162807 0.2535870301 0.3344542851 0.4103596277 0.4065675011 0.5797112250 0.7612756303 0.8729839885 0.8982763396 0.9236015818 0.8300501872 0.6728264765 0.6133132614 0.4046558052 0.3980862929 0.2899008071 0.2531282307 0.2603452691 0.2206367416 0.2432227411 0.2162344213 0.1896533956 0.2292997620 0.2272130899 0.2626910980 0.2535636827 0.1782432654 0.2412713846 0.2427077090 0.2481404885 0.2657126917 0.2060399239 0.2322756999 0.2053930769 0.2528880054
0.1977378155 0.2432363083 0.1729758853 0.1702027199 0.2227771137 0.2008508416 0.1795467321 0.2326175300 0.2224505254 0.2929303137 0.2811564841 0.4467872807 0.5540970120 0.6958071878 0.8717103662 0.8896708833 0.9352660035 0.8101912653 0.7683685846 0.6418337026 0.5038853272 0.3827909035 0.2431099223 0.2677168403 0.2377722745 0.2301889020 0.2217564783 0.2057493775 0.2157847340 0.2247883928 0.1545147272 0.1698237661 0.1801826967 0.2317688193 0.1911700680 0.2079055865 0.2040201457 0.2288300751 0.1938872561 0.1659120431 0.1793570162 0.2022278725 0.2017629015 0.1824244009 0.2119514323 0.2371307426 0.2150571531 0.3048122860 0.3962868769 0.4858924254 0.6083444921 0.7685749567 0.8892983923 0.9014866907 0.9381921442 0.8508934021 0.6463013250 0.4683239763 0.3908725868 0.3096413191 0.2727901476 0.2036901189 0.2470863094 0.1813625543 0.2308700544 0.1974500513 0.2063161405 0.1986817858 0.2610102768 0.1703929944 0.1907419557 0.1899822132 0.2603700038 0.1609268418 0.2011194712 0.1995153952 0.2234862706 0.2206774027 0.1740356944 0.2269953094 0.1781120600 0.2138077898 0.2754470430 0.2494045676 0.2914090499 0.3423826249 0.4424353579 0.5470177961 0.7063404889 0.8700182256 0.9032981125 0.8839270364 0.8301186821 0.7005306252 0.5497593966 0.5086038044 0.3542155297 0.2223740759 0.2058867864 0.2440727288 0.1734400327 0.2042395883 0.2077579825 0.2161500570 0.2386149309 0.1920370944 0.1958041513 0.1872816649 0.2266873413 0.2034957083 0.1924198067 0.1688529833 0.2179246230 0.1954700689 0.1944761255 0.2406753711 0.2363654788 0.2395394289 0.2085271922 0.2409166566 0.2281256872 0.2954394403 0.3238856578 0.4079393093 0.5038932201 0.6486210303 0.7680707010 0.9033487002 0.9598706343 0.9231125299 0.7512881861 0.6313236899 0.5728098777 0.3774440100 0.2892975401 0.2761772198 0.2416333210 0.2342358352 0.1933284640 0.2469954177 0.2062317046 0.2100225937 0.2362834641 0.2587407975 0.2361595674 0.2313141668 0.2015042694 0.2404737021 0.2171315257 0.1675574697 0.2486939771 0.1951002052 0.2378921537 0.1890181143 0.2107890495 0.2982769070 0.2258648740 0.2100719826 0.2095067507 0.2564039009 0.3949662861 0.4939818296 0.6258157524 0.7318598159 0.8772451306 0.9313353956 0.9386499700 0.7886688088 0.7407940279 0.5431906591 0.4167708699 0.3479193670 0.2809382620 0.2331375142 0.2405952329 0.2237903757 0.1978184285 0.2396553523 0.2160006819 0.1995504102 0.1794459190 0.1816837892 0.1935401312 0.2570195566 0.2264319592 0.2543846919 0.2472926433 0.2204160934 0.2053146636 0.1955123502 0.2102983345 0.2390889397
0.2015510160 0.1909765947 0.2512160168 0.2100373830 0.1776922159 0.1740898662 0.1762262294 0.2297172615 0.2125719034 0.2471832148 0.2837586348 0.4288808470 0.5161116168 0.7262857160 0.8261132774 0.9079874954 0.9404207722 0.8603277765 0.7586186128 0.6006715606 0.4344091636 0.3726666291 0.2841265767 0.2702207750 0.2574694377 0.1715442301 0.1948134466 0.1468006813 0.2039152511 0.2192900845 0.2121729013 0.2008805284 0.2189706334 0.2103092756 0.1760563003 0.2163537752 0.2231687024 0.1681926882 0.2229171826 0.1675035693 0.2353394033 0.1970502916 0.2203477261 0.1759419353 0.2080015537 0.2625253193 0.2490566836 0.2968421151 0.3518254813 0.5048444907 0.5763821875 0.7516251285 0.8673468214 0.9557274949 0.8608000825 0.7624821306 0.6331882620 0.5332504185 0.4644988138 0.2857578136 0.2780115685 0.2253087927 0.2449461347 0.2146228143 0.2504977701 0.1714270690 0.2389884471 0.2474758759 0.1725132975 0.1796972258 0.1674259364 0.2480188893 0.1577550950 0.2075311939 0.1946175426 0.1963737345 0.2014056638 0.1543313531 0.1634152673 0.2331125659 0.2336177790 0.2271474108 0.2122073495 0.2074241636 0.2356472433 0.2937713222 0.4635476515 0.5031152360 0.7013074981 0.8685852324 0.9028953667 0.9588034833 0.8380178850 0.7282022507 0.6233487562 0.4455653756 0.3219318503 0.3210622159 0.2862928276 0.2319383766 0.2241683968 0.2024185596 0.1797979704 0.1761554932 0.2095882071 0.2142160803 0.2126413629 0.2342686267 0.1962545509 0.1949555053 0.2125539423 0.1804920157 0.1866052786 0.2285307293 0.2067260941 0.2318191972 0.2048376642 0.1955346173 0.2717189637 0.2296866585 0.2215436301 0.2402918026 0.3450162020 0.4745598158 0.5101722649 0.6271798596 0.8271896240 0.9192419412 0.9166484559 0.8800124675 0.8299934754 0.6904278602 0.5568670496 0.3902881661 0.2968449233 0.2416037896 0.2972753104 0.2474833901 0.2517543317 0.2424831643 0.2032328381 0.2373195679 0.2688430929 0.2268783314 0.2042052680 0.2317237383 0.2384175076 0.2456372099 0.2176602649 0.1594467073 0.2351131132 0.2089319264 0.2053731536 0.2194262057 0.2241816806 0.2098409842 0.2348220399 0.2009617498 0.2233713739 0.3204125851 0.3421029198 0.4750908045 0.5997331708 0.7582193214 0.8444633448 0.9018084277 0.9095951664 0.7381055278 0.6587585604 0.6431592982 0.4604866330 0.3797692664 0.3297302366 0.1733429467 0.2984214578 0.2271316423 0.2756905372 0.2297757503 0.2374049745 0.2345594911 0.2134377007 0.2110601767 0.2452264383 0.2326209516 0.1717363648 0.2520727885 0.2842002107 0.2217587859 0.2067910195 0.2406611036 0.2929388493 0.2159837041
0.1982503499 0.2445910710 0.2117323818 0.1977202958 0.1936373684 0.2207952390 0.1999438430 0.1552887141 0.2449685909 0.2376020691 0.2969510197 0.4282518076 0.5495935088 0.6615245799 0.8083803471 0.8947759288 0.9390587850 0.8594843020 0.7838297623 0.6066782587 0.4950958053 0.3447119808 0.2862795020 0.2282581010 0.2338249881 0.2005584363 0.2318288725 0.1570650152 0.2516551822 0.1921838109 0.2151569691 0.2913041918 0.2233977755 0.1860439505 0.2020528624 0.2247345715 0.2460328808 0.2080989905 0.2167895069 0.2218929630 0.1852849069 0.1941548717 0.2107974566 0.2006657043 0.1983764469 0.2274528940 0.2797009214 0.3343504284 0.4023203700 0.4779996854 0.6374121559 0.7851318745 0.8705305424 0.9420209669 0.8238179701 0.8177159200 0.6745062031 0.5027904650 0.4238689939 0.3161214686 0.2314693479 0.2347183542 0.2382174912 0.1929595482 0.2068773173 0.1809777430 0.1869405645 0.2064984519 0.2181822624 0.1531869831 0.2416770595 0.1982007363 0.1694084865 0.2440653490 0.2122930996 0.2280182110 0.2169413716 0.1605595105 0.2155166754 0.1907812953 0.2107744174 0.2192116107 0.2402635367 0.2412109578 0.2822434537 0.3328649681 0.4504000423 0.5479949904 0.6915992755 0.8497276548 0.9028969829 0.8928096855 0.8590097737 0.7441636558 0.5091467384 0.5106600028 0.3399165272 0.2722421577 0.2425740542 0.2367247950 0.2088703220 0.1823512315 0.2332725967 0.2053014571 0.2093327319 0.2098253092 0.2059776803 0.2100643419 0.1927413687 0.2366730522 0.2175562141 0.2110492356 0.2219808680 0.2323786325 0.2341250723 0.1869639679 0.2047011246 0.2382137127 0.2339406688 0.2711403586 0.2248089618 0.2765106362 0.3178924262 0.4331499603 0.4856208852 0.6691788428 0.8041785674 0.8730321567 0.9032216897 0.8735890665 0.8200532230 0.6272947360 0.4910650675 0.3292950223 0.2848904352 0.2578053680 0.2437250834 0.1920197915 0.2214456527 0.2120661806 0.2366434707 0.1700263973 0.2180881060 0.2262567969 0.2005087095 0.2800206484 0.1823427177 0.2523584239 0.2598258653 0.2131301372 0.2030722232 0.2254564356 0.2030857612 0.2822172641 0.1805513088 0.2136077712 0.2327843128 0.2864726655 0.2244529878 0.2802968698 0.3830299299 0.4850970517 0.6405148155 0.7839618810 0.8983836691 0.9381820966 0.9796445215 0.8401540966 0.7107677518 0.5097363112 0.4333816974 0.3405605674 0.2724089706 0.2604531663 0.2084036531 0.2605486072 0.2233708457 0.1570971995 0.2257358631 0.1926261463 0.2343375001 0.1944258297 0.1889803068 0.2110668178 0.2270137049 0.1783377332 0.2022187907 0.2624713937 0.2163745451 0.2465114629 0.2005121325 0.2205022211
0.1118712686 0.1533574404 0.2261587321 0.1582017418 0.1940010811 0.1963318883 0.1887955598 0.2118210138 0.2715453824 0.2512491008 0.2690849879 0.4603079439 0.5052451209 0.6562006951 0.7423253747 0.8617234876 0.8927715185 0.7805523552 0.7590349003 0.6084013308 0.4402629861 0.3495623253 0.2381570657 0.2696038866 0.2019014985 0.2251751980 0.1360685113 0.2022089763 0.1713969608 0.1618676606 0.1751191598 0.1912149782 0.1799804230 0.2250163185 0.2146745079 0.1969365908 0.2181555909 0.1744833565 0.1718429614 0.1776043046 0.1680979391 0.1920823413 0.1834644288 0.2876771762 0.1719645672 0.2695609282 0.2073259952 0.2466947985 0.3733638866 0.4784752012 0.5927796959 0.7481292971 0.8884463939 0.9691836712 0.8822228592 0.7904559705 0.6998260638 0.5280802000 0.3612701262 0.2952586016 0.2751156730 0.2657687964 0.2471734953 0.1791822551 0.1933000808 0.1827956274 0.1936457915 0.2585984456 0.1683136050 0.1437897208 0.2507787146 0.2615910651 0.2035600092 0.1434148095 0.1837578120 0.1642534484 0.2016970651 0.1980509563 0.2272346416 0.2296383982 0.1945547280 0.1958823464 0.2106672593 0.2108343731 0.2896539068 0.3357012679 0.4930448269 0.5528161327 0.7234815824 0.7858463322 0.8725150594 0.9313358514 0.8200798335 0.6695035305 0.5489460552 0.4124865005 0.3286999270 0.2494307482 0.2500281048 0.1688511393 0.2070632252 0.1788522494 0.1769345669 0.1717960259 0.1245612871 0.2242378983 0.2013973541 0.1826037219 0.2606168535 0.1783598702 0.1838913201 0.2221288775 0.1890212453 0.2090170270 0.2145805744 0.2122224975 0.2034059457 0.1938016047 0.2212853463 0.2515531691 0.2336811671 0.2300929877 0.3808704029 0.3178573183 0.5155082900 0.6560270353 0.7576387157 0.9022422370 0.9749999002 0.8646979860 0.8163261945 0.6634167523 0.5051349070 0.3807118785 0.3482079166 0.3080367531 0.2556268587 0.2434069809 0.1533231609 0.1920193422 0.2609400071 0.2223918383 0.2338619510 0.2099103528 0.2232734543 0.2248465239 0.2620213989 0.1767950377 0.1876878403 0.1935042402 0.1591775224 0.2018499359 0.1835848738 0.2598855779 0.1874739472 0.2537924251 0.1720194468 0.2492433467 0.2467786675 0.3038169484 0.3310987313 0.4817975645 0.6429023505 0.7449889549 0.9062362871 0.8997561944 0.8730292575 0.8326817002 0.7118272271 0.5862711542 0.3995873744 0.3920304577 0.2923511045 0.2673883030 0.2467979369 0.2262945416 0.1889527329 0.2309597693 0.1858407883 0.2457309692 0.1254293297 0.2703089052 0.2543602986 0.1878364568 0.2202960489 0.2153705852 0.2270947985 0.2537011532 0.2107200150 0.1591406236 0.2447660092 0.2322349612
0.1981444062 0.1697720115 0.1879537040 0.1683575679 0.1884174030 0.1314953434 0.2157548980 0.1954947346 0.2222791937 0.2381431975 0.2822745501 0.3856190501 0.5067190328 0.6430231999 0.8056284150 0.8587599548 0.8883597018 0.8291625071 0.7349674244 0.5729008119 0.4500702442 0.3436457924 0.2321164343 0.2309896425 0.2009978026 0.1797156476 0.1809586967 0.1456998165 0.1641328991 0.1736250922 0.2333813578 0.2104838032 0.2158068881 0.1756962039 0.1895641721 0.2120946709 0.1751321987 0.1765402735 0.1871250740 0.2323863895 0.1808640519 0.1689572908 0.1727124126 0.2237756251 0.2118129302 0.1912892378 0.2201854222 0.3614101092 0.3782627739 0.4874417287 0.5679141967 0.7401584664 0.8224737475 0.9017363935 0.9170986185 0.7755961149 0.6641252705 0.4983384741 0.3818040257 0.2969510779 0.2565897299 0.2021453492 0.2807779152 0.2184887270 0.2120973700 0.2072697111 0.1593416050 0.1970914529 0.1855923618 0.2121418603 0.1944436367 0.1535117218 0.1634706354 0.2453970684 0.2346995067 0.1602142773 0.1935566686 0.1946981802 0.1687405189 0.2248423196 0.2159369206 0.1881672478 0.2064450531 0.1982686397 0.2772979513 0.2958484516 0.4147133134 0.5819652796 0.6672238102 0.8297402407 0.9192683651 0.9125252270 0.8105303710 0.6928144150 0.5699723021 0.4422726434 0.3724848102 0.2287609894 0.2084105688 0.2237875819 0.2133658238 0.1558143226 0.1922353736 0.2023577860 0.1737137583 0.2289250236 0.1924994663 0.2060164499 0.1428546941 0.1829716198 0.1849340187 0.1868092796 0.1976845472 0.2166242608 0.2241828804 0.1983799578 0.1772964803 0.1876434140 0.2038469890 0.2225437630 0.2390310753 0.2361230791 0.2854040132 0.3733428846 0.5637142051 0.6395104726 0.7295417940 0.8881130578 0.9012897153 0.8877970008 0.7539329339 0.6596517234 0.5252997405 0.3675221788 0.3351101988 0.2623158587 0.1750189883 0.1918547382 0.2177427929 0.2188952801 0.2379834727 0.1659707286 0.2181243443 0.1410800746 0.2113254536 0.2208678477 0.1900472764 0.2204097293 0.2303025015 0.2153094061 0.2117374099 0.1614715773 0.1731479818 0.2031719364 0.1865450190 0.2293951221 0.2361471626 0.2461296994 0.2541896831 0.3045142789 0.3284747733 0.4551025671 0.6505511322 0.7129646271 0.8612402652 0.8685583486 0.8782833886 0.8433357725 0.6548366037 0.5463526461 0.4485895024 0.2955998127 0.2999074545 0.2292053359 0.1548954714 0.2844744003 0.2267809254 0.2085537518 0.1802357824 0.2412280441 0.2031966779 0.1673626978 0.1536671667 0.2741911484 0.2206523002 0.2270547544 0.1961539984 0.2156902181 0.1879934211 0.1791471713 0.1716275925 0.1851832118
0.1863110316 0.1598024116 0.1593093015 0.1659025972 0.1597401150 0.2271814508 0.1919209812 0.2500813133 0.1469205421 0.2740815245 0.2760064068 0.4016576635 0.4921404093 0.6613474265 0.7959644055 0.8945540678 0.9019370655 0.8091840235 0.6907083279 0.6177138312 0.4512059163 0.3300509713 0.2939852022 0.2280999886 0.1850279753 0.2059918060 0.2138475988 0.1373506601 0.1779281180 0.1458556322 0.1702793942 0.2291929002 0.2071298083 0.1654737030 0.0939505567 0.1847442836 0.1715319903 0.1180200979 0.1473503862 0.1501875322 0.1592382344 0.1235457269 0.1561685333 0.2084147125 0.1589770867 0.1989777673 0.2355993631 0.2658258777 0.3585118363 0.5021704645 0.5723561996 0.7521540280 0.8497564855 0.9023861193 0.8467199547 0.7668015392 0.5999727372 0.4486469117 0.3841861611 0.3028319218 0.1835867604 0.1791866338 0.2209133492 0.1772599032 0.1830933454 0.1716200860 0.1545534617 0.2069572154 0.1864961735 0.1876421578 0.1984059977 0.1444517621 0.2304849696 0.1839941093 0.1780584412 0.2122977569 0.1691711870 0.2054307170 0.1587849572 0.1918356325 0.1931957324 0.2147218270 0.1888612298 0.2307257323 0.2457184903 0.3091009346 0.3991118682 0.5699636260 0.6556608681 0.8017541191 0.9198254341 0.8900249162 0.8455937065 0.6998087174 0.5875641979 0.4113356344 0.3982342636 0.2677867818 0.2042539184 0.2043561033 0.1969158561 0.1567868206 0.1697992772 0.2236129610 0.1664169395 0.2231125303 0.2260872690 0.2052360729 0.2070876877 0.2040117286 0.1754615648 0.1904251410 0.1974337013 0.2111640103 0.1801438658 0.1882382103 0.1305467403 0.1340937568 0.1991831564 0.1831019360 0.1695012795 0.2014649818 0.3048390999 0.3517656515 0.4974591931 0.6275597904 0.7376398867 0.8307194166 0.8639332884 0.8798503490 0.7615090849 0.6332767768 0.5151029430 0.3835229847 0.3272500317 0.2586870780 0.1773598702 0.2732830454 0.1816153983 0.1860119134 0.2032354696 0.1952587169 0.2378125035 0.2182144093 0.2199218597 0.1880051667 0.2295585270 0.1605113994 0.2091663493 0.2373731981 0.1911628562 0.2121955689 0.1947883190 0.1749276087 0.1930777779 0.1776869678 0.1541953638 0.1935446882 0.2312410558 0.3011892040 0.4057355081 0.4182475996 0.5810369632 0.6955123231 0.8488095340 0.9147145761 0.8872092578 0.8503026402 0.6719462261 0.5183031994 0.3690346571 0.3723217360 0.2668420943 0.2170648694 0.2574085881 0.1965735127 0.2349610804 0.1824351107 0.1815744597 0.2046511209 0.1662806869 0.1510138302 0.2243816528 0.1918843724 0.2182907089 0.2368367544 0.2224678330 0.2200195632 0.2185433170 0.1835996934 0.2330728962 0.1280565089
0.0930531058 0.2020625918 0.1814833053 0.1615631098 0.1958921192 0.2109331523 0.1590762585 0.1259400575 0.1875543837 0.1918137432 0.2945351579 0.3521880729 0.4783650574 0.6612791223 0.7845275825 0.9067104138 0.8991560061 0.8181935769 0.7052969865 0.5312351633 0.4263356838 0.2923057466 0.3118373271 0.2139928122 0.1837732326 0.2100974558 0.1298583353 0.1649349767 0.1734210703 0.1895998834 0.1766708072 0.1320764764 0.1710506021 0.1573359065 0.1779686533 0.1767297365 0.1147349058 0.1751984338 0.1390760709 0.1978791128 0.1632072912 0.1643647781 0.2110905040 0.1969389355 0.1606779900 0.1679117576 0.2017666017 0.2419837132 0.3353980667 0.4721118495 0.6103827722 0.7353595196 0.9305739455 0.9083068604 0.9317725014 0.7413770296 0.6510943097 0.5249686402 0.3699895789 0.2658501468 0.2434091620 0.1639238628 0.1338253810 0.1532598256 0.1310356402 0.1857921791 0.2251248868 0.1631934335 0.1507699401 0.1317495898 0.1360220987 0.1822834998 0.2132952782 0.1585642718 0.1751886260 0.1890337978 0.1185792874 0.2212832640 0.1532694677 0.1476766187 0.1813096899 0.2049559428 0.2202885944 0.1595734443 0.2443813321 0.2699216035 0.4567217333 0.5234650180 0.6633890345 0.8147298770 0.9038173588 0.8697184775 0.8192046397 0.6825630373 0.5332863419 0.4025646343 0.3335808219 0.2757896591 0.2512011561 0.1627981872 0.1535301503 0.1125980677 0.2023981432 0.1901831463 0.1789826665 0.1877483384 0.2221515614 0.1513172997 0.1790228807 0.1192634026 0.1187723709 0.1784599820 0.1557391760 0.1819343862 0.1886247510 0.2073587245 0.1493767270 0.1761722528 0.1815528554 0.1897617137 0.1589562687 0.2332809993 0.2946390232 0.3772931834 0.4916652196 0.6266013182 0.7841307445 0.8647046343 0.8872359766 0.8742708863 0.8273960030 0.5743240210 0.4366760075 0.3333874792 0.3485876125 0.2291086992 0.2180260630 0.1646593902 0.1641054454 0.1953002490 0.1586939057 0.2225264666 0.1866349957 0.1712790812 0.2147008576 0.1756999783 0.2195558056 0.1859850113 0.1977532248 0.2111771304 0.2133369743 0.1349954410 0.2092542873 0.2057227322 0.1996665741 0.2052529809 0.1981714189 0.2163786878 0.2450230604 0.2777551433 0.3680254568 0.4493313940 0.5926522454 0.6938823267 0.8554247271 0.8571219664 0.8792480203 0.8031881452 0.6904565948 0.5281236948 0.4214186135 0.3624489597 0.2742352548 0.2226346310 0.2458219148 0.1691253625 0.1937682473 0.1988838626 0.1850771572 0.1949252195 0.1490247826 0.2355222854 0.2087930326 0.1721067211 0.2118524412 0.2208150181 0.2052023397 0.1847253800 0.2183845610 0.1644741367 0.1492404248 0.1777489358
0.1753855341 0.1440222367 0.1859859484 0.1869338740 0.1749670925 0.1476728781 0.1482224420 0.1784098057 0.1993740551 0.2750324066 0.2651330078 0.3823230811 0.5071474028 0.6342543498 0.7456407881 0.8833211350 0.8474272743 0.8415754659 0.6298836860 0.5784546425 0.4586061058 0.3004317951 0.2383972765 0.2514285245 0.2146444854 0.1480548066 0.1979062005 0.1578011230 0.1423859495 0.1699421942 0.1467447614 0.1293120612 0.1397239433 0.0966781029 0.1768077158 0.1559831760 0.1958602390 0.1828978508 0.1733942410 0.1948556782 0.1701850809 0.1476784675 0.1382368644 0.1796683396 0.1776401334 0.1891562664 0.1447522459 0.2397391128 0.2497836579 0.4449458460 0.6062187610 0.7005226732 0.8107739082 0.9185811579 0.8364556180 0.7410918987 0.6638600387 0.5383944001 0.3811288986 0.2585333383 0.1475846448 0.2277392095 0.2287469572 0.1031097180 0.1404409927 0.1738752377 0.2144656103 0.1432374558 0.1906840919 0.1700740820 0.1376818175 0.2236314511 0.1385377717 0.2125452968 0.2217161736 0.1832699072 0.1634016622 0.1208909144 0.2194588666 0.1398684120 0.1710348403 0.1451487544 0.1632113002 0.1896525434 0.2433671215 0.3481371880 0.4232879575 0.5349845506 0.6439825315 0.8102261469 0.8803916023 0.9033160218 0.8264415201 0.7416694587 0.5635896235 0.4088499662 0.3672202074 0.2242756163 0.2316394602 0.2016364258 0.1932083583 0.1950917302 0.1310849711 0.1685440742 0.1871842723 0.1994546474 0.1870901853 0.1726156090 0.1919956317 0.1208950963 0.1668202494 0.1276071485 0.1496188536 0.1820249511 0.1699160761 0.1735811644 0.1616963897 0.1402423785 0.2064497793 0.1600779520 0.2198009894 0.2331809059 0.2826229088 0.3487327720 0.4787539252 0.6305289408 0.7320730379 0.8432156001 0.8703840244 0.9026825206 0.7393213141 0.5755634297 0.4976265626 0.3724690519 0.2880498034 0.1923387486 0.1771861789 0.2033773633 0.2472909858 0.1749621452 0.1324781903 0.1326160473 0.1601131892 0.1809154321 0.1659876291 0.2100862809 0.1825795781 0.1838294640 0.1985748689 0.1535048069 0.1920937348 0.1740558262 0.2222980755 0.2130080604 0.1666627523 0.1457521604 0.2007892638 0.2000730049 0.1867101352 0.2830060550 0.3346070737 0.4138065805 0.5829244003 0.7086079079 0.8097159095 0.8385950786 0.8613673336 0.7920064489 0.7084144561 0.5360913576 0.4060079779 0.2799071958 0.2129465849 0.2487798821 0.1633761308 0.1914564722 0.1980494555 0.1422644073 0.1775914116 0.1529381920 0.1627185610 0.1659777226 0.2262054715 0.1920225316 0.2304054940 0.1195943532 0.2039424952 0.2768626443 0.1834284456 0.1760374027 0.2149468765 0.1636236397
0.1503235899 0.1417076555 0.1689700492 0.1226012516 0.0987307337 0.1419802221 0.1427046729 0.1894198500 0.1158177151 0.2212186512 0.2829918449 0.4117349074 0.4945764018 0.6659851189 0.7692676514 0.8696190370 0.9246880997 0.8423110933 0.7364057943 0.5220709454 0.4384584119 0.3250962073 0.2505248686 0.1720397724 0.1690566690 0.1515000237 0.1275878914 0.1878415108 0.1622550835 0.1295684470 0.1811050049 0.1635287738 0.1393225117 0.1768194935 0.1637001610 0.1204553507 0.1716412336 0.2391058255 0.2009828024 0.2231404455 0.2053347243 0.1920051572 0.1428690826 0.1787392236 0.1510053580 0.1713351630 0.1686789440 0.2513294835 0.3640299626 0.4215669505 0.5677648314 0.7250129773 0.8560706865 0.8894289157 0.8434805782 0.7288835464 0.6542675502 0.5304614183 0.3995899799 0.2267032389 0.2037448389 0.2034940032 0.1745511643 0.1649683888 0.1423842443 0.2076390770 0.1595710189 0.1074063458 0.1872569031 0.2231099648 0.1643809409 0.1661954281 0.1902109530 0.1300803967 0.1187672714 0.1797611475 0.1364818486 0.1994062892 0.1739485340 0.1941197712 0.1703918095 0.1143702391 0.2056650416 0.1754563784 0.2312017469 0.2903755837 0.4401942180 0.5096259534 0.6460890365 0.8113535649 0.8974318759 0.8521660578 0.8048133274 0.7565981711 0.5298496771 0.4173422939 0.3555699506 0.2727430175 0.1969022820 0.2043658054 0.1781971071 0.1988644015 0.1269264714 0.1807111255 0.1511577600 0.1826769626 0.1597300010 0.1853266886 0.2062742872 0.2060571695 0.1971696453 0.1550392577 0.1871349886 0.1567352783 0.1343055845 0.1967419744 0.1301047870 0.2002654746 0.2022839503 0.1589452311 0.2022151327 0.3036679851 0.3114124696 0.3818093521 0.4589565426 0.6000468889 0.7883389631 0.8815874002 0.9170746919 0.8003586770 0.7273354011 0.6211430499 0.4411417250 0.2980133596 0.2744744304 0.2640979255 0.1656027910 0.1777947251 0.2667515126 0.1647968544 0.1542582785 0.1938338260 0.2211404643 0.1422939869 0.1478917583 0.1627557777 0.1782765997 0.1929052781 0.1424413551 0.1444980488 0.1370092933 0.1664717308 0.1921500664 0.1294376313 0.1443625172 0.1383573843 0.1141120856 0.1758414146 0.2605104909 0.2261854454 0.3138342140 0.4920385275 0.5741422819 0.6867685063 0.8746782635 0.8900628550 0.9074059671 0.7770441975 0.7085775635 0.5415483788 0.3553018179 0.3354710580 0.2603835488 0.1288836414 0.1980775562 0.1443488561 0.2205936458 0.1790672007 0.1562892310 0.2187262945 0.2017361796 0.2332434667 0.1542525204 0.2606119726 0.1486484874 0.1856952696 0.1907182795 0.1700161464 0.2216412891 0.1483771862 0.1882299322 0.1827427217
0.1891417525 0.1290942835 0.1394447487 0.1276880845 0.1335756462 0.1169930232 0.1730116174 0.1375196279 0.1971819139 0.2188046806 0.3012356292 0.3445737184 0.4917015307 0.6034787231 0.7393669651 0.8698413652 0.8419805347 0.8316271314 0.6698420161 0.5805467902 0.3946484769 0.3186102483 0.2681246225 0.1945888103 0.1624520971 0.1468467140 0.1891896774 0.1485867572 0.1220984672 0.2111932857 0.1684090232 0.1110850747 0.2285852206 0.1423489962 0.2071066651 0.1830365476 0.1258400909 0.1347105695 0.1566229373 0.1678064450 0.1514644325 0.1862422610 0.1081456190 0.1751029842 0.1974478174 0.2053716313 0.1881319413 0.2752889715 0.3280872003 0.4200743748 0.6244784042 0.7132585527 0.8403698352 0.9401942304 0.8213899027 0.7717934096 0.6037551106 0.4575592477 0.3910171548 0.2645136252 0.1928495187 0.1699243081 0.1739500418 0.1687454813 0.1065820470 0.1755473332 0.1823267442 0.1326127140 0.2032943125 0.2223180437 0.1434589587 0.1675847348 0.1869882373 0.1394142005 0.1249125202 0.1822992242 0.1347799311 0.1535881171 0.1852210980 0.1395967260 0.1169287533 0.1999985274 0.2341744058 0.2012560603 0.2580737061 0.2852356443 0.4427263826 0.4934529494 0.6202148690 0.8359099571 0.8380014475 0.8960743295 0.8252530080 0.7095365661 0.5459493131 0.4370257987 0.3141711186 0.2337870060 0.1941940336 0.1964417997 0.1636204022 0.1771199353 0.1928957987 0.2149942335 0.2002919947 0.1522767698 0.1709518974 0.1596540930 0.1817190437 0.1450263612 0.2076158105 0.1148911098 0.1590696638 0.1531110494 0.1818986440 0.1349080147 0.1515634793 0.1697304061 0.1452836618 0.1088412540 0.1916680262 0.1936696188 0.2948176804 0.3569423269 0.4763600565 0.6285716653 0.7769271812 0.8301252707 0.8210765298 0.8956111580 0.7406743610 0.6195807961 0.4929221991 0.3598080615 0.2401291163 0.1953744472 0.1919734731 0.1872934271 0.1153201059 0.2196343335 0.1559006708 0.1637655001 0.1837460059 0.1433456585 0.2163494255 0.1656422879 0.1903736142 0.1845841120 0.2102470480 0.2131914946 0.1918089735 0.1689429616 0.1332680489 0.1770342236 0.1235220500 0.1645762477 0.1274403301 0.1862677005 0.2006359533 0.2416596752 0.3133991593 0.4510672702 0.5911971256 0.7850629209 0.8352975103 0.8969762285 0.8769212840 0.7638400987 0.6508769782 0.5613543558 0.3906842073 0.3098745774 0.2400039661 0.2246135988 0.1931968725 0.1992360953 0.1812629279 0.1309496352 0.1478507317 0.1961418524 0.1785396977 0.2101987489 0.1401048133 0.1541244163 0.1714565070 0.1855939051 0.1624967725 0.1491596599 0.1959234691 0.1791259809 0.2135152909 0.1465766693
0.1445394139 0.1321647297 0.1918850121 0.1597205540 0.1500553752 0.1918687323 0.1654323166 0.2349955530 0.2148775255 0.2706435586 0.2525868669 0.3516799247 0.4647572243 0.6426361466 0.7833068916 0.8382607468 0.8558275129 0.7622166451 0.7127502480 0.5470058535 0.4384071206 0.3114622847 0.1832176684 0.1873177403 0.1552178374 0.1689996942 0.1676320951 0.1653587004 0.1510864237 0.0977805655 0.1885916399 0.1458345246 0.1587794573 0.1414399444 0.1783624357 0.1660748898 0.1797639332 0.1892937683 0.1504963240 0.1607403070 0.1121058018 0.1451909831 0.1282591812 0.1520319160 0.1646480239 0.1694154033 0.2091557516 0.2794717637 0.3627915680 0.4325628743 0.5955799759 0.7005880471 0.8426770029 0.8376878826 0.8423075836 0.7458067144 0.6283563731 0.4696369790 0.3608085965 0.2157239267 0.2259081594 0.1453546173 0.1812161016 0.1383168062 0.1214493305 0.1758381126 0.1957412581 0.1768043309 0.1581508115 0.2423950128 0.1963525566 0.1235282339 0.1861984360 0.1139781357 0.1486785391 0.1947460655 0.1540279035 0.1253155754 0.2080743359 0.1608288228 0.1480321636 0.1892209031 0.1444031246 0.1616210713 0.1954378582 0.2980962194 0.4086102085 0.4862832890 0.7122675636 0.7371275480 0.8712988149 0.8759467044 0.7983186061 0.6771780585 0.5215153634 0.3844266512 0.3267919602 0.2312842845 0.1967685081 0.1845182794 0.1373806768 0.1946971040 0.1527853153 0.1583732884 0.1425906666 0.1397111774 0.1585047391 0.1743096717 0.1991227283 0.2122353764 0.1658667441 0.1890677940 0.1765086047 0.1832400567 0.1614644889 0.1260930849 0.1754901146 0.2002875334 0.1410978787 0.1534200267 0.1197342656 0.2515657030 0.2488079628 0.3445235912 0.5094627712 0.6134202448 0.7450086780 0.8360547625 0.9016080665 0.8230089058 0.7380033726 0.6251391154 0.5002870230 0.3410489322 0.2892345982 0.2185384522 0.2261558511 0.1725672129 0.1452146939 0.2054480886 0.2078133034 0.2097671046 0.1831488446 0.2042068134 0.1965895632 0.1697496177 0.2013530846 0.1593758228 0.2179882814 0.1455500175 0.2073650787 0.1643273854 0.1583531934 0.1195704075 0.1747120947 0.2104391777 0.1846890384 0.1668982776 0.1576731620 0.2769390145 0.2483619922 0.3760096527 0.5660250368 0.6660671507 0.8419294931 0.8945125546 0.8602989489 0.7729554089 0.6594676166 0.5332780112 0.4433589219 0.3142200417 0.2107470683 0.1791169378 0.2050331797 0.1668052516 0.1591162872 0.1811164012 0.2493441676 0.1529586356 0.0936384401 0.1478728124 0.1534045691 0.1559989817 0.1447815799 0.1651441867 0.1964696294 0.1149496540 0.1589691472 0.1663597580 0.2180065038 0.1876702407
0.1452040474 0.1419735643 0.2221418668 0.1882272787 0.1434539918 0.1587381403 0.1225344860 0.1659586671 0.1961815845 0.2577299042 0.2267872921 0.3908686299 0.5174654183 0.6054376434 0.7260701574 0.8325495880 0.9278270640 0.7965827275 0.7137383625 0.5196665337 0.4306575406 0.3363572085 0.2502240665 0.2453298383 0.1930672446 0.1224566559 0.1914458301 0.1443037212 0.1599265664 0.1591508300 0.1929801467 0.1429597392 0.1539847672 0.1642999602 0.1469548569 0.1259292688 0.1679243245 0.1252128012 0.1404376295 0.1408488922 0.1935734715 0.1469378996 0.0962661595 0.1235068496 0.1887042230 0.2243272866 0.1870601898 0.2272553118 0.3439007712 0.4494203442 0.5969386414 0.7160831868 0.8803931889 0.8908396317 0.8426305810 0.7431483359 0.6153972617 0.5017188322 0.3718844311 0.2825258563 0.2301679461 0.1763181865 0.1685587313 0.1915780270 0.1887646792 0.1440892714 0.1596083608 0.1567339996 0.1823265091 0.2060314828 0.1457520504 0.1395206857 0.1293713609 0.1648141150 0.1820648888 0.1585500889 0.1362051355 0.1859341873 0.1905460393 0.1862019767 0.1251715870 0.1845114785 0.1426559300 0.1647301321 0.2258503006 0.3104615473 0.3988116235 0.5372233556 0.6952694987 0.7915131019 0.8753625901 0.8812704781 0.7936180868 0.7333894178 0.5204690652 0.3802333404 0.2830496209 0.2937421676 0.2084456850 0.1926106818 0.1468890895 0.1683666626 0.1373954299 0.1996566270 0.1893136917 0.1585739506 0.1269370621 0.1557762192 0.1892290395 0.1526848179 0.1378087758 0.1587806793 0.1768191500 0.1059758679 0.1860769752 0.1841816994 0.2016079111 0.2045064616 0.1417633503 0.1790065701 0.2116632167 0.1750167859 0.2547997940 0.3596144913 0.4862023252 0.6390731314 0.7603945284 0.8934085304 0.8846216669 0.8208202425 0.7678547973 0.6421053206 0.4681703942 0.3369479212 0.2292431881 0.2532736353 0.1704953182 0.1642164578 0.2513800036 0.1752065758 0.2055120440 0.1872700361 0.2346173328 0.1496062076 0.1269300381 0.1666191870 0.1477695968 0.1876061556 0.1699927471 0.1996995982 0.1963553113 0.2001175201 0.2006333209 0.1486677282 0.1720622847 0.1859232493 0.2212271888 0.2029077210 0.2540410652 0.2281262316 0.3500084777 0.4621611944 0.5032480201 0.7770435132 0.8491611883 0.8763648385 0.8851567104 0.8298815609 0.6715173712 0.5057026244 0.3680657154 0.2611409080 0.2497754108 0.2275319697 0.2210022020 0.1482299175 0.1733983615 0.1982276547 0.1455284604 0.1978772526 0.1398816302 0.2462595647 0.2107105060 0.2033537038 0.1887303862 0.1734665741 0.1697965882 0.1921272492 0.2306194715 0.1646880225 0.1410537479 0.1230868160
0.1345308230 0.1697362831 0.1596268046 0.1610032225 0.1233051054 0.1417384320 0.1306115692 0.1343750360 0.2000393122 0.2099260524 0.2953187229 0.3724229480 0.4839322614 0.6121778758 0.8023300395 0.8639419001 0.8888147337 0.8042493490 0.6788576635 0.5491846506 0.4230193440 0.3292380739 0.2591833571 0.1823987697 0.1756960323 0.1544221831 0.1569134999 0.1632892267 0.1396424684 0.1371502486 0.1727948222 0.1795183260 0.1892132384 0.1206186250 0.1777180062 0.1237772955 0.1343917707 0.1388970690 0.1776631640 0.1616891883 0.1444672933 0.2079535684 0.1439219702 0.1344315951 0.1632571140 0.1779084661 0.1707079432 0.2335021319 0.3427645622 0.3803904776 0.5777576305 0.6779149256 0.8246701231 0.8642223091 0.8298464841 0.7525620345 0.6092492087 0.4900298356 0.3606891589 0.2355548164 0.1902278976 0.1826072515 0.1886629933 0.1481774022 0.1143310041 0.1411959158 0.1278689113 0.1342606179 0.1451463480 0.1439328677 0.1212023233 0.1795387910 0.1451202292 0.1604845808 0.1486413824 0.1498006294 0.1581048052 0.1324920189 0.1856117579 0.1791794721 0.1502002349 0.1692367300 0.1626126502 0.2416158658 0.2310464754 0.3160961909 0.4194006399 0.5477145799 0.6937046217 0.7671234605 0.9101322563 0.9109182886 0.7805924322 0.6739650710 0.5385123335 0.4198950013 0.3676634944 0.2238651727 0.1963770369 0.1720911667 0.1542787420 0.1425619872 0.2417901418 0.1883622338 0.1347660435 0.1796180356 0.1697924866 0.1465266449 0.2146530765 0.1414197135 0.1548428100 0.1376425990 0.2423819413 0.1766051813 0.1303093449 0.1573254224 0.1860398317 0.1681157817 0.1650658072 0.1460078060 0.2041210752 0.1690657784 0.1881210191 0.3639454423 0.4524706123 0.6490453390 0.7511231599 0.8608197858 0.9394446318 0.8615040013 0.7539447313 0.5830537997 0.4593566393 0.2997769126 0.3222605179 0.2061582509 0.1803397295 0.2066391408 0.1887165782 0.1695851845 0.1722057053 0.1502574068 0.1265909079 0.1431790866 0.2076537344 0.1456824256 0.1611215346 0.1494518722 0.2002840534 0.1478272743 0.1834988927 0.2163376197 0.1807599204 0.1535272470 0.1398818830 0.1579177803 0.2027145178 0.2452853208 0.2050174434 0.2333681168 0.3144960485 0.4497498959 0.5671102923 0.6848331459 0.8640256436 0.9182799848 0.8196912675 0.8535497408 0.6283763693 0.4470496467 0.3678743092 0.3047768406 0.2508255303 0.2510645968 0.1714350317 0.1695697761 0.2367497788 0.1938081155 0.1654945691 0.1806864885 0.1478201578 0.1684646172 0.1345097856 0.1374099995 0.1630532538 0.2078865544 0.1388107589 0.1380128763 0.1735300040 0.2193963982 0.1561976594 0.1972335434
0.1777229429 0.1872472751 0.1630682639 0.2009099345 0.1511961351 0.1574620366 0.1522421897 0.1742200012 0.1902399267 0.2064831482 0.2752354053 0.3447597876 0.4909786219 0.6383462273 0.7512993171 0.8795793393 0.8809033078 0.8267595038 0.7146093485 0.5242037839 0.4222744092 0.3081836800 0.2589061401 0.2128709419 0.1567322572 0.1677430504 0.1879619764 0.1646610921 0.1670838764 0.1498256041 0.1381402026 0.1825817816 0.2118191687 0.1819703271 0.1890358975 0.1649674276 0.1340157401 0.1665825625 0.1581690413 0.2020127024 0.1743896582 0.1645451333 0.1845147337 0.1569477769 0.2180114697 0.1708785011 0.1941634531 0.2477519396 0.3296704946 0.4342643504 0.5792697729 0.6686015605 0.8478318515 0.8424457073 0.8312772617 0.7505259156 0.6076905150 0.4907456132 0.3598344578 0.2987696602 0.2283785719 0.2278373528 0.1426079506 0.1899263851 0.1798657171 0.1459269357 0.1639558989 0.1966534997 0.1394711545 0.1633334012 0.2161637248 0.1357497996 0.1565381917 0.1763132962 0.1695679471 0.1782782198 0.1568589125 0.2211723924 0.1549637184 0.2005747042 0.1416854775 0.1832743493 0.1551793857 0.1806824843 0.2041375136 0.2778491671 0.3664112025 0.5161192155 0.7081518735 0.8275930112 0.8704042957 0.8877027083 0.7929980763 0.7039248388 0.5546588903 0.4428601529 0.3378811481 0.2477724532 0.1822610664 0.1958528742 0.1891191999 0.1834585825 0.1960611737 0.2417042332 0.1864770839 0.2288838069 0.1787695368 0.1396107731 0.1774038411 0.1810332152 0.1535340664 0.1657007404 0.1421802865 0.1541746123 0.1631181073 0.2000853213 0.1741031529 0.1739359199 0.1899583280 0.2162890522 0.2010428696 0.1987395974 0.3072302631 0.3566968115 0.4585941257 0.6018968698 0.7836283358 0.8940793625 0.9043556209 0.7962192986 0.7173785541 0.5785132540 0.4529120823 0.3388863882 0.2748366177 0.2002725942 0.2148338888 0.1732324443 0.1867150294 0.1627743053 0.2410684341 0.1952313724 0.1747212168 0.1686997522 0.1476304729 0.1937899507 0.1817701489 0.2109347804 0.1968040955 0.1883298380 0.1787613680 0.1396281673 0.2006868184 0.1675968303 0.2015413002 0.1417977039 0.1893673821 0.1577414781 0.1635489215 0.3254392356 0.2765699826 0.4486862963 0.6395254499 0.6900603433 0.7803210789 0.8795208891 0.9487496944 0.7507699611 0.6296811478 0.5766525011 0.4133528366 0.3322288046 0.2071088250 0.1883818828 0.2665595094 0.1924870469 0.2023070543 0.1729185570 0.1980117028 0.1892597191 0.1487718099 0.2176612837 0.2040205095 0.1673842399 0.1683407922 0.1623768950 0.1403367884 0.1933380002 0.1786617743 0.1974870396 0.2099768591 0.2075862162
0.1855908630 0.1983779560 0.1459083261 0.1553609665 0.1880851694 0.1378992946 0.1793143756 0.1773822466 0.2432602772 0.2023308417 0.2395487599 0.3240729216 0.5242114727 0.6527972482 0.7788123639 0.8555115996 0.9206368618 0.8162522505 0.6827649951 0.5562317014 0.4798572241 0.3907651182 0.2518122922 0.2276110561 0.1688143189 0.1649545868 0.1608906412 0.1619495493 0.1827266504 0.1583107464 0.1686602666 0.1532348251 0.1718549077 0.2033763189 0.1771365009 0.1791339248 0.1360853361 0.2030780108 0.1714144767 0.1452715012 0.2138222804 0.1999926639 0.1613604877 0.1588758373 0.1750944722 0.1641059453 0.2031887074 0.3208918884 0.4002642950 0.4892998055 0.5845230577 0.8200635712 0.8233333426 0.8957786561 0.8919428003 0.7854917666 0.6416847980 0.5378044585 0.4248917918 0.2127926344 0.2252757445 0.2389517227 0.2006136992 0.2210268363 0.1535048300 0.1922008155 0.1897907101 0.1756074490 0.1843747317 0.1423975824 0.2034116281 0.2007589439 0.1667640464 0.2244270485 0.2054441458 0.1304087535 0.1981625209 0.1950547453 0.1647517223 0.1753629386 0.1657277589 0.1588721393 0.1740990851 0.2286899102 0.2401117456 0.3240870373 0.4539353398 0.5448105331 0.6605805020 0.8164354036 0.8699358627 0.9453950145 0.8116220114 0.7101519077 0.5083878913 0.4362150169 0.3344547125 0.2137594569 0.2007635542 0.1873218290 0.1947545567 0.1488634454 0.1933738304 0.1469295085 0.2036890231 0.1961486801 0.1901769767 0.1843852610 0.1695029745 0.2008597786 0.2390831204 0.1633885430 0.1780061643 0.2051624929 0.1383948340 0.1902198382 0.1497038162 0.1913911870 0.1667509057 0.2132418824 0.2168037997 0.2321982553 0.2686372814 0.3515928562 0.4815229738 0.6682626594 0.7465166187 0.8634509919 0.8929512950 0.8841373693 0.7350112688 0.6233416843 0.4452226961 0.3421774684 0.2334157696 0.2565371501 0.2111585610 0.2066263870 0.2111354262 0.1471481313 0.1733057100 0.2205654817 0.2033661599 0.1763969351 0.1688874949 0.2116241421 0.1884872708 0.1770217231 0.1640511272 0.1919168430 0.1684354612 0.1993397502 0.1880413180 0.2247968770 0.2249533462 0.2027144673 0.1703043120 0.1882784097 0.1745190448 0.2671363651 0.3363680449 0.4495513193 0.5865907680 0.7000503056 0.9048141117 0.8943465241 0.8546715040 0.7958445098 0.7426899621 0.5694922864 0.3957137418 0.3685428277 0.3114016187 0.2398066894 0.2322668785 0.1972130647 0.1970071491 0.1656796062 0.1588857140 0.1636160669 0.2135869191 0.1548732664 0.1914132097 0.2171828638 0.2516364460 0.1557734723 0.2211634482 0.1917767143 0.1977648077 0.1386057400 0.2243128466 0.1589272557
0.1412839735 0.2260957922 0.1020629586 0.1576496029 0.1006621155 0.1961398917 0.1789966758 0.1439902857 0.2107214742 0.2800659003 0.2841433598 0.3706179029 0.5267581437 0.6436531340 0.8224366287 0.8308968667 0.9407126195 0.8405554693 0.7353102555 0.6303532512 0.4744384472 0.3508069850 0.2570934214 0.2039124468 0.1971606423 0.1868626482 0.1386810761 0.2003272133 0.1261395541 0.1509868851 0.1498171596 0.1536996310 0.1663240560 0.1696820523 0.1705860333 0.1943953388 0.1493805547 0.1795450779 0.1914362842 0.2440867048 0.1582473140 0.1325093013 0.1456306383 0.2151245149 0.1996470133 0.1999500543 0.2645097335 0.2699714065 0.3409618383 0.4552546963 0.5509926029 0.7109346751 0.9055228829 0.9512433054 0.8862719531 0.7543410849 0.6254633745 0.4802620824 0.3864271246 0.2846752449 0.2297484818 0.1943545092 0.2191206988 0.2022039702 0.1306979596 0.1336317973 0.2251211276 0.2025536257 0.1589669664 0.2216292596 0.2230838243 0.2025893819 0.1194406489 0.1762315276 0.2082420920 0.1993124838 0.2009463708 0.1564396672 0.1964455899 0.1603660038 0.1789865790 0.1649688906 0.1965662714 0.2442158520 0.2514503485 0.3038096761 0.3956160146 0.5758143956 0.7242297512 0.8270805056 0.8751652316 0.8790581548 0.8242063054 0.7171534271 0.5416870709 0.3859379044 0.2889254488 0.2343875378 0.2265169604 0.1905280990 0.2021667283 0.2195472707 0.1955737231 0.2013400261 0.2121659541 0.2002977843 0.2123225196 0.1371814807 0.1877035000 0.2019938634 0.1892681013 0.1702217796 0.2150791205 0.2142732442 0.1996169469 0.1600295494 0.1759268321 0.1714605017 0.1675076683 0.2097427293 0.2039909439 0.2242349534 0.2776135526 0.3550491288 0.5069641939 0.6473156374 0.7515212273 0.8867116284 0.9099984775 0.9123069886 0.7901463494 0.6629692099 0.4505751389 0.3676574197 0.2524271731 0.2210243123 0.2264200466 0.2133644191 0.1677423258 0.1571357274 0.1773589950 0.2328872516 0.2071227621 0.1935858707 0.2093804537 0.2308159664 0.2233146494 0.1275313471 0.1939459169 0.1800682522 0.1906871596 0.1471491756 0.1976294980 0.2015743996 0.2185737209 0.1931840587 0.1859625609 0.1703034909 0.2465221117 0.2552815515 0.3764847284 0.4555843719 0.6375047211 0.7480726054 0.8362484236 0.9264995672 0.8784745439 0.8053042900 0.6654224082 0.5284362787 0.4475419014 0.3477380472 0.2470300161 0.2386891873 0.2292189711 0.2390986850 0.1981317129 0.1843620369 0.1874335747 0.1428539034 0.2372662178 0.1912777399 0.2078864357 0.1819983724 0.1808924571 0.1562724345 0.2535357328 0.1892654931 0.1535975389 0.1226554706 0.1990219561 0.1691351042
0.2035326737 0.1559266962 0.1902658584 0.2156765045 0.1794726794 0.1755077520 0.1918308434 0.1706055432 0.2290670944 0.2068779930 0.3213937359 0.3768710751 0.5061365459 0.6678653684 0.7676989267 0.8506739865 0.9331467372 0.8787996684 0.7502434050 0.6131626897 0.4309434513 0.3521634888 0.2660640045 0.2001965710 0.1606532991 0.1472427657 0.2014402520 0.1576075194 0.1575616634 0.1524287231 0.1705323960 0.2099727109 0.1590169724 0.1947924283 0.1801804780 0.1665061222 0.1681371614 0.1823706614 0.2317358395 0.1860134676 0.1758288999 0.1793975346 0.2218205657 0.2105461113 0.2016612169 0.1941187917 0.1789726533 0.2667774399 0.3165337872 0.5028403451 0.5661970639 0.7285791378 0.8356740960 0.8805433105 0.9088081302 0.7990556230 0.6316560721 0.5226506682 0.4014011153 0.3407501541 0.2127137057 0.1721824746 0.1698642750 0.1491643193 0.2118581844 0.1448568502 0.2053878061 0.1845727939 0.1631085232 0.1783312934 0.1783240260 0.1696442098 0.1854939425 0.1695381828 0.2105286010 0.2064646439 0.1551429322 0.1914257247 0.1431083018 0.2201832930 0.2132334060 0.1771842005 0.2025129138 0.1830558607 0.2050691715 0.3083504759 0.3657659665 0.5381281668 0.7386365405 0.8053640951 0.8711229052 0.8931641944 0.8090401481 0.7083326225 0.5496677411 0.4231461043 0.3365231419 0.2330041397 0.2552475453 0.1875375466 0.2048871045 0.1913373918 0.1793082985 0.2220349514 0.1836512760 0.1897117109 0.1885827212 0.1900854830 0.1763156604 0.1876747513 0.1614908543 0.1940185358 0.2163915569 0.1967567323 0.1792736360 0.1828218426 0.2072953521 0.2340928286 0.1517970880 0.2563083965 0.1975760866 0.2135423360 0.2357304683 0.4057705475 0.5588439451 0.6260447517 0.7821899232 0.8335175120 0.9346296237 0.8579883071 0.7522840232 0.5997715633 0.4698438523 0.3990798016 0.2666773958 0.3018056397 0.2192906828 0.1424565564 0.1892741141 0.2342290927 0.2355341618 0.1651798190 0.1339836181 0.1891432880 0.2429731610 0.1984348167 0.2223371944 0.1964622286 0.2350518471 0.1843792650 0.2130753936 0.1605797443 0.1564208251 0.1494850475 0.1889857318 0.2229296107 0.1861552875 0.1799920679 0.2272886351 0.2929494233 0.3403128338 0.4387453441 0.6376212075 0.7503429123 0.7948948168 0.9132885883 0.8845495222 0.8258125741 0.7011643578 0.5461180980 0.3707660062 0.3230448519 0.2176946231 0.2424391729 0.2536725925 0.1853181886 0.2224999812 0.1943194720 0.2144308188 0.1972204350 0.1693247667 0.2547756684 0.1691041029 0.2056566703 0.2072309560 0.1796999467 0.1662567958 0.1723320244 0.1561294498 0.2417462589 0.2395627606 0.1839152743
0.2007507850 0.1429454928 0.1417556547 0.1413392129 0.1631584425 0.1693539382 0.1747964594 0.1910650857 0.1769887714 0.2248646622 0.2506433112 0.4014195673 0.5024491229 0.6654624449 0.7999906536 0.8750645468 0.8869636057 0.9026806116 0.7223571008 0.5609953318 0.4535001971 0.3421459760 0.2537338451 0.2154806727 0.2081545931 0.2333769017 0.1873371485 0.1379370541 0.2210790423 0.1602898204 0.1516155152 0.2084994024 0.1661876658 0.1354962354 0.1933065245 0.1730409772 0.1737330778 0.1798554911 0.2107237518 0.1664431697 0.2215093955 0.1908719862 0.2238967189 0.1859710411 0.1777915688 0.2009440571 0.1971311491 0.2624406649 0.3280836582 0.4598127934 0.5748258605 0.7275734732 0.8727654376 0.8826221120 0.8694264078 0.7608131074 0.6534544253 0.5335343607 0.3998559106 0.3074979912 0.2564152213 0.2049543486 0.1516496671 0.1806961629 0.2252892235 0.1632654291 0.1889405954 0.1757688535 0.2095575045 0.2041817289 0.1281904042 0.1482918338 0.1991458032 0.1669370465 0.1808421756 0.1759544678 0.1916758944 0.2029073201 0.2178961549 0.1631218271 0.2150730874 0.1692533497 0.1709309435 0.1939331032 0.2385018393 0.2717626743 0.3716889861 0.5883359212 0.6790001216 0.8595679774 0.8864428190 0.8975146296 0.8151214616 0.6601185807 0.5997874205 0.4094235996 0.3074321761 0.2817341671 0.2056191104 0.2366868198 0.1955299313 0.1972057038 0.1753557420 0.1676235067 0.1430411708 0.1965112019 0.1774510159 0.1582352913 0.1813802079 0.1964204526 0.1889632420 0.2412148073 0.1665113397 0.2393872985 0.2064085210 0.1909770989 0.2480449689 0.1917129523 0.2116957273 0.2432517479 0.1777017946 0.3006472052 0.3187323940 0.3661542603 0.5052625836 0.6784203924 0.7559978385 0.8481788650 0.9388225979 0.8605780987 0.7937872309 0.6379627201 0.4701205264 0.3486813832 0.2839833523 0.2215026950 0.1969382153 0.2300667249 0.2185247214 0.2110913234 0.1579572714 0.1852876440 0.1880357133 0.2009923926 0.1886002375 0.1858532201 0.1622588061 0.1914020118 0.2363914962 0.2015729628 0.1792967510 0.1898806402 0.2023877455 0.1911459791 0.2254196784 0.1953439063 0.2052737469 0.1642631793 0.2281093314 0.3024564413 0.3540880872 0.4582821718 0.5683416934 0.6800641766 0.8407983526 0.9380262677 0.8874682388 0.7853753240 0.6690806823 0.5504654447 0.4283709077 0.3391395480 0.2777888272 0.2086146986 0.2137843838 0.1770573715 0.2156789947 0.1754457696 0.2337469012 0.1454754499 0.2126520430 0.2290733741 0.1761034063 0.1966910748 0.2053423386 0.2044633470 0.2148466920 0.2225246657 0.1527698157 0.2359866699 0.2159532249 0.2472751592
0.1811350532 0.1039569151 0.2382108464 0.1501232206 0.1437061580 0.2045384070 0.1477714594 0.1749650753 0.1837786116 0.2202918196 0.3284626791 0.3824037556 0.5006047376 0.6378740547 0.7990298232 0.8890832142 0.8675412606 0.8342397317 0.7110129643 0.6062951126 0.4426765325 0.3001113694 0.2953809882 0.1954226153 0.1445527880 0.2082085200 0.2046357710 0.1895841057 0.1434785005 0.2326975886 0.1564157126 0.1311964859 0.1726994682 0.1958884629 0.1451767399 0.1951997314 0.1576047455 0.1895659646 0.2021566185 0.1172875403 0.1655973841 0.1873198706 0.2261138975 0.1757183811 0.1786206609 0.2324055528 0.2206047032 0.2611468181 0.3286703646 0.5189548935 0.5999731576 0.7524103119 0.8575578402 0.9058000648 0.8782958109 0.8069510697 0.6307342981 0.5118110338 0.3969341306 0.3137392980 0.2694842202 0.2045161364 0.1806755662 0.2356596519 0.2058086946 0.1723681015 0.1701302595 0.1352892558 0.1882072591 0.1765151631 0.2201988228 0.1842809937 0.1002661686 0.2254287738 0.1925026755 0.1807963757 0.1936140095 0.2047334590 0.1948845660 0.2003903488 0.2143042520 0.1972935788 0.1683459696 0.2196022693 0.2183599313 0.2855549456 0.4228565400 0.5697805154 0.6728984737 0.8332660546 0.8823566975 0.9029640486 0.8239945186 0.6563763949 0.5511078693 0.4602901848 0.3559433718 0.2817947645 0.2700318775 0.2121216850 0.1986052229 0.2127061025 0.1819226907 0.1839577789 0.1915302562 0.1465677371 0.2221421316 0.1660132448 0.1920396368 0.1587299716 0.1912972020 0.1392304826 0.1865562493 0.2018920247 0.1788484685 0.1970291400 0.2230996302 0.1989795937 0.2329626014 0.2030410890 0.2522129324 0.1990067716 0.2974741021 0.3939133771 0.5009427705 0.5855951957 0.7616472877 0.8851268992 0.8787458097 0.8747431743 0.7570252926 0.6560784771 0.5108354758 0.3629423734 0.2979116537 0.3274162928 0.2149155929 0.2374964677 0.2030485532 0.1991764904 0.1761124287 0.1877576420 0.1729585220 0.1871178853 0.1719883507 0.1712824278 0.2164994797 0.1815350295 0.1907279848 0.1953734477 0.1840850432 0.1531476970 0.2283917914 0.2233894277 0.1937667083 0.1620100287 0.2294313853 0.1964123344 0.2537072054 0.2803386546 0.3528801462 0.4906382835 0.5827799237 0.7500881239 0.8775689575 0.9110914796 0.9339305712 0.7820308986 0.7348656438 0.5894583066 0.4222699001 0.3524535785 0.2547095018 0.2242525455 0.2218730188 0.1852607922 0.2195728717 0.1746417491 0.1766588724 0.2083196015 0.2064873794 0.1816835048 0.1876977948 0.2526096702 0.2048042268 0.1863266025 0.2384738376 0.1783600820 0.1764304382 0.2674458176 0.2273151251 0.1773975293
0.1828346049 0.1633842439 0.1578031916 0.1919400086 0.1554870439 0.2219996425 0.1978250422 0.1781975125 0.2408713896 0.2248541810 0.3065114473 0.3961546658 0.5469333267 0.6599347666 0.7840043193 0.8980963039 0.8878690449 0.8415389804 0.6767419847 0.5963940334 0.4206807947 0.3175718522 0.2825445394 0.2350652714 0.2246552455 0.1847687375 0.2115303043 0.1353508848 0.1342214117 0.1859191926 0.1831489742 0.1835680279 0.1662514006 0.1365930022 0.1894913134 0.1652413364 0.1839238375 0.2030321869 0.2217958916 0.1870211839 0.1625257309 0.1696231529 0.2002675063 0.1460848077 0.1645949634 0.2111284105 0.1588332227 0.3105418281 0.3786182330 0.4499999332 0.5685755005 0.7992060516 0.8803989975 0.9151185766 0.8682661096 0.7819176180 0.5992323312 0.4748153924 0.3898243730 0.2986791666 0.2469016686 0.2722173835 0.2032822276 0.1862191425 0.1261185357 0.1219997973 0.1924133942 0.1994522946 0.1883549122 0.1894156444 0.2467871984 0.2132540066 0.1841495163 0.2140654280 0.1638356010 0.1912947361 0.1651026086 0.1906965678 0.1876930923 0.2172544140 0.2024830208 0.1448715373 0.1715603854 0.2042150963 0.2360411766 0.3007267123 0.4198707507 0.5077025138 0.7120640788 0.7744072235 0.8967397324 0.8875578851 0.7946770136 0.7116816404 0.6016640316 0.4079326901 0.3051408531 0.2761351714 0.2374032796 0.2091981053 0.2310037885 0.1776661950 0.1583669596 0.1913494796 0.1897833760 0.2121632223 0.1980511881 0.1528761770 0.1557772596 0.2105597803 0.1891198023 0.1578147607 0.2130434659 0.2396582641 0.1995010837 0.1832060135 0.1261841119 0.1458790369 0.2350736681 0.2058225665 0.2610978949 0.2303057907 0.2747415426 0.3616464543 0.4800466472 0.6109060356 0.7798729638 0.8874063811 0.9050010426 0.8934711422 0.7624893114 0.6168390642 0.4707447648 0.3735276884 0.2917789233 0.2324835750 0.2346380188 0.1437755750 0.1934961216 0.1930140943 0.2200741107 0.1960734300 0.1703152035 0.1743220994 0.2157384573 0.2063115234 0.1787240665 0.1760232734 0.2220444939 0.1581938187 0.1676209672 0.1901357312 0.2223105255 0.1654477875 0.2509670187 0.1727335581 0.1950167146 0.2076565218 0.1910981343 0.2738075063 0.3380414919 0.4874504110 0.5200027298 0.7639902201 0.8815307650 0.8846049835 0.8872729929 0.8446705966 0.6560589410 0.5665975592 0.4354053454 0.3703105239 0.3354189683 0.1787412539 0.1756955475 0.1894208248 0.2373288303 0.1545635623 0.2361695749 0.1899639664 0.2593218703 0.1939423187 0.2117052012 0.2274375693 0.1800708129 0.1700108952 0.1881805832 0.2227415330 0.2304315384 0.1942443720 0.1977348114 0.2272577411
0.1414368732 0.2390601530 0.1813361529 0.1665701153 0.1661421898 0.1195520980 0.1730850865 0.1567836398 0.1955491537 0.2166852537 0.2411309031 0.4041025020 0.4815984167 0.6455625433 0.7419667343 0.8477848401 0.8810095774 0.8332344938 0.7179745771 0.6199826723 0.4263224095 0.3420933553 0.2439642458 0.2635447852 0.2229070576 0.1482182706 0.1534419078 0.1916274626 0.1736422481 0.1827940630 0.1126915268 0.2090392418 0.1554590715 0.1882836483 0.1451713106 0.2106241245 0.1975098127 0.1302541653 0.1811082833 0.1980782936 0.2034043503 0.1855469482 0.1539407439 0.1780243111 0.1789341686 0.1648195547 0.2230955990 0.2716266545 0.3604989618 0.4674044425 0.6195011188 0.7484768298 0.8383237393 0.9280323248 0.8725559134 0.7473106966 0.6329349028 0.5127143000 0.3523089642 0.2686270689 0.2544665118 0.1851379097 0.1740325212 0.1782523229 0.1968826700 0.1666442911 0.1828578063 0.1606496323 0.1574486745 0.1456983980 0.1571091563 0.1382316154 0.1886667496 0.1459967177 0.2171709922 0.1339894798 0.1891684986 0.2286683964 0.1342304246 0.1911637809 0.1938326358 0.1764592401 0.2235263841 0.1860594066 0.2058532071 0.2808816981 0.4640556811 0.4931074039 0.6665912377 0.7475927285 0.8981418408 0.8879678685 0.8785471947 0.6824784889 0.5710040721 0.3915869686 0.3646234969 0.2400122709 0.2013935002 0.1927276242 0.2160856862 0.1914220222 0.1743203770 0.1829789600 0.1986893695 0.2023411758 0.2227918006 0.1389153952 0.2306229845 0.2009637570 0.1459130574 0.1927772533 0.2093652081 0.2324422524 0.1938980213 0.2076932432 0.2182008847 0.2014269988 0.2333125033 0.2055470077 0.2459150911 0.2127640153 0.2995540012 0.3461442789 0.4752424014 0.6448655464 0.7753334960 0.9240247436 0.8848791680 0.8406734567 0.7502076731 0.6173866082 0.5230432333 0.3861995957 0.3123713224 0.2416552745 0.2349916412 0.1609820162 0.2027159507 0.1904699390 0.1511601737 0.1249666987 0.2179127176 0.2563681766 0.1873140334 0.2106328248 0.1685906229 0.1687107135 0.2357158890 0.2424662097 0.1806449466 0.1814945710 0.1953651961 0.1723233778 0.1756500817 0.1974271496 0.2046506631 0.1705653058 0.2201513245 0.2908941074 0.3498328355 0.4681337889 0.5455356128 0.7284590069 0.8694572534 0.9343319151 0.8815739906 0.8072414981 0.7032714142 0.5294979890 0.4401047168 0.3258280145 0.2785093141 0.2042288520 0.1774628280 0.2005661235 0.2055981201 0.1755663351 0.1179237637 0.2026594707 0.1569149464 0.1772259536 0.1668023187 0.2424429312 0.1332555647 0.2205582561 0.1878180509 0.2405800273 0.1548026390 0.1746102778 0.1739056791 0.1330124172
0.1992674675 0.1688751774 0.1603009477 0.1391968279 0.1306725854 0.1501904147 0.1474650617 0.1465743338 0.1917795968 0.2292014424 0.2891134637 0.3605246260 0.4794709374 0.6406276651 0.8023163339 0.8465582158 0.9020579580 0.8370013407 0.7067932890 0.5563348191 0.3902919893 0.3444553989 0.2445944752 0.2047410803 0.1981708365 0.1466526952 0.1927888926 0.1653859161 0.1240304444 0.1650207147 0.1841453450 0.2073078251 0.1843685572 0.1261661108 0.1644163892 0.1872117954 0.1681585253 0.1644370771 0.1534377485 0.1657434876 0.1694586242 0.1610697526 0.1769888514 0.1658640964 0.1771245579 0.1688309507 0.2465247028 0.2511577589 0.3125787815 0.4517063880 0.5800582958 0.7220949733 0.9044029946 0.9017509313 0.8963568759 0.7391732934 0.6247707829 0.4825507948 0.3883122621 0.2781703476 0.1823520827 0.2130657145 0.2317061003 0.1497468302 0.1702261809 0.1196362872 0.1731662596 0.1320162200 0.1403144594 0.1752767429 0.1618998807 0.1907582536 0.1217743443 0.1866198658 0.1983800981 0.2186977521 0.1938903426 0.1234850059 0.1502450364 0.2010863940 0.1510341763 0.2424748562 0.1614865590 0.2138948009 0.2480602070 0.3374393256 0.4469104651 0.5664002020 0.6927182335 0.7740838616 0.8721089101 0.8187995782 0.7723384906 0.7005779459 0.5983461862 0.4418220524 0.2727789865 0.2826193320 0.2040782455 0.1813244059 0.1728807567 0.2000087795 0.1897963212 0.1540822100 0.1413285257 0.1675075330 0.1766599274 0.1776413598 0.1914654192 0.1556052357 0.1923104557 0.1994509296 0.1696542817 0.2307830203 0.1509324972 0.1723724475 0.1829335433 0.1743512719 0.1811384631 0.1608267692 0.1583185856 0.1991340306 0.2704851727 0.3670213915 0.4613414008 0.6171977254 0.7438012262 0.8703646065 0.8887026892 0.8377800562 0.7500390562 0.6054089196 0.4773864735 0.3106554379 0.2369781316 0.2232971155 0.1321419093 0.2191598368 0.1973246631 0.2068602783 0.1864003299 0.1830317337 0.2206852039 0.1677377330 0.1792566397 0.1953157344 0.2259734521 0.1876229530 0.1865704744 0.2014289196 0.1513581552 0.1859811310 0.1912195546 0.1794717928 0.1944890629 0.2104817778 0.1907445271 0.1441364026 0.2225787416 0.2606895155 0.3621758242 0.4730578209 0.5514924030 0.7422635195 0.8554373931 0.9245659268 0.8941268112 0.7954775139 0.7372551623 0.5133893761 0.4218504458 0.3257442004 0.2495356960 0.2079951025 0.2060313853 0.2259884249 0.1861452017 0.2160953981 0.2142139839 0.1526143436 0.1450752905 0.1752942473 0.1490137698 0.2273912976 0.2106953289 0.1890021222 0.1981015868 0.1934917436 0.2084941206 0.1830967930 0.1974899355 0.1870487567
0.1958602524 0.1449244492 0.1346234376 0.1335643780 0.0877987670 0.1768456109 0.1696322798 0.1263107946 0.1799766608 0.1860357393 0.2735653663 0.3414432813 0.5184756465 0.6350479078 0.7859059106 0.8123529431 0.9042579109 0.7893842365 0.6914269659 0.5493850266 0.4053701456 0.3028874825 0.2289419809 0.2144795948 0.2027720878 0.1516656190 0.1738235949 0.1717421026 0.1313881855 0.2232839588 0.1720612710 0.1752754695 0.2248383832 0.1864474004 0.1836393272 0.1384626519 0.1449101539 0.1683580065 0.1992400445 0.1924683712 0.1965513421 0.1983319605 0.1374213331 0.1856903955 0.2263128388 0.1877091712 0.2199468650 0.3220285062 0.2943312493 0.4301522031 0.6131749963 0.7688496740 0.8248005867 0.8432359366 0.8579959804 0.7634231287 0.5990246116 0.4913183125 0.4016617697 0.2884604298 0.2374901186 0.2130416514 0.1316808726 0.1667460418 0.1570876415 0.1545760437 0.1338414847 0.1405523968 0.1424978025 0.1700766095 0.1575851076 0.1619157992 0.1716059785 0.1505412459 0.1663325269 0.1527698200 0.1270776134 0.2061803697 0.1883848724 0.1382869221 0.1452693429 0.1786970185 0.2020021407 0.1892423248 0.3227214468 0.2907024646 0.3396782420 0.5109747838 0.7087064722 0.7852602444 0.8357581096 0.8617331503 0.8399663809 0.6933021578 0.5312698865 0.4244379856 0.3350063845 0.2507391563 0.2161264787 0.1588218014 0.1501035637 0.1957418743 0.1337248107 0.1573868191 0.1770351848 0.1952431252 0.1653662183 0.2301398581 0.1513583186 0.1904156932 0.1851349712 0.2415780354 0.1943202043 0.1478362644 0.1244718068 0.1995005952 0.1957192419 0.0926027086 0.1397887996 0.1555760120 0.1805102428 0.2167443392 0.2840525911 0.3672580660 0.4833897835 0.6281212660 0.7473528334 0.8471990665 0.8511136637 0.8655253458 0.7639926214 0.5579816417 0.4499342833 0.3784779174 0.2596111835 0.2083821003 0.1941640840 0.2472543488 0.1365320787 0.1983650863 0.2099804750 0.1847680642 0.1798734552 0.1653485165 0.1680028055 0.1695368535 0.1636100092 0.1636516810 0.1833697241 0.1460496596 0.2050050022 0.1896191929 0.1607631756 0.2236447692 0.2109181456 0.1750390754 0.1945209025 0.2056730509 0.2019157802 0.3192197826 0.2953344142 0.3556269361 0.5641758610 0.7073706491 0.8020529050 0.9228894928 0.8446282707 0.7694238960 0.6831004381 0.4922679051 0.3984730094 0.3236240841 0.2088804828 0.2048887858 0.2428002970 0.2263975878 0.1316768976 0.1447160978 0.1605588941 0.2048522642 0.1342994700 0.1623009869 0.1705745420 0.2325927495 0.1405815948 0.1702037416 0.2280661739 0.1841354558 0.1615092770 0.1599329272 0.2170760182 0.1682832483
0.1201010303 0.1243565490 0.1619990729 0.1550715873 0.1031448875 0.1679132366 0.1459122372 0.1907311290 0.1724881786 0.2347689481 0.1958546309 0.3489312871 0.5068387024 0.6448344284 0.7751119213 0.8503383960 0.8501665311 0.8256039656 0.6313583721 0.5990230736 0.3509881635 0.3434367699 0.2074829711 0.1782615865 0.2030206734 0.1170175431 0.1381055699 0.1710610684 0.1137305700 0.1185679780 0.1842379653 0.1995577217 0.1341901910 0.1640278140 0.1236368505 0.2016888922 0.1317432746 0.1405566760 0.1309659516 0.1177038851 0.1603792606 0.1710500448 0.1516987918 0.1732192842 0.1907038969 0.1416158191 0.2022085647 0.2424730495 0.2863382589 0.4545294993 0.5717375113 0.6738574287 0.8008908446 0.8663736908 0.8235451887 0.8231700291 0.6057154870 0.5346247164 0.3255483513 0.2992999214 0.2001379023 0.1596712891 0.1098941161 0.1583420414 0.1851993785 0.1478030745 0.1704853042 0.1662771191 0.1504069743 0.2224148735 0.1058349935 0.1613530909 0.1859102976 0.0939441631 0.1816908237 0.1655621873 0.1745103428 0.2234978994 0.1538420052 0.1656127959 0.1778256866 0.1876922446 0.1728832356 0.1926902589 0.2069475904 0.2973142830 0.3709390845 0.4743550733 0.6798870542 0.8112555375 0.8473414653 0.8391469828 0.8354786743 0.6471205054 0.5401899793 0.4172974222 0.3269311071 0.2585745760 0.2328155978 0.1787628405 0.1356583469 0.1662038225 0.1718346881 0.1327478299 0.1529715556 0.1439769406 0.1693275349 0.1537237646 0.1772073162 0.1632939107 0.1588364771 0.2113401543 0.1099765757 0.1651308073 0.1507121482 0.1872513723 0.1699942856 0.1602662791 0.1499619754 0.1692274832 0.1559095615 0.2352702988 0.2535162390 0.3012578826 0.3998123586 0.6046608239 0.7462763167 0.8538808945 0.8767405115 0.8214733321 0.7322944207 0.6380166538 0.3990956246 0.3457323074 0.2316051779 0.2320980631 0.2069352139 0.1482716413 0.2252854004 0.1580874961 0.1008222071 0.1205762506 0.1266707242 0.1619055042 0.1804654284 0.1690871668 0.2218287035 0.1336148246 0.1789611633 0.1340171257 0.1693658406 0.1488638602 0.1109377720 0.1904784559 0.1550556246 0.1736626471 0.1105556252 0.1968574523 0.2356125025 0.2175282704 0.2778023662 0.3712559407 0.5785792057 0.7526972937 0.8456714684 0.8963689138 0.8399229904 0.7751124327 0.6410901584 0.5343677685 0.3901297305 0.3152509385 0.1925809395 0.2040201822 0.2106420198 0.1522343955 0.1925524453 0.1589929229 0.1370675776 0.2211821765 0.1484607227 0.1461415777 0.1947773989 0.1671801214 0.1330570436 0.1939316690 0.1418877424 0.1192778902 0.1954609043 0.1588164151 0.1829485869 0.1656992841
0.1445546844 0.1461197284 0.1632439512 0.1810925314 0.1082121285 0.1272395985 0.1570657146 0.1004014957 0.1278855490 0.1978730091 0.2538835146 0.3502206775 0.4968030672 0.6363750928 0.7893605516 0.8475832665 0.8308851645 0.7576423251 0.6849274620 0.5230211974 0.4777504673 0.3231448805 0.1859566316 0.1914160892 0.1637493265 0.1514814831 0.1133786021 0.1774650817 0.1305725862 0.1359766641 0.1405425958 0.1685915970 0.0877860550 0.1250773627 0.1356264859 0.1595342670 0.1152715282 0.0894134649 0.1654153796 0.1860786300 0.1650370901 0.1055366955 0.1236315153 0.1420866705 0.2178960318 0.1554504749 0.2053398465 0.2315675089 0.3540352335 0.4258027646 0.5520021103 0.7007883833 0.8036138253 0.8825005621 0.8406306596 0.7551950465 0.5936866321 0.5163294606 0.3668480782 0.2701617088 0.2306708737 0.1660983987 0.1805339664 0.1571299252 0.1528726724 0.0859308966 0.1661882151 0.1710189223 0.1220995881 0.1494535972 0.1833610226 0.1711297770 0.1691412603 0.1372327100 0.1966045022 0.1083403145 0.1116888687 0.1068453350 0.1755090285 0.1422154327 0.1594459080 0.1417600162 0.1341017865 0.2208937796 0.2301049986 0.2975121331 0.3751164642 0.5003098250 0.6642552378 0.7943071916 0.8943992814 0.8844112051 0.7621659653 0.6483095593 0.5217408091 0.3590456748 0.2510181561 0.1932887354 0.1881498076 0.1508558168 0.1811179005 0.1505622182 0.1533641431 0.1361123007 0.1839955451 0.1167034342 0.1550066838 0.1394826342 0.1593233406 0.1533459421 0.1521659252 0.1599917891 0.2060221071 0.1646355571 0.1316371610 0.1132164071 0.1887567684 0.1510077446 0.1883863375 0.1977126781 0.1958684939 0.2129035509 0.2706787378 0.3527273658 0.4454342037 0.6145353605 0.7614500502 0.8589968479 0.8439382255 0.8138119797 0.7060321850 0.5855768571 0.4265614955 0.3348683348 0.2735793097 0.1580154816 0.1416298675 0.1784752417 0.1549989445 0.1472693400 0.1363200064 0.1738022653 0.1766186629 0.1723653971 0.1426031846 0.1386926281 0.1306809223 0.1410362672 0.1602742990 0.1780604746 0.1246730012 0.1446062545 0.1513347149 0.1211402182 0.1141086650 0.1888994677 0.1057021119 0.1729014754 0.2457336156 0.2314549741 0.3028284694 0.3913969430 0.5729897113 0.7138730368 0.7972545772 0.8807844047 0.8779010192 0.7789153089 0.5963439450 0.4915294809 0.4358865021 0.3142128271 0.2498261076 0.2016041123 0.1409332558 0.1461019396 0.1844161814 0.0913302077 0.1379483000 0.1997807001 0.1945618668 0.1518071539 0.1631205837 0.1372692988 0.1695125630 0.1911796551 0.1685620585 0.1651445631 0.1293777911 0.1581264538 0.1596575140 0.1915978914
0.1643713957 0.1338740387 0.1073665129 0.1828701747 0.1039880479 0.1522213453 0.1415284039 0.1880013698 0.1455699683 0.1216711762 0.2550666071 0.3045324161 0.4088467956 0.5892689049 0.7193483473 0.8341431065 0.8406356881 0.7750800551 0.6794402867 0.5168347971 0.4331899486 0.2874744416 0.2136736097 0.1246112014 0.0935840286 0.1216684734 0.1256781957 0.1322623594 0.1760529428 0.1301549545 0.1440149876 0.1705360329 0.1281064474 0.1448277720 0.1350895450 0.1196022239 0.1324404434 0.1498229144 0.1140811278 0.1342254659 0.0987242187 0.1314197172 0.1483230883 0.1352932719 0.1470645343 0.1885710861 0.1877384464 0.1760180907 0.3021620287 0.5127638898 0.5606778395 0.7103638933 0.7910310904 0.8553112022 0.8507610790 0.7079645621 0.5673348294 0.4611821923 0.3433197807 0.2375868832 0.1648353568 0.1870283487 0.2078810454 0.1448878566 0.1575202746 0.1544890452 0.1601696156 0.1645176453 0.1235384619 0.1529146564 0.1283108228 0.1341445387 0.1122054465 0.1335620333 0.0706734372 0.1178734397 0.1601057950 0.1214532788 0.1039439545 0.1160603419 0.0880454939 0.1660128970 0.1726499509 0.1841953847 0.2450933991 0.3370395383 0.4012519759 0.4883052360 0.6611579868 0.7854999504 0.8807815147 0.8660748545 0.7921194175 0.6644562311 0.5196049883 0.3866684801 0.2685749400 0.2109994648 0.1947794625 0.2020399862 0.2196690471 0.1675964147 0.1185545351 0.1602237981 0.1575625614 0.1871552014 0.0975390465 0.1748947227 0.0833131956 0.2092656550 0.1745113163 0.1391686849 0.1841410703 0.1522062434 0.1376696941 0.1101382059 0.0939840807 0.1268713141 0.1136427309 0.2103045304 0.1842439177 0.1469318895 0.2816841036 0.3257870477 0.4685905354 0.6304350342 0.7539206932 0.8232513175 0.9135628144 0.8728294977 0.7556208243 0.5909561671 0.4096021344 0.3325106891 0.2030332311 0.1748030270 0.1144692824 0.2056670525 0.1697749673 0.1809915422 0.1655789430 0.1651121094 0.1736034352 0.1383870189 0.1768357559 0.1255058465 0.1765666254 0.1769385776 0.1675029447 0.1512733188 0.1394104745 0.1046144317 0.1452981925 0.0954980658 0.1817072764 0.1861653769 0.1336219780 0.2112550146 0.1976277479 0.2190198185 0.2937404083 0.3912598577 0.5068853208 0.6622377754 0.8211441915 0.8712787385 0.8423502587 0.7798521327 0.6282264159 0.4919792711 0.3643877058 0.2656721973 0.1966140889 0.1504406159 0.1745870717 0.2168882099 0.1250594727 0.1867322489 0.1432440101 0.1662727801 0.1452668257 0.1245891485 0.1872426140 0.1275036453 0.1191134770 0.1465656028 0.1481733589 0.1184873323 0.1655659931 0.2116829394 0.1474479038 0.1178216140
0.1078205433 0.1256075230 0.1380396563 0.1314298680 0.1606020340 0.1100862127 0.0954910821 0.1297445813 0.1656324922 0.2086968055 0.2862916915 0.3289167885 0.3848214283 0.6627815540 0.7764020977 0.8706800843 0.8501188144 0.8355376180 0.6805155054 0.5530099083 0.4154198514 0.3058186084 0.2020471869 0.2039622886 0.1716330479 0.0717679555 0.1522444393 0.1298765562 0.0927582843 0.1426201753 0.1498622700 0.1209065900 0.1016709305 0.1619707577 0.1461697132 0.1082745069 0.1615651180 0.1077679560 0.1244248868 0.1381215243 0.1576786747 0.1415000087 0.1547469463 0.1611239785 0.1138805388 0.1703744496 0.1507628022 0.2107751176 0.3098532144 0.4201851428 0.5549946614 0.6856881994 0.8123915390 0.8519233918 0.8381478398 0.6992529092 0.5869966957 0.4883777795 0.3788353290 0.2689447966 0.1857359577 0.1528349504 0.1157361823 0.1608771073 0.0407835597 0.1079416324 0.1497472249 0.1238013800 0.1320801903 0.1534282384 0.1369593780 0.1142434053 0.1394293413 0.1520089880 0.1653053912 0.1480962380 0.1078582471 0.1316637731 0.1844417884 0.1865258524 0.1508983099 0.1177957842 0.1572803657 0.1892184410 0.1576896403 0.2733371036 0.4017471287 0.5089565484 0.7041124001 0.7466111408 0.8175416370 0.8744646272 0.8283131189 0.6491872384 0.5206700147 0.3964091174 0.3025441835 0.2674329710 0.2044998378 0.1115363555 0.1255659822 0.1215786502 0.1261750042 0.1584716897 0.1079522197 0.1103202323 0.1274846660 0.1747046329 0.1548789142 0.0991924071 0.1530832882 0.1468319199 0.1291413632 0.1249058878 0.0990064727 0.1210312918 0.1593411567 0.1210324384 0.1608450161 0.1336454826 0.1514538066 0.1887188657 0.2047788681 0.3478768360 0.5104892408 0.6233120295 0.7604494835 0.8653835034 0.8674954701 0.8000423145 0.7689664245 0.5340367109 0.4345153030 0.3478336671 0.2139766952 0.2202596820 0.1673759323 0.1481688441 0.1840454116 0.1784847006 0.1029213613 0.1954118388 0.1306116839 0.1653806419 0.1663477706 0.1348392941 0.1718086085 0.1314976391 0.1142351501 0.1522596226 0.1518550548 0.1614327450 0.1412726429 0.1376365044 0.1451019201 0.2038967979 0.1319462566 0.1793882367 0.1946654014 0.1954554887 0.3040308873 0.3942151567 0.5322077865 0.7033701521 0.8398638395 0.8337257300 0.8805048639 0.7646924574 0.6748285425 0.5268937206 0.3456552854 0.2790002538 0.2207857830 0.1063365636 0.1623482001 0.1228805330 0.1266245354 0.1091128647 0.1457539790 0.1429778591 0.1310262606 0.1584331390 0.1051099505 0.1829025517 0.1631787723 0.1430360075 0.1905383161 0.1353072488 0.1650132024 0.1114593049 0.2044551588 0.1414992987
0.0668013040 0.1153912840 0.1486070571 0.1120738733 0.1386681603 0.1111679995 0.1486638680 0.1080743768 0.1680000823 0.1573284565 0.2169199216 0.3747699573 0.4961975506 0.6250608633 0.7413629573 0.8601903363 0.8400370526 0.8127452581 0.6764634715 0.5175381088 0.3558001802 0.3136302700 0.2353440044 0.1596725535 0.1444462879 0.1542828856 0.1314465920 0.1358280006 0.1203523742 0.0801099810 0.1520330999 0.1568211787 0.1340189671 0.1499510099 0.1305591084 0.1443208490 0.1497794138 0.1315469024 0.1702760546 0.1657029074 0.1654329846 0.1913999910 0.1339643507 0.1449552649 0.1259924027 0.1709825098 0.1075574838 0.2219963027 0.2855274631 0.4176996793 0.5624782749 0.6395141630 0.8124135073 0.8609290992 0.8028511732 0.7067770037 0.6003484938 0.4912818458 0.2937777680 0.3017430313 0.2178565609 0.1910260580 0.1328708810 0.1363093845 0.1332636207 0.1646813674 0.1187573406 0.1402192544 0.1435099131 0.1025783099 0.1949080975 0.1563387782 0.1273898320 0.1718877548 0.1008931938 0.1248849960 0.1412069503 0.0623985615 0.1876138166 0.1772858747 0.1468879832 0.1778657492 0.2268772782 0.1514124845 0.2279844318 0.2497043605 0.3896853192 0.4949220393 0.6959843319 0.8120194553 0.8287852333 0.8399055098 0.7730044964 0.7415244576 0.5287664002 0.4579594691 0.2965677199 0.2088137131 0.1435318566 0.1342066086 0.1160218339 0.1431228552 0.1398583644 0.1354585161 0.1289307282 0.1288926889 0.1127003310 0.1786578485 0.1738851621 0.1294545648 0.1115667394 0.1934985149 0.1558208383 0.1303597192 0.1422702406 0.1562208045 0.1451930189 0.1616796621 0.1555190697 0.1653048926 0.1699075539 0.1653013488 0.2713717820 0.3020113682 0.4618066462 0.5912843226 0.7291262253 0.8151427824 0.8719705356 0.8370698994 0.6930439966 0.5664772322 0.4388581751 0.3807342674 0.2175308018 0.1958652862 0.1811000236 0.1546769394 0.1854123337 0.1694585176 0.1367051483 0.1661293026 0.1231191047 0.1732684909 0.1350321820 0.1525742721 0.1543770719 0.1593510912 0.1406773188 0.0871451495 0.1493177260 0.1747547444 0.1655712940 0.1444521073 0.1486973034 0.1556816644 0.1349921098 0.1636624457 0.1539940250 0.2212812847 0.2839631264 0.3625362973 0.5318865940 0.7088221741 0.8394017445 0.8600791088 0.8894321529 0.7535248344 0.6709426433 0.4855282683 0.4144924177 0.3014798053 0.2270224848 0.1728642031 0.2033608146 0.1713208780 0.1441359541 0.1433764494 0.1670800359 0.1248168195 0.2089804597 0.1342152586 0.2043233798 0.1315188675 0.1363491390 0.1924155861 0.1680845014 0.1079371717 0.1708023341 0.0702711875 0.1794425400 0.1195634024
0.0848095074 0.1686717306 0.1935989798 0.1545953864 0.1582223341 0.0928883718 0.1291170276 0.1615792808 0.2117273070 0.2273627227 0.2648793846 0.3591250919 0.4830947664 0.6144712971 0.7859662725 0.8197291251 0.8285707870 0.7746017241 0.7004499361 0.5395751855 0.4101425772 0.2673732708 0.2126770797 0.1769053718 0.1869411092 0.1830789733 0.1353080278 0.1416866213 0.1590690190 0.1695898321 0.1125362741 0.1010135716 0.1336798641 0.0996640178 0.1233623101 0.0987300258 0.1481824343 0.1359800612 0.1520365160 0.1405409670 0.1888882546 0.1525474526 0.1615828302 0.1226619039 0.1055387177 0.2071293953 0.1949203022 0.1812870419 0.2823786648 0.3777222274 0.5979687907 0.6741341228 0.8235083055 0.8984957449 0.8328538808 0.6683522352 0.6206328705 0.4556066029 0.3388488810 0.1983569989 0.1959061606 0.1863490068 0.1368618583 0.1680707184 0.1561107550 0.1505370210 0.1430342694 0.1141719809 0.1826338500 0.1742754727 0.1245840752 0.1715786538 0.1108402572 0.0923053109 0.1108486880 0.1224496812 0.1319032656 0.1251000770 0.0827496488 0.1329494592 0.1502933281 0.1904194417 0.1121332043 0.2409808150 0.1776505532 0.2629917222 0.3726864541 0.5066178521 0.6591570993 0.7632106881 0.9027381772 0.8077607233 0.7625580134 0.6401935169 0.5029435170 0.4279735111 0.2960925755 0.2093660428 0.2011028623 0.1724888367 0.1718146502 0.1220007861 0.1373760329 0.1370621031 0.1419049233 0.1771143550 0.1709471099 0.1523939257 0.1453192714 0.1646369762 0.1320961588 0.1900653677 0.1498013476 0.1369524072 0.1530838469 0.0812997085 0.1674019095 0.1789501576 0.1476976758 0.1401300563 0.1484154630 0.1850259996 0.2749229785 0.3611844206 0.4425417936 0.5781291307 0.7244275963 0.8318761134 0.8653661016 0.8571983456 0.7600221551 0.5702130403 0.4468497317 0.3512761916 0.2665520021 0.2055359877 0.1863270080 0.1596719103 0.1526142902 0.1464544380 0.1823047205 0.1680863397 0.1691313970 0.1512632807 0.1514644697 0.1210509017 0.1478006037 0.1626279894 0.1794942778 0.1562176347 0.2087075461 0.2364367433 0.1721681173 0.1319319740 0.1466153328 0.1839662377 0.1614265511 0.1679519276 0.1799872358 0.2231899466 0.2792715449 0.4016436711 0.5429571838 0.6738481396 0.7851999510 0.8572264552 0.8566697138 0.7918341998 0.6365359092 0.5107224536 0.3578992883 0.2653678812 0.2387650347 0.2119995636 0.1701534720 0.1375972138 0.1360733655 0.1721050769 0.1610650741 0.1257776790 0.1561053583 0.1120531314 0.1345139029 0.1524959087 0.1395737874 0.1238114138 0.1966410451 0.1776830400 0.1644142692 0.1955869967 0.1685256259 0.1394337286
0.1743334221 0.1313204374 0.1675031247 0.1431835163 0.1362238769 0.1791372015 0.1266850278 0.1208157108 0.1442307602 0.1572763515 0.2492131502 0.3665764593 0.4709727921 0.5946836233 0.8114276963 0.8053394715 0.8541378756 0.7999380032 0.6590815450 0.5331183163 0.4444141957 0.3203316469 0.2038898570 0.2241279026 0.1376258370 0.0640808068 0.1541311005 0.1463158663 0.1202099006 0.1105805403 0.1116084929 0.1649337786 0.1331433890 0.0931372109 0.1533965898 0.1590153006 0.1591765155 0.1359888696 0.1430959295 0.1473532701 0.1449129493 0.1617128706 0.1357842677 0.1250593907 0.1342033643 0.2120826832 0.1943374832 0.2371809866 0.2996546270 0.4418187514 0.5786484242 0.6863033875 0.8156631320 0.8271235372 0.8554498271 0.8042215138 0.6783952521 0.4207834153 0.3506233196 0.2456350368 0.1559965584 0.1919652516 0.1545249017 0.1835784281 0.1809530934 0.1296586904 0.1407056815 0.1715685139 0.1456292178 0.1505003990 0.1360813448 0.1404629318 0.1415351173 0.1519400731 0.1333949428 0.1032230512 0.1469440789 0.1184303006 0.1325155092 0.1311286831 0.1217094469 0.1323198281 0.1695788519 0.1818869749 0.2110102197 0.3058205053 0.3432365412 0.5233431135 0.6412513914 0.7714990314 0.8566727756 0.8352109132 0.7748679168 0.6938098433 0.5668787418 0.4647031552 0.3220801915 0.2128484917 0.2289156539 0.1626031246 0.1278186000 0.1321918765 0.1401153182 0.1286621625 0.1258171238 0.2006578459 0.0908023838 0.1583014496 0.1608706135 0.1604553662 0.1515623920 0.1763151482 0.1602851886 0.1151411133 0.1538625178 0.1481614677 0.1164050804 0.1400467675 0.1072598470 0.2043476433 0.1595084505 0.2208901317 0.2582102996 0.3382136964 0.4262545114 0.6005326132 0.7601105651 0.8667328496 0.9030619155 0.8509297729 0.7276535675 0.5890207153 0.4738923789 0.3726447658 0.2522242884 0.1542186084 0.1473115508 0.1638607688 0.1248550465 0.2051095832 0.1703433979 0.2261023736 0.1914803838 0.1610717269 0.1571772255 0.1657577800 0.2097876764 0.1383603164 0.1413099479 0.1565194329 0.1089700149 0.1622831860 0.1304454793 0.1296394577 0.1357722916 0.1233374277 0.1592090723 0.2012255868 0.2180754887 0.2552727979 0.2726613272 0.3885136214 0.4997601138 0.6719882960 0.8177597287 0.8556138950 0.8575011108 0.7455095432 0.6669385364 0.5292820207 0.3415923948 0.2713018947 0.2098515091 0.2041601785 0.1913575291 0.1442828560 0.1313162007 0.1702607317 0.1426477839 0.1806863046 0.1484217282 0.1253781928 0.1510977678 0.1450830072 0.1346425983 0.1670196273 0.1236019773 0.1214221558 0.1518490587 0.0951970476 0.1471566897 0.1542343844
0.1095802836 0.1156903174 0.1625506684 0.1292094376 0.1234941043 0.0873563599 0.1356162245 0.1831772796 0.1657803101 0.1797297548 0.2659553967 0.3641867252 0.4827776087 0.6217717668 0.7532744052 0.8393614494 0.8767507990 0.8138771195 0.6917992935 0.5663612504 0.3914949647 0.3346021334 0.2804104580 0.1785785540 0.1705044030 0.1776758323 0.1657156419 0.1282195257 0.1425133956 0.1609638765 0.1406759438 0.1543645487 0.1217953311 0.1354665882 0.1050702749 0.1180255283 0.1662243979 0.1389572884 0.1108507656 0.1444719226 0.1586471232 0.1523077165 0.1712847098 0.1294083305 0.1880954691 0.1976365408 0.1518330252 0.2613661469 0.3400731758 0.4274299917 0.5416758736 0.7005603658 0.7728875505 0.8965323023 0.8601730739 0.8129293406 0.5962809267 0.4455519253 0.2853548788 0.2896903130 0.2033677407 0.1206336090 0.2063737910 0.1390813426 0.1736361591 0.1425218456 0.1438696089 0.1489144829 0.1648388939 0.1441616287 0.1413607128 0.0869939012 0.1931882302 0.0987936790 0.1093420841 0.1121129394 0.1479830646 0.1545259625 0.1674662695 0.1240017983 0.1681692488 0.1140086557 0.1410757027 0.1542864281 0.1993272409 0.3447204235 0.3679723381 0.5283250879 0.6516619334 0.8317496152 0.8285547514 0.8435755019 0.8799979048 0.6648776701 0.5148129296 0.3479223479 0.2902930837 0.2078047108 0.1558584225 0.1852624456 0.1300143542 0.1261568873 0.1902057999 0.1777195622 0.1816897812 0.2064358499 0.1455598035 0.1748902522 0.1464378861 0.1418641307 0.1153087279 0.1354062262 0.1267833048 0.1754834859 0.1122445325 0.1266241883 0.1689856073 0.1574151208 0.1276563175 0.1179656308 0.1365316743 0.2525462146 0.2445220936 0.3122629957 0.4238963578 0.5594202908 0.7654919181 0.8511227655 0.9230385042 0.7932616532 0.6975161576 0.6005204638 0.4239765637 0.3388483334 0.2570538821 0.2173590879 0.1918217523 0.1726244069 0.1491273488 0.0926315214 0.1483605281 0.1177108284 0.1226110035 0.1855895128 0.1446881472 0.1273386720 0.1370372673 0.1320713879 0.1180169764 0.1745117560 0.1352267382 0.1668923140 0.1292934672 0.1853681130 0.1420265058 0.1604803520 0.1956024826 0.1518647307 0.1903483656 0.2682765957 0.2861330679 0.3773696640 0.5556542637 0.7007551005 0.8196698219 0.8853117389 0.9054255051 0.8175822152 0.6630689810 0.5098488547 0.4062881784 0.3135578615 0.1962772402 0.1671357135 0.1983690197 0.2290410525 0.1771214591 0.1631454794 0.1484468819 0.1629578585 0.1552797155 0.1625710812 0.1583748609 0.1814720591 0.1139343115 0.1480831237 0.1632948756 0.1769476872 0.1793306190 0.1847203506 0.1927146168 0.1400432873
0.1077644984 0.1595372741 0.1247700352 0.1796999553 0.1081350288 0.1407788238 0.1720752967 0.1722475148 0.1189486422 0.2108975113 0.2670048580 0.3689341804 0.5031316368 0.5745501925 0.7277227319 0.8833707924 0.8382998831 0.8103732921 0.6925326181 0.5933218772 0.3864467301 0.3486758594 0.2150831113 0.1841518530 0.2080005274 0.1536708040 0.0962191172 0.1278243160 0.1446122791 0.1733045986 0.1268089493 0.0965871070 0.1370865543 0.1986521848 0.1820631978 0.1551963362 0.1547170762 0.1269418921 0.1204243422 0.1586302642 0.1681196542 0.1554377938 0.1713673113 0.1919755982 0.2022264571 0.1493342424 0.1712361332 0.2834659185 0.3075651881 0.4652954739 0.5461592918 0.7110998914 0.8447183299 0.8559674129 0.8175380241 0.7221628524 0.5758433264 0.4916727008 0.3476949674 0.2678843615 0.2064144675 0.1999841801 0.1711641153 0.1355576179 0.1453190786 0.1947057507 0.1015448556 0.1702910114 0.1699075981 0.1520962065 0.1399730796 0.1970955870 0.1461864521 0.1760084801 0.1445388282 0.1700038165 0.1720713900 0.1475487754 0.1773212621 0.1290425830 0.1883309403 0.1196182975 0.1890649230 0.1948357968 0.2115601082 0.3347986663 0.4432629951 0.4810824577 0.6306544757 0.7584024854 0.9194753025 0.8757257378 0.8040494589 0.6715931553 0.5830439646 0.4172077602 0.3506489852 0.2608409830 0.1753288578 0.2372146303 0.1767125616 0.1184303568 0.1974454005 0.1374127161 0.1857258286 0.0962420371 0.1291751098 0.1319482269 0.1224129547 0.1983941285 0.1389379327 0.2405926559 0.1884054708 0.1783194461 0.1728910550 0.1728067196 0.1417872909 0.2095124891 0.1519415660 0.1892972033 0.1434777046 0.2236599553 0.2606621740 0.3952503321 0.4581663008 0.6311527575 0.7382808305 0.8553325698 0.8910246787 0.8485318787 0.7383384271 0.5800450780 0.4437344443 0.3434814230 0.2295061366 0.2323340061 0.2126638193 0.1511820106 0.1191132184 0.2056314879 0.1838538057 0.1338589471 0.1991922485 0.2133813103 0.1442687457 0.1343271322 0.1840891350 0.1558471476 0.1561245564 0.1986339108 0.1400322661 0.1449288793 0.1298284585 0.1476885478 0.2240072550 0.1815085598 0.1424977974 0.2095131816 0.1917928407 0.2515216465 0.3631530060 0.4079987481 0.5757851848 0.6932160859 0.8403685727 0.8230796743 0.8802862652 0.7597551925 0.6638096503 0.4989856047 0.4180514486 0.2936110574 0.2174917141 0.2193822891 0.1735871735 0.1542485275 0.1764886075 0.1634776755 0.1844813036 0.1327114709 0.2054633154 0.1926467533 0.1098150115 0.1940630186 0.1750382247 0.1838002937 0.1725622005 0.2610005472 0.2010194027 0.1710113483 0.2137407597 0.1622389547
0.1235366632 0.2411911865 0.1162744279 0.1386044056 0.1659804072 0.1612449597 0.1517193064 0.1626199975 0.1887092526 0.1670326235 0.2871440817 0.3762435868 0.4853729444 0.6468123277 0.7606866035 0.8641780374 0.8834453249 0.8467270599 0.7178271601 0.5974401078 0.3340507196 0.2752100655 0.2016156387 0.1557265678 0.1595190916 0.2009675545 0.1287657541 0.1468706843 0.1524813175 0.1246374015 0.1856615470 0.1583128607 0.1718241048 0.1396415401 0.1126776342 0.1673103450 0.1782159785 0.1308479215 0.1469205299 0.1359441871 0.1794383495 0.1556528246 0.1038266413 0.2185049151 0.1353612228 0.1729314733 0.2443868011 0.2157459035 0.3503077902 0.4556266558 0.6104256308 0.7543967817 0.8558250618 0.8342357345 0.8485168019 0.7616564859 0.6462762408 0.4345620831 0.3832474102 0.2536060454 0.2359553679 0.1740217226 0.2171332310 0.2128403477 0.1767411791 0.1678318134 0.1370339684 0.1871629203 0.1598904739 0.1692072696 0.1359176537 0.1509699149 0.1943319321 0.1404076243 0.1586820576 0.1416138491 0.1423363185 0.1522242272 0.1957381077 0.2099273392 0.1595389585 0.1748845333 0.1574125517 0.1943105515 0.1782520005 0.2751733781 0.3505579650 0.4853078714 0.6417853332 0.7544828717 0.8641312870 0.9111793183 0.7777732966 0.6499231722 0.5392627177 0.3895799764 0.3477394466 0.2525215687 0.1566025236 0.1510444414 0.1713827891 0.2094874339 0.1656698443 0.2272614989 0.1973932931 0.1561248627 0.1170014181 0.1338428001 0.1407254582 0.2255152137 0.1601223799 0.1519558584 0.2076619913 0.1523033687 0.2054110423 0.1546056967 0.1814249217 0.2071135347 0.1466639515 0.1630207501 0.1760221663 0.2289792483 0.2925758089 0.3448983015 0.4886746241 0.5776951744 0.7690897610 0.9205558625 0.8988273863 0.8425410599 0.7337918448 0.5559966297 0.5008429914 0.3500315314 0.2496731329 0.1796265271 0.1947215869 0.1875644514 0.1864795567 0.2033982376 0.1642716513 0.1677413833 0.1197084392 0.1877678595 0.1785442089 0.1415990640 0.1430514860 0.1224894066 0.1553646381 0.2008246790 0.1397643679 0.1527483101 0.1473468156 0.1949052840 0.2054882899 0.1572199141 0.1696152731 0.1517949704 0.1705544028 0.2541024529 0.3333320236 0.4267013406 0.5297801604 0.7267482208 0.7766167236 0.8570597123 0.8509276845 0.8242439374 0.6188872963 0.5042871900 0.3731708621 0.3181727706 0.2302981342 0.2035935618 0.1851461016 0.2017939117 0.1622730446 0.1756818166 0.1279356041 0.1959772928 0.1922242233 0.1109648393 0.1936951502 0.1938483869 0.1549530718 0.1352358416 0.1700062473 0.1691582494 0.2049831725 0.1487021027 0.1849846544 0.2303950380
0.1186320251 0.1336748388 0.1448496715 0.1388693442 0.1239376981 0.1837354962 0.1896586397 0.2087715964 0.1598251270 0.2461101326 0.2313029783 0.3755391222 0.5156595689 0.6680362455 0.7603756134 0.8849847705 0.8449359143 0.7828410394 0.7383734064 0.5600885747 0.4168944007 0.2683505616 0.2550665028 0.2274929252 0.1938121731 0.1801315011 0.0629854531 0.1911574614 0.1516413205 0.1517768300 0.1439903283 0.1697361282 0.1454799918 0.1702295462 0.1589164826 0.1451263502 0.1679646663 0.1486716429 0.1796814608 0.1943746847 0.1250256620 0.1518044889 0.2051012145 0.1360520525 0.1358874785 0.1833964474 0.1925835490 0.3035062858 0.3394856990 0.4369999265 0.5868439049 0.7615432446 0.8553342559 0.8504875714 0.8422702120 0.7612245067 0.6261291197 0.5309993230 0.3939911893 0.2749986298 0.2332875971 0.1464798128 0.1608406605 0.1354599936 0.1996344602 0.1615840571 0.1500048609 0.1526922120 0.1770634149 0.1681981144 0.1602298139 0.2125473380 0.1590926980 0.1603790294 0.1925865706 0.1853324224 0.1811015983 0.1814996978 0.1271414569 0.1818391753 0.1787125558 0.1700891127 0.2026705355 0.2365560767 0.2439619278 0.2536980274 0.4211739899 0.5781944780 0.6306486497 0.8504954828 0.9050265221 0.8705837565 0.8345927706 0.6467486161 0.5508705298 0.4173376848 0.2973273467 0.2423994398 0.2434553265 0.1644354497 0.1546561577 0.1857130518 0.1988733095 0.2212720642 0.1594642137 0.1522934910 0.2015217540 0.1744517274 0.1450990706 0.1590041040 0.1671249859 0.1729223708 0.1643790427 0.1677244376 0.1605167865 0.1444224522 0.1592832069 0.1698662272 0.1878199292 0.1948395877 0.2024825963 0.1820376765 0.2568212186 0.3329923371 0.4663936435 0.6533606688 0.7211818723 0.8610175979 0.8739516809 0.8120396193 0.7511273466 0.5736666310 0.4711652306 0.3124393446 0.2303999543 0.2087922400 0.1704133696 0.1887340706 0.2067299859 0.1644304911 0.2006096881 0.1062626642 0.1847313287 0.2169363213 0.1574703516 0.1675486006 0.1808571252 0.1536674898 0.2080807285 0.1812765100 0.1486417041 0.1429775476 0.1348750532 0.1445180618 0.1809451837 0.1428855337 0.1835974163 0.2455045039 0.1968865517 0.2580957019 0.3068475544 0.4204424317 0.5612312990 0.6894937085 0.8625405397 0.9293639430 0.8666109505 0.7990143637 0.6252480136 0.5677297173 0.3448554929 0.2788914040 0.2068687548 0.1956055441 0.1746106108 0.1783353063 0.2160491720 0.1680311171 0.1836184630 0.1545265802 0.1534868853 0.1693552015 0.1786490985 0.1565279991 0.1539042192 0.1717910059 0.2106669690 0.2399001742 0.2082919756 0.1928996604 0.1671334274 0.1740478638
0.1464069858 0.1584391852 0.1770463376 0.1878466135 0.1609514326 0.1112173611 0.1463240727 0.1716645826 0.1805743625 0.2310112072 0.2773196638 0.3377586158 0.5150707677 0.6005206366 0.7877969634 0.8167763270 0.8392705731 0.8022982081 0.6623822431 0.5915653226 0.4204894352 0.3077595484 0.2824682934 0.1971815081 0.1723947526 0.1343719208 0.1567616971 0.1693504181 0.1353342862 0.1390493758 0.1989966428 0.1976978748 0.1837418072 0.1670315778 0.1764129011 0.1718966160 0.1324296115 0.1484223405 0.1113537471 0.1829950536 0.1652789570 0.1064942985 0.1927506448 0.1337755826 0.1995340387 0.1723148599 0.2052874883 0.2035240612 0.3062154047 0.4780785992 0.6017429956 0.7528544922 0.8522056924 0.8797762762 0.8375675258 0.7628828051 0.6198922260 0.5095684118 0.3750638141 0.2954211021 0.2728357088 0.2404965725 0.1539863243 0.2120066896 0.1645756773 0.1903727289 0.2015799955 0.1390899635 0.2184394794 0.1673532604 0.1440630951 0.1304110128 0.1979967175 0.1673722083 0.1684716124 0.1390848888 0.1856198576 0.1686286481 0.1792288965 0.1999335487 0.1606747214 0.1478625168 0.1663489021 0.1718648085 0.2744111209 0.3277646950 0.4117027446 0.4931038624 0.7029876399 0.8027078702 0.8946293699 0.8715571496 0.8388581026 0.6986231659 0.6125220420 0.4252351115 0.3323206940 0.2629492602 0.1908508073 0.1909014851 0.2010277992 0.1463671242 0.1231454011 0.1780044505 0.1939531259 0.1825218732 0.1662894362 0.1511544769 0.2197809278 0.1858979162 0.2105421034 0.1675150553 0.1747212457 0.1694957243 0.1635568375 0.1821491977 0.1628928552 0.1631580705 0.1325469460 0.1957942161 0.2661406053 0.2355783509 0.2607282352 0.3891629895 0.4162165154 0.6557143212 0.7194582979 0.8426505464 0.8816699310 0.8694413474 0.7840768300 0.6149327939 0.4449208522 0.3336988119 0.2642924345 0.2512605816 0.2087795821 0.2036017646 0.2372634990 0.1736695304 0.1746301979 0.1940001932 0.2040455593 0.1558964312 0.1752849878 0.2052937714 0.1860400876 0.1037184063 0.2191552597 0.1852298778 0.1470646991 0.1742025976 0.1559945186 0.1947595238 0.1967859793 0.1477076979 0.2234506720 0.2160401973 0.2068877222 0.2190258882 0.3430231860 0.4554544676 0.5445975480 0.6982128518 0.8831795956 0.8791599472 0.9196662344 0.7837605465 0.6371114366 0.5273766674 0.4380753902 0.3383677806 0.2733999841 0.1682322006 0.1807338079 0.1985662452 0.1391859638 0.1948913145 0.1831080484 0.1811777258 0.1562726999 0.1282971649 0.1856597780 0.1495313746 0.1728736321 0.1436144769 0.1504716175 0.1709995785 0.1799831801 0.1817583999 0.2187235734 0.2785010821
0.1115134698 0.1526934146 0.1935826435 0.1758398867 0.1628559194 0.1076490362 0.1400225530 0.1430231730 0.1587269868 0.2416600557 0.2759417597 0.4051671871 0.5056608662 0.6450923597 0.7892748751 0.8713122357 0.8593085869 0.7970491061 0.6963365570 0.5163221173 0.4534876546 0.3361018355 0.2108641516 0.2030197553 0.1729670825 0.1677956413 0.1416003375 0.1610762745 0.1124983918 0.1787613835 0.1681477025 0.1273870726 0.0976900976 0.1687109865 0.1934867714 0.1637471623 0.1084870856 0.1530315081 0.1714358408 0.1914500063 0.1446226043 0.0999539248 0.1583799240 0.1630479350 0.1875623353 0.1867397542 0.1873913813 0.2652621689 0.3172588890 0.4577089208 0.5185175013 0.7084581189 0.8603293275 0.8982333842 0.8110940473 0.7666240611 0.6626952620 0.5593762489 0.3499066704 0.2836337232 0.2128102630 0.2525458021 0.1558628403 0.1833143601 0.1832958145 0.1798829349 0.2443676809 0.2027701481 0.1709163164 0.1465113993 0.1861873934 0.1485970553 0.1350178647 0.1121018171 0.1582482748 0.1611947985 0.1894376886 0.1388523775 0.1431038016 0.1976302461 0.1210441808 0.2069117833 0.1749506981 0.1844767925 0.2146508133 0.3431917418 0.4267753538 0.4851649352 0.6678582398 0.7863700315 0.9003756784 0.9004535386 0.7980144668 0.6559787413 0.5771849005 0.4622352798 0.3517556374 0.2141319817 0.2035637634 0.2028863047 0.1560312872 0.1444931027 0.1512530002 0.1538426145 0.1719158983 0.1676028648 0.1588632570 0.1337846556 0.1463629824 0.1513176300 0.1722980049 0.1840837338 0.1366740379 0.1975315636 0.1665248226 0.1785325185 0.1849970627 0.1436518622 0.1438212362 0.2124161411 0.1978338190 0.2108540123 0.2694331810 0.3196631417 0.5217329983 0.6125744017 0.8257978978 0.8653208006 0.9446579577 0.8279406169 0.7389251076 0.6260011026 0.5355997429 0.3882097034 0.2783110353 0.2039603737 0.2012793099 0.2077443420 0.1606682625 0.1465729340 0.2193695825 0.2214699714 0.1203105265 0.1697588896 0.1794728644 0.0784346999 0.1645425572 0.1575992609 0.2098372754 0.2070666336 0.1862406474 0.1734094658 0.1905049380 0.1604165234 0.1677978511 0.1627009084 0.1702329924 0.1835328334 0.2055852809 0.2691284962 0.3216523396 0.4402621468 0.5404625571 0.7818151212 0.8534102343 0.8785417903 0.9049018539 0.8349714623 0.6744363635 0.5236410558 0.3827452848 0.2922634612 0.1959743176 0.2274928738 0.1954408187 0.2081090078 0.1818117607 0.2303117849 0.1739573737 0.1618981511 0.1738333232 0.1840151002 0.1502846396 0.2226995370 0.1626475480 0.1224224940 0.1750565597 0.2122518476 0.1517146868 0.1819115017 0.2183439763 0.1990447071
0.1693580966 0.1702102222 0.1712023166 0.1426460490 0.1972556577 0.1269485521 0.2027551455 0.1459203060 0.1597535928 0.1876922394 0.2542816282 0.3962733322 0.5081883194 0.5523398531 0.7158641702 0.8241173864 0.8824857190 0.7798470666 0.7081423604 0.5094812635 0.3885161918 0.2921369811 0.1543164556 0.2157993253 0.1519410393 0.1327005193 0.1353407712 0.1678133943 0.1254209357 0.1535492364 0.1482863115 0.1658928540 0.1730926727 0.2045747910 0.1655717721 0.1533656506 0.1870799773 0.1637627772 0.1919485512 0.1558932657 0.1004363306 0.1682286184 0.1732692908 0.1844012481 0.1626885322 0.1988256853 0.1721017176 0.2797632397 0.3071030828 0.4654081929 0.5868051558 0.6987911385 0.8232141839 0.9173313352 0.8733485755 0.7968152392 0.6363234248 0.4901524315 0.3864970754 0.2493447162 0.2483793451 0.1603759005 0.1591040034 0.1553408379 0.0958424664 0.1498527779 0.1609233253 0.1345156368 0.1546521265 0.1245178980 0.1791301940 0.1556393538 0.1446436387 0.1995515647 0.1626568462 0.1511035234 0.2441583786 0.1709479456 0.1573524140 0.1360869643 0.1436779416 0.1472657733 0.2004827230 0.1865010089 0.2275555120 0.2839366758 0.3570902641 0.5198320517 0.6483500014 0.7516588692 0.8853027526 0.9125160491 0.7880277730 0.6549429597 0.5249204980 0.4384724452 0.2981834797 0.2243253191 0.2384431230 0.1433403672 0.1351639967 0.1707696107 0.1920121806 0.2192621387 0.1788837067 0.1438890838 0.1819833439 0.1417046730 0.1880859008 0.1850003777 0.1566579489 0.1769203288 0.1293691239 0.1250430478 0.2069947306 0.1864083219 0.1532028328 0.2009856271 0.1638228372 0.1672963330 0.1529111645 0.2172216994 0.2302629170 0.3304105566 0.4337546978 0.6355703079 0.7834271453 0.8690191780 0.8726780279 0.8508076466 0.7810290293 0.5738710642 0.4993004110 0.3086045637 0.2805929636 0.2136364239 0.1749632078 0.1918130771 0.1728484139 0.1541483145 0.1685779919 0.1976985756 0.1383728774 0.1754722050 0.1276459602 0.1644862085 0.1926434086 0.2063591714 0.1606956907 0.1663929492 0.1872885295 0.1990575660 0.2030664163 0.1646670183 0.1284341698 0.1820438532 0.2021613915 0.1984855686 0.2315669379 0.2434451610 0.3629569468 0.4372052393 0.5913033067 0.6960903761 0.8305555169 0.8575944992 0.9271589814 0.7900406458 0.7052209726 0.4923213680 0.3964129676 0.3688739493 0.2289926919 0.2229968728 0.1994636148 0.1854686113 0.1894965183 0.1608576656 0.2043211876 0.1265259722 0.1867191100 0.1775167805 0.1296511469 0.1477051552 0.1653082892 0.1453393250 0.1921823909 0.1622027853 0.1480943369 0.1566864852 0.1660479884 0.1869436959
0.2118164544 0.1196544234 0.1756821165 0.1497217192 0.1237557355 0.1509056459 0.1321364262 0.1768884522 0.1737648148 0.2383840192 0.2627659636 0.3656822137 0.4471896752 0.6329604886 0.7743007011 0.8293606348 0.8329235267 0.8571941563 0.6967109711 0.5059890263 0.4411001870 0.2847043228 0.2203175526 0.2002895587 0.1520703093 0.1502033339 0.1274822138 0.1475990816 0.1706557108 0.1800133355 0.1478844085 0.1522011288 0.1551224781 0.0839854545 0.1238533540 0.1945272989 0.0967755844 0.1519855144 0.1385682775 0.1569254484 0.1879194536 0.1215434562 0.1589908930 0.1788953332 0.1659090461 0.1639811132 0.1787597024 0.2542046611 0.2794313167 0.4489155219 0.5753486916 0.7167230953 0.8192781449 0.9128673712 0.9080985409 0.7322506509 0.6268916829 0.4609587238 0.3702710614 0.2576157351 0.1728586182 0.1663383912 0.1594045019 0.2194779642 0.1618492841 0.1704154851 0.2117827132 0.1884066388 0.1768172912 0.1898349656 0.1508442666 0.1532606058 0.1780983503 0.1319981029 0.1682035251 0.1670520642 0.1596862822 0.1715698525 0.1272341816 0.1681568250 0.1620993128 0.1718415898 0.1634021766 0.1940540520 0.2204055953 0.2718857482 0.4554748253 0.4998802414 0.6908984967 0.7818720971 0.8291342998 0.9033621619 0.7723878731 0.6488225728 0.5522526764 0.3649372538 0.2895924249 0.2072560143 0.1813418300 0.1806779353 0.1887581105 0.2022510450 0.2139470991 0.1539315952 0.1628966162 0.1706019102 0.2231979418 0.1872880592 0.1622061179 0.1830056784 0.1664804643 0.1638447782 0.1301828636 0.1541403630 0.1845059911 0.1785251696 0.1584896095 0.1431242527 0.2089377959 0.1556590633 0.1634004710 0.2115720709 0.2799628285 0.3303203681 0.4843722206 0.6263235585 0.7635308925 0.8167463523 0.9070344551 0.8104462458 0.7854823368 0.6376549583 0.4379540065 0.3092507794 0.2739811601 0.2103665149 0.2075431699 0.1671358469 0.2142989668 0.1481258226 0.1388329673 0.1452315654 0.1343552549 0.1814186086 0.1874547702 0.1547068536 0.2039912567 0.1441444320 0.1700155096 0.1692727747 0.1821572068 0.1381939988 0.2092617955 0.1936935846 0.1601259502 0.1561209546 0.2029801707 0.1988844411 0.1618787942 0.2600957274 0.3385565900 0.4371540663 0.5341826176 0.6654029418 0.8457601300 0.9035160611 0.9150578099 0.7726188847 0.6349993941 0.5228974526 0.4103141773 0.2674635815 0.2215528825 0.1980406369 0.2562736957 0.1512312550 0.1696545832 0.1775143109 0.1426769156 0.1392103746 0.1552566836 0.2098490287 0.1716926884 0.1798474187 0.1731340834 0.1653784367 0.1701606408 0.1893360218 0.1534675042 0.2139697303 0.1756982921 0.1356987856
0.1354238744 0.1155615758 0.1164579619 0.1009426324 0.1757323191 0.2130705719 0.1317153733 0.1834824021 0.1975011345 0.1796676966 0.2336730757 0.3521203082 0.4677883634 0.5993529939 0.8079925371 0.7294379434 0.8440686526 0.7708998753 0.7481377588 0.5301060545 0.4253594648 0.2975963042 0.2298340153 0.2010843267 0.1983776424 0.1811249442 0.1735894048 0.1678106958 0.1809255799 0.1816244645 0.1056444079 0.1434006532 0.1287971892 0.1623353085 0.1159478050 0.1339284450 0.1733996076 0.1236677094 0.2030996252 0.1789460088 0.1277605195 0.1524608837 0.1096622442 0.1561610751 0.1810983707 0.1545552705 0.2088612553 0.2316531723 0.3109391024 0.4294720335 0.5593098682 0.7157597407 0.8038446692 0.8585826404 0.8066109038 0.7578140423 0.5923321713 0.4718489121 0.3507402609 0.2399971951 0.2336993003 0.1805683762 0.1850218863 0.1106479278 0.1688605423 0.1583232513 0.1600402131 0.1585461702 0.1595019843 0.1751789791 0.1365152938 0.1472324182 0.1893235039 0.1720365421 0.1848642644 0.1446508385 0.0901361036 0.1652953974 0.1358054262 0.1398586219 0.1251409631 0.1796374847 0.1691085952 0.1776639805 0.2067842912 0.2899143494 0.3871776929 0.5658831906 0.6773882713 0.7501067960 0.8485662279 0.8581764000 0.7656076816 0.6789856341 0.5347255391 0.3814504543 0.2849949733 0.2460112764 0.1776498586 0.1551283856 0.1478636068 0.1990237567 0.1504054754 0.1763489279 0.1361179989 0.1430022523 0.1249170818 0.1500308626 0.1591321779 0.1830405486 0.2020549917 0.1876528034 0.1462100959 0.1689067092 0.1650972704 0.1631197942 0.1614574381 0.1317457945 0.1904057526 0.1818552179 0.2241438118 0.2411344872 0.2951414333 0.3847935032 0.4679347095 0.5969152537 0.7336208183 0.8521036411 0.8923308544 0.8206721404 0.7391059675 0.5434996533 0.4783698812 0.3188440983 0.2773920344 0.2251004019 0.2021192324 0.1604563236 0.2235982055 0.1268783784 0.1161576631 0.2123318117 0.1642080408 0.1808491998 0.1901078823 0.1569162428 0.1775778071 0.1389502991 0.1744442135 0.1319682786 0.1315889273 0.1638630855 0.1617238405 0.1455715229 0.1940929267 0.1652824624 0.1730571332 0.1865394125 0.2153250760 0.2359702353 0.3097052815 0.3967939538 0.5581452986 0.6961263331 0.7989520489 0.8927677158 0.8933439802 0.8324819505 0.6513442732 0.5616891478 0.4051976910 0.3023090937 0.2141390148 0.1982840793 0.1495394498 0.1780027084 0.1269099225 0.1407230507 0.1777367543 0.1498531961 0.1750607432 0.1705063382 0.1670565077 0.1642863104 0.1331819845 0.1764062909 0.1389922138 0.1462614418 0.1561767038 0.1496062292 0.1494126641 0.1770385758
0.1662498145 0.1813748250 0.1207902822 0.1431740557 0.1578635765 0.1613264585 0.1566828450 0.1456447430 0.1136864357 0.2248693124 0.2721948568 0.3553157542 0.5235714575 0.6385085203 0.7900581281 0.8450545977 0.8002155916 0.8678833596 0.7053277426 0.5448463825 0.3704489709 0.2930898341 0.2343515043 0.2236495306 0.1284302998 0.1249669592 0.1261684820 0.1436964665 0.1661374066 0.1579789624 0.1365009226 0.1376047988 0.1279752323 0.1350648516 0.0869829049 0.1605109051 0.1340403861 0.1626532273 0.1266890730 0.1653385161 0.1767323921 0.0865197370 0.1884615854 0.1339741933 0.1877013967 0.1736942713 0.1480757684 0.2095422577 0.2673497875 0.4170115005 0.5349191320 0.6949177116 0.7687058974 0.8614079574 0.8540820184 0.7581157866 0.6713783996 0.4797872170 0.3665692776 0.2466866973 0.1947338101 0.1878956077 0.1459777348 0.1169147870 0.1059990303 0.1554941373 0.1322666140 0.1131764998 0.1296822090 0.1894592673 0.1260437479 0.1364898855 0.1368514585 0.1675771814 0.1117095411 0.1721874398 0.1913373248 0.1558130717 0.1200408660 0.1208015388 0.1658638997 0.1889917762 0.1613142284 0.2144550950 0.2697697062 0.2582418994 0.3889230612 0.5420054827 0.6798967237 0.7526025861 0.9174037915 0.9051656022 0.8055172564 0.7030936741 0.5229234061 0.3991412039 0.3107323566 0.1957363077 0.1784597824 0.1850491867 0.1581024233 0.2071489470 0.1462828336 0.1824595214 0.1984166006 0.0899380402 0.1248792008 0.1194454677 0.1950609999 0.1446953489 0.1754799737 0.1073371562 0.1746833955 0.1514740876 0.1696681153 0.1416475043 0.1068042472 0.1634374403 0.1050533771 0.2042361843 0.2349044138 0.1887751363 0.2456962311 0.2958480351 0.4529858172 0.5802427411 0.6976146519 0.8311983545 0.8365440090 0.7828022240 0.7059594797 0.5838951340 0.4825647123 0.3103657126 0.2151403274 0.2367408937 0.1822502706 0.1932813004 0.1620499648 0.1155692181 0.1487087203 0.1749549358 0.1576654152 0.1344207676 0.1699258221 0.1885336654 0.1779083089 0.1497191842 0.1793943209 0.1284943750 0.1685198062 0.1734402835 0.1423662330 0.1644466782 0.1408023077 0.1797276985 0.1454015431 0.1990187873 0.1463259355 0.2396128562 0.3199979922 0.4121023551 0.6164823877 0.7192853390 0.7928971750 0.8483772053 0.8858218337 0.7705137065 0.6558938459 0.5347552549 0.3670393329 0.2561654661 0.2335432368 0.1851423163 0.1724852971 0.2023943951 0.1749625931 0.2219454353 0.1136179440 0.0905398591 0.1824165729 0.1299805474 0.2011748450 0.1232146660 0.1504000362 0.1628691696 0.1927910089 0.1538390068 0.1871045391 0.1985278284 0.1774232552 0.2014892618
0.1615814116 0.1326164050 0.1515751588 0.1495751927 0.1079062838 0.1073840639 0.1276916257 0.1196257948 0.1668374035 0.1872020086 0.2671743857 0.4059298301 0.4364826372 0.5894630975 0.7568293324 0.8573805858 0.8094709697 0.7622234666 0.7020843548 0.5452942131 0.4230622948 0.3088634072 0.2287428795 0.2023256976 0.1481720783 0.1340559535 0.1192382968 0.1508984288 0.1384143205 0.1227202772 0.1212887944 0.1682797443 0.1508488010 0.1545387604 0.1153426359 0.1307090903 0.1668161722 0.1687742625 0.1546343389 0.1270269534 0.1115153969 0.1151569770 0.1335834510 0.1368541854 0.1751929276 0.1354209106 0.1540847402 0.1795366312 0.3060822756 0.3813673232 0.5620938337 0.7000288672 0.7912084044 0.8547024411 0.8192169874 0.7400357932 0.5836282340 0.4431930081 0.3443446862 0.2306960452 0.1516848346 0.1537306984 0.1738259534 0.1232008341 0.1107985904 0.1741333124 0.1409894555 0.1416720354 0.1328171149 0.1405425506 0.0931493550 0.1335426879 0.1116602842 0.1378898953 0.1055299367 0.1159456459 0.1808776246 0.1430775327 0.1925766704 0.0939111259 0.1528533657 0.1364688876 0.1857049087 0.2213029030 0.1977578200 0.2685094122 0.4070169364 0.5049731108 0.6413068381 0.7736848665 0.8952103623 0.8461639523 0.7639852387 0.6443457252 0.5555695548 0.3892499895 0.2788667671 0.2275279945 0.1540443693 0.1271250475 0.1534602802 0.1393345695 0.1707855901 0.1070068224 0.1494962546 0.1493112370 0.1396273953 0.1902089041 0.1787200999 0.1743944602 0.1721790478 0.1743175511 0.1701659751 0.1369938117 0.1689633589 0.1372289137 0.0917396406 0.1805480900 0.1930667377 0.1175673287 0.1473959265 0.1959561659 0.2709906812 0.3169261508 0.4350638824 0.5972827755 0.7494509991 0.8293378808 0.8651437562 0.8160381535 0.7435985147 0.5822819148 0.4385267682 0.2875753900 0.2772544089 0.1504797022 0.1691343231 0.1610384270 0.1621458984 0.1086949218 0.0989262392 0.1573250892 0.1321108338 0.1697832231 0.1275906646 0.1621480108 0.1634235822 0.1427615416 0.1426909184 0.1514835156 0.1998711354 0.1416971497 0.1382476305 0.1025126386 0.0896488432 0.1342665279 0.1566964690 0.2044393694 0.1827648779 0.2249526395 0.3073755335 0.3973860826 0.5401203092 0.7070263700 0.8136817629 0.8543606252 0.8774523845 0.7905340821 0.6310899919 0.5597715059 0.3676679457 0.2486990777 0.1855443755 0.2132938368 0.1599819173 0.1970284880 0.1666180660 0.1695041530 0.1786952363 0.1400979090 0.1537804118 0.1390899601 0.1415440848 0.1208782911 0.1678509777 0.1219051818 0.1433962095 0.1614883247 0.1931820355 0.1829435054 0.1848099736 0.1405453920
0.1074439123 0.1034067951 0.1562016641 0.0875136764 0.1024597383 0.1407714612 0.0983687124 0.1457542143 0.1423705255 0.1547293398 0.2759071942 0.3532638011 0.4909259636 0.5785067071 0.7413164443 0.8397321352 0.8769572412 0.8083164287 0.6437744901 0.5094237000 0.4289091257 0.3395364999 0.1691198372 0.2162008821 0.1698118483 0.0909068427 0.1406444357 0.1574694381 0.1312489357 0.1421928013 0.1774667630 0.1372337393 0.1035758109 0.1622522197 0.1166953616 0.1124824870 0.1021618949 0.0982185918 0.0756392956 0.1930930721 0.1101323574 0.1006904913 0.1616379452 0.1469254925 0.1335201641 0.1090856058 0.1229918917 0.1809078900 0.2888618275 0.3913938023 0.5848213662 0.6702054900 0.8148963461 0.8321256497 0.8309215738 0.7300997538 0.5822803780 0.4182564743 0.3265902479 0.2371103060 0.1502790332 0.1751355294 0.1459410413 0.1547578883 0.1103857137 0.1711265096 0.1524954136 0.1371938670 0.0939017162 0.1242445369 0.1026812808 0.1433051549 0.1349154663 0.1381624879 0.1821303108 0.1252705511 0.1384732415 0.1294410428 0.1510067034 0.1346950728 0.1787781984 0.1086380964 0.1627190003 0.1863301025 0.1832962787 0.2838327384 0.3860936027 0.5004235369 0.5926290082 0.7548356374 0.8533619261 0.8726666643 0.7726877155 0.6263231144 0.5660529733 0.3930269275 0.3038770977 0.2590089627 0.1980615394 0.1320013482 0.1739611988 0.1183782624 0.1414779324 0.2042404861 0.1114507397 0.1097901258 0.1569976808 0.1355745358 0.1108623433 0.1198548870 0.1758369133 0.1265062029 0.1832058035 0.1448493625 0.1277730366 0.1782375519 0.1713593502 0.1305691688 0.1124115360 0.1716026148 0.1852642623 0.1643096495 0.2484679196 0.3299196369 0.4533268003 0.5623366761 0.7092974788 0.8215645659 0.8385236179 0.7865804306 0.6949605523 0.6089453421 0.4700532875 0.3021415120 0.2492955512 0.1874398360 0.1607556933 0.1836347402 0.1738368983 0.1717432837 0.0726033911 0.1414900231 0.1473158512 0.1163288825 0.1195600903 0.0980034024 0.1525869738 0.1775849647 0.1623627650 0.1274705980 0.0996867001 0.1251801740 0.1212934066 0.1652263451 0.1295441926 0.0904688200 0.2150113422 0.1839942495 0.2126010140 0.1829209005 0.3383471831 0.3916087230 0.5219783901 0.6991144386 0.8187375912 0.8328086814 0.8391177632 0.7828494943 0.6158602442 0.5292328926 0.3172494052 0.2279274204 0.1989374303 0.1824016140 0.1392644290 0.1694797099 0.1421804181 0.1647761879 0.1263894608 0.0936486389 0.1376055991 0.1289749583 0.1165524154 0.1323495784 0.1155085289 0.1305412062 0.1293465681 0.1555337954 0.1154012838 0.1730702207 0.0865360244 0.1718960293
0.1090226080 0.1340192543 0.1340760783 0.1490504516 0.0838598513 0.1074214955 0.0838078889 0.1254341191 0.1298437331 0.1592174295 0.2253110927 0.2950927761 0.5189210029 0.6193004821 0.7036617034 0.8022603753 0.8529747744 0.8053602916 0.6918462600 0.5487031431 0.3875491141 0.2747870778 0.1728997682 0.1504848798 0.1368414697 0.2028429139 0.1257856804 0.0722735454 0.1437759733 0.0782793975 0.0994264639 0.0289312800 0.1034450014 0.0688388324 0.1264288342 0.1028194141 0.1705822215 0.1367672071 0.1073776942 0.1400601379 0.1043777906 0.0960846222 0.1408213017 0.1223903608 0.1600748248 0.0932261163 0.1492850485 0.2199002308 0.2753878302 0.4022323432 0.5666868857 0.6839402626 0.8079829131 0.8557639644 0.8576029376 0.7150024717 0.5645984986 0.4074696730 0.3099579784 0.1813994527 0.1811377565 0.1621818436 0.1400345648 0.1584488108 0.1493672435 0.1475938048 0.1393547485 0.1365394371 0.1776925700 0.1671901248 0.1407263051 0.1334952553 0.1364115853 0.1098232767 0.1285862665 0.1868342680 0.1369851949 0.1453821965 0.0754194884 0.0808618102 0.1329560653 0.1853334098 0.1769672926 0.1747700021 0.2410625651 0.2614221284 0.3789695733 0.4628709844 0.6595880808 0.7666013873 0.8541931948 0.8425095433 0.7566890333 0.6303714252 0.5191441102 0.3719098600 0.3023117634 0.1886312646 0.1543737406 0.1351903016 0.1532035350 0.1227963094 0.1553742578 0.1320732686 0.1325450331 0.0977132463 0.1391902245 0.1235028100 0.1276662172 0.0444054850 0.1119767014 0.1985944003 0.1508708590 0.1158257515 0.1635519907 0.1374325841 0.1248503542 0.0907187930 0.1725713519 0.1317480877 0.1653010572 0.2109476126 0.1748692111 0.3435141375 0.4972489963 0.6090083167 0.7368778379 0.8045934109 0.8680940681 0.8570161206 0.6816060187 0.5664500557 0.4480871235 0.3206970819 0.2578636071 0.1861954859 0.1576163775 0.1592810696 0.1153993182 0.1677330872 0.1644754846 0.1296657043 0.1176019220 0.1297311956 0.1829452756 0.1024735706 0.1229852319 0.1432682116 0.1262078580 0.1557519931 0.1566074705 0.1290995752 0.2156284257 0.0909478190 0.1248552758 0.1947157488 0.1295934354 0.1612476481 0.1924867508 0.2421554325 0.2984112650 0.3617067040 0.5067284828 0.6362368814 0.7768627047 0.8674287088 0.8338476439 0.7171820059 0.5854944196 0.4925516860 0.3525035368 0.2909550579 0.2226215517 0.1396450831 0.1518756229 0.1342858139 0.1324621378 0.1581618469 0.1204157944 0.1420354881 0.1218708352 0.1402036187 0.1533435653 0.1640833574 0.0857175439 0.1472229138 0.1354784567 0.1363462285 0.1081410412 0.1348746908 0.1243989206 0.1704919586
0.0973415372 0.1085934999 0.0964615079 0.0835826808 0.1094460955 0.1612179359 0.0990826207 0.0973190685 0.1241093902 0.1473470601 0.1992914575 0.3415226136 0.4711551001 0.5442739865 0.7240560770 0.8000052569 0.8331653931 0.7698918210 0.6817271911 0.5239810839 0.4215857996 0.3065440084 0.1652566920 0.1516762011 0.1685997927 0.1147224905 0.1386130758 0.0910175884 0.1556038005 0.1036099036 0.1149730932 0.1207677075 0.1448806156 0.1252525426 0.1336784161 0.0537712985 0.1166428485 0.0807187430 0.0854196522 0.0959506977 0.1030376724 0.1409687516 0.1364163769 0.1080071407 0.1464442133 0.1140254475 0.2144112516 0.2202972104 0.2988942589 0.3818255990 0.4793051027 0.6963768303 0.7447645051 0.8752044870 0.8510055012 0.7514209838 0.5918804377 0.4602436097 0.3063141206 0.2618163234 0.1445202044 0.1529912398 0.1444714799 0.1254547734 0.0654911457 0.1135464714 0.0931285146 0.1586806289 0.1732191686 0.1077364330 0.0904709536 0.1043264803 0.0887821911 0.1351962729 0.1639759330 0.1355653185 0.1005278229 0.1640576730 0.1734383272 0.1323623511 0.1318432182 0.1275898426 0.1389566022 0.1130446464 0.1658364841 0.2779269537 0.3362803798 0.5091817194 0.6254966026 0.7714265722 0.8183560350 0.8254356652 0.7649065026 0.5977901115 0.5054920761 0.3875216915 0.2873354517 0.2097643540 0.1991692032 0.1259623640 0.1277626514 0.1325215100 0.1415680190 0.1453121177 0.1632221462 0.1103943067 0.1212622545 0.1117028291 0.1176292406 0.1288522911 0.1048692126 0.1312223774 0.1189835045 0.1536806395 0.0955403900 0.1394608239 0.0983954610 0.1061415857 0.1856389751 0.1560752869 0.1539898404 0.1613775846 0.2391939550 0.3577818299 0.4044039112 0.6367642918 0.7221061998 0.8203900668 0.8417425515 0.8239140210 0.7171800950 0.5280840086 0.3837445451 0.2994140876 0.2270911183 0.2003875475 0.1342607313 0.1304478590 0.1067411242 0.1432341700 0.1766180041 0.1574574206 0.1064441701 0.1499176706 0.1279488610 0.1295565127 0.1027100695 0.1578103519 0.1102723738 0.0864385487 0.1603960059 0.1899804934 0.1103569854 0.1613659309 0.1172290965 0.1516817941 0.1180466069 0.1393734096 0.1911526961 0.1771044392 0.3110271906 0.4379122087 0.5043976560 0.6774174767 0.8217997130 0.8104456340 0.8004514410 0.7633118533 0.6101207366 0.4555693894 0.3149535446 0.2115056662 0.2053820028 0.1501647102 0.1415049397 0.1529815247 0.1520014578 0.1557134493 0.1346106575 0.1649167979 0.1260777167 0.1414192480 0.1528238530 0.1921609801 0.1464738129 0.1247539200 0.1795219682 0.1316198994 0.1367529063 0.1477236192 0.1201286315 0.2009373677
0.1071173215 0.0768807617 0.1184279098 0.0871934454 0.1431045841 0.0876357183 0.0615483493 0.1114606080 0.1516287064 0.2074234069 0.2325903000 0.2589229615 0.4155317126 0.5636157558 0.7491560066 0.8165536980 0.7970829428 0.7597813690 0.6673292710 0.5533625025 0.3515784301 0.3162862000 0.2115125933 0.1098252658 0.1524669597 0.0831333242 0.1305298328 0.1134666765 0.1101137904 0.0821627986 0.1257615158 0.1106110384 0.1140808920 0.1010899210 0.1521618258 0.1151032729 0.0918609123 0.1187575942 0.1058771223 0.1243139405 0.1538852769 0.1318875273 0.1397388642 0.1896293832 0.1545535654 0.1554905008 0.2067624947 0.2419934920 0.2600020509 0.3946446224 0.5859834801 0.6884561351 0.8029092351 0.8654517969 0.8127021120 0.6934218849 0.5930540605 0.4371612510 0.2735619877 0.2220675576 0.1789867484 0.1695188146 0.0867532694 0.1332548654 0.1736346897 0.1397103593 0.0985948497 0.1245287481 0.1312757342 0.1560283814 0.1582521552 0.1206094666 0.1103017481 0.1007461135 0.1328737512 0.1352221690 0.1368927065 0.1631232844 0.1009979185 0.1094234469 0.0772218074 0.1389469106 0.1547295378 0.0941583862 0.1568036401 0.2556656785 0.3583024806 0.4320372737 0.6692233377 0.7417954688 0.8205273194 0.8362991487 0.7908587624 0.6356029626 0.5356904902 0.4431136306 0.3088617373 0.2247941274 0.2053559660 0.1516694139 0.1653561196 0.1256883493 0.0922308648 0.1505112991 0.1306577497 0.1855453788 0.1625384410 0.1283245252 0.1180625685 0.1269964112 0.1080888653 0.1193716337 0.1686672037 0.1074696430 0.1581802462 0.1322357375 0.1269144854 0.1489010976 0.1526261118 0.1559771435 0.1486769862 0.1407387262 0.2536376335 0.3173408426 0.4031237755 0.5399057323 0.7067050705 0.8406056416 0.8413948736 0.7356164719 0.6962930796 0.5958536076 0.4188540880 0.2911590876 0.2052351192 0.2317886999 0.0868952869 0.1177449314 0.1325178311 0.1297699280 0.1182160337 0.1528930447 0.1142581828 0.1486950939 0.1074995527 0.0959736032 0.1084852645 0.1334772589 0.1004585953 0.1558969209 0.1660583149 0.1543664451 0.1152398717 0.1656580328 0.1302336034 0.1315211149 0.1530841442 0.1620530311 0.1639904304 0.2191167332 0.2958173164 0.3654279525 0.5160454388 0.6392295218 0.8345238886 0.8706348057 0.8268302934 0.7311988981 0.6122278428 0.4958249234 0.3712525286 0.2506759325 0.1504151177 0.1409538465 0.1238711521 0.1342319009 0.0984760897 0.1501987968 0.1196562900 0.1351858978 0.1658206998 0.1186562981 0.0822978856 0.1379095689 0.1309520669 0.1118167843 0.1602304406 0.1027471529 0.1578746877 0.1339667246 0.1540789356 0.2051127155
0.1162559653 0.1180893749 0.1248175752 0.1286226101 0.1307907681 0.0814028481 0.1389675509 0.1338745109 0.1381494657 0.2025509577 0.2378371059 0.3752370588 0.4240612042 0.5815897763 0.7598221498 0.7858183939 0.8569987478 0.7939850165 0.6234528788 0.5387465811 0.3625218819 0.2920537431 0.1770154889 0.1553443152 0.1379011055 0.1644278053 0.1138937343 0.1106481846 0.1473179017 0.0789357340 0.1324503572 0.1216927364 0.2074619209 0.1253213441 0.1094050521 0.1016953690 0.0706852285 0.1318030919 0.0759382484 0.0985728675 0.1094502242 0.1874149061 0.1318817521 0.0839307511 0.1188864404 0.1262879734 0.1482843367 0.2323019592 0.2895633654 0.4546635518 0.5143455936 0.7187284550 0.8250575218 0.8045654218 0.8160074780 0.6830429285 0.6365015512 0.4203012718 0.3420581607 0.2664714727 0.1873153532 0.1789988622 0.1065520888 0.1249289804 0.0277148997 0.0988847201 0.1341640023 0.1392760859 0.1569073001 0.0859277869 0.1683985375 0.1119919570 0.1004685251 0.1103700283 0.1686331807 0.0866622747 0.0526571216 0.1555866484 0.1992129608 0.1279549799 0.1425646324 0.1239257978 0.1156095155 0.1590207426 0.1702094001 0.2892658900 0.3622153412 0.5213158961 0.6085564350 0.7688327033 0.8101881544 0.8206484088 0.7352397377 0.6307032756 0.5233094149 0.3727345171 0.2382153034 0.2218830312 0.1796819946 0.0697175612 0.1350994040 0.1173029820 0.1364666080 0.0867637844 0.1337821714 0.1515148912 0.1220636040 0.1153729075 0.1521592460 0.1686173500 0.1002259502 0.1229227444 0.1617446582 0.1555991972 0.1250409670 0.1327069598 0.1482434906 0.1529293159 0.1629948470 0.1050231563 0.2059803194 0.1652169577 0.2014829057 0.3545156400 0.4808245475 0.5759401239 0.6942235187 0.8335749443 0.8556597085 0.8239155670 0.6984190718 0.5807401441 0.4217191729 0.3191112683 0.2341480723 0.2049279390 0.1605921741 0.1141755220 0.1589121188 0.1392614103 0.1418252204 0.1337298961 0.1086855481 0.1123209540 0.1847492050 0.1601578161 0.1105075522 0.1322673759 0.1205725386 0.1684068195 0.0998744911 0.1565572134 0.1387057978 0.0885303720 0.2302290269 0.1654110581 0.1308277569 0.1800283749 0.1703395734 0.2545211885 0.2628328769 0.3921238233 0.5301308335 0.6147027004 0.8002373687 0.8722322848 0.8038526976 0.7600675523 0.6590008539 0.4855959532 0.3491872655 0.3093267296 0.1738923990 0.2275747236 0.1674388933 0.1590662411 0.1214397891 0.1407138492 0.1011010282 0.1299020167 0.1399761212 0.1393884421 0.1459863801 0.1187177658 0.1659830996 0.1672489167 0.2657270916 0.1692980245 0.1197501125 0.1318352092 0.1134758309 0.1797154478
0.1364825598 0.1755324374 0.0919975628 0.1160733515 0.0625642296 0.1042565419 0.1373670542 0.1422829236 0.1579456483 0.1879112466 0.2265490159 0.3373073119 0.4561585112 0.6056856740 0.7889394190 0.8066324721 0.8901042738 0.8215701666 0.6921190325 0.5381755798 0.3809258637 0.3051750062 0.2095788188 0.1580357974 0.1146344535 0.1175181737 0.0763077845 0.1386125251 0.0798710460 0.1089529160 0.1715809477 0.1543427423 0.1351136956 0.0983438984 0.0731504289 0.0986371364 0.1455369909 0.1251192567 0.0893771501 0.1240967827 0.1095863254 0.1284423807 0.0808243463 0.1649373756 0.1277270174 0.1031918944 0.1544581771 0.2356748977 0.2993145309 0.4364604420 0.5378995972 0.6390009807 0.7924928772 0.8340828175 0.8178705391 0.7249576230 0.6044586261 0.4072971904 0.3185755197 0.2248938102 0.2119867915 0.1924948273 0.2165538345 0.1344043716 0.1189295705 0.1336186596 0.0893022768 0.1332320403 0.1082320403 0.1395288578 0.1259754263 0.1351174316 0.1295792835 0.1101461049 0.1479483037 0.1165772129 0.1406896020 0.1316525093 0.1322396673 0.1162398612 0.1204808928 0.1224320464 0.2014582335 0.1884367237 0.2340407827 0.2317281220 0.3648979127 0.4958470350 0.5745300376 0.7810651181 0.8508257612 0.8507964859 0.7339236224 0.6852894425 0.4823228264 0.3794261644 0.2206101453 0.2186199297 0.1578032101 0.1135409039 0.1533788157 0.1503930605 0.1392261780 0.0977362641 0.1733227746 0.1391358062 0.1129309768 0.0923117334 0.1064310914 0.1280589993 0.1393096407 0.1528444118 0.0984506711 0.0667546570 0.1204777401 0.1676347164 0.1433138609 0.1201480836 0.1647072710 0.1519813528 0.1396454783 0.1474437074 0.2134140050 0.3294984058 0.4397574145 0.6124723164 0.6737349919 0.8175779046 0.8872668317 0.8189674843 0.7127303374 0.5775941596 0.4012616329 0.2895971700 0.2478929339 0.1597957918 0.1414024917 0.1538960203 0.1196657185 0.1484740570 0.1247239797 0.2137941911 0.1609382797 0.1548869490 0.1643774955 0.1343780784 0.1551436787 0.1474807638 0.1656231165 0.1741226830 0.1267407353 0.1591104570 0.1026596162 0.1648952458 0.1301493443 0.1388144569 0.1592818892 0.1503942027 0.2189252137 0.2373635471 0.2780268121 0.4171310050 0.5451845529 0.6844753374 0.8047857189 0.9235509590 0.8467064986 0.6943707898 0.6711318198 0.4988080176 0.4348029645 0.2967260897 0.2032468015 0.1605516622 0.1968225945 0.1513326959 0.0923225695 0.1066141967 0.1163246925 0.1011599597 0.0553443544 0.1536594052 0.1646397759 0.1216515202 0.1676406377 0.0888736803 0.1198077091 0.1026908777 0.1961304115 0.1370119780 0.1711236195 0.2095582988
0.1077721053 0.1278623725 0.1201933865 0.1430013147 0.1630837696 0.1437429797 0.1718770615 0.1389619353 0.2306201290 0.2115765421 0.2494316716 0.2684915477 0.4709269318 0.6293821156 0.7457878435 0.7904632888 0.8773775178 0.8560587920 0.7137227734 0.5224039643 0.3524879982 0.2974134364 0.1924411128 0.1789764015 0.1589864116 0.1733791146 0.0886455085 0.1312105946 0.1363522264 0.1255192285 0.1244486761 0.1030211928 0.1027270540 0.1152278064 0.1011308369 0.0728588116 0.1245256416 0.1082253597 0.1420344264 0.1291375397 0.1341256242 0.1359828153 0.1487834173 0.0876513604 0.1164161329 0.1537343287 0.1304358870 0.2447688677 0.3562135220 0.4253653989 0.5828798406 0.6836989915 0.7687266109 0.8857828100 0.8491976720 0.7517578270 0.5922375700 0.4965130279 0.3796663415 0.2394157454 0.1741804459 0.1693063212 0.1298160827 0.1972035428 0.1372925814 0.1596483083 0.1531651456 0.0769044207 0.1159834306 0.1526715398 0.1524554575 0.1577048898 0.1102029697 0.1313043674 0.1696305504 0.1293863354 0.1403870121 0.1406706175 0.1452485454 0.1692378591 0.1501655904 0.1739377030 0.1689496323 0.1700246244 0.2363621518 0.3007192318 0.3125611586 0.5085585689 0.6480070882 0.7790524111 0.8997187727 0.8762200768 0.7375650808 0.6579151066 0.5422500245 0.3996309282 0.2746189942 0.2152256492 0.1733256074 0.1575563036 0.1358222891 0.1080193724 0.1589777730 0.0978463281 0.1163141028 0.1697949927 0.1329731648 0.1748886111 0.1743012212 0.1266938414 0.1163543964 0.1358280850 0.1711312396 0.1277756254 0.1717519099 0.1177707498 0.0882491629 0.1036155434 0.1375205463 0.1245260450 0.1118213936 0.2221093633 0.2729806143 0.3484128633 0.4487432231 0.6011345488 0.7014896765 0.8147628093 0.8672853634 0.8218821416 0.7377192065 0.5066082990 0.4317121924 0.2982290536 0.1987854184 0.1959331670 0.1438377377 0.1589129154 0.1269729843 0.1325873532 0.1831035212 0.1272322816 0.0774043996 0.1592835572 0.1766515064 0.1071706248 0.1344587851 0.1824655985 0.1399061126 0.1573322228 0.1210730513 0.1061815519 0.1281492741 0.1546002451 0.1383417150 0.1471708368 0.1340009007 0.1994852041 0.2349809295 0.1971554855 0.3003148453 0.3895904952 0.5440461608 0.6928541719 0.7571488877 0.8741821264 0.8712381538 0.7523064262 0.5680063090 0.4916641635 0.3124940436 0.2783728890 0.2011293484 0.1859053750 0.1757126765 0.1399955629 0.1344649768 0.1851499510 0.1481211127 0.1447770701 0.1535325974 0.1505622836 0.1865952013 0.1400167013 0.1491992919 0.1363697018 0.1206698385 0.1677426074 0.1462188497 0.2055302251 0.1564279615 0.1606979113
0.1342105836 0.1085921378 0.1049544736 0.1684382196 0.1767771907 0.1197673937 0.1752910557 0.1646480525 0.1764694852 0.1606290467 0.2556585811 0.3624387190 0.4837667984 0.6677903087 0.7450094953 0.8430832268 0.8286565324 0.8076241321 0.6525626431 0.5123230979 0.3804705067 0.2621010253 0.2538894078 0.2109910832 0.1391778471 0.1432018579 0.1307321478 0.1183429082 0.0990940168 0.1602111998 0.1409493351 0.1651926059 0.1429786970 0.1114500267 0.1698421013 0.1588270118 0.1327033193 0.1362779125 0.0973306116 0.1695362057 0.1588021023 0.1107567942 0.1592237196 0.1425200644 0.1264011169 0.1737744212 0.1619887938 0.2397959958 0.2878427663 0.4334157025 0.5709667095 0.7230422325 0.7835686359 0.8446283981 0.7878861657 0.8030964157 0.5846167310 0.4531377007 0.3630984592 0.2727325224 0.2004954056 0.1307984761 0.1438990989 0.1081354017 0.1324772061 0.1255523890 0.1602218242 0.1515341513 0.1409441575 0.1995419281 0.1448079104 0.1894109733 0.1966027540 0.0995893008 0.1437516630 0.1522610775 0.1801086728 0.0925962660 0.1583921614 0.1361688482 0.1366686617 0.1360866568 0.1512073351 0.1901536742 0.1828120839 0.2733845437 0.3777677152 0.5062627763 0.6808924782 0.7586905717 0.8051192137 0.8430726867 0.7796505354 0.6563418526 0.4967719771 0.4055417775 0.2939470985 0.2090511820 0.1429685130 0.1639547636 0.1494751079 0.1456392928 0.1559140151 0.1611447949 0.0977108485 0.1246274894 0.1507235684 0.1598000143 0.1613891427 0.1281323668 0.1422473702 0.1710516475 0.1494285635 0.1244435375 0.1205933217 0.2120542559 0.1499953242 0.1261573914 0.1377397438 0.1483994541 0.1864885317 0.2170422594 0.2513571118 0.3402813359 0.4360362663 0.5960157845 0.7463591371 0.7716051989 0.8519043957 0.8472960709 0.6996654542 0.5964875423 0.4387808384 0.2753041879 0.2385006651 0.1938353903 0.1817334006 0.1906165560 0.1846048404 0.1674855580 0.1508254699 0.1169563694 0.1295644148 0.1410172936 0.1401688107 0.1496941740 0.1448981209 0.1273145256 0.1858136832 0.1545822749 0.1402680597 0.1156617174 0.1512102724 0.1464172130 0.1288316887 0.1859374962 0.1961578591 0.1357073381 0.2443236298 0.2713723733 0.2982810729 0.3691338203 0.4994567761 0.6899633956 0.8493042404 0.8617024461 0.8651840223 0.8194398487 0.6436816933 0.5031811409 0.3474031071 0.2563120585 0.2165723914 0.2133502696 0.1532856294 0.2235814586 0.1374727885 0.1255340961 0.1223352083 0.1350859950 0.1074701786 0.1528641582 0.1318704919 0.1707591118 0.1659152741 0.1941168714 0.1317058798 0.1633501533 0.1529791647 0.1121976178 0.1673267943 0.1906786828
0.0654604532 0.1423730875 0.1353787080 0.1273548933 0.1326029597 0.1527038405 0.1581129349 0.1043209500 0.1968227019 0.2206393043 0.2795271169 0.2981866309 0.4494806953 0.5967830234 0.7228826519 0.7993314311 0.8703292321 0.8128161489 0.6803937914 0.5260566563 0.3925779392 0.3125109643 0.2383526710 0.1574105171 0.1540971515 0.1617997154 0.1635305765 0.1954148100 0.1096129836 0.1181055700 0.1752525343 0.1490330910 0.1367307527 0.1684841330 0.1433430782 0.0858626189 0.1228407468 0.1771473099 0.0850477875 0.1822701560 0.0993465332 0.1648771273 0.1430218484 0.1586281722 0.1779878787 0.1356279458 0.1450313641 0.2028213564 0.3106509424 0.4333945729 0.5590283270 0.6472309733 0.8437407066 0.8906086354 0.8690501152 0.7598756437 0.6137526288 0.5183027151 0.3666116540 0.2265817829 0.1852246372 0.1963169925 0.1511581467 0.1635818730 0.1680892342 0.1683158006 0.1189409990 0.1118743344 0.1812726094 0.1486331534 0.1272500912 0.1097236453 0.1579790748 0.1101271509 0.1652315288 0.1396493577 0.1315726135 0.1705713186 0.1417418648 0.1441823357 0.1451565781 0.1998900362 0.1519373229 0.1656055795 0.2243971408 0.3141726208 0.4071208477 0.4434780531 0.6401896476 0.7476204340 0.8684171431 0.8564911063 0.7419432583 0.6509420572 0.5293992931 0.4283112820 0.2740423901 0.2095011880 0.1871234165 0.1840660259 0.1803642922 0.2054509052 0.1961596638 0.1077624856 0.1785808726 0.1703755839 0.1259522131 0.1194362078 0.1542203181 0.1840966921 0.1688670549 0.1262389810 0.1451290489 0.1574560720 0.1160892275 0.1278143534 0.1352396784 0.1671666897 0.1493146478 0.1449395183 0.2019512483 0.2067057970 0.2790658918 0.3202081874 0.4812435540 0.6036068170 0.7296643412 0.8358816324 0.8797051286 0.8560094258 0.7041432371 0.5592617195 0.4449717954 0.2917495565 0.2863890413 0.1992658256 0.2020092575 0.1895738292 0.1772514000 0.1255844078 0.1172621755 0.1808331964 0.1090554324 0.1622246695 0.1430368686 0.1354545519 0.1759803279 0.1759525930 0.1498685907 0.1505529999 0.1476824022 0.1214404258 0.2147467466 0.1235475229 0.1539612862 0.1775481150 0.1394685825 0.2195648145 0.2088520852 0.2489675166 0.3247698404 0.4544204207 0.5307052455 0.6755557217 0.7963034584 0.8929725784 0.8311724270 0.8085747193 0.6409347882 0.5149750116 0.3582806601 0.2373995329 0.1581531480 0.1798253508 0.1646513350 0.1679691113 0.1865260130 0.2077027121 0.1550034608 0.1358922698 0.1765377275 0.1577859407 0.2071237131 0.1579559052 0.1887752824 0.1638369966 0.1579113981 0.1655639251 0.1725018937 0.1757834041 0.1871074611 0.1614849827
0.0838384921 0.1632334051 0.1346394240 0.1398591510 0.1772271409 0.1234846672 0.1439895762 0.1826225131 0.1262490687 0.2150033666 0.2349088690 0.3356103818 0.4570109827 0.6084458983 0.6998239340 0.8053313518 0.8574069898 0.7742733065 0.6878023683 0.5534354590 0.4410995280 0.3100233387 0.2217599921 0.2317041110 0.1869141519 0.1634893639 0.0928795346 0.1248992489 0.1852533398 0.1350513418 0.1056525450 0.1846840229 0.1489479042 0.1878878348 0.1394483798 0.1699689072 0.1850753051 0.1605745610 0.1270892824 0.0855762734 0.1053426841 0.2048438950 0.0863502674 0.1641769572 0.1573733823 0.1551899210 0.1959295909 0.2793967245 0.2429222520 0.4034126250 0.5682576150 0.7210151918 0.8168317276 0.8587359315 0.8085989925 0.7039351747 0.6118925998 0.4924980573 0.2839072919 0.3009506192 0.2669340387 0.1766814099 0.1710248611 0.1296058517 0.1326473041 0.2012648701 0.1395019568 0.1175173293 0.1643273809 0.1052270171 0.1189622728 0.1316663298 0.1825724179 0.1820349445 0.1626553212 0.1994124760 0.1630169305 0.1408717837 0.1643614075 0.1905017241 0.1635311355 0.1888619518 0.1443028469 0.2294133475 0.2358258796 0.2916854106 0.3519442030 0.4915735838 0.6837153909 0.8168196606 0.8942525397 0.8262938454 0.8296451370 0.6968557334 0.5355625311 0.3874511982 0.2648926293 0.2375520691 0.2539332041 0.1701426612 0.0997292756 0.1884630011 0.1572733666 0.1450434099 0.1541480616 0.1412630706 0.1412269961 0.2061082203 0.1413564773 0.1607846743 0.1662113890 0.1856951568 0.1500194610 0.1720308280 0.1497163766 0.2191119785 0.1857639202 0.1923620132 0.1530315948 0.1520591504 0.2091473922 0.2036492573 0.2479652535 0.3420025431 0.4179861391 0.6308491168 0.7549998270 0.7944207083 0.9131921076 0.8911661171 0.7634391570 0.5838934444 0.4787778526 0.3657247210 0.2921290709 0.2197298128 0.2062980588 0.1642751909 0.1337780744 0.1726282874 0.1504679008 0.1982301443 0.1554064657 0.2215499549 0.1936593453 0.1460449915 0.1645723437 0.1372710169 0.1118762109 0.2006354023 0.1797549154 0.1878383359 0.1622668688 0.1148261594 0.2119035453 0.1319817616 0.1950719286 0.2041475142 0.1508982370 0.2790064823 0.3361760769 0.4000728688 0.5660440967 0.7377162463 0.8353359652 0.8990165362 0.8842200501 0.7677450603 0.6785530282 0.4827267720 0.4318203558 0.3249169248 0.2141251972 0.1736789900 0.2080709429 0.1557368641 0.1846833966 0.1603507284 0.1882906437 0.1427341746 0.1922794054 0.1773102209 0.1577765056 0.1868678288 0.1830683422 0.1874203794 0.1495239822 0.1522883392 0.2154993038 0.1536232065 0.1078307796 0.1689853023
0.1172656924 0.1486582969 0.0923170489 0.1564467690 0.1255030163 0.1519415526 0.1758433401 0.1756327794 0.1360843740 0.2308651230 0.2737233235 0.3569474883 0.4581060331 0.6419885829 0.7288265204 0.8346131164 0.9074630202 0.8277527511 0.6594097914 0.5392115946 0.4310552672 0.2991964402 0.2482194929 0.1665764849 0.1419628770 0.1445658968 0.1332361421 0.1578032899 0.1904095879 0.1131438244 0.1837187392 0.1258320946 0.1562078398 0.1392016564 0.1541365662 0.1453729433 0.1792862826 0.1729259850 0.1585597514 0.1183261559 0.1920834784 0.1768097489 0.1458418897 0.0996204756 0.1342086250 0.1464193650 0.1528192770 0.2874333463 0.2937339557 0.4855387708 0.5939136809 0.6946672090 0.8484332820 0.8721950118 0.8387308280 0.7257888805 0.6120778145 0.4759897495 0.3252077327 0.2700495282 0.1872456717 0.1984094178 0.1953484838 0.1887539306 0.1833302126 0.1793718785 0.1146318250 0.1371088507 0.1524554164 0.1208526290 0.1523041831 0.1576874292 0.1022461059 0.2021223124 0.1470021747 0.1775521087 0.1142771895 0.1207101892 0.1493071690 0.1396621738 0.0774559953 0.2236551113 0.1825414742 0.2296824142 0.1955327432 0.3307894846 0.4295878211 0.5350709315 0.6921570890 0.8371008620 0.9212883535 0.8395227471 0.7947072027 0.6649274781 0.5430065960 0.4017674634 0.2683836705 0.2219801710 0.2017628865 0.1954897820 0.1524559392 0.1616434305 0.1145424458 0.1606347832 0.1614699541 0.1128666986 0.1243237287 0.1759613802 0.1753822608 0.1164963727 0.1661431068 0.1849822842 0.1784767961 0.1635087637 0.1901225435 0.1595963530 0.1615091067 0.2231655582 0.2063670171 0.1707267268 0.2209673088 0.2168850630 0.2567772887 0.3559043133 0.4474315286 0.5869281945 0.7435691539 0.8401923908 0.8987805372 0.8771402500 0.7058311427 0.5751382772 0.4330351160 0.3161626603 0.2537855089 0.2022849479 0.1774464344 0.1493630810 0.1602285371 0.1301779395 0.1596849600 0.1569427364 0.1509539737 0.1700400493 0.1582795491 0.2174922558 0.2169450297 0.1439801747 0.1673391286 0.2026561359 0.1681543854 0.1720289746 0.1556912544 0.1799134582 0.2034633931 0.1702069131 0.1750383285 0.1747099624 0.1514464247 0.2709258125 0.3650664468 0.4490846689 0.5791234624 0.7054280634 0.8038346367 0.8502014119 0.8609335945 0.7868876443 0.6384689837 0.4986724409 0.3996843518 0.2584253671 0.1792257334 0.2037263127 0.1878412139 0.1489827785 0.1464538481 0.1754770118 0.1669461154 0.1647466320 0.2229268795 0.1268456390 0.1548947238 0.1817314570 0.0861410714 0.1966295883 0.1874133409 0.1856836517 0.2245278575 0.1517936479 0.1330204232 0.1318882769
0.1787867293 0.1234698803 0.1467038707 0.1178841991 0.1454361593 0.1356829220 0.1728635949 0.2019278541 0.1324464879 0.1852065955 0.2417644560 0.3890730211 0.4994533217 0.6280370507 0.7611868911 0.7994764054 0.9180136755 0.8113800072 0.6810898807 0.5604525408 0.4075745509 0.3575671226 0.2321572252 0.1938126533 0.1338568552 0.1564447846 0.1519041953 0.1539469436 0.1567543299 0.1240047761 0.1670117288 0.1285963328 0.0945089679 0.1655413600 0.1307833663 0.2026311090 0.1280932597 0.1977298700 0.0784875073 0.1709937980 0.1410503188 0.1632416112 0.1381616886 0.1652558752 0.1669941956 0.1826291451 0.2156080626 0.2602196185 0.3348630515 0.4423519868 0.5468676936 0.7216984118 0.7593454209 0.8821297827 0.8177374324 0.7256933999 0.6257176476 0.4674638691 0.3777592172 0.2229107923 0.1841301642 0.1915618104 0.1650485378 0.1342365367 0.1635645807 0.1603635392 0.1593683374 0.1563997889 0.1454522262 0.1846354302 0.1476221016 0.1692025482 0.1498968337 0.1593653810 0.1697307071 0.1880569973 0.2204500268 0.1121018409 0.1163326319 0.1459227556 0.1604742857 0.1310266831 0.1570562884 0.1597358350 0.2470774367 0.2701419535 0.4138810064 0.5459790780 0.6946677303 0.7714659366 0.8634834558 0.8623238568 0.7673394379 0.6958521479 0.5324259056 0.3612119649 0.2671999275 0.2406262187 0.1434983144 0.2060548762 0.1773069222 0.1727580509 0.1354618282 0.1845485529 0.1902022560 0.2040871898 0.1387918453 0.1643642917 0.1500869517 0.1680594699 0.1319520375 0.1542201685 0.2118284438 0.1154841824 0.1467425753 0.1481795686 0.2233958105 0.1644831201 0.1644863556 0.1621579576 0.1853510357 0.2003601314 0.2677051535 0.3576453956 0.4055001958 0.6266713473 0.7368469712 0.8520929383 0.8826838634 0.7920538556 0.7306693348 0.5830814698 0.4588217536 0.3191257287 0.2272473773 0.2295972819 0.1554339025 0.1848591899 0.2182478513 0.1202516039 0.2168768179 0.1593805612 0.1778373765 0.1253434001 0.1722324577 0.1965047582 0.1627429556 0.2256735727 0.1537125438 0.1816769275 0.1926056478 0.2174863892 0.1615293685 0.1774456307 0.1634795175 0.1593329555 0.1673582167 0.1677813762 0.2152084201 0.2684276482 0.3300155040 0.4390985674 0.6062769699 0.7189017986 0.8441688120 0.9210300397 0.8806026376 0.7944750989 0.6894868484 0.4365147235 0.3969182883 0.2936419453 0.3008494417 0.2027090843 0.1983907896 0.1795784791 0.1951014950 0.1692862025 0.1566510394 0.1285092119 0.1382906295 0.1534592061 0.1300901815 0.1400598941 0.2027839202 0.1550679272 0.0952598674 0.1648967477 0.1570789422 0.1501733274 0.1491948588 0.1589130511
0.1476929656 0.1059367042 0.1591480662 0.1300891999 0.1808078074 0.1575349648 0.1547624172 0.1643078305 0.1553227285 0.2382208658 0.2972214053 0.4106724682 0.4812703494 0.6389929098 0.7482857732 0.8737905225 0.8694432482 0.7380419991 0.7042948490 0.5061096275 0.4146661954 0.3491459373 0.2556743672 0.2006497818 0.1636082012 0.1477537071 0.1641598991 0.1030145090 0.1358619237 0.1463927323 0.1252242552 0.1297931507 0.1219908058 0.2112930849 0.1757906355 0.1316041968 0.1500156784 0.1307383927 0.1518228659 0.1433839634 0.1184764517 0.1805511466 0.1483253994 0.1649224718 0.0833949162 0.1220096363 0.2309625828 0.2010131559 0.3230771903 0.4616280850 0.5590962661 0.6676746866 0.8167942162 0.8852935283 0.8098960435 0.8149969581 0.5855268234 0.4664051378 0.3619721713 0.2594691435 0.2253779708 0.1965093461 0.1402751109 0.1634082598 0.1706821792 0.1580344444 0.1768681475 0.1434892009 0.1179414244 0.1631113583 0.1734389216 0.1624336933 0.1372603374 0.1960126015 0.1288180081 0.1342068873 0.1381421336 0.1774848484 0.1058583132 0.1505833849 0.1849267020 0.0973972825 0.1397268016 0.1810292556 0.2571255376 0.2875953030 0.3412293834 0.5102824151 0.6781475233 0.7508274078 0.8580932291 0.8425097195 0.7789261306 0.6651237742 0.5318247670 0.4292400767 0.2573458998 0.2115347983 0.2251383270 0.1913084717 0.1681327666 0.1753634722 0.1630718355 0.1965874595 0.1789981389 0.1651901770 0.1622367113 0.1654047933 0.1773685549 0.2037219616 0.1316478168 0.1929280164 0.1742205600 0.1376494116 0.1486306430 0.1166304271 0.1492849771 0.1797234839 0.1007191037 0.1659621898 0.2047857672 0.1983913215 0.2776293687 0.3731249537 0.4323798995 0.5742723919 0.7401535833 0.8574867019 0.8713248766 0.8894660930 0.7602903410 0.5445711682 0.3867820610 0.3430612858 0.2111809192 0.2467207207 0.2008069724 0.1900763588 0.2082572599 0.1802215857 0.1723801834 0.1185507634 0.1649580139 0.1384400445 0.1432727428 0.1311947069 0.1568235638 0.2028112972 0.1328808303 0.1382073177 0.1328540601 0.1532755055 0.2063023776 0.1576070597 0.1617581571 0.1064465122 0.1598639244 0.2061970695 0.1792581463 0.2174708020 0.3258453511 0.4636756752 0.5827278366 0.7295922909 0.8041480905 0.8719450931 0.8742124093 0.8094536989 0.6021156103 0.5038430181 0.3825583732 0.2773653769 0.2329046554 0.1989466027 0.1840707649 0.1944810690 0.2165266687 0.1279844915 0.1771585153 0.1549157818 0.1373235007 0.1314940576 0.1616089265 0.1314037989 0.1670891564 0.1095308474 0.1976667172 0.1988266526 0.1721266783 0.1398514923 0.2285752355 0.2147812932
0.1485380874 0.1681786724 0.1588020201 0.1288851558 0.1500220442 0.1340493702 0.1560931115 0.1482103634 0.2012149978 0.1859372991 0.2772398414 0.2943323190 0.4741326584 0.6578607542 0.7065850677 0.8650998991 0.8720673220 0.7674720243 0.6977548452 0.5810077834 0.3908560884 0.2929443877 0.2075767324 0.1693607702 0.1444577876 0.1798650103 0.1594043876 0.1249714069 0.1352021601 0.1562288089 0.1205856379 0.0834917037 0.1486072826 0.1287806785 0.1085539027 0.1400950396 0.0954100026 0.1966744886 0.1383490219 0.1727923114 0.1105233066 0.1665582687 0.1937458466 0.1371262203 0.1602508874 0.1617992908 0.2095799060 0.2675428850 0.2622832383 0.3382567353 0.5536985364 0.6975515570 0.8132973331 0.8386886414 0.8830154333 0.6992536476 0.6225810723 0.4940844824 0.3892397457 0.2443576715 0.1976925126 0.1614843977 0.1577261187 0.1195158124 0.1336012034 0.0991928776 0.1292512717 0.1277681625 0.1223117515 0.1282649346 0.1745172495 0.1681633568 0.1506795564 0.1421807411 0.1605545930 0.1287020606 0.1049477894 0.1511507274 0.1994990193 0.1248222269 0.1484249865 0.1422220667 0.1222204250 0.2179291681 0.2307184326 0.2801344370 0.3784520141 0.5009089362 0.6577722978 0.8198329207 0.8175169972 0.8235459540 0.8163291140 0.6867985225 0.5559850696 0.3951507089 0.3098134816 0.2360540289 0.1303749931 0.1163057544 0.1692045732 0.2090125147 0.1396941718 0.1304272829 0.1715312975 0.1077318783 0.1359539979 0.1213625184 0.1978108121 0.1419520273 0.2242129272 0.1840539792 0.1220767665 0.1766392872 0.1062365503 0.1141356066 0.1798562514 0.1026192577 0.1609222109 0.1633102068 0.1749613115 0.2552070721 0.2315129241 0.3245319061 0.4455841380 0.5878370306 0.6995627719 0.8930847801 0.8431446733 0.8182422000 0.7089969957 0.5823416681 0.3914258786 0.2926916614 0.2411907305 0.1845483284 0.2480192641 0.1949332908 0.2077327212 0.1927685368 0.1586961396 0.1556384653 0.1717895868 0.2121972269 0.1391762017 0.1565414168 0.1556555952 0.1731855625 0.1395481783 0.1735594600 0.1700531138 0.1733069392 0.1669019728 0.2004107216 0.1579114437 0.1923933025 0.2075378882 0.1432627545 0.1308819381 0.2292143240 0.3053498164 0.4406401239 0.5436375386 0.6949660958 0.8630664506 0.8541779897 0.8424423997 0.7623549622 0.6920911777 0.4654224610 0.4249241924 0.2947980769 0.2575333004 0.1936347086 0.1885879540 0.1690494799 0.1776481286 0.1457448639 0.2056106899 0.1736212795 0.1900239998 0.1453579072 0.1501772256 0.1609733234 0.1850844539 0.1405118025 0.1940252558 0.1576450048 0.2302724771 0.1765880401 0.1303195929 0.1896627884
0.1821886367 0.1293753392 0.1553030034 0.1439448572 0.1701246840 0.1171193415 0.1269518073 0.1678587048 0.1887101073 0.1971898048 0.2408322990 0.3561773306 0.4123469067 0.6539912653 0.7805467514 0.7852968133 0.8581013350 0.7814136666 0.7134153035 0.5761333494 0.3898052041 0.3012526215 0.2612805425 0.1915748840 0.1437154699 0.1419044421 0.1444177063 0.1742843471 0.1571152530 0.1675882725 0.1590439096 0.1380366044 0.1161340098 0.1419042755 0.1273733258 0.1088648264 0.1126468986 0.1598664419 0.1555495253 0.1188041935 0.1268816755 0.1743943846 0.1413873985 0.1599030477 0.1119265656 0.1303727829 0.1303121695 0.2433864778 0.3541935424 0.4410999296 0.5420132909 0.6672671950 0.8077243904 0.8933200971 0.8462290998 0.8107601612 0.6104889215 0.4367492950 0.3295687123 0.2676337780 0.2366032633 0.1369286944 0.1725507442 0.1629725361 0.1370631982 0.1707653759 0.1655088707 0.1453121041 0.1198020629 0.1212886750 0.1861666424 0.1686829625 0.1446944616 0.1324993198 0.1884394620 0.1495224913 0.1831212095 0.1348678027 0.1668682936 0.1074910312 0.1645048947 0.1623164845 0.1780014952 0.1435470951 0.1800687870 0.2926319575 0.3463983717 0.5086806529 0.6936639757 0.8240686101 0.8773738005 0.8846899935 0.8474228710 0.7091854848 0.5146735121 0.4169642473 0.3044647470 0.2820509140 0.1610273670 0.2003702835 0.1666397226 0.1480809137 0.1412882813 0.1754373471 0.1810488895 0.2424207164 0.1539527742 0.1378516691 0.1908489038 0.1835873480 0.1539837671 0.1989639746 0.1069069151 0.2044415929 0.1630770153 0.1016419184 0.1222924711 0.1592231435 0.1557896581 0.1434484566 0.1988693272 0.1804993712 0.2382344770 0.3033620320 0.4871136185 0.5930549927 0.7415528190 0.8076746971 0.8587404054 0.8468389153 0.7580114556 0.6201124708 0.4534782285 0.2827051653 0.2914081574 0.1832981418 0.1787744723 0.1367240341 0.1443346213 0.1672877330 0.1703187825 0.1421838057 0.0681713623 0.1766214818 0.0892022184 0.1570467562 0.1442532815 0.1841529228 0.1328210199 0.1285822916 0.1881038472 0.1661062032 0.1881804479 0.1818811403 0.1465464824 0.1548679733 0.1712877657 0.0987340399 0.1594754698 0.2489980490 0.3338744689 0.3866883857 0.4977490003 0.6789001567 0.7790444991 0.9021537171 0.8782462044 0.7693316036 0.6541797217 0.5246804127 0.3637352900 0.2665621665 0.2315514003 0.1974561589 0.1702011778 0.1478970561 0.1680471802 0.1667313489 0.1123394858 0.1380572609 0.1525015429 0.1309618046 0.1443527877 0.1184597608 0.1615127126 0.1894157720 0.1675456054 0.1798965605 0.1313729276 0.1534819771 0.1883390916 0.1543757238
0.1619735640 0.1107812401 0.1190822254 0.0977672229 0.1590724708 0.1550412623 0.1700594531 0.1304435051 0.1690469089 0.2341747346 0.2861258692 0.3529041683 0.4941824030 0.6207062664 0.7342426328 0.8187613347 0.8485338239 0.7917354021 0.6843945024 0.5273817739 0.4363210542 0.3069403219 0.1960554133 0.1738803171 0.1437934209 0.1190363385 0.1332077575 0.0995215233 0.0874548238 0.1134662560 0.1400212683 0.1535412309 0.1415985017 0.1127086106 0.1175894560 0.1428755168 0.1385321067 0.1663239250 0.1400265115 0.1207945659 0.1255489944 0.1389021002 0.0833817708 0.1396893283 0.1279104660 0.1267750250 0.1473657247 0.2676386135 0.2908423264 0.4518424483 0.5517277041 0.6876738717 0.7608656688 0.8600190838 0.8095815533 0.7444165447 0.6240366102 0.4679794504 0.2737840593 0.2702767109 0.2180621895 0.1909658654 0.1297624127 0.1812185823 0.1512678526 0.1302518656 0.1166195773 0.1342480143 0.1840737598 0.1112544341 0.1489836184 0.1309949551 0.1974747358 0.1002846109 0.1735184284 0.1299845132 0.1577865698 0.1511999777 0.1483802985 0.0985541574 0.1731535660 0.1178181937 0.1644418098 0.1544708496 0.2163780902 0.2997558171 0.3524131229 0.5086955648 0.6366442278 0.7479671193 0.8513292582 0.8242649637 0.7977921098 0.6786127525 0.5018460281 0.3812359926 0.2382111947 0.2316488093 0.1577010704 0.1441749200 0.1349365563 0.1710725721 0.1388623913 0.1305144320 0.1341364491 0.1126805802 0.1173163613 0.1351102437 0.1523802986 0.1143146427 0.0949724316 0.1177514994 0.1047038421 0.1065727861 0.1627166333 0.1747797627 0.1180187722 0.1144368225 0.1574889601 0.1378328893 0.1421507519 0.2434187829 0.2765129982 0.2766378428 0.4416769718 0.5693615517 0.7114836622 0.8230992680 0.8369308910 0.8424189267 0.7451111956 0.5243857970 0.4851641609 0.3292434222 0.2331797847 0.2564790372 0.2159239562 0.1190076878 0.1635079479 0.1829137808 0.1462040763 0.1238979614 0.1201886681 0.1907110420 0.1812732942 0.1303874975 0.1779860783 0.1585957883 0.1588412049 0.1478895083 0.1482148499 0.1624616826 0.1786943386 0.1462587451 0.1504567371 0.1895762626 0.1846063817 0.1554044262 0.2125192648 0.1789010137 0.2936013718 0.4426930342 0.5321474061 0.6853424682 0.8257277652 0.8805294241 0.8865229098 0.7966549724 0.6527365908 0.4805366129 0.3705677141 0.2451885449 0.2592251114 0.2139112995 0.1658599338 0.1583372598 0.1969653095 0.1449086451 0.1902199905 0.1399515064 0.1279195297 0.1559235793 0.1277149553 0.1927550201 0.1280709065 0.1120847658 0.1544652447 0.1424679850 0.1670196404 0.1512023004 0.1684839978 0.1220770661
0.1365165629 0.0752450572 0.0855221577 0.1077773918 0.1667770590 0.1160967545 0.1307839916 0.1233595937 0.2049625857 0.1891197043 0.2408593048 0.2827933575 0.4572173964 0.5861928976 0.7457632225 0.8366123262 0.8183302928 0.8048590854 0.6269371009 0.5225187144 0.3471131606 0.2654928801 0.1837962877 0.1474947218 0.1531561487 0.1280568395 0.1631990002 0.1920195464 0.1289440327 0.1751223125 0.1570951975 0.1159110780 0.1253891064 0.1702556550 0.1059679677 0.0868181755 0.1139523889 0.1747881379 0.1315885684 0.1316737287 0.1282353460 0.0663520610 0.1071535792 0.1698711195 0.1276683108 0.1390220895 0.2153469771 0.2572016725 0.3076161972 0.4188342480 0.5474060546 0.6480636139 0.7786848658 0.8676021921 0.8073691401 0.7105653949 0.6117337903 0.4294613778 0.3111754877 0.2493114523 0.2312818940 0.1561153075 0.1118157316 0.1010870148 0.1541219388 0.1602713393 0.1172469226 0.0984872247 0.1502747034 0.1118887275 0.1067068881 0.1238077635 0.1485729569 0.1205179624 0.1214806420 0.1227021947 0.1500501591 0.1541708936 0.1529591668 0.1615059096 0.1045829540 0.0910899764 0.1426581502 0.1415127316 0.1723863225 0.1939517182 0.3882676608 0.4988201906 0.5886018197 0.7637203810 0.8329741563 0.8080302716 0.7842645868 0.6474021135 0.4828834997 0.3509457981 0.2810436437 0.1707413501 0.2030008024 0.1565584021 0.1136281205 0.1247452957 0.1387500794 0.1084252190 0.1032231561 0.1104111309 0.1176006826 0.1063139602 0.0919196152 0.1333293709 0.1123971981 0.1884962489 0.1079664599 0.1398539832 0.1358943855 0.1313184054 0.1303696007 0.1869008142 0.1745944954 0.1159104291 0.1827800739 0.1369858306 0.2427955808 0.3530808085 0.4500406601 0.5664316188 0.7154144603 0.8441544632 0.8352222253 0.8376744687 0.6789381951 0.5472141723 0.5161615489 0.3199556785 0.2454193027 0.1906345095 0.0856474411 0.1745531547 0.0759392836 0.1561614945 0.1352865534 0.1569411812 0.1599944965 0.1705638080 0.1470102353 0.1856440370 0.1606422149 0.2121247139 0.1643730157 0.1757536582 0.1709487380 0.1442462037 0.1763291563 0.1273737648 0.1092676993 0.1472475586 0.1868608976 0.1613834930 0.2146337255 0.3016317830 0.3214020933 0.4272772664 0.5509302881 0.6226095005 0.7932272987 0.8554319436 0.8658780717 0.7780952402 0.6106538363 0.5584006227 0.3829065262 0.2351606709 0.1742271864 0.1785232857 0.1619705034 0.1211074043 0.1340650758 0.1830633087 0.1312544469 0.1518226984 0.1284311357 0.1044664885 0.1563540063 0.1827392526 0.1453611780 0.1530591933 0.1866412378 0.1404804276 0.1362448209 0.1209396817 0.0991665501 0.1716696790
0.0865884248 0.1213451152 0.1018277055 0.0620585927 0.1080709608 0.1063838868 0.1791395155 0.1146364414 0.1547546605 0.2370187517 0.2262464020 0.3208499502 0.4539118855 0.6248990026 0.7011679703 0.8357316632 0.8038591706 0.7589955772 0.6749575556 0.5011911635 0.4074637402 0.3012226133 0.2393260033 0.1970079863 0.1454442779 0.1325663891 0.1493888747 0.1168347423 0.1260597003 0.1558266744 0.1165519976 0.1230875778 0.1250485118 0.1191082176 0.0940896368 0.0655041620 0.1011967245 0.1047545408 0.1976061184 0.0942731499 0.1046217045 0.1263279833 0.1079274510 0.1206348685 0.1548682216 0.1165302526 0.0974104551 0.2039330490 0.2821236821 0.4447965015 0.5585303963 0.7014974480 0.7730325702 0.8631284835 0.7948783561 0.7027539485 0.5918831885 0.3921511264 0.3435500419 0.1526287331 0.1928925108 0.1416262001 0.1213909617 0.1282402249 0.1214707648 0.1363997282 0.1417601212 0.0920419029 0.0814191339 0.1516350948 0.0661857809 0.1520303591 0.1237883816 0.1360111606 0.1419290440 0.1290414323 0.1029535363 0.0950879732 0.0961959858 0.1035465858 0.1187027300 0.1167575300 0.1507026830 0.1377922517 0.1825391851 0.2400551137 0.3445128330 0.5059937777 0.6419748622 0.8013049568 0.8559198149 0.8753077342 0.7181088969 0.6447835304 0.5656845880 0.3723923707 0.3019321884 0.1683475640 0.1888248872 0.1008667827 0.1246592644 0.1428348091 0.1010963130 0.1302152318 0.0882335520 0.1640445055 0.1334213397 0.1202047047 0.1448553176 0.1423975720 0.0787993306 0.1028727674 0.1646195992 0.1509014717 0.0884320030 0.1091172905 0.1445834446 0.1057857169 0.1423603183 0.1386646301 0.1558298037 0.1545033631 0.2501683144 0.3482350448 0.4330948985 0.6147605298 0.7246856320 0.8224428317 0.8514625678 0.7606464376 0.6908453053 0.5658255173 0.4580434491 0.3564443517 0.2191675442 0.1836980311 0.1659051477 0.1667486613 0.1118217209 0.1100514451 0.1432119109 0.1013738737 0.1291644483 0.1459151882 0.1567739382 0.0990782362 0.1093554186 0.1589314221 0.1793525441 0.1270132848 0.1242466702 0.1048823790 0.1626762162 0.1565211588 0.1815185645 0.1199044609 0.1488593037 0.1162708482 0.1547588911 0.2304508365 0.2852641108 0.4318840464 0.5035225076 0.6880693286 0.7726460814 0.8547473490 0.8371802160 0.7289200920 0.6094869043 0.4800084015 0.3464313048 0.2224009359 0.1978936045 0.1552802752 0.0936232481 0.1653001964 0.1549897837 0.1223973813 0.1604976206 0.1816912321 0.1246906269 0.1131165604 0.1290047674 0.1201864669 0.1423536014 0.1239417751 0.1695789385 0.1551883509 0.1468776686 0.1008126565 0.1495732710 0.1566420992
0.1411210086 0.1374300000 0.1319953850 0.1552001983 0.0827331155 0.1520021673 0.1132588219 0.0812567081 0.1139656491 0.1521164990 0.2598583839 0.2904143215 0.4161879411 0.6246015512 0.6735256440 0.7910288072 0.8527748169 0.7268144988 0.6572384744 0.5570870366 0.3868148077 0.3071954724 0.2283766238 0.0838379909 0.1506460463 0.1261757156 0.1624411322 0.0998447536 0.0888586879 0.0589977103 0.1659991456 0.1449880395 0.0396464892 0.0519375034 0.0387141637 0.0684945562 0.0537290205 0.1487993882 0.1127579693 0.0971426504 0.1588888397 0.0905647969 0.0475733000 0.1187455135 0.1818299115 0.1312672633 0.1913268162 0.2457980907 0.2977319856 0.3712562708 0.4964354823 0.6554606927 0.7618975363 0.8416306450 0.8176363765 0.7065550587 0.6056788036 0.4381594473 0.3121115796 0.1914227894 0.1581579615 0.1574858845 0.1132516692 0.0892766385 0.0749836419 0.1533320504 0.1242833977 0.1029703561 0.1225364629 0.1420287946 0.1401159661 0.1238974429 0.1127334370 0.1693358627 0.1760970476 0.0942116652 0.1302489933 0.1297008605 0.1063324590 0.0739840907 0.1186849095 0.0911658614 0.1232073657 0.1177182707 0.1785041236 0.2650084354 0.3468068601 0.4762689429 0.5777250805 0.7132069426 0.8283195541 0.7906026813 0.7665588785 0.6303038395 0.5359554479 0.3563291611 0.2809083640 0.1764978398 0.1850714705 0.1453326115 0.1308269127 0.1393647689 0.1911929544 0.1368654032 0.1292992843 0.1518234077 0.0919431313 0.1737420159 0.1164558244 0.0847631280 0.1670846260 0.1421497946 0.1679094410 0.1463552627 0.1184406238 0.1077511861 0.1101320710 0.1695747690 0.0934649404 0.1467076844 0.1202994587 0.1554543808 0.2351677107 0.3034719088 0.4204143336 0.5832818053 0.7076461233 0.8159642530 0.8310794620 0.8516000146 0.7067365025 0.5483031562 0.4276521198 0.2967222271 0.1758736754 0.2066470012 0.1201130963 0.0752340769 0.1176282942 0.1119688419 0.1190284575 0.1092392287 0.1841452613 0.0801376730 0.0836966172 0.1248520425 0.1202842204 0.1454599046 0.1912078699 0.1033057982 0.1324457270 0.0905252336 0.0830333373 0.1622349154 0.1433555260 0.1416362367 0.1447248708 0.1181364500 0.2210305279 0.2085487111 0.2333806399 0.4374076190 0.4891137965 0.6408879498 0.7912851372 0.8527956777 0.9211949707 0.7437185709 0.6243736426 0.4464997641 0.3491090038 0.2510274961 0.1788797672 0.1654543449 0.1315285427 0.1791727888 0.1245070672 0.1644283115 0.1870183513 0.0915821458 0.1976025052 0.1248874870 0.1081466173 0.1451430902 0.1858861144 0.1263111778 0.1284007993 0.1041695159 0.1627236845 0.1344659167 0.1516059516 0.1238881606
0.0901113215 0.1222420535 0.1365104778 0.1346729531 0.1015181926 0.0849667442 0.1367194372 0.0961305479 0.1743451529 0.1841504380 0.2510813732 0.3175686300 0.4310184668 0.5824669635 0.7029717373 0.8335599442 0.8535156320 0.7373009212 0.6548263392 0.5137364865 0.3709274176 0.2760920924 0.2268785612 0.1501660574 0.0831493009 0.0940145807 0.1157654203 0.1053588144 0.1214956169 0.1605779469 0.1375306227 0.0854951068 0.1559303156 0.1347957739 0.1508779755 0.1130016160 0.1100355476 0.0574764601 0.1348256837 0.1726602736 0.1770698874 0.1034813610 0.1390539942 0.0890256430 0.1203871542 0.1368796604 0.1332027908 0.1647588718 0.2527970492 0.3915166221 0.5276910041 0.7085382410 0.7418484944 0.8987869993 0.8252760692 0.7064404778 0.5986197962 0.4069804435 0.2983115312 0.2259275135 0.1611468714 0.1453165286 0.0971088517 0.1075905151 0.0835107422 0.1131693126 0.1158338491 0.1596948809 0.1519318466 0.1233361260 0.0955716529 0.0901224037 0.1006914341 0.1590492683 0.0956740817 0.0804094191 0.0952228997 0.1308500631 0.1419443570 0.1080701653 0.1152130390 0.0837682135 0.1460618440 0.2074138826 0.1334090354 0.2520054221 0.3514100537 0.4750401544 0.6534292545 0.7485060939 0.8350020988 0.8076626834 0.7196588379 0.6233713121 0.5217782714 0.3230576757 0.2560807019 0.2147931604 0.1610802818 0.1194405375 0.1307928571 0.1290798999 0.1181449357 0.1086588331 0.1018108407 0.1028576522 0.1748221895 0.0971090110 0.1011375860 0.1619285897 0.0839334948 0.1366736133 0.1119369430 0.1145519583 0.0904908764 0.1160146665 0.1172774100 0.0980041535 0.1508539614 0.1356441747 0.1449692249 0.1885416033 0.2386881540 0.2512215885 0.4138892463 0.5900729763 0.7382942463 0.8195470965 0.8508518780 0.8226831545 0.7042126855 0.5490568831 0.4134099749 0.3292708647 0.2109485585 0.2129066458 0.1427219441 0.1527002752 0.1205754355 0.1163588082 0.1321001977 0.1511912738 0.1527907158 0.1078765701 0.1507043013 0.1481351851 0.1383060343 0.1551612720 0.1156057625 0.1679368009 0.1473749064 0.1508380584 0.1122080381 0.1300387727 0.1286459188 0.1395622967 0.1485016961 0.1497306390 0.1756209450 0.2331951056 0.2922011086 0.3773728201 0.4942435678 0.6555467408 0.7009296649 0.8263518979 0.8974523820 0.7602019835 0.6293015530 0.4669128984 0.3118186498 0.2316476609 0.1670688264 0.1540293599 0.0790636651 0.1159570604 0.1182178048 0.1145850629 0.0926826254 0.0946373883 0.1469064484 0.1643431006 0.1323942939 0.1771230719 0.1946018940 0.1808542368 0.1346196935 0.1859952484 0.1294190095 0.1427242645 0.1346469133 0.1137753503
0.1485015098 0.1280779905 0.0759778515 0.1042865958 0.0887491900 0.0826611639 0.1359326101 0.1476283331 0.1175326326 0.1624048262 0.2091168216 0.3264693215 0.4399743317 0.5400621651 0.7215020156 0.8033680447 0.7923154754 0.8070387077 0.6314700281 0.5173510367 0.3383077673 0.2488450370 0.1728256879 0.1657858502 0.1479506205 0.1781286897 0.1148722660 0.0889677251 0.1466465021 0.1239861221 0.1249230156 0.1110002810 0.1420512848 0.1047110484 0.1142374944 0.0794943615 0.1280556179 0.0976334496 0.0991200070 0.1282597667 0.0528383773 0.1246257624 0.0939274401 0.1411734751 0.1316035549 0.1391768780 0.1834910584 0.2001274139 0.2359831739 0.4335185716 0.5375314933 0.6310254684 0.8232263917 0.8664251488 0.7983067222 0.7111135581 0.5343707484 0.3973417537 0.2799751732 0.2356510410 0.1411627293 0.1409489215 0.1184419500 0.1650256849 0.1202475148 0.1295082456 0.1718984066 0.1152072958 0.1314895197 0.0577448217 0.1351468262 0.1239502422 0.1057702377 0.1346064541 0.0746815867 0.1022947132 0.1250626757 0.1430719481 0.1376889639 0.1462925054 0.1407352882 0.1549450690 0.1179449032 0.1491112036 0.2011001863 0.2927592673 0.3237063058 0.4629092480 0.5910535647 0.7298650859 0.8249261540 0.8602255117 0.7393458085 0.6377912336 0.4879721298 0.3863661137 0.2317398638 0.1944658338 0.2051409062 0.1572054531 0.1312870024 0.1266359601 0.0626333095 0.1054351643 0.1608589643 0.1504408868 0.1067186141 0.0853276496 0.0821033174 0.0969108631 0.1150355529 0.1046584881 0.1180773122 0.1331429958 0.1003617051 0.1266562569 0.1515348775 0.0710533671 0.1276297719 0.0939692689 0.1328412967 0.1738764598 0.2657874653 0.2917077455 0.4194405660 0.5309424500 0.7547288643 0.8486789794 0.9113785104 0.8240471586 0.6927462225 0.5474235742 0.4773927021 0.3198059491 0.1945381387 0.1895080202 0.0954111166 0.1523618139 0.1189732840 0.1183464706 0.1604736998 0.1607794708 0.1237861795 0.1230305298 0.1084191348 0.1424420305 0.1379594899 0.1062357315 0.1499846331 0.1289202748 0.1304975896 0.1247690864 0.1480852482 0.1509693496 0.0918496374 0.1102233926 0.1669999274 0.1714501000 0.2300266506 0.2259950976 0.2137885735 0.3736548682 0.4666462074 0.7175422395 0.7662833571 0.8353232521 0.8329554741 0.6950503724 0.6326493604 0.4568068756 0.3513852564 0.2245146782 0.2206699663 0.1755307827 0.1802651426 0.1540887422 0.1236597542 0.1373805771 0.1637845143 0.1067113691 0.1763049385 0.1010541395 0.0930650203 0.1389517395 0.1374618766 0.1069237427 0.1339518393 0.1535505633 0.1337110403 0.1937287434 0.2035817615 0.1160458100
0.1139708356 0.1731720741 0.0924921656 0.0661139723 0.0901331499 0.0510175948 0.0761304773 0.1512621860 0.1321041564 0.1794804540 0.2839729574 0.3332925157 0.4854548729 0.6158594127 0.7283755671 0.8158620227 0.8011385190 0.7675283360 0.6618661513 0.5133708790 0.3674428421 0.2723274707 0.1882497692 0.1570961121 0.0927545311 0.0960257374 0.1286433607 0.1180009453 0.1089692744 0.1139123363 0.1345771797 0.0942883015 0.1135968947 0.0853987558 0.1441466142 0.1094553398 0.0865679311 0.1096231565 0.1000519546 0.1346506395 0.1909421592 0.0942464767 0.1302502789 0.1164969337 0.1277673505 0.0809352376 0.1683402609 0.1919018804 0.2492288280 0.3831656266 0.5164797464 0.7119124325 0.7986138557 0.8299322585 0.8024895854 0.7034616098 0.5694877562 0.4280329101 0.3003164774 0.2310584181 0.1376661260 0.0928729434 0.1247651882 0.1423476851 0.1277637957 0.0548596363 0.0952755047 0.1371699460 0.1293490176 0.1161615672 0.1640154736 0.1202239916 0.1077735616 0.1752240693 0.1223345853 0.0977275323 0.0839900586 0.0851195471 0.1102682467 0.0950269940 0.1312008759 0.1116370102 0.1808876212 0.1553943342 0.1959282317 0.2047627954 0.3875281088 0.4514905759 0.6061653279 0.7437624247 0.8758953494 0.8122672058 0.7907226508 0.6485987671 0.5146198591 0.3280103876 0.2571318682 0.2056551678 0.1940302761 0.1493036576 0.1503342932 0.1154045670 0.1250929355 0.1136465684 0.2010131845 0.1277631673 0.1380416559 0.1973275094 0.1139408306 0.1322767768 0.0815626428 0.1160002886 0.1321342928 0.1343404567 0.1460657270 0.1234137927 0.1095542787 0.1368865938 0.1531743708 0.1599496285 0.1320875028 0.1679729587 0.2282620565 0.3188224865 0.4158840058 0.5304202260 0.7255099267 0.7952142135 0.8701915764 0.8100666803 0.6967260543 0.5428811782 0.4378446251 0.3222767860 0.2605043998 0.1142833173 0.1677202667 0.0924505980 0.1522413413 0.1254743659 0.1810091378 0.1326094599 0.1836552351 0.1279066382 0.1114599698 0.1615701170 0.1155273164 0.1088011036 0.1580213895 0.1226301086 0.0903150922 0.1625822052 0.1591806253 0.1570522616 0.1143083015 0.1570688569 0.1486506445 0.1459052547 0.1634507501 0.1611058966 0.2665359363 0.3992155183 0.5462513241 0.7147690754 0.8033665580 0.8398290161 0.8414599674 0.7671346029 0.6456319260 0.4503552258 0.3161495837 0.2718653960 0.2192924780 0.1362642564 0.1887681411 0.1096228362 0.1246890438 0.0932746015 0.1215515621 0.1328415687 0.1098755107 0.1477559314 0.1333812568 0.1806064083 0.1380679291 0.1513260617 0.1363390429 0.1536415257 0.0896801593 0.1411775459 0.1282560211 0.2064223176
0.1197300530 0.1242706969 0.1693719596 0.1283077350 0.0956698207 0.1217218244 0.0710204209 0.1584313266 0.1482923387 0.1791962199 0.2527270315 0.3552545972 0.4564007592 0.5274756439 0.7479714490 0.8748849375 0.8269242984 0.7687792564 0.6436732852 0.5246602346 0.4067622026 0.2799537408 0.1991059077 0.1509561635 0.1952930791 0.1862578175 0.1268278294 0.1402310753 0.0887551369 0.1110675160 0.0995371837 0.0960993529 0.1503503915 0.1149291460 0.1349673435 0.1411879111 0.1287436324 0.1023948482 0.1045651585 0.0781852973 0.1251013755 0.0772932924 0.0961119735 0.1004581668 0.1233531484 0.1866186991 0.2133926286 0.2417262372 0.3325534041 0.4115220082 0.5248668291 0.6508923513 0.7820050405 0.8406844410 0.8273012182 0.7194643731 0.6394719772 0.4076714463 0.3260910318 0.2295338223 0.2008256609 0.1612908230 0.1504680087 0.1323847324 0.0966144648 0.1446468010 0.1168501139 0.0954480753 0.0635978908 0.0991451943 0.1562625291 0.0849062887 0.0797486610 0.1353120387 0.1505000265 0.1504201080 0.1392357281 0.1252628246 0.1002625015 0.1140693860 0.1425210651 0.1152157047 0.0793193338 0.1124309424 0.1928558617 0.2285101766 0.3930016518 0.4962760699 0.5877334818 0.7237199824 0.8483849195 0.7945794385 0.7787334778 0.6102802006 0.4979075538 0.3378574562 0.2869845756 0.2003682567 0.1183088779 0.1479126247 0.1298606102 0.1333982085 0.1271441172 0.1267973251 0.1130498882 0.1315488004 0.1323970031 0.1984439480 0.1234908534 0.1263113378 0.1223034310 0.1462153818 0.1542512715 0.1296566393 0.1878146828 0.1461518530 0.1653968916 0.1468614952 0.1247347647 0.1464182229 0.1124704688 0.1658163678 0.2670363148 0.2987823911 0.4445323664 0.5788947561 0.7151683646 0.8146288198 0.8198448850 0.7723090127 0.7009155442 0.5867008963 0.3824713369 0.3362278357 0.2181838032 0.1678148212 0.1588267356 0.1547972747 0.1515281956 0.1473487556 0.1066340571 0.1218000780 0.1644651825 0.1486862617 0.1311072632 0.1404001315 0.1399221003 0.1772278475 0.1533196420 0.1028835740 0.1242710182 0.1782690435 0.0927217332 0.1452966192 0.1134196048 0.1248632582 0.1337766110 0.1639686540 0.1837628926 0.2308606590 0.3205533939 0.3593144060 0.5186544395 0.6571209545 0.8309720637 0.8162904273 0.8576685063 0.7465997092 0.5365101244 0.5335422478 0.3255347872 0.3012938750 0.2218172078 0.1038869407 0.1423329283 0.1648273557 0.1605815768 0.1083218908 0.1807278670 0.1591537804 0.1564099785 0.1293947564 0.1204444001 0.1539773972 0.1382385193 0.0819196482 0.1461726955 0.1189692052 0.1626798597 0.1584605826 0.1439946448 0.0908584003
0.0598438727 0.1294146669 0.1196104613 0.1588300719 0.0981883953 0.1425855578 0.1000367364 0.1720732236 0.1569777942 0.2142671083 0.2539573518 0.3138397170 0.4202312346 0.6197983441 0.7402637150 0.8418674147 0.8253904803 0.8103808876 0.6662099518 0.5406855726 0.4064232119 0.3104988741 0.2348251217 0.1622618421 0.2055917041 0.1227057564 0.1534670321 0.0931545963 0.1287563456 0.0940063375 0.1195603516 0.1476580332 0.1137312506 0.1414307263 0.1329296725 0.1318113226 0.0908882536 0.1213132172 0.1132602319 0.0976749181 0.1649724782 0.0784394119 0.1447326775 0.1640856579 0.1182218220 0.1732629876 0.1556853043 0.2396795952 0.3192834085 0.4411185117 0.5309151249 0.6849871937 0.8082418463 0.8683741642 0.8444332767 0.7394206622 0.6453576287 0.4449034259 0.3771860712 0.2843721747 0.2498562890 0.1702088890 0.1075642740 0.1599630151 0.1349278766 0.1393933807 0.1429154310 0.1635860434 0.1425787213 0.1300543533 0.1325593209 0.1334611384 0.1229814836 0.1345846333 0.1702572570 0.1828001348 0.0960355938 0.1456901098 0.1752687451 0.1403413031 0.1231091051 0.1651761969 0.2175551320 0.1153639184 0.2125317372 0.2484272276 0.3824892521 0.4973721211 0.6675860229 0.7980921627 0.8285177710 0.8329708555 0.8159453364 0.6711386816 0.5213963596 0.3895380784 0.2443153091 0.2607420252 0.2186559586 0.1555744000 0.1280857790 0.0852663874 0.1439765787 0.1949720908 0.1357396300 0.1170666306 0.1975299207 0.1611294498 0.1339623860 0.1384517741 0.1604970657 0.1155032978 0.1175522865 0.1852379606 0.1422258521 0.1285875103 0.1511218981 0.1349432515 0.1849012204 0.1574376471 0.1315620782 0.2415551662 0.2042224228 0.3409673543 0.4365737218 0.6339590483 0.7504033783 0.7943848531 0.8375203053 0.8326986358 0.6568161394 0.5827415941 0.4755255038 0.3104726762 0.2584631218 0.1506339137 0.1061719657 0.1872312410 0.1445519353 0.1917165753 0.1068464619 0.1716777042 0.1344600982 0.2168810169 0.2115476088 0.1128112972 0.1538643301 0.1811851552 0.2117921744 0.1328020298 0.0911274233 0.1762582955 0.1317816960 0.1349931267 0.1853647388 0.1304246517 0.1217218804 0.1463571659 0.2027132516 0.2522359934 0.2383273083 0.4114830152 0.5232692896 0.7026136688 0.7869812609 0.8994459561 0.8573150067 0.7835200304 0.6121524208 0.5004112885 0.3847751429 0.2505527114 0.2000314703 0.1733348007 0.1488830996 0.1942297715 0.1347968787 0.1468446630 0.1381095567 0.1435438334 0.1392920682 0.2014887700 0.1445209972 0.1097534718 0.1132086497 0.1174116142 0.1224683042 0.1534777618 0.1759297364 0.1504214288 0.1065885470 0.1603280923
0.0968324079 0.1311677697 0.1378193021 0.1237997682 0.1210652289 0.1599528264 0.1793920290 0.1554848114 0.1088769064 0.1757080170 0.1907232603 0.3723606907 0.4932081954 0.6329021689 0.8012300781 0.8451365546 0.8225468175 0.7595439815 0.6986709874 0.5542870207 0.3964185311 0.2709824223 0.2357625082 0.1766603016 0.1175747649 0.1341958639 0.1613381478 0.1419223173 0.1806060183 0.1432703342 0.1701190402 0.1536847094 0.0924825458 0.1799917060 0.1587067712 0.1522884830 0.1227130424 0.1915970763 0.1303623101 0.1183899242 0.1144823875 0.1318214336 0.1168854308 0.1336268896 0.1708928574 0.1689353355 0.1325099461 0.2634152748 0.2688582154 0.4107750315 0.5666171949 0.7164755869 0.7842592748 0.8673718368 0.8150535375 0.7464162300 0.6176318493 0.4341641280 0.3118904216 0.2453519215 0.2085520842 0.1792229306 0.1203061560 0.1677546447 0.1464586897 0.1893570853 0.1724189823 0.1261595703 0.1019276708 0.1359825766 0.1352008160 0.1294676517 0.1321123725 0.1219238011 0.1544122495 0.1470234164 0.1661400550 0.1017366150 0.1121927666 0.1572141774 0.1524553976 0.1576949219 0.1222366292 0.2329185591 0.1988858356 0.2398344712 0.3600512749 0.4705050280 0.6432172690 0.7549676373 0.8650575038 0.8454033645 0.7871785844 0.6356736645 0.4912774124 0.3722588490 0.2944205338 0.2750032617 0.1752578880 0.1389569622 0.1404862134 0.1296077739 0.1298710503 0.1088211284 0.1797186318 0.1734348604 0.0986283314 0.1636931771 0.1264236493 0.0619615825 0.1079376365 0.1656988622 0.1426354890 0.1745839778 0.1585113696 0.1538727523 0.1198976065 0.1005229490 0.1464476140 0.1595589467 0.1784792278 0.2032423449 0.2607401942 0.3390608426 0.4571991544 0.6036394258 0.7854016092 0.7707851547 0.8766575953 0.8920466483 0.7035085981 0.6180207316 0.3880528168 0.3456947477 0.2706246007 0.1867266760 0.1929426628 0.1600135369 0.1951797816 0.1452336111 0.1416461026 0.1446150859 0.1304162180 0.1144099517 0.1426397558 0.1341893508 0.1612428801 0.1710692044 0.1761720654 0.1995042494 0.1754669326 0.1732059303 0.1902886281 0.1238650302 0.1405634385 0.1018408060 0.1187882397 0.1707712164 0.1988112407 0.2040476900 0.2944190773 0.3965414356 0.5295500170 0.6766749946 0.7679926582 0.8956467265 0.8342445424 0.7778488543 0.6046986308 0.4968941812 0.2976160730 0.2975466616 0.1746706283 0.1829614902 0.1612299497 0.2377560992 0.1404913451 0.1240012456 0.1243750703 0.1327653388 0.1089561823 0.1361629857 0.1651354365 0.1822036017 0.1945762053 0.1539249732 0.1572424511 0.1385801513 0.1377592548 0.1662297586 0.1321564365 0.1693954550
0.1452931107 0.1572796882 0.0896201987 0.1076621886 0.2057373875 0.1526971004 0.1746527033 0.1311298379 0.2241933961 0.1681514396 0.3020707073 0.3450015006 0.4135166846 0.5764290277 0.7782467214 0.8313698813 0.8592424044 0.8111557473 0.6433218838 0.5246855593 0.3662562225 0.2846462382 0.2033429683 0.1609374936 0.1580634731 0.1338078083 0.1329745560 0.1681074752 0.1698610375 0.1563245083 0.0922079034 0.1568505849 0.1538167622 0.1091363701 0.1428116570 0.1473055913 0.1517236322 0.1335027013 0.0955726081 0.1432633524 0.1656666661 0.1694750026 0.1554253500 0.1403902211 0.1324391424 0.1605153909 0.1530946886 0.2478697983 0.3061908733 0.4104044206 0.6353665285 0.7253690988 0.8291025057 0.8291083205 0.7799317297 0.7665891483 0.6353244609 0.4449887657 0.3057349795 0.2946709565 0.1984178405 0.1799909410 0.1410697413 0.0993099875 0.1873325218 0.1334055736 0.1465174664 0.1614194658 0.1707057028 0.1077241291 0.1964756364 0.1833964893 0.1374450032 0.1369957615 0.1121636104 0.1205540954 0.1129382747 0.1595586345 0.1555741253 0.1857070516 0.1884628838 0.1366587553 0.1698791994 0.1537076078 0.1891456313 0.2633895852 0.3770767581 0.4968835840 0.6816137721 0.8286520203 0.9018777112 0.8822969259 0.7497793953 0.6088618198 0.5205326511 0.4526247589 0.2896354896 0.2457377692 0.1495636222 0.1955501586 0.1629823151 0.1491821336 0.1612555598 0.1791082437 0.0865827681 0.1369840470 0.1523050102 0.1801790075 0.0915639466 0.1486186935 0.1109902555 0.1505026792 0.2074356512 0.2095229744 0.1450610180 0.1220708327 0.1812347024 0.1662384737 0.1710467452 0.1820650150 0.1632321452 0.1797083411 0.2433890258 0.3438410076 0.4640614591 0.5968396864 0.7209505038 0.8145685977 0.8356768340 0.8032582656 0.7200325359 0.5489613025 0.4063843297 0.3097578576 0.2487346595 0.2072427083 0.2288435564 0.1263956593 0.1582851448 0.1563188615 0.1598876116 0.1935361233 0.1300163422 0.1498560209 0.1859541323 0.1240225730 0.1541678217 0.1460908756 0.2050275010 0.1453584868 0.1212707427 0.1415119302 0.1104827177 0.1675773685 0.1548982011 0.1247148059 0.1980692314 0.1330777390 0.2285286924 0.2540545933 0.2929084037 0.4183749726 0.5972691769 0.7273613588 0.8284204573 0.9189656609 0.8730866853 0.7350943997 0.6550032550 0.5202786543 0.3976637913 0.3085734203 0.1950741335 0.2294466460 0.1296983184 0.1274733862 0.1605618574 0.1403296961 0.1893567332 0.1345107309 0.1805148369 0.1441007835 0.1644735235 0.1693956951 0.1674400760 0.1564777619 0.1395962571 0.1785097360 0.1581488832 0.1764578970 0.1327978580 0.1604389028
0.1307233003 0.1291697421 0.1585959505 0.1263814236 0.1737162891 0.1095491188 0.1642855567 0.1209635808 0.1699348782 0.2293386811 0.2856664518 0.3348795161 0.4801288338 0.6499887946 0.7503498006 0.8038413517 0.8412370329 0.7473753702 0.7324666673 0.5895191609 0.3982804724 0.3051498124 0.2683026617 0.1974121177 0.1369683079 0.1361808114 0.1399674983 0.1207816681 0.1628160556 0.0960743369 0.1980479358 0.1934745757 0.1715766382 0.1256000718 0.1530807410 0.0532341454 0.1739705064 0.1482467247 0.1224727953 0.1649825849 0.2207728911 0.1922045891 0.1548140159 0.1465347397 0.1383996024 0.1637132931 0.1939993344 0.2477780791 0.2781212491 0.4078628360 0.5819869646 0.7084064958 0.7935491636 0.8658510540 0.8347135897 0.7419359157 0.6030358771 0.4179434578 0.3717421815 0.2596119399 0.2165991434 0.1274299791 0.1641195822 0.1804831648 0.1393445317 0.1866113533 0.2037995390 0.1343806475 0.1527628285 0.1330791237 0.1411460537 0.1713019029 0.1418919837 0.1422925971 0.1590805864 0.1139487119 0.2194483357 0.1460197872 0.1807407660 0.1853319150 0.1650929057 0.1526136604 0.1996277723 0.1784899219 0.2605954077 0.3177176185 0.3939093279 0.5022745109 0.6592758829 0.7851700975 0.8418931218 0.8675714015 0.8260840855 0.6388304566 0.5166844999 0.3759017843 0.3042994766 0.1992585475 0.1943810825 0.2055972180 0.1879845002 0.1465740604 0.1574291897 0.1086351750 0.1779966701 0.1590976135 0.1686911421 0.1771120765 0.1203898799 0.1690293375 0.1417805997 0.1756926620 0.1513775155 0.1109850299 0.1993230543 0.1576120426 0.1600727501 0.1818892979 0.2294130886 0.1807158196 0.1755874264 0.1602293305 0.2407275849 0.3264675130 0.4285697216 0.6221893993 0.7374632726 0.8100675953 0.8902937044 0.7863084278 0.7214623543 0.5899347731 0.4686774634 0.3297638592 0.2919065390 0.1707847312 0.1892267937 0.2154629641 0.1527192131 0.1560823256 0.1232425100 0.1241348850 0.1630182341 0.1454642383 0.1598354715 0.1849728502 0.2056975029 0.1399706880 0.1141819048 0.1448387717 0.2050661849 0.1246915505 0.1538120111 0.1304238580 0.1848697758 0.1536638767 0.1275470148 0.1657870168 0.1815197542 0.2780470993 0.3244854972 0.3810338982 0.5610794769 0.6633500096 0.8034836466 0.8726046642 0.8904585154 0.8086686696 0.7113462321 0.5270302198 0.3931761565 0.2941988557 0.2224682241 0.2043451820 0.2074568393 0.1567470008 0.1731843971 0.1927860624 0.0892618471 0.1478625918 0.1799643181 0.1970087801 0.1870252468 0.2354772095 0.1646032633 0.1531290947 0.1772052162 0.1546548743 0.1702028316 0.1625906178 0.1243119000 0.1645262080
0.1758262450 0.1428194232 0.1490243833 0.1630652730 0.0920345065 0.1545131079 0.1068345231 0.1536565283 0.1959186316 0.1914913733 0.2842611329 0.2990487841 0.5123995468 0.6322907250 0.7538440032 0.8502082007 0.7924736041 0.8319505896 0.7081173183 0.5380330900 0.4003704528 0.3486231831 0.2353865461 0.1573105312 0.1850478896 0.1237541481 0.1467724992 0.1306994257 0.1354772691 0.1155455540 0.1445559555 0.0980164044 0.1282408713 0.1197498031 0.1687821764 0.1730661060 0.1560147528 0.2044671267 0.1460905111 0.1514543575 0.1365400581 0.1709708249 0.1095698890 0.1262100037 0.1575100155 0.2272396637 0.2079278249 0.2640382687 0.3017770374 0.3772658077 0.5660527534 0.7278279928 0.8482958254 0.8932638573 0.8939159727 0.7450832198 0.5694728799 0.4738964152 0.2849962675 0.2534391295 0.2404250669 0.1875995871 0.1534910652 0.1383930639 0.1390229706 0.1288891043 0.1857103555 0.1324786032 0.1345177451 0.1241495767 0.1455159012 0.1542105784 0.1286559073 0.1198705136 0.1694497442 0.1227013306 0.1467063311 0.1578396613 0.1645395716 0.2061906124 0.1490324795 0.1079855414 0.1678825030 0.1539534728 0.2367023256 0.2796357523 0.3593705333 0.4650560406 0.6365134879 0.8206616589 0.8878944810 0.8738882515 0.8014494433 0.6578043479 0.5513793867 0.4124933694 0.2899391862 0.2525557614 0.1910469005 0.1489939307 0.1526119503 0.1580498790 0.1660591793 0.2032980256 0.1694302565 0.1415691104 0.1022955267 0.1734860209 0.1881654255 0.1715863449 0.1881887861 0.1787648787 0.1671818067 0.1853014151 0.1205041561 0.1629564584 0.1944070926 0.1609636183 0.1399007941 0.1428714437 0.2165575541 0.2277057265 0.2528158596 0.3631383280 0.4965174127 0.5960656254 0.7476708412 0.8413149742 0.8822993180 0.8066609274 0.7320196095 0.6325258921 0.4739483998 0.3376159425 0.2479227331 0.1939644071 0.1615198372 0.1120635639 0.1783103282 0.1598335789 0.1249314128 0.1695642162 0.1601518233 0.1448049693 0.2095335731 0.1771935494 0.1538576000 0.1598828393 0.2232144084 0.1869427860 0.1373169822 0.1832683330 0.1587297432 0.1811132262 0.1720062274 0.1371331482 0.1947081274 0.2104263654 0.2210865513 0.3364555071 0.3262745508 0.4418407869 0.5625955857 0.6775850284 0.8046477482 0.9499645791 0.8657239434 0.7805725919 0.6908468845 0.5073036516 0.3913874470 0.2669665845 0.2223045123 0.1830311058 0.1723074401 0.1839485951 0.1246545179 0.1104593733 0.1356214297 0.1573702405 0.1428400640 0.1535511174 0.2097360277 0.2343416446 0.1382262997 0.1297585399 0.1760256605 0.1808102037 0.1782810329 0.1819527484 0.1745387844 0.1387127629
0.1820930180 0.1704334457 0.1677866537 0.1596797963 0.1422485125 0.1276514389 0.1117507507 0.1992089411 0.2143545278 0.1872332670 0.2697146926 0.3583926501 0.4874597178 0.5858596404 0.7579287750 0.7921095056 0.8488392508 0.8170647049 0.7256515617 0.5794292622 0.4235083997 0.3325852619 0.2270987497 0.2126747335 0.2123600203 0.1708271185 0.1539324397 0.1731005269 0.1630967911 0.1900217485 0.1844245483 0.1089643718 0.1083218257 0.1614654847 0.1242283009 0.1904873793 0.1349194291 0.1539736762 0.2158767558 0.1444265994 0.1219555749 0.1722934646 0.1763441645 0.1414088330 0.1480266275 0.1461951207 0.2125180322 0.2425220970 0.3094826862 0.4294045127 0.5662244215 0.7165456838 0.7866034140 0.8534485181 0.8791103081 0.7397261202 0.6434129634 0.5063920180 0.3224733221 0.2741691752 0.2030814576 0.1098598285 0.1762358518 0.1299402058 0.1002113423 0.1681786098 0.1786184614 0.1219097563 0.1512425602 0.1253668345 0.1634604522 0.1504618143 0.1776634439 0.1787907294 0.1085370866 0.1618690641 0.1581802368 0.1997408971 0.1157980581 0.1458648765 0.1401201342 0.1567307724 0.1866021213 0.2119998899 0.2452073651 0.3044270254 0.4026104122 0.4695146887 0.6530980155 0.8001609052 0.8455759051 0.8323068267 0.7883675184 0.6934982692 0.5262669420 0.3795820078 0.3539734821 0.2298672577 0.2467088471 0.1871083861 0.1529895947 0.1723223388 0.1450783571 0.1505051671 0.1924882229 0.1876117732 0.1669880965 0.1801760860 0.1485269907 0.1427361669 0.1530814216 0.1553116029 0.1678355234 0.1423358153 0.1932265577 0.1433820590 0.2012998185 0.1572123265 0.2277220597 0.1879499596 0.1925942035 0.2040616871 0.2362886209 0.3760388214 0.4457689650 0.6145495067 0.7519938933 0.8787527628 0.8444080015 0.8725348469 0.7082065314 0.6114033568 0.4624915339 0.3125762238 0.2649187483 0.1783436011 0.1825905828 0.1806203309 0.2032550255 0.1534239093 0.1163113543 0.1772435284 0.1344036853 0.1783833870 0.1695569204 0.1220092160 0.1781477554 0.1639763376 0.1932595263 0.2031883473 0.1519995752 0.2013889205 0.1930012970 0.1791788130 0.1502355518 0.1621161212 0.1538798763 0.2377369100 0.2230997470 0.2926692277 0.3342096053 0.4595382413 0.5738503875 0.7368808774 0.8211867273 0.8783512482 0.9227155781 0.7956662856 0.6555866918 0.5514357731 0.3508280534 0.2722553338 0.1871937348 0.2227095881 0.1601268643 0.1751454076 0.2060247362 0.1896596971 0.1114730580 0.1597248074 0.1515832698 0.1778076867 0.1926942541 0.1606812755 0.2013424505 0.1565681336 0.2480885046 0.1407317519 0.2397390246 0.1377069772 0.1870094465 0.1528658115
0.1190713825 0.1332767791 0.1466721188 0.1986165934 0.1188451391 0.1424577122 0.1975190740 0.1950192482 0.1542428240 0.2272568323 0.2525355093 0.3597224809 0.4412308439 0.6279575568 0.7491293617 0.8175548602 0.8325721120 0.8043482234 0.6488899795 0.5407776470 0.4693735082 0.2948448725 0.2766462944 0.1825147220 0.2269242310 0.2239334182 0.2297911637 0.1426934361 0.1903811340 0.1434544540 0.1877224180 0.1271251667 0.1771216692 0.1957716115 0.1765902433 0.1401656945 0.1493677084 0.2096246533 0.1634293350 0.1323988003 0.0915263023 0.1321370032 0.1968203601 0.1296625044 0.1855826913 0.2001947492 0.1778941111 0.2604456385 0.3596049537 0.4111090700 0.6148974050 0.6948097982 0.8017424073 0.9192597927 0.8411832808 0.7154979759 0.6336878672 0.4605907236 0.3196155292 0.2323046343 0.1294658639 0.1524182391 0.1590995123 0.1561000303 0.1749667670 0.1657750801 0.2042494787 0.1090370648 0.1440537446 0.2040739039 0.1770289268 0.1776926855 0.1055708505 0.1909016455 0.1711212761 0.1932527506 0.1561278360 0.1704320373 0.1367687485 0.1263658863 0.1617309041 0.1965341709 0.1780887546 0.1897013438 0.2406974029 0.3085959242 0.3848009851 0.5441185875 0.6688876343 0.7776699545 0.9022320659 0.8466662254 0.8392564679 0.7198821864 0.5674666626 0.3841484494 0.2834247037 0.2248631626 0.2006989991 0.1821628594 0.1534671486 0.1632458300 0.1232524131 0.1393049455 0.1972413488 0.1618445494 0.1056262481 0.1322939076 0.1782311070 0.1342588211 0.1439891535 0.1323251580 0.2427659127 0.1664135174 0.1743327971 0.1575054791 0.1944412353 0.1045280161 0.1362928933 0.1942163199 0.1843651993 0.1747017282 0.2521870626 0.3475095800 0.4817837678 0.5956359900 0.7599752226 0.8623953585 0.8912830072 0.8526194561 0.7530166831 0.6065387088 0.4966905232 0.3198880976 0.2345040491 0.2021088060 0.1696211852 0.1635814402 0.1472461684 0.1429273800 0.1699729014 0.1386101842 0.1517551568 0.2004520835 0.1819803308 0.1367911349 0.1591759327 0.1473606806 0.1574987052 0.1495638527 0.1819000932 0.1773880183 0.1867594340 0.1444182403 0.2491223617 0.1503065976 0.1940547616 0.1866242889 0.1765129874 0.1920252313 0.3337855222 0.4329420427 0.5297262401 0.6856088138 0.8440059803 0.8989647344 0.8574026519 0.7667793732 0.6456703253 0.5453781583 0.3812787634 0.3074891553 0.2215029143 0.1699064996 0.1885447873 0.2170945442 0.1849375511 0.1775394568 0.1628511937 0.1739137570 0.1959445314 0.1958193079 0.1477032557 0.1692019641 0.1659003843 0.1773716152 0.1878482105 0.1613548365 0.1773644625 0.1322602354 0.1592940502 0.1707987490
0.1377655364 0.1595860832 0.1275680083 0.1151838165 0.1241446684 0.1429924331 0.1824439330 0.1445513555 0.1643780819 0.2210641354 0.2251469225 0.3736122311 0.5115627894 0.6566587940 0.7577561253 0.8336660483 0.9232460051 0.8328124543 0.7320161348 0.5018043602 0.4508946062 0.2872176558 0.2278928197 0.1561234229 0.2002958900 0.2114302601 0.1811404403 0.1514197922 0.1287999316 0.1412412748 0.1305085517 0.1743773558 0.1403819262 0.2032287560 0.1856741540 0.1357000286 0.1136924360 0.1385444779 0.0935945382 0.1338946547 0.1492248714 0.1377222059 0.1373944219 0.1332183425 0.1520748670 0.1098390723 0.1863506675 0.2375736948 0.3220939164 0.4330557079 0.5603750863 0.6794752146 0.7905204007 0.8402789823 0.8834711786 0.7301854247 0.5901729705 0.4838978782 0.3552005063 0.2687693629 0.1977057931 0.1779141360 0.1584601181 0.1617031904 0.1381309021 0.1252273575 0.2470711281 0.1379527346 0.1660913334 0.1841366286 0.1661660696 0.1780075381 0.1443591973 0.2069683010 0.1322255482 0.1338620004 0.1404321883 0.1422029106 0.1282258116 0.1703096363 0.1542978599 0.1337233829 0.2053584352 0.2188252568 0.2109545630 0.2317072240 0.4346078822 0.5677352969 0.6377268384 0.8006182471 0.8351474987 0.8753204815 0.7559114889 0.6899625285 0.5319524795 0.3876263259 0.2958243584 0.2208923300 0.1240663524 0.2082523442 0.1735322868 0.1435450431 0.1675309088 0.1476074484 0.1545097240 0.1752369334 0.0716586550 0.1150561978 0.1590145378 0.1223150377 0.1947297330 0.1368409240 0.1446273272 0.1291521434 0.2160534039 0.1708973491 0.1854062022 0.1958819017 0.2109065866 0.1280136879 0.2128185885 0.2159563734 0.2393990351 0.3575567630 0.4925638030 0.6068969678 0.7310224933 0.8792751018 0.8758061861 0.8522989853 0.7595036879 0.6091957103 0.4080723205 0.3545031322 0.2312080423 0.1674262855 0.1354690026 0.1659626259 0.1720735187 0.1595536308 0.1282829642 0.1674228773 0.1400904809 0.1541710925 0.1100159305 0.1560698068 0.1548880856 0.1250760350 0.1793571008 0.1779527966 0.1854718838 0.2134694788 0.1732826460 0.1365340644 0.1570370834 0.2030301266 0.1586176563 0.1650723373 0.1898969351 0.2770865638 0.3045350749 0.4336943007 0.5404946985 0.6527402978 0.7956184358 0.8839423367 0.8518199830 0.7288946511 0.6402695488 0.5352749165 0.3822993363 0.2926331003 0.2628087991 0.1638294802 0.1838567155 0.1652086946 0.1784068827 0.1875336038 0.1858347472 0.2104220239 0.1172441652 0.1420890200 0.1270871808 0.2132372430 0.1386373827 0.1836551294 0.1495459031 0.1503388557 0.1355649933 0.1905397030 0.1853258203 0.1713647503
0.1287035706 0.1628595634 0.1448107234 0.1020733759 0.1482229917 0.1109084253 0.0971302506 0.1675722274 0.1611964095 0.2360148200 0.2450768717 0.3572026110 0.4261806162 0.6639599757 0.7575110619 0.8617233145 0.8552162916 0.7428326807 0.6781703928 0.5422145038 0.4422541659 0.2897700365 0.2548459052 0.1774644739 0.1990318145 0.1445669804 0.1145283868 0.1340442858 0.1813829273 0.1534174284 0.1601253459 0.1347697738 0.1074666936 0.1312437712 0.1193141341 0.1156241979 0.1525472729 0.1149393737 0.1422043804 0.1431796555 0.1320785762 0.1449581374 0.1141331964 0.1235227094 0.0861951118 0.1568690200 0.2030688089 0.2020443248 0.3595628147 0.4123201131 0.6022653171 0.6877664398 0.8027011158 0.8414316767 0.8290577230 0.7286521238 0.6296998588 0.4551033007 0.3443513566 0.2542259362 0.2371616657 0.1559271016 0.1507799146 0.1634236492 0.1149242522 0.1274270016 0.1526247690 0.0970457916 0.1587339669 0.1443533587 0.1730240209 0.1814408050 0.1027197153 0.1918742151 0.1521154840 0.1356434868 0.1282219698 0.1641365818 0.1681968528 0.1573329412 0.1644965836 0.1508727231 0.1293794882 0.1716043523 0.2362290360 0.2852929245 0.3353568308 0.5215418608 0.7239113143 0.8472618457 0.8427196069 0.8661945416 0.8175967638 0.6888310568 0.5212408997 0.3927602441 0.3185904161 0.1877095371 0.2006896798 0.1398143053 0.1693015308 0.1591768137 0.1936639468 0.1837032500 0.1352676387 0.1288623515 0.1615825649 0.1933026374 0.1349948833 0.2052079519 0.1172119730 0.1147830409 0.1636410446 0.1852610713 0.1312123027 0.1579023443 0.1255509711 0.1310839778 0.1795615104 0.2125071447 0.1842093461 0.2186367009 0.2658682701 0.3912701282 0.4494349253 0.6240410609 0.7249789084 0.8498180582 0.8898247810 0.8264754849 0.7183204603 0.5370206661 0.4524404253 0.3491301050 0.2345354073 0.2269566967 0.1939221300 0.1692519587 0.1222930609 0.1831201789 0.1581634418 0.1601051679 0.1789983773 0.1465463569 0.1515370841 0.0865725780 0.1561947134 0.1768459078 0.1035124061 0.1615375196 0.1436188733 0.1394649821 0.1398855480 0.1360175531 0.1484406804 0.1456248140 0.1683680817 0.1690753422 0.1993541607 0.2296827561 0.3075663838 0.4628935308 0.5473805705 0.7113878612 0.7883488504 0.8245238813 0.8469499908 0.7905759809 0.6808340675 0.4946505942 0.3840404995 0.2696100949 0.2486798186 0.2013017005 0.2043380243 0.1928702546 0.1785116738 0.1594858315 0.2031269616 0.1744733371 0.1555755751 0.2120035135 0.0965718918 0.1880480018 0.1323211152 0.1836094696 0.1697057659 0.1907939992 0.1517995650 0.1196604754 0.1710544716 0.1610671956
0.1423482688 0.1246901181 0.1364068066 0.1378999952 0.0834249532 0.0842660569 0.1434526374 0.1183497034 0.1481253910 0.1600555410 0.2399850200 0.3618036856 0.4998478937 0.6008394943 0.7592218533 0.8298889806 0.8488425681 0.7852967534 0.6480670754 0.5304556019 0.4256139537 0.2861859655 0.2169669811 0.1501099984 0.0857578520 0.1113295590 0.1286899999 0.1567352422 0.1363413917 0.1508387171 0.1664980097 0.1280603091 0.1104698597 0.1114801207 0.1793033454 0.0819117529 0.1263456410 0.1544186703 0.1371588822 0.1346456274 0.1320413821 0.1538906596 0.1493635070 0.1444227872 0.1381609399 0.1148378329 0.2091164195 0.1918020946 0.3394554499 0.4168569764 0.5255777089 0.6311077748 0.8279546000 0.7871861074 0.8374893603 0.6982539279 0.5799856866 0.4634258072 0.3179593178 0.2402627403 0.1859729281 0.2122997009 0.1284550190 0.0991325670 0.1609903697 0.1646568088 0.1505061180 0.1407923256 0.0944376537 0.1341831612 0.1657981513 0.1277999903 0.1001748408 0.0886400275 0.2129768738 0.1249138586 0.1480251651 0.1253842672 0.1197324108 0.1116344671 0.1402099525 0.1603466189 0.1812819263 0.1583954477 0.1765656259 0.2948330593 0.3676277482 0.4952687422 0.6513049945 0.7646303492 0.8796275973 0.8799237929 0.8452825900 0.6497487555 0.5619659318 0.3985051870 0.2571760546 0.1908210779 0.2015979568 0.1774798558 0.1869295252 0.1601583974 0.1401358003 0.1587347395 0.1211690414 0.1016872305 0.1701531602 0.1782522137 0.1237513658 0.1316642959 0.1443371438 0.1316243046 0.1367562672 0.1414162592 0.1745443101 0.0975877307 0.1310349814 0.0939207012 0.1412562476 0.1785920856 0.1157004321 0.2415031354 0.2733738177 0.3421363298 0.4889879739 0.6053839020 0.7394095472 0.8212385102 0.9198867330 0.8518336121 0.6776084134 0.5244656372 0.4041986499 0.3151285949 0.2468281457 0.1772809559 0.2050442570 0.1547539495 0.1553874093 0.1409876993 0.1397384002 0.1586686760 0.1912365706 0.1303711482 0.1529637437 0.1297714214 0.1947035153 0.1792193048 0.1739644909 0.1114391960 0.1802962396 0.1558605923 0.2051566930 0.1267065969 0.2043265348 0.1228820837 0.1989801206 0.1958343217 0.1971408398 0.1971000178 0.3550178881 0.4070999306 0.5128777711 0.6711191519 0.8119987556 0.8998061311 0.8829172190 0.7877932943 0.6550994519 0.5027357486 0.3727743099 0.2902128376 0.1584209661 0.1508588290 0.1928797471 0.1423183319 0.1262722999 0.1175449881 0.2266781665 0.2236610173 0.1625520977 0.1462759613 0.1621042390 0.1264840074 0.1574296982 0.1643222546 0.1183976427 0.1468979675 0.1331382336 0.1158667163 0.1548424708 0.2114820325
0.1360571266 0.1131734355 0.1058999640 0.1226013422 0.1146335140 0.1439402839 0.1498413343 0.1533990936 0.1316123949 0.1945804566 0.2643657319 0.3158675451 0.4490067053 0.6477431069 0.6881861048 0.8148261221 0.8147278458 0.8022970909 0.6894893581 0.5205030582 0.4057096844 0.2856704927 0.2724812432 0.2486938646 0.1870053619 0.1827469232 0.0761123786 0.1259577530 0.1355350333 0.0587213043 0.1426483855 0.1638003878 0.1102676024 0.0705198391 0.1043559223 0.1182051813 0.1007448799 0.0915611966 0.1233798227 0.1259907783 0.1120019049 0.2012058819 0.1190126487 0.1787287265 0.1300154976 0.1945397997 0.1491079353 0.2287292137 0.3150381827 0.3973295153 0.4754403240 0.7029807297 0.8194490058 0.8804648768 0.8701582490 0.7697119628 0.6154333718 0.4635956688 0.3179321231 0.2687486974 0.1745091712 0.1770995841 0.1591183529 0.0866826895 0.1352390980 0.1326828300 0.1533718714 0.1296979209 0.1336428118 0.1254280095 0.1354012045 0.1030294606 0.1547221216 0.1400013673 0.1497927916 0.0848298265 0.1607012025 0.1147254700 0.1296050749 0.1707470861 0.1480802706 0.1523576006 0.1245881967 0.2071284524 0.2274064756 0.3182767645 0.3138303327 0.5127126905 0.6564675488 0.8309862822 0.8368165640 0.7897064497 0.7562566531 0.6181849230 0.4981214576 0.3409141743 0.2945665937 0.1594274567 0.1773219087 0.1715184890 0.1615417313 0.1788126741 0.1588920842 0.1229346880 0.1167705940 0.1114466533 0.1872532619 0.1385969920 0.1745603035 0.1623066425 0.1196250793 0.1451424909 0.1431972174 0.1358761796 0.1322988635 0.1450265114 0.1469242633 0.1344710951 0.1273735259 0.1369645808 0.1621736847 0.1662143918 0.2367993789 0.3672655239 0.4606249843 0.5973047491 0.7017718203 0.8128366445 0.9053745242 0.8016572006 0.7131129135 0.5767886393 0.4165876678 0.3220085979 0.2170184328 0.1926670849 0.1477696711 0.1703454862 0.1239306405 0.1329937566 0.1454636564 0.1385377313 0.1133839001 0.1672141634 0.1559570990 0.1728634113 0.1405501763 0.1735786886 0.1778860651 0.1488763598 0.1534665046 0.1848386137 0.1135840536 0.1600458583 0.1663592719 0.1660319276 0.1316416096 0.1432199504 0.1594602155 0.2136860729 0.2451717207 0.3847054761 0.5176498207 0.6617406245 0.8333325278 0.9040175396 0.8859958455 0.7914841361 0.6232185478 0.4827426003 0.3537155301 0.2998628610 0.1795994239 0.2371709665 0.1803550945 0.1576869732 0.1278423923 0.1662708441 0.1513523768 0.2118830503 0.1551102952 0.1252570702 0.1712685387 0.0869866510 0.1657757824 0.1430530350 0.1571264333 0.1830077623 0.2071682276 0.1784890919 0.0983735354 0.1413338082
0.1315931151 0.0820299640 0.1164251270 0.1380871089 0.1610053481 0.1758217413 0.0811332057 0.1757495114 0.1198452765 0.1835441277 0.1766540903 0.3878757615 0.4452402378 0.6021423234 0.7493975015 0.8291486069 0.8694941090 0.8154317830 0.6167302463 0.5005735221 0.4510628846 0.2787823030 0.2704220983 0.1231458197 0.1224214656 0.1319499911 0.1318403185 0.0818504028 0.1607107574 0.1188424352 0.1345431733 0.1009829854 0.0964210886 0.0962572529 0.1386826513 0.1201354100 0.1069546890 0.1231703798 0.0926086876 0.1262506697 0.1419717390 0.0991998810 0.1010136480 0.1369466537 0.0953200423 0.1124644688 0.1743961540 0.2824369004 0.3169312879 0.4342956469 0.5192073236 0.6266399687 0.8010781225 0.8559202641 0.8485867479 0.7115664055 0.5973379951 0.4952517063 0.3220555636 0.2716308191 0.1662174772 0.1983586605 0.1657128259 0.1530530614 0.0893255848 0.1805219573 0.0904063505 0.1646493209 0.1587948369 0.1016332075 0.1393278885 0.1323767517 0.1468191218 0.1405143623 0.1259518216 0.1441796910 0.1489118660 0.1314541075 0.1310243669 0.1279076847 0.1428153833 0.1691502755 0.1297630482 0.2035359167 0.1885757444 0.2565962632 0.4046851904 0.5188622552 0.6668580927 0.7650610306 0.8550284184 0.8518595132 0.7757513679 0.6347194127 0.4943346997 0.3829708964 0.2417475010 0.2147761236 0.1675233323 0.1351232377 0.1198197663 0.1078432547 0.0768177732 0.1295940465 0.1334853127 0.1211937863 0.1536882580 0.1503372854 0.1527364972 0.1851079563 0.1354314259 0.1153911052 0.1387738521 0.1312952953 0.1301119844 0.1277302039 0.1086680319 0.1207538562 0.1561299437 0.1578497382 0.1472936293 0.2255697947 0.2176994712 0.3488450179 0.4852194527 0.5539473611 0.7455775560 0.8123745084 0.8720473592 0.8461093621 0.6778703133 0.6130315992 0.4233621401 0.2762848352 0.2439865968 0.1275699488 0.1509150638 0.1685798205 0.1308096755 0.1464102231 0.1436899115 0.1348442336 0.1407259239 0.1703033084 0.1132894923 0.1520293932 0.1259689110 0.1497774632 0.1197634714 0.1339150970 0.1129992898 0.1787139128 0.1633844101 0.1330621204 0.1406277759 0.1157617472 0.1051035004 0.1446085877 0.1843383226 0.2186394610 0.3067808406 0.3757113568 0.5572276402 0.6793894825 0.8035826369 0.8189242929 0.8281948141 0.7734304648 0.6536499382 0.4920688503 0.3088950855 0.2539115888 0.2371886805 0.1379435978 0.1370058211 0.1511101452 0.1066063593 0.1270833847 0.1405082382 0.1802177951 0.1424999308 0.1147062525 0.0437944270 0.1535417224 0.1693424751 0.1334284436 0.1199272503 0.2087721943 0.1534321337 0.1763469066 0.1576400872 0.0813121106
0.1025997341 0.1093007685 0.0919813856 0.1087329693 0.1314921776 0.1541138579 0.1393187360 0.1100562297 0.1441003838 0.1891800263 0.2629135016 0.3013876511 0.4508175067 0.5979231676 0.7948914278 0.8438463952 0.8270888881 0.7618565233 0.6324801830 0.5290006151 0.3355500189 0.2888111997 0.2070391910 0.1790749655 0.1221995363 0.1145308693 0.0867808982 0.0637240121 0.1367746866 0.1009577747 0.1122814547 0.1433115512 0.0359286851 0.1015392474 0.1322917427 0.0875402991 0.1033677837 0.1467739657 0.0926368070 0.1220607717 0.1674489968 0.1491785325 0.1275948343 0.1152457265 0.1503381220 0.1226362802 0.1711208624 0.2201868360 0.2656471260 0.4158584766 0.5566113695 0.7257377316 0.8539951582 0.8617351805 0.7964835772 0.7309721526 0.6011007284 0.4223247728 0.3238359431 0.1992164909 0.1531597274 0.1006690518 0.1250802005 0.1230093850 0.1210546953 0.1224443355 0.1219627878 0.1624150935 0.1350462192 0.1167640730 0.1446241220 0.0906176354 0.0672377108 0.1234175656 0.0923322300 0.1370080037 0.1271390731 0.1462947621 0.1555049253 0.1352026529 0.1019002962 0.1360665194 0.1617568826 0.1901344210 0.1577897080 0.2091447383 0.3766395633 0.5288101073 0.6680597775 0.7573482010 0.8172850423 0.8544479219 0.7915849539 0.6628107607 0.5131150422 0.3577355929 0.3324853209 0.1724669290 0.1532097306 0.1139880778 0.2027966968 0.1656373736 0.1404088097 0.1380167098 0.1501932475 0.1297595041 0.1710345282 0.1219571459 0.1513947152 0.1143423442 0.1726330947 0.0843639230 0.1270793494 0.1497339849 0.1344243951 0.1375080837 0.1509210234 0.1812272042 0.1815275991 0.1854129713 0.1954659006 0.2406292294 0.2394738931 0.3396427795 0.4714103273 0.5406353333 0.6752952332 0.8438340077 0.8210709306 0.7667540121 0.6868254455 0.5311916046 0.4368235931 0.3141964131 0.2306100242 0.1843295360 0.1897866018 0.2033943449 0.1042505452 0.1742087351 0.1368445595 0.1301940854 0.1394860530 0.1077121512 0.1059046146 0.1424366771 0.1674770558 0.1528601890 0.1010984116 0.1380942943 0.1176649613 0.1470946114 0.1027689072 0.1455108147 0.1804901261 0.1113057174 0.1518693500 0.1446449239 0.1540548572 0.2334956110 0.2797504943 0.3930427069 0.5145393451 0.6823726394 0.8124980330 0.9178512564 0.8553498421 0.7276488766 0.6780105010 0.4787086627 0.3211515830 0.2761597220 0.1713285861 0.1900299512 0.1497672932 0.1539161341 0.1601143590 0.1288704524 0.1572237138 0.1394901612 0.1301775744 0.1091310730 0.1518403096 0.1700113808 0.1506860924 0.1304359468 0.1584125160 0.1558738414 0.0935094648 0.1510652679 0.1642405949 0.1408678802
0.1187809823 0.0744669796 0.1010239556 0.0947014253 0.1372288112 0.0964531303 0.1460868201 0.1267503801 0.1397573980 0.1217233945 0.2456372241 0.3226160895 0.4488996990 0.5848171887 0.7246658998 0.8162933916 0.8288364712 0.7831421669 0.7052512126 0.5204158140 0.3702025854 0.2533060393 0.2034144491 0.1217824230 0.1130580668 0.1381875486 0.1266455595 0.0875292447 0.1164160645 0.1476677325 0.0874180612 0.1304925739 0.1369191692 0.1057214981 0.0806530029 0.1205110245 0.1382103642 0.0955429794 0.1213085265 0.1142640602 0.1391958675 0.1137514976 0.1326913971 0.1729354194 0.0967495770 0.1693402476 0.2028502462 0.2168134138 0.2547170412 0.4300862913 0.5141371604 0.6708340952 0.7438153515 0.8198389458 0.8529734961 0.7226797973 0.5709149405 0.4461513548 0.3190371257 0.2268192733 0.1805428400 0.1863318085 0.0694290737 0.0958801713 0.0873633871 0.1715681925 0.1638218848 0.0977251024 0.0651000222 0.1098106125 0.1777610325 0.1218578567 0.1103441453 0.1122889358 0.1114862058 0.1374432034 0.1955179275 0.0897700547 0.0745788843 0.0957985064 0.1489956513 0.0910268914 0.1139266327 0.1503898006 0.1738634278 0.2331932062 0.3810006386 0.4509635130 0.6512539347 0.7568818197 0.8435339133 0.8202910686 0.7201888633 0.6643776214 0.5077726887 0.3625280295 0.2582565081 0.1941892549 0.1742943182 0.1225715263 0.1451513147 0.1348076881 0.1349240677 0.0921523409 0.0670162622 0.0751475335 0.1845886464 0.1193784615 0.0827602642 0.1559117362 0.1548827291 0.1416677226 0.0983717505 0.1009328226 0.1180251013 0.1502287507 0.1450014300 0.0667219703 0.1137077808 0.1020026095 0.1035647641 0.1854965309 0.2425151994 0.3393616675 0.4182444900 0.5875012520 0.7194924475 0.8348887491 0.8525240519 0.8455395391 0.6804211866 0.5111617135 0.4083029348 0.3157699683 0.1970490756 0.1931813936 0.1481811104 0.1547061121 0.1379846491 0.1191346535 0.1801211755 0.1122341524 0.1496815614 0.1278009651 0.1549261789 0.1597318549 0.0982407181 0.1178990415 0.1128359224 0.1562962726 0.1713722569 0.1219070530 0.1172323933 0.1859303916 0.1321563015 0.1622214226 0.1285296916 0.1214229982 0.1864388546 0.2675086585 0.3034644661 0.3361832865 0.5017800971 0.6366907679 0.7889756405 0.8665989366 0.8631020154 0.7246265505 0.6355846966 0.4771985389 0.3002907213 0.2576490065 0.1749280112 0.1663936336 0.1505020275 0.1089497140 0.1322377258 0.1981785708 0.1294898317 0.1086962513 0.1472895244 0.1403196289 0.1508312470 0.1172281606 0.1456924356 0.1390174240 0.1664214745 0.1963100310 0.1319570190 0.1341411590 0.1335745395 0.1405085034
0.0717009228 0.1582975054 0.1547390630 0.1053168387 0.1230405967 0.1053825389 0.1179335420 0.1917256660 0.1703729433 0.1661570034 0.2851049164 0.3643691956 0.4790629195 0.5735379520 0.6714701831 0.8266711244 0.8576569091 0.7730730225 0.6299779599 0.5687999618 0.3841210049 0.3026672192 0.2290330561 0.0908852875 0.1656734934 0.1442902418 0.1403049696 0.1589020430 0.1135313894 0.0540857355 0.1295228018 0.1427768458 0.1350597481 0.1601731854 0.1401087595 0.1695204919 0.1529846300 0.1555795464 0.1470878103 0.1433188143 0.1103679201 0.1734801610 0.0907252506 0.1496333108 0.1032577737 0.1347574248 0.1298368607 0.2374082063 0.2752113995 0.3967935999 0.5638295294 0.6706691038 0.8428554949 0.8313965435 0.8155193884 0.7211838241 0.5755315590 0.4627978777 0.3422368297 0.2511364145 0.1763823434 0.1220555294 0.1354083100 0.1342110121 0.1234115650 0.1237334508 0.0808890000 0.1261684921 0.1254851244 0.1497299597 0.1747136225 0.1561029955 0.1274476449 0.1054868755 0.1222460160 0.1362164631 0.0764935902 0.1153280630 0.1093398047 0.1508516373 0.1537650156 0.0983717025 0.1667993637 0.1489014882 0.2158394447 0.2574326624 0.3507191057 0.4826899681 0.6306663760 0.7517874140 0.8532086116 0.8828382634 0.7395593428 0.6621677233 0.4961756854 0.3851838793 0.2671035858 0.2231544035 0.1659198634 0.1421606296 0.1466073550 0.1436515258 0.1129643144 0.1057930960 0.1488110126 0.1720895396 0.1484526450 0.1164696375 0.1193189625 0.1165043011 0.1196084623 0.0881050868 0.1503615767 0.0892148410 0.1449890715 0.1097765385 0.1243564701 0.1679942947 0.1144129033 0.1705235202 0.2357472098 0.2208641564 0.2441465176 0.3497267377 0.4336505193 0.5422342595 0.7078136724 0.8530744332 0.7813332757 0.7670007818 0.7571883133 0.5346468264 0.4716629997 0.3431113879 0.2078527240 0.2073212454 0.1258533781 0.1262720516 0.0905823223 0.1099794900 0.1041552411 0.1068217440 0.1466855074 0.1518240199 0.1521039933 0.1760468663 0.1053758787 0.1338745575 0.1638738655 0.1535258891 0.1654940222 0.1474648790 0.1278273333 0.1239420309 0.1177748421 0.1363538822 0.1744566915 0.1980127957 0.1804795644 0.2044039833 0.2481769930 0.3868162242 0.6083654410 0.6677521980 0.7688963239 0.8587135821 0.8232065194 0.7938930722 0.6260666226 0.4940458795 0.3637068040 0.2578359863 0.2230511823 0.1637690485 0.1530287745 0.1241507056 0.1617469968 0.1428551032 0.1331182323 0.1712294041 0.1153852705 0.1668355526 0.0999286018 0.1337475971 0.0829585118 0.1612391388 0.1505937955 0.1439684567 0.1244185548 0.1476843677 0.1428777814 0.1678541503
0.0792013828 0.1403851080 0.1073974894 0.1173917091 0.1365193144 0.1415602276 0.0977728216 0.0985324075 0.1133003492 0.2413344999 0.2523378366 0.2966971692 0.5044481572 0.6218949911 0.7512997393 0.7969942960 0.8395960756 0.7609583804 0.6783865573 0.5291409874 0.3740660546 0.3087551665 0.2006479727 0.1577916493 0.1135574843 0.1136150100 0.1471908637 0.1351195338 0.1193015580 0.1048810923 0.1198845625 0.1226497343 0.1262781284 0.1214150273 0.1537463854 0.1066999508 0.0716095405 0.1216856796 0.1215540050 0.1158077121 0.1543244563 0.1293737194 0.1510809078 0.0708306918 0.1620197706 0.1584050801 0.2038615244 0.1655862038 0.2514091799 0.4487136778 0.5307822851 0.6858476718 0.7493003187 0.8656710135 0.8915847326 0.7595420622 0.5710914700 0.4508336160 0.3366271720 0.2401476989 0.1898129259 0.1656132280 0.1335741986 0.0766940309 0.1501276961 0.0811713349 0.1542713671 0.0957195697 0.1399591411 0.1281367479 0.1535035756 0.2103324465 0.1244445922 0.1154172246 0.1540152305 0.1987233543 0.1902061626 0.1123826272 0.1618263662 0.1579099462 0.1226772555 0.1886042019 0.1752491298 0.1609382606 0.2276838694 0.2126681184 0.3710605068 0.5302988334 0.6196637871 0.7692165645 0.8317661888 0.8751573419 0.7804911830 0.6598901503 0.5134377714 0.3840188831 0.2666136862 0.1924539756 0.1639587414 0.1558289187 0.1341740578 0.1918490792 0.1490807998 0.1665542906 0.1039162920 0.1368569215 0.1240812895 0.1152335298 0.1825511247 0.1066515936 0.1456472878 0.1584819782 0.1198429154 0.1647439502 0.1411303280 0.1472991287 0.1298323695 0.0939768846 0.1509304664 0.1407979309 0.1552835036 0.1471777518 0.2089312153 0.3628852384 0.4395085014 0.5675192970 0.7386817363 0.8326448494 0.8716730883 0.7731144274 0.7121091346 0.5612370525 0.4762725108 0.3038145264 0.1807310916 0.2070766850 0.0990098707 0.1412987424 0.0768530024 0.1202968203 0.1792984021 0.0638297357 0.1709024385 0.1353932035 0.1252498095 0.0882372268 0.1212335325 0.1313961368 0.1043408674 0.1065182750 0.1670379268 0.1496017766 0.1380459281 0.1928499763 0.1827292167 0.1650382516 0.1320911875 0.1456476352 0.1994667375 0.2307920346 0.2862503627 0.3473583123 0.5194894638 0.7028501574 0.8229698778 0.8615078183 0.8280488246 0.8196322271 0.6409708532 0.5384884627 0.4040937112 0.2489989136 0.1813468065 0.2100361047 0.1775164112 0.1713397863 0.1411925094 0.1817916751 0.1427169833 0.1435580050 0.1678043376 0.0922181255 0.1457886546 0.1849650300 0.1263288310 0.1568411039 0.1506675726 0.1813383830 0.1496406058 0.1742479154 0.1578287220 0.1464412959
0.0939849208 0.1646685185 0.1465050254 0.0958782831 0.1258194629 0.1256580798 0.1227204465 0.1304321138 0.1652151562 0.1916080514 0.2723907245 0.3646641144 0.4210523778 0.5788793633 0.7069677558 0.7842269229 0.8655837937 0.7032011583 0.6821280717 0.5788845956 0.4253295785 0.2836025038 0.1970726258 0.1955159721 0.1879923233 0.0903860452 0.1471358796 0.1061750549 0.1197660528 0.1072388076 0.1831252936 0.1050129004 0.0992792436 0.1664664353 0.1108263275 0.1377785951 0.0722355523 0.1636284140 0.1332744506 0.1492682590 0.1051912526 0.1625614511 0.1697104522 0.1497662470 0.1342533506 0.1880010557 0.1795108518 0.2006749425 0.3013503301 0.3976864316 0.5151519302 0.6743042017 0.8378972170 0.8562817924 0.7923451149 0.7411938666 0.5932575971 0.4559848600 0.3284667598 0.2679359266 0.2018125516 0.2018276189 0.1436566923 0.1555513899 0.1691052523 0.1029877717 0.1713574932 0.1316919281 0.1152876161 0.1299046909 0.1585925676 0.1478557719 0.1336219631 0.1841521219 0.1597095838 0.1660722054 0.1740004516 0.1363416142 0.1526913371 0.1909715170 0.1661459137 0.1352899387 0.1838616756 0.1508305914 0.2374040507 0.2836750478 0.3506492095 0.5161866529 0.6782176824 0.7199228479 0.8369823448 0.8834745974 0.8356118560 0.7187265710 0.5375162661 0.3599935446 0.2603740514 0.2096846874 0.1010780913 0.0773951161 0.1414879550 0.1451654311 0.1730172703 0.1505302750 0.1089852346 0.1492039266 0.2099581583 0.1500785768 0.1061399047 0.1763155900 0.1493239370 0.1700933962 0.1337148197 0.1191072079 0.1487547155 0.1417159295 0.0892135053 0.1420873785 0.1379998902 0.1488863587 0.1048382544 0.2000835273 0.2839206313 0.3124052943 0.4659235368 0.5782036855 0.7166973428 0.8616950355 0.7852041444 0.7722598892 0.7383910433 0.5716434185 0.4071269742 0.2862536284 0.2341400083 0.2307482264 0.1589294631 0.1644836307 0.1339645812 0.1493727907 0.1188121467 0.1495033359 0.1588671004 0.1194791743 0.1455068730 0.1368909032 0.2199299932 0.1855312806 0.1453082499 0.1317136761 0.1550003501 0.2158002883 0.1326111951 0.1264734498 0.0953091188 0.2036510430 0.1455075791 0.1941948051 0.1723679671 0.2314091542 0.2817681251 0.3791082223 0.5461136338 0.6387347244 0.8019772586 0.9019840317 0.8580455835 0.7792821599 0.6680680392 0.4716259983 0.3860720173 0.2955549549 0.2518035442 0.1685555056 0.1672164678 0.1908660137 0.1565690786 0.1215010597 0.1414242302 0.1453040115 0.1483295605 0.1406126179 0.2267542317 0.1378302859 0.1153788963 0.1768034345 0.1364529937 0.1602004456 0.1155399401 0.1658030494 0.1195512112 0.0818542631
0.0722644209 0.1573966940 0.1120606953 0.1171109437 0.1543602939 0.1634654346 0.1098766774 0.1645275966 0.1747893897 0.1471098655 0.2859099128 0.3969251751 0.3832600687 0.6290345851 0.7616266756 0.8140691873 0.8397728451 0.7831482534 0.6994374409 0.5633143435 0.4355106554 0.3000579414 0.2111214460 0.2388110580 0.1382706354 0.1605643870 0.1313677627 0.1788395403 0.1497376585 0.1208207054 0.1031193066 0.1720858508 0.1564326008 0.1182147125 0.1416534413 0.1445734586 0.1247760550 0.1570892767 0.0903562024 0.1493177745 0.1316315314 0.1592224511 0.1627218905 0.1515726580 0.1448291976 0.1468633704 0.1761006837 0.2845905050 0.2287232885 0.4248048477 0.5743846172 0.7453859681 0.8484703404 0.8774175739 0.8141827160 0.7244404403 0.6111922987 0.4728007129 0.3283294598 0.2470529986 0.1636723394 0.1923317139 0.1216416704 0.1259684818 0.1314500322 0.1270097115 0.1348522161 0.1647570456 0.1624356809 0.1328876214 0.1558656068 0.1405678863 0.0998323459 0.1505088405 0.1230704804 0.1598234081 0.1636658668 0.1477788540 0.1889443726 0.1199848252 0.0917997984 0.2023917395 0.1627835241 0.1608632197 0.2242785618 0.2776164611 0.3792757582 0.5465363902 0.6254014291 0.8075944871 0.8592862374 0.8588573452 0.7928159509 0.6193262961 0.5248755637 0.3706920455 0.2950129534 0.3123748050 0.1974022156 0.1619958861 0.1313375210 0.1205123250 0.1314546861 0.2138899094 0.1043427590 0.1025101442 0.1652764484 0.1482096004 0.1463691205 0.1837495141 0.1580169192 0.1597702592 0.1115325884 0.1293099799 0.1576518159 0.1704777312 0.1556334106 0.1402166311 0.1634770996 0.1420329684 0.1863431473 0.1957657643 0.2565248442 0.3357446978 0.4748472624 0.5554308118 0.7335168937 0.8272455124 0.8603001733 0.8158694192 0.7505816561 0.5956774198 0.4156115519 0.2782703031 0.3126317203 0.2093307938 0.2012281069 0.1869004790 0.1800918834 0.1514489347 0.1457186841 0.1864661531 0.1047292794 0.1949082236 0.1912398665 0.1715216470 0.1637809398 0.2270133170 0.1199189235 0.1440662368 0.1794678288 0.1645715288 0.1745650519 0.1381884962 0.1502839648 0.1591024477 0.1589848504 0.1972448420 0.1705107787 0.2272591724 0.3095065591 0.3698962004 0.5237074193 0.7417123614 0.7886659267 0.8746334003 0.8485307718 0.7641935094 0.6938798406 0.5049816852 0.3409102755 0.2810658945 0.2079412134 0.1637069352 0.2085117096 0.1513728390 0.1795530413 0.1318892860 0.1997858599 0.1627989760 0.1712216724 0.1393776480 0.1375928738 0.1760544730 0.1173165050 0.1878616416 0.1879661681 0.1530775134 0.1418063940 0.1573293145 0.1613453517 0.1675691409
0.2011197764 0.0980028675 0.1426298177 0.1266720744 0.1332453122 0.1722701739 0.1427499674 0.1503652598 0.1821003227 0.2203902426 0.2844369480 0.3321631584 0.4652126152 0.6032105881 0.8106488053 0.8628696482 0.8113922976 0.8062469924 0.7181623081 0.5496814634 0.4075831223 0.3149676929 0.2112350663 0.2471593047 0.1523999201 0.1520388333 0.1548814824 0.1512732364 0.1582479953 0.1259299148 0.1709354529 0.1821638830 0.1155433018 0.1329564961 0.1293143252 0.1639235416 0.0977056130 0.1619196621 0.1202529841 0.1491088570 0.1855569889 0.1443739807 0.1092511796 0.1719604753 0.1046759917 0.2242295077 0.1951263183 0.2193326616 0.2860925294 0.3832155056 0.6331721297 0.7176644118 0.8004261468 0.8493862521 0.8806437951 0.7281014309 0.5558336662 0.4744156876 0.3351654608 0.2972314012 0.1831846355 0.1599325821 0.1810953277 0.0882658839 0.1325947711 0.1809257743 0.1508695516 0.1468359481 0.1243874367 0.1131490935 0.1552003282 0.1459278241 0.0941102547 0.1503353242 0.1599611157 0.1178275685 0.1284633536 0.0989749761 0.1455339816 0.1494388504 0.0796373165 0.1609726325 0.2471057689 0.1967590043 0.2537681866 0.2849541026 0.4258526604 0.5104887983 0.7122981693 0.7864690730 0.8790272781 0.9074528252 0.8058557973 0.6673953121 0.5423523246 0.4056779578 0.2718541964 0.2382773169 0.1580842313 0.1756673583 0.1585107701 0.1692114563 0.1731751718 0.1782821772 0.1528766929 0.1598863285 0.1508440630 0.1061251909 0.1464184315 0.1349849050 0.1186063840 0.1415234487 0.2204750630 0.1569660991 0.1168634501 0.1858185197 0.1709760321 0.1597088274 0.1267145782 0.1639997881 0.1624745757 0.1801299140 0.2571840537 0.3336104696 0.4589752908 0.5969956538 0.7562752175 0.8176586321 0.8501230874 0.8355765450 0.7783413488 0.6202431580 0.3711520969 0.3129429946 0.2489893180 0.2771601794 0.2470900029 0.2025223770 0.1213397341 0.1328915917 0.1428794770 0.1694724736 0.1129615850 0.1777706169 0.1479524877 0.1260388045 0.2024646969 0.1389476029 0.1487552090 0.1401400734 0.1794244514 0.1747393507 0.1327013531 0.1430374713 0.1594935125 0.2013663962 0.1635601333 0.1598169347 0.1934274191 0.2585658546 0.3402388388 0.4087422591 0.5718350483 0.6670980282 0.8769566716 0.9105294658 0.8170359508 0.7644507193 0.6852080752 0.4959511594 0.4221618523 0.2484784963 0.2082139643 0.1803570690 0.1569561857 0.1703453230 0.1581465818 0.1752387591 0.1681729475 0.1640022439 0.1705033474 0.1175388301 0.2293112182 0.2289294821 0.1881502616 0.1943727377 0.1159543907 0.2000787343 0.1879743494 0.1463098850 0.1626349655 0.1528904590
0.1094530460 0.1306166342 0.1324227324 0.1768226256 0.1624078854 0.1643867127 0.1821220450 0.1440288694 0.1323882859 0.1705085793 0.2935243154 0.4010088982 0.4697951774 0.6077482551 0.7385143053 0.8208088259 0.8592763820 0.8284072781 0.7101749869 0.5296947764 0.4399137262 0.3652690039 0.2790077142 0.1698836513 0.1646078186 0.1885796585 0.1673568351 0.1846128504 0.1646739200 0.1810560368 0.1764180260 0.1754097129 0.1308941900 0.1564301831 0.1519128662 0.1457722324 0.1351969370 0.1594539456 0.1908426948 0.1539566432 0.1601114010 0.1303943808 0.1545596208 0.1411631748 0.1556143679 0.1633353716 0.1358925241 0.2586825854 0.2991001570 0.4062369719 0.5556221217 0.6981742085 0.8202287880 0.8617945832 0.8510916407 0.7505531155 0.6384951898 0.4146218403 0.3464087115 0.2492042287 0.1714618251 0.1363621998 0.1803537640 0.1338980242 0.1663677741 0.2135874980 0.1973163008 0.1384608179 0.1753030335 0.2288723784 0.1314284308 0.1848008518 0.1612603062 0.1163144548 0.1834078869 0.1788756003 0.1706694180 0.1378819318 0.1149217705 0.1430574814 0.1653521219 0.1545584628 0.2314555168 0.1673147330 0.2636416109 0.2191002756 0.3871009594 0.5602180203 0.6292381919 0.7844550890 0.8623552698 0.8793324452 0.7467617139 0.6729122371 0.5751278075 0.4054187628 0.3141222824 0.2201520789 0.1862047074 0.1635379846 0.1948946119 0.2200810947 0.1557228848 0.1790323860 0.1338261487 0.1870079040 0.2064095065 0.1485720401 0.1432024591 0.1403308137 0.1611625552 0.0982802218 0.1655395545 0.1176715333 0.1340554052 0.1303910184 0.1579046506 0.1535462552 0.1816604312 0.1306622934 0.1910825454 0.1651113620 0.2860264424 0.3776150450 0.4688929606 0.6023320685 0.7538802414 0.8341678091 0.8431589417 0.8583623495 0.7617016526 0.6171428598 0.4269208485 0.3545337712 0.2374877098 0.2000498687 0.1827184657 0.1645860037 0.1507760852 0.1597787409 0.1840478580 0.1920641289 0.1782102507 0.1580758704 0.1688684506 0.1640908359 0.1928689598 0.1696804129 0.1149297146 0.1799767147 0.1631988380 0.1457068606 0.1390549934 0.1538889087 0.1816435401 0.2013271759 0.1754445305 0.2091601277 0.2304491125 0.2741822891 0.3158352724 0.4020263653 0.5791523659 0.7204820927 0.8171726739 0.8812884293 0.8330855891 0.8553460334 0.6286107844 0.4472550715 0.4043705166 0.2529518899 0.2434113259 0.2310422801 0.1896917831 0.1943318965 0.2058963798 0.1499068574 0.1173029414 0.1728523536 0.2125146431 0.1874894249 0.1664835425 0.2349784753 0.1765895753 0.1281923730 0.1634116444 0.1387356301 0.1825615135 0.1918176426 0.1428175751 0.1939856842
0.1438849869 0.1295106927 0.1917168303 0.1515057028 0.1400982066 0.1423452288 0.1309534668 0.1757703747 0.1760760582 0.1906835605 0.3200308000 0.3157188516 0.4272949644 0.6102858021 0.7726774173 0.8851509343 0.8738100626 0.7745821222 0.6946801201 0.5840824050 0.4319757058 0.3102753873 0.2294515228 0.2032309938 0.1699131035 0.1677213446 0.1759108571 0.1571223136 0.1376597618 0.1516803668 0.1696665201 0.1697154366 0.1648541041 0.1659504039 0.1135464657 0.2019430953 0.1064116898 0.1747824603 0.1636413175 0.1674793963 0.1669865430 0.1149111863 0.1660499194 0.1244228378 0.1292412964 0.1733283059 0.1821162210 0.2290580690 0.3318948522 0.4570446203 0.5803362072 0.6735526375 0.8367694646 0.9043540398 0.8704491212 0.7470778625 0.5940782124 0.4563639011 0.3549367431 0.2454061842 0.1963867200 0.1928513425 0.1382835386 0.1768673491 0.1604053627 0.1754056710 0.1697164933 0.1837580282 0.1869004259 0.1649073359 0.1535251655 0.1598351770 0.2092839876 0.1447143770 0.1874115288 0.2048718564 0.1900958123 0.1847870000 0.2160557036 0.2007937763 0.1626517618 0.1672571957 0.1511664155 0.2179473482 0.2587606509 0.3155261727 0.4120021570 0.4844066990 0.6387330481 0.8017582575 0.9146379454 0.9461844363 0.7510686452 0.6825789096 0.5354849616 0.4289982142 0.2745317041 0.2165169828 0.2076069353 0.1788365498 0.1838787773 0.1606482099 0.1419680442 0.1503806980 0.1115073218 0.1603669437 0.2018279802 0.1362463767 0.1501261806 0.2219298232 0.1888649172 0.1785382463 0.1677852551 0.1928157844 0.1421744203 0.1512445997 0.1980198794 0.1918499674 0.1517634678 0.1795671158 0.2489398831 0.1904369931 0.2976217709 0.3949061851 0.4790793898 0.6073788729 0.7302117769 0.8445525302 0.8850639182 0.8731716761 0.7241300479 0.6158406342 0.4368053920 0.3634779178 0.2576291708 0.2036237724 0.1665592022 0.2006027064 0.2593166084 0.1215124579 0.1893085100 0.1551207708 0.2117527415 0.1823800799 0.1959433592 0.1917783778 0.1674147318 0.1838203501 0.1890484051 0.2107042233 0.1468534472 0.1796914581 0.2035307164 0.1874084520 0.1167779861 0.2237542980 0.1775788674 0.2136968961 0.1839824882 0.2810603220 0.2909507033 0.4563920773 0.5305310003 0.6787360421 0.8160627650 0.8747127765 0.8560524978 0.8450688178 0.6618702186 0.5252884459 0.4042143206 0.2878450549 0.2538858957 0.1759376971 0.1822032947 0.2179055083 0.1810668940 0.2170515232 0.1987946465 0.2255458241 0.1955770246 0.1601994207 0.1805128938 0.1812615886 0.1916380911 0.2346095059 0.1981633682 0.1807061037 0.1708621254 0.1677298023 0.1660865565 0.1822930938
0.1285953335 0.1815124209 0.1898270835 0.1606092551 0.1884255560 0.1725282016 0.1466406309 0.1568919915 0.2065574747 0.1770853921 0.2720394412 0.3709150412 0.4911704794 0.6594911216 0.7848707402 0.9191336226 0.8919094365 0.8109999136 0.7237397178 0.5482278775 0.4325576557 0.3526757513 0.2832217663 0.2059975483 0.1854695243 0.1728561261 0.1353694893 0.1710987650 0.1514386549 0.1961300640 0.1760179646 0.1568277226 0.2080110678 0.1381608959 0.1399523110 0.1536163862 0.1844137664 0.1665794940 0.1894044793 0.1551497419 0.1699302189 0.1760836271 0.1716427761 0.1422711277 0.2323129708 0.2069248851 0.2003183116 0.2355432721 0.2931725040 0.4936867671 0.5689407781 0.7177680724 0.8383602739 0.8780699281 0.8419398449 0.7190046226 0.6174854809 0.5061062644 0.3659952161 0.2643926208 0.1928253031 0.2238673567 0.1461376743 0.1588859314 0.2033058250 0.2044512849 0.1725698788 0.1882084084 0.1863780534 0.1740408011 0.1557718354 0.1333976247 0.1415545249 0.1752714279 0.2037785112 0.1803761556 0.1570290273 0.1535581609 0.2340888779 0.1566011097 0.1276237751 0.1152394181 0.1692875189 0.1874190995 0.2105262719 0.2847514634 0.3840798440 0.5352094390 0.6762466870 0.7286251292 0.9545261819 0.8801761121 0.8220112312 0.7046855588 0.5705870840 0.4187086245 0.2902282644 0.2894081278 0.2179348745 0.1835797967 0.2257206961 0.1554208836 0.1485669625 0.1641730127 0.1827479295 0.1535734907 0.1568357366 0.1466153030 0.1821840165 0.1474477390 0.2033183579 0.1727721593 0.1539735351 0.1626329997 0.1880537454 0.1088587239 0.1751558222 0.1885935064 0.1967692771 0.1657738072 0.2034592523 0.1884120971 0.2620871378 0.3760127090 0.4563292450 0.5789301160 0.7015680885 0.8474593873 0.8883607964 0.8151140276 0.7161330108 0.5692553641 0.4686180081 0.2898657877 0.2754816272 0.2490919799 0.2285969292 0.1912911897 0.1313394538 0.1966426458 0.2013695085 0.1445384654 0.0984952958 0.1652635745 0.2042605203 0.1407490804 0.1405536277 0.1574563834 0.1810470318 0.1831153401 0.1366183553 0.1953483821 0.1378429245 0.2003750892 0.1396628067 0.1889038119 0.1808328493 0.1542213243 0.2045677480 0.3035644983 0.3372967554 0.3750701723 0.6292774679 0.7280333841 0.8124794671 0.9161013574 0.8816037422 0.7668159670 0.6427228589 0.4961500438 0.4150164396 0.2528916582 0.2842585992 0.2168812810 0.2013957026 0.1673183589 0.1380552676 0.1813617679 0.1650059010 0.2268000245 0.1889889691 0.1854129455 0.1987849600 0.1870651066 0.2062961925 0.1982724722 0.1561704023 0.1706037891 0.2072559462 0.1802620107 0.1731127588 0.1725743634
0.1578832176 0.2073235473 0.1101398681 0.1305356668 0.1391958011 0.1472055661 0.1418831988 0.1270292091 0.1664323067 0.2029058031 0.3333940803 0.3802735298 0.5318413128 0.6497386612 0.7464499432 0.8853969881 0.9638113127 0.7508735990 0.7165328888 0.5540913466 0.4119618614 0.3277930413 0.2478808356 0.1894187915 0.1960238410 0.1538466092 0.1092776772 0.2125253121 0.1517215272 0.1643495641 0.1850967745 0.1486109165 0.1782664088 0.1819656907 0.1915240232 0.1494139421 0.1632219648 0.1659242308 0.1515926251 0.1723007375 0.2071669062 0.1768622190 0.1230789107 0.1330103749 0.1362317994 0.1607781110 0.1863337589 0.2567953888 0.3401486232 0.4244711312 0.5927403800 0.7212832515 0.8645735743 0.9062479319 0.8628966341 0.7085199951 0.6208868467 0.4447226493 0.3414643884 0.2582972790 0.2325917630 0.2030011081 0.1510429200 0.1615031413 0.1864875696 0.1551823021 0.1626549744 0.1638946799 0.1344787850 0.1499085921 0.1773780043 0.2258556660 0.1700562703 0.1807165298 0.2095490274 0.1421291549 0.1970424562 0.1636631278 0.1439763642 0.2039871114 0.1641226598 0.2045769046 0.1916428147 0.2206650745 0.2109189452 0.2652902407 0.3892558507 0.4925610769 0.7181139338 0.7793915805 0.8961993285 0.8770570897 0.8142944686 0.6777519004 0.5223960785 0.3721306338 0.3018585479 0.2684025318 0.1966705610 0.2001088174 0.2088709203 0.1975681942 0.2201657306 0.1792429538 0.2014688812 0.2027938414 0.1943059057 0.1621337192 0.1967333406 0.1329737710 0.1896157828 0.1837270071 0.1783318863 0.2039234710 0.1794018966 0.1597968471 0.1514149634 0.1684381493 0.1746681556 0.1999659645 0.2777863220 0.2234115751 0.2731494765 0.3171593367 0.5021920243 0.6403962745 0.7536777074 0.8497025613 0.8702995797 0.8822753774 0.7594903443 0.5263383993 0.4703406207 0.3596112971 0.2698748067 0.2148452734 0.2042796034 0.1709793909 0.1673833600 0.1853006290 0.1478858272 0.1480610304 0.1804548501 0.2397432175 0.1399572902 0.1732796213 0.1597684467 0.1531057153 0.1739362995 0.1694075444 0.1160573276 0.1959426348 0.2018059512 0.2123873941 0.1687427589 0.1424025345 0.1867887555 0.2216847483 0.2344730506 0.2390741051 0.3699167256 0.4058885911 0.5871704291 0.7075094922 0.8095416194 0.8880853428 0.9022270350 0.7227104094 0.6617423536 0.5210069691 0.4210466425 0.2938689179 0.2313268657 0.2085574013 0.1588665762 0.2259461247 0.2367134171 0.1970980777 0.1360222074 0.1969754853 0.1809448932 0.2268537031 0.2028541263 0.2056341124 0.1492175085 0.2222758690 0.1858573424 0.1407149955 0.1690072150 0.1730663868 0.1881308605 0.2010850163
0.1399938923 0.1938948224 0.1783261426 0.1617016547 0.1040193082 0.1700001399 0.1514251302 0.1506880219 0.1667336668 0.2111972045 0.2730072458 0.3666687306 0.4771428762 0.6456974193 0.7250920282 0.8587246133 0.8765731859 0.8189023520 0.7341141474 0.5726958205 0.3607563829 0.3608888270 0.2394025987 0.2460894151 0.2243109985 0.1692301825 0.1816435898 0.1700734446 0.2080078871 0.1813048073 0.1398238609 0.1190951803 0.1731779707 0.1821413975 0.1682897295 0.1769736594 0.1543310891 0.1159153976 0.1512386813 0.1724218447 0.1550387158 0.1233158803 0.1283613105 0.1673903138 0.1523558802 0.2107810128 0.2059436650 0.2822111480 0.3061540688 0.4804973362 0.5872706466 0.6898384724 0.7933373797 0.9065274564 0.8704564079 0.7734939918 0.6207506434 0.4905391971 0.3773757608 0.3061415702 0.2232553795 0.1926542595 0.1897628658 0.2163136217 0.2354501977 0.1507311798 0.1958277255 0.1893993640 0.1571160824 0.1901325084 0.2139451863 0.2065749277 0.1855425645 0.1775610545 0.1637403926 0.1626439866 0.1422112921 0.1401407464 0.1435220599 0.1758753567 0.1699609665 0.1609331376 0.2077734736 0.2531305822 0.2326253257 0.2926694543 0.4179563428 0.5281468871 0.6863185314 0.7759402004 0.9082811902 0.9009736817 0.8285372025 0.6737736166 0.5455350020 0.4092872737 0.2842049934 0.2648972147 0.1636651056 0.1762567049 0.1710527374 0.1768959171 0.1634267581 0.1538793588 0.1683313827 0.1810032356 0.1782169316 0.1720206966 0.1232123935 0.1627153706 0.1616635448 0.1676388563 0.1928335686 0.1639059735 0.1738456690 0.2034269038 0.1690945434 0.1431265596 0.1388945968 0.1709461223 0.1867474765 0.2578452183 0.2324527044 0.3740415630 0.4679293313 0.6432769548 0.7409531952 0.8499814035 0.8849412454 0.8325487072 0.7968378629 0.6426769709 0.4701240988 0.3578918657 0.3058416251 0.2301835187 0.1492836304 0.1861490540 0.1856040455 0.1229916573 0.1907952910 0.2223753088 0.1576631858 0.1878795610 0.1739174609 0.2192162103 0.2179984037 0.1907822425 0.1364604279 0.1641171660 0.2062760358 0.1189540222 0.1780100422 0.1656257000 0.1567707326 0.2068146661 0.1631662542 0.2274345604 0.2728193480 0.2442300485 0.3738746149 0.4490430999 0.5536523766 0.7482225307 0.8859273802 0.9094028695 0.9007562446 0.7800303446 0.6717471896 0.5824724788 0.3993156134 0.3275302455 0.2216296770 0.2122275035 0.1718963615 0.1588929505 0.1658394203 0.1356196427 0.1787508422 0.1805005162 0.1732112795 0.1724863802 0.2077808118 0.1888219513 0.1792386665 0.1723279853 0.1642259601 0.2380268737 0.1675243603 0.1875067394 0.1600411993 0.1585221930
0.1900364849 0.1938494323 0.1482681103 0.1862337902 0.1589466219 0.1902150511 0.1550728322 0.1702011447 0.1434985862 0.2435641991 0.2733075636 0.3676337596 0.4570640527 0.6321782354 0.7458062342 0.8748585936 0.8638910813 0.7881773137 0.6651116680 0.5930724642 0.4171741622 0.3058344922 0.2704911983 0.1975007129 0.1444881291 0.1584989138 0.1598878684 0.2040580902 0.1477467236 0.1423839048 0.1387131095 0.1129067433 0.1992829852 0.1536757573 0.1308819839 0.1418817983 0.2329700325 0.1828109623 0.1149172286 0.1585215595 0.1936911319 0.1580902735 0.1601084379 0.1612534836 0.1906027550 0.2023376298 0.1399866113 0.3173467795 0.3321467017 0.4482040842 0.5763550516 0.7403574539 0.8717255490 0.8876073851 0.8405715378 0.7678117538 0.6288433648 0.5070051843 0.4073625302 0.2586226422 0.2388654084 0.1906650964 0.1658401978 0.1313138702 0.1278797164 0.1672255860 0.1610967641 0.2231070777 0.1638594974 0.1582470746 0.1524001167 0.1787583723 0.1473625577 0.1902302359 0.1709106273 0.1641428161 0.1533998862 0.1730118968 0.1550994035 0.1673543834 0.1680939060 0.1411824016 0.1647651340 0.1902317016 0.1836537380 0.2948906303 0.3503844270 0.5554748243 0.6512141744 0.7708988158 0.8647994087 0.9476983189 0.8034899013 0.6764001599 0.5731342589 0.3911429263 0.2947558038 0.2563337385 0.2129593650 0.1856597624 0.1906462701 0.1956083676 0.2078673520 0.1613547873 0.1658619259 0.1896021932 0.1893854945 0.1730400186 0.2566013495 0.1830442975 0.1543475527 0.1961203578 0.1091891021 0.1595478944 0.1747349445 0.1911659816 0.1538022792 0.1732316932 0.1519342394 0.1583894831 0.1858154560 0.2265287274 0.3098110553 0.3136299918 0.4958358547 0.6129017684 0.7742509546 0.8547557072 0.8547153339 0.8333633941 0.7336919391 0.5901127400 0.4780523463 0.3640023030 0.2829287971 0.2330414114 0.1812695503 0.1900764658 0.1673286100 0.2062048601 0.1540086361 0.1640189358 0.1471091776 0.1613217529 0.1979907820 0.1536216064 0.1849796914 0.1860188651 0.1879873576 0.2444416165 0.1966776182 0.1946991349 0.1951721341 0.1925620084 0.2019823012 0.1713370527 0.1984670712 0.2091432729 0.1921418087 0.2356292199 0.3279741481 0.4298545922 0.5570562490 0.6502051067 0.8558398826 0.8489873682 0.8503273553 0.7778388516 0.6180314867 0.5071265450 0.4059857583 0.2768892634 0.2060702409 0.1905518452 0.2420319952 0.1112735290 0.2041333988 0.1749559946 0.2083222297 0.1583270290 0.1655007681 0.1746771240 0.2025814057 0.2017695284 0.1584070828 0.1781101048 0.1295081971 0.1939565861 0.1247653909 0.1499161063 0.2034889068 0.1623836338
0.2104572256 0.1527688716 0.1449011883 0.1776812625 0.1808918051 0.1092889230 0.1749986329 0.1234397029 0.1787271331 0.2329910804 0.2364140741 0.3772104458 0.4306623229 0.6174332687 0.7784516284 0.8623562806 0.8668654603 0.7766439165 0.7254946020 0.5926778361 0.4208305805 0.3143449740 0.2406005668 0.2032312741 0.1960031478 0.1621157005 0.1437933228 0.1563402602 0.2129503525 0.1358003138 0.1448354673 0.1666631165 0.1878567106 0.1165132909 0.1146114092 0.1553007438 0.1492911609 0.1718797394 0.1824984195 0.1438474350 0.1661079369 0.1442145648 0.2069952925 0.1703961713 0.1470229349 0.1935313146 0.2077219606 0.2096018087 0.3695395663 0.4618757840 0.5710664075 0.7300678884 0.8172167685 0.8744384461 0.8762527529 0.7342442752 0.6413674246 0.5128701891 0.3012349329 0.2776004204 0.2603523872 0.1625272422 0.1502108257 0.1655927221 0.1483053383 0.1253298450 0.1433185405 0.1501356048 0.1200719911 0.2089828313 0.1382991178 0.1306692801 0.1859433541 0.1911802550 0.1629668477 0.1985741783 0.2046888143 0.1675915255 0.1378519163 0.1860793015 0.2129894307 0.2012358918 0.2197935487 0.2069959444 0.2463546267 0.2654597369 0.3830266305 0.5559472311 0.6819825416 0.7751435621 0.8410683194 0.8905630454 0.8372983527 0.7112676343 0.5611697118 0.4400258803 0.2809085188 0.2643244308 0.1748720621 0.1460958746 0.2027945139 0.1466445607 0.1053290251 0.1879586749 0.1626700891 0.1840934400 0.1652371747 0.1823155407 0.1625576984 0.1576796411 0.1455797109 0.1365804489 0.1121743567 0.1651887298 0.1733236635 0.2056714407 0.1747615507 0.1996996314 0.1712050901 0.1358230253 0.1371898964 0.2173054522 0.3214640017 0.3326693678 0.4786750876 0.5795963696 0.7760222511 0.8148965292 0.9114837579 0.8498805223 0.7548223530 0.5824952800 0.4740988088 0.3329524755 0.2880558813 0.1848513027 0.1661551365 0.1689312301 0.1517020330 0.2093427641 0.1798736015 0.1726736127 0.2085463873 0.1792195039 0.2039034888 0.1330848608 0.1687826224 0.2117263787 0.1981003002 0.1681415158 0.2103196016 0.1765252994 0.1747570522 0.1810543788 0.1048620792 0.1663482572 0.1948913024 0.1859583376 0.2216269996 0.2803482024 0.3244228044 0.4692650251 0.5679699788 0.6766603574 0.8559501359 0.9039678873 0.8608966305 0.8046388397 0.6868128960 0.5301473283 0.3710755226 0.3587615989 0.2181087427 0.1978659515 0.1613286050 0.1946789333 0.1281586715 0.1837809670 0.1787292542 0.1497417855 0.1504254216 0.1571777128 0.1525852547 0.1578727579 0.1328947966 0.1690615020 0.1536922267 0.1753035258 0.2219464258 0.1904085838 0.1586130028 0.2092797133
0.1986725238 0.1499470003 0.1758726708 0.1497921502 0.1376325009 0.1268006609 0.1839510522 0.1146915817 0.1354009115 0.2534047738 0.2834028087 0.3884423271 0.4421201976 0.6317980537 0.7668339880 0.8344161761 0.8656251502 0.8018299868 0.7124362425 0.5557742057 0.3380040926 0.2833868594 0.2813443126 0.1944242889 0.1960663628 0.1627835963 0.1745355093 0.1986697904 0.1420940895 0.1556088158 0.1573576610 0.1070489480 0.1260247966 0.1646039209 0.1905448938 0.1151024905 0.1797404252 0.1686343883 0.2164082052 0.1802952894 0.0887151671 0.1678423008 0.1428357333 0.1884957426 0.1518405772 0.1848237123 0.2272191546 0.2151745650 0.2349252832 0.5148418477 0.5855154023 0.6891217962 0.8313260086 0.8684815997 0.8188033596 0.7572963224 0.5954935272 0.4581020060 0.3234307795 0.2653091749 0.2134550483 0.1331396346 0.1264694347 0.1314411207 0.1560582714 0.1270332939 0.1039917602 0.1773202563 0.2215691021 0.1485999949 0.1668940081 0.1410674961 0.1668747350 0.1898958690 0.1517873150 0.1402462569 0.1415540059 0.1971375522 0.1092185805 0.1417478031 0.1257555981 0.1916251924 0.1699744777 0.2426675832 0.1953717158 0.2700975710 0.4264012137 0.5273717520 0.6749941238 0.8038164601 0.8821423695 0.8911504707 0.7984212373 0.6550771193 0.5068465462 0.4116599341 0.2936426702 0.2019934721 0.1653555425 0.2006098111 0.1413784390 0.1672868906 0.1572213339 0.1827095690 0.1319430173 0.1453807159 0.1508487928 0.1709287935 0.1637680203 0.1880629504 0.1340310162 0.1661247486 0.1474288583 0.1780394376 0.1751916265 0.1378113297 0.1535213118 0.1215497044 0.1801735974 0.1409965163 0.2085303933 0.1790555509 0.2596897425 0.3184545432 0.4939514611 0.6029364351 0.7904095428 0.8309246471 0.8557513636 0.8810953275 0.6961598665 0.6092932286 0.4265641362 0.3597723400 0.2658250657 0.2547388436 0.2270605379 0.1956577463 0.1703575247 0.1059796704 0.1781675155 0.2155247635 0.1543478948 0.1645098277 0.1681038896 0.1959141817 0.1299944524 0.1801002886 0.1924933172 0.1460405754 0.1070727028 0.1906081970 0.1510556476 0.1397445855 0.2050933990 0.1144862766 0.2267381841 0.1832284053 0.2332708607 0.2112264309 0.3472683263 0.4188916538 0.5556929669 0.6829746934 0.8555767922 0.8968056772 0.8608338136 0.7650953903 0.6767766285 0.5060221856 0.3817091996 0.3212785792 0.2436611560 0.1975420804 0.1631179813 0.1185318347 0.1763596364 0.1696626221 0.2137439944 0.1768477292 0.1481581302 0.1819080682 0.1848416324 0.1638746357 0.1959037151 0.1407538072 0.1351417023 0.1691278149 0.1942459004 0.1654053732 0.1766899486 0.1478347033
0.1508788712 0.1718565130 0.1429257167 0.1200274327 0.0975908971 0.1695186705 0.0959186205 0.1192158968 0.1426348442 0.1904873917 0.2495171013 0.3526045101 0.4725895285 0.6017804497 0.7200362478 0.8473293342 0.8371972380 0.8240854012 0.6920333419 0.5465730864 0.4171429997 0.3194709879 0.2437565020 0.1922597249 0.1928331324 0.1380464414 0.1075806521 0.1353959491 0.1548753141 0.0869969644 0.1053315160 0.1701303789 0.1315641170 0.1578565370 0.1515368813 0.1104394693 0.1083408508 0.1370583328 0.1654155283 0.1445330767 0.1984823164 0.1764918607 0.1576712257 0.1572061435 0.1218631090 0.2125339219 0.1207962372 0.2478477995 0.3369048613 0.4469371640 0.5453032471 0.7347905075 0.8608837785 0.8406048975 0.8691082681 0.7718347651 0.6443235431 0.4529081987 0.3721059436 0.3021275304 0.2214946686 0.0885301004 0.1473045032 0.1966901106 0.1566522448 0.1040263515 0.1488786826 0.2096815535 0.1408383958 0.1673041128 0.1578583991 0.1746093499 0.1269692786 0.1466912497 0.1735999435 0.0833388341 0.1478206184 0.1612202774 0.1582096377 0.2050315247 0.1112643561 0.1893497207 0.1530066919 0.1758183612 0.2156680084 0.2842406042 0.4081450245 0.5094962844 0.6082870201 0.7313373387 0.9333694650 0.8411851400 0.8265534384 0.7361075078 0.5321895335 0.4146215825 0.2362317718 0.2398021758 0.1631317803 0.1392091083 0.1683559662 0.1660814020 0.0891077498 0.1998376894 0.1190925164 0.1036281806 0.1984966209 0.1378506921 0.1349821040 0.2086663573 0.1396638433 0.1484013652 0.1403082616 0.1981302927 0.1694088918 0.1243397556 0.1885831402 0.1995286603 0.1778788631 0.1588089663 0.1841487010 0.2157760000 0.2247053045 0.3603589089 0.4080733091 0.5981435925 0.7448234802 0.8798781214 0.8604966171 0.8180751673 0.7416458367 0.6058794051 0.4755008909 0.3384131401 0.2281226222 0.2139537079 0.2091120808 0.1576542836 0.1673798678 0.1437825327 0.1461591855 0.1588477890 0.1862221101 0.1993021825 0.1361288999 0.1728104692 0.2482723168 0.1721488563 0.1488863151 0.1145170136 0.1482740277 0.1270554973 0.1782169257 0.1519948411 0.1780523119 0.1796337003 0.1877550189 0.2107499865 0.2451132007 0.2962586003 0.3610798469 0.3598536119 0.5507157913 0.6914280200 0.8494898681 0.9221367488 0.8916369311 0.7478699876 0.6713575568 0.5033478336 0.3692057270 0.3050830718 0.2140926955 0.1436911679 0.1462404700 0.1429811681 0.1519883314 0.1793343270 0.1753804559 0.1594119733 0.2104726848 0.1842811871 0.1427822879 0.1971498025 0.1618784334 0.1890926776 0.1307910544 0.1486957501 0.1726082368 0.1908960168 0.1825965524 0.1325429347
0.1313729101 0.1588817551 0.0899259808 0.1586019318 0.0898492988 0.0994867466 0.1427559913 0.1461863799 0.2135169729 0.1650353164 0.2928807146 0.3462971976 0.4724551723 0.6272374476 0.7568859465 0.8019165487 0.8609526180 0.8420754147 0.6540707230 0.5748124017 0.4347943709 0.2944837986 0.2361054111 0.2014663977 0.1979087457 0.1557040813 0.1427008761 0.1349809117 0.1008506645 0.0901176576 0.1926157846 0.1207784544 0.1279398060 0.1715697338 0.1602577850 0.1582140497 0.1086144664 0.1385971147 0.1416729978 0.1206886383 0.1597528634 0.1090544212 0.1207836146 0.1661404033 0.1137740819 0.1519247722 0.1640502170 0.2865950507 0.3414070626 0.4433215223 0.5836477280 0.6849572476 0.8067348105 0.8810175041 0.7802851319 0.6966159192 0.6014555396 0.4520933224 0.3270040962 0.2721711017 0.2064559769 0.1562926942 0.1553882952 0.1913321196 0.1562672975 0.1555298289 0.1752913670 0.1969168458 0.1408745588 0.1115797483 0.1247522295 0.0999086405 0.1447495492 0.1292135289 0.1556841974 0.1420291251 0.1191792162 0.1115375743 0.1491480442 0.1372990497 0.1183935797 0.1584662741 0.1393590219 0.1586018115 0.1817798601 0.2623096641 0.3724017392 0.5064630408 0.5966486565 0.7770491687 0.8339404629 0.8693333585 0.7763302191 0.7026126682 0.5255407326 0.3707851746 0.3152502833 0.2527881089 0.1706814128 0.1784743334 0.1386710996 0.1082438388 0.1404166315 0.1610814440 0.1719529588 0.1590474856 0.1714916202 0.1602987023 0.1817997247 0.1152630173 0.1301892193 0.1319422374 0.1674444519 0.1149854702 0.1362819991 0.1594192517 0.1353918370 0.1231261319 0.1297306047 0.1254664814 0.1865550603 0.2401334210 0.2819152913 0.3238132691 0.4041692914 0.5742594501 0.7283154401 0.8568860372 0.8908118399 0.8296731424 0.7003489153 0.5860651284 0.4236205654 0.3188404540 0.2462892985 0.1905098072 0.1706400305 0.2055360156 0.1905338681 0.1780986749 0.1551519040 0.1382700035 0.1278608579 0.1263241365 0.1672656873 0.1935922434 0.1653563331 0.1793829186 0.1656202367 0.1643565551 0.1339056235 0.1237444247 0.1440782840 0.1564609835 0.1684134656 0.1604004518 0.1492278039 0.1818489122 0.1706599820 0.2363596552 0.3340546858 0.4019108471 0.5443793276 0.6532541481 0.8032800363 0.8921994712 0.8643178680 0.7941182129 0.6373644251 0.5082276899 0.3326511343 0.2223689940 0.2496828582 0.1895469199 0.1944273445 0.1500501354 0.1944031931 0.1577589682 0.1674957346 0.1599525247 0.1968659129 0.1652413112 0.1450299145 0.1439193402 0.1801586041 0.1247520083 0.1684033384 0.1936359652 0.1440521227 0.2119554167 0.2146046430 0.1934097201
0.1337528196 0.1162773469 0.1023141967 0.1578281414 0.1120221498 0.1262448080 0.1477023806 0.1598166102 0.1725050780 0.1780201452 0.2768751403 0.2980396828 0.4390529738 0.5925791075 0.7570643894 0.7946572281 0.8486156437 0.8139652333 0.7324861559 0.4942014302 0.4288990067 0.3039370031 0.2652072404 0.1886322501 0.1662647683 0.1476995775 0.1073417141 0.1274316445 0.0936968700 0.1373042715 0.1536147678 0.1633842187 0.1514418050 0.1147157036 0.1397377337 0.1045307884 0.1003657547 0.0946201734 0.1861290536 0.1409943850 0.1376239908 0.1425602223 0.1699354750 0.1294495253 0.1141251871 0.1299546458 0.1516864137 0.2100629651 0.3214331097 0.4425702973 0.5364724873 0.6962078403 0.8366597408 0.8874224031 0.8444319242 0.7286114967 0.6283891849 0.4637520694 0.3527860871 0.2750192516 0.2613297200 0.1399065184 0.1792868039 0.1316868629 0.1261818709 0.1136250081 0.1767790620 0.1998084865 0.1183436017 0.1440762075 0.1800157334 0.1954918377 0.1364692709 0.1395575473 0.1730521241 0.1258680435 0.1464989438 0.1569995244 0.1731457360 0.1342424270 0.0944279234 0.1150521005 0.1835045765 0.2041617767 0.2016858916 0.2525679812 0.3667144517 0.4948606443 0.6993093098 0.7893763141 0.8858429354 0.8529735036 0.7539731927 0.6861420281 0.5068164613 0.4044103346 0.2852853723 0.2149252318 0.1862231195 0.1900616204 0.1239393020 0.1486894003 0.1021540172 0.1452167747 0.1280004791 0.1630671785 0.1334007528 0.1274131817 0.1217156353 0.1427824778 0.1599633267 0.1470562333 0.1706112130 0.1355550994 0.1577594652 0.1431495479 0.1116839859 0.1510624263 0.1922830882 0.1198739298 0.1931419251 0.2162570763 0.2972941957 0.3550488054 0.4106671138 0.6127404455 0.7650446259 0.8839256056 0.8373970634 0.8515043038 0.7042957977 0.5526504621 0.4493981286 0.2736602477 0.2367324072 0.1461947947 0.1704291570 0.0958631855 0.1545881892 0.1272153893 0.1237241102 0.1414080686 0.1640315355 0.1829598905 0.1084362685 0.1175251475 0.1224590625 0.0998768914 0.1392210435 0.1755592408 0.1631242336 0.1527074584 0.1609629087 0.1664221535 0.2223766128 0.1425219843 0.1373804162 0.1848915670 0.1591469235 0.2638031568 0.3054734751 0.3417014062 0.5298689566 0.6990351857 0.8170131611 0.8909279026 0.8796360138 0.7615187710 0.6153370988 0.4706338280 0.3917641193 0.3222805214 0.2380311295 0.1621492189 0.1019503550 0.1611044226 0.1724292043 0.1303281415 0.1573511432 0.1597567583 0.1751635586 0.1633468080 0.1246932068 0.1146020635 0.1488098342 0.1528305168 0.1682522816 0.1947662069 0.1173908687 0.1648204298 0.1761754050 0.1735452813
0.1279556813 0.1481424135 0.0978370315 0.1094773918 0.1331373763 0.1576312148 0.1024646232 0.1632818557 0.1522225042 0.1537520269 0.2689701243 0.3457746124 0.4986368126 0.5912008188 0.7637154608 0.8328761802 0.9253386267 0.8047424031 0.6820025430 0.5488859753 0.4103411967 0.3232987279 0.2775866915 0.1615286323 0.1485315116 0.1166728159 0.1380623097 0.1261947010 0.1138387010 0.1511528024 0.1836291073 0.1515889177 0.1789325081 0.1018103241 0.1370546408 0.1638054749 0.1035548863 0.1280415398 0.1545371217 0.1047092119 0.1333668401 0.2036502932 0.1395512093 0.1524101465 0.1784392108 0.1852905957 0.1924588670 0.2354223050 0.3109552769 0.4612983639 0.5343970044 0.6907059924 0.7877278531 0.8960906900 0.8643402200 0.7522569736 0.6284767444 0.4078940573 0.3254773055 0.2248063295 0.1847150906 0.1723054676 0.1179032875 0.1264685319 0.1997667467 0.0735150561 0.1586772595 0.1110851916 0.1186830071 0.1563751640 0.1205628043 0.1202028864 0.1002812028 0.1673736159 0.1526641202 0.1622213748 0.1427484084 0.1125600914 0.1315809033 0.1333433517 0.0881604993 0.1053765169 0.1192641278 0.1576967089 0.2194878163 0.2596089299 0.3920151707 0.4763892236 0.6521584705 0.8156116992 0.8615989667 0.8950843662 0.7546959417 0.7221510140 0.5034327702 0.3964821949 0.3058792870 0.2132974982 0.1896494708 0.1893662800 0.1353405244 0.1366986250 0.2038356435 0.1454125852 0.1825813888 0.1222354524 0.1717230154 0.1786549190 0.1495775807 0.1661836781 0.1499654405 0.1765412555 0.1469070946 0.1096507799 0.1279300362 0.1641362109 0.1679500487 0.1376556072 0.1501242558 0.1878537440 0.1654848214 0.1889269248 0.2216764313 0.3493468020 0.4319445571 0.5581953937 0.7193688475 0.8289366549 0.8782892130 0.8018454841 0.7563177855 0.5771497462 0.4585278055 0.3219500978 0.2241345806 0.1947875225 0.1831809895 0.1887302960 0.1916938119 0.1401016598 0.1219337509 0.1755693568 0.1831672751 0.1685449868 0.1827685577 0.1696479024 0.1712624021 0.1504384723 0.2021650069 0.1917798536 0.1042363976 0.1465288246 0.1473915241 0.2093213494 0.1980335559 0.1640094275 0.1574906401 0.1868952425 0.2226997608 0.2019631246 0.3140474514 0.4452080628 0.5520777225 0.6573238201 0.8031926481 0.9053306344 0.8267477450 0.8207395506 0.6372018581 0.4760579692 0.4131295002 0.2854432405 0.2478271145 0.1518428903 0.2160252019 0.1925864991 0.1404709761 0.1513761619 0.1093113852 0.1254269539 0.1061335184 0.1302684739 0.1601775857 0.1554722906 0.2056785181 0.1426603962 0.1150824570 0.1234547837 0.1395729480 0.1427956503 0.1042860148 0.1718767569
0.1537768572 0.1464139312 0.1438002067 0.1248767991 0.1328056826 0.1516219685 0.1392819797 0.1670159918 0.1571034026 0.1638308707 0.2355496518 0.3491066784 0.5245363566 0.5805482351 0.6751787573 0.8472960234 0.9039669862 0.8076860065 0.6884100800 0.5103075748 0.3909135489 0.2959789950 0.1548835406 0.1700362191 0.1449799004 0.1590152859 0.1325960370 0.1322998642 0.1539436022 0.1802518001 0.1415778293 0.1299359148 0.1253518111 0.1914900088 0.1385766536 0.1428891074 0.1187479246 0.1602852537 0.0870244200 0.1582311137 0.0917911063 0.2010225880 0.1332195799 0.1119977899 0.1370418276 0.1112813081 0.2003521181 0.2452958284 0.3463652344 0.4345013908 0.5401532096 0.7003998536 0.8121160119 0.8555857642 0.8003087653 0.7427214692 0.5284857009 0.4824746551 0.3607520785 0.2243754518 0.1264090913 0.2284440222 0.1646242467 0.1569903883 0.1109283288 0.1588094261 0.1107412138 0.1463187767 0.1701227491 0.1701623500 0.1739020298 0.1198698676 0.1817054020 0.1401773494 0.1203452300 0.1305030668 0.1574212021 0.1082314201 0.1237792601 0.1845742758 0.1339273715 0.1557412364 0.1531575108 0.1903351406 0.2174084753 0.3295637377 0.3974223012 0.4848092504 0.6564974584 0.8171709749 0.8734398709 0.8360282726 0.7837744744 0.6507124077 0.4894725738 0.3576274655 0.2940486911 0.2150013933 0.2361036922 0.1865455775 0.1522364773 0.1844364753 0.1213897412 0.1808994283 0.1197919845 0.1768748034 0.1528136840 0.1144083904 0.0985903956 0.1650783198 0.1623316491 0.1514957983 0.1501171946 0.1693492426 0.1561709119 0.1109219469 0.1574745911 0.1301206056 0.1369718523 0.1719969885 0.1748363537 0.1679914132 0.2094162429 0.3724979857 0.4920461948 0.5784654981 0.7225752420 0.8485230976 0.8728980359 0.8251003992 0.7065627571 0.6044244156 0.4842053133 0.2887277138 0.2690886874 0.1812189502 0.1870095866 0.1792745353 0.1158612401 0.0889865881 0.1489316643 0.1367027398 0.1374754216 0.1467993387 0.1725411647 0.1329235681 0.1792043185 0.1614989776 0.1490655487 0.1356709852 0.1259866202 0.1715034472 0.1085587335 0.1506115214 0.2090910414 0.1842908714 0.1547314938 0.1887966055 0.1673694401 0.1827924348 0.3370376158 0.4372349361 0.5453580450 0.6614510789 0.7858277512 0.8465824482 0.8792374687 0.7924400479 0.6357610785 0.5032288248 0.4139929980 0.2783098670 0.1619319629 0.1812315236 0.1884249508 0.1395879302 0.1804890974 0.2055943735 0.1458660784 0.1155705846 0.1413441417 0.1231418156 0.1860616596 0.1099344701 0.1762020923 0.1450367667 0.1715475193 0.1488565865 0.1435609400 0.1041030281 0.1997450298 0.1651437268
0.1790699175 0.1202999236 0.1575640487 0.1882535612 0.1570489150 0.1268092428 0.1323073150 0.1807001824 0.1416345836 0.1947344771 0.2327868922 0.3710515426 0.4635497309 0.6184511628 0.7316663929 0.8372660069 0.9017238737 0.8081913698 0.7121943816 0.5479518762 0.3621861906 0.3274668899 0.2430056819 0.1279083507 0.2085134223 0.1547069022 0.0869587401 0.1437092639 0.2170046274 0.0876582731 0.1227382213 0.1958847582 0.0972157040 0.1587441410 0.1784162520 0.1203496634 0.1043870545 0.1591175324 0.1339981717 0.1441376855 0.1608201024 0.0922821118 0.1310356045 0.1426144568 0.1133590662 0.1367985037 0.1412074729 0.2127894693 0.3543827313 0.4560566890 0.5244190987 0.6816266718 0.8452613632 0.8807667888 0.8130365044 0.7539825398 0.6223146118 0.4954864804 0.3537728493 0.2482950793 0.1747271358 0.1417590826 0.1428569277 0.1507617426 0.0924260196 0.1531715301 0.1738491476 0.1979819540 0.1608833487 0.2114454689 0.1173162655 0.1213116059 0.1342685388 0.1583948690 0.1844682150 0.1423452048 0.1358157573 0.1764995153 0.1368301156 0.1589055150 0.1431616875 0.1508645310 0.1696155072 0.1793655519 0.2146122677 0.2645842578 0.4141603796 0.5069074444 0.6901843717 0.7883705966 0.8695101761 0.8304585640 0.8167011092 0.6949570310 0.5225699513 0.4453703266 0.3158039646 0.2124067598 0.2045940846 0.1906598787 0.2202751505 0.1677104125 0.1843719182 0.1597353922 0.1384772914 0.1728016166 0.1190823970 0.1820458241 0.1630804053 0.1530016559 0.1910500874 0.1529021866 0.1217608169 0.1535380165 0.0998268660 0.1378271196 0.1639011690 0.1700360503 0.1282000209 0.1667485017 0.2046743666 0.2140653259 0.2170703897 0.3135061935 0.4613407412 0.6033286010 0.7052777118 0.8383526472 0.8922434388 0.7968996328 0.7153226054 0.5874616686 0.4873153280 0.3388255678 0.2848330407 0.1669849348 0.1838399414 0.1379943144 0.1495339917 0.1621671057 0.1142069252 0.1715642004 0.1474484633 0.1465066948 0.1937266651 0.1899470032 0.1853628812 0.2087608643 0.1473181001 0.1646236696 0.1697033569 0.1379689268 0.1611908631 0.2241167950 0.1526147564 0.1458272234 0.2038784006 0.1837468456 0.1893529036 0.2755651236 0.3201710640 0.4382076045 0.5417253075 0.7274116559 0.8124462046 0.8691747539 0.8114258960 0.7502985464 0.6176706521 0.5205834160 0.3914559247 0.3262339828 0.2591203173 0.1858752705 0.2139304318 0.1832109886 0.1787460421 0.1744389244 0.1405171784 0.1304350558 0.1278024407 0.1874140671 0.1471899781 0.1306422229 0.1849628209 0.1681954350 0.1325314163 0.1291688079 0.1516992847 0.1692824724 0.1485626343 0.1297325716
0.1416590103 0.1389550925 0.2015676567 0.1217891937 0.1429044174 0.1615437918 0.1097544060 0.1828180042 0.1633831589 0.2468642977 0.2571459531 0.4018398137 0.4481099142 0.6399977983 0.7667542889 0.8308886908 0.8354707338 0.8147034760 0.7517871926 0.5626868757 0.3998175286 0.3135833428 0.2542636636 0.2496773539 0.2044211181 0.1157927429 0.1188806828 0.1729580527 0.1270402654 0.1096749079 0.1094158647 0.1322540376 0.1447949149 0.1880616815 0.1517616973 0.1425306004 0.1516891858 0.2190922878 0.1489052689 0.1632428502 0.1204517118 0.1246706511 0.1384347984 0.0777120342 0.1674386349 0.2113209986 0.2461588587 0.3072331247 0.3375776569 0.4369917244 0.5677110800 0.6887176479 0.8250173679 0.8450199045 0.8548029653 0.7587188622 0.6080716648 0.5003838838 0.2986553689 0.2463628406 0.1912951598 0.2025276332 0.1470686755 0.1407242369 0.1486159908 0.1114764933 0.1059610032 0.1774628791 0.1500208635 0.1576450768 0.1055111694 0.1373645251 0.1336029259 0.1847462592 0.1836643273 0.1381207833 0.1456746431 0.1898182151 0.1598204484 0.1599768902 0.1548946878 0.1846258360 0.1526100370 0.1556401684 0.2747637782 0.2284132397 0.3849587148 0.4974323362 0.6604325013 0.7711961120 0.8792957930 0.8263721252 0.8189901154 0.6561651237 0.5678123450 0.4273619290 0.2549746071 0.2155611544 0.1459724317 0.2141453348 0.1554713012 0.1688790553 0.1639835906 0.1345209499 0.0844482770 0.1400257684 0.1447119702 0.1004667344 0.1089093676 0.1391312446 0.1790050781 0.1565379961 0.1202930611 0.1898334488 0.1561197250 0.0990852413 0.1242557390 0.1472277804 0.2187049361 0.1764936647 0.1936623482 0.1830353144 0.2831710218 0.3508947801 0.4684497158 0.6499203209 0.7409579460 0.8646726259 0.8711261159 0.9209008424 0.7110264930 0.6154545763 0.4043415583 0.3187913949 0.2309146857 0.1862843208 0.1206241058 0.1668084281 0.1802041669 0.1722616896 0.1967176634 0.1364831632 0.1359593030 0.1640192282 0.1231438894 0.1712114705 0.1950099093 0.1605213644 0.1315162282 0.1197962450 0.1878335040 0.1511694468 0.1533442084 0.2159198861 0.1718343068 0.2001897077 0.1496017860 0.1501294070 0.1508486367 0.2227562887 0.2855617292 0.4104283614 0.5421218815 0.6874599386 0.8601992285 0.8959494049 0.8639810546 0.7557589622 0.6117361151 0.4979305039 0.3632323421 0.2543851273 0.2331465220 0.2245206552 0.1862694079 0.1749491976 0.1789967693 0.1396213765 0.2025766017 0.1825215493 0.1766772672 0.1580684288 0.1687262260 0.1305712478 0.1736560612 0.1906967698 0.1536704497 0.1794672056 0.1849223363 0.1542418551 0.1597301520 0.1782383102
0.1320367495 0.1770233799 0.1972875823 0.1644393380 0.0869774036 0.1086842108 0.1248598764 0.1781849490 0.1319659822 0.1770873770 0.2268428994 0.4081739002 0.4799965825 0.5750880914 0.7976726905 0.8279714004 0.8218132109 0.7848313213 0.7161598528 0.5440854424 0.4233271692 0.3133533872 0.2650606937 0.1840160362 0.1913950504 0.2165563065 0.2032785195 0.1523178291 0.1393042794 0.2107456856 0.2093281118 0.1452954343 0.1677361246 0.2040148849 0.1355242873 0.1820383737 0.1560589359 0.1159520907 0.1269779978 0.1519402142 0.1641495503 0.2126909361 0.1645113782 0.2268745793 0.2018812425 0.1887564500 0.1949654621 0.2326935186 0.3048214606 0.4509218791 0.6063963110 0.7223396928 0.8242175363 0.8871096841 0.8146655774 0.7649465952 0.6594821769 0.4857383729 0.3386267655 0.2502619382 0.2502727376 0.1639098643 0.1663986094 0.1751321069 0.1494168285 0.1205668223 0.1418289551 0.1517698774 0.1601167054 0.0681806740 0.2269704320 0.1729876375 0.1368315456 0.1748425924 0.1978818206 0.1436937610 0.1549918935 0.1521250395 0.1889691688 0.1054770293 0.1155837516 0.1618616315 0.2169761858 0.1879104091 0.2642206017 0.2891571520 0.3690697786 0.5298699374 0.6504220244 0.7837194928 0.8702668616 0.8517838029 0.8153154899 0.6291102516 0.5004004963 0.4011841973 0.3092535258 0.2303971300 0.1829048991 0.1656678374 0.1752764658 0.1830108103 0.1691461218 0.1251182019 0.2058638985 0.1544795945 0.2185421112 0.1510415118 0.1637732455 0.1225391911 0.1363509977 0.1651864916 0.1336129620 0.1402043415 0.1681680853 0.1181192743 0.1374900173 0.1965808828 0.1441966939 0.1620776987 0.2327123478 0.2477192905 0.2434623422 0.3716290042 0.5067547661 0.6706675092 0.7668589225 0.8365266435 0.9060874592 0.8530369043 0.7463218767 0.6633091175 0.4821599633 0.3836083944 0.2573582050 0.1623341952 0.2356056476 0.1520872241 0.1425872963 0.1797478181 0.2006687927 0.1616127761 0.1800250942 0.1666603638 0.1786524594 0.1881234984 0.1925106150 0.1538027052 0.1609121674 0.1090807743 0.2039535320 0.1868917235 0.1745317694 0.1228608832 0.2164448230 0.1931853826 0.1384922226 0.1959905152 0.2018510010 0.2639951176 0.3577144998 0.4531753808 0.5555106130 0.7725915050 0.8235324468 0.9360538597 0.8841372594 0.8007220191 0.6503165454 0.5268048242 0.3879808752 0.3147857696 0.2916075805 0.1736791685 0.2435705853 0.2266244079 0.2065211848 0.1295159451 0.2031655135 0.1978533642 0.2179184868 0.1818872770 0.1778521788 0.1714323898 0.1544356747 0.1763662490 0.1658374692 0.1365094609 0.1469958810 0.2175843854 0.1764068317 0.1846232895
0.1771623155 0.1220998703 0.2239144221 0.1821063798 0.1651790899 0.2099443895 0.1505281538 0.1539443224 0.2172332401 0.1890146548 0.2737280623 0.3669831042 0.4631445248 0.6786932390 0.7542924324 0.9053759053 0.9064524090 0.8459087890 0.7196382875 0.5940541332 0.3993409692 0.3098279539 0.2257706933 0.1853081290 0.1940871408 0.2004519898 0.1829977723 0.2082374143 0.1266644664 0.1230321019 0.1295605698 0.1828680198 0.1684200774 0.1674812448 0.2076271426 0.2092212184 0.1773605622 0.1540854633 0.1464767806 0.1315846522 0.1385374451 0.1400102716 0.1489555649 0.1456412828 0.1271602503 0.1991266813 0.2732603061 0.2425991692 0.3536834258 0.4453811409 0.5962221742 0.7203288364 0.8283217531 0.8896811676 0.8580673406 0.7310014728 0.6116415031 0.5070547084 0.3694191206 0.2546645900 0.2330587354 0.1559648612 0.2069284348 0.1659287692 0.1626446890 0.1136054677 0.1778223321 0.2026762975 0.1413945802 0.1471536094 0.1404461271 0.1547522958 0.1716271278 0.1687432303 0.1862607833 0.1866815671 0.1700260567 0.1679444423 0.2007910006 0.1778640245 0.1744699209 0.1332140204 0.1795872121 0.1754276599 0.2634936265 0.2829307860 0.3791488134 0.5869669785 0.7104143047 0.8403442292 0.8764989615 0.9033295552 0.8183520079 0.6449889502 0.5205019399 0.4227819785 0.3067974626 0.2557797741 0.1846084398 0.2478641230 0.1797734461 0.1794085561 0.2260080001 0.1740414808 0.2029006599 0.2297972049 0.1436162547 0.1643333439 0.1633967083 0.1816611784 0.1375579015 0.1784425802 0.1780524702 0.1633058919 0.1324903781 0.1684719829 0.1571155074 0.1744476784 0.1713569102 0.1526345438 0.1684557596 0.2033602874 0.2498649209 0.3549266732 0.5018848277 0.5828155042 0.7404019243 0.9225644030 0.9200305275 0.8727866293 0.7639350706 0.6327485089 0.4927384040 0.3651336247 0.2910208005 0.1668761602 0.2045186588 0.1989531928 0.1709199217 0.1687977819 0.1835047062 0.1613089261 0.1588691249 0.1896853271 0.1666204790 0.2246290809 0.2291033044 0.1536924505 0.2020284115 0.2232445122 0.1468638817 0.1575194309 0.2320996805 0.1392101589 0.2028071807 0.1302938594 0.1848047720 0.2395121994 0.2046624873 0.2376602176 0.2971666310 0.4394584989 0.5787517440 0.7287119152 0.8224838907 0.8596044497 0.8778510129 0.7917986220 0.7018822713 0.5113031889 0.4228317228 0.3482666269 0.2682636069 0.2657283688 0.1923313533 0.1956723800 0.1550506896 0.2052443699 0.2142054193 0.1701210380 0.1894896361 0.2325287241 0.2045186530 0.1668036107 0.2286571776 0.1950970911 0.1672751199 0.2209064362 0.1908194227 0.2058054609 0.2226847594 0.1641703300
0.1680165519 0.1267389495 0.1504462932 0.1522369075 0.1517243886 0.1663006470 0.1787611580 0.2011386505 0.1999890655 0.2312898971 0.3093927774 0.3596150999 0.4898982529 0.6576703190 0.7508951873 0.8472175076 0.8446763253 0.8570951061 0.7501993012 0.5738736533 0.4383568587 0.3640998082 0.2686597493 0.1962618100 0.1732540662 0.1096180763 0.1986937779 0.1843674790 0.1555013399 0.1622715982 0.1866842178 0.1891198928 0.2017369207 0.1766548196 0.1581065237 0.1446497051 0.1699431974 0.1808282114 0.1389307176 0.1896244322 0.1823940691 0.1934118961 0.1629999842 0.1470596512 0.1831062712 0.2012566289 0.1582919186 0.2698074792 0.3310802857 0.4415939688 0.5779497172 0.7508910386 0.8083998965 0.9146729429 0.8612695302 0.7199224222 0.6241883520 0.4807628519 0.3688452771 0.2495532526 0.2373557076 0.2046589839 0.1908662159 0.1846095559 0.1595333176 0.1836838813 0.2182272891 0.2082251916 0.1299552681 0.1829989151 0.1622587558 0.1579383237 0.1581471534 0.1950262943 0.1553194154 0.1851931682 0.2009540773 0.1581878360 0.1765350844 0.1529910970 0.1834352978 0.1883132118 0.1992707587 0.1919322895 0.2918410388 0.3562531556 0.3633860443 0.5051035242 0.7074291225 0.7672907105 0.8545458124 0.8555724621 0.8413308477 0.6861020295 0.5163796726 0.4052583795 0.2510785528 0.2516243267 0.1783137188 0.1599804439 0.1873041262 0.2086324227 0.2110720391 0.2047951000 0.2301699084 0.1824324679 0.1638610059 0.1587186775 0.2270608236 0.1879777390 0.1938342300 0.1610374149 0.1535058195 0.1501802636 0.2091071857 0.1553323882 0.2178999372 0.1931070367 0.1653525200 0.2086853333 0.2069635692 0.2266284619 0.2784438002 0.3791831210 0.4934204132 0.6057080099 0.7974267947 0.8941862527 0.9028181184 0.8777738123 0.7427030666 0.6504489294 0.4668397780 0.3643804565 0.2899740210 0.2118292575 0.1826457983 0.2198046344 0.1676797678 0.1990514345 0.2114821098 0.2048425023 0.1717688853 0.1618305520 0.1512915057 0.2242418787 0.2208776127 0.1603916060 0.1682996723 0.2041071502 0.1967661581 0.2194164627 0.1922052648 0.2059813709 0.1927777193 0.2316523643 0.2023857203 0.1630267506 0.2401201778 0.2244348150 0.3309031736 0.3843660861 0.5878036232 0.7239380015 0.8351596510 0.8934988643 0.8517056001 0.7992444505 0.7011776861 0.5343435152 0.3873752243 0.3640747032 0.2616204471 0.1589299514 0.1514729856 0.1796721004 0.1720758187 0.1724604739 0.1739838599 0.1806855779 0.1934341386 0.1521723649 0.2175566953 0.2148444895 0.1927155799 0.1750899446 0.1316006474 0.1725834144 0.1851114095 0.1690791357 0.2131641682 0.2106352219
0.1889170947 0.1506011868 0.1795568971 0.1596323117 0.1746814580 0.1649364211 0.1971180951 0.1905329885 0.2054312627 0.2299802132 0.2584100590 0.3404203788 0.4624499602 0.6140061219 0.7562852207 0.8913511224 0.9033908514 0.8675541820 0.6927184445 0.5671970960 0.3758354368 0.3732840173 0.2451814119 0.2192964014 0.1616586739 0.1582731318 0.1630871657 0.1755328868 0.1854008620 0.1740538773 0.1973801484 0.1081779689 0.1955295355 0.1676832478 0.1563994748 0.2102890330 0.1499993924 0.1243348122 0.1984823679 0.2439259657 0.1307501560 0.1762623588 0.1357941657 0.2188626514 0.1569530940 0.2283992744 0.2158605032 0.2918332941 0.4321883100 0.4545369357 0.5669306696 0.7761333497 0.8043319794 0.8751601248 0.9160114851 0.7889017994 0.6353358151 0.5308964170 0.3922529485 0.2339446514 0.2480129394 0.1794470313 0.1617201597 0.1597479763 0.1615246684 0.1679737310 0.2192852728 0.1649530301 0.1867435252 0.2159833589 0.1668499578 0.2294629079 0.1808996547 0.1731504741 0.2130905455 0.1415809938 0.1915258524 0.1433166640 0.1611674034 0.1819878425 0.1962093942 0.2376594737 0.2430494026 0.2399477964 0.2261747929 0.3566839234 0.4171959329 0.5702933029 0.7273741061 0.8708904280 0.9247663925 0.9086548843 0.8167140157 0.7374850193 0.5496774685 0.3863380003 0.3474084495 0.2898048482 0.1948732172 0.1396177045 0.1527492084 0.1099213212 0.1769980694 0.1902648261 0.1528945076 0.2015273486 0.2030922947 0.1580006385 0.1891678359 0.2057831493 0.1594807505 0.1941534010 0.1843629105 0.1767450149 0.1558428058 0.1936604289 0.1810775273 0.2419393133 0.1851508095 0.1632573620 0.2316469257 0.2970034218 0.2639164837 0.3485170272 0.5044132400 0.6403608466 0.7745501396 0.9392591343 0.9643243952 0.8735577320 0.7730245780 0.6308978183 0.4977962995 0.3309550688 0.3238908241 0.2330522898 0.2308169487 0.2113379348 0.2129422871 0.1867264728 0.1642129908 0.2060099184 0.1944296856 0.1759774531 0.1860550878 0.1962662653 0.1477764398 0.1467277479 0.2061668441 0.1766076123 0.2286858520 0.2118044743 0.1735330592 0.2002104528 0.2211954375 0.1516305480 0.2223965435 0.2311184771 0.2376113082 0.2904471500 0.3477269998 0.4359208960 0.5753645873 0.7425968167 0.8082271863 0.8948720853 0.9350087753 0.7850411673 0.6799753262 0.5460795812 0.4408013093 0.3415728180 0.2514891132 0.2584936487 0.1917287018 0.2129196699 0.1964479361 0.1921427393 0.1728673593 0.2120523941 0.1721946141 0.1758775677 0.1438214761 0.1711776757 0.1931967309 0.1981202660 0.1905336490 0.2050170361 0.2192048759 0.1844841657 0.2198781353 0.1769852954
0.1727964073 0.1582380012 0.2159737377 0.1219475393 0.1238992088 0.1675577399 0.2188661342 0.1405072831 0.1941875618 0.2314761397 0.3247865555 0.3759577825 0.5308650228 0.6740421385 0.8142835069 0.8637741172 0.9370323335 0.8316002838 0.7358969179 0.5924051194 0.4484131188 0.3135823589 0.2783588668 0.1803259314 0.1979254905 0.2087226669 0.1499950209 0.1380846782 0.1974561973 0.1661433793 0.1936831688 0.1651595114 0.2076439104 0.1353758004 0.2078661583 0.1996672160 0.1912216613 0.1826415760 0.1744550878 0.1900750426 0.1717036612 0.1867596353 0.1786788889 0.1385305242 0.1807131910 0.2440297265 0.2609393439 0.2467391298 0.3756198828 0.4454414838 0.6799710310 0.7451113335 0.8293699355 0.9243127066 0.9143505208 0.8249576483 0.6550003711 0.4810593144 0.3839832016 0.2732388990 0.2409494916 0.2152483551 0.2226958587 0.2177065680 0.2190061894 0.1933322994 0.1890835232 0.1977150086 0.1595705928 0.1966626479 0.2198558975 0.1469315658 0.1894479858 0.1961157234 0.2021033514 0.1699477481 0.1951321722 0.1571829443 0.2056985464 0.2465409285 0.2011306174 0.2215142262 0.1958913562 0.2343411623 0.2718151049 0.3111679243 0.4106370493 0.5072252356 0.6769045871 0.8564407608 0.8964491988 0.8712562111 0.8303741748 0.7423964227 0.5815808332 0.4369996860 0.2955289559 0.2416624527 0.2502133064 0.1671719618 0.2390524909 0.1999520351 0.2260542262 0.1846131172 0.2119682330 0.2063469249 0.1812328733 0.1904671964 0.2371111905 0.1928552401 0.2104021366 0.1885587425 0.2472357594 0.1896270588 0.2278242247 0.1781606686 0.1767255338 0.1854726136 0.1658231727 0.1861676745 0.2288107298 0.1987376625 0.2819684771 0.4008359155 0.4506479148 0.6369609186 0.7609130854 0.8815855935 0.8961099690 0.8837367006 0.8270615986 0.6566054922 0.5150975884 0.3431290031 0.2772880313 0.2407317842 0.2051477692 0.1706616459 0.2084602208 0.2082299425 0.1954981325 0.2298307291 0.1745446487 0.1796418015 0.2308471329 0.1468903317 0.1587857146 0.2020530985 0.2275496580 0.2305240314 0.2253376281 0.2023737547 0.2174054893 0.2206151427 0.1837196158 0.1553571099 0.2174637578 0.2133376857 0.1954568599 0.2724151814 0.3760427395 0.5002214752 0.5841957833 0.7149852048 0.8777237956 0.9431620409 0.9269748760 0.8070423135 0.6946974636 0.5563132180 0.4180088431 0.3298949519 0.2648597204 0.2417071645 0.2154050088 0.2140245269 0.1665840468 0.2379574520 0.2064789562 0.1878854624 0.1756751242 0.1958531853 0.2378183701 0.1931616177 0.1855863519 0.2648385127 0.2347417866 0.1758823718 0.1697035396 0.2279975717 0.1884334537 0.2221276515
0.1340613642 0.1106195870 0.1473332098 0.1408361450 0.1636204227 0.2373700555 0.1912045947 0.2093592108 0.2184395449 0.2046612494 0.2810355670 0.3924454430 0.4898929222 0.6564089190 0.7824672048 0.8542430847 0.8515951672 0.8518482273 0.7120926745 0.5621636940 0.4438124242 0.3311181990 0.2969490532 0.2216191532 0.2229512867 0.1935398726 0.1562169642 0.2042469099 0.1507582050 0.2000627713 0.1670020370 0.1513700008 0.1968104728 0.1816522975 0.1951504720 0.2082908744 0.1694201393 0.1582486736 0.1555611443 0.2609956754 0.2406384039 0.1489736053 0.1921895078 0.1629685447 0.2159511488 0.1825896553 0.2236654571 0.2727563033 0.3697767025 0.4809277925 0.6110078007 0.7906097441 0.9235821959 0.8965829877 0.8995377842 0.7243536011 0.6253952194 0.4841948007 0.4092181313 0.2631143609 0.2463272919 0.2379543394 0.1844089345 0.2077875665 0.1928577867 0.1944739410 0.2421982156 0.1907765758 0.1885617405 0.1704969593 0.1878934199 0.2018247851 0.1977858130 0.1192914680 0.1831520471 0.2433320497 0.2325405051 0.2402249476 0.2018526471 0.2096641950 0.1663354567 0.1531862341 0.2069877190 0.2458632332 0.2659534898 0.3137180952 0.3840196871 0.5033856957 0.6895136294 0.7765953827 0.9038822936 0.9020221727 0.8369427644 0.7057417120 0.6153674535 0.4639755486 0.3319906447 0.2742566478 0.2502994849 0.1822777314 0.1988963931 0.2443612861 0.1940251443 0.1923379498 0.1823635810 0.1548475986 0.2118323176 0.1910434146 0.2317726818 0.2078799150 0.1977043361 0.1694728050 0.2210303652 0.2255441026 0.2385767799 0.1950770657 0.2157732406 0.2098637871 0.1791669511 0.1945449060 0.2402903579 0.1911474070 0.3344277658 0.4044455592 0.4863239930 0.6534948321 0.7403414412 0.8899249250 0.9096357690 0.8766860672 0.7920575469 0.6427838746 0.4831488915 0.3599642813 0.3015783066 0.2000947202 0.1838750685 0.2039303809 0.1740092119 0.1831922833 0.1939308762 0.2189367238 0.1699267099 0.1719480179 0.1764023329 0.2119727673 0.1827583476 0.2330160680 0.2408109802 0.2215929526 0.1809851804 0.1472592504 0.1720688615 0.2405893830 0.1601692828 0.1801013535 0.1997880522 0.1864114065 0.2414086765 0.2437670913 0.3443114093 0.4218917300 0.5757058588 0.7419503113 0.8194689919 0.9017936307 0.9668154322 0.8141798122 0.7075376901 0.5790348244 0.4320615326 0.3051425255 0.2357429516 0.1886550088 0.1760141218 0.2221608038 0.2332741089 0.1965226990 0.1920243607 0.1763125824 0.1790819641 0.1909754163 0.2172896595 0.1508508312 0.1654593504 0.2063389970 0.1452465047 0.2641924886 0.2506647569 0.2151052844 0.1820504039 0.2179695804
0.2070074273 0.1689374620 0.1609884796 0.2114729767 0.1670518877 0.1673910300 0.2015145269 0.2012349883 0.1689297514 0.2203190201 0.2622754449 0.3768272620 0.4794270372 0.6891372297 0.7787029903 0.8989161566 0.9230134139 0.8024104979 0.7281690698 0.5540004191 0.4558830036 0.3228256499 0.2997377390 0.2783884787 0.2052032601 0.1846375211 0.1947328665 0.1991396027 0.1749185089 0.1961517380 0.1693626762 0.1308569894 0.1633970537 0.1908347688 0.1672063597 0.2116502028 0.1896548294 0.2269430252 0.1845036937 0.2518305026 0.1539750459 0.1428184694 0.2372953433 0.1750978494 0.2078926072 0.1760551715 0.2498281968 0.2779771461 0.3460312098 0.4721148687 0.6035083960 0.7191446353 0.8534024272 0.9289573613 0.8767085354 0.8036445832 0.6887843518 0.5328245479 0.4297254245 0.3484683088 0.2691631667 0.2359601114 0.1928183490 0.2105435170 0.1909404388 0.1901814776 0.2071566366 0.1808289045 0.1982201423 0.2272846531 0.1630859851 0.1780774187 0.2242656375 0.2086027275 0.1670880540 0.2333948915 0.1834962361 0.1509852268 0.2155371875 0.1975858913 0.2000806094 0.2374519921 0.2245031434 0.1839798181 0.2332189106 0.3154145404 0.3751169090 0.5666647631 0.7035195799 0.7956049811 0.9446512204 0.9051087283 0.8606959248 0.6592904697 0.5732918182 0.4356540925 0.2963461196 0.2276340366 0.1947792927 0.1837155690 0.2152810038 0.2334206529 0.2076075634 0.1966617185 0.1721036198 0.1617542255 0.2362153689 0.1623651734 0.1768432106 0.1887375340 0.1953161401 0.1848694304 0.2426534604 0.2344852872 0.1912107357 0.1943312875 0.1638339733 0.2055995746 0.2677346761 0.1711801244 0.2020193585 0.2116271120 0.3041772844 0.3779980360 0.5173753521 0.6587518503 0.7858814290 0.8470968110 0.9393723346 0.9164693650 0.7284354031 0.6568076434 0.5018782037 0.3857554448 0.3352098256 0.2707223586 0.1766501542 0.1821587713 0.2203387603 0.2140993733 0.1467103886 0.2120353790 0.2265530600 0.2155816157 0.2555548582 0.1748753382 0.1985150264 0.1910878719 0.1883817828 0.2272207698 0.1911565746 0.2106322480 0.2035302876 0.1959853938 0.2309355385 0.2276284565 0.1519187289 0.2422015428 0.2259669274 0.2805711672 0.3687825045 0.4515654712 0.5816605363 0.7328624369 0.8558071241 0.8952598592 0.8541659001 0.8230432285 0.7377657516 0.5329816119 0.4342830290 0.3160333318 0.2696499620 0.2105441103 0.1975674226 0.2120656477 0.2089713465 0.1625370711 0.1856115945 0.2176121945 0.2219145641 0.2156597896 0.1925333784 0.1905996767 0.2084189113 0.2444346211 0.1856633217 0.1978171953 0.1833576539 0.2166075630 0.1708392607 0.2047433101
0.1743272716 0.1669734542 0.2155718143 0.1988364322 0.2229400967 0.1985508178 0.1788145935 0.2002832779 0.2335146122 0.2567630661 0.2885156137 0.3967984881 0.4906339057 0.6098646995 0.8100867241 0.9459704590 0.8728946689 0.8605404533 0.7570853624 0.5565092057 0.4915504636 0.3432501762 0.2492565588 0.2723422619 0.2119242959 0.2475135163 0.1705402720 0.2393935045 0.1868182007 0.1915924794 0.1631029869 0.1618681583 0.1892486580 0.1810559281 0.2098658076 0.1317893667 0.1944808308 0.1683880309 0.2228254867 0.1529641546 0.1977151205 0.1718747153 0.1971321799 0.1797846815 0.1874935159 0.2197515937 0.2304104638 0.2513468081 0.3790310205 0.4835115183 0.5992743784 0.7031736774 0.8055209819 0.8753570238 0.8828913160 0.7637974240 0.6357427528 0.5619869745 0.3746785475 0.2842853670 0.2335704679 0.2167726802 0.2136093497 0.1481809478 0.1738389164 0.1384587128 0.2399878838 0.1376526932 0.1943871723 0.1775469186 0.2067994319 0.1750285566 0.2009580195 0.1841654459 0.1544452986 0.1888854460 0.1821833020 0.2289529072 0.1891971708 0.2050359846 0.2118622967 0.1539729737 0.1936780638 0.2564330699 0.2302037718 0.2478910143 0.4343492143 0.5639838192 0.6864750733 0.7854807424 0.9090467839 0.9601580232 0.8054108962 0.6917362771 0.5684246574 0.4177953486 0.3285546925 0.2659645284 0.2403687724 0.2072547352 0.1688326153 0.2455868223 0.1821770686 0.1432723065 0.1519514805 0.1716225979 0.1846707754 0.1649611052 0.1931687989 0.1574089774 0.2059188023 0.2441702507 0.2031520996 0.2032939391 0.1898416676 0.1752289751 0.2306221438 0.2179600850 0.1888886556 0.1868621788 0.1824606488 0.2270240802 0.2775008872 0.3825280975 0.5209319904 0.5957927801 0.7718441275 0.8678480393 0.9440790289 0.8918332935 0.7859163326 0.6002491463 0.4507888119 0.3340810504 0.3248579989 0.2343899355 0.2194846616 0.1923367051 0.1817644784 0.2298759649 0.1960810273 0.2058109847 0.1798754707 0.2034011372 0.1872813419 0.2346648052 0.2261460427 0.1728531678 0.1796871678 0.1964930117 0.1919021180 0.1768677858 0.1980270150 0.1526941431 0.1222742741 0.1986851182 0.2049775102 0.2468486849 0.2857166535 0.2890840451 0.3569424918 0.4425946648 0.6128856701 0.7153907162 0.9116878007 0.8955290256 0.8947075681 0.7736338314 0.6829142382 0.5201048275 0.4038983560 0.3566176273 0.2397407693 0.2101512466 0.2709606175 0.1984833325 0.1667772672 0.1691223454 0.2064711315 0.2323355684 0.1911997102 0.1715345090 0.2270330988 0.1542476064 0.1554879184 0.2029723196 0.1969436458 0.1748708991 0.1987985045 0.2627387673 0.2615013928 0.2428955626
0.1566042915 0.1888664948 0.1474001069 0.1575228154 0.1449525426 0.1594731064 0.1689312750 0.2170102117 0.1589870311 0.2421875707 0.3385241031 0.3933797250 0.5455998649 0.7001836234 0.7583282597 0.8374656092 0.9001024674 0.8388690773 0.6735952806 0.5084064827 0.4212848422 0.3653818740 0.2923276181 0.1866239163 0.1893577502 0.2171207454 0.2024324471 0.1605278878 0.1734790936 0.1982138695 0.1344710862 0.1997679762 0.1975910561 0.1869702940 0.1739604747 0.1052652766 0.2064325306 0.1701637180 0.1997682882 0.1622647997 0.1447227178 0.1844895326 0.2111808963 0.1650464347 0.1716803217 0.1856708322 0.2405733561 0.2682012768 0.3325888574 0.4523272501 0.5914673879 0.7362394520 0.8537399220 0.8693596679 0.8928246525 0.8213448019 0.6114385438 0.4626380105 0.3441761797 0.2501851188 0.2331035269 0.2213828854 0.1767916063 0.1877467733 0.1386602833 0.1749542498 0.2012519969 0.1875158737 0.1613261251 0.1830952255 0.1760413991 0.1751667799 0.2117149657 0.1804382418 0.1815067404 0.1268226948 0.1572320138 0.1679604033 0.1942450556 0.1690497268 0.2189622419 0.1624789365 0.2011529297 0.2033190930 0.2879460231 0.3080970205 0.4062457127 0.5646307611 0.6634913353 0.8387024457 0.8802132138 0.8691914453 0.8800675680 0.6985010270 0.5812443354 0.4439755549 0.3667653924 0.2389056801 0.1980396682 0.1549977233 0.2067435437 0.2225768142 0.2263168150 0.1794669453 0.1378378810 0.1565560498 0.1933062516 0.1860780394 0.1871778785 0.2131081584 0.1731385878 0.1966742531 0.1706108898 0.1742986872 0.1429502020 0.2114545004 0.1880510020 0.2319369805 0.2062661559 0.1910173369 0.1861158287 0.2163478343 0.3079254225 0.4203826359 0.4993898107 0.6326913389 0.7770526290 0.8470563439 0.8777099387 0.9377181647 0.7251785542 0.6043579372 0.5086254707 0.3396711743 0.2586957257 0.2357466906 0.2467978193 0.2292169843 0.2262300174 0.2084365067 0.1809516084 0.1773137119 0.2117177760 0.1536684322 0.1788270195 0.1785931829 0.1578987202 0.1646134942 0.1675139531 0.2051902180 0.2251627950 0.1836131853 0.1509719822 0.1686748774 0.2029075545 0.1666640696 0.1953553392 0.2034035609 0.2092236811 0.2715400736 0.3537613017 0.4912602323 0.5687091338 0.7300687967 0.8302697961 0.8672968438 0.9079350275 0.8039516983 0.6910143715 0.5362707887 0.4297290214 0.3425793599 0.2251197905 0.2414857516 0.2121122861 0.2052930194 0.1921900307 0.2525425720 0.1814132085 0.1813840603 0.1504086708 0.2216596395 0.1555843103 0.1890172030 0.1279848612 0.2055047963 0.1394114095 0.2223082836 0.1885410268 0.1953682453 0.1896197691 0.2249977140
