0.1516471572 0.1763818621 0.1411192106 0.1964261980 0.2001422259 0.1648356391 0.1781501411 0.2113233655 0.1764572473 0.2484229810 0.1735475282 0.1965412973 0.2076507876 0.2170831462 0.1645190066 0.2381151951 0.2458919963 0.3487825845 0.4240603005 0.5241064949 0.7144378989 0.8016019678 0.8456705581 0.8847799291 0.9058455802 0.7811436651 0.6337662781 0.5268382133 0.4365361429 0.2961081423 0.2066755454 0.1986026615 0.1520180517 0.2560082772 0.2338356236 0.1744708343 0.2189260610 0.1698654534 0.1947848083 0.2084202518 0.1479564930 0.2150648724 0.1859744984 0.1805978399 0.1814669486 0.1976368355 0.1801676063 0.1790044928 0.1459814679 0.2077844971 0.1806481117 0.2241741096 0.2168043224 0.2521922825 0.2670550776 0.3353645587 0.3661840096 0.5136990150 0.6479046773 0.7727324978 0.9131673888 0.8960095918 0.9061700237 0.8281443068 0.6776270204 0.5848586430 0.4632411130 0.3713450711 0.2967512825 0.1826458023 0.2345864200 0.2313977443 0.1677623476 0.1755632370 0.2088822925 0.2280188851 0.2067137341 0.1377760478 0.2175425323 0.2263715236 0.1868608884 0.2488456549 0.1698884046 0.2479742275 0.2223400577 0.2030746038 0.2280500263 0.2045177072 0.2121252316 0.2029092947 0.2491294547 0.2079575675 0.2053320279 0.3366065807 0.3901139059 0.4717256926 0.6369671726 0.8160536671 0.8787293302 0.9784467599 0.8994297010 0.8255440385 0.6882938937 0.5480970942 0.4324134534 0.3801657571 0.2587870996 0.2838146180 0.2680186453 0.2400797020 0.2266412836 0.1410285000 0.1875143746 0.1846740438 0.1378960093 0.1926793235 0.1942522948 0.2170115441 0.2115304190 0.2035887694 0.1695458499 0.1553035146 0.2440838315 0.2048706272 0.2181327541 0.2385993116 0.2296365249 0.1998668529 0.2065110159 0.2036156167 0.2494731916 0.2604839303 0.3906925322 0.4958149963 0.5919208489 0.6879305135 0.8855354172 0.9075859629 0.9243002073 0.8749476442 0.7488499728 0.6613846967 0.4646714623 0.3709792981 0.3425494327 0.2691764940 0.1899097642 0.2361695130 0.1858313876 0.1831911904 0.2063248759 0.1618468446 0.2494433211 0.1989015456 0.2127973593 0.2173523113 0.2137379676 0.1931818195 0.1789057301 0.2293649010 0.1765713342 0.2177940233 0.1995085884 0.2206405657 0.1744555020 0.2308441214 0.2210560533 0.2212453738 0.2349916328 0.2986623142 0.3700491314 0.4225179065 0.5721931807 0.6959925636 0.8124439441 0.8866075023 0.8900864300 0.8891673730 0.7554688463 0.6806401980 0.5099953661 0.3829480164 0.3781499108 0.3064421076 0.2619828027 0.2299955770 0.2447385806 0.2605437534 0.1807714580 0.2042553255 0.1988497852 0.2443788745
0.1992370548 0.1754995078 0.1318890985 0.1707337083 0.2130894544 0.1967423180 0.1502791926 0.2028748941 0.1662527005 0.1686861416 0.1459827067 0.1449841190 0.1805299291 0.1603305417 0.1771340966 0.2403278859 0.2625867591 0.3403400107 0.4349901846 0.5615308661 0.6517519811 0.8116112874 0.8879839803 0.9109005370 0.8297956768 0.7374405645 0.6157792579 0.4885479711 0.4247976145 0.3466187342 0.2140045439 0.2353492985 0.1655283419 0.1859611185 0.1882580968 0.1689438615 0.1864982548 0.1897667680 0.1473302072 0.1859784090 0.1895734852 0.1930121432 0.2072530801 0.1793323553 0.2200321623 0.1550295226 0.2147416899 0.1528133305 0.1581049440 0.2150468943 0.2172516620 0.2305082081 0.2367911518 0.2302367927 0.2888346177 0.3373757080 0.4566054545 0.5381238208 0.6111259944 0.8381083064 0.8452905922 0.9859818924 0.9641232670 0.7902537207 0.6705439363 0.4886066290 0.3989139187 0.3498868391 0.2425850776 0.2448024479 0.2158223760 0.1718485395 0.1812486551 0.1228844920 0.1575486656 0.1909363232 0.2056265133 0.2373225003 0.1977692430 0.1729259560 0.1681117440 0.1814831586 0.1650650174 0.2529454477 0.2044091317 0.1825349352 0.1936912080 0.2505688059 0.2541915974 0.1983963458 0.2503627519 0.2290088366 0.2089974382 0.3003118425 0.3955300723 0.4753147837 0.6350582737 0.7736946207 0.8709667440 0.9351053416 0.8584117018 0.8070685044 0.7192477212 0.6039764561 0.4474529028 0.3741098453 0.2435498145 0.2499230373 0.2111240660 0.2361196497 0.2285360210 0.1814794060 0.1917485293 0.1423303397 0.2184520240 0.1887214418 0.1923440917 0.1860505805 0.1555024111 0.1491749194 0.2405232390 0.2180294106 0.2331336526 0.2129929703 0.1773995144 0.1702342736 0.1956372830 0.1598941149 0.2096589129 0.1832642567 0.2524127509 0.3381227329 0.3824929382 0.4674793424 0.6120302812 0.7412883446 0.8094040060 0.8535072328 0.9341869898 0.8750054658 0.7503401328 0.6557063890 0.4731356162 0.4063351099 0.3191359853 0.2428473904 0.1984029952 0.2208251139 0.2098738774 0.2025868296 0.1972715133 0.2045921370 0.1408549696 0.1931034080 0.1754657477 0.2563524117 0.2195693543 0.1896854741 0.2132120338 0.1722661150 0.2239878991 0.1717725722 0.2050776815 0.2074095146 0.2192368763 0.2426653772 0.1646042319 0.1865020311 0.3026355074 0.2439370627 0.3533186257 0.4464688447 0.6027348566 0.6909669072 0.8056692952 0.8879632015 0.9587312909 0.8758112426 0.7292119124 0.6046634624 0.5168212706 0.4357346191 0.2457339715 0.2526228252 0.2499705983 0.1710336326 0.1868559923 0.2017485515 0.2371642134 0.1989841182 0.1958467216 0.1883935653
0.1816812724 0.1258700332 0.1671678535 0.1568064338 0.2437209674 0.1710882663 0.1493224677 0.1618897040 0.2133404278 0.2263104645 0.1679471303 0.1863291677 0.1661434537 0.1877367729 0.2410463287 0.2365004234 0.2674775853 0.3121007693 0.4907996847 0.5964655539 0.7007905897 0.7682320132 0.9005312817 0.9134980747 0.8576197850 0.7475829957 0.6043435753 0.4738046158 0.3518777373 0.2782940068 0.2370499559 0.2294566363 0.1929968432 0.2067209100 0.1993350485 0.1773252159 0.1881169905 0.1801608290 0.1759193384 0.1605426083 0.2031243254 0.1930920631 0.1612213741 0.1704062061 0.1789369159 0.1814036852 0.2495080794 0.1891538533 0.1805547210 0.1722136445 0.2126640828 0.1475169692 0.2012125223 0.2166596423 0.2689891860 0.2938084614 0.4291270203 0.5654058976 0.7226958123 0.8129197797 0.8652668970 0.8957024807 0.8843556163 0.8298997658 0.6277790334 0.5472123255 0.4215579630 0.3138809455 0.2322223082 0.2764663289 0.1681944023 0.1844689725 0.2418326865 0.2491075086 0.1635753581 0.1678317116 0.2218879084 0.2267120157 0.1832472406 0.1911777985 0.1542000953 0.1956520716 0.1674978604 0.1719990530 0.1455210244 0.2064988690 0.1644696631 0.2091961474 0.2103313277 0.1989952460 0.1672762030 0.2132358126 0.2530377371 0.3252876073 0.4163405458 0.5506698050 0.6404635675 0.7858109719 0.8691532383 0.9057737545 0.9183406607 0.8292815132 0.7483010977 0.5704463412 0.4229945179 0.3704724152 0.2871481477 0.2089380642 0.2415806215 0.1909673124 0.1782485456 0.2025816118 0.2150127403 0.2132565499 0.2038132942 0.1809324314 0.2145762807 0.2542709022 0.1568752751 0.1775891868 0.1227449270 0.2163071019 0.1830858670 0.1883430575 0.1828370670 0.1287366203 0.2019166126 0.1873914519 0.1253385536 0.1800592013 0.2882545497 0.3193179764 0.3926379214 0.4769900965 0.5852488797 0.7757414090 0.8246060810 0.9197355069 0.8415475856 0.8369394017 0.7154489246 0.5940580467 0.4306442228 0.3728458611 0.3423262768 0.2525418617 0.2036277461 0.2581730755 0.2200087504 0.2272766937 0.1883955697 0.1917412895 0.1898951248 0.1732526209 0.2053560424 0.2190562208 0.2416462216 0.1993793842 0.1765581426 0.2211888142 0.1906840688 0.2151219111 0.1733638920 0.2056023490 0.2184900834 0.1706068675 0.2494227531 0.1994560169 0.2490366140 0.2745868466 0.3674804268 0.4690114068 0.5931624701 0.7090291869 0.8583114511 0.8797347840 0.9647844330 0.8827896040 0.8086027035 0.6124730102 0.4877553570 0.3501979828 0.2800047387 0.2651244107 0.1918695365 0.2407802900 0.2023559450 0.1730322331 0.1685211339 0.1261830561 0.1733716696 0.1973767120
0.1837437421 0.1862170051 0.1574934318 0.1707569883 0.1557685943 0.1860335717 0.1758824747 0.1788428855 0.1491968038 0.1898353756 0.2328872138 0.1566553236 0.1901381460 0.2042686389 0.2590844093 0.2188275818 0.2638449272 0.3440140620 0.4168119742 0.5880404827 0.7030680556 0.8128305611 0.8877253534 0.9495806806 0.7974252828 0.6970673027 0.6239964620 0.4456868493 0.3557435466 0.2724816368 0.2522404698 0.2283680309 0.1783677396 0.1652518395 0.2277960071 0.1928751834 0.1879036149 0.1840780512 0.1898886799 0.1667702824 0.1945984611 0.1926248503 0.2009897739 0.0823191767 0.1300739513 0.1738880387 0.1538759365 0.1808126593 0.1714541692 0.2015671250 0.1752730861 0.2340355516 0.1876885606 0.2162845536 0.2874252539 0.3777767962 0.4469085050 0.5586772454 0.6459478852 0.7922731063 0.8849704676 0.8554531998 0.8812442377 0.7684729172 0.6624036030 0.5474195315 0.4035971800 0.3611547761 0.2558331261 0.2401578549 0.2143321421 0.1870590476 0.1708266664 0.1573696083 0.2050201443 0.1448246238 0.2119719288 0.1858091455 0.2016726683 0.2323197203 0.1683550971 0.1822638378 0.1760380285 0.1552068183 0.1750616557 0.1501846503 0.1526432511 0.1510484322 0.1868719880 0.1934399918 0.1994100144 0.2064020185 0.2803025627 0.3163017455 0.3280066945 0.5152620775 0.6686381630 0.7574325589 0.9065489206 0.9313916515 0.8815299658 0.7616916913 0.6706618051 0.5483277629 0.3954147079 0.3510571800 0.2770801017 0.2326613940 0.1998416978 0.1667113677 0.1763389492 0.1413389842 0.2121117903 0.1846625288 0.1863253863 0.2082415110 0.2048828941 0.1676679166 0.1951200958 0.1949807047 0.1785787013 0.2075523732 0.1246300128 0.1705703831 0.1885577270 0.2064330793 0.1504758594 0.2137749872 0.1938268792 0.2151126864 0.2330753108 0.3027656133 0.3791519111 0.4615783769 0.5970092825 0.7651693943 0.8263150281 0.9212731736 0.8809765227 0.8344207786 0.7113246147 0.5648478669 0.4770242964 0.3563265815 0.2611406160 0.2374456411 0.2018708709 0.1758255947 0.2335247388 0.2156445907 0.1895895224 0.1710053237 0.2352044086 0.1748900714 0.1607851649 0.2246124346 0.2339843697 0.2425943702 0.1852369121 0.1808955947 0.1715757283 0.1926065130 0.1572948301 0.1855443401 0.1573863674 0.1868640858 0.1724717515 0.2465969005 0.2783534989 0.2832908353 0.3495210079 0.4756962810 0.5994317803 0.7361164756 0.8670452584 0.9306682501 0.9053307945 0.8962900230 0.7324050056 0.5806715146 0.4668748194 0.3616049988 0.3173922922 0.2634151105 0.2013985311 0.1865795956 0.2246361425 0.1905123168 0.1933618985 0.2248009299 0.2011631758 0.1645023289
0.1605184210 0.1609831346 0.1832792442 0.1472801179 0.1582801695 0.1779109190 0.1734418540 0.1902523869 0.1730365028 0.1245793697 0.2153668906 0.1778463668 0.1685294164 0.1735863194 0.1354112083 0.2253612755 0.2543489980 0.3175536482 0.4361215163 0.5242972398 0.7240199015 0.8153559409 0.8612668368 0.9065724825 0.8034551568 0.6990574300 0.5622856390 0.4955322080 0.3617130197 0.2811731718 0.2128527834 0.1722558787 0.1906581843 0.1741499332 0.1917869970 0.1557117246 0.1463751361 0.2092192470 0.1589639231 0.0902718963 0.1284940052 0.2137404182 0.1407403810 0.2004914935 0.1745360195 0.1844644621 0.1625964856 0.2325095519 0.1531581485 0.1132123262 0.1927251887 0.1099113131 0.1671180454 0.2466534863 0.3106435545 0.3125189006 0.4443144034 0.5219568048 0.6780284623 0.8133100729 0.8640661923 0.8543677456 0.8670669116 0.7513037139 0.5930277250 0.5344811347 0.4108972136 0.2870616994 0.2183694703 0.1861577245 0.1614230363 0.1824141537 0.1189592389 0.1525856372 0.2092439830 0.1673775457 0.1633847167 0.1643873289 0.1940506288 0.1921205303 0.1935196838 0.1995720823 0.1965498298 0.1431914755 0.2178147998 0.1804192954 0.1770426284 0.1763902366 0.2104323686 0.1997025052 0.2061487483 0.2239970832 0.2500852434 0.3277292199 0.4365895887 0.5080062194 0.6270877039 0.7915300017 0.9015551371 0.8592272221 0.8322488811 0.7958931402 0.6567174880 0.5037071417 0.4109278472 0.3155473714 0.3116552743 0.1842382322 0.2058365310 0.2166377050 0.1969997353 0.2373154011 0.1936217674 0.1921143553 0.1433667762 0.1699133087 0.1677862103 0.2139629540 0.1804772253 0.1790288579 0.2123296484 0.1841563902 0.1809436363 0.1819973480 0.2392435948 0.1898526272 0.1518487289 0.1654166938 0.1742940950 0.2453717648 0.2448496598 0.3198893483 0.4194599402 0.4536413109 0.6492704032 0.7263647631 0.8038605084 0.9121074914 0.9011410675 0.7879853246 0.6961437887 0.5434990818 0.4587879220 0.3534081065 0.2956853888 0.2535701718 0.1801443131 0.1973351349 0.2005166285 0.1563758437 0.2071817732 0.1914743124 0.1964921976 0.1804197637 0.1901098404 0.1495566770 0.2147244392 0.2014879789 0.1887763266 0.1546623674 0.1431922254 0.1749825791 0.2618191156 0.2257321392 0.1870050549 0.1548185649 0.2082704041 0.1832543004 0.3116723238 0.2991757345 0.3385877054 0.4901485273 0.5971076905 0.7282420773 0.9048806884 0.9301763088 0.8820836812 0.8271592481 0.7445896793 0.6115152230 0.4723309654 0.3795807867 0.2504712390 0.2813183372 0.1858456388 0.1683347376 0.2193179755 0.1870941522 0.1975774862 0.1578068132 0.1628121943 0.1709945548
0.1897502454 0.1608094368 0.1983345647 0.1451291710 0.1467129695 0.1683091484 0.1817760453 0.1305860011 0.1607930486 0.1448623051 0.1578752401 0.1659516653 0.2045787254 0.1323514678 0.1825413729 0.1474356880 0.2930985616 0.3089296060 0.4433435726 0.5542184334 0.6747291761 0.8147241093 0.8745039858 0.8650267760 0.7848062140 0.7407844963 0.5693235499 0.4401347064 0.3330870216 0.2879617609 0.2216038935 0.1826769619 0.1713430790 0.1675102754 0.1684209560 0.2105642669 0.2239593402 0.1258622167 0.1667672672 0.1905450899 0.1608337204 0.2322902205 0.1564536660 0.1830935153 0.1537857658 0.1558976905 0.1684510146 0.1392468260 0.2451502154 0.1546008198 0.1486386719 0.1438582532 0.1989837793 0.1978867640 0.2530137052 0.3469827453 0.3906670127 0.5295834468 0.6349159956 0.8048080770 0.8547814527 0.9016819296 0.8067887595 0.7108985598 0.6127173748 0.4463759855 0.3648146093 0.2758214197 0.2706910142 0.2052041617 0.1915640513 0.1193574960 0.1622314881 0.1795845322 0.1543461435 0.1569170626 0.1900608301 0.1397008627 0.1745896358 0.1580487722 0.1827015643 0.2136695108 0.1533534305 0.1529837913 0.2093747840 0.2198534805 0.2008621728 0.1473543297 0.2017330260 0.1369494920 0.2149475221 0.1660764206 0.2473929710 0.3045212914 0.3715392207 0.5302271883 0.6773815359 0.7948370942 0.8923145861 0.9347585391 0.8170338110 0.7360030735 0.6669149143 0.5171239461 0.4138932074 0.3095764509 0.2410271930 0.2561548745 0.2356324191 0.2004283021 0.1681242952 0.1971509270 0.1846743585 0.1504217712 0.1342634080 0.1433903304 0.1789357303 0.1952344247 0.2179973036 0.1507990132 0.1427047004 0.1675568650 0.1369160599 0.1717868059 0.1848038743 0.1919671699 0.2230097795 0.1616949686 0.2420423390 0.1603384908 0.2539566953 0.2977582205 0.3766085201 0.4930368559 0.5696177726 0.7220589328 0.8457767758 0.8442886253 0.8205247794 0.7958290143 0.6596064010 0.5345952098 0.4033373219 0.4053689934 0.2541388362 0.2056173546 0.1867998480 0.1944929791 0.2068759057 0.1989874086 0.1563723079 0.1618765682 0.1967795023 0.1929096235 0.1624447719 0.2236483443 0.1586915154 0.1580810719 0.1509358136 0.2351959715 0.1638677018 0.1462678905 0.2129402221 0.1934845234 0.1973590223 0.1611130298 0.2083292567 0.1833873909 0.2653352501 0.2676927816 0.3321736652 0.4544925739 0.5802102404 0.7050650368 0.8681368730 0.8665700784 0.9096793135 0.8190646622 0.7003780133 0.5691727430 0.4615030368 0.3760583982 0.3144506994 0.2028528356 0.2340824136 0.1591600998 0.1707043395 0.1853578790 0.2083857037 0.2217154873 0.1726767628 0.2073594354
0.1568008908 0.1471666939 0.1391027008 0.1488572360 0.1838668281 0.1232454393 0.1941052926 0.1395696621 0.1562703208 0.1810705129 0.1347332510 0.1585307848 0.1069467904 0.1712778886 0.1831833672 0.2572651717 0.2578882821 0.3224964669 0.4618642169 0.5701298746 0.7627513691 0.8144834202 0.8421624327 0.8352543275 0.7967446429 0.7145593704 0.5773103473 0.4393580116 0.3728507646 0.2540183294 0.2447240555 0.1948341285 0.1973763376 0.1485900453 0.1614887583 0.1554205842 0.1855215745 0.1693870828 0.1099393440 0.1516847490 0.1602494329 0.1949155165 0.1796965210 0.1975164241 0.1844772745 0.1866702525 0.1778929940 0.1803525778 0.1667441534 0.1166320008 0.1568649897 0.1630088306 0.2110771657 0.2055127762 0.2840878110 0.3926570034 0.4398222726 0.5664444632 0.7041628761 0.7865359364 0.8519605271 0.8516062106 0.8628997076 0.7906523225 0.5766767202 0.4690072809 0.3430963578 0.2883655424 0.2433256131 0.2020322320 0.2162798540 0.1714993760 0.1298080968 0.1831234763 0.1858338932 0.1803638116 0.1719880138 0.1730690134 0.1205868985 0.1415039062 0.1870205792 0.2034966229 0.1655965073 0.1572807969 0.1757872356 0.1740914124 0.1336577410 0.1268587124 0.1298166430 0.2039167385 0.1601125743 0.2307666589 0.2412673124 0.3060308568 0.4506674599 0.5604307057 0.6419511856 0.7843028654 0.8763005193 0.9097735242 0.8968176974 0.7615018975 0.6442118902 0.5079171160 0.4374779941 0.2778915458 0.1999248762 0.1866085630 0.1791530900 0.1707386777 0.1407003858 0.1629376318 0.1717773556 0.2314779191 0.1785797810 0.2290606502 0.1876228726 0.1572805445 0.2148471978 0.1444250041 0.2058414760 0.1305010422 0.1670675531 0.2014916062 0.1526126738 0.1605698108 0.1563455872 0.2750550756 0.1755671832 0.2072446964 0.2381661256 0.3510018401 0.4063970813 0.4733677087 0.6635313294 0.7518228834 0.8905268585 0.8992448912 0.8470320602 0.7655164094 0.6905957473 0.5297988394 0.4193969827 0.3098300810 0.2485582750 0.2452128163 0.1454877618 0.2134679464 0.1582859816 0.1722517803 0.2196884360 0.1762652553 0.1636898653 0.1623875828 0.1012699885 0.2423728422 0.2315175682 0.1459181527 0.1977917653 0.1959877081 0.1533950279 0.1930214726 0.1969043169 0.2043755324 0.2208424692 0.1851578901 0.2144760375 0.2350701735 0.2434818178 0.3005099616 0.3501689624 0.4859488326 0.6311447953 0.7580489235 0.7408800410 0.9018412777 0.8663658744 0.7936513173 0.6560804544 0.5920451462 0.4693239771 0.3986937940 0.2225771388 0.2101826110 0.2316338680 0.2382678319 0.2153291626 0.2336606497 0.1795534493 0.1481309901 0.2202191403 0.1989705063
0.1263077518 0.1284646072 0.1691919253 0.2090692386 0.2205797597 0.1847932652 0.1813234602 0.1933950514 0.1817434825 0.1819731629 0.1845255943 0.1534722530 0.1607988823 0.1446060300 0.2541875421 0.2227345417 0.3161439737 0.3272329446 0.4440620097 0.6056480760 0.6863797244 0.8246396029 0.8673644261 0.8695451860 0.8080597020 0.6785867927 0.5392793800 0.4699523340 0.3601451313 0.3292474591 0.1819917455 0.2037449061 0.1964625825 0.1607438485 0.1617705652 0.1477220078 0.2097236499 0.1622458169 0.2238671961 0.1872048909 0.1035191388 0.1733882115 0.2102232020 0.1556522026 0.1294887733 0.1329772958 0.1454577418 0.1803614499 0.1708909848 0.1660214220 0.1889751292 0.1715659359 0.2407232628 0.1870307804 0.2700330415 0.3376259284 0.4612321330 0.5638381553 0.6733486806 0.8158177407 0.8500887824 0.8647303932 0.8273154498 0.7430739979 0.6376567667 0.3993368479 0.3974183917 0.2959905951 0.1835565358 0.1980183363 0.1769324445 0.1797087070 0.0773053523 0.1877237022 0.1506596916 0.1578030685 0.1210033807 0.1909241484 0.1341300454 0.1796758120 0.1735359080 0.1580513192 0.1750434438 0.1343369046 0.1719698539 0.1548730239 0.1360692060 0.1440649366 0.1839502240 0.1710979249 0.1906869032 0.2376711776 0.2469580888 0.3071197835 0.3958340200 0.5360073748 0.6587350933 0.7832386131 0.8616226875 0.8740567985 0.8208787714 0.7612527566 0.6441672627 0.5074554715 0.3708239627 0.2838634003 0.2472407448 0.2186197580 0.2225351780 0.2008790160 0.1820380365 0.2063853168 0.1873062858 0.1307175405 0.1654483887 0.1677065266 0.1276348717 0.1385268866 0.2054876840 0.1299701616 0.1692757987 0.1781681963 0.1750157431 0.1997149098 0.2289236308 0.2231731806 0.1897895267 0.1684811347 0.1875485075 0.2199310455 0.2629873559 0.2625955489 0.3825519182 0.5101926103 0.6434801862 0.6847506377 0.8666740147 0.9100688313 0.8863665164 0.8322516956 0.7073627544 0.5142145661 0.4075695296 0.3352482422 0.2821767570 0.2367158547 0.2354630333 0.1504352600 0.1332036363 0.1755506003 0.1538433187 0.1571692940 0.1894000627 0.1772909417 0.1940757749 0.1740211957 0.2591678703 0.1567583031 0.1433539567 0.2591511537 0.1616331055 0.1575044846 0.1877798998 0.1795796590 0.1517997435 0.2225591972 0.2385144766 0.2127108250 0.2585188057 0.2792545216 0.3855416315 0.4910752929 0.6156018986 0.7092837400 0.8532914599 0.8610271187 0.8939331409 0.8092601127 0.7225895597 0.5989326758 0.4365457100 0.3288335003 0.2640761163 0.2318705716 0.2075642794 0.1989133000 0.1678234610 0.1995682647 0.1630643849 0.1756625183 0.2088782339 0.1955548579
0.0984395632 0.1807431713 0.1713768020 0.1997945132 0.1798580547 0.1863415803 0.1378330826 0.1623165368 0.1581568448 0.1468257365 0.1311026893 0.1872773567 0.2044428323 0.1158095086 0.1725651247 0.2489473246 0.2954306099 0.3281269535 0.4650395439 0.5701372243 0.7124335668 0.8428307154 0.8636032883 0.8649592437 0.8235283393 0.6710181148 0.5189042588 0.4217821011 0.3452980847 0.2312126474 0.2045903848 0.2034776474 0.1795693845 0.1580717196 0.1891548437 0.1711208345 0.1225652403 0.1358570923 0.2237458947 0.1462444766 0.1764142863 0.1285068379 0.1715146814 0.1976254184 0.1618967618 0.1937821990 0.1824686081 0.1927017985 0.2076863729 0.1525785930 0.1648388420 0.1678854410 0.1388654264 0.2195648084 0.2081858227 0.3236743260 0.4138498045 0.5760144465 0.6735162816 0.8425525664 0.8705069913 0.8876617432 0.8041203826 0.7115884507 0.6128229351 0.4967739746 0.3833631773 0.2397333600 0.2886653580 0.1773647931 0.2177541231 0.1396225675 0.1908431406 0.1810769010 0.1485867645 0.1680932845 0.1825864145 0.1749490180 0.1815815871 0.2070066882 0.1671880746 0.1828524648 0.1726008459 0.1658696186 0.1806843784 0.1767870646 0.1492455112 0.1602391670 0.2073714232 0.1851725786 0.1659671232 0.2651698075 0.2181043181 0.3541546176 0.4030788959 0.5277605719 0.6660000387 0.7970685079 0.8989666373 0.9254676670 0.8270241487 0.7714930846 0.5850121629 0.5549567354 0.3845849644 0.2899342195 0.2112477985 0.2278614409 0.2050657109 0.2168805987 0.1715112492 0.2345314717 0.1554379866 0.1820213529 0.1323822902 0.2260590884 0.1145912908 0.1697196481 0.1414138068 0.1773192366 0.1241899466 0.1582823761 0.1656371775 0.1785576937 0.1798791959 0.1598426190 0.2370432455 0.1339291824 0.2208662860 0.2218639813 0.2597325112 0.2904816610 0.3267795462 0.4889477146 0.6714785276 0.7918997694 0.8680113394 0.9003774366 0.8630036149 0.7724827351 0.6309054785 0.5290663296 0.4533352399 0.3172848398 0.2981639043 0.2202667629 0.1924907545 0.1300818514 0.2251983527 0.1567632551 0.1778421440 0.1538037910 0.1975428536 0.2029886914 0.1668541001 0.1395020255 0.1891543651 0.1498115915 0.1522068016 0.1942460689 0.2300528599 0.1849812605 0.1640776807 0.1853487623 0.1958444343 0.2417384580 0.2235752350 0.2489533691 0.2567424957 0.3125294084 0.3806951032 0.4826148799 0.6128214890 0.7831468880 0.8467320495 0.9445005410 0.8375589393 0.8075100325 0.7168057055 0.5700762560 0.4744725533 0.3306629654 0.2592165272 0.2209099409 0.1712338042 0.2179391978 0.1720541196 0.1831300243 0.1365044945 0.2116400392 0.1400974546 0.1698162325
0.1496994357 0.1817781492 0.1602633911 0.2127744610 0.1695029595 0.1496387612 0.1573364271 0.1249281646 0.1129844584 0.1368347384 0.2074692552 0.2075802286 0.2025137834 0.1591667586 0.1907962167 0.2420712513 0.2748931471 0.3470615175 0.4503887168 0.6034122250 0.7464507275 0.8041061917 0.8774044816 0.8607434675 0.7472481354 0.6850929218 0.5171933131 0.4156610112 0.2960035450 0.2448778266 0.2124132751 0.2607653593 0.1973912479 0.1634943515 0.1512570929 0.2040664492 0.1496702421 0.2036505228 0.1282447045 0.1938750160 0.1624027481 0.1868440611 0.1539831657 0.1728353003 0.1541163173 0.1682546483 0.1864880243 0.1694511107 0.1693029098 0.1879980531 0.1501885566 0.2128804086 0.1521990800 0.1877018438 0.2704933007 0.3614666228 0.4485946224 0.6310165597 0.7680480457 0.8010064536 0.9076990961 0.9190745201 0.7715650864 0.7473706764 0.5817071495 0.4443956130 0.3232257008 0.2648532835 0.2156920620 0.2258018544 0.1692262454 0.1599535159 0.1838163040 0.1998554363 0.1871886531 0.1602001959 0.1336524692 0.1820849937 0.2021863178 0.2073292784 0.1192691769 0.1622482314 0.1388686414 0.1408640859 0.1828561730 0.1805582321 0.2283035967 0.2064396489 0.1843000721 0.1975953648 0.1511122040 0.2331191111 0.2681253536 0.3442313090 0.4417574551 0.5588302782 0.6705292936 0.8584583209 0.8608131043 0.8823325740 0.8431965862 0.7428462875 0.6422430905 0.4664785838 0.3299410540 0.2976579876 0.2072301647 0.2222792436 0.1940138328 0.1599318520 0.2207269082 0.2069651877 0.1591373833 0.1568729233 0.1912890250 0.1873273976 0.1542440296 0.1652151806 0.1815333304 0.1951694681 0.1668092665 0.1768645151 0.2050642198 0.1405958081 0.2484363335 0.1874551900 0.1743624765 0.1340688415 0.2182150007 0.2480799653 0.2721825967 0.2852271343 0.4392496946 0.5257434774 0.7219664390 0.7909829762 0.8539011028 0.9061080502 0.9161470283 0.7405570613 0.6090555169 0.5705609276 0.4941636456 0.3594795098 0.2745659033 0.1932883056 0.1988788034 0.2184664998 0.1627028962 0.1979731254 0.1746616484 0.2153048650 0.1765440287 0.2132041259 0.1861573376 0.2138212169 0.1654479247 0.1614839439 0.2182292360 0.1987521145 0.1847636206 0.1936542846 0.1854627306 0.2371933353 0.1834927704 0.1755826971 0.1597558740 0.1933193134 0.2600902725 0.2694333690 0.4344944665 0.5061427764 0.6385149705 0.7769801005 0.8866498749 0.8617778030 0.9528693892 0.8148476653 0.6676257740 0.5595324485 0.4728587913 0.3072076694 0.2770423452 0.2425159082 0.1431116100 0.2082711248 0.1894254503 0.2296160623 0.1652676178 0.1732480597 0.1729285102 0.2000241625
0.2186666962 0.2043611942 0.2579692252 0.1178305521 0.1597527211 0.1381370045 0.2077189283 0.1848844425 0.1528819378 0.2288671763 0.1958907661 0.2003155358 0.1770957668 0.2094463763 0.2206290094 0.2357547383 0.3360779732 0.3581080159 0.5122726165 0.6483536199 0.7325104806 0.8583324552 0.8436422869 0.8713514836 0.7738599361 0.6743309630 0.5673188388 0.4177691765 0.2949530901 0.3219178916 0.2428216240 0.2610822500 0.1897862297 0.1919492197 0.1582941676 0.1741699105 0.1943497330 0.1440476566 0.2177344760 0.1237803258 0.2158509941 0.1581143214 0.2119040701 0.2175012898 0.1734580394 0.1874736018 0.1607545017 0.1555928844 0.1926340274 0.1478227555 0.1758539146 0.2154510943 0.2335220660 0.1978910289 0.2413654494 0.3905779455 0.4383989853 0.6112197635 0.7242303757 0.8336611000 0.8700070943 0.8932724521 0.7908147110 0.7241395158 0.6173047665 0.4326467879 0.3406537566 0.3278965589 0.2605015711 0.1952207723 0.1742287360 0.2143393727 0.1743226806 0.1849944271 0.1767126855 0.1321367609 0.2090433135 0.2370536960 0.2048044991 0.1667885415 0.1758124282 0.1824973403 0.1893235900 0.2516267049 0.1810045371 0.1595154561 0.1708250038 0.1087769202 0.1940630474 0.2032931528 0.2067323725 0.2516354583 0.2864826668 0.3903479553 0.4866514289 0.5458311998 0.6900809664 0.7717302389 0.9085854975 0.8609464639 0.8614394344 0.7324925409 0.6397646871 0.4403016295 0.3864679314 0.2959955487 0.2317796848 0.2095710858 0.1644309277 0.1977139641 0.2048255059 0.1715138354 0.1702624923 0.2095151298 0.2224277172 0.1768711698 0.2380329277 0.2220936775 0.1699902134 0.1437060659 0.1901586137 0.1426786118 0.2008726923 0.1803876764 0.1806255040 0.1731691317 0.1630631027 0.1806585984 0.2067707251 0.2584898973 0.2394831581 0.2956404222 0.4446016935 0.5538296037 0.6315059474 0.7550476661 0.8613819554 0.9175835222 0.8551634368 0.7842134913 0.6434636912 0.5218916348 0.4207320929 0.3518851182 0.3010886691 0.2491405470 0.2356970389 0.1842473535 0.1141463274 0.2269328249 0.2046405963 0.1153304536 0.2350198506 0.1958154566 0.1896157712 0.1845094800 0.1652354923 0.1896023228 0.2014534652 0.1850008967 0.2230287607 0.2086977654 0.2112513901 0.2079329535 0.1662192257 0.2069514999 0.2477142400 0.1688424724 0.2924906794 0.3280114326 0.3662740768 0.4878918277 0.6832226955 0.8076259870 0.8256980629 0.9439029614 0.8601770108 0.7813939254 0.6633260006 0.5596902091 0.5046370177 0.3468727540 0.3378924235 0.2323792882 0.1937901815 0.1838656445 0.2337685470 0.1993606707 0.2599568751 0.2182314460 0.1298529898 0.2079200162
0.1849859761 0.1662285038 0.1938129087 0.1745597236 0.1570187592 0.1556915872 0.1775052908 0.1649720429 0.1576637838 0.1392585017 0.1734204893 0.1511107105 0.2229558386 0.2030500459 0.1601588379 0.2471809765 0.3103998766 0.3984033632 0.5067411696 0.6585633596 0.7709668133 0.8195604200 0.8757814303 0.8972563558 0.7656389499 0.6827997957 0.5496491038 0.4214582810 0.3200126912 0.2441067920 0.2320858629 0.2145934875 0.1622063655 0.1450612850 0.1843253857 0.1661823301 0.1637457390 0.2224626167 0.1962305823 0.1795233936 0.1838787996 0.1811403474 0.1867071284 0.1381742182 0.1554559141 0.2714054432 0.1802028400 0.1347251901 0.2082550564 0.1687767471 0.2005483703 0.1936445208 0.2476401362 0.2718164853 0.2863212892 0.3567167319 0.4866943062 0.7082625169 0.7205504061 0.9135374319 0.8825553868 0.8706064737 0.8408017848 0.6900706649 0.5901941035 0.4803162735 0.2776926308 0.3311047800 0.2380033724 0.1734392509 0.2172812635 0.2116188882 0.1909608458 0.2424881176 0.2092088715 0.1998037422 0.2094600002 0.2077409295 0.1730957852 0.2184879007 0.1990986886 0.2002216214 0.2119047908 0.1909879221 0.1416379325 0.1668528448 0.2538942139 0.1805731478 0.1525297221 0.2359499432 0.1793522946 0.2098373472 0.3024695088 0.4146977821 0.4557143864 0.6031719809 0.7934355481 0.8302443812 0.8635745659 0.8813161445 0.8255303643 0.6944581378 0.6411043628 0.5076153640 0.3833645736 0.2670729085 0.2574772005 0.2798783256 0.1927830360 0.2128439886 0.1979617382 0.2158242010 0.1813262835 0.1903337289 0.1651375113 0.1890433198 0.2134724685 0.1645456479 0.1291019927 0.1836652010 0.2365482139 0.2265479408 0.2487822587 0.1534989646 0.1968048523 0.2008854505 0.2546774585 0.2301065405 0.1937005643 0.1647851789 0.2740562756 0.3428242353 0.4620286579 0.5738655242 0.6833053556 0.8343439207 0.9015977439 0.8961978131 0.8922291793 0.7283735460 0.6465871209 0.5379169692 0.4079381162 0.2782909805 0.2279494475 0.2643919441 0.2307611194 0.1998997436 0.1967859065 0.2018595694 0.1689570652 0.2240656317 0.2267527320 0.2237967881 0.1978888122 0.2430298356 0.1840416781 0.2535875197 0.1992946166 0.2298164871 0.2134687719 0.1433367735 0.2099452743 0.1353103983 0.2417070119 0.2198123011 0.2539435294 0.1897173079 0.2128323800 0.2951182005 0.4347856511 0.5051003569 0.6773026767 0.8183417760 0.8580111743 0.8910674891 0.9321806425 0.7850109147 0.7000628993 0.5575083950 0.4785570710 0.3570948170 0.2394789429 0.2304291453 0.1884046858 0.1869876988 0.2024079911 0.1661766197 0.1796565379 0.2503077615 0.1799519746 0.1278080203
0.1523704529 0.1961708352 0.1845840765 0.1624203887 0.2038524488 0.1578013479 0.1615971246 0.1610467420 0.1359588336 0.1570599380 0.1789161643 0.1701466460 0.2305406162 0.2266789869 0.1950678122 0.2286277991 0.3407668883 0.4003254661 0.5942225091 0.6593902238 0.7301940332 0.8504334032 0.9634697237 0.8995271657 0.7886342627 0.6500769452 0.5651967045 0.4357932555 0.3762655717 0.2375127964 0.2541582721 0.2353845720 0.1627391239 0.1386794440 0.1898665865 0.2102555222 0.1478817045 0.2079535891 0.1893630294 0.1778658114 0.1936591365 0.2216561275 0.1992870407 0.1616211825 0.1965380474 0.1442080456 0.1594865281 0.1694682853 0.1440318674 0.1617819780 0.2128038114 0.2046956577 0.2520652002 0.1981420951 0.2885473003 0.4092491233 0.4660497837 0.6291582115 0.7240043800 0.8369184894 0.8963895193 0.8584174604 0.8391856231 0.6622006008 0.6312911010 0.4786549739 0.3320075404 0.3321450995 0.2586626685 0.2260657038 0.2418809237 0.1568751213 0.1308537787 0.1909439220 0.1723379687 0.2130048825 0.1802887762 0.2460522180 0.2404025863 0.2207299425 0.1943837229 0.1740773981 0.2580766353 0.2076495947 0.1937253354 0.1662648683 0.1969891547 0.2240257895 0.1795881699 0.1870442189 0.1966076378 0.2512033603 0.3027140006 0.3836722138 0.4901946091 0.5801753283 0.7246596687 0.8543259557 0.8947980556 0.9321564459 0.8334414509 0.7141504472 0.5771357044 0.5030824619 0.3863676447 0.3300658577 0.2716538994 0.2999258647 0.1817935959 0.2220536912 0.1787097022 0.1962965200 0.1484309277 0.1988616272 0.2136813793 0.1663399717 0.1778957413 0.1917857089 0.2592595150 0.2134874746 0.1795690582 0.1629618793 0.1883070884 0.1714776589 0.1546665839 0.2232459850 0.2200418310 0.1646260243 0.2666595923 0.2449444165 0.3024823048 0.3344020530 0.4408779793 0.5939461594 0.6929632938 0.8487685649 0.8725186978 0.8935867786 0.8923540529 0.7527136329 0.6616563745 0.4856448758 0.3844723489 0.3244741761 0.2833006661 0.1902969262 0.1675258039 0.2231476280 0.2197701302 0.1719072783 0.2089929462 0.2196310286 0.1922209555 0.2027509228 0.1984593320 0.1696569842 0.2168259950 0.2349530372 0.1831998122 0.2065035487 0.1999514412 0.1922262857 0.2082402683 0.1980901923 0.2089705995 0.1956464412 0.2005924410 0.2467277572 0.2430871648 0.3798660259 0.4330335670 0.5478858429 0.7046269566 0.7880274716 0.8816491227 0.9142366421 0.9376646243 0.8467113723 0.6684647287 0.5835042889 0.4047178909 0.3212444750 0.3194312105 0.2749493402 0.2291792792 0.2279043550 0.1861791944 0.2157837355 0.2242812284 0.1654366509 0.2015290905 0.1846383513
0.1625248814 0.1703465558 0.2004904298 0.2225406406 0.2006368009 0.1758108373 0.1693329832 0.1963834047 0.2344852911 0.2008997974 0.1808926888 0.1850306777 0.1953313231 0.2341552862 0.2554924730 0.3093516400 0.3292203750 0.4518830116 0.5561778716 0.7210688321 0.7671288312 0.9165509835 0.9096897810 0.8473828354 0.8006178278 0.6999840943 0.5542794706 0.4587419211 0.3493067851 0.3078353666 0.2352174659 0.2305058143 0.2120714915 0.1698460622 0.1734100043 0.1956092180 0.1982848341 0.2044966056 0.2052572883 0.2420129335 0.2179846980 0.2261757627 0.2839056694 0.1844938832 0.2250838352 0.1927131805 0.1899148633 0.1986356462 0.2265297145 0.2475962248 0.2129165945 0.1854361041 0.1800359776 0.2742202210 0.3305793733 0.3945689501 0.5527516882 0.6220539701 0.7742895646 0.9105360835 0.8998294875 0.8853157865 0.8076609342 0.7276091892 0.5493962220 0.4682127404 0.3336334813 0.3251706335 0.2248795993 0.2229577226 0.2279282819 0.1630323887 0.1587533565 0.2777990449 0.2428443278 0.1610363102 0.1672189791 0.2228038598 0.1850953557 0.1664010846 0.1842946129 0.1900482789 0.1434003551 0.2133369867 0.1565357752 0.1933524463 0.2048977886 0.2747862138 0.2235346008 0.2359748267 0.2162618282 0.3238692481 0.2661186619 0.4056935331 0.4195398171 0.6220723625 0.7287067088 0.8583584837 0.9543984775 0.9314184985 0.8306156150 0.7393252795 0.6851041580 0.5143779233 0.3334026833 0.3064348150 0.2865027730 0.1836775080 0.2260036081 0.1491627252 0.2018207061 0.2290403569 0.2170130440 0.2115130419 0.1999604413 0.2559414462 0.1889787956 0.1246269121 0.2144668757 0.2034524042 0.2218569094 0.2312556123 0.1988592619 0.2325789052 0.2142508949 0.2262490105 0.2506198359 0.2093944824 0.2091630900 0.2976179723 0.3202990041 0.4313782678 0.4344000298 0.5537172529 0.7432143293 0.8518227426 0.9526135670 0.9209869195 0.9037585955 0.7497901529 0.6701816033 0.5344970686 0.4075170835 0.3218975739 0.3298001503 0.2551485806 0.2736090529 0.2464838924 0.2023362083 0.1837807047 0.1716939806 0.2472893893 0.2891720101 0.1944974538 0.3024195188 0.2446299171 0.2235421956 0.1757016985 0.2422551196 0.1849154497 0.2314940484 0.2826981409 0.2420467508 0.1674200251 0.2253272113 0.2469483388 0.2733761221 0.2731178481 0.2644687925 0.3217342410 0.4928157796 0.5392750498 0.6551069676 0.8276193150 0.8682692553 0.9508660893 0.8974866195 0.8026977968 0.6795539145 0.5202398112 0.4417356409 0.3955104791 0.3073206914 0.2534996917 0.2711059275 0.1918341467 0.2499715581 0.2200874785 0.2103774083 0.2024251613 0.2426562496 0.2485237487
0.2486144799 0.2171646149 0.1803732890 0.2233585817 0.1992960477 0.2411225862 0.2046489050 0.1914931115 0.2289463340 0.1635869392 0.2381579864 0.2563074341 0.2102147279 0.1485638309 0.2378851036 0.3151286923 0.3002376139 0.4217060561 0.5507510448 0.6936406881 0.8355325237 0.8896556339 0.9227315167 0.9185694571 0.8000276546 0.6893611998 0.5544971494 0.4233631888 0.3361915588 0.2670036692 0.2543762274 0.2422773804 0.2133363873 0.1621691710 0.2047553932 0.2318352572 0.2101060116 0.1958717072 0.1871789646 0.2231456173 0.2322285154 0.2209900388 0.1628332858 0.1869218353 0.2058172862 0.1891428033 0.2270415457 0.2099860686 0.1909026804 0.1916897872 0.2262234743 0.2233936065 0.2479293090 0.2760211249 0.3184403615 0.4345513108 0.5577370610 0.6805782621 0.7565953695 0.8736372605 0.9466034762 0.9037732509 0.8878428388 0.7302823714 0.5988614624 0.4005623675 0.3792043091 0.3144439730 0.2473737136 0.2721307163 0.2142516728 0.2290448995 0.1776992444 0.2100314309 0.2415948819 0.2252362518 0.2214065764 0.2323607231 0.2388593186 0.1803365895 0.2696330253 0.2046316949 0.1811735879 0.2237663321 0.2310231001 0.1737487598 0.1808506516 0.1559891861 0.2224877265 0.2560916281 0.2882202287 0.3166226241 0.3096931268 0.4069333436 0.5025345628 0.6274374056 0.7660817829 0.8687585984 0.9276560291 0.9068911140 0.8972858095 0.7856744307 0.6176446779 0.4956829525 0.4113724282 0.3008725798 0.2353594895 0.2876604588 0.2427156167 0.2342676286 0.2785446396 0.2344067985 0.2140791893 0.2224069023 0.2291997592 0.2051525602 0.2107589825 0.1744177290 0.1982144453 0.1813089641 0.1851107993 0.2036404701 0.2282277088 0.2018491507 0.2848266271 0.1993596047 0.2416395255 0.2077556267 0.2313519266 0.2718258484 0.2946879444 0.4117884186 0.4846528837 0.5956956506 0.7138156802 0.8247882573 0.9538507938 0.9495969639 0.8825774479 0.8124163723 0.5925502304 0.5208293892 0.3833778141 0.3233392384 0.3027961233 0.2387996051 0.1914164199 0.2404188301 0.2481175125 0.2271515197 0.2730453807 0.2067130008 0.2233804676 0.2694173534 0.1403285609 0.1915105806 0.1821901164 0.2105960386 0.2590907994 0.2496866225 0.2664562035 0.2339626953 0.2363627486 0.2027317153 0.2334504885 0.2119706695 0.2071401598 0.2865284056 0.2785839873 0.3464881335 0.4856235788 0.6199543754 0.6926310956 0.8239319611 0.8895086184 0.9626435160 0.8683888044 0.8116074735 0.6985124313 0.5448089164 0.4505909541 0.3107223445 0.2679686328 0.2353482078 0.2383659707 0.2613351740 0.2424642242 0.1921550485 0.2568090075 0.2025736409 0.2793950534 0.2637643892
0.2471486819 0.2030471062 0.1769178251 0.1790116508 0.2022003900 0.2169329352 0.2292808757 0.1949990083 0.1725979270 0.2324349406 0.1974028504 0.2006597292 0.2425349169 0.2242108029 0.2295926721 0.2992904203 0.3796617379 0.4959458701 0.5979341675 0.6816142561 0.8443852307 0.9284460359 0.9179212668 0.8613336963 0.8190417629 0.6586267947 0.4906930086 0.4760472160 0.3433778041 0.3073483378 0.2891784436 0.1937614054 0.2335626767 0.1921349766 0.1601411700 0.2428648689 0.1594974864 0.2098670035 0.2338469641 0.1842852257 0.1772309666 0.2156151126 0.1949862716 0.2486104325 0.2917632299 0.2389283732 0.2358983635 0.1786453794 0.2121846726 0.2711592826 0.1789320909 0.2397292746 0.2699269394 0.3097258561 0.3392645911 0.3976409818 0.5522387177 0.6437783435 0.8072055772 0.8526771105 0.9558056286 0.9406880145 0.7505966357 0.7134799918 0.5557992839 0.4159321453 0.3886950932 0.3307117340 0.2198499298 0.2316159902 0.2948335829 0.1898438145 0.1840723143 0.2119147531 0.2204501148 0.2254921748 0.2400827840 0.2321511172 0.2776879072 0.2432074637 0.2118856395 0.2060644343 0.1822983463 0.1920816151 0.2129352029 0.2408674463 0.2410085986 0.2361517155 0.1984576004 0.1996318472 0.2438413232 0.2752718579 0.3255779241 0.3790376323 0.5644688797 0.6420301564 0.7681565113 0.9112978377 0.9409225102 0.9400072784 0.8458404603 0.7290439895 0.5831590747 0.4660922399 0.3698033695 0.3123232933 0.2973868428 0.2235734162 0.2142203703 0.2070144653 0.2379132828 0.1682731987 0.2317556455 0.2026063271 0.1924849546 0.2998410517 0.2182256338 0.2544319271 0.2585148104 0.2318874692 0.1964593788 0.1660095890 0.2383263447 0.2486019935 0.2136792952 0.2010932949 0.2346621405 0.2539279786 0.2520235092 0.2529764311 0.2978825907 0.3372055846 0.4626019712 0.6322079940 0.7110183596 0.8855866869 0.9308940616 0.8823476144 0.9106043269 0.7379364725 0.6996599941 0.4949668248 0.3970668521 0.4197193740 0.2866406925 0.2525867231 0.2319347189 0.2300739473 0.2357144445 0.2432279948 0.2393698104 0.2182149127 0.1988381407 0.2275374153 0.2378514967 0.2289968581 0.2417452257 0.2096331501 0.1990007349 0.2317686771 0.2544845742 0.2276739624 0.1725382070 0.2526918091 0.2614567263 0.2782203956 0.3096343708 0.2216033511 0.3315329701 0.3744069270 0.4426893322 0.6036361408 0.7115636361 0.8166191076 0.9513967212 0.9321288745 0.8884124590 0.7680138558 0.7150639491 0.6199387514 0.4104060972 0.3165458616 0.3106586168 0.2395072484 0.2234688134 0.1903213731 0.2572170267 0.2361145276 0.2117453542 0.2466770737 0.2435399640 0.2086903523
0.3053544442 0.2327608188 0.1827637670 0.2495355375 0.1986305877 0.2128645956 0.1629417616 0.1966335781 0.2217890088 0.2161160825 0.1799030793 0.2640900222 0.2424666011 0.2036153026 0.2721886397 0.2728938324 0.3907096788 0.4313294079 0.5946750864 0.7394475824 0.8145903911 0.8781527066 0.9802442620 0.8954845913 0.8421070672 0.6458814103 0.5355253650 0.4698574693 0.3264994168 0.2633942034 0.2354003026 0.2226449262 0.1791677311 0.2209687156 0.2133531200 0.1881158532 0.2192837657 0.2163844027 0.2044790106 0.1994116836 0.2117707476 0.2246719936 0.2051383245 0.2010732935 0.2204324082 0.2526266955 0.1605529262 0.2047862961 0.2391117087 0.2193290539 0.2122054869 0.2218491437 0.2614350178 0.2503207868 0.3208559151 0.4133863889 0.5673378529 0.6823832080 0.7928941454 0.8797662520 0.9159560271 0.9367092104 0.8767490198 0.6838248917 0.5152605155 0.4534183461 0.4312789204 0.2939963699 0.2652904858 0.2595729155 0.2187969887 0.2098706289 0.1767013307 0.2127400289 0.2388892096 0.1343369326 0.2113815305 0.1978505264 0.2097300968 0.1937784229 0.2369781127 0.1630251857 0.1635080572 0.2575192870 0.2186627001 0.2174903226 0.2172686809 0.1723672572 0.1880303365 0.1986356244 0.2734755724 0.3075239759 0.3101959889 0.3899245638 0.4979610530 0.6440491170 0.7652772794 0.8644951720 0.8830334082 0.8909722434 0.8577487148 0.7573209647 0.5884072603 0.4939810647 0.4092213386 0.2862745187 0.2431830208 0.2267153836 0.2173896738 0.2303176821 0.1947249361 0.1924104004 0.1975054877 0.2176262096 0.2150324091 0.2623502492 0.1860067961 0.2520572450 0.2846996724 0.2527059208 0.2304735789 0.2649858279 0.2561089042 0.2056859521 0.2259537852 0.2438469508 0.1918384988 0.2559817445 0.2966798878 0.1997589614 0.2831515545 0.4678842561 0.5805882666 0.6583218664 0.7901281891 0.8876321608 0.9261473857 0.9185710118 0.8651911314 0.7556559747 0.6294567435 0.4983269920 0.3456405335 0.3108551023 0.3157600516 0.2296945486 0.2003225518 0.2167462754 0.2348802731 0.2434796845 0.2173735109 0.2397851570 0.2050844817 0.2038246016 0.2342716576 0.2374148924 0.2535043349 0.2489859394 0.2596514630 0.2362464726 0.2104601563 0.2055470274 0.2311772652 0.2157338843 0.2574570460 0.2261648398 0.2327999195 0.2596406882 0.2939449371 0.3291785788 0.4665083466 0.6458916555 0.7725671710 0.8549482375 0.9328105956 0.9500351181 0.9037329390 0.8106369286 0.6804829715 0.5613867206 0.4804397303 0.4034579279 0.3054169340 0.2742468995 0.1859938284 0.2639897621 0.1985768296 0.2446738026 0.2678126376 0.2495234826 0.2268896712 0.2853052097
0.2165316575 0.1821620298 0.1944693284 0.2722486645 0.2715216589 0.1973481678 0.1504585051 0.1916831710 0.1179848124 0.1638906099 0.1993618696 0.1985943768 0.2231270826 0.2101556252 0.2608452442 0.3280884967 0.3337365919 0.4415750867 0.5913690938 0.6787811263 0.7936583978 0.8740499268 0.9208809860 0.8751278660 0.7633433770 0.5942794607 0.5664762334 0.3626381354 0.2886324010 0.2557170005 0.2194253276 0.2430480205 0.2744210535 0.2719818158 0.2182268127 0.2068473927 0.2172621900 0.1929238526 0.2232048822 0.1958543526 0.1881467698 0.2160362455 0.2277480137 0.2482773235 0.2006183852 0.1990253914 0.1976909035 0.1998228195 0.2082049029 0.1940613400 0.2435432668 0.2287097460 0.2731511623 0.3197623328 0.3775029364 0.4667279595 0.5857886572 0.7144373796 0.7925278202 0.8507069754 0.9043749162 0.9318798486 0.8441097190 0.6595992628 0.5250590408 0.4351207152 0.3586268137 0.2910805612 0.2029905373 0.2233758010 0.2261590119 0.2197752052 0.2354039988 0.2348577740 0.1884967642 0.1798628364 0.1889733911 0.2402640735 0.2341695311 0.1990324752 0.1803605963 0.1885029392 0.2530025139 0.2127584736 0.2176173298 0.2194503237 0.1989951047 0.1781601777 0.2187752158 0.2175200727 0.1881679105 0.2581459373 0.3545199909 0.4142227643 0.5347414497 0.6882075338 0.7608809891 0.8433007928 0.9675189822 0.9197967817 0.8467147364 0.7147405572 0.6192536972 0.5512170279 0.3749561586 0.2764138268 0.2463414295 0.2448771737 0.1828054704 0.2240459613 0.2164310341 0.1821978152 0.1886463369 0.1991778202 0.2196928256 0.2544606230 0.2433319676 0.2296169389 0.1770639781 0.2222529399 0.2634922287 0.2057247433 0.2813871311 0.1338077138 0.2651008795 0.1834374432 0.2271733623 0.2027485509 0.1826341891 0.3272908122 0.2993380385 0.4222342479 0.4859749854 0.6930639289 0.7537568402 0.9202647989 0.9601467171 0.8657863402 0.8984820305 0.8114642959 0.5925103390 0.4758136199 0.4053998275 0.3113931835 0.2914271178 0.2512427070 0.1912883180 0.2241192536 0.2492841368 0.2409228729 0.2198463702 0.2243600491 0.2274109345 0.2518031418 0.1972821897 0.2102481305 0.2311748499 0.1566731445 0.2162410678 0.1943218389 0.1912850462 0.2402392361 0.2278509373 0.2536878448 0.1723963982 0.2483587012 0.2327015765 0.2672718037 0.3141411494 0.3997311084 0.5298561178 0.6096948069 0.7227877600 0.8469806633 0.8776280540 0.9423475165 0.9304882277 0.7970958231 0.6256634051 0.5127339077 0.4318937049 0.4080858252 0.2664664999 0.2155104445 0.1968481627 0.2480074239 0.2484584724 0.2208593859 0.1882067254 0.2382816977 0.2118864756 0.2196469492
0.2070582687 0.1785128688 0.1895455659 0.1825894937 0.2086154941 0.1865582819 0.2581212823 0.2479345941 0.2381748252 0.1927566867 0.2197540784 0.2333127366 0.2076677403 0.2615511165 0.2616538484 0.3176192011 0.3751804206 0.4951743175 0.5992453836 0.7315415880 0.8237248209 0.8963685668 0.9462673709 0.8648870651 0.7514154359 0.6472827441 0.4955378295 0.4480670221 0.3806144140 0.2942713431 0.1979016555 0.2134647348 0.2315764345 0.1916851389 0.2278217978 0.2522269867 0.1894867600 0.2074417903 0.1855641282 0.1882785936 0.1764815452 0.1910184573 0.1603147879 0.1761024037 0.2198058819 0.2155197838 0.2334020426 0.2085596889 0.2396286683 0.2217915350 0.1895380017 0.2164770459 0.2235417074 0.2921063908 0.3672315502 0.4516404353 0.5494508574 0.6582910437 0.8057949706 0.8979417024 0.9033453422 0.8707588143 0.8186654682 0.7013863721 0.6111181876 0.4388522745 0.2876445498 0.2685600954 0.2127051949 0.2041779867 0.2553179867 0.2267815455 0.1870543948 0.2453209249 0.2373233651 0.2341978316 0.2612254162 0.1761034707 0.2106456018 0.2178223763 0.2577485209 0.1942915107 0.2133097015 0.1980021467 0.1984806471 0.2325260087 0.1507992448 0.2368772902 0.1683545663 0.2030480481 0.2144291656 0.2693686427 0.3101919795 0.4010128555 0.5168521988 0.6421931178 0.8043865945 0.8891024309 0.9456621182 0.9260897213 0.8488423644 0.7250655190 0.5873060938 0.4851899191 0.3496000558 0.3155105074 0.2895903303 0.1615078548 0.2289251253 0.2032379667 0.2479645369 0.2214538448 0.1938849200 0.2001518508 0.2136531158 0.2093511109 0.2236107960 0.1802079147 0.2231642949 0.2298637066 0.1865435502 0.2217257822 0.2257349939 0.2420067212 0.2274345927 0.1915732946 0.2075656078 0.1827917434 0.1793940999 0.2540272758 0.2996473776 0.4175940466 0.5210981528 0.6585441614 0.8026368654 0.9039102648 0.8915874308 0.9381386783 0.8143305214 0.6815404431 0.6284369325 0.5021187872 0.3807563100 0.3149788365 0.2363364157 0.2608605015 0.2227407407 0.1910398138 0.1953935438 0.2126313908 0.2999635054 0.2460431684 0.2347607886 0.2318468996 0.2079931526 0.2236791619 0.1867629802 0.2369667109 0.2531702222 0.2420703157 0.2289531040 0.2418731897 0.1856795409 0.2197716898 0.2326336227 0.1889749261 0.2177473866 0.2587424689 0.2865919516 0.3620644211 0.4682843302 0.6305306321 0.6904492500 0.8697151993 0.9468646895 0.9354612942 0.9116776207 0.8009932570 0.5931675511 0.5280553486 0.4145543644 0.3335478875 0.3135408489 0.2198279617 0.2813676136 0.2115673006 0.2227573828 0.2221050069 0.1960366234 0.2204425317 0.2898808681 0.2241221701
0.2102607242 0.1928553478 0.1749559767 0.1706674468 0.1909132900 0.2142199591 0.2265145211 0.2405413034 0.1747544287 0.1908822739 0.2118585004 0.2272402830 0.1954699712 0.2335137678 0.2563241295 0.3012797213 0.3569296462 0.4950052035 0.5447470363 0.7055317301 0.7720008040 0.8623912188 0.8921285801 0.8220784528 0.7731828139 0.6495147933 0.4473036360 0.3918342732 0.3218344017 0.2056737641 0.2406566035 0.1890077153 0.2223576618 0.2265123261 0.1919039613 0.1789430978 0.2242079073 0.2521999883 0.2181460345 0.2190432846 0.2266083524 0.2046198171 0.1838687749 0.2340762274 0.1846043196 0.2561032272 0.2514105904 0.1336744456 0.2331486802 0.2103548106 0.2062374193 0.1996843880 0.2548471258 0.3186992285 0.2934157696 0.4308303765 0.5706528627 0.6663846222 0.8351552666 0.9119098018 0.9112374673 0.9622291616 0.7661844668 0.6635690869 0.5476538214 0.3992728537 0.3623751922 0.3252296590 0.2466732272 0.2137178731 0.2516063076 0.2367171567 0.2336861059 0.2373355877 0.1837433200 0.2243713519 0.2303220771 0.2854505990 0.2181408449 0.1670450156 0.1747784075 0.2459752344 0.1367399214 0.2046804315 0.1492969084 0.1557250788 0.2469656985 0.2266418631 0.2301578528 0.2150791054 0.2340761139 0.2756551885 0.2792586161 0.4897445688 0.5040257831 0.6208395273 0.7734291654 0.9072293362 0.9320530023 0.9187698164 0.8155069375 0.7273491802 0.5986313250 0.4593822111 0.4229735773 0.2939792924 0.2377067526 0.2338316800 0.2011663713 0.2566467097 0.2060976225 0.2214260177 0.1894315549 0.1763766651 0.1906833848 0.2255547353 0.2420302461 0.2683739349 0.2095864736 0.1896171361 0.2121738767 0.2493904432 0.2270315329 0.2212991067 0.1965942803 0.2326999187 0.2072733977 0.2115908308 0.2675583391 0.2672201831 0.3356238899 0.4558657252 0.5526899227 0.6494692111 0.7816163402 0.8728117551 0.9290585443 0.9424108740 0.8953884594 0.7194352541 0.5526899074 0.4958686233 0.4002926223 0.2925210233 0.2502181050 0.2383210412 0.2153668062 0.2551768677 0.2453821469 0.2376024639 0.2195343594 0.2511636964 0.2613212488 0.2551432983 0.2437566635 0.1778549605 0.2359155378 0.2191562152 0.2505921053 0.2159687321 0.2130187762 0.2603481396 0.1880631864 0.2377898122 0.1962788840 0.1954048690 0.2347134767 0.3050195479 0.3249370220 0.4039508986 0.4896457067 0.6844906130 0.7411129454 0.8678997109 0.9006359209 0.9417018351 0.8985232746 0.7428254498 0.6664593361 0.5365371181 0.3981164878 0.3711767264 0.3081347379 0.2502382000 0.2663061925 0.2394246772 0.2155603678 0.2587751799 0.1651265304 0.2249134079 0.2447519755 0.2267844638
0.2261291102 0.1783690961 0.2541268535 0.2299152227 0.1458299893 0.1712909998 0.1949121793 0.2145683291 0.1625488983 0.1774358362 0.2117232097 0.1911429123 0.2571866487 0.1924005837 0.2374357242 0.2596831538 0.3323619791 0.4894511302 0.6369782111 0.7063330397 0.8747192431 0.9434688401 0.9033059920 0.8457348785 0.7743940312 0.6208598112 0.4962653006 0.4102038195 0.3244255594 0.2730146009 0.2013175911 0.1814907733 0.1591417316 0.1905445950 0.1999533026 0.2062475576 0.2036977404 0.2155897129 0.1845570957 0.1878729649 0.2274047714 0.1869620766 0.1795418368 0.2709066424 0.2192259720 0.2787767168 0.1521147132 0.2386693903 0.2167505028 0.2014436475 0.2109929364 0.1959942863 0.2062031342 0.2834967056 0.3510338904 0.5299179646 0.5428637419 0.7075251062 0.8192760692 0.8628217512 0.9181435096 0.8142551711 0.7516233668 0.6540565230 0.5717363097 0.4094610131 0.3519656412 0.2402079574 0.1821340650 0.2373658999 0.2182658752 0.1834510817 0.2357090431 0.2244336173 0.2092643266 0.2095401533 0.1796754374 0.1750828243 0.2186713747 0.2016235324 0.1867751685 0.2031208621 0.2096352443 0.1725054922 0.1990490371 0.1611254838 0.1431102630 0.1979868302 0.1742927317 0.2325344105 0.2161186313 0.2933086599 0.3472883716 0.4608331975 0.5681375285 0.6989951956 0.8026862873 0.9325374458 0.9505077495 0.8670885985 0.7488187229 0.7039908722 0.6089990090 0.3626540870 0.3448147091 0.3053207302 0.2278867845 0.2154338413 0.1508900490 0.1410139588 0.2730528101 0.2464064391 0.2225678134 0.1932944465 0.2264560883 0.2239494611 0.1798893458 0.1896214876 0.2160932723 0.2105672589 0.1740940232 0.2318360950 0.2165066335 0.2338076264 0.2175322853 0.2178351777 0.1914363757 0.2495917207 0.2552635265 0.2955420093 0.3237269470 0.4233548104 0.5022400900 0.6467375334 0.7377917720 0.8865062265 0.9394992817 0.8875093259 0.8420959640 0.7080391522 0.5432545379 0.4898592502 0.3859677537 0.3325438935 0.2752438056 0.2668451681 0.1700698542 0.1870167912 0.1992880004 0.2436171397 0.1854360555 0.2175783134 0.2320991235 0.1764236583 0.2258559423 0.1467966092 0.2247226374 0.1812514215 0.2223783588 0.1844340438 0.2211458705 0.1773380581 0.1972571310 0.2653411758 0.2651119458 0.1673956839 0.2259704401 0.3169754995 0.3082246974 0.3508464742 0.4918306539 0.5836629102 0.7117846487 0.8536032397 0.9064002819 0.9006186792 0.8322860134 0.7506837592 0.6464025928 0.4916575016 0.4244984625 0.3337185436 0.3279520172 0.2074298282 0.1901860393 0.1974781024 0.2480634644 0.2371612352 0.1693921239 0.1998280191 0.2233286889 0.2331371029
0.1806522870 0.1927238800 0.1726449421 0.1726511896 0.1543460167 0.1969604282 0.2033891758 0.1737377270 0.2461615791 0.1857333213 0.1738553451 0.2007911044 0.1847267985 0.2368733387 0.2346270886 0.3077207759 0.3887927001 0.4912036616 0.5884398723 0.6872215221 0.7777911919 0.9366699874 0.8523514478 0.8637097039 0.7153635965 0.6182008411 0.4381592558 0.3755835310 0.3329788588 0.2391927356 0.2475582127 0.2362997510 0.1799120048 0.2084994195 0.2103885009 0.2013978593 0.1342515511 0.1826857069 0.1970245280 0.2206542127 0.2216930112 0.1833303526 0.2184712615 0.1613519415 0.2001018176 0.1968784710 0.1726429656 0.1952458124 0.2038629027 0.1966133366 0.1790354556 0.1904360477 0.2885109223 0.2648079155 0.3692245489 0.4481065223 0.6194057228 0.7690506162 0.8578414531 0.9027989159 0.9286874106 0.8539507836 0.7529615718 0.6453874844 0.4627039054 0.4526489649 0.3559038094 0.2364691992 0.2468971990 0.2416677024 0.1996906536 0.1697607532 0.2135856770 0.1962703651 0.2035166705 0.2046027945 0.1437510577 0.1829029833 0.1465765827 0.2445533302 0.1616361996 0.2203438868 0.2070261848 0.1736262922 0.2626318754 0.1637100523 0.2038218940 0.2154193300 0.1855926495 0.1822979727 0.2364078601 0.2996580779 0.3332218847 0.4406418733 0.5940382169 0.6687580662 0.8287794753 0.8830727463 0.9840347587 0.8054479017 0.8418146940 0.6932040903 0.5606134236 0.4309685351 0.3688757331 0.2561397401 0.2596552784 0.2027176481 0.1848874610 0.1713037168 0.1952552838 0.2564190398 0.1845244046 0.2159786893 0.2275366279 0.2094538134 0.2020290573 0.2093702112 0.2059468290 0.2205442649 0.2018172672 0.2670317352 0.1949474304 0.2241188270 0.2321396534 0.2436814544 0.1748339482 0.1639133274 0.2160099464 0.2765887678 0.3140185124 0.4026433954 0.5120547673 0.6283735322 0.7849817290 0.8560370637 0.9551021176 0.8910530971 0.8519466086 0.6797819253 0.5727696806 0.4380844582 0.3619490345 0.2548169854 0.2504154399 0.2116355294 0.1859056418 0.1955298664 0.2459961160 0.2026874584 0.2280611816 0.2282661799 0.2129507261 0.1866385654 0.2354984689 0.2340031449 0.1970268107 0.1988640476 0.1492886598 0.2041010291 0.1614577236 0.1923462400 0.1921317333 0.2192346916 0.2338797232 0.1861069482 0.2882156094 0.2677458070 0.3236607479 0.4161807563 0.4744121645 0.6135471694 0.7411986375 0.9055714910 0.9301393254 0.9249629003 0.8680402022 0.6981346885 0.5971467641 0.5265144431 0.3995339616 0.3270626327 0.2460201427 0.2275712436 0.2013099859 0.2539629138 0.2060250393 0.2107756761 0.2001388212 0.1882746686 0.2486231457 0.1827560041
0.1812336193 0.2709285581 0.1781513470 0.1479582141 0.1761991729 0.2046572902 0.1944842309 0.1868174973 0.2018472176 0.1693258889 0.1631251566 0.1744930718 0.2453155084 0.2198063444 0.2626571356 0.2645048970 0.3602162030 0.4502084761 0.5892446182 0.6937354602 0.8044984155 0.8847355953 0.9396568196 0.8274536404 0.7230590868 0.6272200103 0.4738696200 0.3549758263 0.2674219286 0.2148960877 0.1703809102 0.2189503298 0.1313352654 0.1460802882 0.1611586750 0.1768291822 0.1980608201 0.1785554268 0.1950957493 0.1769526838 0.2024226935 0.1849426772 0.2155962806 0.1949443586 0.2024072494 0.1790302230 0.1326296320 0.2062010262 0.1754172012 0.1932601150 0.2114678824 0.2111067136 0.2652682470 0.2915777208 0.3798356865 0.4210318016 0.6174370354 0.7119781461 0.8474423817 0.8726125835 0.9132119795 0.8561387367 0.7776929058 0.6178237343 0.5094022951 0.4386349483 0.3099774953 0.2521048984 0.2035618321 0.2064623899 0.1726952109 0.1670952405 0.2203681784 0.2255683076 0.2007160403 0.2385985678 0.1731056230 0.1983291875 0.2216580339 0.1920644407 0.1725601221 0.1706161417 0.2344828373 0.1744084526 0.1665698732 0.2117724944 0.1755848602 0.1617772427 0.1664019644 0.2211297419 0.2324916599 0.3206535054 0.3026677141 0.4657631699 0.5817781221 0.7247955768 0.8297853350 0.9124677687 0.9071137677 0.8630480577 0.7923215900 0.6606834566 0.5947818407 0.4514208180 0.3114148812 0.2504023393 0.2593724968 0.2389953864 0.2309485971 0.2606820623 0.1895783937 0.1793949905 0.1688616484 0.1855377512 0.2076978084 0.1517001913 0.2112412174 0.2225535528 0.1759791852 0.2134045764 0.1951794390 0.1850037758 0.2306269973 0.2180917177 0.2165135744 0.2507129517 0.2326041753 0.1933266203 0.2541599346 0.2419024187 0.3406033743 0.3917534722 0.4898246651 0.6074417684 0.7847991854 0.8456190067 0.9651696768 0.8796226423 0.8299709582 0.6879245410 0.6189734828 0.4841882394 0.3403643992 0.2890952995 0.2116116358 0.1899961285 0.2335179639 0.2537410388 0.2088915474 0.2114241971 0.2151727127 0.2235440233 0.1808573521 0.1892397288 0.1769561814 0.1611056137 0.1548832090 0.1879217073 0.1643281040 0.1995220755 0.2031317105 0.2654348241 0.1959444357 0.1611835347 0.2059912988 0.2135771821 0.2596079043 0.2624583191 0.3711492080 0.4000648717 0.5649935290 0.6260319868 0.7293573750 0.8303729067 0.8715481492 0.9041119891 0.8931560098 0.7203717372 0.5864834674 0.4754186644 0.4139271310 0.2652144453 0.2255912853 0.2485534184 0.1937786963 0.1785647144 0.2243990514 0.2120047230 0.1925319614 0.1980783637 0.1804355035 0.1678910092
0.2103812571 0.1592414905 0.2130029977 0.1543978550 0.1946268027 0.2003159604 0.2118506776 0.1636521044 0.1479672180 0.1809115967 0.0963900370 0.1832495897 0.2053318729 0.1890230554 0.2591105897 0.2820306468 0.3736977479 0.4326936668 0.6283014110 0.7038715800 0.8446381377 0.8848000258 0.8875647513 0.7993237052 0.6968948979 0.5788373744 0.4835443112 0.3346726119 0.2366288262 0.2413799083 0.1394278271 0.1677260359 0.1763770378 0.1832825635 0.1357784656 0.1807886042 0.2033735411 0.1338515433 0.1470949828 0.1736048315 0.1690346203 0.1480621913 0.2081445353 0.1840976590 0.2355279567 0.1910709354 0.1484804071 0.1849245765 0.2214201411 0.2273170225 0.1308153948 0.2059356741 0.2174369441 0.3357745178 0.3955672726 0.4762501315 0.5208720760 0.6658653549 0.7856374165 0.8538090993 0.8628910027 0.8347958032 0.7210298353 0.5829327070 0.4848499169 0.3735183983 0.2574360328 0.2267221354 0.2425252627 0.2197379871 0.2418281260 0.1907300162 0.2267979819 0.2022783682 0.1981836558 0.1914457470 0.1763052558 0.1270822536 0.1762514665 0.1709232856 0.2359919072 0.1917724882 0.1775684167 0.2122230272 0.1691365266 0.2378347721 0.1601196914 0.1580084024 0.1891654353 0.2134122450 0.3142819873 0.2410672506 0.3343036073 0.4469684021 0.5142352015 0.6740965137 0.7654184335 0.8568558416 0.9148669808 0.8311420953 0.7584187601 0.6588719405 0.5364800481 0.3998773918 0.3124443905 0.2792091296 0.2366964934 0.1731113519 0.1897586221 0.1839805246 0.1993821713 0.1876249659 0.1934572104 0.1892124339 0.1511031211 0.2032906233 0.2645907473 0.2522738037 0.2064716544 0.2066971503 0.1857172694 0.1948785579 0.2159424211 0.2239688618 0.1805899861 0.1990074512 0.2189812954 0.2417375490 0.2348073832 0.2832824819 0.3204162353 0.4098287178 0.4990170381 0.6831867078 0.7930166487 0.8172502318 0.9803002967 0.9226333805 0.7782414904 0.6662195848 0.5089957396 0.4037765342 0.3126145005 0.1820112191 0.2547532584 0.1925581369 0.2223343202 0.1775577248 0.1922690977 0.1696970543 0.2017360142 0.1803638776 0.1768652682 0.1729727843 0.1761196431 0.1764083613 0.2232900630 0.1947420736 0.2001435519 0.2084344302 0.2580399132 0.1989570959 0.2021424032 0.2051929031 0.1742219209 0.2181219728 0.2841092186 0.2116887024 0.2936498074 0.4054239559 0.5071563495 0.6577644255 0.7173400218 0.8422898822 0.8557386947 0.9265481499 0.8568049619 0.7571554590 0.5876425037 0.4788429536 0.4023060089 0.2711529382 0.2356234615 0.2141786321 0.1916750382 0.2041125331 0.2004417933 0.2494812439 0.1916271577 0.2190993640 0.2002198129 0.1934698588
0.2126234364 0.1931515222 0.2158992676 0.1747492034 0.1588953994 0.1129291286 0.1808692548 0.2070847084 0.1968328823 0.1765054976 0.2100186951 0.1911993461 0.1746613132 0.2221345019 0.2374796393 0.3180739601 0.3634206780 0.4645205788 0.6658730834 0.7472367955 0.8005070702 0.8717608967 0.9209373021 0.8416893450 0.6845420659 0.5420835436 0.4833141090 0.3273712577 0.3255592124 0.2451204948 0.1778256884 0.1787531399 0.1901511427 0.1791918659 0.2285744622 0.2263068952 0.1632935501 0.1940828704 0.1897526795 0.1825483114 0.2099042092 0.2086302380 0.1562590296 0.2065552041 0.1265405605 0.1618895258 0.1610158174 0.1687679695 0.1830338796 0.1780124074 0.1797324367 0.2343819222 0.2353785119 0.3073207688 0.3414795750 0.4817577003 0.6019594157 0.7594240124 0.8174763931 0.9277711088 0.8902201075 0.8259399862 0.7275785694 0.6473048085 0.4618009324 0.3530820145 0.2960357525 0.2340897947 0.2141755371 0.1795515650 0.1767563037 0.1864630064 0.1527304305 0.1672162723 0.1935206676 0.2411272997 0.1732824370 0.2020715430 0.1464282126 0.1912805498 0.1708645375 0.1605216480 0.2449252388 0.1925575312 0.2185179681 0.1890578535 0.2537925044 0.1478807997 0.1745903277 0.2266943467 0.2426672270 0.2655008258 0.3280427545 0.4398672324 0.5833419862 0.6737929841 0.7790937123 0.8577412878 0.8773918348 0.8225047023 0.8200132932 0.6244250326 0.5259696585 0.4075959311 0.3331943473 0.2614241380 0.2415181394 0.1597351596 0.1952867698 0.2418628959 0.2071078815 0.2287056207 0.1711215287 0.2116439664 0.1877656516 0.2014694848 0.1594248559 0.1526844799 0.1331009275 0.2123820235 0.1756187695 0.1531043715 0.1414590225 0.2110243950 0.2434409788 0.1810711318 0.1781483840 0.2568820946 0.2237615835 0.2896442920 0.3507776075 0.4029344762 0.5538286534 0.7248345503 0.7692617636 0.8492122777 0.8778778029 0.8694745756 0.7819476396 0.6539415138 0.5409763484 0.4351117883 0.3158962772 0.2971374132 0.2252722785 0.1933639174 0.2203731758 0.1860478723 0.1736772176 0.2027757052 0.1642831805 0.2201198047 0.1713263661 0.2093530064 0.1972168930 0.1751697665 0.1856982235 0.1850452179 0.1637362505 0.2230905062 0.2378303940 0.1997411567 0.2021610146 0.1702409925 0.1736197694 0.2123511486 0.2349778023 0.2496896998 0.2965582951 0.3353699163 0.4954821709 0.6271489600 0.7536334628 0.8770740243 0.9352664094 0.8939285054 0.8177575656 0.7318494199 0.5852382340 0.4331638601 0.3444764859 0.3390716163 0.2107602446 0.2098618373 0.2401841292 0.2283256882 0.1943889828 0.2656491554 0.1930375296 0.2168564102 0.1524201193 0.2566499073
0.1839709848 0.1554270790 0.2114164016 0.1680226601 0.2307876200 0.1901431422 0.2050751679 0.1825080442 0.2150031189 0.1401674626 0.1405519783 0.1651408002 0.1839121961 0.2175072128 0.2630767917 0.2986927380 0.3657029919 0.5060701705 0.6022824985 0.7761923445 0.8424112031 0.8922170427 0.8244522447 0.7917119829 0.6759835020 0.5408846062 0.4440846306 0.3284312781 0.2473093818 0.1863632119 0.1928867832 0.2010810411 0.1716605261 0.1519506098 0.1914316169 0.1878032232 0.2336108489 0.1669871040 0.1967923460 0.2274571135 0.2223202533 0.1834232081 0.2037427418 0.1660003224 0.2098136465 0.2302586731 0.1298889786 0.1997791621 0.2104454941 0.1640050837 0.2456295664 0.2114997542 0.2359150734 0.3024649296 0.4180934782 0.5142458409 0.6157186187 0.7892548307 0.8359205479 0.8677858379 0.9258576094 0.8335119400 0.7316792795 0.6075496423 0.4991457030 0.3434708398 0.3291235421 0.2513744995 0.2426754290 0.2056526984 0.2133153657 0.1164207734 0.1895784837 0.2519289585 0.2239859417 0.1541901034 0.1710145725 0.1724134941 0.2629444470 0.1795409248 0.1811842700 0.2048328125 0.1862909956 0.1669542673 0.1795926195 0.1558595679 0.1571534557 0.2348315044 0.1912369533 0.2175861509 0.3021594552 0.2627074102 0.3427940308 0.4556444944 0.5653748918 0.7503473859 0.8343161807 0.8723741704 0.9564886214 0.8868225373 0.7303734866 0.6203534186 0.5187408693 0.3435203950 0.3119691929 0.2530428137 0.2029761072 0.2289225485 0.1882088233 0.1732721708 0.1905723696 0.1760975739 0.1864726420 0.1970307242 0.1992722641 0.1536281640 0.1293620171 0.1926479762 0.2026094702 0.2148499687 0.1800156017 0.2033752348 0.1606966993 0.2209984399 0.2229917568 0.1937212071 0.2077665505 0.1757092897 0.2332335610 0.2484414299 0.3928706087 0.4840841662 0.4962593479 0.6556706386 0.8487035549 0.8552923147 0.8929323463 0.8526816609 0.8061391340 0.6461186380 0.4949565916 0.3487340659 0.3340126856 0.2099159748 0.2223407685 0.2766156990 0.1874187399 0.1773621801 0.2254120827 0.2273132932 0.2120628863 0.2208423056 0.1982414535 0.1981699664 0.2518730454 0.2163695020 0.1999045437 0.1702736605 0.1414025345 0.1883167264 0.1616544086 0.2374605894 0.2344923188 0.2312961304 0.1944350159 0.2215277024 0.2212857872 0.2739850746 0.3077303479 0.3853977554 0.5180689029 0.6218089386 0.7947328341 0.9108976344 0.9411028903 0.9100622240 0.8213301782 0.6674857305 0.5895240460 0.4365144228 0.3766432450 0.3350570519 0.2998294777 0.2114401450 0.2133504879 0.1804568184 0.1974182966 0.2383443434 0.2535044253 0.2230859715 0.1887504923 0.2284465668
0.1728311655 0.1865864283 0.1628048629 0.2375386651 0.2072669522 0.2138409317 0.1589948516 0.1777008303 0.2369399333 0.2149798910 0.2129541110 0.2045246136 0.1785035259 0.2625195249 0.2847625299 0.3009597419 0.4012113697 0.5596507267 0.6558043959 0.7718378011 0.8234532656 0.9346460476 0.9217948354 0.7979268892 0.7237370898 0.5581325953 0.4540413745 0.3366307904 0.2425929267 0.2111418975 0.2440112882 0.2003877306 0.2206265897 0.1501948199 0.2245418259 0.1804374382 0.1948969232 0.1964295717 0.2133249054 0.2305794385 0.2355098943 0.1893199458 0.1958573543 0.2562647614 0.1256100405 0.1582626025 0.1893275724 0.1891423470 0.2189468511 0.1488637107 0.1771982054 0.2135385782 0.2389869365 0.3206218156 0.4009143075 0.5260756033 0.6234245550 0.7515873326 0.8764484305 0.9119178905 0.8728092647 0.8427039465 0.7215037452 0.6010653361 0.4981618785 0.3567934821 0.2967694119 0.2642976752 0.1691493785 0.2432435099 0.1945236420 0.1868992962 0.1556117460 0.2344164362 0.2050619638 0.2007303049 0.2296063814 0.1399673526 0.2058795083 0.2368335160 0.1855796488 0.2210991556 0.1986994232 0.1859054368 0.1919569890 0.1916441592 0.1603747317 0.2570889796 0.1702671702 0.2438279577 0.2515719186 0.2719438925 0.3319822821 0.4679766305 0.5406095737 0.7102124594 0.8380367986 0.9038911041 0.9312004100 0.8510014909 0.7671077223 0.6364425149 0.5222683478 0.3714913108 0.2680673679 0.2407894935 0.1891050733 0.1196398580 0.2633399712 0.1857899974 0.2144312534 0.2017363922 0.2230392600 0.2102759264 0.1677450139 0.2314048803 0.1868664180 0.2537143392 0.2002124030 0.1759652947 0.1744711500 0.2089484668 0.1735662072 0.2632711004 0.2036411457 0.1897335541 0.1932390660 0.2014168435 0.2343494873 0.2633319943 0.3905501900 0.4613154389 0.5480523330 0.7363627559 0.8206926298 0.9637680465 0.8467173900 0.8895617250 0.7647286281 0.7008599674 0.5376969450 0.4172945361 0.3885336549 0.2448524629 0.1975717256 0.2064373251 0.2067529664 0.2160219015 0.1731204837 0.1842388352 0.1819165705 0.1900699906 0.2034565138 0.1741538467 0.1950612573 0.1989386115 0.2237985508 0.2279373314 0.2018779515 0.2422721433 0.2129486017 0.1543969772 0.1974266763 0.2120234214 0.1864979056 0.2755231761 0.2128468633 0.2605000845 0.3119518045 0.3826161620 0.5195896499 0.6780140395 0.7473353983 0.8837378579 0.9913254828 0.8885260969 0.8069685605 0.6579124403 0.5642410800 0.4894895902 0.3156653223 0.3246123682 0.2402440646 0.2261370696 0.1967901762 0.1773840863 0.2186313681 0.2113442272 0.2016474236 0.1971368430 0.2353721927 0.2004265156
0.1865640120 0.1838683648 0.1857242183 0.1961630825 0.1915189636 0.2252620676 0.1568113350 0.1756899467 0.2290161961 0.1567767589 0.1177042457 0.2333363345 0.2323751707 0.2313796448 0.2383880523 0.3541244739 0.4096825067 0.5066510236 0.6500074035 0.7664432220 0.8564323211 0.9126220905 0.8507006226 0.8400133267 0.6826436947 0.5210668462 0.4685834948 0.3498416051 0.2643536487 0.2893026680 0.2328912546 0.1955689352 0.1665680197 0.1863114943 0.2039547172 0.2269306929 0.2374768524 0.2027418180 0.2190376482 0.1904189547 0.2204955461 0.2013099012 0.1617925488 0.1756328294 0.1818639623 0.2300879374 0.2095730953 0.2035409937 0.2092768978 0.1965753881 0.2156805465 0.2542215827 0.2259918475 0.3173369616 0.4211345943 0.4668600084 0.5825611499 0.7566875655 0.8844009176 0.8774683543 0.9153476056 0.8839168943 0.7254892211 0.5775237605 0.4543544660 0.3940530181 0.3078786866 0.2549394405 0.2408181250 0.2426967645 0.2268253839 0.1749289286 0.2412315689 0.2318324381 0.1943542432 0.1915985824 0.2066308970 0.2058671833 0.2117282425 0.2290345298 0.1984120928 0.1529568311 0.2130577786 0.1886526899 0.1983140519 0.2095740157 0.2043107208 0.1921291268 0.2615212393 0.1942859036 0.2426994918 0.2670209526 0.3708563790 0.4254931524 0.6460422165 0.7349514536 0.8542591103 0.9455868569 0.8994464376 0.9323219485 0.7578282639 0.6598949724 0.5367046960 0.3678778691 0.2651870175 0.2566069213 0.2036504492 0.2262874253 0.1991733866 0.1772526396 0.2024833641 0.2322380678 0.2017462160 0.2269144508 0.2297966775 0.1508062370 0.1715356482 0.2207001338 0.1915258380 0.1730066986 0.2279565118 0.1894211910 0.2407484177 0.2156894291 0.1752442083 0.1963396961 0.2025170130 0.2853944583 0.2446596979 0.2815551564 0.4075002932 0.5074794413 0.5478447370 0.6919580013 0.8127585657 0.8652393855 0.9196688978 0.8364748154 0.7765583370 0.6428720655 0.5381056194 0.4736112272 0.3056989509 0.2787446111 0.2303119954 0.2583020838 0.2298542660 0.2487405752 0.1903865964 0.2245310347 0.1676025380 0.2205487609 0.1886075171 0.2307177748 0.2435636260 0.1795573285 0.2236761342 0.2002070521 0.1761864058 0.2379953512 0.2091342707 0.2257181417 0.2479452174 0.1691598709 0.1884086077 0.2412560138 0.2201860711 0.3036311136 0.3628629343 0.3727714562 0.5424755945 0.6860171979 0.7778400272 0.8712810477 0.9097888745 0.9272770321 0.8428990452 0.6742936207 0.5267503652 0.4287013068 0.3756459659 0.3498237422 0.2491312751 0.2492621963 0.2096558483 0.2327570452 0.2422972427 0.2024828038 0.2132346569 0.2210508218 0.2034760120 0.2181072590
0.1921353116 0.1922119059 0.1670239642 0.2088623251 0.1964063447 0.1984071917 0.1865431993 0.2107388752 0.1829332494 0.2247206032 0.2147690776 0.1392196571 0.1511686734 0.2376222514 0.2391017153 0.3172374635 0.3781026916 0.5304887807 0.7155536615 0.7739443202 0.8523214974 0.9722283140 0.9002641081 0.8295923915 0.7027183249 0.5439199342 0.4554375496 0.3847309009 0.2550798867 0.2134525726 0.2563440461 0.2018357530 0.2037674860 0.1777854367 0.1927099797 0.1958409830 0.1857485845 0.1822219489 0.1863945707 0.2220770188 0.2295542449 0.2515859755 0.2404621044 0.2044171156 0.2430027501 0.1943005557 0.1646056038 0.2087530074 0.2039873257 0.2226444185 0.2303650970 0.2059090218 0.2649677171 0.3646621890 0.3672981359 0.4881301966 0.6215494241 0.8450652705 0.8751328414 0.9051421250 0.8504304027 0.8160455472 0.7108268858 0.5875056987 0.4587663235 0.3545612299 0.3064970724 0.3167299266 0.2570987625 0.2002308469 0.2363505654 0.1685511624 0.2399220138 0.1888431414 0.1835013737 0.2245571510 0.1582487449 0.2597712795 0.2408593553 0.2197613642 0.1942881265 0.2063953317 0.1900472765 0.1592259726 0.2569416482 0.2033050533 0.1548191222 0.2128295886 0.2219391959 0.2715089572 0.2740094701 0.2752283997 0.3545964344 0.5068789479 0.5926745295 0.7288452126 0.8132973995 0.9479515797 0.9222201245 0.9160316146 0.7198152192 0.6351980130 0.4820288947 0.3893719291 0.3749700971 0.2661025444 0.2008447852 0.2146893604 0.2072020593 0.2437538893 0.2120567072 0.1900101622 0.1597004111 0.1970882333 0.2416111762 0.2109332861 0.1903251909 0.2369741792 0.2409560248 0.2067052651 0.1664097568 0.2116849075 0.2302326814 0.1925276519 0.2290068704 0.2051746397 0.2474624132 0.2441667422 0.2714026603 0.3573095150 0.4052510615 0.4679121228 0.5960994479 0.7084628924 0.8210386956 0.9180976686 0.9460587911 0.9356179324 0.8358952600 0.6294207361 0.5085007539 0.3942451023 0.2924468727 0.2719904040 0.2820814693 0.2260692864 0.2320656855 0.2686251125 0.2400209015 0.2060832756 0.1861947053 0.2175138149 0.1695636871 0.1960732249 0.2650292559 0.2248962365 0.1817235322 0.2571292361 0.2442023640 0.2344565413 0.2110178006 0.1868148761 0.2784367011 0.1839055816 0.2428070531 0.2322668004 0.2403425938 0.2897880109 0.3587948034 0.3851076859 0.5678450579 0.7191220981 0.8606839201 0.9343129213 0.9574823650 0.9345237377 0.8280304031 0.6789533953 0.5742765354 0.4972660764 0.3679798894 0.2379057529 0.2604095128 0.2558215825 0.1728816115 0.1965632528 0.1988296785 0.1945235463 0.2141255263 0.1769418061 0.1610217943 0.1933256989
0.2229092888 0.1677453500 0.1744910424 0.2309829253 0.1759677361 0.1840002351 0.1533586803 0.2079622071 0.1742237222 0.2313315514 0.2226317861 0.2191836016 0.2471252974 0.2272934188 0.3100129749 0.2859364130 0.4547713648 0.5455021808 0.6744249894 0.8030612335 0.8657172943 0.9234256610 0.9059713203 0.8555507545 0.6958326089 0.5609656678 0.4358513609 0.2918908864 0.2660237245 0.2503801336 0.2369024508 0.1654708329 0.1973329215 0.2572068485 0.2294141551 0.1859426233 0.1841541775 0.1918039623 0.2251893980 0.1507009618 0.1776489773 0.2074684126 0.1815586503 0.2326317135 0.1958269338 0.2393442422 0.1479343097 0.2131042593 0.2240608778 0.2206326671 0.2052795616 0.2798992634 0.2465868353 0.3663867284 0.4067407927 0.5404087929 0.6364556575 0.7937743829 0.9273093109 0.9140023603 0.9197370668 0.8473252255 0.7147767641 0.5928001556 0.4393843731 0.3671536097 0.3018349456 0.2791041201 0.1981757114 0.2365956407 0.2146818922 0.2105826286 0.1987868077 0.2192501753 0.1690492188 0.1934724479 0.2196248759 0.2563796942 0.1928566924 0.2568264677 0.1942513887 0.2170092310 0.2124458382 0.2090704338 0.1936564586 0.1963317960 0.1957696943 0.1765071680 0.2103325051 0.2375120093 0.2678339077 0.2770550064 0.3950758572 0.4920415852 0.6367334468 0.8021718803 0.9447187825 0.9445916120 0.9363956653 0.8639456535 0.7491085263 0.5652625413 0.4998011262 0.3549557904 0.2809579802 0.2743575904 0.2921532534 0.2225157108 0.2011229217 0.2305347923 0.2194900803 0.2230045199 0.2143266232 0.2088602102 0.2201685087 0.1832522540 0.1881560976 0.2126357102 0.2425445447 0.1897306593 0.1967158839 0.2561484389 0.2580757104 0.2244223166 0.2363145266 0.2552022006 0.2379258755 0.2786220100 0.2687003871 0.2554729173 0.3852122455 0.4977082136 0.5969903238 0.7301858649 0.8337850299 0.9040958348 0.9431442826 0.8879155421 0.7599731104 0.6770146190 0.5401379224 0.4313124857 0.3954651166 0.2690299266 0.3038148901 0.2231145590 0.1723269437 0.1986631952 0.2403977965 0.2113080130 0.1913094582 0.2193497772 0.2740347513 0.2056484190 0.2006925396 0.2222663356 0.2592837770 0.2523926281 0.2384405093 0.1944393827 0.2253645468 0.2405512790 0.2689992303 0.1995602191 0.2330998346 0.2317890423 0.2612478046 0.3234230048 0.3156915316 0.4629521678 0.5858002996 0.6970757941 0.8625138845 0.9143067533 0.9259131321 0.9076972206 0.8049145407 0.6827335630 0.5845694873 0.4928276048 0.3703804999 0.2831901288 0.2965509965 0.2559780989 0.2612377664 0.2376154777 0.2045616727 0.2552558394 0.2099774837 0.2429873443 0.2360643478 0.1628146415
0.1390304461 0.2273270739 0.2331194005 0.2213735455 0.2044044830 0.1773823092 0.1916865485 0.2356572950 0.2391412959 0.2453498283 0.2013572563 0.2176901833 0.2807981345 0.2251875043 0.2950633359 0.3667596512 0.4069535125 0.6040942998 0.6704477234 0.8144905380 0.8864788605 0.9438088889 0.8939883823 0.7826870097 0.6353029688 0.5238680306 0.4154089079 0.2820147345 0.2578049973 0.2194903167 0.1780390906 0.2199579603 0.2697090665 0.2293678758 0.1958349162 0.2181467070 0.2135607547 0.2347408446 0.2078968740 0.2349934827 0.2236528250 0.2077775902 0.2349800510 0.2292390957 0.2412516506 0.2643803895 0.2215459620 0.2043427302 0.2925855939 0.1928825635 0.2607585706 0.2679105681 0.3103517156 0.3200843348 0.4171624563 0.5516700112 0.7302943812 0.8002282745 0.9312736416 0.9760976852 0.9357232022 0.8158859989 0.7144949374 0.5723070946 0.4742125106 0.3720295203 0.3294594050 0.2441084788 0.2453110383 0.1930078155 0.2184009416 0.1670294903 0.2367102023 0.1794998165 0.2234633964 0.2314469881 0.1947481925 0.2652833344 0.1872230948 0.1829626954 0.2610023596 0.2598054028 0.1767426867 0.2173037436 0.1823380570 0.2693158566 0.2236424157 0.2451746095 0.2315289706 0.2871650956 0.2482130050 0.3537135984 0.3951513431 0.5272909413 0.6222098202 0.7736282276 0.8866745089 0.9735712565 0.9342798836 0.9501813044 0.7547062026 0.6402136368 0.4683019491 0.4033618958 0.3786275462 0.2937398918 0.2426311625 0.2140746259 0.2283702806 0.1763983208 0.1951466327 0.2302771249 0.2333662721 0.2441794619 0.2828721970 0.1815390080 0.1684995584 0.2418762410 0.2192391799 0.2449632021 0.2594607360 0.2014788480 0.2217146638 0.2273341105 0.2429091413 0.2222756283 0.2876687612 0.2663882365 0.3086476830 0.3295616689 0.4382735413 0.4800707536 0.6666941255 0.7676625785 0.9135645849 0.9580418349 0.9538621085 0.8588962529 0.8088913999 0.6924138611 0.5373557301 0.4020291396 0.3567404216 0.3210444462 0.2479409539 0.2184864848 0.2129857552 0.2576998503 0.2279922320 0.2640999314 0.2524876976 0.2979381472 0.2170251581 0.1846353850 0.2223205816 0.2551639145 0.2361949193 0.1783350533 0.2099322778 0.2342784308 0.2339216863 0.2291288769 0.2228113638 0.1976000967 0.1969564830 0.2284285558 0.2550838375 0.2922494405 0.3547882788 0.4491450330 0.6281975354 0.7279060929 0.8155270100 0.9708597812 0.9049926334 0.8975400445 0.8443853703 0.7302742126 0.5462372583 0.4026626809 0.3743393486 0.2808726803 0.2838592903 0.2408840237 0.2194365000 0.2432590828 0.2222223719 0.2309258949 0.2166554597 0.2520502472 0.1937859224 0.2402923676
0.2161981448 0.1724722176 0.2118392181 0.2154814376 0.2232270786 0.2367460718 0.2736687403 0.1554245883 0.1676142624 0.1862854695 0.2302120283 0.2455293662 0.2358466679 0.3322892091 0.3027516747 0.3652388621 0.4247007707 0.6000351544 0.7437804843 0.8248043814 0.9121087755 0.8725489776 0.9238842250 0.7904634292 0.6845549109 0.5101439127 0.4779113358 0.3396861877 0.2588248517 0.2386099931 0.2113267297 0.2806235434 0.1997612670 0.1998157643 0.2092422367 0.2582870936 0.1981621022 0.1964766621 0.1658491691 0.2017990128 0.1997905433 0.2396715814 0.2610011868 0.2269005313 0.2095304272 0.1931124271 0.1571270012 0.2063645842 0.2221832435 0.2158438737 0.2039794698 0.2284761351 0.2799569748 0.3396967557 0.4331122212 0.5565442203 0.6636278507 0.8218259850 0.8360821247 0.9357156750 0.9096425412 0.8682166842 0.7065520748 0.6040970562 0.4507944288 0.3681568281 0.3049459087 0.2699746288 0.2354142532 0.2870082671 0.1768125149 0.2263469027 0.2085721980 0.2226387576 0.2420263770 0.2129174170 0.2186474147 0.2506481895 0.2445946490 0.2560509997 0.2368525645 0.2714473321 0.2036828610 0.2169417702 0.2227341558 0.2307146287 0.1851049027 0.1826462967 0.2476223392 0.2392832696 0.2771452778 0.3267227065 0.3923313929 0.4980184745 0.6803077835 0.8088375569 0.8247739538 0.9555798750 0.9587872145 0.8813019497 0.6849763253 0.6099971239 0.4994744904 0.3810780356 0.3533428621 0.2852447730 0.2488614960 0.2534572234 0.2983182085 0.2322888160 0.2052631294 0.2419225105 0.2552407329 0.2070204359 0.2119493387 0.2336615419 0.2067830177 0.2632829904 0.2340067187 0.2192538932 0.2691428437 0.2445119293 0.2058181129 0.2670658721 0.2491457664 0.2313029772 0.2714356279 0.2691379756 0.3118313595 0.3753173515 0.4783922220 0.5079634729 0.6894406469 0.7538092420 0.8600983817 0.8966896824 1.0000000000 0.9106193544 0.7825616101 0.6585741925 0.5446794664 0.4287710759 0.3105858713 0.2636468487 0.2900116939 0.2242535009 0.2309763594 0.2420841082 0.2361147209 0.2103088474 0.2401441274 0.2558819343 0.2901260515 0.2393311790 0.2210364839 0.2191984115 0.2435791267 0.2544432756 0.2332418556 0.2450850465 0.2486231271 0.2217170957 0.2602722336 0.2764364624 0.2904661357 0.2608014339 0.3014871430 0.2918240623 0.3799574502 0.4725612663 0.5716184148 0.7080478918 0.8496919321 0.9216078531 0.9803927656 0.9459464120 0.7970406032 0.6621226683 0.5524675574 0.4439313110 0.3935294519 0.2749993525 0.2481705708 0.2554642800 0.2322913559 0.2055651006 0.2552046761 0.3372453005 0.2746248359 0.2617383593 0.2403688724 0.2227319882
0.2524941382 0.2569219357 0.1893043648 0.1682903248 0.2774369268 0.2416429976 0.2364565244 0.2485736432 0.2357072106 0.2187525449 0.2233046339 0.2517989717 0.1785136899 0.2712941810 0.2934249502 0.3619967341 0.4881737136 0.5614602479 0.7414544969 0.8068055098 0.9519162279 0.9107378246 0.9718069647 0.7590030461 0.6765218684 0.5337662653 0.4844644998 0.3472705796 0.3063174872 0.2511892162 0.2463044371 0.2157015821 0.2259528644 0.2483361471 0.2175448832 0.2079132614 0.2069426573 0.2269583757 0.2510110696 0.2390962422 0.1995666683 0.2983940334 0.2054815736 0.2324582766 0.2438471421 0.2124524808 0.2472660101 0.2006200899 0.2550445949 0.2590073692 0.2091134550 0.2842460878 0.3116258552 0.4026751696 0.4262498796 0.5294847875 0.7189540665 0.8559783293 0.9387284236 0.9183964410 0.9291623862 0.8361929734 0.7167711137 0.5292420157 0.3986844815 0.3344545424 0.3514545649 0.2855867684 0.2003337254 0.1830753147 0.2457356779 0.2549329297 0.2151892213 0.2248403490 0.2325618598 0.2247695299 0.1976288923 0.1920325526 0.2307352664 0.2405552523 0.2341276361 0.1903713303 0.1550991224 0.2457374631 0.2444604114 0.2295216911 0.2346141778 0.2542077805 0.2063352135 0.2260486409 0.2510720583 0.3500492830 0.4505896419 0.5333305745 0.6692996907 0.8068432490 0.9130674103 0.9356232231 0.9647916471 0.8419991929 0.7539696561 0.6068330308 0.4767678947 0.3598937842 0.3103183427 0.3184662791 0.2346997530 0.2103570946 0.2209208187 0.2509535289 0.2221367115 0.2095300745 0.1904525684 0.2535131782 0.2734752437 0.2638234696 0.2556385423 0.1994492287 0.2799282686 0.1890209550 0.2217565182 0.2457708051 0.1906346670 0.2638941328 0.2391523467 0.2563559901 0.2389328274 0.2558319346 0.2980068446 0.3881056582 0.4352878292 0.5327129511 0.6527785718 0.8037757869 0.8999160460 0.9403261487 0.9310178645 0.8837208583 0.7506171609 0.6388964691 0.5375282531 0.4159223378 0.3568323929 0.2786678720 0.2548787225 0.1884419516 0.2475853054 0.2571262352 0.2864219141 0.2307745024 0.3105633564 0.2763296820 0.2649172734 0.2410293850 0.2557911788 0.2297854663 0.2562197046 0.1979333779 0.2563340533 0.2235772591 0.2399754091 0.2481743420 0.2469792749 0.2351139836 0.2056997787 0.2423260459 0.2729809024 0.3386532991 0.3299414752 0.5258073966 0.5454325618 0.7877102929 0.9122248455 0.9608423207 1.0000000000 0.9495988945 0.8116680138 0.6676691442 0.5527137121 0.4662176141 0.3590797793 0.2852693028 0.2932631148 0.2395838328 0.3038655983 0.2509688919 0.2502013710 0.2476111156 0.2584160204 0.2497251784 0.2654552564 0.2145034842
0.1987270989 0.2212842003 0.2885361222 0.2221128075 0.1808699837 0.1765081732 0.2254463799 0.2412717117 0.2243112374 0.2518174971 0.2214552313 0.2168212617 0.1955609146 0.3017121036 0.3126456025 0.3821459032 0.4709192923 0.5935709123 0.7106756702 0.8278063703 0.9112828087 0.9500573336 0.8679443359 0.7456020198 0.6515974598 0.5361490310 0.4425840734 0.3826352379 0.3102749829 0.1955664373 0.2731035404 0.2252489235 0.2103386412 0.2287837204 0.1897720057 0.2281297895 0.2410240903 0.1871875653 0.2637210059 0.1871903171 0.1913108958 0.2356874835 0.2290176450 0.2666501151 0.2012498997 0.1717683293 0.2388046639 0.2080019218 0.2383724089 0.2331157959 0.2614305541 0.2482367417 0.3223487946 0.3278066040 0.4556222247 0.6142617317 0.7362101276 0.8037852529 0.9065871871 0.9314713824 0.8960292534 0.8343615460 0.7064463523 0.5849300966 0.5019041671 0.3891723452 0.2084269758 0.2311462570 0.2413823709 0.1915166204 0.2560230037 0.2067014852 0.2520578943 0.2119564543 0.2224875639 0.2309411482 0.2283886846 0.2156907532 0.2619021859 0.2201492912 0.2088017994 0.2359555584 0.2069649239 0.1765009195 0.2482503521 0.2621250979 0.2158484109 0.2212469699 0.2387684854 0.2480000611 0.3002782431 0.3566408006 0.4373273751 0.5545693582 0.6477216515 0.8343622011 0.9686772798 0.9094145475 0.9383780365 0.8975241024 0.7538088937 0.6087005850 0.4602951120 0.3787759733 0.3804837240 0.2456758846 0.2486282578 0.2337362336 0.2530811929 0.2513113575 0.2425595979 0.2683794495 0.2755842060 0.2435966939 0.2545206381 0.2398294842 0.2035769491 0.2153094288 0.2428473636 0.2417398764 0.2460649897 0.2391789746 0.2269075996 0.2307023792 0.2293007910 0.2393123021 0.3016970920 0.2816024551 0.3096534055 0.3155881399 0.4301925075 0.5689786376 0.6107913526 0.7661088116 0.9296886284 0.8968695505 1.0000000000 0.9393675390 0.7698793914 0.6034692263 0.5816824002 0.4380852772 0.3440783362 0.2830324656 0.2608976996 0.3013797737 0.2422374571 0.2725774398 0.2515687428 0.2652119058 0.2251585418 0.2478648986 0.2512238670 0.2174911510 0.2546879477 0.2447792091 0.1920032059 0.2358896448 0.2328597474 0.2331922552 0.2318403788 0.2763031355 0.2033623587 0.2390351848 0.2553402807 0.2692540489 0.2764506045 0.3504872777 0.4487036531 0.5275498018 0.6345458436 0.7740394694 0.8928482479 0.8715623962 0.9576551836 0.9420772007 0.8467608881 0.6722548951 0.5577922182 0.4512889242 0.3361747446 0.2794441944 0.2799045747 0.2523964753 0.2516286853 0.2175623874 0.2467890219 0.1717064621 0.2379107303 0.2419119534 0.2438169080 0.2134046908
0.1937359998 0.2344801365 0.2384066474 0.2206350440 0.1553995265 0.2577008424 0.1738587980 0.2284399377 0.1981166550 0.2501849183 0.1913475011 0.2435965171 0.2279291752 0.2999175473 0.3412478432 0.3550586371 0.4762381569 0.5950425975 0.7575308114 0.8733298952 0.9495776988 0.9138617843 0.8685218132 0.7634900790 0.6438744953 0.5050748335 0.3734460839 0.3376931115 0.2692177611 0.2007806116 0.2253915786 0.2499448935 0.2547659680 0.2188979387 0.2625938869 0.2137413265 0.2589731205 0.2230693406 0.2150179499 0.2168344949 0.2367278642 0.2167097872 0.2124333055 0.2276208222 0.1748841312 0.1746294185 0.2468475090 0.2522387047 0.2496090187 0.2104944690 0.2175782837 0.2930744984 0.3307993016 0.3862064436 0.4379095999 0.5710574788 0.7775686537 0.8327346741 0.9278636598 0.9385478943 0.9136261406 0.8217984301 0.7006458636 0.5889810279 0.4356262865 0.3265785999 0.2827279560 0.2693473557 0.1895715781 0.2315196235 0.2327922496 0.2108927890 0.2161289377 0.2458967824 0.2601383888 0.2486323147 0.2820830939 0.1924128438 0.2384764304 0.2107847873 0.2170325211 0.2061244652 0.2292657073 0.2339106890 0.2365776820 0.2460615239 0.1929502944 0.2426175957 0.2542471586 0.2435347547 0.3169934873 0.3348329128 0.4390452261 0.5245652329 0.6932813205 0.7981112595 0.9060896119 0.9594611892 0.9144969683 0.8425829684 0.7294095261 0.6109250352 0.4814971400 0.3474329271 0.3424894319 0.3266905588 0.2960246997 0.2244388259 0.2348295134 0.2145940547 0.2140811393 0.2582063838 0.2550129349 0.1910696037 0.2780539462 0.2016788441 0.2275235040 0.2273787171 0.2610867287 0.2694096610 0.2454392713 0.2938706384 0.2774517612 0.2468899779 0.2261652017 0.2627925633 0.2437021331 0.2694699936 0.3077633843 0.3623591129 0.4390627507 0.5184294385 0.6260963622 0.7826344457 0.8933770210 0.9433018022 0.9875251688 0.8938766871 0.7440757460 0.6471063226 0.5116467652 0.4001893011 0.3280864882 0.2820626739 0.2273845940 0.2649702531 0.2709683150 0.2340850936 0.1988962839 0.2270671326 0.1971336903 0.3145213065 0.2112003546 0.2392585765 0.2183942279 0.2512829919 0.2892472772 0.2434472228 0.2330129795 0.2045425408 0.2447534714 0.2941857869 0.1841004936 0.2419334264 0.2487807630 0.2119935705 0.2180478016 0.3343305715 0.4007828427 0.5284565921 0.6666187035 0.7494453329 0.8462229695 0.9443043459 0.9574732844 0.9112664886 0.8357354174 0.6763870839 0.4991823553 0.4255176139 0.3546203391 0.3099248368 0.2678272195 0.2694286079 0.2532996674 0.2614974096 0.2710713807 0.2657888330 0.2653306939 0.2151580166 0.2199148532 0.2397282729
0.2349291614 0.2024514531 0.2257801795 0.2510886302 0.2483570722 0.1917119422 0.1952433035 0.1381818561 0.1578232343 0.2276343103 0.2271589853 0.2136472532 0.2219877728 0.2550891529 0.3349391872 0.3903190885 0.5305757660 0.6031904908 0.7440512943 0.9151633420 0.8945681882 0.9313787782 0.8567683734 0.7778207243 0.6470622706 0.4897325388 0.4238817078 0.3235905327 0.3074906532 0.2609467775 0.2389672274 0.2425472398 0.1480684074 0.2255938908 0.2564154447 0.2152373318 0.2258688394 0.1937557150 0.2182008189 0.2241042021 0.2392040197 0.2302265987 0.1819845292 0.2259176966 0.1717140813 0.2252440336 0.2322878205 0.2522014561 0.2472798726 0.2563382633 0.2815172817 0.1685873243 0.2812678733 0.3657806014 0.4636003425 0.5971951290 0.7379609611 0.7976240522 0.8894161428 0.9521404791 0.8970726436 0.7879638308 0.6505322763 0.5204025093 0.4647863793 0.3331031755 0.3562528859 0.2589519024 0.1962440013 0.2490795412 0.2696723171 0.2582795149 0.2221101002 0.2164072040 0.2532284435 0.2207920168 0.2501126320 0.2216205255 0.2271392770 0.2221531555 0.2625361878 0.2045770987 0.2039988829 0.2227899367 0.2489809946 0.2638943774 0.1952937769 0.2690306307 0.2204746632 0.2458070372 0.2822382143 0.3364553389 0.5064291325 0.5656571192 0.6562325340 0.8268524891 0.9487950541 0.9994488858 0.9257403918 0.8353161641 0.6983226208 0.6029362976 0.4751349820 0.3814391306 0.3206277479 0.3415894363 0.2072313521 0.3129230370 0.2010703587 0.2591738147 0.2192101709 0.2446713374 0.2249182930 0.2406120783 0.2424844260 0.2539031644 0.2482578958 0.2548814899 0.2317900823 0.2509753159 0.2206845497 0.2335651802 0.2112526364 0.2277206778 0.2186860254 0.2455545481 0.2120901484 0.2490592362 0.3115100755 0.3351429900 0.4442949412 0.5453618154 0.6410802406 0.8072194792 0.8880369561 0.9379992239 0.9784978989 0.8739473335 0.7708450833 0.6034634835 0.4576765116 0.3746905356 0.3327213138 0.2761613071 0.2352894141 0.2429425189 0.2405766504 0.1949745709 0.1682153134 0.1897045996 0.2266875211 0.2599525137 0.2336599537 0.2357420428 0.2738764858 0.2831230888 0.2382853257 0.2609516450 0.2069030446 0.2309186726 0.2036522354 0.2241198114 0.2202124875 0.2387313915 0.2307315879 0.2887777131 0.2300964627 0.3425581626 0.4500358240 0.5427647750 0.5958223882 0.7514711461 0.8637419469 0.8991752622 0.9772042088 0.9021201276 0.7671858302 0.6460861679 0.5152069859 0.4262301423 0.3638045589 0.2799884438 0.2645435235 0.2458176839 0.2314427433 0.2670664592 0.2140699967 0.2308030970 0.2895670472 0.2317350385 0.2647967188 0.1966330084
0.1946168317 0.2160512092 0.2696441592 0.1948070498 0.2222343952 0.2059226013 0.2304000603 0.1746281384 0.2402971454 0.2197807867 0.2124596476 0.2021752222 0.2120922504 0.2876258784 0.3140445300 0.3630169162 0.4619327832 0.5906590528 0.7406104379 0.8983404758 0.9312025837 0.9823802135 0.8844693613 0.7853515577 0.5992792082 0.4841511849 0.3743837731 0.3650101500 0.2475266174 0.2211866385 0.2455835726 0.2035425635 0.1739926954 0.2189724701 0.2013693391 0.2065452055 0.2058556804 0.2221042603 0.1925598888 0.2464527027 0.2591455310 0.1844591501 0.2232104889 0.1981040357 0.2441194388 0.2589714844 0.2200986609 0.2612611785 0.2465016023 0.2548532373 0.2610539368 0.2595447968 0.3080879130 0.3793864776 0.4574011751 0.5456222266 0.6979895122 0.7745697688 0.9369334935 0.9195135105 0.8633046639 0.7625324859 0.6901511068 0.5282219066 0.4085586032 0.3669834271 0.2989926787 0.2479534288 0.2333220290 0.1921753444 0.2456884846 0.2448130714 0.2025291183 0.2127711061 0.2013186791 0.2519032281 0.2131591436 0.2239764273 0.2189536605 0.1845746058 0.2237642401 0.1922578148 0.2298273023 0.2471356688 0.2506849931 0.2725108794 0.1793496107 0.2354264885 0.2531832686 0.3095992466 0.2486202434 0.3905071290 0.4561368767 0.5472441129 0.6650635768 0.8224661259 0.9515170883 0.9622090668 0.8996123386 0.8395251074 0.6640263277 0.5881975240 0.3992764090 0.3708188795 0.3212332681 0.2417215772 0.2608240699 0.2503720567 0.2886330392 0.2437050459 0.2748499516 0.2589625312 0.2312032087 0.2252914341 0.2487163445 0.1862513950 0.2598904349 0.2089747568 0.2118225502 0.2087582120 0.2453591206 0.2730733739 0.2179824002 0.2459347266 0.2695965096 0.2570485405 0.2465496575 0.2612238206 0.3475781105 0.3407819071 0.4456460324 0.5198732305 0.6846257674 0.7998735158 0.9099333516 0.9212089721 0.9802678981 0.8453635836 0.6970167675 0.6330552039 0.4783137711 0.4136856799 0.2990659919 0.3064678428 0.2690200437 0.2963384105 0.2578342435 0.2367318511 0.2550586552 0.2813334572 0.1947933693 0.1921690359 0.2606685944 0.2616786308 0.2473412527 0.2310030106 0.2326804337 0.2292558745 0.2649977566 0.1943337078 0.1739390509 0.1848632497 0.2571867510 0.2329370798 0.2513059798 0.2300674979 0.3085142974 0.3765728656 0.4242426483 0.4742860095 0.6512914088 0.7828901078 0.8331926274 0.9859853018 0.9433986383 0.8772729649 0.7578397065 0.6380885663 0.5504850237 0.4214833932 0.3795112398 0.2634739070 0.2863913924 0.2737801815 0.2399584398 0.2638253260 0.2347228130 0.2251242264 0.2350334716 0.2415352476 0.2842265058 0.2276668970
0.2022585984 0.2178196520 0.2309076084 0.1709554329 0.2537035120 0.2844445027 0.1764617381 0.1917778671 0.1819689685 0.1694702819 0.1862098583 0.2230783996 0.2434847857 0.2856466073 0.3463955215 0.4293935364 0.4939077006 0.5930434666 0.8075442916 0.8195648309 0.8834239619 0.9349591289 0.8246019843 0.7145792106 0.6257209969 0.5402155866 0.3845193870 0.3289074291 0.2469402592 0.2422117544 0.2375701995 0.2379317364 0.2087357831 0.2111941117 0.2166507500 0.2479860213 0.1700701540 0.1798325415 0.1674877412 0.1889244989 0.1913642999 0.2189927835 0.2209965728 0.1797491275 0.2870094192 0.1802474644 0.2114185186 0.1817940649 0.1638929839 0.2343563039 0.2180244321 0.2315813673 0.2811105799 0.3909874893 0.4877168037 0.6153888713 0.7259109924 0.8724854592 0.8967188766 0.9268456373 0.8277221935 0.7794274832 0.6997171482 0.5662525243 0.4516214000 0.3797205379 0.3140164581 0.2364942358 0.2075061187 0.2572728436 0.2064450043 0.2141805394 0.2377161921 0.2204100092 0.1819347071 0.2139918073 0.2255159812 0.2549608265 0.2086227327 0.1908836923 0.1696860406 0.1958425576 0.1929661464 0.1692649876 0.2166661399 0.2268579659 0.2117438294 0.2719018633 0.2423788661 0.3287600426 0.2688294369 0.3344500226 0.4486627812 0.5825472739 0.6769074485 0.7974810311 0.8849851386 0.9689638441 0.8662286944 0.7959579569 0.6905154852 0.5917444188 0.4216199602 0.3750949920 0.3079516618 0.2605572856 0.2847965576 0.1586141016 0.2886677386 0.2417120800 0.2109174103 0.1881363805 0.2020890606 0.2379355994 0.2422157808 0.1765807115 0.2136730678 0.1963421791 0.2375098129 0.2061768465 0.1697620700 0.2423091216 0.2774018131 0.2350422153 0.1896665848 0.2631967192 0.2254784588 0.2890638890 0.3057525755 0.3272707132 0.4148123434 0.4851155877 0.6217893564 0.7737737986 0.8877382428 0.9643466582 0.9210074799 0.8673354975 0.7150657673 0.6113027467 0.4926065350 0.4167586520 0.3137168798 0.2832831764 0.2889847618 0.1942234736 0.1765724322 0.2302237032 0.2652331105 0.2331165579 0.1918232059 0.2308104856 0.2321792260 0.2198705509 0.2084337492 0.2346949816 0.1926043924 0.2202805511 0.2151365487 0.2626552183 0.2041213223 0.2078852575 0.2252851622 0.2156931615 0.2333862016 0.2374169865 0.2645657710 0.2533538566 0.3763991810 0.5151615772 0.5904296817 0.7538836055 0.8529086311 0.9247980912 0.9630396038 0.8926791290 0.7224471905 0.6008233184 0.5036140470 0.4353071909 0.3400563633 0.3038749369 0.2470436476 0.2103899038 0.1942790373 0.2623619639 0.2122220311 0.2194616258 0.2409173147 0.2655071025 0.2500442407 0.2328306882
0.1926143498 0.1910361181 0.1761184871 0.1659261947 0.2488237996 0.2273254600 0.2006439781 0.1400047238 0.2179605428 0.1904225390 0.1938065364 0.2043037085 0.2208631457 0.2554498517 0.3506870887 0.3708814330 0.4875172167 0.6046615157 0.7354317269 0.8521556885 0.8910049224 0.9447989245 0.8577641913 0.7550003217 0.5917675039 0.4621530234 0.3712689461 0.3027536740 0.2770228463 0.2457954851 0.1998632531 0.1897635345 0.2304060692 0.1354339422 0.1843384036 0.2056740220 0.1656097698 0.1906518076 0.2430354263 0.2450926836 0.2190033070 0.2456310888 0.1932373036 0.2125336094 0.1668875705 0.1802114070 0.1739883938 0.2164304810 0.2018462000 0.2297799058 0.2526611191 0.2298825287 0.2580498700 0.3665303263 0.4236377405 0.5657382919 0.7452427540 0.8654217659 0.9364177859 0.9170300271 0.8740653171 0.7894206219 0.6791530887 0.5067827083 0.3701146615 0.3079937968 0.2656023942 0.2258521596 0.2070144288 0.2061001900 0.1584798084 0.2013940635 0.2085121941 0.2236021243 0.1957621740 0.1988250792 0.2288914620 0.2351696719 0.2284953074 0.2204615670 0.1885957456 0.1773952736 0.2312821171 0.2395906914 0.1909304570 0.2083988551 0.2471166352 0.2714966862 0.2230930040 0.2123635874 0.3204823095 0.3142344839 0.4169187293 0.5512105125 0.6430266771 0.8409208303 0.8975791961 0.9285702141 0.8409863222 0.7620782755 0.7127903099 0.5545990056 0.4472898726 0.3736112690 0.2619051522 0.2617192611 0.2236796795 0.2077124319 0.2243360182 0.1676456888 0.2789840703 0.2002007391 0.1954611416 0.2294816100 0.2352156396 0.2288192193 0.1879760758 0.2609178894 0.2291159035 0.2249564098 0.2661557211 0.2099610148 0.2273383122 0.2189763006 0.1645561629 0.2186118702 0.2095075952 0.2035469400 0.3692373388 0.3919392101 0.3992139056 0.4774343519 0.6794656540 0.7799517461 0.8753354582 0.9487654022 0.9446137828 0.8427831333 0.7099591826 0.6084920382 0.4703230979 0.3999894698 0.2528116253 0.2746144337 0.2090004729 0.2565231734 0.1968766623 0.1972687871 0.2577276881 0.1954607474 0.2297046166 0.2298505452 0.1966731149 0.2086434124 0.1368788831 0.2027822143 0.2327785349 0.2375408040 0.2451621110 0.2182875652 0.2140699774 0.2391180847 0.1932223442 0.2135867854 0.1960133422 0.2235759588 0.2466007617 0.3233719118 0.4770429452 0.5494477774 0.6747006877 0.7731646430 0.8739340776 0.9432763625 0.9417687372 0.7973039552 0.7652241138 0.6189464961 0.4773950098 0.3354897762 0.3288200027 0.2783511991 0.1605067355 0.2300252533 0.2509623832 0.2371658799 0.2279742022 0.2325747682 0.1865263856 0.2729303180 0.2833303023 0.2210552705
0.1581685731 0.1988641829 0.1818931398 0.2528599363 0.2115217462 0.1847284540 0.1828000912 0.2296479346 0.1661127979 0.2308742455 0.1829054785 0.1853278706 0.2167101144 0.2705547293 0.2904294602 0.3869198935 0.4925385225 0.6081858864 0.7612859718 0.8699209929 0.9047241889 0.9059931343 0.8120036354 0.7523540015 0.5490658916 0.4687777545 0.3852713909 0.3092398505 0.2437720783 0.2048766745 0.1995746730 0.2002630945 0.2222776706 0.2280402188 0.1987327452 0.2241263624 0.2198127749 0.2577524749 0.1778334243 0.2145304839 0.1785879740 0.1976357091 0.1578500450 0.2074209429 0.1552647816 0.2006095324 0.2039282498 0.1924627953 0.1854470147 0.2135805878 0.1812986933 0.2659864621 0.2809544384 0.4198690547 0.4773260148 0.5926673359 0.6745312806 0.7991906175 0.8919262758 0.9425039625 0.8754579632 0.6942262099 0.6194888702 0.4731877154 0.3820268779 0.3111800186 0.2364933851 0.1767993335 0.2671513158 0.1934057623 0.2017677524 0.2469536749 0.1861045641 0.1774610985 0.1576806771 0.1892748819 0.1813206127 0.1850793862 0.1669657159 0.2143580894 0.2239410767 0.1933959794 0.2207595178 0.2096929159 0.2109030045 0.2145290672 0.2488056579 0.2543131682 0.2510063438 0.2329478367 0.2608028785 0.3468737802 0.4822325681 0.5260440887 0.6375921215 0.8053647672 0.8997176577 0.9772137984 0.9086752241 0.8125503578 0.6890602961 0.4897361622 0.3728785633 0.3478356913 0.2489484479 0.2195844319 0.2417642742 0.1816536550 0.2099715978 0.1819583637 0.1990496886 0.1994056039 0.2052326396 0.2380507529 0.2397640956 0.1803768388 0.2104254079 0.1787342930 0.1909332895 0.2212084175 0.2162795208 0.2486031271 0.1892015808 0.2121079630 0.2079935942 0.2608080111 0.2844622214 0.2561107813 0.2440377808 0.3235612869 0.4259544744 0.5472238169 0.6698448902 0.8117158351 0.8840325309 0.9186965030 0.9515361182 0.8303969254 0.7144146610 0.5800964550 0.4161174630 0.4009561848 0.3033090193 0.2661371098 0.2608951618 0.2608751465 0.2376802481 0.2213301998 0.1699545781 0.2045846004 0.2084501045 0.2681820936 0.2454613011 0.1901715482 0.2360976551 0.2265261625 0.2155048610 0.1723490144 0.2387536794 0.1872648734 0.2012838880 0.2167221216 0.2466936095 0.2097638763 0.2391230950 0.2165492316 0.3092772082 0.3853676535 0.3843014575 0.5274924503 0.6390653772 0.7883875297 0.8910001698 0.9680013003 0.9594409555 0.8908954766 0.7323937638 0.6218322021 0.5197037869 0.3596950595 0.2571008034 0.2484200202 0.2340727081 0.2326378468 0.2057148607 0.1970059384 0.2317024113 0.2237177847 0.2097815887 0.1702085813 0.2368028771 0.2201200107
0.2185165608 0.2364365674 0.1908500270 0.2108209530 0.1659644044 0.1312192529 0.1868574706 0.1483207314 0.2217423970 0.2195706387 0.2692490956 0.1812160510 0.2322194505 0.2798013636 0.3543792178 0.4256477497 0.4959552283 0.6232096692 0.7385210808 0.8282328863 0.9169088855 0.9104557984 0.8520364600 0.7271941738 0.5871738276 0.4439390654 0.3566440682 0.2755952205 0.2692886170 0.2430565289 0.2018204160 0.1535845625 0.2271028246 0.2203081881 0.1923499022 0.1702990778 0.2068627934 0.2031663762 0.1683410211 0.2047836052 0.2034007525 0.2011150995 0.2165644821 0.2180150734 0.2618632383 0.2177885313 0.2514462172 0.2374042724 0.1760631008 0.2042337682 0.2662462866 0.2122657362 0.2790703459 0.4014671132 0.4520928699 0.5895533698 0.7017278646 0.8718521660 0.8385958021 0.8797264932 0.8484323158 0.7449435901 0.6526262272 0.4834284560 0.4559557665 0.3234253379 0.2935575497 0.2802858708 0.2538078417 0.2225762828 0.1479572379 0.2084967693 0.1863749090 0.1906522804 0.2064231858 0.1600918288 0.1659037209 0.1608915854 0.1960023021 0.2252584966 0.1779968599 0.2693431348 0.1983145339 0.2770691026 0.1951504583 0.2066718034 0.2366519812 0.2322454244 0.2488799386 0.2276081124 0.2606387538 0.3270597727 0.4414159202 0.5725467475 0.6893048553 0.7984883174 0.9032656779 0.8959607503 0.8448094849 0.7490111588 0.7149983821 0.4491870236 0.4320016456 0.3158232166 0.2415869042 0.2251755384 0.2349280548 0.1940088553 0.2068142470 0.1743033511 0.2460236520 0.2028427783 0.2104199672 0.1840069296 0.2421872216 0.1716886810 0.2364912624 0.1951281462 0.2348093430 0.2030933223 0.2331436668 0.2425908691 0.1768001666 0.1559223510 0.1944070280 0.1792354018 0.1897063268 0.2049412277 0.2694934672 0.3866726383 0.4053850558 0.5881566708 0.7237746836 0.8208808658 0.8772632527 0.9099796640 0.8763607800 0.7772347706 0.6404615451 0.4964027699 0.4110401794 0.2598904572 0.3036521529 0.2736622097 0.2247484718 0.2459673032 0.2342524800 0.2108550761 0.2452037672 0.1855907609 0.2043071653 0.2255620330 0.1880266105 0.2240942986 0.2321777864 0.2243233062 0.2161796075 0.1927854567 0.2091884500 0.1911596732 0.2206366342 0.2773370351 0.2260392937 0.2329694675 0.1934697457 0.2417712398 0.2814738622 0.2673361326 0.4262834362 0.5501802920 0.6358019405 0.7691188906 0.8819189073 0.9414668727 0.9481695158 0.8675344098 0.7474500662 0.5787538307 0.5002694188 0.3749490719 0.2561563215 0.2383186608 0.2028075852 0.2309666529 0.2459604006 0.2401135547 0.2344510046 0.2239321477 0.1666984011 0.2271038939 0.2399342526 0.2174243979
0.1489320429 0.1991127550 0.1724153480 0.1967078320 0.1239709972 0.2178662089 0.1273398859 0.1916086827 0.1625033711 0.1669901140 0.2227616672 0.2379169278 0.1776702627 0.2330429074 0.2733195178 0.4077968377 0.4554453817 0.6292019158 0.7428401826 0.9148961451 0.9217744943 0.8823987541 0.8106987648 0.6814925017 0.5230628797 0.4534060153 0.3974047922 0.2944039873 0.2605660951 0.2150266883 0.2606198973 0.2334257574 0.1870891525 0.1255819044 0.1355678105 0.1783469535 0.1620751776 0.1950537284 0.2108953210 0.2252180900 0.1834039670 0.2182586679 0.2380498926 0.1595371892 0.1748136851 0.1355020697 0.1808101978 0.1820015339 0.2079873483 0.1837159251 0.2394956519 0.2413294532 0.2709816909 0.3192826671 0.4510252005 0.6232961541 0.7137950000 0.9038948640 0.8807448105 0.8706420236 0.8695738291 0.7605286359 0.6280044409 0.4754739849 0.3923782821 0.3227807478 0.2363447001 0.2603450180 0.2159297828 0.2089432766 0.2073381596 0.1984932302 0.1427832083 0.1952776801 0.2034816838 0.1703893640 0.2168385593 0.1909021530 0.1947062875 0.2304026926 0.2141470346 0.1809461794 0.2240231481 0.1854700421 0.1818942620 0.2045639166 0.2351462523 0.1958645905 0.2327259984 0.2299990878 0.2670560132 0.3934693417 0.4308130522 0.5730560410 0.7416427526 0.8215846369 0.8923281489 0.9614540134 0.8516354444 0.7307726117 0.6268591506 0.4832517240 0.4025172905 0.3139470563 0.1946584251 0.2274522032 0.2242890739 0.1952607709 0.1945416562 0.2082534745 0.1870787682 0.1524599941 0.1319157330 0.1919156518 0.2290148934 0.1711014835 0.2281521990 0.2402400825 0.1900184760 0.1955337779 0.2150478351 0.2542816974 0.2614815129 0.2253539554 0.1840450107 0.2474817354 0.2415307425 0.2691752813 0.3159751710 0.3494402612 0.4296902396 0.5827680934 0.6883884287 0.7458316061 0.9306338087 0.9493358699 0.9123456208 0.8017987133 0.6887301760 0.5735226137 0.4065656251 0.3202250750 0.2277940584 0.2514301147 0.1992085594 0.1976057307 0.1879258644 0.2313560738 0.2346684641 0.1891216886 0.2006372904 0.1616292040 0.2151946770 0.2297975609 0.2186823099 0.2875785920 0.1881075426 0.2398167400 0.2037375438 0.2056078366 0.2216483518 0.2760064028 0.2289364181 0.1993736526 0.2580782176 0.2172643376 0.3014661856 0.3563444857 0.4773281457 0.5105049819 0.6669938343 0.7746156798 0.9138243562 0.8964528384 0.8831252603 0.8377112881 0.7055576062 0.5449207882 0.4722213127 0.3573735969 0.2795849569 0.2658736628 0.1838753072 0.2675949995 0.2030978780 0.1724511829 0.1773921802 0.2253619532 0.2102876507 0.2121083813 0.1856920665 0.1836585397
0.2083114879 0.1663001634 0.1838128653 0.1831981610 0.1765068292 0.1642300584 0.1408213669 0.2284062374 0.2289296729 0.1568293416 0.1990574361 0.1831229047 0.2426031090 0.2599062147 0.3705890286 0.4000219492 0.4780797612 0.7092611979 0.7591686620 0.8546240904 0.8946738357 0.9182909554 0.7662363672 0.6574671574 0.5512913185 0.4004060524 0.4203069366 0.3117830923 0.2751594979 0.2233541096 0.2038638112 0.1523982708 0.2148460260 0.1880081211 0.1815067773 0.2265239057 0.2049375383 0.2374692182 0.1383120824 0.2276575556 0.1917108829 0.1260153651 0.1690081245 0.1606698291 0.1638125121 0.1888870703 0.1732686347 0.1704515169 0.2265776990 0.1986235160 0.2515248569 0.2750832047 0.2755050939 0.3525137174 0.4822837931 0.6201247533 0.7579777398 0.8641454447 0.9404542320 0.8899253002 0.8341282719 0.7324794335 0.5778152120 0.4408891145 0.3817946684 0.3491248968 0.2419720176 0.1977441361 0.2002416457 0.2128934278 0.2287556410 0.1808908877 0.1681067999 0.2214602304 0.1870755788 0.2529976450 0.2474795541 0.2157001982 0.2150479844 0.1950459611 0.2327061810 0.1883635055 0.1681725479 0.2036768887 0.1774439694 0.1822302511 0.1922938130 0.1946617801 0.2074851168 0.2914290353 0.3013836671 0.4185090850 0.4881460660 0.6075780456 0.7039391995 0.8237922015 0.9274188517 0.9464178821 0.8958708626 0.8049959390 0.6645688393 0.5308718484 0.3700969913 0.2927140474 0.2520206347 0.2138372024 0.2748667930 0.2250184396 0.2132939137 0.1885684464 0.2176529283 0.2474074929 0.2180216846 0.1905470930 0.2009009478 0.1817152956 0.1833097338 0.2017378122 0.2131305322 0.1738511974 0.1904679336 0.1962126754 0.2013002333 0.2633696817 0.2193847737 0.2347203165 0.2766907424 0.2626477323 0.3107020311 0.2881264856 0.4466690014 0.5728248160 0.6482287250 0.7981792536 0.8667411025 0.9356075562 0.8920554947 0.7917690701 0.7257228534 0.5222135845 0.4001043504 0.3726632103 0.2814144972 0.2755745366 0.1964966390 0.1937881903 0.1932235148 0.2046050709 0.2112829558 0.1900768144 0.1811469448 0.2697355107 0.2239923353 0.1823863364 0.1978362821 0.1995688597 0.2219378527 0.1954696559 0.2349974820 0.2368041873 0.2064474881 0.2409567051 0.2115453910 0.2450357679 0.1853487281 0.2218497920 0.2156971820 0.3876668362 0.4174780667 0.5090453917 0.6336790456 0.8233138065 0.9359795153 0.9203749485 0.8811653674 0.8886274843 0.7096684619 0.6071230593 0.4368940883 0.3733892629 0.2880873228 0.2953195083 0.2567884234 0.2123058010 0.2240844327 0.1647914943 0.2101225870 0.2152334143 0.1999125801 0.2161108515 0.1991150693 0.1820605941
0.1826323121 0.1747163361 0.2215001802 0.2233739814 0.2182072915 0.1907571722 0.2419402215 0.1982068503 0.1528595047 0.1529795599 0.2288414281 0.1727284122 0.2445433740 0.2181087572 0.3440615493 0.3315609515 0.4943340285 0.7197950455 0.8205343604 0.8938372759 0.9553410935 0.8686073700 0.8130845304 0.6800477737 0.5574853857 0.4544864382 0.3593753930 0.2773224619 0.2035266875 0.2739371463 0.2661779982 0.1779816923 0.1881221148 0.2494978814 0.1879962453 0.1886356032 0.1953947776 0.2332954688 0.1813155083 0.1960521784 0.2610427492 0.2109946784 0.2327770157 0.1887948919 0.1841402989 0.2182203335 0.1721124288 0.1992968061 0.2295590556 0.2375866515 0.2084053343 0.2557659791 0.2823356555 0.4050432731 0.4915018567 0.6191153903 0.7314873801 0.8288482906 0.8806280013 0.9269853129 0.8727652247 0.7460193407 0.5698371098 0.4528264467 0.3395681539 0.3066594415 0.2619658616 0.2202441383 0.2142275902 0.2010367316 0.2244236985 0.1743135868 0.1443161753 0.1681500547 0.1994081718 0.2274499532 0.2425000080 0.1596583726 0.1954819703 0.2205015730 0.1875708643 0.1524289922 0.2084909233 0.2152650268 0.2106446501 0.1565577107 0.1900297876 0.2339159851 0.2283665296 0.1816121248 0.3541393880 0.3915053924 0.4673509149 0.6148724560 0.7366634499 0.8372352023 0.8871626264 0.9130643889 0.8067976454 0.7753904761 0.6490788589 0.4096489401 0.4186243615 0.2767745269 0.2428098098 0.2354359148 0.2382713647 0.2275903052 0.2467013059 0.2257732166 0.2047712863 0.2366600046 0.2180083866 0.2204573467 0.2220334531 0.2013727308 0.2235735472 0.1706418713 0.2278389940 0.1187496203 0.1764918771 0.2273006883 0.2483760601 0.2028783948 0.1452488916 0.1668142344 0.2376199263 0.2523426065 0.2811831582 0.3700380637 0.4080753372 0.5856598623 0.7023790671 0.8436145218 0.9336256755 0.9212736637 0.9000988133 0.7997769440 0.7011281402 0.5161257732 0.4411767359 0.3202137299 0.3164834171 0.2147409109 0.2897626461 0.2095486503 0.2067842560 0.2013604642 0.2243845725 0.1805043469 0.2229823607 0.2084645151 0.2028467302 0.2069439008 0.1980347635 0.2557786858 0.1956222775 0.2157934585 0.2441585680 0.1595816649 0.2059202518 0.2014306235 0.2274055247 0.2175995590 0.1727116028 0.2674768660 0.2498905333 0.3104900631 0.4537111408 0.5203955650 0.6726682747 0.7985384136 0.8797194507 0.9285923683 0.9071592608 0.8360669385 0.7152896835 0.5480081015 0.4042604759 0.3474610699 0.2993126758 0.2599096942 0.2485767109 0.2352288420 0.2573198606 0.1875786194 0.1758335337 0.1976780719 0.1704177158 0.2020117286 0.2778844961 0.2215038730
0.2235543446 0.1673909458 0.1324713684 0.1821918609 0.1976800161 0.2091994693 0.1762587282 0.2152724719 0.2113557926 0.2254151237 0.2038672539 0.2285880500 0.3071209999 0.2437062247 0.3061466809 0.4354318892 0.4625219215 0.6386721797 0.8088650555 0.8592808812 0.9041393105 0.8938682491 0.7919881140 0.6807106664 0.5542109182 0.4515746885 0.3293053437 0.2851007356 0.2605500184 0.2132032804 0.1954665154 0.2328490470 0.1771307807 0.2203197906 0.1466016869 0.2289726444 0.1973917765 0.1782729216 0.2266932066 0.1985418448 0.1817584256 0.2071285973 0.2439408655 0.1921666117 0.1844528618 0.1708331919 0.1648747037 0.1660303103 0.2259090851 0.2437120167 0.2247106253 0.2954785083 0.3054440813 0.3797995107 0.4628832368 0.6748499852 0.7827795254 0.8656710174 0.8587280486 0.9533330504 0.7966785398 0.7108123859 0.6278199812 0.4462117965 0.3575596700 0.3335683311 0.3018652541 0.2468643022 0.2227638518 0.1627978521 0.2211511027 0.2124296536 0.1423707096 0.1896839928 0.2666146706 0.2093365012 0.2237071963 0.1575356718 0.2624587917 0.1898339976 0.1502885383 0.2110866726 0.2361732714 0.2202245799 0.1843780246 0.1986175016 0.2212189627 0.2524108544 0.2284919549 0.2739706149 0.2657648881 0.3615786166 0.4614865969 0.6778459873 0.7316032567 0.8797191165 0.9218103964 0.9139739192 0.8680312329 0.7496333374 0.6396288990 0.5288174993 0.4006607391 0.3274185420 0.2850881583 0.2809189665 0.2413174798 0.1675375819 0.2666587332 0.2670015073 0.2582432804 0.2451026919 0.2315449345 0.2013808615 0.2458716453 0.2425389826 0.2116493314 0.1978699586 0.1976084361 0.1452908816 0.1727287993 0.2020937459 0.1735879474 0.1985007284 0.2198445327 0.2415330149 0.2060520793 0.2746444923 0.2983530616 0.3533533861 0.4868052088 0.6041561992 0.7973084766 0.8443530882 0.8783472774 0.9663973096 0.9018583041 0.7791763069 0.6804062965 0.4992581541 0.4674468988 0.3623429979 0.3157267889 0.2343205611 0.2485945236 0.2284266499 0.2509822626 0.2096907145 0.2548865923 0.2142999228 0.2252724889 0.2020561735 0.2646586608 0.2202024131 0.2216094597 0.2228006512 0.2028654512 0.1980244070 0.2159668443 0.1948152166 0.2213707621 0.2220696474 0.2365646952 0.1918832881 0.2449954927 0.2206164837 0.2773890637 0.3064554594 0.4484575191 0.5829005839 0.6587889471 0.8170496575 0.9278449222 0.9487270510 0.9372787293 0.8101977992 0.7161984423 0.6323119544 0.4139889411 0.3571113300 0.3135685086 0.2836864536 0.2253044053 0.1810667500 0.2236462392 0.2069901292 0.2164793069 0.2312402870 0.2087076140 0.2230395235 0.2184904261 0.2435424960
0.2433229305 0.2175524087 0.1759776608 0.2038003620 0.1694989015 0.2089155919 0.2325812840 0.2141124509 0.2466950890 0.2173503063 0.2417990643 0.1930548638 0.2525543421 0.3121503379 0.3519350067 0.3942679854 0.5024135124 0.6843544572 0.8309800353 0.8444072631 0.9076792887 0.8698771423 0.8612593997 0.6415839244 0.5316740957 0.4578360992 0.3275740928 0.2850465341 0.2332871245 0.2410514263 0.2362717890 0.1922401463 0.2173375798 0.2054762775 0.1948739371 0.2404660869 0.1887469561 0.2013868349 0.2091647574 0.1515309693 0.1782124484 0.2169968723 0.2299097428 0.2124570067 0.2079776657 0.2264525765 0.2368211588 0.2222715428 0.1876013413 0.2482589695 0.2249406472 0.2745024642 0.2737652701 0.3988230082 0.5372325786 0.6464023471 0.8197548435 0.8881077128 0.9030873789 0.9076395323 0.8318446856 0.6856652154 0.6326538387 0.4842448418 0.3571668530 0.2812077391 0.2471667143 0.2209725827 0.2142905494 0.2253783737 0.1855465199 0.1405296481 0.2379337052 0.2124802120 0.2057894746 0.2145318888 0.1929261131 0.2168371085 0.1988798718 0.2156234514 0.1652875815 0.2439620075 0.1977178308 0.2006185095 0.1824716379 0.2362376226 0.1894063445 0.2128174077 0.1924539976 0.2738210335 0.2852764553 0.3790122959 0.4856635066 0.6165777669 0.7689074004 0.8910630859 0.8965559253 0.9481297000 0.8423108420 0.7428327433 0.6507536174 0.4630425778 0.3721697389 0.3687128682 0.2526096396 0.2404701820 0.1661402563 0.2134276435 0.2138938145 0.2562217287 0.2339890053 0.1926423827 0.2409238758 0.1802099541 0.2058193469 0.2607969176 0.1686946130 0.2203930872 0.2211917472 0.2109055476 0.2571211913 0.2067162106 0.2089154074 0.2139605908 0.2137651093 0.2872260155 0.2324617692 0.3031655697 0.3224661538 0.3495146247 0.4213454110 0.5646796721 0.7440706733 0.8582324952 0.8972184419 0.9031433203 0.8675648920 0.7747732889 0.6380855051 0.5099401326 0.4436473986 0.3686287618 0.2803043170 0.2286654999 0.2728638728 0.2407660845 0.1979588133 0.2097557293 0.2383370097 0.2142784722 0.2444929121 0.2056133477 0.1841190432 0.2444405564 0.2404947394 0.2581023831 0.2589485805 0.2134071738 0.1892715472 0.2093549804 0.1889336919 0.1901491561 0.2232378490 0.2474291040 0.2408228383 0.2765419739 0.3046842852 0.3610021374 0.4833093932 0.5651073242 0.7070418455 0.8550651669 0.9058281352 0.9736392105 0.8980929240 0.8602881507 0.6859729394 0.5291234146 0.4353711622 0.3549762573 0.3075667037 0.2394980176 0.1953362625 0.2491003186 0.2599971948 0.2085416109 0.2485724278 0.2513440899 0.2348342716 0.1867249982 0.1977151869 0.3017235698
0.2172418073 0.1933738758 0.2627038218 0.2620638536 0.2325027950 0.2142285789 0.2107904519 0.2071378224 0.2409315506 0.1824278360 0.2433005266 0.1996404601 0.2250159551 0.3115034147 0.3444770289 0.4863414927 0.5245277397 0.6868356209 0.8615277028 0.9028057381 0.8796358371 0.8557341914 0.7576990031 0.7021196115 0.5302922518 0.4672706447 0.3644834512 0.3240434549 0.2660483123 0.1955967236 0.1982374091 0.2171191645 0.2171015802 0.2520279746 0.1863608001 0.2004075587 0.2031042737 0.1793240497 0.2186430516 0.1886752780 0.1869879908 0.2579839343 0.1887043894 0.2254093605 0.1979884227 0.2197883151 0.1953129177 0.2257889582 0.2927508171 0.2464538231 0.2712272594 0.3143176023 0.2920624827 0.4765371309 0.4965803183 0.6897276906 0.8328245327 0.9146346486 0.9200274914 0.9039239215 0.8054682935 0.7299648136 0.5958436871 0.4252908999 0.4184512134 0.2961190045 0.2813843460 0.2309766985 0.2191445512 0.2135886465 0.1705800923 0.2365359808 0.2086640926 0.1783505972 0.2312853462 0.1651082691 0.1675718243 0.2728950620 0.2031006878 0.2598777489 0.2031104118 0.2053768882 0.2261377534 0.2197481534 0.2483152505 0.2686799151 0.2478712052 0.2645564163 0.2659992272 0.2888036369 0.3424332424 0.4070240034 0.5061280162 0.6813844808 0.7956524419 0.8672139906 0.9550759959 0.9179997981 0.9067587748 0.7234742603 0.6174349501 0.5345607798 0.3597826237 0.3345789601 0.2372407962 0.2316614084 0.2657737142 0.2132242213 0.2345618940 0.2644947282 0.2131796908 0.2102852228 0.2574211280 0.2237414993 0.2166967017 0.2687280343 0.2209594310 0.1731430945 0.2789676029 0.2630318635 0.2465852589 0.2507889657 0.2303351836 0.2541729440 0.2008566224 0.2088748925 0.2879414406 0.2741815769 0.3257714229 0.4007216871 0.5303478715 0.6336613974 0.7386081846 0.8690682795 0.8951531121 0.9197346483 0.8736635538 0.8160598163 0.6380501756 0.5207512602 0.4398573099 0.3399226605 0.2876739308 0.2430569427 0.3076763261 0.2308838061 0.2686950739 0.2232997034 0.2070045044 0.1839592961 0.2071086301 0.2123348738 0.2403211200 0.2435845190 0.2310260429 0.2091795813 0.1759374592 0.2123480713 0.2078637722 0.2653515514 0.2204920463 0.2464931522 0.2169345936 0.2181070252 0.2702958614 0.2805337735 0.3532038413 0.3936039330 0.4698864910 0.5882351628 0.7161194202 0.8684437020 0.9535286574 0.9126888513 0.9157445043 0.8711328292 0.7221662386 0.5626339125 0.4480451417 0.3765597279 0.3227217178 0.2903104355 0.2695887968 0.2014465294 0.2330841841 0.2277985402 0.2408927132 0.2481091837 0.2518770674 0.2024398968 0.1882189422 0.2269517989
0.2135536831 0.2192771934 0.1784013666 0.2273279913 0.1584128719 0.2672849489 0.2457637972 0.2292038666 0.2196111507 0.2248688082 0.1985612173 0.2651521291 0.2718910424 0.2891725561 0.3467718180 0.4846146791 0.6097377250 0.7189568792 0.8493037738 0.9643041766 0.9383065089 0.8863751367 0.7612379968 0.7121295855 0.5802852480 0.4687414721 0.3417299774 0.3072574248 0.2641076849 0.2005152774 0.2051391992 0.2365402380 0.2283244742 0.2206714751 0.2282297984 0.2158383304 0.2410516080 0.1792353283 0.2118009764 0.2305474189 0.2455707931 0.2583344199 0.1700889679 0.2262633223 0.2063298800 0.2148795233 0.2200103009 0.2059900670 0.1953206357 0.2391160168 0.2283794858 0.3076560900 0.3467000093 0.4170313876 0.5564569550 0.6682845212 0.8002511510 0.8535874365 0.8990467794 0.8822024970 0.8513573137 0.6870255940 0.6156235719 0.4832890697 0.3718558049 0.2943336547 0.2992417390 0.2625840330 0.2409640724 0.1911990891 0.2064003008 0.2078055324 0.1891500846 0.1887613224 0.2016949794 0.2467348709 0.2059508225 0.2050052871 0.2308518968 0.1606022002 0.1782736454 0.2356666208 0.2716142850 0.2388498866 0.2259595475 0.2293930532 0.2454134494 0.2805697733 0.2265544695 0.2962660056 0.3372671110 0.4422887442 0.5581764378 0.6468407008 0.7622439104 0.8520715163 0.9424629949 0.8737999176 0.8793921635 0.7447215957 0.6395238789 0.4837411994 0.3895138317 0.3558120777 0.3118757874 0.2678589999 0.2277032654 0.2637232970 0.2748554604 0.2244015270 0.2623453345 0.2228793120 0.1709247908 0.2559306526 0.2840417174 0.3179467166 0.2482118407 0.2668923803 0.2458176241 0.2895960767 0.2509246068 0.2850233261 0.2443116858 0.2287184911 0.2370298755 0.2105505780 0.2505851821 0.2678871369 0.3052753034 0.3747963886 0.4899550365 0.6127034961 0.7233102402 0.9080071606 0.9427504576 0.9922659314 0.8920038374 0.7545606238 0.6684589998 0.4958677324 0.3985049477 0.3472262074 0.2771165092 0.2630134507 0.2307590827 0.2565597500 0.2736090458 0.2716781594 0.2629746174 0.2231074593 0.2069155176 0.2206374792 0.2512467622 0.2526398090 0.2143471268 0.2147474038 0.2762097811 0.2324319471 0.2178716448 0.2124667137 0.2624548177 0.2054167439 0.2433873549 0.2733212737 0.2624479832 0.2655332242 0.3289854541 0.3675175863 0.4261057933 0.6521170615 0.7010214209 0.8729158387 0.9285594224 0.9985206556 0.9403812641 0.8192781998 0.6891489915 0.5440872160 0.4510142000 0.3199478761 0.3310351902 0.2347052743 0.3184264005 0.2252529039 0.1815366421 0.1928338186 0.2363397425 0.2216510993 0.2355122847 0.2271757596 0.2384145049 0.2310670485
0.1877722339 0.2262962334 0.2205293440 0.2366614526 0.2424076718 0.2156054644 0.2407948764 0.2308398765 0.1761518769 0.1735269767 0.2340234256 0.2452139393 0.2933227271 0.2828637243 0.3359620540 0.4378872357 0.5555485810 0.7002123961 0.8553495240 0.9094423891 0.9159098684 0.8873693523 0.7870232847 0.7159455575 0.5718469896 0.4568356927 0.3474680298 0.2821462626 0.2774345873 0.2935422125 0.1651547042 0.1886053386 0.2132701064 0.2583548678 0.2020594033 0.2151561514 0.2216374947 0.1912970509 0.2480829327 0.2084051672 0.2305037292 0.2037256610 0.2258392204 0.2448019999 0.2210414958 0.2051824406 0.1705449716 0.2215764597 0.1856358441 0.2456007944 0.2817284009 0.3489804745 0.4187131861 0.4631213803 0.6239339450 0.6820044498 0.8206250403 0.8904974879 0.9355595881 0.8854467931 0.8073855313 0.6954344143 0.6294759155 0.5342362819 0.4110971530 0.3059106103 0.2530071473 0.2094257739 0.2268935560 0.3013475999 0.2715453284 0.2062712454 0.2112658185 0.2102902225 0.2111551043 0.2356123568 0.2138795908 0.2284040988 0.2088090171 0.2426490479 0.2173560995 0.2159462276 0.2280835898 0.2427554927 0.1978364743 0.2015133154 0.2375350917 0.2985285533 0.3367074314 0.3005229335 0.3320290878 0.3741135759 0.5959975067 0.6723766912 0.8093180110 0.9076824749 0.8944143516 0.8979372894 0.9123497066 0.7894948275 0.6059501961 0.5547135975 0.3860000689 0.3445208006 0.2593231193 0.2871577212 0.2273076888 0.1779387878 0.2263552852 0.2570882528 0.2438988395 0.2436073947 0.2519207869 0.1960776295 0.1898309618 0.2244269412 0.2284766584 0.2006490099 0.2343765634 0.2455744294 0.2164553317 0.2417319026 0.2389421420 0.2492429138 0.2485554024 0.2242424144 0.2319003723 0.2820778257 0.3224396781 0.4170249591 0.5036461777 0.6907053532 0.7716868232 0.9038754099 0.9588346272 0.9419186417 0.8954566788 0.7127383620 0.6895932076 0.5753665133 0.4607322559 0.3331165040 0.2878392480 0.2844621284 0.3016221986 0.2191318600 0.2273144885 0.2642139083 0.2020931560 0.2642551671 0.2544085675 0.2554702164 0.2040744993 0.2985292971 0.2568653327 0.2422539292 0.2084426517 0.2184420234 0.2095181966 0.2079768655 0.2775572152 0.2942654886 0.2361757256 0.1873796623 0.2474685275 0.2470531954 0.2939333396 0.3963723348 0.4530734993 0.5679390333 0.7586928601 0.8241193243 0.9033712656 0.9674492616 0.9159509356 0.7739788302 0.6599651268 0.5351009507 0.4219438191 0.3754995152 0.3375385190 0.3069842489 0.2274790058 0.2512174797 0.2841389895 0.2233271655 0.2013791746 0.1997610005 0.2209578722 0.2875988249 0.2235597802 0.2386211741
0.2423518686 0.2048181942 0.2046229767 0.2601660134 0.1135105691 0.2663327599 0.2215600045 0.2416375474 0.2380785043 0.2622028509 0.1497825179 0.2330706298 0.2921379140 0.3312811268 0.3851509063 0.5056354401 0.5749973032 0.7213817331 0.8713357603 0.8793806206 0.9336876908 0.9395676446 0.8150201951 0.6837615433 0.5836799781 0.4693185602 0.3271036175 0.2705805476 0.2607552868 0.2024317014 0.2036939415 0.2248539474 0.2626716215 0.1971167252 0.2508469577 0.2132686190 0.2443690911 0.2316737028 0.2056961191 0.2504779319 0.2465517972 0.2829596197 0.1660268216 0.2285557929 0.2163118600 0.2086926694 0.2390392751 0.2590035158 0.2459620569 0.2948855741 0.2607045390 0.2841990471 0.3671256933 0.5277831845 0.5491225130 0.7525804263 0.7896788327 0.8868731108 0.9293559213 0.9161003214 0.8682572022 0.7143735428 0.5883816649 0.4733561305 0.3894712187 0.3033234581 0.2376765379 0.2587690202 0.2554058798 0.2285444782 0.2542348278 0.2063076476 0.2398013150 0.2249620485 0.2570274797 0.2436496254 0.2359469903 0.2901463900 0.2897300676 0.2296582108 0.2410919094 0.2723002378 0.2295464536 0.2064202376 0.2021574607 0.2326327230 0.2332691731 0.2325803624 0.2635646051 0.3505097744 0.3511534215 0.4591903418 0.5376282911 0.7063952420 0.8340663228 0.8997162611 0.9834177519 0.9679855562 0.8656582959 0.7312868011 0.5721097969 0.4829437830 0.3729267638 0.3649468271 0.2759359152 0.2379656137 0.2085609878 0.2599120564 0.2518209992 0.2616912238 0.2326907471 0.2437010259 0.2395327464 0.2792938659 0.2371156001 0.2171281354 0.2645827286 0.2545605161 0.2000908325 0.2495310359 0.2420695304 0.2262515369 0.2144197238 0.2620400518 0.2634979217 0.2152404307 0.2671492469 0.2682160336 0.3801192188 0.4038761491 0.5182252058 0.6012361231 0.7704495242 0.8981894432 0.9895592607 0.9440719191 0.8270178172 0.7988966253 0.6571164394 0.5224485877 0.4277721678 0.2997685125 0.3225125036 0.3396449125 0.2286415101 0.2530544834 0.1994040469 0.2548203714 0.2343709930 0.2431629531 0.2731647580 0.2396400015 0.2448079267 0.2398561860 0.2461828361 0.2529078062 0.1994636228 0.2308241568 0.2240009316 0.2034747387 0.2788340312 0.2068582699 0.2292273831 0.2503119021 0.2538391045 0.2986287223 0.3015350734 0.3547938396 0.5258457793 0.6749353690 0.7452873279 0.8971475153 0.9327920116 0.9877731829 0.9105991656 0.8290731027 0.6883431654 0.5728118731 0.4665676147 0.3721253111 0.3021550913 0.2458430630 0.2736460804 0.2470724061 0.2391165344 0.2761136453 0.2338201928 0.2415550470 0.2417955412 0.2322087066 0.2907939074 0.1844143519
0.1898801769 0.2349835223 0.2461886000 0.2326642354 0.2245892672 0.2497509065 0.1788169742 0.2737915869 0.2134464408 0.2766655097 0.2088722034 0.1981508597 0.2844262188 0.3443718328 0.3589829487 0.5175373597 0.5947453258 0.7846278626 0.8719548843 0.9123924351 0.9855348703 0.9009399845 0.7921800814 0.6975639567 0.5082853082 0.4350458196 0.3766132678 0.2851483364 0.2220735316 0.2770288353 0.1891723402 0.2097810714 0.2545631302 0.2569430592 0.2023785319 0.2138329674 0.2468283583 0.2170946992 0.2563443449 0.1868818874 0.2237104813 0.2372096474 0.2053849158 0.2401006411 0.2827559284 0.2245269834 0.2476604348 0.2005417719 0.2616336889 0.1861963112 0.2906596458 0.3361107510 0.4022778592 0.4656379799 0.6350897211 0.6598172917 0.8250224686 0.9002499465 0.9308960036 0.8884298231 0.8251598779 0.7119985047 0.6414058655 0.4205376522 0.3806214425 0.3005001603 0.2743592244 0.2585503044 0.1925719402 0.2435797964 0.2079931746 0.2468423740 0.2365423053 0.2244860255 0.2379873239 0.2013171633 0.2479563707 0.1966709746 0.2359687577 0.2155298232 0.2742819194 0.1849868803 0.2678316998 0.2110302385 0.2479824916 0.2341551331 0.2229518318 0.2460677044 0.2765303034 0.3004933412 0.3505202015 0.4126019300 0.5794011245 0.6944850178 0.8487786309 0.9902969505 1.0000000000 0.9356801575 0.8965304481 0.7666255835 0.5849263293 0.4780494102 0.3766040930 0.2943353056 0.2922697717 0.2448262646 0.2248526512 0.2250906529 0.2081550219 0.2442520531 0.2081117708 0.2160597499 0.2369582306 0.1987373192 0.2498662959 0.2174850427 0.2878943683 0.3260100768 0.2877008933 0.2358526893 0.2957080767 0.2829006308 0.2438572532 0.2808783375 0.2254342487 0.2021783022 0.2210766479 0.3350086811 0.3334842316 0.4280860639 0.5489968942 0.7032204177 0.7578739108 0.9282762424 0.9746980711 0.9632758933 0.9134050468 0.7225485084 0.6741993141 0.5026078120 0.4253005061 0.3356840125 0.2881015841 0.2486183026 0.2655889078 0.2450252153 0.2689328936 0.2445637762 0.2267592124 0.2208804157 0.2409722800 0.2725886615 0.2856101883 0.2778732817 0.2345819175 0.2383804318 0.2400063423 0.2461609112 0.2582471888 0.2339152585 0.2169114277 0.2538335959 0.2795373140 0.2659046547 0.2937681025 0.2575406220 0.2944924448 0.4322455034 0.5015732320 0.6339592763 0.7298552384 0.8725157446 0.9455832110 0.9644012468 0.9019987077 0.8092061853 0.6440087731 0.5089604265 0.3908944592 0.3438006042 0.2728165162 0.2705102927 0.2399915967 0.2720539662 0.2511445810 0.2983070157 0.2056731369 0.2775157431 0.2593028502 0.2714972134 0.2802558400 0.2718443352
0.2207461304 0.2213251176 0.1667141719 0.2108935351 0.2444716963 0.1613563613 0.2694760567 0.1962646530 0.2056853250 0.2226197844 0.2225636610 0.1977419571 0.2747460740 0.3538381636 0.4050444304 0.4982418668 0.5771563904 0.7782055527 0.8826636577 0.9520365101 0.9023416254 0.9291539474 0.7216605859 0.6541712027 0.4823681795 0.4623295206 0.3707497237 0.3132275786 0.2684566266 0.2414283087 0.2563481756 0.2026135183 0.2480462670 0.2303240614 0.2501383011 0.1863824027 0.2486273604 0.2715835655 0.2444366842 0.2649245245 0.2289270377 0.1794609153 0.2627509994 0.2132431227 0.2362410771 0.2240318501 0.2457429210 0.2426769982 0.2417724038 0.2397223275 0.3248415861 0.2714908907 0.3733010775 0.4499236375 0.5908468553 0.7631045912 0.8306469387 0.9093106418 0.9879894655 0.9189058779 0.8150608421 0.7010716318 0.6124221336 0.4670032763 0.3557322618 0.3194912038 0.2598262984 0.2557528550 0.2239688946 0.2301812710 0.1911734745 0.2042430609 0.2065018398 0.2902148053 0.2260030844 0.2179541616 0.2188796738 0.2507873266 0.2510309254 0.2113812128 0.2443125990 0.2197652697 0.2832684117 0.2534983569 0.2540589791 0.2766756037 0.2287488902 0.2402585238 0.2556466151 0.3410643705 0.3839859460 0.4644487144 0.5590878133 0.7565702970 0.8362720507 0.9024152661 0.9849232955 0.9793468708 0.8393761799 0.7257070387 0.6015223235 0.4966564967 0.3757225902 0.3125707448 0.2887658074 0.2413209787 0.2211651373 0.2063311726 0.2306628060 0.2429416696 0.2739555969 0.2153101815 0.2092941572 0.2325357138 0.2833027749 0.2443738107 0.2235478148 0.2366181531 0.2632692896 0.2670683916 0.2339052866 0.2127230532 0.2566650094 0.2802399741 0.2404308676 0.2366901037 0.2771006808 0.3737395224 0.3626312401 0.4670065212 0.5252421473 0.7091890351 0.7819507501 0.9206745193 0.9589967680 0.9437188138 0.8779267477 0.7843359987 0.6324705991 0.4807111416 0.4169662105 0.3898897804 0.3096976152 0.2687637785 0.2819233423 0.2230250615 0.2314949004 0.2655422481 0.2623892665 0.2211450939 0.2637754628 0.2338483146 0.2320504010 0.2623919015 0.2687969834 0.2281529494 0.2230874648 0.1974665881 0.2585998283 0.2570117251 0.2090746511 0.2639787229 0.2105098091 0.3225416260 0.2413686751 0.2457924733 0.3827386450 0.3728095608 0.4891208697 0.6302542906 0.8159381786 0.9006037956 0.9986643127 0.9521854460 0.9088514291 0.8105419930 0.6646850614 0.5295967604 0.4487349209 0.3257562621 0.2944202199 0.2085140666 0.2299595477 0.2295691372 0.2229388936 0.2698972555 0.2636783324 0.2048299789 0.2674010742 0.2419898127 0.2041268465 0.2972436291
0.2162002145 0.1979673297 0.1929663153 0.2132090965 0.2441315173 0.1980133547 0.2156658085 0.2320554018 0.1412981159 0.1974955827 0.2538092712 0.2520533916 0.2531558460 0.3727059708 0.3997806424 0.4897485470 0.6305743871 0.8177354561 0.8473440688 0.9580301476 0.9006616484 0.8338495902 0.7879416791 0.6691912819 0.5438674070 0.3853560080 0.3120641693 0.2741945260 0.2687089029 0.2375673734 0.2243574861 0.2140040422 0.1919586173 0.1774098203 0.2218702891 0.2532306003 0.2084965109 0.1322839559 0.2153918659 0.2121751997 0.2467153970 0.2028627500 0.1932743785 0.2523017712 0.2241798943 0.2432476778 0.1750341954 0.1772297998 0.2444982080 0.2816309020 0.3058533167 0.2878884987 0.3943672097 0.5647988405 0.5949827641 0.6937510982 0.8314217209 0.9489296655 0.9484163485 0.8458807467 0.8066584324 0.6949055481 0.5397205328 0.4509713693 0.3881423122 0.2906562031 0.3156905247 0.2500997692 0.2243154556 0.2554061903 0.2119615187 0.2286123692 0.2252276447 0.2434248032 0.2493956973 0.2307147294 0.2279124366 0.2471058873 0.2285158987 0.2489707579 0.2214671651 0.2309508150 0.2292679962 0.2315445316 0.2514325958 0.2409443246 0.2570842049 0.1967292746 0.3144037122 0.3118235331 0.3748247471 0.4216902457 0.5522150310 0.6728757714 0.8180885313 0.8859654636 0.8527809163 0.9069058518 0.8309245602 0.7226889046 0.5599050643 0.4355206662 0.3918186063 0.2985382616 0.2645888368 0.2284686303 0.2281287986 0.2527648336 0.2319870497 0.2905787576 0.2633381465 0.2396574147 0.2795537012 0.2174801607 0.1812480489 0.2277240484 0.2143119912 0.2011830318 0.2120380471 0.2151549190 0.2280248510 0.2224700417 0.2541656933 0.3199202118 0.2082261400 0.2702343030 0.2210682297 0.2427832135 0.3886611390 0.4293883819 0.5827977247 0.6191019352 0.8224181713 0.9078538858 0.9696647829 0.9571650221 0.8816790945 0.7281665195 0.6576291777 0.5158011223 0.3813130309 0.3627418111 0.2833841057 0.2300016407 0.2723537605 0.2150434929 0.2551891737 0.2449350532 0.2487397181 0.2738729218 0.2715825663 0.2176240175 0.2459920893 0.2303662553 0.2080666981 0.2419363092 0.2747152820 0.2554919596 0.2970708227 0.2547929723 0.2591052693 0.2130207529 0.2105053483 0.2652843953 0.2462384736 0.3221970221 0.4112403075 0.4306931241 0.5681894744 0.6045001684 0.7856908395 0.9133487417 0.9174952249 0.9513148223 0.8369600503 0.8166486243 0.6391444621 0.5282088707 0.3864122503 0.3160374288 0.3128100476 0.2868805455 0.2840411758 0.2501991362 0.1897987740 0.3026504676 0.2966447191 0.2307885702 0.2937029413 0.2721772255 0.2071504038 0.1922169488
0.1861524762 0.1653506110 0.1666715465 0.2321760045 0.2199079186 0.1960481637 0.2254233449 0.1894084698 0.2038139892 0.2761761507 0.1864921317 0.2553484501 0.2839706524 0.3108600965 0.4066574429 0.4494265865 0.6384038396 0.7871795336 0.8793579682 0.8971828340 0.9385645994 0.8559273621 0.7306634725 0.5543476726 0.4932865781 0.4006363049 0.2853896586 0.2690080015 0.2321161365 0.2421916435 0.2487178897 0.1672753541 0.2224388059 0.2218572349 0.2496035767 0.2374590354 0.2192859765 0.2313256385 0.2229992518 0.2418878666 0.2334220822 0.2097489622 0.2185432837 0.2359211931 0.2211599612 0.2131354523 0.2389490240 0.2147533014 0.2283593127 0.1996949548 0.2482433797 0.3150382804 0.4011719658 0.4837471680 0.5680127826 0.7300858179 0.8212133587 0.8967449597 0.9696149819 0.8609172895 0.7324129463 0.6657771019 0.5425624010 0.4439053732 0.3128327328 0.2364145230 0.2261074889 0.1744159494 0.2392971774 0.2253138215 0.2898142753 0.2589524565 0.2322761508 0.2343705901 0.2270507538 0.2280887205 0.2574424162 0.2464408015 0.2395132488 0.2186857193 0.2488042310 0.2092315984 0.2522537851 0.2316718163 0.1913477562 0.2488020940 0.2189278490 0.2717265687 0.2472955246 0.2652398176 0.3493849277 0.4145621645 0.6145492921 0.7509872564 0.8340044675 0.8782107650 0.9793262831 0.9571260453 0.8194546734 0.6960895148 0.5698138872 0.4892450579 0.3303354567 0.2874497818 0.2849972287 0.2285451427 0.2222123194 0.2343895760 0.2317921500 0.2058359666 0.1541936846 0.2384087074 0.2239889055 0.2677604001 0.1618021319 0.2576653756 0.2479511015 0.2020024901 0.2307581649 0.2271924711 0.2072158728 0.2144136171 0.2009768606 0.2592100307 0.2242677965 0.2162996050 0.2725232396 0.3017092478 0.3729404145 0.4950696255 0.5692043803 0.6716756000 0.7799784240 0.8635472453 0.9567300122 0.8956317665 0.8718967206 0.7202201144 0.5688258859 0.4196548877 0.3386704781 0.3525847124 0.2948835424 0.2582551428 0.2355862694 0.2177343626 0.1852913076 0.2680628371 0.1698559238 0.2715927313 0.3186028486 0.2270765252 0.3132347953 0.2103510302 0.2101704319 0.2356699959 0.2403423597 0.2679283816 0.2287872736 0.2021621796 0.2200167931 0.2706179567 0.2714474048 0.2794703286 0.2816986802 0.3084815793 0.3733549690 0.4017278248 0.5142958365 0.6584539911 0.7133244851 0.8795888252 0.9960485855 0.9627721200 0.7853533972 0.8089365416 0.6015964478 0.5621073432 0.4575554159 0.3296362428 0.3005159310 0.2449975873 0.2518234569 0.2097599093 0.2349090745 0.2303231780 0.2394635025 0.2892061886 0.2518641154 0.2189344593 0.2057144316 0.1798589364
0.2668164966 0.2032260163 0.2369146983 0.2105945845 0.1900274556 0.2384338793 0.2232718297 0.1993809518 0.1919852760 0.2361016837 0.2489735224 0.2701017221 0.3005968555 0.2965257305 0.3342762389 0.5190664404 0.5899872791 0.7475321354 0.8707658761 0.9349979894 0.9600150076 0.8169567224 0.7778859519 0.6472224675 0.4914391565 0.3641867892 0.3491726951 0.1926256176 0.2589105468 0.1874814745 0.2174086366 0.2274389410 0.1773616686 0.2036050051 0.2203660595 0.1586283996 0.2714865295 0.2522484947 0.1754183897 0.2370934040 0.1754734698 0.2104301867 0.1970096599 0.2113866595 0.2182394993 0.2329417107 0.1969545751 0.2379255291 0.1807331562 0.2543191702 0.2581259545 0.3163959081 0.4334108544 0.4717394166 0.6398040154 0.6859817075 0.8625864264 0.9091785010 0.9768868562 0.9168666949 0.7900995312 0.6467159666 0.5500917211 0.4048073481 0.3700881014 0.2651232397 0.2522812500 0.2378930879 0.2271126736 0.2283847046 0.2541651137 0.2535518607 0.2341311704 0.1961060570 0.2285735313 0.2402856031 0.2286046741 0.2116962236 0.2466154361 0.2255114779 0.2424275604 0.2117480891 0.2203162423 0.2658777635 0.2564157584 0.2557114487 0.2142135374 0.2272675764 0.2320783078 0.3079285053 0.3740313365 0.4556780162 0.6044516775 0.6997116525 0.8474626112 0.8926935867 0.9230352928 0.9302844866 0.7878175524 0.7029616270 0.5775091518 0.4509476439 0.3686914275 0.3210381100 0.2559733661 0.2883706191 0.2121546706 0.2516356966 0.2457260844 0.2685616272 0.2169262175 0.2286604259 0.1967258747 0.2178078330 0.2436468269 0.2570100891 0.2250739495 0.1530873069 0.2369727983 0.1959221430 0.2065925760 0.2258859483 0.2088055586 0.2089075471 0.2431938170 0.2282523566 0.2521036075 0.2994931446 0.3665201900 0.4445466121 0.5523599907 0.7056946000 0.8036092679 0.9204939805 0.9467013097 0.9085189175 0.8923669304 0.7071769755 0.5835897055 0.4681915599 0.4483422344 0.3195892717 0.2924988854 0.2054174544 0.2858169667 0.1962619327 0.2463148646 0.1892546921 0.2570859459 0.2061869725 0.2355741292 0.1890132106 0.2321013748 0.2265687405 0.2347307901 0.2276130894 0.2311750659 0.2730245054 0.2270560461 0.2307894287 0.2615227203 0.1957537644 0.2147561316 0.2432491828 0.2656720458 0.2589190253 0.3492207884 0.4107651597 0.5430827989 0.6203752309 0.7700360204 0.8996359999 0.9287810761 0.9503056366 0.8831064472 0.7583747580 0.6303268423 0.5440427167 0.4257361166 0.3418083217 0.2863361945 0.2730208591 0.2971095085 0.2655753763 0.2633032369 0.2300098821 0.1748985006 0.2712454105 0.1676073475 0.2844566741 0.2217897093 0.2228681175
0.1622335569 0.2054912518 0.1908476282 0.2406842193 0.2067390092 0.2215435489 0.2025436981 0.2133538960 0.1756974281 0.1925346966 0.2145662778 0.1895705594 0.2736160524 0.3383688810 0.3316340145 0.4759455475 0.6687528003 0.7830522911 0.8678814466 0.8994667664 0.9435333593 0.8220138626 0.6976025862 0.5958293359 0.4562130419 0.4088275811 0.2758845493 0.2414508605 0.2568008178 0.2204632154 0.2101159178 0.2096882706 0.2324536508 0.2440594301 0.2072570118 0.1897755303 0.2060626777 0.1587919943 0.2153127100 0.2420195216 0.2075637381 0.2046090460 0.1966099031 0.1910972562 0.2217157656 0.2517359290 0.2710291113 0.2249484796 0.2323143737 0.2402352756 0.2493048613 0.3098551684 0.4149499362 0.4612870503 0.6195324187 0.7213799299 0.8370851232 0.9131819499 0.9684052447 0.8244965088 0.7840512821 0.6049840484 0.5275490503 0.3918351377 0.2885092937 0.2518902763 0.2376824680 0.1552093209 0.1700929132 0.1981616629 0.2212518339 0.1856414654 0.2169877316 0.2383642653 0.2220363981 0.2000436837 0.2417721882 0.2446935067 0.1822755490 0.1934599824 0.2165391053 0.2078145885 0.2136199425 0.1787084777 0.1946533558 0.2178571399 0.2420429460 0.2322091148 0.2821528212 0.3014022106 0.3472835030 0.4634071820 0.6089698030 0.6884570606 0.8084676373 0.9249556377 0.9436430135 0.9017866900 0.8357810859 0.6323341331 0.5351865266 0.4141259690 0.3140265977 0.3151140715 0.2470702142 0.2216577751 0.2332468268 0.2183200776 0.1821690930 0.1976189107 0.2278117783 0.2260509956 0.2314101473 0.2291236903 0.2426414777 0.2016117276 0.2222142929 0.2453197499 0.2886961538 0.1840249985 0.1604517189 0.2146678798 0.2255484091 0.2076631913 0.2425043118 0.1861160612 0.2299357121 0.2967171766 0.3686898303 0.4306476669 0.5299914976 0.6564750471 0.7754819226 0.9062581181 0.9235124500 0.8893637220 0.8556938467 0.7424189022 0.5596412515 0.4690734757 0.3779409113 0.3064235246 0.2906781986 0.2318076104 0.2206657155 0.2050847457 0.1985775969 0.1990605398 0.2211334147 0.2197930651 0.1625901462 0.1983231995 0.2617553130 0.2693580047 0.2045653647 0.2465351015 0.2164139589 0.2250125473 0.2300517450 0.1913801503 0.2119783427 0.1998586027 0.1849639274 0.1788148786 0.2435314754 0.2985068568 0.3324965404 0.4114356822 0.5295675280 0.6804969446 0.8061034086 0.9156939924 0.9291444592 0.9062205685 0.8326347806 0.7500195877 0.6098367625 0.4914206163 0.3793604990 0.3344743073 0.2451466539 0.2329544549 0.2343036123 0.1777897093 0.2443355218 0.2139944048 0.1784017643 0.1758545156 0.1983159822 0.2676701629 0.1793765798 0.2521415592
0.1402516325 0.1639639477 0.1915508296 0.1569586206 0.1419364867 0.2011978483 0.2156701187 0.2227199271 0.2029066677 0.1904743750 0.2237848788 0.2363787506 0.2490506447 0.3679197305 0.3821126945 0.4525577699 0.6521245071 0.7671989023 0.8343234537 0.9434922947 0.8701747189 0.7726849540 0.7127155347 0.6049794683 0.4402879526 0.4014569382 0.3131981832 0.2652277279 0.2606293148 0.2161872238 0.2165670211 0.1872143250 0.2253101259 0.1808757171 0.2022963353 0.1854958373 0.2231131340 0.2284744962 0.2198080511 0.2354582505 0.1726406201 0.1936623310 0.1881130411 0.2194166254 0.1258635680 0.1803802862 0.1484662101 0.2515882494 0.2097753898 0.1842282351 0.2836279560 0.2911775114 0.3835122894 0.5176143435 0.6130048042 0.7244328850 0.8282930612 0.9169385110 0.9211090758 0.8410601629 0.7268371221 0.6104380844 0.4775220875 0.3779969732 0.3162471085 0.2279682125 0.2270490520 0.2238672246 0.1696865866 0.2425828405 0.1997273833 0.2207984231 0.2111783613 0.1583052089 0.2308349910 0.1912570713 0.1979525519 0.2265158313 0.1897962494 0.2163166866 0.1940308519 0.1847011834 0.2572107899 0.2045788427 0.1942219248 0.2186268650 0.1872567287 0.2783487135 0.2615776938 0.3052552362 0.3327021062 0.4368414767 0.5880804183 0.7098101906 0.8212051668 0.9173190299 0.9765084581 0.8845162151 0.8365292553 0.6360854981 0.5596479867 0.3960633739 0.3703651766 0.2737951571 0.2238853327 0.2002666919 0.2482469445 0.2497104824 0.1962548237 0.2313193468 0.2186664898 0.2116970752 0.2045833593 0.2393495421 0.2531146824 0.2469538088 0.2024558098 0.1898312617 0.2155898803 0.1539981873 0.1867783194 0.2134694553 0.1913597735 0.2056049059 0.2459467355 0.2352317462 0.2542386154 0.2414625232 0.3145574665 0.4126563242 0.5385193923 0.6285212339 0.7706298371 0.9167779718 0.9501796007 0.9046571221 0.8282365055 0.6616557509 0.5892682934 0.5061469740 0.3391407157 0.3319573881 0.2955854284 0.2658357820 0.2745547126 0.1765925973 0.2339950855 0.2389256968 0.2783136910 0.2075219420 0.2440070220 0.2088703879 0.1764994173 0.1959600648 0.2035179689 0.2292822774 0.2638059993 0.1834711136 0.2736957282 0.2213549448 0.2162893939 0.2295713744 0.2254042251 0.2151095833 0.1967265608 0.3144298766 0.3529478025 0.3686858435 0.5516892518 0.6732005385 0.7922345287 0.8381394641 0.9050457581 0.9159773263 0.8493735464 0.7764700449 0.6051580595 0.5016395128 0.3950772831 0.3040027716 0.2854123787 0.2223009487 0.2134839340 0.1646372077 0.2408014052 0.1905948863 0.1892414227 0.1916409558 0.2471125075 0.2032435020 0.2114703820 0.2078051000
0.1766195164 0.2023525629 0.2214882938 0.1274289319 0.1688356465 0.1867258087 0.1724294419 0.1919752284 0.2363392257 0.2024626188 0.2200538716 0.2219577698 0.2563696296 0.2803833687 0.3670602841 0.5724597290 0.6272443527 0.7466888158 0.8449368396 0.9423051328 0.8909163536 0.7661970672 0.7124476235 0.5927445615 0.4564984438 0.3509952837 0.2825859437 0.2564369582 0.1988636581 0.1906553442 0.2456053469 0.2253119337 0.1834252073 0.2233558797 0.1934519137 0.2076979022 0.2686734591 0.2039227609 0.1911170109 0.2141525437 0.2406783250 0.1927356382 0.2199964889 0.1564092255 0.2301761874 0.1953611219 0.2176085268 0.2208375091 0.2211922035 0.1865093775 0.2626824699 0.2542166358 0.4075772695 0.4960223893 0.6025873847 0.7463712243 0.8812004900 0.9505718344 0.8552170292 0.8644079836 0.6995554450 0.5840743998 0.4906414883 0.3671763929 0.2395846435 0.2406428928 0.2156736777 0.2520670450 0.1708832582 0.2019011252 0.2162743424 0.1799332779 0.2016387574 0.1716758543 0.1981633043 0.1746448750 0.1753811693 0.1918828760 0.2209570355 0.2389268327 0.2246532525 0.2127099681 0.1533215530 0.1779615541 0.1837960705 0.1922605295 0.1965698713 0.2325994516 0.2304078853 0.3165144822 0.3852077697 0.4550633668 0.6236635335 0.7264166713 0.8473776026 0.9038870051 0.9204611877 0.8173705188 0.6938491895 0.6339596225 0.5389200691 0.4400947220 0.2762516407 0.2702433942 0.2742844936 0.2006047478 0.1882012945 0.1939123701 0.1780455102 0.2104591398 0.2356291150 0.1826645301 0.2137277779 0.1443896155 0.1701088427 0.2285021687 0.1482996584 0.2105438954 0.2336985902 0.2011449304 0.2458318191 0.2394546502 0.2062932468 0.1919745622 0.2427648411 0.2455728712 0.2374225397 0.2572332714 0.3737691360 0.4534454454 0.5830619847 0.7074437804 0.7911488756 0.8706504733 0.9376665163 0.8643031111 0.7965571491 0.6539695139 0.5286585465 0.4157809076 0.3194042376 0.3050553705 0.2316541565 0.2685405691 0.1937928204 0.1643111527 0.2218135641 0.1707019058 0.1954462253 0.1758743467 0.2494112252 0.2072723224 0.1794877930 0.1809461964 0.1579865148 0.2280907287 0.2261812882 0.2160649618 0.1785745212 0.2030468530 0.1733422786 0.2022491392 0.2234204578 0.1987951031 0.2424821392 0.2742462265 0.2933043648 0.4183721145 0.5234203043 0.6488506330 0.7571812830 0.8998749116 0.9229184319 0.9431781152 0.8237491832 0.7046836794 0.5843995948 0.4332139871 0.3771796495 0.3014886132 0.2716922245 0.2099443463 0.1682936705 0.2436036143 0.1901391627 0.2136231772 0.2258671199 0.2384624757 0.2166781068 0.1786744730 0.2168234667 0.1921729293
0.2337893490 0.1744649058 0.2041033775 0.2092912560 0.1736278124 0.2077093315 0.2036806681 0.2271806025 0.2080066423 0.1698915177 0.1543829407 0.1987322867 0.2538613042 0.2671254310 0.3811713707 0.4938011817 0.6761431438 0.7570244906 0.8458649042 0.9173180586 0.8584617947 0.7984760021 0.6789029004 0.5217707663 0.3786536309 0.3335866145 0.2716613249 0.2342549025 0.2127098002 0.1983119507 0.1905558950 0.1706727940 0.1677512927 0.1783809314 0.1916884614 0.2499914572 0.1488295197 0.1738257793 0.1934732536 0.1834658934 0.1950190316 0.1723362302 0.1677170261 0.1859261090 0.1705443127 0.1906569554 0.2234013847 0.2077160039 0.1713118453 0.2570079780 0.1984519768 0.3027746212 0.3510813664 0.5057412239 0.6263001084 0.7281304034 0.8520747018 0.9402278469 0.8835945476 0.8598352738 0.6899122826 0.5739727837 0.4705871240 0.3539510800 0.2654691161 0.2564280716 0.2438057416 0.2163033335 0.1935411611 0.1978196991 0.1816621751 0.2614899178 0.1570004348 0.2393004958 0.2545845693 0.2118442297 0.1841553187 0.1307662766 0.1423474049 0.2197794398 0.1944729847 0.1945435628 0.1865183681 0.1646327464 0.1406421639 0.2006474501 0.2259697957 0.1826779359 0.2725030994 0.3035104229 0.3438436661 0.4673722428 0.5850815586 0.7207332802 0.7775462022 0.9643813195 0.8873943888 0.8496736923 0.8165175405 0.6669411620 0.5866136184 0.3702778361 0.2749204393 0.2648584701 0.2252838068 0.1827354207 0.2138201373 0.2033394453 0.1913957732 0.1957864427 0.2286675743 0.2489468883 0.1657645835 0.2049988716 0.2510540246 0.2014735773 0.1803265231 0.2042664960 0.1932208832 0.1791886899 0.2131307929 0.1973491574 0.1958833570 0.2026934010 0.2182785097 0.2557383224 0.2724687466 0.2524180466 0.3716528848 0.5119359419 0.5518967433 0.7284542762 0.7998211392 0.8803801060 0.8914364355 0.8647590454 0.8221397548 0.6915368611 0.5180906331 0.4256393318 0.3214619504 0.2324085357 0.2333665317 0.2538950879 0.2001737786 0.2445381917 0.2066856175 0.1962210454 0.2134443391 0.1615732961 0.1726852551 0.1750759225 0.1723186794 0.2292085659 0.2290754122 0.2371954020 0.2199530235 0.1491146110 0.2072668817 0.2435378944 0.1587022482 0.1684798458 0.2144258615 0.2204249951 0.2871104446 0.2796472726 0.3155089679 0.3535887788 0.5249431106 0.6584769901 0.7724060796 0.8940318683 0.8861171659 0.9533677459 0.8306248650 0.7002244367 0.5635528177 0.4155678074 0.3514964115 0.2525836611 0.2553596195 0.2348084614 0.2269478283 0.2813567558 0.2397715936 0.2009399409 0.1691804729 0.2374324231 0.1886810701 0.1893773028 0.1826167344 0.2013957500
0.1609287635 0.1632784198 0.2077031301 0.2015121148 0.1632417583 0.1528552019 0.1618440399 0.1787663468 0.1786929713 0.1899729343 0.2183364776 0.2774671850 0.2252049191 0.2770216587 0.3403219883 0.4955973488 0.6348005587 0.7779604822 0.8751497233 0.9256823195 0.9204321644 0.8382907031 0.6757327721 0.5082382976 0.4339828794 0.3367575760 0.2364856124 0.2451429952 0.2144595054 0.1805055045 0.1527664673 0.2168675145 0.2682933400 0.2153871960 0.2077536202 0.2271893075 0.2043564832 0.2255431103 0.1832125392 0.2118153852 0.1800406135 0.1842572773 0.1889000556 0.2285312916 0.2211833841 0.1356885571 0.2083612643 0.1831381954 0.2163220164 0.2329277283 0.2839204883 0.3261847977 0.4009029919 0.5166590832 0.6544151161 0.7822705703 0.8681251071 0.9155077174 0.8840497877 0.8285029102 0.7136952275 0.6270543686 0.4278649736 0.3921019187 0.2837205254 0.2295729326 0.2090094085 0.1861476155 0.1875879345 0.1414034536 0.1858367268 0.1746185156 0.2109071364 0.1572326045 0.2172687300 0.2013918075 0.1953026534 0.1371226917 0.2009639268 0.2023390010 0.2098953698 0.2036878276 0.2105001666 0.2100645729 0.1536058516 0.2537751363 0.1880382828 0.1983546530 0.2719033649 0.3036280521 0.3786581892 0.4735439477 0.6402359165 0.6881978289 0.7980842672 0.9497158101 0.9299941294 0.7799506815 0.7552888712 0.6053602349 0.4837682047 0.4304731098 0.3378446705 0.2776484314 0.2558756058 0.2308469382 0.2416244167 0.1859555138 0.1847994600 0.1617637858 0.1899927887 0.1810993822 0.1636970565 0.1890307950 0.2409934955 0.1936181143 0.2265724259 0.2330212100 0.2496528683 0.1997989353 0.1816145817 0.1699731732 0.2194460016 0.2327732266 0.2531709072 0.2152036582 0.2816236787 0.2718466203 0.3260357437 0.4705085789 0.5241589303 0.6901183052 0.7864064922 0.9678102591 0.9102695489 0.8865918980 0.8054672715 0.6615338832 0.4664134285 0.4383061891 0.2317856311 0.2659339262 0.2916447247 0.2346719189 0.1865415330 0.2190148159 0.1768613925 0.1904193387 0.2154648953 0.1185742371 0.1829929241 0.2338906050 0.1445967283 0.2369721304 0.2305349113 0.1673538192 0.2182766981 0.2649265527 0.2187869106 0.1404710906 0.1779845601 0.2619130848 0.2314048539 0.2534933487 0.2567643359 0.2711591278 0.3159052107 0.4392799599 0.5188698248 0.6509338536 0.7871803657 0.9082786323 0.9762783024 0.8812767566 0.8304825181 0.6796138337 0.5592076810 0.5049709926 0.3497675492 0.2669734698 0.2129514416 0.1860518629 0.2070808384 0.2249306724 0.2185052275 0.2243904391 0.1935025977 0.2148636510 0.2191189100 0.1416978751 0.2643837917 0.2229469477
0.1884731453 0.2523705609 0.1972482761 0.1948010561 0.1729732170 0.2219153574 0.1942530612 0.1905566321 0.2115077091 0.1451958481 0.2404492710 0.2607496775 0.3326309569 0.2949411271 0.3948254031 0.5232766413 0.6548386519 0.7509243606 0.9283964074 0.9777362065 0.8709580486 0.7897346519 0.6408318053 0.5230103954 0.4705899225 0.2825828166 0.2567211116 0.2240523396 0.2384802392 0.2431468345 0.2221278111 0.1704900972 0.2305966023 0.2440798932 0.2097829870 0.1887921442 0.1509903887 0.2236167852 0.2100238414 0.1725389178 0.1395699705 0.1665100210 0.1568359025 0.1969769023 0.2186193331 0.1561259735 0.1572807679 0.2066599999 0.2192527525 0.2237901676 0.2904207771 0.3298932950 0.4265826651 0.4957367945 0.6062459277 0.7678170086 0.8274188506 0.8768868086 0.9351156593 0.8161783321 0.6578204327 0.6483073598 0.4490194536 0.3263888574 0.3438064702 0.2799015217 0.1861153828 0.2058158660 0.1719671297 0.1901208761 0.2386124990 0.1470678742 0.2053752601 0.2197018899 0.2154334123 0.2010492599 0.2200666523 0.2265656630 0.1800011216 0.1976032559 0.1901524593 0.1952729159 0.2296732114 0.2408827686 0.2019337497 0.2057803911 0.2220208401 0.2101437500 0.2159470423 0.2887085224 0.3246259864 0.4894656950 0.5943465529 0.7449166615 0.8521180679 0.8957259365 0.9214189622 0.8538308898 0.7559367238 0.6227142498 0.4905204720 0.3574066868 0.3185568920 0.2783063945 0.1851821673 0.1743845698 0.2351180365 0.2195678400 0.2021936871 0.2027509105 0.2288736570 0.1198987312 0.2239426424 0.1779275721 0.2500953072 0.1574816195 0.1969244304 0.1916590422 0.1795471456 0.1634733102 0.1802776679 0.2390438599 0.2254004255 0.2001665559 0.2139632931 0.2768145514 0.2450196089 0.3143995606 0.3769474776 0.4786245541 0.5131648584 0.7117387913 0.8551524300 0.8714827505 0.9442882170 0.9327134172 0.7746832078 0.6039361335 0.4833292483 0.3802205999 0.2990976541 0.2269036958 0.2355886086 0.2253956685 0.1700606254 0.2208800490 0.2438737030 0.2125088870 0.2061568027 0.2252738737 0.2585330433 0.2392409554 0.1741467492 0.2317042130 0.1939032497 0.2047940358 0.2293621402 0.2096650706 0.2090117029 0.1935507762 0.2179500897 0.2306591486 0.1629303434 0.1949426076 0.2497475702 0.2977312083 0.3123855693 0.3991825147 0.5701837298 0.7147192437 0.8253019536 0.9320018604 0.9405606913 0.8351441258 0.8100090720 0.7066071307 0.5684754339 0.4817440406 0.3068982580 0.2582708546 0.2895383430 0.2580697798 0.1924826548 0.2398261805 0.2122940300 0.2467315133 0.2250588562 0.2196545089 0.1860845122 0.2622439804 0.1479316279 0.2023644499
0.1604366835 0.2255201836 0.2210714366 0.1723624636 0.2080132450 0.1585380263 0.1774046979 0.2086056933 0.1949561098 0.2202481550 0.2461988900 0.2244295837 0.3067222632 0.3154336938 0.3793119203 0.5139540217 0.6849904326 0.7665345788 0.9026956202 0.9116504350 0.8751123046 0.7663259104 0.6956305222 0.5726404472 0.4156264037 0.3295856395 0.2976693731 0.1953822654 0.1767454405 0.2285721886 0.1589651083 0.2431536286 0.1666745417 0.1647594081 0.2034938100 0.1952466187 0.2288317312 0.1905296880 0.1758424706 0.2220906026 0.2023508598 0.1940716580 0.1647721566 0.2252271566 0.2232155848 0.2255349940 0.1675585138 0.2080219246 0.2133082198 0.2253166777 0.2723015675 0.3201658496 0.4310721588 0.5196999471 0.6113875710 0.7696955422 0.8620495333 0.8697383772 0.8315002921 0.8254350638 0.7120446008 0.5754587088 0.4491775864 0.3076770528 0.2559586696 0.2274487265 0.2625044894 0.1553501319 0.2242391408 0.1897800585 0.1895027945 0.2382004864 0.1827536846 0.2151628891 0.1502483979 0.1848317060 0.2056040806 0.2656008467 0.2189163834 0.2343029821 0.1840901351 0.2117820661 0.1837663718 0.2529010892 0.1702720079 0.2015519341 0.2282270239 0.2385514385 0.1751571359 0.2914750845 0.4074222638 0.4851547589 0.6490113687 0.7502139766 0.8194626947 0.9052173362 0.9077604376 0.8701441486 0.7817717830 0.6222383449 0.4978378664 0.3448147749 0.3342825485 0.2298922494 0.2213355140 0.2326702846 0.2036269194 0.1977497173 0.1999644955 0.2542541402 0.1279693949 0.2445478575 0.2079488984 0.1740736261 0.2178232634 0.2155647118 0.2325314624 0.2382309953 0.2179903633 0.1757812484 0.1577008447 0.2354735342 0.2461857549 0.1788945669 0.2388656510 0.2353771777 0.2928470444 0.2916814477 0.4122854398 0.4728200366 0.6218980291 0.6806501900 0.8474292460 0.9196025836 0.8876948799 0.8597963546 0.8160655155 0.6206482366 0.5686542277 0.4216538375 0.3145724886 0.3011811495 0.2288373168 0.2730827596 0.2125909709 0.2633813848 0.2128757890 0.2255996790 0.2213236620 0.2209759465 0.1889859130 0.2198455260 0.2311231653 0.1653440362 0.2128632467 0.2229755649 0.2600745760 0.2227987623 0.1763178148 0.1790300874 0.2581319609 0.1754483214 0.2516977899 0.2248302107 0.2537598879 0.2624591486 0.3756122767 0.4225608076 0.5962704265 0.7087567406 0.7731003848 0.8984617428 0.9855171527 0.8362503628 0.8211788781 0.6347177525 0.5229298226 0.4674523305 0.3051728101 0.3074081144 0.2230021844 0.2421239841 0.2418461687 0.2294642194 0.2492968185 0.2501172336 0.2048686378 0.2107473222 0.2143021487 0.2004442389 0.2268883734 0.1656894465
0.2462039141 0.2048187399 0.2177624602 0.2487642699 0.2303049525 0.1976732186 0.2084580668 0.2202159292 0.2238928683 0.2233545045 0.2390864346 0.2079019374 0.2399989980 0.3422029254 0.4006709251 0.5459012711 0.6831205440 0.7566062642 0.8562371536 0.8864970904 0.8482548160 0.8047449368 0.6375744980 0.5438595781 0.4174155217 0.2895820415 0.2278961435 0.2325945691 0.2440019246 0.2113655349 0.2371064317 0.2177050310 0.2405268532 0.2057197306 0.2465363376 0.1909619823 0.2107001974 0.2224445391 0.1937055270 0.2291287483 0.1671981978 0.2456887062 0.2235672963 0.2433618818 0.2157885733 0.2148503913 0.2595223716 0.2664664628 0.1705172390 0.1998479205 0.2838929746 0.3527536723 0.4247940973 0.5401975592 0.6025931850 0.7880140545 0.8847311762 0.9711258307 0.8980698771 0.8225583975 0.6879773612 0.5648574174 0.5473170704 0.3943082087 0.2973514732 0.2413836737 0.2694992442 0.1806124782 0.2325907128 0.1805501362 0.2101974326 0.2498015180 0.2496308608 0.1927690596 0.1834461569 0.1969203324 0.2381085370 0.1918269296 0.1957865100 0.2245453578 0.2032149806 0.2221566769 0.2488725181 0.2216558884 0.2411010017 0.2615791755 0.1982626544 0.2632514364 0.3017558391 0.3557336834 0.3772845300 0.5038437094 0.6640007927 0.7807969389 0.8424438942 0.9125466919 0.9251407318 0.8298014523 0.7610160182 0.6114966729 0.4502337960 0.3893558571 0.2650179366 0.2255944837 0.1770384676 0.1883283157 0.2407479143 0.1872065597 0.2189274899 0.2368043283 0.2181073604 0.1975065251 0.2069227100 0.1740574785 0.2284172366 0.2145431197 0.1792918927 0.1794286377 0.2233547725 0.2266582562 0.2450658015 0.2171997117 0.1893443953 0.2148064871 0.3010194021 0.2785685704 0.2703655645 0.3170945499 0.3842210139 0.5108822990 0.6183225501 0.7503212074 0.9243237846 0.8979389681 0.9632006459 0.9264138782 0.8061656127 0.6291640947 0.5229129644 0.4172677672 0.3212001743 0.2838869844 0.2164510719 0.2123715520 0.2315740724 0.1685461684 0.2116014501 0.1794702009 0.1985979320 0.2206216356 0.2394234757 0.1513351387 0.2371292568 0.2323487818 0.2387265041 0.2796335652 0.1946905090 0.1880736727 0.2118379892 0.1956560025 0.2516303086 0.2135889702 0.2458456417 0.2680625455 0.3056830393 0.2953411798 0.3781667189 0.5018324722 0.5513083458 0.6935708928 0.8505837613 0.9517666769 0.9207425062 0.8923351084 0.8286252957 0.6650465374 0.5354488408 0.4089506393 0.3732809583 0.2760251016 0.2715232658 0.2464697387 0.2467150298 0.2647959017 0.2234882566 0.2235656216 0.2428350961 0.2419812900 0.2201927391 0.2853830473 0.2310970731 0.2663287770
0.1609991050 0.1841741463 0.1723850611 0.2304872384 0.1711998264 0.2289151327 0.1981367030 0.2343434678 0.1489923825 0.2468020293 0.2007425716 0.2430973097 0.2506544687 0.3248300457 0.3909770398 0.5400683887 0.7231555674 0.8345768143 0.9005198597 0.9007534371 0.9120016571 0.8500751666 0.6918257917 0.5468833213 0.3833055617 0.3146629512 0.2930156688 0.2118375891 0.2183389939 0.2123770351 0.2294866437 0.1649232330 0.2099749551 0.1850133819 0.2206408162 0.1508473950 0.1830449827 0.1790840328 0.1993210735 0.1232909752 0.1817151862 0.1962525772 0.2174101161 0.2386265859 0.2042413429 0.2210401807 0.2142861831 0.2583550898 0.2386851558 0.2313488096 0.2589599373 0.3598852254 0.4254083304 0.5181685509 0.6646980138 0.7671567441 0.9362402187 0.9282070202 0.9038728150 0.8952142045 0.7236669499 0.6030188928 0.4668412968 0.3642884224 0.2853921229 0.2406375971 0.2031514574 0.2135719409 0.1428962511 0.2161406657 0.2192475775 0.1855453214 0.2041208954 0.1900022595 0.2605592231 0.2013003335 0.2433795278 0.2233451971 0.2290474831 0.2204642330 0.1789127818 0.2493301400 0.2329497970 0.2571800572 0.2118234599 0.2530087662 0.1915444413 0.3119283219 0.2990712049 0.2957601817 0.4195568155 0.5205314744 0.6367715228 0.7396419171 0.9371648509 0.8897511891 0.9430795752 0.8980446378 0.6905185770 0.6023705007 0.4916819235 0.3496014771 0.2919626662 0.2843823944 0.2476308198 0.2319656861 0.2384398446 0.2254573484 0.2182550713 0.2244363391 0.2684829973 0.2273664661 0.2425415415 0.2392560093 0.2147000347 0.2399230833 0.2653791495 0.2437349377 0.1785822210 0.2035538771 0.2699685942 0.2811012405 0.2387470885 0.2116998887 0.2443724983 0.2177503947 0.3163134900 0.3405336871 0.4002841952 0.4993548435 0.6470626827 0.7025506315 0.8617593744 0.9057743644 0.9495454931 0.8607875538 0.7845737115 0.6919938858 0.5073382674 0.4297061677 0.3626334342 0.2255063436 0.2625621936 0.2676426665 0.2294788434 0.2247193812 0.2423190718 0.2446950309 0.2545631320 0.2168933500 0.2162826909 0.2392040381 0.2684324478 0.2271240947 0.2016149378 0.2381623666 0.2090156959 0.1833850217 0.2540644707 0.2351849172 0.1926915865 0.2745315985 0.2364776586 0.2555427490 0.2615235489 0.3234577396 0.3265709132 0.4132242209 0.5738239966 0.7105796832 0.8506396804 0.9138493067 0.9545729940 0.9050466223 0.8475387781 0.6526435295 0.5704883287 0.4610030069 0.3787253321 0.2681491825 0.2411259474 0.2192615405 0.2395178782 0.2145731020 0.2663352383 0.2137169597 0.1959388467 0.2097403007 0.2070891757 0.2281859262 0.2503314076 0.2220120044
0.2190134595 0.2234799660 0.2442502360 0.2322575913 0.1952506682 0.1795930947 0.2137709292 0.1900144635 0.2307275502 0.2221130103 0.2040500745 0.2012856231 0.2686814706 0.3369024898 0.4899581929 0.6201345283 0.7495746348 0.8264087947 0.9239335222 0.8883122423 0.9105186455 0.7747676833 0.6847459397 0.5338504442 0.4264043680 0.3675201028 0.2802296089 0.3063114916 0.2171612028 0.2184190261 0.2166414457 0.2720439534 0.1962254213 0.2175695225 0.2324825574 0.2666601102 0.2313695760 0.2086413199 0.2090858580 0.2868384524 0.2256800362 0.1546859762 0.2556248859 0.2235166741 0.2139969087 0.2253052025 0.2482026499 0.2308107392 0.2436653216 0.2324994943 0.2949379725 0.3545357813 0.4760387492 0.5724623143 0.6722514286 0.7773435230 0.9013943981 0.9536426878 0.9195570691 0.8331869105 0.6774472211 0.5363709386 0.4041219046 0.2968578659 0.3102349865 0.2219538540 0.1762630658 0.1866889276 0.2396978920 0.1889263711 0.2177179858 0.2206423003 0.2198537569 0.2365832632 0.2678484695 0.2505286679 0.2155010978 0.2149976604 0.2322761290 0.2401442597 0.1949554777 0.2384709328 0.1914933045 0.2148224972 0.2301231614 0.2203325536 0.2281235866 0.2241931931 0.3020174609 0.3052640106 0.4297005163 0.5686093470 0.6701727529 0.7921233211 0.9195969232 0.9397795288 0.9235304791 0.8206269131 0.7573546865 0.6326103858 0.4511941575 0.4097906492 0.3227088599 0.2394796579 0.2257310213 0.1722353069 0.2142994237 0.1717463353 0.2067263928 0.1797170968 0.1550573986 0.2172093972 0.2393357466 0.2289233963 0.1969825786 0.1843291241 0.2195653065 0.2273620372 0.1946379428 0.1772174467 0.1938165925 0.2381767114 0.2825913629 0.2055009617 0.2702904462 0.2434417099 0.2800324709 0.3059456882 0.4121044724 0.5419392894 0.6383794867 0.8069140754 0.8678899724 0.9413081589 0.9251131379 0.8930816941 0.8185975199 0.7155141563 0.5056949551 0.3602303713 0.3288775237 0.2906574693 0.2628050902 0.2032744754 0.1939595876 0.1843144034 0.2737478867 0.1947341630 0.2809161710 0.2142775664 0.2819268341 0.2270451253 0.2973229027 0.1991705662 0.2380787679 0.2205001611 0.1772643137 0.2451092872 0.2212271121 0.2175865947 0.2852744225 0.2081192627 0.2578962584 0.2561025624 0.2681422789 0.2906030053 0.3511604619 0.4834117336 0.5632986138 0.7896953290 0.8566522392 0.8977155680 0.9807465070 0.9077654724 0.8033330858 0.7078804101 0.5555136591 0.4243040863 0.3406975592 0.2890798253 0.2771939809 0.2821221926 0.2543533048 0.2721365397 0.2660590259 0.2400412790 0.2445926501 0.2734728860 0.2548546757 0.2449150047 0.2317483522 0.2036703515
0.2458239111 0.1919826158 0.2383160942 0.2112376537 0.2233801726 0.2187871829 0.2291908089 0.2519642489 0.2430303572 0.2028891908 0.2932665986 0.2967101243 0.3388531883 0.4139378842 0.4174883258 0.5324030811 0.7721140892 0.8032999251 0.9854692247 0.9043785722 0.9301607479 0.7430030738 0.6507372383 0.5010234694 0.4093749695 0.3281462735 0.3216312711 0.2305870172 0.2343222759 0.2312226879 0.2459903281 0.2430279178 0.2164162446 0.2165831349 0.2640338282 0.2430794200 0.2150620333 0.2879465228 0.2577746536 0.2431020801 0.2510148148 0.1913393099 0.1939947386 0.2749525158 0.2269681823 0.2445183726 0.2368688617 0.2140160410 0.2273916019 0.2699612128 0.3219505181 0.4058360429 0.4848194723 0.5429754799 0.6738850376 0.8649389250 0.9393995890 0.9571545782 0.8746505469 0.8316131497 0.7185079789 0.5743160422 0.4845000532 0.3858032249 0.2904467293 0.2587440430 0.2023741236 0.2365463013 0.2253361448 0.2331002560 0.2488709141 0.2649297191 0.1876844455 0.2058023344 0.2427053046 0.2489077421 0.2459937984 0.2489067527 0.2535703421 0.2010905583 0.3074533424 0.2168051395 0.2725534159 0.2497646322 0.2192308609 0.2518232702 0.2377710162 0.1853267978 0.2711533172 0.2983903732 0.4730220521 0.5578515770 0.6274777816 0.7751533053 0.8729151210 0.9651756793 0.8974123744 0.8800426857 0.7230446175 0.6338351312 0.4561557302 0.3502240363 0.3171984506 0.2821338602 0.2324135888 0.2032881939 0.1652067789 0.2455257647 0.1998415260 0.1997877204 0.2609995499 0.2227896020 0.2458032482 0.2548400837 0.1866584360 0.2060802464 0.2147497697 0.2363713106 0.2297266987 0.2845939996 0.2096785637 0.2624464222 0.2562781621 0.1966296309 0.3021045984 0.2982061697 0.2379797377 0.3872615243 0.4177458543 0.4784875187 0.6613423395 0.8115878752 0.8914243463 0.9256165655 0.9061272380 0.9030744488 0.7653377824 0.6472656843 0.4932296256 0.4072366817 0.3460022182 0.2879228657 0.2212344036 0.2080653308 0.2318634698 0.2300771381 0.2499052638 0.2609012433 0.1959315712 0.2121789841 0.2327827684 0.2694892693 0.2654047289 0.2338084135 0.2449222499 0.2629826073 0.1980429242 0.2817580276 0.2259872618 0.2235029052 0.2285057413 0.2813286650 0.2116680598 0.2820034922 0.2943133851 0.2982226450 0.4143059017 0.5007034555 0.6332853404 0.7716756297 0.8623551394 0.9748639945 0.9737606136 0.8692403569 0.7720483300 0.7146851234 0.5066264224 0.4434606783 0.2908605813 0.2512338571 0.2045833427 0.2935775450 0.2583311194 0.2140330154 0.2627588315 0.2147634741 0.2556567397 0.2323314841 0.2590080185 0.2998134104 0.2922481625 0.2277185379
0.1984142312 0.2039733873 0.2156637291 0.1924800627 0.2024401868 0.1986520629 0.1816755689 0.2026573559 0.2180722547 0.2057445369 0.2086052703 0.2648869116 0.3601606547 0.4258283609 0.5112684096 0.5963927251 0.7267981992 0.8346821068 0.9819312971 0.9210241019 0.8323663889 0.7878961970 0.6481146314 0.5071408397 0.4350088270 0.3464516024 0.2808231830 0.2517152968 0.2526032357 0.2207030142 0.1764311771 0.2007098830 0.2339166916 0.2217437507 0.2739961526 0.1780730918 0.2741730833 0.2164369821 0.2201492559 0.2091860728 0.2032918590 0.2114326471 0.2172525257 0.2560969878 0.2535423102 0.2254501014 0.2179660868 0.2701749444 0.2404517837 0.2411641600 0.2695862547 0.3872713356 0.5140745052 0.5676012946 0.7482187483 0.8882083809 0.8988732846 0.9625988881 0.9038213680 0.7993385842 0.6944182602 0.5243676058 0.4661961701 0.3571447119 0.2901607165 0.2577519218 0.2383619618 0.2560941070 0.2601826583 0.2315127734 0.2251576183 0.2294932688 0.2210125201 0.2613944057 0.2419390681 0.2621922556 0.2099998086 0.2682533637 0.2352928235 0.1629939044 0.2147056497 0.1934402680 0.2382081413 0.1971727106 0.2398732970 0.2383693261 0.2714134140 0.2408113694 0.2498286483 0.3699933332 0.4622618052 0.5714009141 0.6637667435 0.7659275340 0.8688726607 0.9433760931 0.9519032459 0.8616486996 0.6958293667 0.5970323653 0.4422518274 0.4009546618 0.2880343859 0.3450106660 0.2615232692 0.2645993868 0.2331000152 0.2336677877 0.1856130756 0.2445570068 0.2274980844 0.2410107575 0.2333792827 0.2535893196 0.2454668109 0.2326437189 0.2161247707 0.2165119105 0.2135195975 0.2311516837 0.2307877788 0.2128995914 0.2582391730 0.2207614884 0.2455869826 0.2324547387 0.3166161930 0.3580152155 0.4327027517 0.5986614664 0.6462600782 0.7719453397 0.8840644068 0.9809509096 0.9196879382 0.8706351850 0.7795819498 0.6451729403 0.5263164765 0.4401050779 0.3814243571 0.2679616392 0.2720457112 0.2638175429 0.2120999742 0.2535608994 0.2306804269 0.2185172886 0.2799109879 0.2278399891 0.2720297082 0.2346042232 0.2101859086 0.2016581127 0.2824795117 0.3020240537 0.2363534413 0.2513474292 0.2842803004 0.2399514432 0.2161750821 0.2832700236 0.2431301458 0.2214466967 0.2974168784 0.3831735140 0.3752489607 0.4651655237 0.6266856082 0.7647094428 0.8755648628 0.9489239279 0.9669933565 0.8796939481 0.8002931225 0.6801925791 0.5587109172 0.4285440094 0.3484099496 0.2356022772 0.2723107688 0.2379539836 0.2883961885 0.2105739354 0.2778965139 0.2949599418 0.2234600195 0.1986847218 0.2394766750 0.2386784608 0.2557425078 0.2389533294
0.1739697957 0.2509733114 0.2268097791 0.2248363374 0.2238690867 0.2238226585 0.2381654724 0.2310654298 0.2332259655 0.2731446015 0.2756942330 0.2527035083 0.2781350437 0.4302919867 0.4875799369 0.6392541508 0.7373953186 0.8303118626 0.9984726475 0.9491212117 0.9074087237 0.7790092131 0.6778741596 0.5296708446 0.4087433826 0.3071701232 0.2793911530 0.2615028630 0.2663762607 0.2181145003 0.1918420957 0.1907828281 0.1804393577 0.2098141602 0.2229774570 0.2059064958 0.2546697973 0.2190573397 0.2469573436 0.2286507543 0.1868935150 0.1988460811 0.1988673799 0.2135278685 0.2207536594 0.2508439219 0.2615803289 0.2499326164 0.2449075552 0.2868067994 0.3075921356 0.3648241032 0.4518322223 0.5501034383 0.6942065193 0.8470260952 0.9149581125 0.9936651804 0.8783341113 0.8273638092 0.6740899815 0.5536204929 0.4355136522 0.3834329880 0.2647811400 0.2635642889 0.1955376133 0.2501346907 0.2365897281 0.2741515073 0.2341014575 0.2196924446 0.2473256348 0.1991714097 0.1955338967 0.2301598513 0.2208406561 0.2548573305 0.2742446943 0.2194311340 0.2398763834 0.2316544935 0.2496142856 0.2569315121 0.2413926220 0.2050125004 0.2595820322 0.2988698419 0.3001391486 0.3473955216 0.4364962067 0.5405803776 0.7008624232 0.8428354538 0.8629491275 0.9254826582 0.9170271427 0.8530726772 0.7216737137 0.5616482979 0.4484992344 0.3807031644 0.3937104672 0.2764213153 0.2797409955 0.2444893542 0.1937805797 0.2746895409 0.2199386507 0.1990500345 0.2045139616 0.2142756229 0.2589629129 0.2836892793 0.2808266913 0.1910965907 0.2080533798 0.2446473337 0.2528286997 0.2397551195 0.2075928020 0.2541933015 0.1961035717 0.2371925225 0.2775648466 0.2466816342 0.3032648320 0.2993604631 0.4099906333 0.4582039957 0.6947786601 0.7568825473 0.8375739107 1.0000000000 0.9147717339 0.8842087698 0.7725449109 0.6072426065 0.5238879119 0.3450202887 0.3521395944 0.3349167700 0.2455435593 0.2478144078 0.2290671921 0.2258242068 0.2172993073 0.2277365519 0.2606054988 0.2181067995 0.2327252631 0.2488064172 0.1854435979 0.2479609930 0.2879244062 0.2165880946 0.2399083575 0.2419831653 0.2620328927 0.2325912206 0.2387635122 0.2547725857 0.2307641617 0.2338313153 0.2862738011 0.3311555959 0.3964540238 0.4766484974 0.6008706146 0.7834377011 0.8531544880 0.9845632399 0.9346193440 0.8743611668 0.8220177249 0.6465204867 0.5459687178 0.4188369026 0.3720380869 0.2800736355 0.2941187491 0.2358983762 0.1989798687 0.2475657351 0.2686254189 0.2323637636 0.2661051771 0.2424839247 0.2020532864 0.2564438235 0.2481637067 0.2326388230
0.1953681329 0.2411937366 0.2354177590 0.1668660007 0.1774954898 0.2138498577 0.2265268235 0.1889585090 0.2548617656 0.2651527572 0.2158307740 0.2975791646 0.3658742821 0.3384148417 0.4950175112 0.6015403944 0.7524278557 0.8665544770 0.9202291107 0.9150472718 0.8423299903 0.7999474468 0.6649238587 0.5494864721 0.3719425253 0.3085746620 0.2689840504 0.2411365934 0.2242031062 0.2584582421 0.1989096636 0.2157844942 0.2240868844 0.1951083116 0.2494733475 0.1567831584 0.2496517317 0.2306353147 0.1807651336 0.2106439465 0.2641047544 0.2348473472 0.2258861533 0.1898041019 0.2388318234 0.1917604454 0.2106233511 0.2713352453 0.2405822856 0.2347743388 0.3163933312 0.3830312980 0.4774180808 0.6209612593 0.7475725640 0.8320282374 0.8965140139 0.9210926781 0.8532460459 0.7951854306 0.6484713681 0.5519712354 0.4085875866 0.3470906656 0.3178035564 0.2452986716 0.2204968390 0.2088740700 0.2666325344 0.2241285760 0.2444266918 0.2159474552 0.1915850558 0.2495031772 0.2056474793 0.2314042924 0.2165344633 0.1929771019 0.1736630781 0.1657545854 0.1965363768 0.1783515325 0.2287853587 0.2331017641 0.2368718149 0.2190776486 0.2447475740 0.1981785017 0.3159121340 0.3718469542 0.4234045122 0.5844589134 0.6772519151 0.8051880813 0.8130153627 0.9164945111 0.9060522739 0.8078080562 0.7098644145 0.5818780573 0.4258303934 0.3451559469 0.3305190197 0.2675980122 0.3090901570 0.2487741774 0.2890557119 0.2766902443 0.2421053028 0.2117442826 0.2817843100 0.2297649871 0.2368765055 0.2236710571 0.2511092018 0.2582508808 0.2519344403 0.2122295583 0.2432745558 0.2426829275 0.2591546338 0.2137222805 0.2002891097 0.2466389436 0.2448014811 0.2635734849 0.3206669994 0.3392264175 0.3937529938 0.5508055997 0.6289286478 0.8068288218 0.9038616782 0.9720828786 0.9518829981 0.8435477884 0.7958782039 0.6289223132 0.4948453358 0.4013650857 0.3046272421 0.3089948520 0.2292109062 0.2689378419 0.2764334454 0.2468300838 0.2099403472 0.2578923868 0.2000508999 0.2927839249 0.2119021067 0.2474615837 0.2250502521 0.2306447297 0.2686720686 0.2373378365 0.1874325383 0.2781830117 0.2266429279 0.2267801647 0.2391190373 0.2560938619 0.2667496057 0.2589894321 0.2958003851 0.3294439321 0.4078390420 0.5166560209 0.6665362808 0.8025169481 0.8784315104 0.9276034154 0.9491542257 0.8998398350 0.8124713350 0.5975429200 0.5252629217 0.5237797787 0.3341655870 0.2709674209 0.2366746837 0.2311274619 0.2160441430 0.2346458215 0.2450152905 0.2596871991 0.2157389256 0.2328985166 0.2752532860 0.2320232186 0.2550068758 0.2660685792
0.1892288562 0.2302028231 0.2603453225 0.2344015887 0.2331580514 0.2129421649 0.2325547598 0.1743582151 0.2048448727 0.2171944603 0.2410036169 0.2820541440 0.3734839895 0.3892623739 0.4923698072 0.6176388180 0.7630226615 0.8697415071 0.9755420409 0.9302274035 0.8540095673 0.7493983072 0.6274858732 0.5048320440 0.3681785424 0.2974454088 0.2665316367 0.2557569233 0.2054912743 0.1505402628 0.1793410674 0.2444519232 0.2245965255 0.2412530705 0.1861472207 0.2255647303 0.2107492661 0.2103136980 0.2277147199 0.2298653901 0.2410087441 0.2368450374 0.2514599725 0.2223198806 0.2109445374 0.2158425460 0.2330046701 0.2187770378 0.2811490580 0.2888148370 0.3104406927 0.3836769541 0.4507827187 0.5632270357 0.6775111448 0.7921731876 0.9002060419 0.9007627591 0.9263034829 0.8140426191 0.6549530602 0.5349988273 0.3844884231 0.3454165246 0.3071168778 0.2476231461 0.2107306413 0.1948491941 0.2466832001 0.1788359671 0.2153469794 0.2106209719 0.1757899993 0.2084358828 0.1811442478 0.2312592969 0.1897825143 0.2482126915 0.2252489237 0.2555756870 0.2086564478 0.2146803863 0.2286868736 0.2412738867 0.2064856169 0.2259900625 0.2605486917 0.2527201408 0.3126051707 0.3637337542 0.4901079102 0.5721326273 0.7001422500 0.7776437603 0.9372602038 0.9786771684 0.9035837298 0.7560361090 0.7006731442 0.5012790675 0.4650606172 0.3762547243 0.2950068463 0.2583241190 0.2056182009 0.2721634702 0.1820319508 0.2145961667 0.2103002591 0.1871021810 0.2326451986 0.1843599768 0.2279328495 0.2281378585 0.2055790902 0.2239209730 0.2113403812 0.2285902134 0.2485690658 0.2428520673 0.1467182847 0.2414076161 0.2646460055 0.2080119674 0.2228643111 0.2719210052 0.3090238398 0.4054251342 0.4388024279 0.5096305030 0.6269847943 0.7898742738 0.8794334578 0.9836385494 0.9686827052 0.8506110689 0.7224501694 0.5986820319 0.5147921291 0.3513620718 0.3456229705 0.2860730614 0.2259229704 0.2360368192 0.2603038199 0.2326149004 0.2018424083 0.2047621608 0.2214511878 0.2512255472 0.2683730280 0.2766490997 0.2362153042 0.2270466784 0.2202496039 0.2347090463 0.2218954563 0.2411802234 0.2153165834 0.2494947484 0.2028650321 0.2801858508 0.2618322250 0.2298788978 0.2555664482 0.3304945701 0.3881897190 0.5179286019 0.6444001215 0.8236185310 0.8829710054 0.8952165810 0.9642527438 0.9329115853 0.7769748562 0.6597695979 0.4817128267 0.3720325168 0.3277771579 0.3418906008 0.1850676376 0.1990324155 0.2760257678 0.2389173723 0.2139399209 0.2382644860 0.1948951966 0.2615352148 0.2224390426 0.2295930545 0.2011815539 0.2027397070
0.2127131513 0.2194953647 0.1876474791 0.2288670656 0.2043625678 0.1941472556 0.2053099956 0.2027411428 0.1806860463 0.2259662107 0.1681632706 0.2715036401 0.2989188082 0.3853481169 0.5111423670 0.6581778116 0.7171725461 0.8974098908 0.9633579006 0.8869095786 0.8461077539 0.7508286327 0.5808691665 0.5046908886 0.3327790561 0.2980400902 0.2558069713 0.2714947232 0.2160390142 0.2169273093 0.2099581667 0.2122929953 0.1981236073 0.2067084857 0.2001024754 0.2134508685 0.2135788276 0.2186479628 0.2116931110 0.2304018573 0.2031979659 0.2201399445 0.2150901697 0.2316260437 0.2311746662 0.1787139505 0.1709454979 0.2448090206 0.2341588571 0.2202871943 0.3028088453 0.3477204016 0.4713306541 0.6064268231 0.7576032910 0.8338135650 0.8802426440 0.9761970989 0.8690707833 0.7373828779 0.6619462016 0.4912437035 0.4146744257 0.3514453568 0.2622119250 0.1760829825 0.1704708406 0.2390730265 0.1909416164 0.2443940745 0.2315551390 0.1988426954 0.1942979842 0.1697956383 0.2051363837 0.2134109028 0.1780675631 0.2346303956 0.2056023490 0.2220617211 0.2143265873 0.1960026264 0.2288986565 0.2034223543 0.2326411480 0.2538017709 0.2656891536 0.2605898270 0.2688531992 0.3125519350 0.4111206690 0.5344119168 0.6665148623 0.8239776396 0.9012871938 0.9648131638 0.9117578096 0.7670924387 0.6873208984 0.5677660522 0.4522216918 0.4067287697 0.2732230657 0.2741693723 0.2144640422 0.1770942580 0.2074281431 0.1924235997 0.1947824088 0.2093471468 0.2224316639 0.1480332507 0.2000899004 0.2028231304 0.2159921955 0.2744594528 0.1934445628 0.1984135390 0.2564340504 0.2285888374 0.1975961640 0.2713551420 0.1407843517 0.2002818161 0.2581971415 0.2900594769 0.3036430706 0.3244458371 0.4424202048 0.5631575686 0.6410317169 0.8447751114 0.9165453060 0.9464840276 0.9732478155 0.8312747140 0.6847758316 0.6275939773 0.5335132586 0.4031081944 0.2892893738 0.2703585261 0.3061492011 0.2324733077 0.2701229407 0.2675704806 0.2457547670 0.2271722732 0.2610100744 0.2393139643 0.2011566062 0.2359570134 0.2529504138 0.2413071165 0.1824583646 0.2281612554 0.2177175103 0.2546782823 0.1657627400 0.1827411338 0.2291814474 0.2319165540 0.2477213856 0.2719613168 0.2514403363 0.3098630399 0.4317567314 0.4881587195 0.6168045887 0.7842298681 0.8779516529 0.9413169057 0.9597890884 0.7949421816 0.6945284669 0.6388251690 0.4740005329 0.3392705790 0.3093737941 0.2466621549 0.2225595513 0.2745999477 0.2863365269 0.1994005360 0.2628005463 0.2734943947 0.2327423977 0.2938462589 0.1998642027 0.1899809857 0.2388225859 0.2108764867
0.1394518256 0.1847771435 0.2065606657 0.2216496314 0.1939055323 0.1900392468 0.2096271669 0.1719660870 0.2126954116 0.2031092731 0.2289808627 0.2995421427 0.3231942724 0.3297020633 0.4587010766 0.5962729897 0.7538899554 0.8367917984 0.9176594081 0.8862926749 0.8150027086 0.7294089007 0.6567009618 0.4776578606 0.4015095182 0.2612683451 0.2418949264 0.2147342124 0.2390070973 0.1708878374 0.2369469272 0.1862312395 0.2013286760 0.2024240222 0.1338618945 0.2006782674 0.2306238742 0.2171762269 0.2238470926 0.2034425666 0.1843832519 0.2308866624 0.1432274928 0.2013436463 0.1801058314 0.2222905785 0.2075453999 0.1820426417 0.1999799491 0.2522718685 0.3277337717 0.3688302725 0.5169386626 0.6088697755 0.7150855980 0.8343282815 0.9123709786 0.8796117253 0.8742273910 0.7144866341 0.6514263939 0.4692211733 0.3668231323 0.3448260479 0.3231753361 0.2189096434 0.1324799576 0.2338983517 0.1764658362 0.2562557187 0.2308873030 0.1987984715 0.1713580658 0.1851937687 0.2272012474 0.1840493641 0.2179814681 0.2011747003 0.2177823342 0.1926111592 0.1616253516 0.2152432293 0.2257756618 0.2295283056 0.1854367378 0.2816848595 0.1900272265 0.2265400356 0.3579323282 0.3897089604 0.4269310185 0.6312478694 0.7072743540 0.7900981420 0.9430525289 0.8774792783 0.9300908425 0.8083334239 0.6270004035 0.5324800231 0.4259027645 0.3573346260 0.3142686153 0.2720668048 0.2201340322 0.2570804717 0.2358382352 0.2114796848 0.1923876142 0.2035985415 0.2172690777 0.1897721267 0.1997835961 0.2190404875 0.1890854776 0.2238169448 0.1998094659 0.1949682643 0.2016917149 0.1730755656 0.2447371843 0.2672459986 0.2060747206 0.2781600717 0.2373644566 0.2287380372 0.2945696280 0.2864121904 0.4367020477 0.5785466810 0.6819788391 0.8101765727 0.8574555715 0.9341920952 0.9021137058 0.8233727929 0.7339870161 0.5687167781 0.4681268703 0.3496025878 0.3199254746 0.2368588389 0.2467853792 0.2290079451 0.1716968311 0.2085869166 0.2133249790 0.1990623275 0.2040078431 0.2285152399 0.2681516668 0.2305654626 0.2127293741 0.2365133915 0.1950994241 0.2564447096 0.1992007004 0.2246421904 0.2480198923 0.2499732928 0.2388975060 0.1965101462 0.2562933645 0.2851100332 0.2332668795 0.3429116302 0.4294573724 0.5000069800 0.6687449388 0.7983116288 0.9120866206 0.9521396368 0.9654178323 0.8445905232 0.6880777905 0.5932878525 0.5065320229 0.3750629992 0.2993572120 0.2524361158 0.2399461655 0.2136574695 0.2129965705 0.2058140586 0.2381714338 0.2574532566 0.2508908279 0.2388590832 0.1983722223 0.2062759616 0.2144633786 0.1956269524
0.2165164283 0.1798812267 0.1688281695 0.2077561303 0.2236110257 0.2174622023 0.2176928249 0.2109265442 0.2169054860 0.2056573912 0.2390053987 0.2474185902 0.2822063447 0.4150938133 0.5198618093 0.5876868921 0.7442601796 0.8268708044 0.9634661470 0.9257947980 0.8212734481 0.6925238873 0.5504705649 0.4098535449 0.3936419951 0.2384543531 0.1773549232 0.2107465736 0.1932706082 0.1662882547 0.1878158271 0.1571658128 0.1831914353 0.1904467179 0.2200111091 0.1975052350 0.1780294485 0.1608172620 0.2080804243 0.2457607741 0.1610693661 0.1964167964 0.1631354476 0.2192286385 0.2002322082 0.1692831105 0.1728739194 0.2175459241 0.2043268711 0.2920185794 0.3063012522 0.3770585280 0.5019844681 0.6051155051 0.7292911755 0.7894654509 0.9206210917 0.9109677438 0.8003958245 0.7506711921 0.6064496884 0.5058835328 0.3697050386 0.2977164601 0.2503336622 0.2214024142 0.2106159962 0.1922342692 0.1761217888 0.1627793820 0.2421853095 0.2300921575 0.2658780379 0.2012160282 0.1978575886 0.1780662855 0.2208445138 0.2351198328 0.1954717365 0.1997819591 0.1605974939 0.1803439488 0.2353252421 0.1872926015 0.2029086684 0.2183529260 0.2670023647 0.2247741240 0.3112843031 0.3612169168 0.4597349072 0.5855832604 0.7631881965 0.7884771005 0.9176185045 0.9315203854 0.8273139381 0.7715885128 0.6416565594 0.5442884883 0.3917812429 0.3242484123 0.2595141846 0.2851496528 0.2199998514 0.2202992671 0.2164849298 0.2105820387 0.2289077059 0.1936343919 0.2420939521 0.1922671915 0.2152708481 0.2047168402 0.1297513717 0.2067567427 0.1863552995 0.1775501862 0.2165717867 0.2185842507 0.2340790669 0.2295361236 0.1799011826 0.1815507010 0.2221198508 0.2499137523 0.2573543690 0.3627250697 0.4451484189 0.5901706567 0.6739678614 0.7845454957 0.8776216803 0.9517819390 0.9413116130 0.8078051977 0.6444599669 0.5368426817 0.4306602602 0.3195434640 0.3223166616 0.2270110300 0.2506562386 0.2116606877 0.1541669568 0.1506139054 0.1970286761 0.2365983981 0.2401261404 0.1578024954 0.1971201317 0.2093208584 0.2405305179 0.2293459148 0.1806177576 0.2175457217 0.2268427843 0.1944437733 0.1979217840 0.1871336573 0.2239580258 0.2114402457 0.1971525907 0.1917047049 0.3013542627 0.3278353819 0.4345783892 0.5188186741 0.6340684751 0.8014981455 0.8955838009 0.9181527919 0.9141525516 0.8318118608 0.6750821279 0.6205193449 0.5032909968 0.3298305568 0.2908249612 0.2650753444 0.2122970064 0.2554360005 0.1822199884 0.1839882608 0.2233179963 0.1971666562 0.1866438836 0.2508272199 0.1855309285 0.2257932714 0.2065215636 0.1236097674
0.1826845018 0.1752010644 0.1978106284 0.1269928864 0.2028969090 0.2144009806 0.2126313112 0.1456447096 0.2306899483 0.1621969827 0.2437918107 0.2348704625 0.3012207304 0.3825301932 0.5343245760 0.6248716229 0.7625973370 0.8585026727 0.8615531086 0.9107327292 0.8160495884 0.6933429693 0.5266875127 0.4561399442 0.3396301193 0.3069696430 0.2341449108 0.2241779825 0.1858219571 0.1796984650 0.2101406986 0.1970024575 0.1926945496 0.1595633679 0.1775303645 0.1610528153 0.1917641936 0.1864546753 0.2758400451 0.1277293715 0.1826351089 0.1477804257 0.1455877652 0.2096659471 0.2402649893 0.1804881920 0.1606072368 0.1931943909 0.2202056023 0.2790256582 0.3625921026 0.2917775386 0.5130549475 0.6016408085 0.7199683863 0.7879410365 0.8999154288 0.8741883405 0.8876911541 0.7164103380 0.6009128139 0.4460347318 0.3837582099 0.2792538555 0.2597458623 0.1726573219 0.2404754477 0.1997817319 0.2034296176 0.1720911527 0.1968900012 0.1738236211 0.1688553863 0.1913743740 0.2202255400 0.2393901418 0.1734777770 0.1981290986 0.1489343593 0.2561023158 0.2418831800 0.1539789350 0.1708753783 0.2129229292 0.1674774227 0.1826959188 0.1960666435 0.2117605694 0.3668233474 0.3311522293 0.4483943755 0.5463176446 0.6833006952 0.7951198559 0.9152890529 0.9128435655 0.8483242664 0.7852605934 0.6392191644 0.4910403968 0.3962373990 0.3344769526 0.2863504806 0.1959589553 0.2195281900 0.1657804960 0.2534920700 0.1990452195 0.2090011985 0.2165184460 0.1973949353 0.2120417382 0.2255132494 0.2184160801 0.1754230174 0.1798800650 0.1825085025 0.1599332548 0.2588335418 0.1606469334 0.1884037558 0.2189435032 0.2114250076 0.1798760732 0.2127820447 0.2542616286 0.2640461733 0.3230304560 0.4363000880 0.5943272412 0.6633144748 0.8065170540 0.8747207568 0.9203506755 0.8958933933 0.7570675051 0.6627938654 0.5265232292 0.4142798134 0.3403911192 0.2872035342 0.2538317687 0.1890455187 0.2129980141 0.1769744766 0.2570811060 0.1972735758 0.1616831814 0.2171620592 0.2378693815 0.2092555596 0.1974827403 0.1979019223 0.1473325170 0.1913741238 0.1762422462 0.2663200130 0.2228418774 0.2501937622 0.1824058379 0.2319414896 0.2507118934 0.2136408457 0.2248899237 0.3090722167 0.3361031447 0.4036825558 0.4973913512 0.6544647405 0.7608188891 0.8852617414 0.8802932437 0.9136159031 0.8507038939 0.6985560495 0.5710189764 0.4043786862 0.3548290151 0.2493795724 0.2509931529 0.2455791452 0.2047861010 0.1960300788 0.2160312733 0.2101424365 0.1965494296 0.2161005868 0.1408916730 0.1652050662 0.1764256797 0.2144804687 0.2394530536
0.2019820686 0.1521180510 0.1839666541 0.1792116194 0.1716143120 0.1870513415 0.2350881563 0.1887293381 0.1905740172 0.2009970642 0.2667009049 0.3116747371 0.3234159766 0.3847987005 0.4847643038 0.6203767228 0.7123742381 0.8197811261 0.8586894424 0.8517886148 0.7616314104 0.7134218859 0.5309297092 0.4255074743 0.3610326712 0.2116792856 0.2216273496 0.1963750911 0.2205619759 0.1922242376 0.1500589385 0.1657908409 0.1612301053 0.1447839090 0.1941693146 0.1667997556 0.2028923212 0.2229292201 0.1916962263 0.2380060802 0.1564285504 0.1738342406 0.1960465653 0.1760714663 0.1709932578 0.2513893055 0.2035523291 0.1974591109 0.1967460679 0.1986554841 0.3337347496 0.3307142183 0.4396691733 0.6068865194 0.7858073778 0.8548876092 0.9215003496 0.8437677924 0.8659518938 0.6944002886 0.5649944239 0.4573985946 0.3300561825 0.2676613413 0.2544359626 0.1832970330 0.1600001497 0.2056666781 0.1607887041 0.1790887968 0.1811345981 0.2067656157 0.2138419329 0.1888336752 0.1619678686 0.1395467162 0.1693661604 0.1410201719 0.1930540247 0.1955787308 0.2028129742 0.2258949042 0.1791729002 0.2023150392 0.2352434621 0.1815877501 0.1936325609 0.2298243476 0.2842301712 0.3886404689 0.4308553577 0.5518963448 0.7302181086 0.7765230776 0.8812210869 0.8910007184 0.8438836371 0.7558976136 0.5986174273 0.5210379987 0.4014862423 0.2987480841 0.2345839697 0.2109383417 0.2250846749 0.1811662731 0.1761271373 0.2133828784 0.1561559314 0.1529211245 0.2241190227 0.1473184582 0.1623008670 0.1907825273 0.1996096602 0.2023154241 0.2076659386 0.2298390999 0.2063489190 0.1678489017 0.1763726344 0.1779828484 0.1871845024 0.1812272768 0.2406470625 0.2299687490 0.2095201128 0.3675124433 0.4163544676 0.5393832631 0.7023327193 0.8098470797 0.8874075824 0.9327113495 0.8480927735 0.7280753902 0.7096713804 0.4841397648 0.3671596197 0.3036395969 0.3032327306 0.2006882114 0.1886156696 0.2131808909 0.2057060838 0.1829779114 0.1898395232 0.2003349231 0.2123043913 0.1625149658 0.1828628069 0.1919333889 0.1586683323 0.2041870775 0.2050851196 0.2007551146 0.2155209845 0.1965529930 0.1585897540 0.2010314862 0.1973763599 0.2019954688 0.1864759389 0.2643173128 0.2892422146 0.3181348834 0.4454212053 0.5215946259 0.6316841484 0.8211908891 0.8964150637 0.8954654002 0.8820408149 0.7981727728 0.6739189196 0.5289141780 0.4144526434 0.3392590382 0.3163758171 0.2633975935 0.2380793043 0.2418602395 0.1835787030 0.2477445267 0.1704650202 0.2136904298 0.2201870500 0.2111047983 0.2054516959 0.1983868057 0.1598151139 0.2174466766
0.2154504156 0.1546658271 0.1853450874 0.2311826572 0.1739048713 0.1622558998 0.1462028743 0.1800276545 0.1794006395 0.1777078306 0.1654591563 0.2463735376 0.2744968842 0.3710620464 0.5396485972 0.6335260373 0.7601345136 0.8519214855 0.9094984877 0.8978637497 0.8145323390 0.6848194876 0.5269702449 0.4363653432 0.3053073782 0.2510532429 0.2453430529 0.2085990927 0.2271913377 0.1630144900 0.1555449138 0.1471163471 0.1788812505 0.1904990727 0.2143620174 0.1797409459 0.1594062144 0.1247063711 0.1571448900 0.1950193738 0.1558130556 0.1867616887 0.1667834596 0.2162717487 0.1724408259 0.0961562696 0.1739391726 0.2180339549 0.2051140336 0.2345832857 0.2874479425 0.4055422270 0.5163873296 0.5863977783 0.7360255275 0.8193022629 0.8924320994 0.8229312391 0.8068065415 0.6676592938 0.5665047111 0.4833412850 0.3317721822 0.2896050419 0.2363152220 0.1685065822 0.1643321976 0.1776806332 0.1830809722 0.2025701645 0.1726474147 0.2029979892 0.1723179902 0.2012934015 0.2262077024 0.2074918348 0.1813609045 0.1802185381 0.1731230528 0.1856558635 0.1865579147 0.2040000128 0.2353946895 0.1940628591 0.2233264802 0.2214318359 0.2633698351 0.2190820203 0.3000323353 0.3830886475 0.4041933522 0.6182558796 0.7084337680 0.8478154004 0.8969178926 0.9022267414 0.8272708500 0.7490058521 0.5889265121 0.5022194324 0.3655949775 0.3053596896 0.2415178122 0.2372757990 0.2033666358 0.1869912128 0.1623147841 0.1473182466 0.2020977745 0.1805346724 0.1694462139 0.2299594073 0.1191873265 0.1893461757 0.1899983754 0.1892764486 0.2149815984 0.1537952888 0.1753451642 0.1883370607 0.1772429402 0.2028191597 0.2257500531 0.2062765839 0.1356142198 0.2377756592 0.2938840649 0.3258478007 0.5017231535 0.5664103565 0.6864352397 0.7820044458 0.8611814101 0.9515062507 0.8665771756 0.8069048776 0.6336933767 0.4756455858 0.3955623599 0.3386151335 0.2534390126 0.2168759275 0.1997557826 0.2341108054 0.1800514880 0.1860790860 0.1677384184 0.1968693667 0.1876792360 0.1722187835 0.2214827839 0.2364005097 0.2433686635 0.2132627432 0.2191217016 0.2025672897 0.1986301603 0.1794505326 0.1756047450 0.2091431507 0.1733395558 0.2291813032 0.2325727044 0.2980914372 0.2872667602 0.3782830992 0.3674523175 0.5260138613 0.6566675105 0.7962920482 0.8557087673 0.9016424425 0.8730957484 0.7627656631 0.6940728332 0.5864566050 0.4623818971 0.3217765127 0.2802314521 0.2275077762 0.1949645784 0.2110916385 0.1341954715 0.2086123320 0.1620119041 0.1678129881 0.2110817856 0.2704135926 0.1596212535 0.2086355350 0.1960093840 0.1630087057
0.1624962820 0.1722266595 0.1598717149 0.1579985757 0.1333454672 0.2140841185 0.1770919478 0.2155443954 0.1737866605 0.1651792871 0.2609458191 0.2510539800 0.3224482102 0.4149479137 0.5673290568 0.6228216904 0.8065463019 0.8840748930 0.8802430079 0.8100410431 0.8132478122 0.6649489614 0.4964268744 0.4106744357 0.3410731041 0.2319346586 0.2473208130 0.1384656024 0.1984842773 0.2111741767 0.1991008362 0.1993461390 0.1549512112 0.1273539480 0.1810408547 0.2000836268 0.2453780945 0.1291147251 0.1413104895 0.1843692305 0.2243701544 0.1936843872 0.2056043641 0.2083414775 0.1966194095 0.1500050677 0.1540568503 0.2502890512 0.2025088254 0.1927404156 0.2899550690 0.3481958170 0.5138769747 0.5949881472 0.6919455478 0.8446545174 0.9043106814 0.8650236132 0.7828611638 0.7054834872 0.5675897419 0.4425392041 0.3625769227 0.2206284064 0.2037622049 0.1511979554 0.1829161389 0.1718277137 0.1473840937 0.2159735349 0.1942573248 0.1748397160 0.2077029231 0.1783724403 0.1917650482 0.1757232302 0.2377478041 0.2074340432 0.1810832828 0.1400482218 0.1904508224 0.1935096722 0.1718856058 0.2065012287 0.1730587943 0.1873508026 0.1469497325 0.2541687653 0.2793269817 0.2961541508 0.5041816630 0.5690221367 0.7620118587 0.8081078413 0.9371787530 0.8677887464 0.8377077726 0.7372860323 0.6188291975 0.4946868982 0.3306348721 0.2979138153 0.2234063778 0.1817442168 0.1683031751 0.1954191629 0.1263900992 0.2474020807 0.1651088701 0.2009686518 0.1732115252 0.1716713012 0.2131272241 0.1831876829 0.1918422465 0.1758527189 0.1960842942 0.1793776378 0.2103929506 0.1920885588 0.1969389012 0.1910864391 0.1829968600 0.1418765910 0.2667308320 0.2434604892 0.3182796814 0.3300991511 0.4208251195 0.5353305148 0.6789460373 0.8043256543 0.8575619579 0.8483127462 0.8042473239 0.7804127997 0.6507010306 0.5323881734 0.4101117273 0.3481000924 0.1672110401 0.2695738676 0.2588322892 0.2241237616 0.2000795917 0.1945276962 0.1896562920 0.1937271370 0.1964397207 0.2389726834 0.1966795127 0.1872208482 0.2147311855 0.2360264183 0.2116941788 0.1866051106 0.2096393539 0.1662383648 0.1623675403 0.2055547068 0.1712360226 0.2248332005 0.2178260401 0.2237577007 0.2517974393 0.3418412977 0.3916164599 0.5113831678 0.6793444999 0.7718656204 0.8959586599 0.9035919949 0.8846348155 0.8412280525 0.7338831979 0.5887893746 0.4456405460 0.3687790692 0.2740773728 0.2334687518 0.1898229033 0.2221853236 0.1874544761 0.2015202010 0.2429358959 0.1989309964 0.1907983875 0.1417645865 0.1843366415 0.2097037085 0.1914809599 0.2284936170
0.2018981858 0.1571119296 0.1516496441 0.2229122838 0.2047081855 0.1582404125 0.1986512773 0.1955537407 0.1824863674 0.1267838934 0.2256951372 0.2510634992 0.3560294088 0.4124932913 0.5893238652 0.6783793493 0.7988830621 0.8640477731 0.9193770355 0.8423006615 0.8514091416 0.6463258512 0.5336046079 0.3817537706 0.3428069971 0.2683697268 0.2411523324 0.1792774856 0.1539616639 0.1735881077 0.2152547598 0.2309049250 0.1368083661 0.1570139707 0.1786215434 0.1705057227 0.1723749966 0.2089247318 0.1665444169 0.1310552920 0.1628386967 0.1799948603 0.2380130583 0.1460732807 0.1485415632 0.2051872896 0.2196127985 0.2254421573 0.2020114948 0.2695684496 0.3136043326 0.4043657635 0.4727795442 0.6127827441 0.7540990362 0.8495200500 0.9238556772 0.9015844153 0.7843953499 0.6917562299 0.5626714637 0.4138667469 0.3413525736 0.2005095481 0.2404392121 0.2407518783 0.2170019505 0.1616382315 0.2420008526 0.1857483068 0.1709923113 0.1536462253 0.2092563216 0.2265149594 0.2161420305 0.1667575906 0.1818555880 0.2025483023 0.1789191122 0.1762834834 0.1869766319 0.0967550728 0.1638978151 0.1786559714 0.1821368895 0.1376064668 0.2015103364 0.3004049788 0.3015842708 0.3547528231 0.4445442705 0.6146578347 0.7298180098 0.8649599566 0.8687279593 0.9100788943 0.8886085111 0.7459167216 0.5560213686 0.4843101976 0.3573487465 0.2656338994 0.2243239801 0.1708458460 0.2514524754 0.1919281889 0.1798081277 0.1848428858 0.1687917193 0.1804153115 0.2266791903 0.1858771158 0.1642543598 0.1666454628 0.1688434891 0.1717853677 0.1908341447 0.1813626003 0.1862361836 0.1913507764 0.1426823508 0.1362625881 0.2059219376 0.1633118831 0.1976931555 0.2902584043 0.2802726217 0.3686618521 0.4979011454 0.5458419357 0.6800642076 0.7763343824 0.9437287965 0.8949886805 0.8823695194 0.7628952886 0.6333970519 0.4967723926 0.3682043688 0.3028421571 0.2579965178 0.2088671637 0.1725036478 0.1693107238 0.1883130830 0.2150815877 0.2174134616 0.2367556505 0.1821319369 0.2253512189 0.1613279778 0.2048098083 0.1463131197 0.1553984053 0.2232000116 0.1986136530 0.2066898663 0.1864513181 0.2122137367 0.1799046670 0.2291211093 0.1824664050 0.2069650196 0.2579697357 0.2412681369 0.3541226114 0.4160358635 0.4800093123 0.6312317673 0.7850263635 0.8458434952 0.9143181885 0.8769159295 0.7782523327 0.6665044867 0.4769070838 0.4130360837 0.3769925060 0.2618137206 0.2212897088 0.1852424583 0.1919181111 0.1424222990 0.2044947739 0.2268580960 0.1948127213 0.2012177379 0.2077268764 0.1602836317 0.1882789043 0.2260004130 0.1830808824
0.1840863685 0.1949548525 0.1766770069 0.2363361641 0.1731528134 0.2294113944 0.2538994792 0.2088172636 0.1907494770 0.1598967874 0.2116428430 0.2742928539 0.3172012409 0.3873536223 0.4848251922 0.6491504970 0.8097687628 0.8803510784 0.8975894386 0.8423654069 0.7529965455 0.6072127121 0.5112203942 0.3948432270 0.2912114621 0.2987755070 0.2164562607 0.2355261263 0.1855810518 0.1829274491 0.2062492709 0.1717653061 0.1869641643 0.1851481592 0.2428521295 0.1523564467 0.2149710111 0.1823307653 0.1590095072 0.1877553671 0.1810112482 0.2395580329 0.1958452133 0.1857475114 0.2622079447 0.1858422768 0.2356577584 0.2085034988 0.2312352761 0.2240558648 0.2848557270 0.4082251469 0.4796059701 0.6168750017 0.7208506284 0.8604966296 0.9612337939 0.8669980227 0.8435963327 0.6634408823 0.5457626362 0.4233366858 0.3163777254 0.2735123108 0.2265411324 0.1907850209 0.1614557270 0.1664386845 0.2170541418 0.1784962055 0.1982143545 0.1858016847 0.1490356568 0.1765561142 0.1346331876 0.1432536132 0.2015977072 0.2138686948 0.1467111929 0.2176593704 0.1944015670 0.2022147264 0.1937377428 0.1873471311 0.2265736049 0.1996995905 0.2707947707 0.2413933372 0.3173462934 0.3810154660 0.4913775789 0.6189146982 0.7054823694 0.8787873088 0.9388619229 0.9077234100 0.8492644251 0.7258499490 0.5511448944 0.4490820566 0.3627467725 0.3088995957 0.2373739738 0.2451586454 0.2105925441 0.1955165069 0.2405260404 0.1685724815 0.1719791358 0.2020496044 0.1915058507 0.1829484418 0.1748034033 0.2146672236 0.2217109036 0.1565726870 0.2282700615 0.2175391184 0.2077421418 0.1981289644 0.2145549108 0.1788883880 0.1811230018 0.2210106164 0.2170817138 0.2554390688 0.2922881425 0.3354238003 0.4336495491 0.6057555575 0.7387701558 0.8522887414 0.8997275489 0.8956670462 0.8788475068 0.7283753377 0.6188591863 0.4642046130 0.4367596910 0.2699329564 0.2513428736 0.1787902075 0.1825391096 0.1943085773 0.1660018469 0.1867758389 0.1496622082 0.2353048049 0.1572896848 0.1637121165 0.2257638937 0.1750603165 0.2265648851 0.2723754941 0.1905595773 0.1764048410 0.2266705612 0.2229018654 0.2244885964 0.1964518179 0.2268421555 0.1662475380 0.2850798921 0.2758080370 0.2821067632 0.4057839754 0.4786847363 0.6028262023 0.7135982730 0.8348269994 0.9032076392 0.9524963850 0.8512477192 0.7821727659 0.6084972232 0.5762906881 0.4148518540 0.3084236821 0.2553571224 0.2373637656 0.2325935638 0.2254356786 0.1921516749 0.2008751543 0.2381766912 0.1961718723 0.1908492349 0.2228356441 0.2357915561 0.2256985155 0.2394544780 0.2246127638
0.2264137690 0.1397072901 0.1862301795 0.1511314052 0.1942096341 0.1678772938 0.1720691104 0.1396850444 0.2017838800 0.2391663290 0.2217917892 0.2540183408 0.3236562642 0.5106650097 0.5212403674 0.6665661449 0.7852566560 0.8738314689 0.8502426317 0.8214460447 0.7270229562 0.6108216849 0.5018003968 0.3768707997 0.3292756193 0.2374222180 0.2175015705 0.1818686613 0.2069962261 0.1883872604 0.2327702027 0.1509192164 0.1913623723 0.1794623241 0.1602011086 0.2041620515 0.1840157748 0.1771671814 0.1773989488 0.1655009458 0.2300726426 0.2179565919 0.2082074403 0.1982637881 0.1874670011 0.2355585474 0.2020601463 0.2194628303 0.2579413299 0.3036246294 0.2849992517 0.4208913045 0.5178683685 0.6749999192 0.7704797530 0.8309242452 0.9270464140 0.8798805372 0.7983468829 0.6828019246 0.5165088221 0.4477955312 0.3616805197 0.2285971746 0.2143968969 0.2553320020 0.1913458283 0.1835151227 0.1856080207 0.1928608684 0.2050551174 0.1360971038 0.1868331171 0.1522049316 0.1778180127 0.1928284607 0.2197545929 0.1855466944 0.1390975984 0.1734924465 0.1974702973 0.1564323898 0.1836751749 0.2285228772 0.1667934871 0.1757701691 0.2290686202 0.2493700846 0.3329304215 0.3865331814 0.4839568182 0.6423996872 0.7290465339 0.8795489910 0.9103580328 0.9599694407 0.8182832694 0.7074499821 0.5829358922 0.4652186333 0.3327679392 0.3114334036 0.2527082667 0.2324464008 0.2274023617 0.2444068070 0.2509832526 0.2188845575 0.1715618105 0.2123214477 0.1981294612 0.1705223658 0.2332615677 0.2074393781 0.2143670901 0.1827380261 0.2350677436 0.2531233866 0.2273841068 0.1751929064 0.2211538003 0.1935464693 0.2267287014 0.2085760100 0.2415257957 0.2363915145 0.3202084903 0.3881185019 0.4886827962 0.5973302604 0.7509738280 0.8765227383 0.9215382813 0.8854023137 0.8767912035 0.7381945134 0.6045216327 0.4875749020 0.3623602153 0.3308851159 0.2473963861 0.1899627307 0.1996383735 0.2272673523 0.2110604915 0.2012479276 0.1812314331 0.1976769274 0.1886702055 0.2474412628 0.2125428946 0.1569598630 0.1960409980 0.2570709304 0.1684648198 0.1975374666 0.2617314762 0.2038334973 0.2638420105 0.2333395456 0.2205757270 0.2061133433 0.2257320785 0.2605338891 0.2997338332 0.3696746496 0.4668420697 0.6022059314 0.6953347609 0.8313668491 0.9242870733 0.9239939317 0.9007671521 0.7236413429 0.7003668485 0.5042307911 0.4640655534 0.3134897753 0.3104470893 0.2738494544 0.2238592906 0.1526688465 0.1820814434 0.2080889247 0.2259764617 0.2258044159 0.1697920121 0.1757389340 0.2108330474 0.2094383571 0.2036985417 0.2502744203
0.2321813560 0.2022200953 0.2668598394 0.1567971724 0.1961309264 0.2084585594 0.1113651651 0.2407853710 0.1944404836 0.1984885322 0.2757240293 0.2508616588 0.3811580140 0.4651365858 0.5529732241 0.7135979241 0.8010500833 0.8753720107 0.9138910409 0.8087596872 0.7377390884 0.6484641619 0.5098940880 0.3767205131 0.2946440601 0.2590136750 0.2845313117 0.2069837337 0.1585775831 0.2004828137 0.1873319325 0.2233468686 0.1749868778 0.1806945768 0.1557471637 0.1629376140 0.1859252796 0.1976755593 0.2069380999 0.1504557817 0.1896783312 0.1856821613 0.1590839435 0.1686322569 0.1757180733 0.1902313205 0.1904609641 0.2249140112 0.1989564346 0.2809707748 0.3001073131 0.4317696366 0.5203028130 0.6567740097 0.7661151930 0.8229353854 0.9422079921 0.9047833956 0.8327373760 0.6859171093 0.5400245459 0.4858929555 0.3078673980 0.2541373333 0.2394577852 0.2167780802 0.1601703753 0.1976375772 0.1931126420 0.2181446932 0.2295443176 0.1802696146 0.1965476844 0.1777209042 0.2155730834 0.2170300842 0.2208805248 0.2800711285 0.1879488258 0.1540180373 0.1650151188 0.2290301638 0.1771668509 0.2339178044 0.2381820508 0.1565512250 0.2576522641 0.3014463901 0.3352347089 0.4223012541 0.5014888952 0.6423355658 0.7714573224 0.8627285792 0.9229261367 0.9302470482 0.7825405621 0.7312285101 0.5838585769 0.4574765894 0.3744671361 0.3054418040 0.2198440367 0.2253520927 0.2349413465 0.2447778521 0.1980584905 0.2527449665 0.1843848596 0.1771241747 0.1925241442 0.1834262342 0.2038433769 0.2378942570 0.2522057505 0.1973550916 0.2534145489 0.2094308686 0.1536417707 0.2055978081 0.1989581253 0.1891976598 0.2689650162 0.1770731551 0.2613256926 0.2463153862 0.3218474529 0.3739697818 0.4869731101 0.6457510194 0.7534040072 0.8909613682 0.9374076809 0.9441238510 0.8684855970 0.7520042033 0.5633011248 0.5154028449 0.3620196593 0.2903843121 0.2703450146 0.2331981249 0.2415306254 0.1967022658 0.2175385559 0.2340406580 0.2427440116 0.2641346624 0.2116910590 0.2172579855 0.2703494301 0.2097851055 0.2182063003 0.2203355350 0.2605108869 0.1728592023 0.1859442640 0.2365534198 0.1893405840 0.2154395851 0.2121408168 0.1850777020 0.2553518108 0.2571029706 0.3214062727 0.3933512311 0.4548612303 0.6098839322 0.6464436510 0.8406859536 0.8835119895 0.9481105965 0.9238597523 0.8309419273 0.6631420178 0.5115107179 0.4396667282 0.3091118604 0.3233855623 0.2564972713 0.2263116392 0.2535403560 0.2608868597 0.2294512398 0.2038839959 0.1610675875 0.1866627130 0.1992777980 0.2512032440 0.2011480917 0.2905957155 0.1634388574
0.2124572311 0.1971325136 0.1664120319 0.1815234550 0.2100682556 0.1776173159 0.1856270238 0.2164973655 0.1854565299 0.2500989090 0.2300565475 0.2775782592 0.3519894139 0.4502343264 0.5967795091 0.6547989070 0.8065676164 0.8724166545 0.9186737985 0.8748539073 0.7147297535 0.6222638897 0.5231848530 0.4433041722 0.3252711502 0.2908878176 0.2578844212 0.2304251109 0.2230051345 0.1970279947 0.2836844163 0.1798336373 0.1775993573 0.1972136032 0.1389621787 0.1681029324 0.1982062272 0.2424212071 0.1798569456 0.1864879959 0.2089220487 0.2054887960 0.1335720196 0.2544785267 0.2494525818 0.2230035054 0.2618206097 0.2249866421 0.2289230335 0.2738753307 0.3663504805 0.4224781848 0.5400385931 0.7195701002 0.8469227630 0.9019111693 0.9062628328 0.8910096771 0.8926056256 0.6891174229 0.5901266723 0.4174764663 0.2911156883 0.2455317724 0.2530880789 0.1929570388 0.1796233720 0.2096407763 0.2757736208 0.2068518995 0.2105629103 0.2029667459 0.2412694287 0.1664459679 0.2352313203 0.1973045268 0.2451890326 0.1998387035 0.2548752330 0.2631228259 0.2070697986 0.2076389422 0.1853236768 0.1986772925 0.2175217467 0.2071339693 0.2536112488 0.3110900237 0.3208218163 0.3980445060 0.5419502173 0.6455459243 0.8068767390 0.9116172863 0.9529337509 0.9391216420 0.8207988758 0.7101047396 0.5751256056 0.4125086587 0.3531255969 0.2833493027 0.2490978626 0.1844130736 0.2285452774 0.2130045897 0.2102297104 0.2279320609 0.1955351324 0.2248003340 0.2333665357 0.1768580996 0.2129541588 0.2290042124 0.2272951528 0.2229619227 0.2302071108 0.2104314389 0.1988278822 0.2396669104 0.2384330085 0.2385562668 0.2058631072 0.2180326187 0.2844976252 0.2806823580 0.2927627567 0.3953279971 0.5555851410 0.6347488784 0.7578867413 0.8664727917 0.9066161204 0.9602930256 0.8808377447 0.7099769527 0.6044716223 0.4710706471 0.3428600127 0.3136900453 0.2460867687 0.2439472195 0.2088090380 0.1988252246 0.2356519336 0.1834384195 0.1763081801 0.1690108653 0.2114248661 0.2191428768 0.1788731641 0.2314266323 0.2096509346 0.2317943662 0.2239816625 0.2116838614 0.1834923196 0.1561454004 0.2506179244 0.2168229598 0.1737838346 0.1640495545 0.2098774766 0.2380375618 0.3468620524 0.4159806506 0.3870936672 0.6326829393 0.7849899078 0.8885366004 0.9555707012 0.9551570855 0.8305088614 0.7269081611 0.6543707697 0.5262233397 0.3954316559 0.2804773811 0.3482637829 0.2662597339 0.2450761740 0.2064152359 0.2358863601 0.2286294559 0.2059340560 0.2175062629 0.1785158898 0.2042243020 0.1655277781 0.2328943039 0.2267283964 0.2029977701
0.2335352206 0.1647363634 0.2122084676 0.1852693428 0.2184432657 0.1856073259 0.2567378339 0.2210313952 0.2088734035 0.2499834238 0.2286516035 0.3036873521 0.4066520467 0.4424000192 0.5965469539 0.6432101438 0.8395479198 0.9118915111 0.8914463389 0.8812472180 0.7649202719 0.6363921367 0.4934767597 0.3563857390 0.3682681781 0.2761428396 0.1889832885 0.2427621155 0.2513928047 0.1871696111 0.2676988124 0.2084563563 0.2334634401 0.2354047459 0.2235764648 0.1975552636 0.2501423931 0.2258473347 0.2395605831 0.2416982772 0.2275282355 0.2255774606 0.2393241221 0.1965574503 0.2448555825 0.2062408660 0.2748955433 0.2462472313 0.2031018726 0.2621208142 0.3739598964 0.4870946890 0.5339734508 0.6663368186 0.8783316869 0.8960875108 0.9040823928 0.8733224983 0.7266304793 0.6763053666 0.5022782352 0.4736599025 0.3442975937 0.2157523073 0.2619355807 0.2302793634 0.2167843444 0.2033630969 0.2333925837 0.1671389229 0.2640239258 0.1950322872 0.2129724330 0.2329850162 0.1936439404 0.2237727609 0.2397816927 0.2051291370 0.2374056048 0.2243533766 0.2318957416 0.2217517527 0.2229377603 0.2211243239 0.2145654640 0.2261387432 0.2420375409 0.2438665876 0.3246095387 0.3988778731 0.5349589079 0.6861655990 0.8467519043 0.8999092126 0.9631686564 0.9032298933 0.7936236315 0.6438418723 0.5705841148 0.4453097331 0.3774675766 0.3289485227 0.2579669753 0.1811098954 0.2327274341 0.2340706394 0.1869889315 0.2153044371 0.2270866554 0.1784135058 0.1769286447 0.2088315993 0.2415188891 0.2266765653 0.2272891724 0.2299272062 0.2533839619 0.2365488945 0.2194497693 0.2333875771 0.2840563035 0.2236768540 0.1860972394 0.2105372233 0.1971259754 0.2633376470 0.3352616462 0.4015733869 0.5363840032 0.6298521496 0.7615692773 0.7815246155 0.9179387457 0.9154589002 0.8632223991 0.7967292125 0.5960707431 0.4528851672 0.3716403452 0.2861670080 0.2734451473 0.2885980234 0.2465786436 0.1999411430 0.1826880864 0.2487767746 0.2156679411 0.2191706650 0.1517845759 0.2090890993 0.1396007352 0.1857769497 0.2652875141 0.1957507143 0.1598691963 0.2364414368 0.2245340832 0.1747140275 0.1613326598 0.2096169615 0.2559138120 0.2259379035 0.2369209044 0.2327573515 0.3349055119 0.4067580368 0.4586868427 0.5920797770 0.7611330172 0.8571635643 0.9339917734 0.9378964695 0.9011794900 0.7535484090 0.6245469381 0.4943567761 0.3804202158 0.3885126512 0.3150409536 0.2458207944 0.2117728691 0.2207342832 0.2669922485 0.2006642614 0.2615110242 0.1639371407 0.1701928166 0.2267999605 0.2724069211 0.2470505905 0.2215454424 0.2316772979
0.2518188146 0.2276404435 0.2187751503 0.1737326107 0.1914948825 0.1776950336 0.1860874323 0.2620284806 0.2364410734 0.2091845328 0.2620728326 0.2934356875 0.3860029349 0.4495268641 0.5920475581 0.7060844366 0.8788046839 0.9571196909 0.8821989208 0.8801256295 0.7820591877 0.6137538841 0.4864175264 0.3749258515 0.2863653642 0.2368612607 0.2442027371 0.2282650054 0.2088362376 0.2275450674 0.2214897889 0.1795608434 0.1861526712 0.2545276706 0.1818218585 0.2141876234 0.2295560053 0.2000980152 0.2199888825 0.2308215205 0.1838252638 0.2060331095 0.1869085770 0.1848754145 0.1754411500 0.1947790270 0.1933974234 0.2200691336 0.2645376926 0.3538322700 0.3972864021 0.4458831306 0.5946075691 0.6585461124 0.7820129692 0.8706754302 0.9492996164 0.9249279452 0.7385826721 0.6205604557 0.5097348401 0.3969285052 0.3081697997 0.3467389638 0.2504603874 0.3033587581 0.2093022666 0.2482243975 0.2006061486 0.2578273908 0.2214249589 0.2277103280 0.2067350030 0.1766529736 0.1751073960 0.2392016050 0.1980870235 0.1687605350 0.2477795788 0.1962853847 0.1952125515 0.2281485308 0.2243510598 0.1702555230 0.2049155028 0.2387434260 0.2296373572 0.3134915909 0.3493988571 0.4109544751 0.5344504248 0.6810663968 0.7839716225 0.8553370284 0.9728321306 0.8874271598 0.8255705071 0.6809735672 0.5353030537 0.4782456846 0.3532978031 0.2560763048 0.2442944440 0.2214293822 0.2237937822 0.1348986649 0.2198574606 0.2691104781 0.2392267785 0.2245696496 0.2087888152 0.2016438552 0.2587014264 0.2375528870 0.2463849484 0.1997283276 0.2389978881 0.1809750180 0.2828507324 0.2146683414 0.2414329186 0.2630922201 0.2468173019 0.2023018961 0.2689420800 0.3198939774 0.3182771664 0.4365219522 0.5620060082 0.6326162850 0.7745943958 0.9058584608 0.9185852215 0.9192034934 0.8590685587 0.7270016483 0.5822568153 0.4557504816 0.3878261278 0.3238847989 0.2494875139 0.2380388299 0.2077150260 0.2527564771 0.1978159628 0.2121665622 0.1587678060 0.2174724559 0.2380095729 0.2296871896 0.1912300907 0.2495083283 0.2125202111 0.2131954795 0.2404425784 0.2095290036 0.2000582097 0.2322862944 0.2400802383 0.2379455812 0.3070899733 0.2627727014 0.2318139739 0.2747704078 0.2812443153 0.3238754823 0.5405370755 0.6081768865 0.7480373207 0.8834454305 0.8956303282 0.9630811180 0.8598977083 0.7540143963 0.6584787523 0.5497044612 0.4406301140 0.3785542858 0.2451305973 0.2541689998 0.2378423369 0.1695002620 0.2326680481 0.2583435913 0.2502215056 0.3108522072 0.1606837075 0.2314873682 0.2329765107 0.2260236475 0.2528769075 0.2272886473
0.1801184989 0.2150933803 0.2119939847 0.2272372270 0.1886448019 0.2114340175 0.1999474309 0.2038214964 0.1547188860 0.2411572825 0.2550676564 0.2779951824 0.3400033955 0.5007883861 0.5905685637 0.7146379358 0.8562450924 0.8856776315 0.8927218694 0.8911989675 0.7336468213 0.5903390963 0.4669613756 0.4075565697 0.3224734505 0.2271613364 0.2321493898 0.2354521186 0.1979657546 0.1906521318 0.1863130254 0.2170198477 0.1722740922 0.2307770751 0.2125058426 0.2451877861 0.2359237414 0.1384081368 0.2390243679 0.1627249776 0.2342414149 0.2460558740 0.2119790834 0.2213445853 0.1545393521 0.1564388813 0.2098148390 0.2419684876 0.2192164091 0.2682124275 0.3392350889 0.4326487075 0.6039038336 0.7191228821 0.7824024929 0.9515376173 0.9408086090 0.8615551624 0.7487536932 0.5908613695 0.5197740433 0.4126573493 0.3439626229 0.2733047415 0.2641920602 0.2480823735 0.2796810628 0.2113700223 0.2507288395 0.2244140249 0.2580667420 0.1841594070 0.1613381295 0.1841616938 0.1976473716 0.2231550752 0.2008730706 0.1875568063 0.2250298317 0.2286745497 0.2423119226 0.2228603815 0.1886065068 0.2692843900 0.2308858468 0.2090630352 0.2411858382 0.2909869565 0.4006412016 0.4031114370 0.5432439703 0.6865207469 0.8049736209 0.8887131606 0.8983859079 0.9495418951 0.8508015747 0.7332611098 0.5576678302 0.4439855043 0.3570556881 0.3041026695 0.2342979298 0.2455904108 0.1957063936 0.2815064852 0.2614934800 0.2457152549 0.2023336399 0.1689387172 0.2071429947 0.2056897135 0.1722504450 0.1969068612 0.2592409475 0.2336148720 0.2388041685 0.2456420402 0.2655474849 0.2393306011 0.1515437930 0.2260128415 0.2008697326 0.2116852200 0.2306495729 0.3412720376 0.3122787873 0.4660043784 0.5442654839 0.6316208102 0.7895148799 0.8865041346 0.9003974542 0.9180726219 0.8628313499 0.7186295579 0.6455587676 0.4563617302 0.3443479238 0.3676372337 0.2635178819 0.2365497976 0.2556074272 0.2424739720 0.1915259318 0.2154781520 0.2161558344 0.2578079861 0.2192357937 0.2113445050 0.2105966106 0.2029275765 0.1694574427 0.2092296609 0.2519237524 0.2287482191 0.1963113433 0.2207776022 0.2041459095 0.1809939327 0.2302690999 0.2566248228 0.2660960787 0.3096998720 0.3900724075 0.3884441114 0.5103618375 0.6920298326 0.7628696094 0.8894350930 0.9813820468 0.9509550378 0.8736479552 0.7739208007 0.6356776810 0.5449471123 0.3920256097 0.2734624273 0.2890557149 0.2642434719 0.2571806887 0.2408444915 0.1651297254 0.2523597726 0.2081317006 0.2254567853 0.2555584082 0.2430486879 0.1806387198 0.2292826393 0.1912711214 0.2607455382
0.1880301293 0.2147392047 0.2464035901 0.2232964347 0.1871540385 0.1804720174 0.1673348161 0.2464281822 0.1943811002 0.2791016651 0.2872834889 0.3564282396 0.3590999164 0.5291726418 0.6645758378 0.7135253612 0.9057333800 0.8614663741 0.8656061459 0.8169926313 0.7706068814 0.6208459989 0.4877545541 0.3793317158 0.2958163243 0.2340384731 0.2794306902 0.1825047990 0.1777527466 0.1901132152 0.1754949071 0.2138456371 0.1984386803 0.2098386912 0.1841400223 0.1976676448 0.1602337893 0.2149211299 0.1698123084 0.1605365225 0.2217734339 0.2090396866 0.1754856715 0.2471126913 0.2284711267 0.1645516141 0.1617912846 0.2303505761 0.2313370603 0.2634652058 0.3067785187 0.4777578605 0.5807190590 0.7778279115 0.8537110667 0.9025042509 0.9541777644 0.8858057123 0.7615225861 0.6870641856 0.5325246424 0.3878920230 0.3171537718 0.2544442662 0.2841335054 0.2038212245 0.2395343479 0.2399188607 0.2035849813 0.1720994740 0.2002356320 0.2720318288 0.2155047752 0.2082798428 0.2143651628 0.2111121733 0.2552559841 0.2387427345 0.2187361618 0.1943333997 0.1887773850 0.1922344332 0.2195021400 0.1887314833 0.2339553437 0.2356792492 0.2367452694 0.2464160435 0.3649734003 0.4325012205 0.5891179480 0.7025958630 0.8132306059 0.8818104455 0.9312488226 0.9084251339 0.8144023275 0.6492137812 0.5269460225 0.4477290904 0.3539327345 0.3033654719 0.2532295822 0.1868350700 0.2207162503 0.2600127274 0.2179781918 0.2174709820 0.2079768832 0.2145538605 0.2525397345 0.1325791307 0.2111303928 0.2473797517 0.1870212936 0.1839758944 0.1666107159 0.2148822740 0.2351496926 0.2365807779 0.2310060074 0.1678616560 0.2052318029 0.2235645799 0.2627103041 0.2860261920 0.3065485539 0.4468106452 0.4859270268 0.6494955219 0.7712509914 0.8629440655 0.9600426024 0.9038410925 0.8689274372 0.7225780256 0.5999683854 0.4869655639 0.3908355490 0.2850703396 0.2502554640 0.2669593372 0.2037780009 0.2072057694 0.1740550294 0.1955650035 0.1736380899 0.2448306014 0.1794200283 0.1979247075 0.2276192049 0.2263174889 0.2047823093 0.2313239970 0.2411589844 0.1993651638 0.1921525724 0.2019909452 0.2118437458 0.2146569280 0.2225558002 0.2373856529 0.2124913916 0.2769896738 0.2986822438 0.4475893638 0.5019271074 0.6578084009 0.7441064594 0.8183045887 1.0000000000 0.9299709923 0.8674941768 0.7466028699 0.6071335417 0.4958295159 0.4479143156 0.3205887485 0.2600306278 0.2653714245 0.2167505813 0.2227896415 0.2348555854 0.2260776117 0.2333723754 0.1892789227 0.2003741804 0.1645107459 0.2349050563 0.2267996981 0.1777656287 0.2197646881
0.1760223900 0.2415662418 0.1934677994 0.1227001231 0.1935794680 0.2278417080 0.1845018274 0.2304092775 0.1892534294 0.2531730183 0.2405754447 0.2446642905 0.4033634844 0.4922378903 0.5873003813 0.7504477632 0.8432087312 0.9313374846 0.9407721133 0.8738198855 0.7563360438 0.6175823556 0.4338586007 0.3697451802 0.2698329298 0.2629650411 0.2558999632 0.1893424505 0.2177412721 0.1981787077 0.1715516079 0.1852765338 0.1939429110 0.2083832143 0.1625076208 0.1629890710 0.2317102558 0.1615996848 0.2099001420 0.2780659189 0.1944472388 0.1751494856 0.2162879759 0.2267709077 0.2130622254 0.1842305262 0.1519536020 0.1993499304 0.2374351033 0.3014283112 0.3395916549 0.4759899869 0.5673811660 0.6941567169 0.7659440429 0.8991947854 0.9147301819 0.8490930320 0.7540408285 0.6025216479 0.4849051065 0.3906997011 0.3443579462 0.2879430346 0.2508171308 0.2217347656 0.2311842232 0.2268530082 0.2132892313 0.2215125257 0.2389790081 0.1842575878 0.2047903855 0.2166671211 0.2126220920 0.2181190202 0.1847610629 0.1994247001 0.2357849483 0.1602375328 0.2536689117 0.1904139445 0.2317614376 0.2397399369 0.2370835804 0.1778579880 0.2207063025 0.3319569996 0.3843981801 0.4886700692 0.5041946815 0.6713019627 0.7940530010 0.9247442356 0.8895478842 0.8625968482 0.8066081243 0.7223038678 0.5680598097 0.4515057821 0.3594085462 0.2586295419 0.1811717188 0.1918858034 0.2295844479 0.1944619330 0.2257341028 0.2709374059 0.1801738337 0.1784516719 0.1691332724 0.1786964300 0.2287633277 0.2732793257 0.2035106326 0.1881379310 0.1670654903 0.2726554125 0.2086824724 0.2162795469 0.2288896884 0.1912473375 0.2000663285 0.2728924389 0.1864109208 0.2754175385 0.3332584115 0.4345052887 0.4975840485 0.6707106452 0.8245068256 0.8594093834 0.8734930807 0.9102036076 0.8842290256 0.7220600582 0.5557736038 0.4643949951 0.3427540611 0.2822737629 0.2664168091 0.1734565628 0.2367609013 0.1876659950 0.1857630037 0.1661324155 0.2096131727 0.2343315808 0.2035209264 0.2436842582 0.1918027723 0.2185954498 0.2841385399 0.1944563212 0.2117581909 0.2443923066 0.2311986597 0.1663569791 0.2468727418 0.2431307258 0.2355382304 0.2012613619 0.2467694172 0.2793572963 0.2997155519 0.4471436739 0.5113891102 0.6561199448 0.8077741262 0.8762346965 0.9218745453 0.8643486243 0.8143188520 0.7577060684 0.6047442770 0.4734407958 0.3781963571 0.2997885556 0.2503184092 0.2496700822 0.2343206100 0.2349907963 0.2202392677 0.1768481789 0.1843621434 0.2375255013 0.2254668488 0.1967904966 0.2480293190 0.2326104213 0.2216240009 0.2256564296
0.2218277655 0.1971983924 0.1880195361 0.1942292801 0.2069750554 0.1452313602 0.1974089721 0.2038671306 0.1786347244 0.2148542186 0.2100036998 0.3138590059 0.3800140874 0.4821090090 0.6395072362 0.7564791244 0.8161248297 0.8840008415 0.8930368588 0.8724810254 0.7087179573 0.5500241910 0.4568094721 0.3655025215 0.2936909777 0.2253606125 0.1958826255 0.1863873534 0.2195466408 0.1486842328 0.1877403028 0.2385961624 0.1742165978 0.1859248989 0.2120348894 0.1533477773 0.1671445144 0.2053949652 0.2268356598 0.2029395930 0.1463954235 0.1734513213 0.2429614937 0.2295290635 0.2017980212 0.1757132478 0.2253131749 0.1795598969 0.2296483896 0.3128752433 0.3858199424 0.4737541271 0.5634898847 0.6929335635 0.8103949032 0.9012758619 0.8986332715 0.8881519232 0.7836523538 0.5954140033 0.4994989378 0.4201353442 0.3004293500 0.1993546882 0.2301968507 0.2242186469 0.1805651521 0.2138623281 0.2451307685 0.1767700149 0.1716399391 0.2160075633 0.1577425787 0.2195672936 0.2163205762 0.2051335625 0.2023638312 0.1930196746 0.1832770113 0.1907482575 0.2069950578 0.2150601527 0.1590392981 0.1722800340 0.1694626544 0.1908994480 0.2700896770 0.3235880037 0.3326599048 0.4907916171 0.5325677392 0.7230842188 0.8510072879 0.9073027854 0.8686995327 0.9106846228 0.8420941195 0.6492868900 0.4993696044 0.3779205206 0.3756420986 0.2769161608 0.2161263789 0.2063173483 0.2431122996 0.2482300727 0.2098270028 0.2173367851 0.1990922429 0.2179173832 0.2108824476 0.2246993310 0.2031078491 0.2619487769 0.1745858636 0.1858558184 0.2045857095 0.2101183576 0.1865053691 0.2375255086 0.2153803664 0.1514846860 0.2061073336 0.2269895730 0.2867524154 0.3721181272 0.3631465362 0.4060918475 0.5182981875 0.6724270879 0.8183601900 0.9077106906 0.8966590997 0.8874324849 0.8444793601 0.6639314526 0.5201971670 0.4794536771 0.3094943122 0.2721068961 0.2321271542 0.1856972045 0.2504338321 0.1596576858 0.2375536341 0.2130782708 0.2041989306 0.1989227188 0.2168625529 0.2105366404 0.2156106888 0.1846439909 0.1873696292 0.1654640570 0.1611025788 0.2224277804 0.2255799009 0.1653896779 0.2404808274 0.1990493352 0.2081281108 0.2020874476 0.2383725071 0.2670739903 0.3643745266 0.4214464633 0.4841897945 0.6582737412 0.8014730100 0.8612076653 0.8948900874 0.8743192606 0.8356947189 0.6492075368 0.6136659614 0.4741876223 0.3720237590 0.3014866354 0.2514801372 0.2292092307 0.2383107336 0.2592440805 0.1836319358 0.2078451880 0.2337485669 0.2329261273 0.1934784986 0.2203042158 0.2239516884 0.2425065874 0.2040933504 0.1766054189
0.1763986518 0.1704673452 0.1187674016 0.1992265591 0.2096218702 0.1897215935 0.1862080332 0.2146395264 0.1632770129 0.2067100789 0.2325390617 0.3661459607 0.4247959824 0.5022615671 0.6096055033 0.7455672084 0.8731906498 0.9322750201 0.9035690268 0.8349566916 0.6552024989 0.5762680282 0.4212967138 0.3451670065 0.2797389093 0.2144650316 0.1796658802 0.1950907803 0.2222922205 0.1831574940 0.2123775528 0.1805390694 0.1648135084 0.2275289381 0.2127375861 0.1933032591 0.2150776621 0.1946855105 0.2092902755 0.1978277933 0.1624395265 0.1661952682 0.1826512766 0.2040657354 0.1717077426 0.1944582934 0.2010447980 0.1523479933 0.2704537406 0.2839485629 0.3479481510 0.4659114945 0.6336278906 0.6599161866 0.8732447406 0.8760566276 0.8761077914 0.8358091220 0.7304002519 0.6515150774 0.4738542292 0.4016906203 0.2675419209 0.2623402487 0.2395071510 0.2055158563 0.1980518087 0.1483542143 0.1635616680 0.2077749187 0.2014711378 0.2112539861 0.1844455759 0.1339742232 0.2592857788 0.1689674271 0.2194599987 0.1457920779 0.1990736667 0.1690632659 0.1973194634 0.1526975444 0.2159729342 0.2250244221 0.2117305264 0.1947715624 0.2472524546 0.2609303716 0.3517914391 0.3755315062 0.6109517936 0.6949663205 0.7766061773 0.8864022566 0.9646891460 0.8322543699 0.7325241213 0.6178834498 0.4602502786 0.4469702996 0.3008469720 0.2552522834 0.2152890377 0.1843530630 0.2040804286 0.1659527072 0.2095576902 0.1623798386 0.2302727933 0.2097508006 0.2022528372 0.1598045299 0.1634978044 0.1865823104 0.1872690244 0.1800057482 0.1366675333 0.2044076907 0.2373067616 0.2128342020 0.2461981216 0.1904031988 0.1563766872 0.2146554432 0.2378056281 0.3157424008 0.2706775251 0.3170414483 0.5328473554 0.6560694766 0.8054190419 0.8964780088 0.9194827426 0.8982141155 0.7953441559 0.6690429539 0.5270003489 0.4151823750 0.3469346889 0.2563908697 0.2562886252 0.1789867158 0.2058861374 0.2368531087 0.2291718921 0.1803759411 0.2314432064 0.2200698640 0.1925198228 0.1439737328 0.2069312802 0.2079105688 0.2155539017 0.1582756893 0.2117830969 0.1973796410 0.1661448888 0.1115916328 0.2238146119 0.1931994298 0.2031754262 0.1627749296 0.1952649501 0.2185432750 0.3069882926 0.4236245337 0.5312932554 0.5981032148 0.7827055830 0.8956509423 0.9159245581 0.9429539255 0.8350429843 0.7005205621 0.6004639937 0.4624305470 0.3528286637 0.3001940084 0.2419884810 0.2487914293 0.2046784602 0.1926432629 0.2214513764 0.2203554811 0.1706506452 0.2025889631 0.2075624731 0.1956748742 0.1713883624 0.1825307396 0.1979904116 0.2302627564
0.2327344510 0.1418298824 0.1804919165 0.1857333531 0.1038709225 0.1985586971 0.2060269138 0.2159687548 0.1227546537 0.1858902219 0.2050589631 0.2600282040 0.3586746304 0.5189597662 0.5699637146 0.7795294209 0.8428050422 0.9246193018 0.8980673318 0.7724482893 0.7101058452 0.5504649393 0.4221673955 0.3177732702 0.2565702752 0.2479168025 0.2194656943 0.2428973010 0.1383991224 0.1930955672 0.2042906499 0.1095997595 0.1773238600 0.1566392701 0.1891404828 0.1482508014 0.2083254307 0.1558066768 0.1839023092 0.2366098873 0.2042695052 0.1651554743 0.1770628609 0.1894345984 0.1656003012 0.1596373294 0.1838071629 0.2317196722 0.2193987330 0.2996834273 0.3590801097 0.4670394046 0.6346299856 0.7104491421 0.7894541815 0.9259064227 0.9052443212 0.8503785508 0.6822664107 0.5806899279 0.5078732630 0.3405784255 0.3433730759 0.2539504057 0.2088763084 0.1913340455 0.1744978927 0.1991867247 0.1697883667 0.1863365361 0.1801736843 0.2131720307 0.1658246295 0.2010955214 0.1833202758 0.1864757529 0.1976918691 0.1652890525 0.1764706449 0.1497744684 0.1407160170 0.1730315404 0.1223086731 0.1648399722 0.1724827718 0.2556896970 0.2213877029 0.3014387122 0.3333346048 0.4921116289 0.5751610098 0.6974936029 0.8182434304 0.8702185744 0.8965669529 0.8256721298 0.7390094232 0.6279326082 0.4995193324 0.3556367664 0.2988968696 0.2590174144 0.2192621841 0.1880410647 0.2003618795 0.1277528865 0.1777798341 0.2171635706 0.2486285927 0.2358349799 0.1382943032 0.1632703172 0.1953329136 0.1725002098 0.1975457652 0.1904992010 0.1900306849 0.1949824230 0.1866215833 0.1508201141 0.1361830170 0.1863931905 0.1899648133 0.1704634543 0.2193706104 0.2627239324 0.3000529963 0.4289353418 0.5129543856 0.6734528130 0.7929278012 0.9483677173 0.9449751969 0.9160847521 0.7938225452 0.6490777422 0.5296815818 0.4043185277 0.3011014505 0.3037020562 0.2209158396 0.2161057026 0.1384116399 0.2054480175 0.1291953530 0.2234494399 0.1943530473 0.1507632587 0.1546184092 0.1505752214 0.1965904898 0.1887647610 0.1554925657 0.1437970789 0.1639825052 0.2152663667 0.1644046725 0.1840183975 0.1991332114 0.1791039094 0.1606476954 0.1902272796 0.2093379935 0.2167128536 0.3344899963 0.3753337813 0.4949671129 0.6017421033 0.7194193681 0.8311527555 0.8534281478 0.8314366023 0.8092267902 0.6392683563 0.6124660309 0.4853045852 0.3355226792 0.2858052456 0.2412121199 0.1758669629 0.2043813205 0.2323941084 0.1902384301 0.1839591172 0.2414460966 0.2135238167 0.1699272097 0.1677733456 0.2023158105 0.1703467021 0.2077034517 0.2018441940
0.1732331559 0.1367974059 0.1265600605 0.1112305577 0.1364749843 0.1523947298 0.1167335621 0.1454598177 0.1488594569 0.1968652286 0.2289761680 0.3245136108 0.4242482788 0.4951835546 0.6334024125 0.7292762458 0.8022397219 0.8244816385 0.8279850794 0.7794813441 0.6108430072 0.5819299787 0.4273266553 0.2936690984 0.2361430126 0.2506032911 0.2092722235 0.1306989566 0.1838981726 0.2327539787 0.1757182476 0.1454558268 0.1840807417 0.1618934028 0.2019427520 0.0991492406 0.1342606880 0.1691043328 0.1586914838 0.1285021894 0.2269425205 0.1775516001 0.1515763548 0.1405248878 0.2016519981 0.2067707779 0.2014732040 0.1739486288 0.2198449792 0.2846145631 0.3476925112 0.4419555647 0.5663866153 0.7582984384 0.8071536825 0.8399654167 0.8969410768 0.7579624319 0.7013738550 0.5640786840 0.4073352962 0.3974800455 0.2516502063 0.1981477411 0.1956198010 0.2096577220 0.1646254765 0.1810313628 0.1313667728 0.1854181619 0.1616943139 0.1667738576 0.1847982621 0.1502936934 0.2132609478 0.1775043114 0.1849605103 0.2278526508 0.1827528695 0.1570585935 0.1696902163 0.1668980813 0.1913861501 0.1584806740 0.1837046039 0.1682562850 0.2029611708 0.2460922176 0.3434809301 0.4585009861 0.5386373989 0.6420920681 0.8114323956 0.8508116994 0.8998728642 0.8361079655 0.7449072983 0.5873592702 0.5705932598 0.3681560088 0.3311455922 0.2453525776 0.1676574418 0.2008742897 0.2340847334 0.2065643668 0.2042668854 0.1738285382 0.1822476919 0.1350965331 0.2253422244 0.1812540932 0.2170599649 0.2247808829 0.1435383491 0.1881249240 0.2341659709 0.1705393054 0.1362494845 0.2280393457 0.1380781368 0.2069077867 0.2199150951 0.1803514362 0.2029506592 0.2485293975 0.3427299506 0.4268219570 0.5176668336 0.7147525836 0.7892415434 0.8879431832 0.9035041079 0.8891536136 0.7623527414 0.6494126194 0.4679584413 0.4310456660 0.2736464694 0.2235751856 0.2093517368 0.2155008471 0.1750508845 0.2187063782 0.1941030362 0.2446897361 0.1519695283 0.1897494912 0.2032702322 0.0916886390 0.1936645590 0.1519396258 0.1358123108 0.1839704597 0.1564454159 0.1519278239 0.1422894708 0.1928969652 0.1888648104 0.1589575357 0.1781048120 0.1945762741 0.1906329217 0.2185065438 0.3059212686 0.3632320405 0.5429292028 0.6805668376 0.7919280003 0.8692445184 0.9246897013 0.9308370802 0.8075240431 0.6517606175 0.5271782731 0.4685970441 0.3527196449 0.2795994711 0.2323360409 0.1903649133 0.1637674442 0.1810628303 0.1839839406 0.2026132644 0.1730548495 0.1756148852 0.2477559017 0.2150438687 0.1591926970 0.1610436936 0.2121315854 0.1716547308
0.1463322356 0.0696993042 0.1465719528 0.1435567368 0.1955287333 0.1967614686 0.1677771581 0.1374520688 0.1253951232 0.2009686822 0.2240438479 0.2790517196 0.3406795081 0.4913300749 0.6531371020 0.7455684743 0.8825626708 0.8881148173 0.8330387483 0.7758740792 0.6030391567 0.4887050279 0.4176525891 0.2605276181 0.2014201585 0.1878842728 0.1832578798 0.1938691244 0.1710389237 0.1369566669 0.1414375131 0.1947315588 0.1949239644 0.2062809231 0.1663672040 0.1920021397 0.1623649020 0.1386095913 0.1202743368 0.1892917909 0.2333689376 0.1802319137 0.1795223930 0.1560579952 0.1625711005 0.1862322943 0.1951341232 0.2266299128 0.2392547274 0.2882840863 0.3395880829 0.4915166318 0.6134682089 0.7145203130 0.8263986119 0.9155368104 0.8622995536 0.7792253518 0.6619180017 0.5804876734 0.4553114979 0.3325121274 0.2905106604 0.2104727770 0.1747360158 0.2183995127 0.1914613045 0.1438885055 0.1705369245 0.1504802567 0.1348677962 0.1718878078 0.1790654969 0.1700164134 0.1627718999 0.1343960004 0.1895509178 0.1686237557 0.1327380530 0.1259554232 0.1686602603 0.1532134906 0.1610782407 0.1640558921 0.2171957392 0.2098321809 0.1986513475 0.2595179260 0.3343144372 0.4121650675 0.5667875626 0.6373735576 0.8246386182 0.8824725275 0.9156329338 0.7404783337 0.7458303359 0.5734230160 0.4475680579 0.3387254011 0.2978534244 0.2143638610 0.2240402090 0.1784936602 0.1686829893 0.1904125443 0.0983902222 0.1553428163 0.1825661480 0.1405151595 0.1480747243 0.1411365904 0.1848534691 0.1849271897 0.2068495128 0.1632296987 0.1695041072 0.2055993343 0.1507936990 0.1762590164 0.1496251499 0.1951302351 0.1944841958 0.2052243664 0.2031705066 0.2493137062 0.3396486921 0.4136929206 0.5632830692 0.6749947338 0.7876612726 0.8473122019 0.8991300066 0.8196160364 0.7096226592 0.5681979142 0.5063345770 0.3773534882 0.3082177804 0.3153166815 0.2280016823 0.1589446699 0.1793066354 0.1928604871 0.1455170541 0.1483135299 0.1579924870 0.1628888346 0.1664709233 0.1675954707 0.1726569257 0.1616598217 0.2286160573 0.1488471391 0.1941907098 0.1490831270 0.1374313458 0.1484657617 0.1421415262 0.1809983169 0.2026938209 0.1361805761 0.2073832548 0.2537725172 0.3329647372 0.4065944729 0.4925015279 0.6401488419 0.7803423855 0.8860321594 0.8424077262 0.9012269616 0.7789605003 0.6776295296 0.6157665515 0.4162120754 0.3580542186 0.1868864293 0.2377036274 0.2392746439 0.2285746062 0.1276795051 0.1898643419 0.1701404469 0.1661546860 0.1756564066 0.1523873193 0.1976495655 0.2020103608 0.2070529617 0.1966419725 0.1732237878
0.1845186571 0.1401879432 0.1539523686 0.1545517623 0.2079152681 0.1713722674 0.2119655032 0.1183667634 0.1753812943 0.1890918008 0.2267827387 0.2526649412 0.3055563185 0.5018622240 0.6035588176 0.7333161883 0.8400667631 0.8670124840 0.8877809575 0.8255880853 0.6575291332 0.5201349140 0.4040962653 0.3173381245 0.2733311658 0.2430435142 0.1449583877 0.1749368295 0.1667199536 0.1493470864 0.1439412820 0.1949497936 0.1917601897 0.1644663761 0.1089274937 0.1210008974 0.1788602076 0.1154429117 0.1296520821 0.1202729073 0.1637500224 0.1419342060 0.1751706274 0.1705963754 0.1560676115 0.1730096053 0.2061570240 0.1496872832 0.1969484710 0.2471691465 0.3460558531 0.4753729683 0.5941665061 0.7133707346 0.8280648613 0.8891393607 0.8992957818 0.7928493259 0.6488051158 0.4574908417 0.4343897539 0.3391354196 0.2389911971 0.2028654789 0.1884894096 0.1657965872 0.2219713149 0.1974030310 0.1566435253 0.1595033403 0.1991471374 0.2066728700 0.1573125882 0.1209089834 0.1432075981 0.1833839704 0.2126692270 0.1440685841 0.1747695890 0.1657111118 0.1218481475 0.1506530475 0.1582046391 0.1873377500 0.1865945950 0.2363316247 0.2247299575 0.2952027946 0.3218238122 0.3991069022 0.5937023221 0.6686333711 0.8316705633 0.9056423017 0.8680585734 0.8242774407 0.6878898645 0.5731223503 0.4345023662 0.3867691193 0.2900278177 0.1938406194 0.1582281103 0.1828765905 0.1770210183 0.1707412299 0.2005484047 0.1911115145 0.2100677884 0.1302330066 0.1378063884 0.1108672869 0.1628917801 0.1510380387 0.1111833803 0.1225505370 0.1612313590 0.1999720787 0.1844070989 0.2098321655 0.1657747641 0.2147884355 0.1611315283 0.1625713228 0.1628300655 0.2509912198 0.3575941545 0.4399273503 0.5224321272 0.6491418383 0.8206748113 0.8612778611 0.8552401931 0.8485571444 0.7511462361 0.5621986306 0.4836250291 0.3728364156 0.2900484578 0.2412964705 0.1956872488 0.1716171982 0.1977768202 0.1540032900 0.1779697115 0.1684904239 0.1649724040 0.1711399751 0.1875215269 0.1710831073 0.1348936438 0.1785990123 0.1686998819 0.1732333548 0.1920053540 0.1984819109 0.2012919990 0.1837672579 0.1308983672 0.2048128648 0.1733606609 0.1788190862 0.2142184845 0.3017845634 0.3171556248 0.3872453936 0.4938756238 0.6199321141 0.7480936038 0.8522425813 0.8927063821 0.8669205378 0.8098440609 0.6388683533 0.5458382646 0.3894448235 0.3232592945 0.2506648530 0.2092522258 0.1966412247 0.1759924260 0.1886699867 0.1867522751 0.1711380393 0.1697203555 0.1553075338 0.2188569590 0.1794190203 0.1520127970 0.1042431856 0.1989064547 0.1564335555
0.1633362176 0.1501357584 0.1904347733 0.1722673530 0.1337159399 0.1159562384 0.1017038473 0.2049652561 0.1559404851 0.2046728383 0.2264920546 0.3553079194 0.3925489804 0.5706849236 0.6773007926 0.7286362959 0.8552252751 0.9092348051 0.9182563173 0.6939774241 0.6274963067 0.4748961901 0.4375188797 0.3137795343 0.2382364730 0.1923464235 0.1689320817 0.1650394778 0.1562816902 0.1700359701 0.1911488262 0.1279893895 0.1592778427 0.1814078996 0.0986932867 0.1807151712 0.1906671014 0.1392882618 0.1566355694 0.1606202774 0.1818612978 0.1895810330 0.1046811982 0.1753111767 0.1541640767 0.1978432721 0.1565176133 0.1877621129 0.1899414075 0.2518134523 0.3681757347 0.4554135535 0.5758278568 0.7224518609 0.8143394404 0.8546864362 0.8377938911 0.7956913027 0.7008760464 0.5617253033 0.4328391168 0.2982498692 0.2253302486 0.1698200279 0.2393803528 0.1818510710 0.1407523302 0.1538385333 0.1626238102 0.2100878208 0.1486648336 0.1956418127 0.1704576032 0.2064965869 0.2351581870 0.1736135516 0.2278706953 0.1104970744 0.1607547140 0.1410700497 0.2034577628 0.1808156506 0.1961938116 0.1549513059 0.1970047166 0.1946070889 0.2650066640 0.3065702849 0.3195878297 0.4374118063 0.6076278788 0.7545199879 0.8649584923 0.8986204022 0.9020496557 0.8264974769 0.6710238555 0.5590263090 0.4585376968 0.3289763123 0.2782107823 0.2207381857 0.1752925477 0.2241710326 0.1275608578 0.1824089340 0.1543222539 0.1806271984 0.1467530622 0.1449715240 0.2292357196 0.2293616915 0.1829117215 0.1823462999 0.1981443062 0.1774443224 0.1535120715 0.1672337923 0.2125944847 0.1421294738 0.1629335701 0.1332901594 0.1988237279 0.1954333793 0.1966193437 0.2711407154 0.3511608762 0.4391298477 0.5878621142 0.7283996345 0.8161539444 0.8657283304 0.9380125423 0.8232713236 0.7514063745 0.6266245927 0.4793053256 0.3340910706 0.2984706849 0.2383486366 0.1993910016 0.2035504928 0.2261268606 0.2012857266 0.1775551375 0.1618622954 0.2025629219 0.1465580692 0.1866456231 0.1747118241 0.2323665592 0.1649439647 0.1716454748 0.1363473151 0.1846195622 0.1674433827 0.1722820271 0.1784646539 0.2499449068 0.1804317066 0.1504231008 0.1866297534 0.1182323413 0.2659779858 0.3376634726 0.3297345392 0.5413849234 0.6470137641 0.8060054785 0.8315220666 0.8927284270 0.8480392226 0.8042033709 0.6306911168 0.5221761066 0.3856514422 0.3258935849 0.2346822191 0.2223963431 0.1636423130 0.1570828938 0.2153262805 0.2066699720 0.1404602714 0.1877845735 0.2104105016 0.1624472752 0.1701504868 0.1881074340 0.1375018379 0.2371799487 0.2091321066
0.1506861443 0.1300085576 0.1670330396 0.1318904340 0.1604597927 0.1511427089 0.1430097350 0.1438491286 0.1540901922 0.1618653530 0.3113146103 0.2675335348 0.3579378245 0.4902290991 0.6452386663 0.7551629620 0.8430857384 0.8946035970 0.7846312526 0.7273537556 0.6057803783 0.5010098602 0.3846602511 0.3176807120 0.2241119308 0.2027393873 0.2304259078 0.1447985066 0.1870795624 0.1546314753 0.1703465303 0.1651350815 0.1759550585 0.1285140585 0.1424922967 0.1813241866 0.1935374838 0.1750245540 0.1738425943 0.2160688219 0.2082847106 0.1331863164 0.1701645635 0.2036874803 0.1488656035 0.1473043962 0.1690335830 0.1261572940 0.2013150780 0.2726682914 0.3152480658 0.4847693748 0.6262144384 0.7498794258 0.8676106647 0.8555924631 0.8587339163 0.7447599929 0.6743655166 0.5612945811 0.3555488388 0.2852455902 0.2705350123 0.1970100112 0.1350968001 0.1679770419 0.1249876555 0.1586494518 0.1506475798 0.1445541787 0.1475374067 0.1510675007 0.1693289688 0.1787644940 0.1791174876 0.1683553448 0.2144907259 0.2715681711 0.1833026831 0.1533333903 0.1694766875 0.1170323643 0.1323232532 0.1612506036 0.1678176691 0.1958500485 0.2079705165 0.2645560364 0.3690014181 0.4720722444 0.6076611077 0.7112642026 0.8408981865 0.8783041478 0.9302777203 0.8223247224 0.6435073547 0.5707357967 0.4415133875 0.3495142578 0.3062382299 0.2404708650 0.2108943453 0.2093582590 0.1507150331 0.1471989146 0.1372251768 0.1891033817 0.1516410394 0.2010874928 0.1832841161 0.1897642208 0.1745670222 0.1900499563 0.1889224182 0.1394352264 0.1638633810 0.2125885371 0.2132546684 0.2082376026 0.2131821063 0.1756063398 0.1867653983 0.2049017576 0.1949467549 0.2675825512 0.3534451809 0.4395550989 0.5969243600 0.7080349545 0.7899962333 0.8608556209 0.8645896831 0.8324914076 0.6967269074 0.6016220809 0.4984825491 0.3561875255 0.2398573485 0.2420898928 0.2345354120 0.1288692310 0.1850257284 0.2332659728 0.1716899811 0.1599395448 0.1690948234 0.1742852324 0.1714743684 0.2067503184 0.1957009616 0.2075484742 0.1878617684 0.2394879965 0.2050925925 0.1671707042 0.1333142507 0.1599913294 0.1580298059 0.1644802482 0.1849867588 0.1905394202 0.2190556442 0.3103759208 0.3764135411 0.4154943047 0.5520750618 0.6453087244 0.8056463892 0.8239429593 0.8831726013 0.8423815389 0.6962346906 0.6389492721 0.4817294845 0.4171285600 0.2974072321 0.2424231631 0.2255902094 0.1951919340 0.1646976300 0.2029306445 0.1326977990 0.1726988779 0.2027511025 0.1844249735 0.1861818493 0.2174000337 0.1145903042 0.1867614847 0.1693659994 0.1776201126
0.1496871051 0.1690332152 0.1402225864 0.1943229214 0.1331554046 0.1624183863 0.1824651673 0.1641659053 0.2031004657 0.2080281733 0.2287077414 0.2914832900 0.4652254149 0.5207554154 0.6312091057 0.8207027977 0.8037588017 0.8908397743 0.8219773535 0.7459708210 0.6467797865 0.4556288297 0.3749228781 0.2815554256 0.2723260680 0.2229218541 0.1823792095 0.1989334471 0.1901722081 0.1685693166 0.1455508628 0.1810869751 0.1344168076 0.1783032391 0.1547372416 0.1292137210 0.1746505789 0.1896163037 0.0989432638 0.1785642018 0.1697083712 0.1642031884 0.1560737951 0.1623189545 0.2549651902 0.1973819826 0.1742247977 0.2193873463 0.2143753440 0.3416706020 0.3701063512 0.5053450527 0.6059152447 0.7606299318 0.8898422111 0.9063919386 0.8709995356 0.7458291784 0.6717694816 0.4760624346 0.4469816028 0.3072987313 0.1996269135 0.1934483242 0.2047125845 0.1368899357 0.1526896882 0.1734119598 0.1665580652 0.1234159922 0.1910435034 0.1639728014 0.2150341188 0.1804265693 0.1387671309 0.1627549731 0.1610069175 0.1459934456 0.1988331908 0.1412373277 0.1440479253 0.1803770091 0.1698259126 0.1874862643 0.1679579336 0.2113487497 0.2388224525 0.3004199583 0.3813870646 0.5155907390 0.6483441864 0.7129648238 0.8746305201 0.9317746282 0.8471797912 0.8133513149 0.7270124023 0.5542826304 0.4207093963 0.3667972313 0.2306349152 0.2333763697 0.1898885540 0.1914858641 0.1953661521 0.1287667305 0.1887042731 0.2424761323 0.1210925277 0.1757084994 0.1619388917 0.1784691602 0.1577802405 0.1132456191 0.1469445664 0.2234237067 0.1890577740 0.1551741415 0.1311953478 0.1920546397 0.1596196495 0.1308996064 0.2153070253 0.1981090223 0.1768772876 0.3043743753 0.3841524424 0.3892094894 0.5690592673 0.7485392118 0.8237135132 0.9454203047 0.9214461864 0.8492388179 0.6840914001 0.5539018047 0.4939602981 0.3036741627 0.2751681296 0.2487183191 0.2148934220 0.2036081437 0.2174060552 0.1231205745 0.1931595955 0.1950820842 0.2205059029 0.1574314942 0.1644174694 0.1747953359 0.1896264282 0.1669379056 0.2043994346 0.1896027006 0.2062956549 0.1854464826 0.2427875895 0.1581257972 0.2199086105 0.1751140458 0.1568562516 0.1883764853 0.2307742752 0.2256093486 0.3370234283 0.3424458601 0.5655421966 0.7026024964 0.8233516474 0.8928763595 0.9113096042 0.8958943042 0.7725744855 0.5614182730 0.5582387471 0.4169907659 0.3110858432 0.2597598006 0.2321613288 0.2203124470 0.2087865816 0.2284457805 0.1650318301 0.1750398468 0.1209753095 0.1824258712 0.1593084025 0.1659614233 0.1809240653 0.2086499593 0.1868873533 0.1958737264
0.1804804753 0.1747177554 0.1531303971 0.1767108986 0.2236661037 0.1731533665 0.2265830874 0.1642099715 0.1668762531 0.2259573263 0.2448814369 0.3035789813 0.4179632189 0.5875288527 0.6303033557 0.7478595150 0.9057965059 0.9118732573 0.8632098193 0.7269512293 0.5962294511 0.4979943858 0.3545977920 0.2710580001 0.2293346128 0.1976018891 0.1659200295 0.1681015679 0.1922112824 0.1533099883 0.1663483010 0.1473641760 0.1402779517 0.1398135356 0.1785090706 0.1907873463 0.1451737178 0.1476570757 0.1679958553 0.1933546236 0.1980446264 0.1543538401 0.1531579296 0.1415063682 0.1610614513 0.2096864242 0.2089984972 0.1926801602 0.2064593595 0.2928460293 0.4231585705 0.5284032459 0.6591496205 0.7552668009 0.8643127334 0.8269657807 0.8726863149 0.8562061812 0.6347737972 0.5166697092 0.4222708176 0.2888747515 0.2268139780 0.2159844655 0.1250991042 0.1962016079 0.1594483232 0.2274880452 0.1883425246 0.1296558840 0.1510210037 0.1721414954 0.1439855085 0.1715142892 0.1862979710 0.1112599943 0.1866610565 0.1815960434 0.1633138043 0.1769052785 0.1560891456 0.1898833019 0.2198922446 0.2216176173 0.1732474885 0.2201884849 0.2173710874 0.2518058055 0.4276978067 0.4854386807 0.6101335730 0.7654913300 0.8691290031 0.8542090814 0.9123271082 0.8487656575 0.6952777989 0.4964506581 0.3899400739 0.3163068334 0.2720958984 0.2196132378 0.1942687165 0.1216113520 0.1666662715 0.1872618588 0.2022492920 0.1419054711 0.1551584365 0.1789201928 0.1700678561 0.1715308172 0.1524595953 0.0988312042 0.2037699013 0.1587672449 0.2105682557 0.1593321526 0.2254296121 0.1940487668 0.1336205886 0.1799117225 0.1681854985 0.1947673629 0.2310585436 0.3189654221 0.3476797810 0.4541238715 0.5737857899 0.7387121249 0.8511475412 0.8410839124 0.9223010808 0.8384154247 0.7464386021 0.5876799540 0.4798877908 0.3393449341 0.3008758985 0.2488918749 0.2136009130 0.2086037456 0.1612088248 0.1812436973 0.1774415688 0.2192843914 0.1643942847 0.2196237824 0.2292319145 0.1720588358 0.2349315383 0.1321596143 0.1971832241 0.1382615101 0.1906626917 0.1593141979 0.1980484393 0.1919269087 0.1454639305 0.1802918528 0.2158087697 0.2053192158 0.2776196961 0.2672736187 0.3627304693 0.4616136091 0.5302521839 0.6868802393 0.8428117849 0.9235954951 0.9155987223 0.8294111055 0.7394301820 0.6364091884 0.4679132026 0.3831856787 0.3359588953 0.2382164897 0.2387451268 0.2442508194 0.2162558513 0.2165535232 0.1950521499 0.2449978043 0.1929482298 0.1777212843 0.1709494819 0.2516988866 0.2088629904 0.1747376574 0.1888262608 0.1977370712
0.1462365684 0.1420908109 0.2431435991 0.1213760741 0.1736746267 0.1961855285 0.1508999025 0.1764790673 0.2308948719 0.2259102522 0.2670446375 0.3141189047 0.4190320818 0.6054349716 0.7486003084 0.7880460578 0.8834091217 0.9199441146 0.8950213804 0.7392846137 0.6128884617 0.5237702053 0.3874897876 0.2867056368 0.1970330269 0.1935971163 0.1913441168 0.1956595032 0.2226479800 0.1389367667 0.1370934914 0.1772551832 0.1564985098 0.1251493685 0.1651525827 0.1848176833 0.1428575754 0.1966438790 0.2324403617 0.1688109456 0.1988671146 0.2216747353 0.1565688589 0.1650662223 0.1263545938 0.1768527006 0.1412673501 0.1946431102 0.2713806977 0.3392069738 0.4382896958 0.5525718797 0.6223044999 0.7660119851 0.8510201246 0.9276798634 0.8545228128 0.8130227124 0.5794548251 0.5131738295 0.3996085314 0.2984585455 0.2510799158 0.2141012402 0.1906704376 0.1459768212 0.1604586621 0.1717860458 0.2330160047 0.1847302371 0.1969485333 0.1711093453 0.2464548163 0.0863423471 0.1760725428 0.1834616592 0.1561583725 0.1732156216 0.1921601615 0.1542091108 0.2413000544 0.2010835449 0.1856082395 0.1608735389 0.2506769281 0.1771798915 0.2714935592 0.2812898624 0.3910654835 0.5028163696 0.5976825624 0.7639071107 0.8163283018 0.9521781696 0.8731263364 0.8136558887 0.6300313946 0.5877644795 0.4313514228 0.3461193731 0.2374864660 0.2225420815 0.2169395544 0.1724922128 0.1849780435 0.1446824968 0.1746157021 0.2163237517 0.1900269257 0.1675741060 0.1806449246 0.1599121672 0.1953347326 0.1848349187 0.1763458449 0.1680860218 0.2151951456 0.1379260581 0.1630768199 0.1866893786 0.2164139209 0.1899042360 0.1809048681 0.2847592007 0.2475039097 0.3351915756 0.3593162068 0.4610093345 0.5969423222 0.7167611462 0.8624551682 0.8962232305 0.9110046158 0.8679061128 0.7731458179 0.5495788424 0.4912244233 0.3177093345 0.2889802855 0.2625731237 0.1917984459 0.1865608173 0.1743711284 0.1978859875 0.1586311328 0.2061862789 0.2158167110 0.1917178341 0.1743330757 0.2480386853 0.1490836838 0.1770636428 0.1974928244 0.1845694396 0.1989560037 0.1752986142 0.2286453709 0.1923998534 0.1835338035 0.2311085608 0.1958736912 0.2415381118 0.2928868113 0.2877477631 0.3393959603 0.4911020811 0.5826180961 0.7072692117 0.7790629984 0.9030717149 0.9287950871 0.8651312269 0.7683522835 0.6368862410 0.5197752701 0.3967581739 0.3137137846 0.2438005379 0.2305411375 0.1577132592 0.2265311686 0.2034048607 0.2520651096 0.1601677557 0.1593911900 0.1994273080 0.1501620393 0.1989287229 0.2078860632 0.2027150769 0.1583002870 0.1706222157
0.1614511642 0.1407229822 0.1974088926 0.1175094912 0.1918642412 0.1343673678 0.2108316656 0.1352454587 0.1978144901 0.2622224760 0.2743500054 0.3240647087 0.3930930716 0.5501127746 0.6692627343 0.8185975193 0.8795552137 0.9615786173 0.8033120719 0.7343168901 0.5653670664 0.4610616590 0.3753327272 0.2823932580 0.2286740024 0.2308140603 0.2110629197 0.1952102737 0.1828121507 0.1502709010 0.1755008275 0.2078478983 0.1930743473 0.2089071792 0.1243576582 0.1656292596 0.1926241370 0.1846595072 0.1599834432 0.1768198311 0.2022940280 0.2265662957 0.2041741170 0.1856939929 0.2695525625 0.1880289385 0.2390846284 0.2191686259 0.2625401832 0.3477345779 0.4217157015 0.5301489132 0.6451599190 0.7801084416 0.8557291800 0.9116188338 0.8411336586 0.7773150606 0.6391790365 0.5027242352 0.3671625794 0.2558292365 0.2536566826 0.2569740442 0.1650134691 0.1920879167 0.1820731277 0.1499203246 0.1644498082 0.1875426791 0.1462933942 0.1613425090 0.1587486910 0.1658713357 0.1503367005 0.2074695904 0.1913104468 0.2208903396 0.1576367398 0.1920176323 0.1807744944 0.1903445742 0.1515138862 0.1561195431 0.1934201266 0.2594604828 0.2666519708 0.3350644057 0.4238096948 0.4983770678 0.6712314972 0.8033894603 0.8453723689 0.9417716044 0.8769864021 0.8097700276 0.6765825376 0.5553689063 0.4635684833 0.3470821864 0.2526067450 0.2120006490 0.2073455175 0.2172688053 0.1538622516 0.2083182301 0.2092921333 0.2193341021 0.1693012579 0.1698118219 0.2104880728 0.1983233485 0.1847686244 0.1315849962 0.2241985425 0.1753706493 0.1849770705 0.2248685545 0.1918321575 0.1473852623 0.2233115449 0.1598349340 0.2204442782 0.1656620054 0.2627375257 0.3530648050 0.3693718651 0.4827085205 0.6451832749 0.7213314494 0.8554061235 0.9090974078 0.9185072405 0.8346153239 0.7506005716 0.5817608528 0.4458129731 0.3782617638 0.2929326260 0.2795570819 0.2300355890 0.1853138337 0.1694342674 0.1410431162 0.1873640131 0.1962789700 0.1874541364 0.1822435326 0.1945206988 0.1602486733 0.1601665436 0.1588325542 0.1646489741 0.2474325653 0.2250490824 0.2340707430 0.1783833813 0.2189899793 0.1954224468 0.2209107010 0.2129978688 0.1968196692 0.2558859347 0.2393919300 0.3768163039 0.4399449270 0.5605198381 0.7201495296 0.8291039881 0.8797437845 0.9331205708 0.8354441242 0.7526069772 0.6323148972 0.4957197826 0.3549101915 0.3049827555 0.1918569159 0.2120631964 0.2090098350 0.2353387562 0.1959666033 0.1692193080 0.1911151372 0.1890344300 0.1975582879 0.1924901520 0.2657805117 0.2098540259 0.2143234007 0.2282554667 0.2074207206
0.1926548632 0.1599149216 0.1958826298 0.1488384179 0.1730311496 0.1278684847 0.1588664831 0.2102339881 0.1972519725 0.2274893215 0.2533042085 0.3482792882 0.4153199371 0.5534496968 0.7587196164 0.7564824832 0.9019440618 0.8631901665 0.8334257903 0.7935577685 0.6602381681 0.4703038522 0.3577602675 0.2667950768 0.2057833387 0.2452555642 0.1690788119 0.1777250680 0.1644057694 0.2421451753 0.1508144815 0.2019218123 0.1660218897 0.1815672856 0.1809610337 0.1478550896 0.1825660036 0.1564937321 0.2149495786 0.2224305295 0.1857262645 0.2150039323 0.1349027723 0.1564073420 0.1648826391 0.1664181282 0.2023612435 0.2348186951 0.2432990277 0.3853823490 0.4253330989 0.5448803530 0.6785837513 0.7758505404 0.9206851971 0.9285622577 0.8441527188 0.7303087266 0.6777209060 0.4475731693 0.4241780939 0.2684902343 0.2393499201 0.2136996626 0.1451992178 0.2256869122 0.1442381282 0.2255806735 0.1862067667 0.1992253254 0.1707693555 0.2196012778 0.2304155155 0.2128014493 0.1996215049 0.1809869342 0.1912700182 0.1878271934 0.1394861190 0.2000043834 0.2144555498 0.1602215807 0.2006471418 0.1651781806 0.2375942520 0.2161635089 0.2748618234 0.3198441384 0.4247883141 0.5056016878 0.6715184458 0.7782268926 0.8379965957 0.9164467922 0.9282063076 0.7473369290 0.6775902878 0.5519161883 0.4224175681 0.3607795856 0.2672529782 0.2650392025 0.1764362881 0.2268421548 0.1896484781 0.2224150219 0.1484423609 0.1955025830 0.2489424263 0.1336816362 0.1747190172 0.2252238093 0.1396086025 0.2269424821 0.2226753581 0.2102341649 0.1734203639 0.2097422808 0.2141193361 0.2260632888 0.2251114729 0.1860894955 0.2107283845 0.2394428679 0.2138704526 0.2548202876 0.4306269386 0.5128487896 0.6314782517 0.7520020775 0.8985565312 0.8964811874 0.9906518752 0.8317857228 0.7026010133 0.6265721743 0.4269736869 0.3602183792 0.2752328880 0.2703992786 0.2102710124 0.2299679258 0.2195528042 0.1839982439 0.2015723836 0.1907637164 0.1781952537 0.1525230610 0.1633865491 0.2149435590 0.2812379301 0.2573979526 0.1968391041 0.1878789526 0.1618223837 0.1987011412 0.1757577640 0.1679300850 0.2248559116 0.2232800796 0.1918382895 0.2038324060 0.2756054215 0.2962607575 0.3713748508 0.4870029436 0.5891164108 0.6749195237 0.8502100057 0.9069022556 0.9153047269 0.8684763537 0.7229749672 0.5956963619 0.4525900672 0.3285915876 0.2756124403 0.2276121904 0.2469723187 0.2073184791 0.2120583629 0.2684964010 0.1682322846 0.1705620975 0.1834060557 0.1799140183 0.1997384906 0.2196116300 0.1930341986 0.2432449212 0.2180158092 0.1736135859
0.1906928127 0.1869717495 0.1313820789 0.2189518157 0.1953018972 0.1917391098 0.1556197609 0.2172687986 0.2280309331 0.2051578103 0.3152725183 0.3965197195 0.4534850787 0.5637282499 0.7298816438 0.7946014253 0.9009678939 0.8804931156 0.8101342646 0.6916202900 0.5616296094 0.5187166632 0.3770604854 0.3301750645 0.2653281710 0.1940835094 0.2393729411 0.1596924480 0.2050390823 0.2058968966 0.1401287510 0.2273369393 0.1714141766 0.1591858416 0.1457370991 0.1128688433 0.2295825922 0.1571857309 0.1836390813 0.1624466485 0.1885502447 0.1845160391 0.2100887572 0.1737146434 0.1717292095 0.1773584346 0.1719345205 0.2296627743 0.2428455099 0.3457826712 0.4394355183 0.5843947194 0.6727758557 0.7998935700 0.9097021248 0.9243193655 0.8431938918 0.7650715854 0.6185637296 0.4898343825 0.4120638576 0.2739532106 0.2371916731 0.2429452459 0.2017835376 0.1842055286 0.2313565354 0.1744057081 0.1673705114 0.1807619358 0.1819501845 0.1666485739 0.2299209547 0.2136329554 0.2029228152 0.1745154601 0.1734381192 0.1884783083 0.1842770959 0.2259064927 0.1671557437 0.2018010630 0.1958966780 0.1350102881 0.1889179219 0.2119467552 0.2931511872 0.2978767017 0.4006219443 0.5192994305 0.6491876542 0.8173813482 0.8749664463 0.9121620912 0.8856189203 0.8018108478 0.6404580044 0.5708505487 0.3836993419 0.3093438085 0.2891992066 0.2449513869 0.2151183292 0.2021198184 0.1938231708 0.2294466760 0.1699828080 0.1674826583 0.2026721395 0.2108187178 0.2015051895 0.2232130163 0.1808342373 0.2185174945 0.1789904528 0.1789452495 0.1931012920 0.1978055054 0.1819293916 0.1915422238 0.1809182503 0.2114994626 0.2085536373 0.2057906962 0.2494355833 0.3480968617 0.3960251409 0.4985004172 0.6602774881 0.7212546933 0.8631919246 0.9116962897 0.8755758495 0.8456463156 0.7070321135 0.5741319364 0.5129909587 0.3679155105 0.2896819619 0.2457310487 0.1941539785 0.1976491943 0.1905844229 0.1966988570 0.1834830530 0.1676705547 0.2290158206 0.2057217247 0.1676326452 0.1657680210 0.2284326723 0.1733343184 0.2449324458 0.1743799110 0.1446629082 0.2148724557 0.1872205256 0.1400062972 0.1960125188 0.1923359984 0.2189597279 0.1980942175 0.2462739135 0.2650089354 0.3778702227 0.4778021789 0.6013483903 0.7237359014 0.8340957078 0.8558433376 0.9013745640 0.8707403574 0.7100540769 0.6337823810 0.5042704789 0.3601741699 0.3006029865 0.2091855424 0.2142791101 0.2737881582 0.2238199024 0.1985809486 0.2397330292 0.2420536176 0.1715426582 0.2446551684 0.1781107793 0.2200377411 0.1887569919 0.1748082571 0.2110334752 0.2019677580
0.2063782755 0.1416976042 0.1843414912 0.2063899211 0.1962335479 0.2217947773 0.1480449003 0.2004120016 0.2191795751 0.2279695325 0.2533648037 0.3421224994 0.4936225712 0.5688203231 0.6953821634 0.8121400528 0.8544105584 0.9309404999 0.8216760389 0.7561820664 0.5982577736 0.4907495668 0.3537760355 0.2393322260 0.2026029936 0.1745559867 0.1985363256 0.2120188809 0.1621391885 0.1418590477 0.1869032767 0.1381751881 0.2081680291 0.1778045123 0.1853716498 0.1895772143 0.2112365302 0.1987062661 0.1788900621 0.2007590054 0.2160343543 0.2343422984 0.1964823616 0.1966881735 0.2064967194 0.1451439147 0.2215604104 0.2363262713 0.2581329808 0.3238960826 0.4963936018 0.5601810659 0.6726098400 0.7853936859 0.8699286830 0.9065775543 0.8972158339 0.7635962551 0.6163466983 0.5093772375 0.3759336730 0.2435104278 0.2719771470 0.2255528015 0.2082997038 0.1932333820 0.2125813957 0.1847024538 0.1694785668 0.1947015336 0.1877129864 0.2089323727 0.1241727634 0.2221083825 0.1455717163 0.1718355658 0.2289229017 0.1709473169 0.1505823284 0.1975440332 0.2177167797 0.1606933613 0.1676472884 0.2455568315 0.2157644585 0.2344704492 0.2983471392 0.3328185130 0.4403362930 0.5276351398 0.6649923592 0.7503349338 0.8726579149 0.8455316196 0.9005113018 0.7732860148 0.6338146352 0.6019094351 0.4397204119 0.3135374021 0.2912237770 0.2404608745 0.2140629785 0.2056884675 0.2052659363 0.1561106179 0.2083429209 0.1540203948 0.2066809834 0.1875300002 0.2184976075 0.1745989968 0.1600257598 0.2056065118 0.1787552285 0.1761197751 0.2175178550 0.1913638562 0.1938881378 0.1846584593 0.1979644499 0.2131499781 0.2074114430 0.2116436921 0.2737310536 0.3089528276 0.4102864133 0.5376751697 0.6432777990 0.8220686854 0.9427831087 0.9079858244 0.9165138600 0.8154934804 0.6927471078 0.6001895601 0.4194596748 0.3611782215 0.2744579793 0.2601382090 0.1858825782 0.2235954223 0.1780702915 0.1698761475 0.1730995717 0.2167648151 0.1873197195 0.2330198605 0.2273244717 0.2333795814 0.1793144448 0.2411065960 0.2045880856 0.1761202624 0.2100106398 0.2230400927 0.2271849054 0.1933635503 0.1858114960 0.1803135632 0.2120881703 0.2294405651 0.2540616760 0.2718545703 0.3789888496 0.4886967905 0.6500552835 0.7185196495 0.8547565300 0.9172126711 0.9112807777 0.8634125127 0.7471729902 0.5831290189 0.5094636680 0.3729513978 0.3232251991 0.2489904749 0.2587935293 0.2251117517 0.1741641853 0.2060287982 0.1909583072 0.1997197046 0.2209512665 0.1931835511 0.2132105107 0.1910758584 0.2461585428 0.1965906508 0.2309170202 0.1956512986
0.1614363222 0.1425397613 0.1549619150 0.2095112923 0.2188441834 0.1680109102 0.1777812035 0.1778231092 0.2121132905 0.2104103617 0.3005789248 0.3809492238 0.4656315670 0.6089303771 0.7591170006 0.8058453426 0.9405622272 0.9377497864 0.8210295548 0.7595173760 0.5621228719 0.5205946521 0.3680450801 0.2615794378 0.2515990410 0.1629519504 0.1460977173 0.1577865987 0.1901143266 0.2274142499 0.2239802085 0.2039567686 0.1930757236 0.1692335616 0.1614864110 0.1598580768 0.2330542028 0.1671179424 0.1577939653 0.1501298294 0.1660800244 0.1822655286 0.1835855015 0.1767630325 0.1485323061 0.1600030768 0.2524508776 0.2405915912 0.2965342882 0.3256336084 0.4495379697 0.5476769430 0.7303215097 0.8306364231 0.9144928891 0.8975797497 0.8811994914 0.7581411731 0.6138288473 0.4708648519 0.3626103735 0.2898801184 0.2382784983 0.1736672837 0.1540767840 0.2163352292 0.2008918729 0.1203124940 0.1773779211 0.1916384473 0.1679761415 0.1785837110 0.1538324907 0.2176919174 0.2123971624 0.1582744509 0.2131354037 0.2025922315 0.1038232065 0.1909270488 0.2144566444 0.1584725411 0.2114265591 0.2008155783 0.1558401333 0.2254407140 0.2681149148 0.3551874683 0.4528958774 0.5356688931 0.6751272050 0.8103453948 0.8830192672 0.8790315227 0.8055581498 0.7639212763 0.6259296242 0.4767750305 0.4004785226 0.2712687776 0.2518575164 0.2655469515 0.2332582016 0.1667459111 0.1915902679 0.1805041958 0.1901108742 0.1658704580 0.1948279799 0.1861673658 0.2065267216 0.1881998684 0.1708197329 0.2252731937 0.1843619506 0.1818178151 0.1888658513 0.2142467882 0.2115103900 0.2330931573 0.1787581742 0.1441701490 0.1945886238 0.2107827850 0.2753894639 0.3331595298 0.3879834770 0.5435005212 0.6111981670 0.7714441043 0.8804749577 0.9547922195 0.9011974203 0.8305758187 0.7082046099 0.5814214431 0.4192961633 0.3437734051 0.2827008096 0.2277745875 0.2146902009 0.2053675080 0.2228579942 0.2034478924 0.1964922184 0.1438493382 0.1944175277 0.2095332857 0.1693479108 0.1938023983 0.2263534463 0.1701526800 0.2058135987 0.2243799303 0.2078724443 0.1779856018 0.1866178521 0.1873752528 0.1992179100 0.2070567506 0.2432275634 0.2331718302 0.2461937244 0.3144266220 0.3339842341 0.5014579743 0.6371505976 0.7216204360 0.8671000729 0.9189495974 0.8947609610 0.8838987516 0.7656131814 0.5679036852 0.4617907259 0.3636561495 0.2793842054 0.2747473592 0.2189280790 0.1990726655 0.1986539470 0.2435611548 0.1610546887 0.2125602642 0.2028811673 0.1925366735 0.2004143612 0.2060669013 0.2154531505 0.2407443312 0.1785045470 0.1986306291
0.1633378598 0.1648646085 0.1583690132 0.1743949911 0.1406338211 0.1689925467 0.1629680217 0.2030678299 0.1935437348 0.3081952605 0.2980186845 0.3508003505 0.5072257911 0.6106766100 0.7626094878 0.8646854733 0.9239268709 0.8725655192 0.8489237199 0.7066456979 0.5632099724 0.4273473081 0.3013665480 0.2876495191 0.2157196138 0.1725768516 0.1741616053 0.1540793678 0.1633641647 0.1627998834 0.1630308650 0.1378135184 0.1495003225 0.1969159111 0.1480327465 0.1460665421 0.1622264875 0.1799325383 0.1778907833 0.1490486764 0.1834716484 0.1531563322 0.1744134077 0.1690546995 0.1656872516 0.1932845494 0.1554067641 0.2613315494 0.2793142559 0.3341520169 0.4744704764 0.5687522160 0.7167939522 0.8382183533 0.9012080828 0.9295247533 0.8556922005 0.7206474867 0.5846175212 0.5325238856 0.3443913416 0.3034860901 0.2389566601 0.2235731953 0.2128148784 0.1980951987 0.2020670309 0.1843541973 0.1772580108 0.1632877007 0.1656203352 0.2009555987 0.1699256445 0.1760704252 0.2074592857 0.1905346585 0.1315663523 0.2061536034 0.1612769838 0.1654159125 0.1918141459 0.1992581083 0.1962289432 0.1740328155 0.1667149532 0.2424631218 0.2576951778 0.2793571213 0.4099078206 0.5822797080 0.6487412229 0.7795487057 0.9004324698 0.9154101788 0.8475223241 0.7997554532 0.6516646750 0.4800956615 0.4171856654 0.2806889970 0.2518525884 0.2175791264 0.1783929025 0.1752865621 0.1616834847 0.2250388006 0.1822338978 0.2539842169 0.1008169678 0.2062431468 0.1702506959 0.1868790510 0.2030815570 0.1743917539 0.1726961678 0.1664394859 0.2291363123 0.1549342678 0.1687057630 0.1744874752 0.1809838261 0.1592694754 0.1881398511 0.2216003026 0.2272622084 0.2953878531 0.3756791234 0.5650549228 0.6368274542 0.7525716845 0.8431641025 0.9806893368 0.8413920412 0.7483616469 0.6647212878 0.5227988497 0.4328080655 0.3487103151 0.2455170333 0.1990655811 0.1803228305 0.2040529280 0.1977003454 0.1940691122 0.1659635183 0.1399795652 0.1685588902 0.1915672116 0.1829054758 0.2238916246 0.1650915458 0.2138306039 0.1781199967 0.1733549697 0.1207111700 0.2213793941 0.1780409587 0.1715715792 0.1760519122 0.1612826829 0.2263993274 0.2043259765 0.2463485617 0.2917910954 0.3967792016 0.4971691181 0.5817641267 0.7609661174 0.8648541785 0.8587354322 0.8701896236 0.8358991082 0.7231176545 0.5790406257 0.4819871010 0.3896767462 0.2556486154 0.2544453930 0.2608156093 0.1873532142 0.1915823327 0.1868912503 0.1724780948 0.1525023872 0.2143202706 0.1463770899 0.1941077216 0.1907715174 0.1620295371 0.1502433518 0.2219841629 0.1723850393
0.1783652886 0.1528272027 0.2014735114 0.1711303953 0.1372577939 0.1523739171 0.1874286606 0.1855741466 0.1984108623 0.2336050183 0.2562121906 0.4157389637 0.5109233899 0.5915068177 0.7413023529 0.8057966827 0.8909671567 0.9240912782 0.7571329785 0.6660433119 0.5811213844 0.4768863996 0.3186889084 0.2658894493 0.2154639018 0.1806527429 0.1886927199 0.1815193634 0.1455384698 0.1423217730 0.1563440993 0.1067938225 0.1577527255 0.1971134518 0.1723008321 0.1940597379 0.1605214809 0.1990130071 0.1612122138 0.1585424427 0.1704106424 0.1464882611 0.1791702442 0.1847394006 0.1542885116 0.1993919842 0.2010924267 0.2363067634 0.2841539622 0.3729022945 0.4713998804 0.5983261487 0.7347414697 0.7774301312 0.8801312941 0.8797912719 0.7470765431 0.7256121253 0.5755038875 0.4380269120 0.3367674745 0.2859951649 0.2323123373 0.1940177819 0.1838755598 0.1314194369 0.1493634679 0.2063965097 0.2307782061 0.1671259148 0.1581930479 0.1962126515 0.1993078629 0.1629958827 0.1705390947 0.2025028432 0.1620677014 0.2199258718 0.1690595086 0.1682606845 0.1839122226 0.2635648125 0.2005060626 0.2201283856 0.1811942116 0.2181635201 0.2448204870 0.2939261557 0.4857732484 0.5149132669 0.7183618699 0.7988611081 0.8405317966 0.8807919233 0.9112128009 0.7693327006 0.6467487818 0.4722667508 0.4473654318 0.3118208267 0.2527312028 0.2208524274 0.2018253170 0.1749086645 0.2290175110 0.1878011774 0.1736386979 0.1684029432 0.1575089352 0.1766426616 0.1807104236 0.2670197723 0.2007583457 0.1698257772 0.1300129657 0.1883425308 0.1632235167 0.2259780967 0.1530349064 0.1565928195 0.1548745777 0.1417766204 0.2286519406 0.2393072775 0.2639422927 0.3212584242 0.4182039215 0.4988564047 0.6539490809 0.7505463007 0.8865858589 0.9534154668 0.9109140884 0.7368202995 0.6320166130 0.5837514277 0.4345041047 0.3494075629 0.2642120902 0.2345407642 0.1819679791 0.1600287927 0.2064485807 0.1924839643 0.1668539049 0.1634994622 0.1996863308 0.1586690178 0.2126382819 0.2114766675 0.1546662333 0.2157334890 0.1547922251 0.1881324271 0.2642385930 0.2036708037 0.2150245575 0.1638610944 0.1541288762 0.1899823304 0.1385220542 0.2464380501 0.2484724635 0.3634858559 0.3992842509 0.5256756540 0.6666834404 0.7672033257 0.9066109233 0.9002931654 0.9083832217 0.8292868174 0.7214659457 0.5748432557 0.4893865912 0.3547638805 0.2953101112 0.2944608746 0.2356340167 0.1734190814 0.2028830532 0.2287307687 0.1496288167 0.1479290332 0.2096397423 0.1954718569 0.1659493765 0.1838065207 0.2119058096 0.1761347315 0.1759307515 0.1784695565
0.1559838638 0.1619324157 0.1488146079 0.1921058050 0.1604419322 0.1797830526 0.1472816674 0.1458598823 0.2210765484 0.2442025328 0.3171898020 0.3439765538 0.4837408302 0.5838184294 0.6807215768 0.8390128587 0.8279377122 0.8519335165 0.7426849856 0.6586561603 0.5508462025 0.4343263094 0.2768559791 0.2080546065 0.2036381943 0.1860070241 0.1751284420 0.1938598269 0.1939948574 0.1859657295 0.1949018655 0.1623313166 0.2061032906 0.1344399751 0.1056622659 0.1603097865 0.2054436360 0.1459609805 0.1957949464 0.1662072924 0.1572434278 0.1552822339 0.1757794786 0.1409940571 0.1792030450 0.1487827762 0.1804947817 0.2058622900 0.2543955947 0.2881428828 0.3799853373 0.6075280797 0.6655755464 0.8016722465 0.8266426713 0.9149129494 0.7817220912 0.7283180099 0.5588167409 0.4446592049 0.3544468373 0.2828513789 0.1944750227 0.1723085336 0.1778344709 0.2367978203 0.1362106480 0.1662809884 0.2077228872 0.1638598302 0.1450321023 0.1403776551 0.1662028327 0.1616573381 0.2090904378 0.1669818692 0.1541424789 0.1598025425 0.1554741297 0.1924398702 0.1956079030 0.2061940767 0.2305414707 0.1650119699 0.2250573040 0.2354218900 0.2799702727 0.2980532914 0.3800916756 0.5419221392 0.6605029101 0.7974906114 0.8630574342 0.8841418368 0.8311739970 0.7310281651 0.6001644521 0.4916516299 0.3945886638 0.2685600620 0.2205209090 0.2247871730 0.1582204012 0.1810363955 0.1731618247 0.2084892157 0.1295337455 0.2132582103 0.1799388403 0.2090114856 0.2105259251 0.1978524052 0.2006721661 0.2196279984 0.1315205390 0.1578443091 0.1410791123 0.1755749381 0.2218574842 0.1584863293 0.1718712303 0.2076749661 0.2181810821 0.2405208878 0.2890102512 0.3315767216 0.3691899775 0.5896181035 0.6442585346 0.7749490695 0.8135153761 0.8800422701 0.8221668888 0.7402142223 0.6650741625 0.5526762010 0.4436433188 0.2685536661 0.2191859377 0.2048604925 0.2238775044 0.2323936794 0.1795044861 0.1143345701 0.2204519432 0.2046457751 0.1675782156 0.1677919802 0.1260384494 0.2327238586 0.1455483873 0.1612987575 0.1994487380 0.1708609940 0.1960636127 0.1840978924 0.1762528815 0.1670657245 0.1635781764 0.1712514802 0.1714717515 0.1880318746 0.2507455092 0.2993266821 0.4059241462 0.4983596150 0.6429273173 0.7395191979 0.8578037445 0.9536244694 0.8544385972 0.7707866162 0.6773924720 0.5426771822 0.4386457395 0.3244223111 0.2119894168 0.2139986296 0.2052735385 0.1674855818 0.1510932301 0.1664208788 0.1908583931 0.2104006225 0.2044187812 0.1743950917 0.1510392214 0.2114344796 0.1822882973 0.1906899867 0.1204045535 0.0926266639
0.1221879022 0.1966939489 0.1143226601 0.1106974735 0.1079578000 0.2025600640 0.1586655164 0.1716360994 0.1235055765 0.2208622661 0.3029190448 0.3956669573 0.4447214709 0.6189807548 0.6895775226 0.8009536402 0.8455371682 0.8155052201 0.7610148889 0.7083890142 0.5024536443 0.4436721192 0.2935525841 0.2422242974 0.2023592450 0.1184360914 0.1453528691 0.2198627096 0.1293143995 0.1205944037 0.1872441673 0.1522580515 0.1208524467 0.1147844947 0.1955905842 0.1268821392 0.1279253111 0.1908010233 0.1325965720 0.1690813347 0.1517230321 0.1789784531 0.1295219051 0.1702592825 0.1141003075 0.1601480365 0.1284688463 0.2348944282 0.2667640417 0.3590576375 0.4333034200 0.5289884925 0.7114125006 0.7897734635 0.8583812375 0.9018818088 0.8253924041 0.6961389011 0.5536376836 0.4418069689 0.3357880345 0.2693372462 0.2294867455 0.1742485680 0.2085474362 0.1841146662 0.1618894365 0.1899484253 0.1585892810 0.1355896750 0.1376069773 0.1904842364 0.1435225708 0.1510217396 0.1342565850 0.1644406819 0.1709997231 0.1216788123 0.1365498051 0.1651678860 0.1631856234 0.1501226535 0.1801325164 0.2042761484 0.2148800739 0.2287333844 0.3143858872 0.3195331047 0.4369578955 0.5812414939 0.6747662535 0.7997084930 0.8829026869 0.8758905569 0.7923439682 0.7559642781 0.6339420427 0.4361095075 0.3685001144 0.2506673072 0.2170699542 0.1697022677 0.1888847727 0.1630589486 0.1759115406 0.1582465303 0.1290874936 0.1350890348 0.1133993033 0.1536926721 0.2416870827 0.1772901017 0.1761395668 0.1684324738 0.1178439695 0.1335219265 0.1365194635 0.1864474352 0.1788803513 0.1626602813 0.1778154919 0.1477931476 0.2110673373 0.1848277619 0.2882613334 0.3079515511 0.4503478717 0.5301675619 0.6360082199 0.7609859952 0.8249707554 0.8917296892 0.8017795125 0.7203397774 0.6447891545 0.4795326727 0.3720105203 0.3302944246 0.2007516116 0.2272474001 0.1736390481 0.1442678512 0.1556041554 0.1991972283 0.2030630652 0.1429970300 0.1058610748 0.1923734809 0.1764334926 0.1268863668 0.1692831181 0.1555660843 0.1900951705 0.1619380054 0.1883742596 0.1381608826 0.1615027172 0.1804423667 0.1701588605 0.1530642743 0.1796839727 0.1645613603 0.2398652802 0.2650679878 0.3913136234 0.5085828122 0.6433686249 0.7570175210 0.8441575808 0.9077760077 0.8318490939 0.8034382826 0.6417926891 0.5476049808 0.3616387936 0.2796997819 0.2675230967 0.2493764143 0.1429992752 0.1868746803 0.2282801592 0.1938929174 0.1979568841 0.1815994938 0.1871007152 0.1306438842 0.1986219973 0.1796356995 0.1813928703 0.1781241101 0.1780876212 0.1448089139
0.1513293642 0.1394580130 0.1471700201 0.1481776916 0.1600880935 0.1464110308 0.1630928286 0.1930587415 0.1610428437 0.2270917826 0.2891831046 0.3827702684 0.4740890199 0.5631259562 0.7338614395 0.8620535313 0.8496166588 0.8552028660 0.7630686001 0.6511643881 0.5350700180 0.4113677061 0.3414316428 0.2543295309 0.1635050813 0.1185621550 0.2341466954 0.1043114708 0.1583778850 0.1527205058 0.1599111953 0.1661711532 0.1800480925 0.1254737320 0.1623314540 0.1438269398 0.1679569012 0.1219708238 0.0640225319 0.1299237552 0.1273316805 0.1270208928 0.1550591637 0.1836641325 0.1588506313 0.1364025157 0.1502229396 0.2754610734 0.2736190606 0.2918691169 0.4536553699 0.5854615246 0.7095643664 0.8096191650 0.8609588790 0.8388561985 0.7862863260 0.6232309640 0.5171485643 0.4174428683 0.3620235793 0.2175730525 0.2334580648 0.1911385388 0.1273055952 0.1401717104 0.1931137892 0.1643381534 0.1086147944 0.1524447881 0.1708665035 0.0969658195 0.1074931749 0.1543927753 0.1477731967 0.1872067821 0.1706928733 0.1371085711 0.1326668825 0.1081767199 0.1429742129 0.1383744389 0.1481321184 0.2350699655 0.1709421825 0.2230774208 0.2766700633 0.3136999926 0.4397873066 0.5160680472 0.6362325393 0.7851202520 0.8967949865 0.8590979951 0.8279548763 0.6792345790 0.5639479962 0.4770811414 0.3865960516 0.2373485281 0.2332767062 0.2363382630 0.2170654358 0.1601815814 0.1583846932 0.1810479717 0.1654461497 0.1508449888 0.1135780413 0.1562351229 0.1487783474 0.2022093790 0.2007214242 0.1338453423 0.1537623919 0.1686536611 0.1527299774 0.1591627436 0.1944374484 0.1549876343 0.2126829359 0.1738447521 0.1922523094 0.1949351427 0.2486682500 0.3079202233 0.3909474196 0.4946490438 0.6665018410 0.7556252469 0.8627417377 0.8087305815 0.8118893085 0.7597243087 0.6413661993 0.4733315511 0.3828339537 0.2723965926 0.2335133069 0.1345369044 0.1870803070 0.1710023085 0.1722522072 0.1908008404 0.1540730295 0.1969381971 0.2038706087 0.2108959267 0.1352736077 0.1516913600 0.1974260366 0.2083708799 0.1196711566 0.2261494227 0.1163271304 0.1751027261 0.1609986181 0.2314869077 0.1670264831 0.1819808624 0.1765169975 0.1938498099 0.2192264893 0.2989620157 0.4313621177 0.5087667612 0.6419486352 0.7496848893 0.7889196053 0.9603066474 0.8185280381 0.8012176722 0.6738336708 0.5660770778 0.4686378481 0.3202618681 0.2350389874 0.1963076126 0.1997559268 0.1914218517 0.1890258435 0.1816755722 0.1171602302 0.1390897465 0.1261471067 0.1358515190 0.1971281689 0.1734748514 0.1665551671 0.1727213226 0.1522041992 0.1537456297
0.1153639519 0.1244857478 0.1365851341 0.1830847014 0.1769618423 0.1744398164 0.2101869152 0.1163554577 0.2129907570 0.1942496923 0.2466135239 0.3591672985 0.4471609339 0.6685152844 0.7387595403 0.7943130580 0.8337641931 0.7856302499 0.7208420121 0.6406526357 0.5481053794 0.3561069066 0.2808501967 0.1684358980 0.1986703996 0.1763335026 0.1805482671 0.1310222582 0.1471687527 0.1702414414 0.1705075530 0.1068674273 0.1029942127 0.1295487571 0.2070563821 0.1536976268 0.1691377039 0.1590874622 0.1241274329 0.0983226845 0.1276730371 0.1550910674 0.1816897109 0.1443320979 0.1893037336 0.1748014901 0.1736333788 0.2168646564 0.2481532943 0.3602356659 0.4411139836 0.5649806031 0.7383951400 0.7913539532 0.8341754060 0.8533009131 0.7221751148 0.6276854036 0.5332225078 0.4426942100 0.3067214778 0.1982622256 0.1908649798 0.1550619293 0.1495386881 0.1546026999 0.1820866744 0.1845329002 0.1261619985 0.1157836325 0.1903453437 0.1275827252 0.1453247872 0.1263755031 0.2015136952 0.1473713798 0.1233614453 0.1482313009 0.1595393509 0.1820417502 0.1460698040 0.1236077821 0.1195686255 0.1025985159 0.1814177108 0.1956834403 0.2800497297 0.3579171810 0.4252594080 0.5469271770 0.6652213974 0.7945563033 0.8528157174 0.8770197321 0.8052791583 0.7021945556 0.6055199312 0.4845346102 0.3509572563 0.2901068804 0.1899057008 0.1470409680 0.1629646895 0.1585025650 0.1626871799 0.1595111313 0.1143689655 0.1609954481 0.1159544460 0.1899630680 0.2105147076 0.1141372438 0.1864996109 0.1715422212 0.1456768140 0.1460175668 0.1129592649 0.1263531674 0.1166611363 0.1858778082 0.1704141453 0.1144191715 0.2110158278 0.1923045991 0.2513714162 0.2490026056 0.4347006975 0.4895804609 0.6112660598 0.8223491741 0.8524164705 0.8513093179 0.8459749441 0.7056276163 0.5995341196 0.4378526690 0.3804155225 0.2774134867 0.2683764404 0.2767415980 0.1541623412 0.1762036173 0.1744840403 0.1406157425 0.1331653664 0.1591322962 0.1294436156 0.1372677450 0.0946795008 0.1321064568 0.1395031827 0.1717700126 0.1660535806 0.1075117922 0.1350428615 0.1715313502 0.1292857712 0.1599325626 0.1227410717 0.1733986230 0.1292955788 0.2105388840 0.1978953820 0.3518547045 0.3903655144 0.5330259805 0.6566632820 0.7618941943 0.8134442161 0.8000560811 0.8839429628 0.7674848600 0.6243120510 0.5220741145 0.3436986113 0.3128615827 0.2465791756 0.1598173732 0.2038925361 0.1636024981 0.1732079218 0.1361937550 0.1330562963 0.1595979560 0.1605355724 0.1569503328 0.1625690469 0.1452216826 0.1717601035 0.1189356638 0.1429157963 0.1864267655
0.1291604419 0.1121713388 0.1597389802 0.1235083191 0.1286207354 0.1344763705 0.1313147333 0.1637846542 0.1623312307 0.2469821584 0.2636517477 0.4229238491 0.5101095411 0.5726325056 0.7084530980 0.7512376199 0.8809628513 0.8210717937 0.7277481290 0.6571754376 0.4694470807 0.3608933170 0.2395195827 0.2344346740 0.1286983845 0.1524776236 0.1245805536 0.1534415745 0.1594645103 0.0953714189 0.1496697768 0.0749517816 0.1350824720 0.1057261475 0.1442153902 0.1426890379 0.1427212828 0.1442727039 0.1103448355 0.1169355639 0.1913427344 0.1769097420 0.1363681576 0.1536180246 0.1913960442 0.1756367810 0.1467068983 0.1975336947 0.2614291089 0.3000096593 0.4463804327 0.5317068144 0.6640475858 0.7890958680 0.9092679492 0.8490806273 0.8047505664 0.6662640082 0.4988428715 0.3668551509 0.2888129159 0.2722351084 0.1822556292 0.1456336408 0.1742795567 0.1616328328 0.1658108815 0.1399286007 0.0664913618 0.1777646685 0.1703991472 0.1576534714 0.1147726383 0.1088295789 0.1605868609 0.1511613277 0.1687316453 0.1512148435 0.1177130864 0.1301244157 0.1779047655 0.1768893318 0.1929325877 0.1261306675 0.1643874038 0.2121119718 0.2891323243 0.2630219295 0.4535358923 0.5526291144 0.6787891073 0.8497984534 0.8400992634 0.8678150295 0.7217550713 0.7031834738 0.5348035216 0.4468104183 0.3101472250 0.1883842480 0.1750384346 0.1488636195 0.2310135468 0.1898939107 0.1561245198 0.1399137514 0.1407382741 0.1925284858 0.1614158684 0.1637754126 0.1557455906 0.1638422128 0.1423486113 0.1178971998 0.1272594285 0.1037971784 0.1525672790 0.1751708094 0.1197887172 0.1062470440 0.1460647608 0.1133767671 0.1888909787 0.2027167728 0.2553305850 0.3178861130 0.3916817607 0.5503469172 0.6639430502 0.8393637686 0.8675139354 0.8487274520 0.8140495083 0.7318619565 0.6198022851 0.4797776945 0.3710685779 0.2592804960 0.1936002315 0.1253604309 0.2021437294 0.1462757040 0.1626248189 0.1242534345 0.1155361869 0.1785312640 0.1055029807 0.1398027910 0.1040959249 0.2105062864 0.1259068219 0.2075099140 0.1480164859 0.0994606864 0.1845385958 0.1074865153 0.1485712523 0.1799803244 0.1191431603 0.1446074899 0.1730752101 0.2178623301 0.2164823769 0.2701168874 0.4300678957 0.4974444684 0.6329386642 0.7891181285 0.8891217429 0.8466029153 0.7891334789 0.7585031825 0.5831570299 0.5037129608 0.3572882779 0.2839783918 0.1956367113 0.1702142770 0.2475840456 0.1388839574 0.1843188468 0.1754477796 0.1311564858 0.1168686494 0.1567930226 0.1761404067 0.1416943620 0.1288700603 0.1796228163 0.1166706127 0.1914746274 0.1489300464
0.1283227613 0.1646850209 0.1596398202 0.0794349986 0.1104314843 0.1404005566 0.1039804250 0.2033074733 0.1503023448 0.1867748377 0.2567037437 0.3548382871 0.4850855043 0.6406880815 0.7317825332 0.9030056641 0.8563210369 0.7801376834 0.7638856436 0.5466426193 0.4798085181 0.3490829952 0.2594147315 0.2100289096 0.1371997229 0.1358822815 0.1729928702 0.1461207277 0.1243971732 0.1149366006 0.0976924667 0.0941584813 0.1467920588 0.0789321568 0.1054325704 0.1141173332 0.1306868131 0.1434047997 0.1527393038 0.1177565142 0.1567308900 0.1933031433 0.1010332228 0.1574234960 0.1451695731 0.1342539156 0.1649354307 0.1843306621 0.2194290570 0.3153616033 0.4590657579 0.5933878480 0.6583077015 0.8117494507 0.8580242513 0.8447049855 0.7337900461 0.5926144424 0.5285617253 0.3435671336 0.3315511145 0.2472713950 0.1989848435 0.1640776516 0.1697592799 0.1634337719 0.0727252060 0.1229643295 0.1652584013 0.1410306590 0.1569575034 0.1465574275 0.1441497728 0.1713030888 0.1293352277 0.1757449122 0.1385224104 0.1258134130 0.1845842566 0.1374041765 0.1123249370 0.0711612318 0.1306064388 0.1562979827 0.1679313134 0.1772858077 0.2575474367 0.3082332601 0.4628636596 0.5286781270 0.6532517199 0.7626517763 0.8506422194 0.8588643571 0.7777711243 0.6887486211 0.5575275835 0.4036648627 0.3325067618 0.2443560367 0.2123311708 0.1983804823 0.1800906070 0.1961190499 0.1741841032 0.1680760656 0.1422887063 0.1746784232 0.1667487826 0.1631040319 0.1761910995 0.1693847628 0.1822629535 0.1586656887 0.1837988091 0.1791792381 0.1349464032 0.0711433740 0.1649461936 0.1549255103 0.1436064853 0.1740242283 0.1840422691 0.1951973214 0.2423445762 0.3285884415 0.4528703674 0.5222974650 0.6173957330 0.8078943300 0.8371672069 0.8935966693 0.8309529379 0.6703709568 0.6242969994 0.4603558518 0.3402749007 0.2525697450 0.1713601715 0.1780860984 0.1661900781 0.1584801317 0.1406326758 0.1651691792 0.1069101814 0.1759013749 0.1344175997 0.1514456603 0.1419552754 0.1585655541 0.1174341178 0.1502607057 0.1419235353 0.1305940266 0.1450620496 0.1383871844 0.1460342424 0.1662681185 0.1628063725 0.1129531529 0.1742370725 0.1909851126 0.2525586153 0.2858525325 0.4166283157 0.5185736056 0.6226660675 0.7991551899 0.7984712897 0.8866798213 0.7980397498 0.7423127009 0.6007760933 0.5008873167 0.3689831388 0.2325274036 0.2072978805 0.1707826456 0.1671613808 0.1693071548 0.1127487220 0.1294757259 0.1504474627 0.1702328480 0.1364797905 0.1720910477 0.1708261060 0.1494151088 0.1660287143 0.2008182331 0.1243640415 0.1673567640
0.1657655777 0.1248048933 0.1291314486 0.1287737417 0.1848994679 0.1225982577 0.1290027358 0.1809747616 0.1588507923 0.2266532506 0.2945985715 0.3721841548 0.5026877751 0.5701743013 0.7333509946 0.8513115247 0.8858448666 0.7971186553 0.6753604159 0.5485689952 0.4593541807 0.3175183125 0.2990338857 0.1884300360 0.2330650251 0.1563899516 0.1560714370 0.1846043743 0.1529505208 0.1402159692 0.1616671347 0.1292289135 0.1576252601 0.1253138150 0.1602189026 0.1731468240 0.1402935294 0.1169872932 0.1543996211 0.1167975774 0.1834286909 0.1297244076 0.1691641420 0.1283090112 0.1894932357 0.1305582108 0.2003839789 0.2355997225 0.2851936420 0.3427013169 0.4718623398 0.5907531714 0.7616363477 0.8075376435 0.8313318766 0.8387253908 0.7931715486 0.5950705274 0.4733708528 0.3684355832 0.3355003842 0.2606856072 0.2067847478 0.1938327850 0.1309723517 0.1565731565 0.1895542044 0.1294757324 0.1434165941 0.1453544969 0.1255640224 0.1431889236 0.1486658292 0.1340645816 0.1403843778 0.0922360300 0.1441381177 0.1586814130 0.1574096789 0.0930126579 0.1263200198 0.1623547237 0.1237782415 0.1259001375 0.1811623342 0.2391538474 0.3321557988 0.3586349608 0.4751836589 0.6179167011 0.7244715414 0.7838364794 0.8126483914 0.8692835080 0.7810110704 0.6955362034 0.5760825824 0.4054285922 0.2698794609 0.2585761172 0.2617107782 0.1806908178 0.1644908377 0.1139991748 0.0890692647 0.1672273532 0.1604841965 0.2281473143 0.1008084639 0.1483935551 0.1288863569 0.1131982085 0.1319382245 0.1266198840 0.1401199904 0.1764125275 0.1325214117 0.1991879136 0.1647310961 0.1468821678 0.1761907888 0.1691123053 0.1659254739 0.1584600722 0.2879971720 0.3801298947 0.3942865153 0.5502344089 0.7648431488 0.7971884278 0.8277649603 0.8723503805 0.8679773500 0.7297208052 0.5516655664 0.4600680602 0.3480008637 0.2951156033 0.2208725721 0.0979613451 0.1021756998 0.1461587362 0.1364181210 0.1728677268 0.1380537050 0.1726917525 0.1556287106 0.1758101447 0.1936248407 0.1539147346 0.1430881304 0.1700783369 0.0999881598 0.1301221710 0.0936292558 0.1386239544 0.1599243056 0.1708816170 0.1490329576 0.1989307805 0.1871440332 0.2278594477 0.2737145204 0.2899515474 0.4286435822 0.5336016767 0.6662555945 0.7989437447 0.9323914317 0.8478983626 0.8663185844 0.7178549920 0.6348728512 0.4695011916 0.3714875590 0.2325588044 0.2273190625 0.2387141250 0.1899803087 0.1732847574 0.1844372064 0.1515941756 0.1229829604 0.1823584431 0.1757804712 0.1727631149 0.1300615945 0.1178314708 0.1810520168 0.1642614309 0.1580388553 0.1726912641
0.1462596883 0.1016903357 0.1767415918 0.0847507878 0.1653650537 0.1092735864 0.1748088848 0.1130438648 0.2081546696 0.1839189461 0.2864972482 0.4299092446 0.5426150258 0.6234861196 0.7890281830 0.8453765669 0.8244749612 0.8234859593 0.7456578647 0.5934288006 0.4566534454 0.3143239226 0.2856637801 0.2380827086 0.1693568518 0.1326060328 0.1476795982 0.1051186057 0.1421480449 0.0976402733 0.1463100995 0.1228306872 0.1914237090 0.1559511999 0.0611170258 0.0976303754 0.0970627696 0.0955538513 0.1386935037 0.1748940967 0.1636614367 0.1078105911 0.0925881149 0.1102729906 0.1514630734 0.2205174032 0.1572892396 0.1948634476 0.2847645639 0.4281715119 0.4852845982 0.6119866009 0.7073488421 0.8239637064 0.8871347946 0.8056733303 0.7245204391 0.6310538918 0.4912981136 0.3846808348 0.2882691301 0.1658110267 0.1694802043 0.1929547292 0.1018383133 0.1533198703 0.1418814355 0.1681951567 0.1704982116 0.1296798256 0.1485572709 0.1292496240 0.1246791558 0.1963642729 0.1302760408 0.1350681748 0.1322774711 0.1268439356 0.1084846081 0.1368889738 0.1683843676 0.1520754974 0.1115522035 0.1397664372 0.1969855838 0.1891305540 0.2516333703 0.3195043345 0.4386650361 0.6106444906 0.7250131325 0.7989440775 0.9090528336 0.7857946632 0.7592559269 0.6207977347 0.5362079203 0.3640318602 0.3019644492 0.2483862602 0.2248508925 0.1562815357 0.1241148880 0.1554496630 0.1498740247 0.1390488488 0.1809272672 0.1218702475 0.1494086259 0.1630489653 0.0971318346 0.1873892025 0.0901118698 0.1907735191 0.0764937874 0.1737270372 0.1080210873 0.1165045213 0.1772201564 0.1343306865 0.1167714376 0.1908683753 0.1595962039 0.2008826775 0.2374803881 0.3527129038 0.4262112117 0.5474807535 0.6683186849 0.8445963981 0.8687252350 0.8830549445 0.8095074897 0.7170793330 0.5360576815 0.4722937816 0.3443670029 0.2590205979 0.2119567556 0.2030144044 0.1205168251 0.1032721467 0.1513984813 0.1548878225 0.1594666948 0.1284992719 0.1631249794 0.1082262113 0.1733022274 0.1752316857 0.1118201735 0.1751372880 0.1631329526 0.1349239919 0.1554464576 0.1842552679 0.1756107818 0.1516481061 0.2169383868 0.1788452572 0.1584623764 0.2405650400 0.2491305425 0.3442981279 0.4021780430 0.4846656845 0.6236623594 0.7937099259 0.9163446528 0.8646430841 0.8175391048 0.7192666469 0.6391929629 0.4493257286 0.3673832891 0.2914159104 0.2084877213 0.2183763386 0.1580344241 0.1881281525 0.1827894513 0.1470932961 0.1795481579 0.1393434700 0.2039136924 0.1944279954 0.1963491047 0.1603513505 0.1527502356 0.2064050976 0.1449955420 0.1572748978
0.1399264611 0.1621948573 0.1140327757 0.0959195025 0.1281172645 0.1324013831 0.1430622648 0.1593373983 0.1858254943 0.1947274799 0.2554535005 0.4211964743 0.5100439097 0.6929431979 0.7670993810 0.8631700817 0.8711195355 0.8304891028 0.7155100967 0.5664584309 0.4353201673 0.3962888105 0.2975713522 0.2586448653 0.1459417728 0.1337849021 0.1450032269 0.1954226101 0.1427596478 0.1380904974 0.1355375636 0.1109439603 0.1828115194 0.1323306676 0.1598017339 0.1369778131 0.1853119556 0.1324928428 0.1360801974 0.1643543608 0.1331397434 0.1633545928 0.1548349388 0.1320430995 0.1501787071 0.1607159075 0.1995896771 0.2251168246 0.2572496311 0.3352994330 0.4594994216 0.6083059551 0.7276185921 0.8658930506 0.8684327690 0.8380271925 0.8089309566 0.5788603756 0.4494825444 0.3453681919 0.2513370885 0.2653359329 0.1657057598 0.1481589224 0.1543888809 0.1415581661 0.1287510114 0.1454940602 0.1251631666 0.1217379771 0.1663775758 0.1849801239 0.1624825743 0.1939930266 0.1029222702 0.1914824438 0.2023245137 0.1754757242 0.1746737325 0.1144000766 0.1474793176 0.1698447094 0.1524083236 0.1687374330 0.2010058947 0.1717668080 0.3002659451 0.3829164022 0.4715839973 0.5701265562 0.7028622337 0.8195838889 0.9115564574 0.8403217832 0.7666816529 0.6695832468 0.4872510942 0.3797044519 0.2782963981 0.3038301742 0.1624871202 0.1648599027 0.1936850078 0.1579726508 0.1954317755 0.1080189174 0.1401334102 0.1722174637 0.1578574479 0.1329658648 0.1629004125 0.0923012077 0.1238195926 0.1853690618 0.1382013612 0.2117630123 0.1414347449 0.2075306854 0.1583639768 0.1654052971 0.1433339381 0.1562639333 0.1749195404 0.2199925246 0.2575036896 0.3394973584 0.4307738866 0.5832976243 0.7119853203 0.8174301968 0.9250933185 0.9074463708 0.8285442914 0.6501132101 0.5473959569 0.4499091165 0.3594727814 0.2410899411 0.2641087591 0.2118054498 0.1624549165 0.1642387219 0.1490266986 0.1947300558 0.1682696850 0.1451785492 0.1490507161 0.1207793346 0.1665232491 0.1634258260 0.1519235312 0.1366135823 0.1534718243 0.1304757273 0.2240370512 0.1605014129 0.1743780691 0.1724166581 0.1594031304 0.1664907656 0.1750344711 0.2420796009 0.2576655114 0.3371512539 0.4396803769 0.5729633474 0.6810976940 0.7656331195 0.9162912732 0.8794800605 0.8245046224 0.7428220058 0.5920256587 0.5557042193 0.3672915253 0.3259978023 0.2528096339 0.1566390726 0.1628504112 0.1742928947 0.2138048360 0.1699998483 0.1687500365 0.1652492296 0.1666356146 0.1181499275 0.2094100749 0.1393645391 0.1171299914 0.1355381937 0.1629738562 0.1101432540
0.1014921425 0.1486974313 0.1652810521 0.1319086928 0.1797766258 0.1516381579 0.1187374270 0.1592253965 0.1497002203 0.2673741309 0.2814560685 0.3846991335 0.5058372914 0.7034985959 0.7993266272 0.8424899025 0.8810835025 0.8114156080 0.7252279528 0.5898884719 0.4822660614 0.3660307269 0.2686579387 0.1977699699 0.1509771112 0.1662080355 0.1775449114 0.0672011111 0.1569539674 0.1561298855 0.1641330051 0.1427635771 0.1355952545 0.1599263430 0.1052072877 0.1466402778 0.1537341849 0.1754078592 0.1299307116 0.1509842521 0.1723334925 0.1035573910 0.1815808625 0.2003238365 0.1929863619 0.1911777657 0.1882718400 0.2142396703 0.2874064825 0.4240271641 0.4987711580 0.6806503932 0.7539478597 0.8498898626 0.8684259296 0.8617785593 0.7155778238 0.6205050838 0.4945592721 0.3302982432 0.2460473017 0.2113995335 0.1837338658 0.1636048931 0.1252349427 0.1618075199 0.1972431298 0.1681096802 0.1838157414 0.1609251878 0.1695334810 0.2277991324 0.1710629597 0.1759157590 0.1612487475 0.1887096286 0.1765101977 0.1360076680 0.1459532059 0.1226277999 0.1368388817 0.1893760538 0.1551495221 0.1583047691 0.1842164444 0.2185890239 0.2734480724 0.3464925201 0.4642094974 0.5907621868 0.7085394596 0.8633406767 0.8735261086 0.8785049861 0.7269084391 0.6351103550 0.5489459898 0.4510442892 0.2747839659 0.2189751373 0.2240242288 0.2304714203 0.1375200444 0.1639359907 0.1579866470 0.1600935678 0.1581268029 0.1749804764 0.2021399358 0.1690954284 0.1737177363 0.1775849529 0.1895690738 0.1235193823 0.1807157917 0.2042022638 0.1867920231 0.1908683729 0.1672655166 0.1686470410 0.2056616958 0.1908850023 0.1455368014 0.2269314422 0.2758316987 0.4183179759 0.4522712781 0.6144818155 0.6843242985 0.7611144437 0.8673340471 0.8514708097 0.7521041537 0.6608770920 0.5618106255 0.4507723791 0.3617911606 0.2915955965 0.2006091895 0.1565253950 0.1917097250 0.1984635482 0.1436224518 0.2011128584 0.1524498151 0.2035526116 0.1715977725 0.2017264946 0.0989201117 0.1500178167 0.1400302208 0.1743389932 0.1373210338 0.1734513511 0.1648633337 0.1795535394 0.0924585363 0.1273243949 0.1305451244 0.1964474090 0.1467551405 0.2077734072 0.2276751796 0.3638798347 0.4106712189 0.5303167241 0.6916306822 0.8139525503 0.8780145633 0.8992250956 0.8191924645 0.7375109005 0.6027801060 0.4709965987 0.3495020863 0.2880817297 0.2397258572 0.2373513991 0.2072716981 0.1820894707 0.2094534976 0.1458170392 0.1680767469 0.1977268518 0.1927226995 0.1874992990 0.1365706116 0.1694309215 0.1477841203 0.1717465108 0.1815188926 0.1590156220
0.1286979050 0.1775244739 0.1364441573 0.0929318043 0.1657625238 0.1813005149 0.2301140756 0.1971954398 0.1923793297 0.2747217283 0.3401750290 0.4759784754 0.5954388316 0.6874977505 0.8371548525 0.8597024375 0.8573563721 0.8044571388 0.7018384230 0.5815854205 0.4234072460 0.3044177111 0.2121964752 0.2062672519 0.2111251286 0.1657367803 0.2021687143 0.1274825407 0.2372312136 0.1781485008 0.1459603347 0.1553877604 0.1593563703 0.1304949183 0.1467331942 0.1922535916 0.0988794661 0.1359087216 0.1719057347 0.1375432717 0.1072107891 0.2164328727 0.1706385819 0.1806968550 0.1471800938 0.1810871236 0.1941863153 0.2407551025 0.2600574546 0.3481042165 0.5237818350 0.5989619514 0.7072825591 0.9281922992 0.9422598778 0.8228067557 0.7890007682 0.6343363968 0.4618939360 0.4217510812 0.2793832724 0.2851914526 0.2097073769 0.2001456488 0.1272221022 0.2048295014 0.1373872797 0.1632337509 0.1267526855 0.1842097671 0.1974078544 0.1917629509 0.1490329586 0.0881380927 0.1393849396 0.1531350814 0.1547762487 0.1805196765 0.1823400530 0.1468762124 0.1258651507 0.1036868148 0.2271761494 0.1694765180 0.2047067974 0.2178527414 0.2996813557 0.4018292088 0.4991188137 0.5809766511 0.7710283710 0.7949937687 0.9017329693 0.8843721493 0.8144735464 0.6191450171 0.5356319326 0.3824860978 0.2780716530 0.2217971448 0.2427764908 0.1559204895 0.1478154792 0.1901869754 0.1110799588 0.2181073275 0.1924723826 0.1757863336 0.1020025762 0.2070641724 0.1666631652 0.1163040750 0.1950105356 0.1548852360 0.2153376831 0.1625115038 0.1844965804 0.1533563897 0.1676036188 0.1536063352 0.1659925296 0.1604834499 0.1552373815 0.2224560248 0.3359926420 0.3718506584 0.4458636635 0.5471403744 0.6957913521 0.7840692456 0.8572250627 0.8742221031 0.8394916340 0.7182383904 0.5748827421 0.4774448583 0.3199503402 0.2972731496 0.1944565646 0.1922105305 0.1867278678 0.1998247681 0.2413474092 0.2167961019 0.1656706374 0.1478576187 0.2103592161 0.0908980126 0.1572679603 0.2328438529 0.1675199937 0.1879574536 0.1403646482 0.1507657021 0.1251340449 0.1160630730 0.1934080760 0.1967699836 0.2257667135 0.1914981139 0.1902510985 0.2100967299 0.2663387820 0.3348419592 0.4465358557 0.5387246873 0.6753617259 0.8288414102 0.9397404075 0.9125759030 0.8851485555 0.7807717106 0.5246743430 0.4497428713 0.3893361144 0.2933088563 0.1858553199 0.2398913701 0.2560087106 0.1679525082 0.2127397358 0.1450987564 0.2023522048 0.1652700479 0.1807340351 0.2202631073 0.1934035160 0.1793004104 0.2172735702 0.1507393457 0.2097250765 0.1578727853
0.1651689733 0.1725039859 0.1495609184 0.1827604590 0.1786779815 0.1901108155 0.1509656123 0.1470209111 0.2343369482 0.2917950130 0.3510852942 0.4013301797 0.5527291540 0.6929115792 0.8311574769 0.8872942493 0.8734268172 0.8014836597 0.7093249705 0.5840162313 0.4826306825 0.3469033542 0.3040086308 0.1538312378 0.2393806184 0.1190360846 0.1388599018 0.1610278047 0.1442123081 0.1446739606 0.1649241844 0.1592490952 0.1429760197 0.1598648210 0.1632805557 0.1489879611 0.1416294388 0.2102187089 0.2050099617 0.1465803819 0.1728008400 0.1339815062 0.1256360551 0.1240885968 0.2317769807 0.2114987903 0.1635734135 0.2590859266 0.3362693309 0.3903731527 0.5273192306 0.6699330776 0.8008694049 0.8403197598 0.8799766539 0.8766647231 0.7062249455 0.6555687153 0.4740798240 0.3701442180 0.2756547528 0.2466240059 0.1973688812 0.1911611690 0.1543794271 0.1643766527 0.1791705975 0.2210819454 0.2126011231 0.1488609183 0.2024374421 0.1439544941 0.1503404711 0.1809935938 0.1842905154 0.1631933927 0.1898036637 0.1674170776 0.2242017244 0.2019016749 0.2141313877 0.1881679538 0.1348286839 0.1437589831 0.2021793669 0.2795185713 0.2918431323 0.3638072292 0.5195850034 0.6244397050 0.7510941862 0.8444715444 0.9051480328 0.8569969361 0.8097564539 0.6214678730 0.5140380600 0.3955136080 0.3320115694 0.2319290941 0.1924846693 0.2004857706 0.1807581455 0.1599815329 0.1586307878 0.1901113131 0.1933861510 0.1368413358 0.1682404949 0.1475324632 0.1599001724 0.1970641439 0.1744657694 0.2062492675 0.1901462320 0.1544305914 0.2164311060 0.1670004676 0.1885832727 0.1732427993 0.1646687215 0.2195441263 0.2319964614 0.2603032562 0.2609535731 0.2931047340 0.4964580971 0.6000068183 0.7814286608 0.8250235558 0.8894141123 0.9000747105 0.7276479621 0.6934822532 0.5960348918 0.4249588839 0.3519414680 0.2782056003 0.2213879194 0.2450407990 0.1630031719 0.1738625969 0.1828560127 0.1764897020 0.1816994319 0.2040190798 0.1880618249 0.1869277778 0.1582130643 0.1179043967 0.1830985146 0.1328460691 0.1629099527 0.1697790795 0.2062921396 0.2064876688 0.1703932667 0.2001379399 0.1521184818 0.2205731458 0.2248466790 0.1927622370 0.2862408751 0.3972730714 0.4286205903 0.5677742868 0.7334121782 0.8414982279 0.9299565187 0.8552865322 0.8290819267 0.6897608998 0.5745865803 0.4811581667 0.3489141340 0.2786626701 0.2545365700 0.2089117873 0.1740151093 0.1815347678 0.1645391781 0.1025650836 0.1313274273 0.1998390560 0.2012234593 0.1387730863 0.1893951253 0.1817481910 0.0919186617 0.1612623561 0.1399782473 0.1702111565
0.1872094836 0.1837278475 0.1723346326 0.1672183099 0.1880905078 0.1816385224 0.1515938494 0.1358845206 0.1865521110 0.3004759489 0.3368901168 0.4190553673 0.6435314602 0.7092348797 0.8207816678 0.8346689387 0.9118179028 0.8110372463 0.6812290754 0.5753158625 0.4033935724 0.3241033957 0.2323675035 0.1775002796 0.1592514896 0.1860152959 0.1310452263 0.1557187670 0.1829778344 0.1496568809 0.2060506047 0.1953600790 0.1750974829 0.1357331313 0.1572503541 0.1658064009 0.1633848467 0.1720145605 0.1592158689 0.1758534228 0.1938357808 0.1444964677 0.1733337239 0.2085996435 0.1592948764 0.2042622350 0.2328089653 0.2587591109 0.3415150507 0.4503896545 0.5255780664 0.7010622194 0.8609052416 0.9052718796 0.8632657773 0.8041772197 0.7365432849 0.5888562496 0.4777470929 0.3444470927 0.2945898932 0.3033669959 0.2053341254 0.1522670282 0.1807629722 0.1238572226 0.1723889726 0.2071858347 0.1656914716 0.2067168859 0.1047172310 0.1719992727 0.1903665630 0.1324086518 0.1781765784 0.1542428465 0.1958288722 0.1415516614 0.2038313931 0.2621085828 0.1516160262 0.2283503951 0.1740840394 0.1748328270 0.1695643541 0.2617882106 0.3336603661 0.4648268251 0.4943464887 0.6822677193 0.7572320739 0.8611834610 0.9282526887 0.9008172997 0.7266284880 0.6620287199 0.4812602233 0.4045743685 0.2873940462 0.2287519376 0.2354600684 0.1480512714 0.2088031349 0.1646200406 0.1847042379 0.1876433832 0.1950573372 0.2318993240 0.1334114684 0.1466840136 0.1494331237 0.2019441371 0.2268852813 0.1588354804 0.1434956971 0.1309263048 0.1938257889 0.2127233154 0.1456688879 0.1407300394 0.2077839381 0.2210326176 0.1764921737 0.2412295698 0.2993044398 0.3926306973 0.4892922658 0.6261239782 0.7607829427 0.8613560081 0.8912558321 0.8781450708 0.8000617031 0.7131230746 0.5493690867 0.3927950589 0.3824706695 0.2643619181 0.2081344358 0.1603555597 0.1640075288 0.2220825201 0.2107068027 0.1760991583 0.1556098945 0.1761395606 0.2213795817 0.1504958163 0.2058549709 0.2135543309 0.1770938894 0.1646071250 0.1516941491 0.2553415077 0.1945431359 0.1912953350 0.1541324077 0.1833564932 0.1113751570 0.1418555513 0.1648850543 0.2575492823 0.2180033563 0.4087898246 0.4578267513 0.5606920000 0.7415258432 0.8139824152 0.9212812163 0.8656657600 0.8315947856 0.7059256913 0.5595408340 0.4433802506 0.3878091118 0.2545560886 0.2551816903 0.2962356475 0.2024214624 0.1841696454 0.1993618980 0.1903985591 0.1765726361 0.1443988015 0.2246651486 0.2112570744 0.1624095027 0.1884761234 0.2110767527 0.1555905292 0.2391648946 0.1041954103
0.1339024303 0.1101487142 0.1941978647 0.1637185262 0.1566441093 0.2081346709 0.1711807332 0.1669179646 0.2155588264 0.3258444235 0.3231097170 0.4411837504 0.5803828633 0.7179108398 0.7869445270 0.8508866035 0.8657037808 0.8422900855 0.7259767380 0.5360425782 0.4338288069 0.3468314140 0.2565176278 0.2735616920 0.2160671765 0.2343516220 0.1444159730 0.1640404220 0.1391984403 0.1744901878 0.1488344515 0.1794915122 0.1562621888 0.1893657960 0.1456534249 0.1785574024 0.1317798155 0.1519625870 0.1722335746 0.1241299602 0.1610125268 0.1484617109 0.1214257124 0.1683994915 0.1959711461 0.1661745775 0.1973008516 0.2446196584 0.3568860275 0.4232522981 0.5668066215 0.6560181228 0.7590037087 0.8781957077 0.8658687685 0.8157681309 0.7631489135 0.5917212399 0.4776046453 0.3684732045 0.2408038717 0.2385159641 0.2322114935 0.1855385263 0.1682637505 0.1699035159 0.1072041183 0.1380406943 0.2097131772 0.1800908472 0.1564949488 0.1717009270 0.1927024279 0.2025622970 0.1689241813 0.2061114804 0.1606413134 0.1918274772 0.1445107442 0.2038283464 0.1701344968 0.2038087190 0.1754067912 0.1605188326 0.2085607549 0.2287858828 0.3105063012 0.3914972819 0.5169351979 0.6613902887 0.7774424180 0.8809842074 0.8873338413 0.8624633719 0.7601414127 0.6143795906 0.5439655924 0.3833581190 0.2994574658 0.2374946216 0.2293228496 0.2024483640 0.1855314554 0.2159937767 0.2024673544 0.1716804204 0.1268926129 0.2263379134 0.1899557629 0.0976897506 0.1866622394 0.1814977779 0.1618510744 0.1610270893 0.1385144602 0.1851998826 0.1803023043 0.2166854548 0.1983819177 0.2059459830 0.1718631839 0.1539286971 0.2448947451 0.2212594949 0.2836418023 0.4483083876 0.5172250443 0.6246229439 0.7345469627 0.8801913866 0.9080276044 0.8436512995 0.8016398663 0.6699221030 0.5340223421 0.4815288138 0.3614576015 0.1967865550 0.2074106234 0.1966657857 0.1870450776 0.2069602136 0.2060831712 0.1793314384 0.1427349826 0.1731327205 0.1891953628 0.2034202990 0.1328130926 0.2003490991 0.1426139365 0.1765156685 0.1606773022 0.1788345777 0.1468906364 0.1380907286 0.1422230536 0.1504832481 0.2043603324 0.2031757959 0.2041173605 0.2245079526 0.2622042964 0.3492487833 0.5373162915 0.6359485755 0.7681506981 0.8395757994 0.9163345114 0.8735878290 0.8122810980 0.7616570397 0.5385653258 0.4648009658 0.3819810354 0.2580970967 0.2107062477 0.1941004591 0.1931304003 0.1488224927 0.1480985092 0.1960360820 0.2221219343 0.1473401005 0.1801512323 0.1643065015 0.1756497715 0.2002897933 0.1455776867 0.1635417280 0.1741094289 0.2184282502
0.1407561824 0.1749921846 0.1353674382 0.1452442677 0.1831510716 0.1891384208 0.1888250582 0.1421687581 0.1214972234 0.2640833574 0.3770612548 0.4149836735 0.5723969792 0.6656292751 0.8307215704 0.8593809193 0.8945152902 0.7843824428 0.6741610963 0.5821314616 0.4017008236 0.3169984013 0.2389620205 0.2678422020 0.1626906237 0.1733718744 0.1918417759 0.1920997709 0.1835045808 0.1531843372 0.1251564909 0.1534150659 0.1726807697 0.1480409926 0.1348688363 0.1820451235 0.1689603263 0.1423745454 0.1658402869 0.1336062221 0.0986982806 0.1722148166 0.1789643277 0.2182563572 0.1902576553 0.1840270843 0.2163193868 0.2859353038 0.3312521519 0.4403440065 0.6050291331 0.6824691480 0.7562470814 0.9093985077 0.8467875401 0.8181512248 0.7119716637 0.5813629277 0.4245630572 0.3484353837 0.2761249993 0.2590146587 0.2031464568 0.1554503481 0.1804802193 0.1372423995 0.1720598064 0.2073255044 0.1733530997 0.1654029381 0.1581383484 0.1414689567 0.1761482343 0.1905094018 0.1866608157 0.1570777375 0.1346045741 0.1617653928 0.1586007989 0.1474030777 0.1728909086 0.1690267117 0.1569403968 0.2052143567 0.1795227112 0.3037793076 0.3430852831 0.4373092477 0.4964374947 0.6408294957 0.8004229192 0.8751070668 0.8735654280 0.8127231367 0.7381566827 0.5712182532 0.4977059057 0.4091889097 0.2746502194 0.2255139526 0.2386075483 0.1905853171 0.1717863673 0.1435536465 0.1556894097 0.1536293001 0.1817683010 0.1904029669 0.1454460918 0.1585094059 0.1900347563 0.1732610644 0.1543217647 0.2011084658 0.1805890729 0.1963644599 0.1474663708 0.1319897713 0.1793513651 0.1387913170 0.1890089913 0.1587603056 0.1740560215 0.2952054424 0.2978980584 0.3493079654 0.4719858695 0.6547932516 0.7770652860 0.8746482991 0.9108230105 0.8718196024 0.7747466427 0.6664140047 0.4861933930 0.4252249638 0.3395488585 0.2004251474 0.1945674671 0.1707561354 0.2028611215 0.1783814025 0.2149901051 0.1597086497 0.1675966063 0.1788749394 0.1774860488 0.1771807959 0.1599207546 0.1801266941 0.1796153990 0.2216624969 0.1919885909 0.1826624259 0.1603555385 0.1624404091 0.1931179864 0.1582064519 0.2391808337 0.1698706939 0.2228586883 0.2015181026 0.3019651235 0.3590330738 0.4651364568 0.6284005774 0.7327128376 0.8460358201 0.9005214333 0.8806182646 0.8477148037 0.6936170264 0.5277339211 0.4975033792 0.3790911909 0.1909809609 0.1832185221 0.1847875912 0.1757287435 0.1934671631 0.1585120001 0.1992077552 0.2085881936 0.1556787505 0.2062113398 0.1656694077 0.1906708136 0.1881187790 0.1304465753 0.1376137951 0.2108278301 0.1339753253
0.1565799780 0.1844253159 0.0775162365 0.1485591008 0.1918396385 0.1117788258 0.1523052870 0.1594097978 0.2135118239 0.2428320879 0.2746562179 0.4448280702 0.5805659211 0.7595500178 0.7807108934 0.8635587825 0.8422055664 0.7766017324 0.6816691187 0.5117751214 0.3790629267 0.2934916464 0.2681952944 0.1940907906 0.1657831389 0.1978593454 0.1121902682 0.1482746912 0.1084177675 0.1415198694 0.1376676731 0.1457222938 0.1214861974 0.1754960921 0.1493362963 0.1333011851 0.1871732538 0.1566047689 0.1236494575 0.1500382453 0.1599749394 0.1600918395 0.1661213868 0.1296386228 0.2164927168 0.1478572502 0.2488612138 0.1905725756 0.2767969947 0.4219664309 0.6081302705 0.6586713750 0.8201685146 0.8751382786 0.8966662262 0.8349379975 0.6821440194 0.5538355656 0.5257754441 0.3523324477 0.3019177460 0.1620235270 0.2390717269 0.1409907703 0.1851134416 0.1867294631 0.1406454889 0.1901865133 0.1978371483 0.1802843268 0.1705090722 0.1433632755 0.1828695369 0.1486979735 0.1052219529 0.1531135895 0.2081076930 0.1691137057 0.1879717066 0.1848913841 0.2353284675 0.1834835757 0.1793006047 0.1417661942 0.1905148747 0.2365405402 0.3387391656 0.3636380533 0.5597111206 0.6610793553 0.7585577057 0.8978880428 0.8826116212 0.8537161693 0.7296480443 0.6014430416 0.4865878076 0.3366757969 0.3290882356 0.2828163658 0.1751638829 0.2308687798 0.1859127495 0.1762632611 0.2122433244 0.1573961919 0.1826106148 0.1420660568 0.1559495260 0.1400587693 0.1653433640 0.1074410380 0.1155293081 0.1831717773 0.1595552271 0.2172763352 0.1636421201 0.1898988564 0.1774381419 0.1638546612 0.1652337565 0.1472887337 0.1860358465 0.2456271385 0.2812028887 0.4146640471 0.5214382836 0.6422840591 0.7947663789 0.8414778434 0.8743105934 0.8341716093 0.7364112577 0.5963683798 0.5526601821 0.4057626507 0.3272363958 0.2350077173 0.1952116652 0.1380068717 0.2374209879 0.1879503401 0.1692767241 0.1606652681 0.1181709649 0.0926194402 0.1921785445 0.1965435266 0.2146719675 0.1693403659 0.1115485230 0.2074827352 0.2027515287 0.1443470064 0.2065769353 0.1980596512 0.1912616472 0.1935189387 0.1481313726 0.2588889276 0.1920889125 0.2172906987 0.3327937047 0.3745950214 0.4602867398 0.5960396058 0.7170613597 0.8615670970 0.8883989008 0.8675469325 0.8385352512 0.6445179327 0.5778561070 0.4351564876 0.3095674787 0.2463891744 0.2666224260 0.1875877393 0.1999349805 0.1670334293 0.1748798154 0.1667344565 0.1697325380 0.1593014810 0.1624697478 0.1780846521 0.1722510558 0.1300477154 0.2055416261 0.1952886430 0.1279366457 0.1875472620
0.1534345221 0.1285768194 0.2004085675 0.1344520056 0.2190478453 0.1416025437 0.1740727967 0.1870999921 0.1908157483 0.2457924929 0.3701982583 0.4553047832 0.6055230204 0.7418803515 0.8361649483 0.8237793081 0.8524734819 0.7532135605 0.6494751242 0.4067512385 0.3883276214 0.3238591514 0.2201491747 0.1631574162 0.1436022471 0.1842515986 0.1534965926 0.1285884410 0.1765539735 0.1349996970 0.1824541122 0.1219044336 0.1819744779 0.1137955356 0.1675801218 0.1746338114 0.1317489011 0.1728419477 0.1636509353 0.0938545417 0.1906209736 0.1514802807 0.1377922597 0.1232753021 0.1504530542 0.0927242991 0.2483755563 0.2468009433 0.3043833686 0.4316869342 0.5426213264 0.7178633659 0.8175846394 0.8841946647 0.8600470714 0.8089119057 0.6650018275 0.5645122628 0.4411059134 0.2912038862 0.2608937473 0.2521825952 0.2166669495 0.1480057278 0.1720071252 0.1301476093 0.0966985614 0.1470392074 0.1937859746 0.1651363146 0.1340675834 0.2037967542 0.1778406727 0.1312861830 0.1421410365 0.1929956908 0.1155572320 0.1559492331 0.1755170902 0.1591530427 0.1630451171 0.1833609450 0.1851537457 0.2021627356 0.2376149704 0.2444160822 0.3133107135 0.3618724589 0.5132986407 0.7011656886 0.7750647745 0.8707689483 0.8661834772 0.7859354111 0.7188468917 0.5878038607 0.4370958297 0.4020339947 0.2606245842 0.1919489577 0.1758127407 0.1620087157 0.2197153964 0.1809502245 0.1764419682 0.1144666944 0.2137915500 0.1323259190 0.1624732712 0.1543650503 0.1902284364 0.1897243254 0.1566227860 0.1235370583 0.1665932147 0.1564134776 0.1520117892 0.1647864360 0.1860034199 0.1659217052 0.2062857965 0.1977393577 0.1941072520 0.2054448769 0.3325111461 0.3949696902 0.5418350519 0.7165170633 0.7804570801 0.8519694732 0.9044406009 0.8655909180 0.7690673832 0.6452048344 0.5409724298 0.3905162925 0.3235548980 0.2735993868 0.1420218244 0.2071408814 0.1575540243 0.1326915530 0.1240958410 0.1678447135 0.1973883487 0.1672028622 0.1814841064 0.1352928938 0.1452483946 0.1788742358 0.1855712916 0.1447655013 0.1936627276 0.1313933605 0.1889544121 0.1902978053 0.1870549945 0.1403062001 0.1966495090 0.1627505623 0.2356723873 0.2040639703 0.2946649442 0.3669262272 0.4737534662 0.5639512577 0.7295643541 0.8410270049 0.9021935437 0.8505590551 0.7950052994 0.6935809290 0.5001768866 0.3932985458 0.3310434783 0.3100631550 0.2038034763 0.1876213886 0.1672699785 0.1591329937 0.2039047089 0.1777617564 0.1691383851 0.1632345442 0.1506355198 0.1836310722 0.1343873326 0.1284389441 0.0974768787 0.1576489445 0.1752099785 0.1775785246
0.0920262132 0.1013015903 0.1812728977 0.1705690864 0.1388411020 0.1481882813 0.1420537400 0.1696917906 0.2275037257 0.2202242035 0.3352218570 0.4552010910 0.6209321999 0.7839705513 0.8099025936 0.8733250042 0.8390643378 0.7915256033 0.5968745994 0.4636600213 0.4290439013 0.2991409101 0.2427821985 0.2095676604 0.1860484367 0.1324697414 0.1684550808 0.1108743330 0.2222792311 0.1181081705 0.1030573021 0.1356923404 0.1524740761 0.0992668817 0.1807506440 0.1553426174 0.1576764291 0.1291189974 0.1220844491 0.1606061614 0.1355306647 0.1944091849 0.1712400246 0.1857081889 0.1746904607 0.1732410542 0.2457928379 0.3187502607 0.3092685633 0.4422257788 0.5786268703 0.6420339588 0.8003214454 0.8245364318 0.8121061941 0.8401521674 0.6666242572 0.5655468773 0.4593477541 0.3106124177 0.2751234739 0.1476279522 0.1879661869 0.1645720046 0.1332385846 0.1631057152 0.1665795659 0.1997952909 0.1255518828 0.1083644002 0.1576514268 0.1208582831 0.1199419056 0.1305643085 0.1701925878 0.1910918297 0.1201607347 0.1358906626 0.2133419468 0.1448500264 0.1693617928 0.1210374105 0.1188150474 0.1773496236 0.2030264414 0.2508174225 0.2644109334 0.4290368911 0.5288483667 0.7084408730 0.7725049627 0.8357871274 0.8709190803 0.8531448859 0.7381595508 0.6079066688 0.4839650269 0.3825684416 0.2465737781 0.1957671503 0.2031608615 0.1953541226 0.1753746875 0.1134441466 0.1801651798 0.1473809263 0.1546791065 0.1287412068 0.1098066846 0.1590080351 0.1855931337 0.1251210471 0.1483727693 0.1537422568 0.1118436448 0.1771853776 0.1747949425 0.1638897743 0.2027354691 0.1789315599 0.1406440531 0.0966917739 0.1345589606 0.2305070517 0.3248319286 0.3714014523 0.5061523872 0.6981687107 0.7322863882 0.8593078445 0.8488434036 0.8012435009 0.6822903320 0.6015764843 0.4848729421 0.3599559998 0.2790327857 0.2134590927 0.1691308099 0.1936806373 0.1725744150 0.1551044854 0.1539820995 0.1170109717 0.1525130419 0.1860188372 0.1772765424 0.1307622641 0.1999957125 0.1612522142 0.1877371774 0.1472645203 0.2178515856 0.1626645297 0.1968949115 0.1690457266 0.2155680735 0.1610125529 0.1890622073 0.1729659133 0.1915346517 0.1716418714 0.2472438695 0.3519816671 0.4949608178 0.5404183073 0.7257043843 0.8897095310 0.8819130358 0.8529472872 0.7111532378 0.7014088248 0.5402802204 0.4408288330 0.3370154933 0.2130152824 0.1537894409 0.1902280309 0.1504342229 0.1182595544 0.1814003648 0.1395704346 0.1386384418 0.1267363854 0.1343758102 0.1375002834 0.1535019757 0.1449326611 0.1751991450 0.1332562284 0.1705267232 0.1318869418
0.1380826950 0.1504904110 0.1301312635 0.1199628745 0.1452869874 0.1408947323 0.1715201006 0.1792912162 0.1953330557 0.1862434021 0.3884913312 0.4772345988 0.6029804995 0.7174365058 0.7921310549 0.8473644167 0.8118049085 0.7482178185 0.6038158850 0.4374203614 0.3326751887 0.2978324660 0.2529302650 0.1748247379 0.1825560626 0.1463654374 0.1329300808 0.1536629919 0.1694507821 0.1907471313 0.1667351958 0.1280993820 0.1090857446 0.0916559017 0.0889965702 0.0724710277 0.1455872796 0.1724611329 0.2181534992 0.1247526571 0.1424905204 0.1439451820 0.1278370098 0.1446244742 0.1717543271 0.1622319663 0.1904742505 0.2302742287 0.3317682658 0.3913905406 0.5428305258 0.7230068329 0.8013156867 0.8860493087 0.8537259572 0.7870676987 0.6913031054 0.5260952838 0.4360024701 0.2785404690 0.2578087461 0.1587887752 0.1329931369 0.1055537056 0.1164589432 0.1330141582 0.1135649940 0.1886779463 0.1208608847 0.1142399005 0.1668914072 0.1808649826 0.1474110692 0.0812698748 0.1142224500 0.1462202915 0.1217847141 0.1758430932 0.1564817839 0.1185281962 0.1690326148 0.1754209073 0.1223124483 0.1823992726 0.2025254524 0.2360170322 0.3283119943 0.3677712502 0.5031237281 0.6872787517 0.7552506684 0.8277989888 0.8754113766 0.7871894456 0.7052700613 0.6389992348 0.4287735335 0.3562558713 0.2394465821 0.2128630064 0.1393475116 0.1478872921 0.1563079013 0.0864687154 0.1613531799 0.1108297906 0.1558295072 0.1136960256 0.1278277612 0.1251887132 0.1798804085 0.0931178909 0.1278862069 0.1624043616 0.1688777371 0.1455881974 0.1390770892 0.1406538500 0.1635799712 0.1911747107 0.1601546743 0.2551788081 0.2014389914 0.2803928255 0.3072008134 0.3933422698 0.5117612312 0.6251096337 0.7261738624 0.8350479799 0.8540912733 0.7837006478 0.7213365074 0.5486483792 0.4970557667 0.3298309029 0.2688617048 0.2151262060 0.2119823788 0.1436689283 0.2025541722 0.1709271357 0.1473504063 0.1359787058 0.2075493110 0.1587067882 0.1282336123 0.1399313926 0.2030017876 0.1918083797 0.1246485151 0.1546166729 0.1344535260 0.1296086689 0.1134736133 0.1863915869 0.1616630417 0.1242818970 0.1699074125 0.1381538602 0.2349852555 0.2441866486 0.3411538076 0.3654597605 0.4889701114 0.6442782150 0.7532943460 0.8352049316 0.8433436158 0.8190233261 0.7792796316 0.7023250721 0.4905268245 0.3799488897 0.2922348578 0.1899255355 0.2414381284 0.1762140532 0.1262284559 0.1398307165 0.1320513490 0.1832072476 0.1597004809 0.1463395975 0.1654407769 0.1819027668 0.1876332055 0.1127808240 0.1606197694 0.1215743749 0.1718555113 0.1389186647
0.1434215634 0.1377354555 0.1325845157 0.1530352217 0.1263154997 0.1786115392 0.1328133692 0.2012987420 0.2171299734 0.3221564654 0.3744204504 0.4915550792 0.5862196236 0.7911558688 0.7969920717 0.8502094898 0.7746274503 0.6794410149 0.6138504649 0.4806226866 0.3952333631 0.2948374633 0.1956507769 0.1716051621 0.1920120661 0.1368692391 0.1744139270 0.1095116358 0.1348164758 0.1160599526 0.1573570320 0.1537842032 0.1680499652 0.1356382937 0.1584205032 0.1419845394 0.1078172687 0.1300294108 0.1730241902 0.1412897387 0.1143314074 0.1395455043 0.1265581783 0.1214569392 0.1434093899 0.1751732077 0.1951462444 0.1844569133 0.3157674320 0.4318949631 0.6064781904 0.6973411866 0.8088109277 0.8336810020 0.8212451851 0.7109485040 0.6527939756 0.4802945737 0.3567757729 0.2990553163 0.1873643399 0.1655931642 0.1311077787 0.1877850598 0.1175009219 0.1422440598 0.1385852950 0.1156632853 0.1333024306 0.1340062067 0.1182517277 0.1311761985 0.1767695124 0.1280393090 0.1316220418 0.1123150711 0.1438692008 0.1374055823 0.1445673987 0.1528178194 0.1701188394 0.1649640874 0.1751161704 0.1906765097 0.1700186298 0.2574059126 0.3300590361 0.4158017309 0.6003580383 0.6654739514 0.7888208642 0.8665015961 0.8612013561 0.7694765598 0.6702706766 0.5454899440 0.4448528365 0.3303080017 0.3165162996 0.1882394193 0.1388702423 0.1365002914 0.1386294048 0.1236053968 0.1035358740 0.1187994785 0.1682113169 0.1436855203 0.1620480358 0.0818123816 0.1311182794 0.1284615357 0.1071521835 0.0918686870 0.1165792349 0.1227538598 0.1158179830 0.1263646274 0.1612889896 0.1262913311 0.1784717573 0.1552170679 0.2106681114 0.1764515826 0.2778146042 0.3631940678 0.5227000826 0.6151154093 0.7495569786 0.8401275381 0.8728247841 0.7849519351 0.7248894291 0.5624058184 0.3930295811 0.3369426303 0.2650035039 0.2138526988 0.1465604912 0.1707826444 0.1766745695 0.1438165734 0.1347907716 0.0682047947 0.1408171333 0.1556556985 0.1193403224 0.1538815521 0.0849973744 0.1738476204 0.1036205647 0.1553326565 0.1364868071 0.2066169791 0.1076060716 0.1376410879 0.1016611711 0.1763388633 0.1080976524 0.1352158159 0.1789147410 0.2000759733 0.2502130583 0.3583506019 0.4836136723 0.6547097021 0.6787664726 0.8143939208 0.8687107529 0.8156561076 0.6906966759 0.6573683847 0.4593574878 0.3395292507 0.3375815518 0.1710898212 0.1957955258 0.1733812076 0.1289414239 0.1671033307 0.1741505494 0.1934503982 0.1700278874 0.1639978366 0.1517483431 0.1247896160 0.1467145881 0.2090010690 0.1596816070 0.1588301267 0.1734500244 0.1421714534
0.0711715051 0.1087513514 0.1107628174 0.1393055290 0.1630489936 0.0947791415 0.1609106608 0.1913861216 0.2228658871 0.2779172040 0.3812585143 0.4402967430 0.5329558239 0.7437719653 0.8347886050 0.8462705097 0.8112580027 0.7277475369 0.5862124540 0.4989956857 0.3436580534 0.2109068818 0.1358111830 0.2390188276 0.1510499569 0.1761742676 0.0971621147 0.1517983310 0.1206225704 0.1098516047 0.1600414209 0.0890046176 0.1078959103 0.1097529056 0.1335579340 0.1388814049 0.1151201810 0.1563442466 0.1433366725 0.1053834076 0.0504182338 0.1417113236 0.1565650741 0.0950865715 0.1481056373 0.1475933210 0.1848037838 0.2573839449 0.3292717874 0.4564384015 0.5781164189 0.6781191271 0.8130691138 0.8612510429 0.8327527348 0.7263335127 0.6485491239 0.5234527679 0.4101221874 0.3233684176 0.2512254872 0.1515186740 0.1164133083 0.0988294546 0.1634893068 0.1464525503 0.1107018913 0.0979997721 0.1988479465 0.1588898702 0.1457758792 0.1494243091 0.1311114485 0.1376249213 0.1445301351 0.1277169348 0.1240369762 0.1002968691 0.1084314468 0.0860158904 0.1225493344 0.1593596249 0.1533858231 0.1515202259 0.2017750582 0.2614796393 0.3098442263 0.4069857300 0.5973246805 0.6551823609 0.8040935238 0.8746538022 0.8267405046 0.7527740338 0.6253256284 0.5162991079 0.4041962556 0.2604686543 0.2566425971 0.2177708306 0.1628841222 0.1271176649 0.1282267275 0.1602703857 0.1379779635 0.1895718682 0.1107992401 0.1675037626 0.1142345186 0.1339246133 0.1436916409 0.0956578583 0.0590223965 0.1680949711 0.1637662770 0.1354226672 0.1179196170 0.1268381929 0.1842217603 0.1515096835 0.1472835527 0.1301032090 0.1818055486 0.2160170666 0.2961910031 0.4200113108 0.5460171462 0.6597872231 0.7291948311 0.7850707344 0.8862913978 0.8175462254 0.7169487233 0.5436391064 0.4447860940 0.2925007219 0.2775578142 0.1964507298 0.1488347658 0.1892628025 0.1777585237 0.1157621601 0.1171059231 0.1399670736 0.1139750101 0.1749306849 0.1204358250 0.1277251905 0.1208305490 0.0904885285 0.2141221252 0.1076520612 0.1187744098 0.1547309344 0.1459754575 0.1239786614 0.1680483778 0.1247666796 0.1626646855 0.1272928127 0.1489781164 0.2494142908 0.2980768270 0.3191541977 0.5124540364 0.6412531311 0.7537116132 0.8523554516 0.8793415181 0.8520310686 0.7316720803 0.6095202214 0.4928061411 0.4167688727 0.3024718308 0.2019577754 0.1020340956 0.1592631566 0.1672994167 0.1278712281 0.1542999500 0.0946186758 0.1537848795 0.1592027087 0.1639203266 0.1716932623 0.1182953450 0.1906079341 0.2013016054 0.1433382895 0.1293324127 0.1673271678
0.0929761739 0.1472843185 0.1111363219 0.1417410208 0.0889041726 0.1205030889 0.1633437263 0.1810238941 0.1656390645 0.2182483084 0.3449773251 0.4816803247 0.6143956171 0.7592754660 0.7859380116 0.8368159693 0.8026402368 0.6604080469 0.5758227824 0.4176479498 0.3137591832 0.2622649986 0.1767105532 0.1545865916 0.1284629103 0.1294253172 0.0985040524 0.0976593113 0.0723746261 0.0845989685 0.1221878946 0.1659015584 0.0985380912 0.1321820843 0.0835726826 0.1198649543 0.1200397231 0.1438114179 0.1009837577 0.1058930881 0.0986637850 0.1152340245 0.1405394388 0.1528991160 0.1106878409 0.2153756160 0.1200906566 0.2571882673 0.3645836044 0.4315338757 0.6010665849 0.6775856368 0.8020609273 0.8938917480 0.7867574161 0.7479909346 0.6488916197 0.4611835737 0.3498476355 0.2652587274 0.1724705477 0.2207636146 0.1939593781 0.1092362471 0.1027579637 0.0865709200 0.1580582794 0.1246365941 0.1527932823 0.1192861123 0.0996754762 0.1614736035 0.1295857647 0.1624310709 0.1279611158 0.1264391813 0.0759421901 0.1036229010 0.1858591614 0.0616666272 0.0265559493 0.1218813887 0.1055279931 0.1104451531 0.2377893540 0.2227464549 0.3096015541 0.3984298424 0.5674069857 0.6731272506 0.7578160952 0.8128085141 0.8592195129 0.7730638391 0.6059341413 0.5510531771 0.4378515685 0.2814295529 0.2418151870 0.1926031138 0.1737382319 0.1249585140 0.1370752042 0.1375250764 0.1291804156 0.1343573194 0.0851274229 0.1596477720 0.1113298437 0.1575467140 0.2004205301 0.0803362462 0.1462235347 0.1449113779 0.1692331366 0.1838714505 0.0951122952 0.1363349958 0.1435804777 0.0906474202 0.1043352886 0.1380589438 0.1824066391 0.2659652847 0.2690685712 0.4171246841 0.5240736770 0.6545928135 0.7329172857 0.8579777011 0.8384167502 0.7635424368 0.7110682077 0.5680449144 0.4587095751 0.3861095977 0.2669665774 0.1862232119 0.2330315634 0.1248524580 0.1139449346 0.1355909883 0.1282033658 0.1710240542 0.1035852659 0.1551886538 0.1088048100 0.1549004510 0.2053869355 0.0971351441 0.1520864144 0.0455975121 0.0852907868 0.2025418375 0.1489843631 0.1480631685 0.1490032522 0.1269719706 0.2238393847 0.2217544228 0.2067427189 0.2575787276 0.2723431757 0.3795315292 0.4726068939 0.6570634700 0.7645202329 0.8358554512 0.9012397272 0.8267804882 0.7639028620 0.6169240084 0.4347325850 0.3767887021 0.2456612035 0.1582997920 0.1629629086 0.1894434210 0.1440597321 0.1669235448 0.1182249693 0.1458724523 0.1967660072 0.1725376398 0.1352811605 0.1102280407 0.1649605153 0.1040450765 0.1343136841 0.1662951905 0.1135220937 0.1100155548
0.1162652341 0.1208696029 0.1260197162 0.1020659949 0.1381302595 0.1573961427 0.1212855101 0.1911990491 0.2047460233 0.2938586485 0.3466656806 0.4184251088 0.6308466905 0.7432471771 0.7786316047 0.8220418335 0.8221732574 0.7186947209 0.6095738339 0.4754897121 0.3519853360 0.2575925195 0.2572417452 0.1577202702 0.1841017487 0.1161288965 0.0659510867 0.1378761216 0.1399606545 0.1310023665 0.1501612761 0.1210894940 0.0993341077 0.0946655641 0.1278708906 0.1676302528 0.1518354362 0.1178265282 0.0879236087 0.1059537002 0.1377091901 0.1235481921 0.1264256652 0.1330604344 0.0949316257 0.1221802910 0.2271830506 0.2544737194 0.3490018564 0.4659854991 0.5639241313 0.6902546104 0.8172915731 0.8695253812 0.8048732115 0.6855177432 0.6207949737 0.5619735571 0.3418414368 0.2905616409 0.2285687956 0.2026654065 0.1684697258 0.1493578761 0.1584930877 0.1273446739 0.1755237888 0.1206234813 0.1048682920 0.1218630322 0.1228549894 0.1053694525 0.1227995373 0.1218867558 0.1327603614 0.1418842038 0.1614556341 0.0875283023 0.1059632693 0.1503132113 0.0685611026 0.1664411197 0.1846631837 0.1126296689 0.2445281449 0.2283049772 0.2651123361 0.3605253513 0.5834525236 0.6952864702 0.8432195273 0.8740114328 0.8128587325 0.7190760549 0.6738712163 0.5237774494 0.3731310258 0.2821222963 0.2144517930 0.1763717918 0.1753753603 0.1588269516 0.1009868826 0.1333475370 0.1738253661 0.1277780183 0.1116373046 0.1708699811 0.1537044499 0.1316412628 0.1279038924 0.1438657812 0.1385522491 0.1737743954 0.1455877750 0.1106631839 0.1363572138 0.1218837059 0.1187845228 0.1936805129 0.1092600942 0.1469550338 0.1537706315 0.2589431299 0.2970413047 0.3872375511 0.4768135658 0.6766100350 0.7321891217 0.8420492724 0.8520640493 0.8401608469 0.6801975780 0.5611436701 0.4052131092 0.3286904950 0.2449251172 0.2278468059 0.1418854245 0.1850240652 0.1440036885 0.1276550949 0.1125871000 0.0700881617 0.1701734249 0.1742457924 0.1744182103 0.1217163979 0.1646580557 0.1498569985 0.1251635085 0.1298691431 0.1245213222 0.1336112541 0.1273173693 0.0997684397 0.1447156944 0.1823435753 0.1186404193 0.1796893870 0.1477539317 0.1787649490 0.2811304965 0.4187666060 0.5040748285 0.6609790232 0.7286275832 0.8675895365 0.8562805856 0.7560460529 0.7324304761 0.5860329915 0.4194262161 0.3658009247 0.2523836778 0.1800725138 0.1987814430 0.1781310163 0.1833570600 0.1175148973 0.0977009457 0.1481133219 0.1463476322 0.1858963605 0.1459933955 0.0708856958 0.1769574507 0.1510066272 0.1017010751 0.1070721554 0.1095382798 0.1765460873
0.1274643418 0.0286941743 0.1686091678 0.1332370367 0.1380127169 0.1347417260 0.1059954796 0.1459657229 0.2536275169 0.2688719111 0.3605860480 0.4745827830 0.6176609772 0.7016921005 0.7682641305 0.8948713831 0.7852271832 0.6965990261 0.5662357750 0.4605254592 0.3243654080 0.1893443601 0.2045141081 0.1448258405 0.1373067257 0.0840613759 0.1303980783 0.0941093791 0.1230302513 0.1144319814 0.1151369635 0.1629705514 0.1349268921 0.1694662659 0.0892841474 0.1040579456 0.1116455913 0.1351699136 0.1391298336 0.1109918171 0.0824417845 0.1106197619 0.1520534463 0.0979308261 0.1675759797 0.1477130400 0.1721085265 0.2117246900 0.3357394715 0.4609171443 0.5876275084 0.7050020991 0.8037050295 0.8317789569 0.8201628540 0.7467978905 0.5626322562 0.4815350158 0.3502270497 0.2708955980 0.2236634934 0.1073430000 0.1642707984 0.1513817627 0.1533803458 0.0857005309 0.1483661361 0.1061261142 0.1936333798 0.1625170148 0.1311697725 0.1006303326 0.1361207778 0.1002004203 0.1065098151 0.1234006879 0.1144177743 0.1368086260 0.1493262592 0.1093508801 0.1024102152 0.1611786871 0.1653248275 0.1512089664 0.2218312109 0.2696252686 0.2891799463 0.4408484207 0.5472488268 0.7149257255 0.8148507805 0.8455525999 0.8429862246 0.7460641787 0.6269720860 0.5123179875 0.4038684765 0.3262241658 0.1516052567 0.2097137577 0.1108557672 0.1121742447 0.1497632594 0.1059123352 0.1225866857 0.1199460143 0.1325939396 0.1566694334 0.0938877312 0.0767791222 0.1434005000 0.1441370914 0.1245995808 0.0882837860 0.1187728639 0.1383465146 0.1204920665 0.1162083923 0.1038309952 0.1818940577 0.1603088250 0.1656905401 0.2223544920 0.2531288032 0.3173054987 0.4580655919 0.5783308541 0.6707572645 0.7753206982 0.8057964591 0.8410721278 0.7718515209 0.6296352044 0.5593775567 0.4073583375 0.3293179463 0.2063470725 0.2157262015 0.1680357997 0.1502528877 0.1315188087 0.1969485057 0.1105211886 0.1484291600 0.1804928601 0.1549248172 0.1350759704 0.1555576292 0.0859934572 0.1327724705 0.1224085596 0.1262955619 0.1263015019 0.1004477504 0.1250544623 0.1939226373 0.1362185774 0.1443720535 0.1732585100 0.1809413049 0.1782972098 0.2449484288 0.3060878815 0.4448752330 0.4965568496 0.5926742554 0.7477829493 0.8699105666 0.8744322325 0.8626700896 0.6938993909 0.6247969121 0.4473870923 0.3099016300 0.2581626082 0.1982996425 0.2157380141 0.1142093000 0.1543538110 0.1246898793 0.1408313124 0.1503880341 0.1411796701 0.1165561854 0.2184329386 0.1475216512 0.1659943263 0.1448288369 0.1832536284 0.0786643095 0.1643562132 0.1597869637
0.1370099379 0.1363570355 0.1145512916 0.1150355000 0.1183912962 0.1736391255 0.1702249764 0.2110878825 0.1945321824 0.2629764798 0.3924423621 0.4854580818 0.6871551106 0.7451832820 0.8324423733 0.8594401033 0.8000805264 0.6673245145 0.6278367439 0.4276598373 0.3552198389 0.2303540968 0.2338800164 0.1321182855 0.1409201564 0.1336043762 0.1431661183 0.1462999720 0.1371378552 0.1572253148 0.1382179196 0.1286336509 0.1059875697 0.1309748357 0.1109250200 0.1009940719 0.1370669059 0.1695854483 0.1369060122 0.1152068761 0.1790813961 0.2045806420 0.1517523402 0.1633294364 0.0965686639 0.1496033320 0.1726373591 0.2246226773 0.3809933225 0.4449301639 0.5949777920 0.7447292749 0.8059822916 0.8902579292 0.8304301488 0.7206438401 0.6169780477 0.4570979753 0.3636477098 0.2853097018 0.2422643189 0.1982170326 0.1820306187 0.1285071467 0.1013919879 0.1090687479 0.1330843596 0.0896889667 0.1495055920 0.1445893087 0.0998768246 0.1565357243 0.1610453103 0.0920090802 0.1440641519 0.1105166449 0.1146483552 0.1561753321 0.1386273717 0.0904640780 0.1825377149 0.1123853023 0.1734840146 0.1831717792 0.2612488974 0.2662031479 0.3087924598 0.4798885063 0.5909315858 0.7373472091 0.8102235079 0.8425349602 0.8759737422 0.7568710434 0.6360073102 0.4935940123 0.4096521538 0.2960956781 0.2243597439 0.1557305869 0.1444995690 0.1653750011 0.1040189795 0.1498875129 0.1176590092 0.1467291644 0.1361178648 0.1465855932 0.1415591623 0.1489978465 0.1559940416 0.1317028324 0.1506867256 0.1543309130 0.1418211474 0.1397470160 0.1179185399 0.1695111758 0.1414382877 0.1888112998 0.1997423521 0.1770956415 0.1851354538 0.2602834369 0.3301858514 0.4846478224 0.5738911636 0.6595720872 0.8551373189 0.8452537576 0.7992975535 0.8168949737 0.6579319911 0.5543697741 0.3990383299 0.3375825660 0.2862496003 0.1739321710 0.1730849271 0.1346976279 0.1432430574 0.1157335637 0.1365071638 0.1499910499 0.0961843527 0.1588511997 0.1418072529 0.1040781427 0.1129559454 0.0941509935 0.1320362193 0.1245883168 0.1356378843 0.1877033414 0.1478452304 0.1266581703 0.1577078873 0.1356215183 0.1731969545 0.1808888005 0.1802544748 0.2575275013 0.2656829987 0.3771248273 0.4942756606 0.6157985319 0.7185510673 0.8264551644 0.8739302405 0.8216668828 0.6915985880 0.5788899764 0.4427746763 0.2602095667 0.2684136664 0.1808094571 0.1655402529 0.1740375683 0.1254121879 0.1486249537 0.1068221917 0.1545791382 0.1234256400 0.1707957515 0.1891845048 0.1636278466 0.1218009433 0.1648053694 0.0819049940 0.1483384877 0.2141756120 0.1620508123
0.1425395544 0.0925789474 0.1247745554 0.1151957708 0.1379518028 0.1134672908 0.1383473119 0.2063462647 0.1618970507 0.3313056428 0.3883700101 0.5045858885 0.5673115507 0.7514773969 0.9019034060 0.8184990069 0.7903243057 0.7222529207 0.5607792117 0.4271811529 0.3307207877 0.2105700779 0.1875232169 0.0647121362 0.1487493393 0.1528727755 0.1198999319 0.1308862569 0.1379529110 0.1282681840 0.1340804185 0.1593358953 0.1429355596 0.1299378863 0.0968118227 0.1011219292 0.1295359702 0.1127458760 0.1384705212 0.1236332623 0.1033874547 0.1225341620 0.1190596762 0.1606644629 0.1483550984 0.1279805413 0.1606492986 0.2425760124 0.4227058333 0.4777809240 0.5535903033 0.7277747905 0.8355426705 0.8440713915 0.8545887121 0.7130166123 0.6204452502 0.4491553254 0.3162886144 0.2318871145 0.2137412132 0.1973433674 0.1559848823 0.1072271786 0.1438051341 0.1651879432 0.1148934985 0.1432400845 0.1112992046 0.1432086554 0.1369882242 0.1590631542 0.0649385539 0.0957212292 0.1259151563 0.1034540716 0.1305469858 0.1084134948 0.1446396071 0.1421537205 0.1284205495 0.1547010045 0.1438366387 0.2038577539 0.1627115275 0.2532381276 0.3431735537 0.4979282614 0.6154345195 0.7138962879 0.8384581069 0.7967462359 0.8600167264 0.7728235518 0.6325355887 0.4875464152 0.3275969140 0.3470777819 0.1688283926 0.1654851573 0.1193176880 0.1030556964 0.1486980940 0.1440467013 0.1046134433 0.1063640946 0.1155599596 0.1036701243 0.1551342467 0.0837417205 0.1752139891 0.1236373520 0.1344336080 0.1310340460 0.1372322906 0.1309422366 0.0953802231 0.1661043718 0.1104677672 0.0977012474 0.1324907365 0.1972118020 0.1631964748 0.2301176655 0.3323733137 0.4279502049 0.5955804014 0.6730826948 0.8271769558 0.8846719383 0.8764402365 0.7883199685 0.6296942896 0.5566166600 0.4395090783 0.2930593481 0.2036933915 0.1782881186 0.1767277495 0.1769810100 0.1247370567 0.1613484167 0.1297349401 0.1567381061 0.1782111915 0.0942364922 0.1907701235 0.1330482872 0.1320532664 0.1941780944 0.1186084933 0.1290811496 0.1563366474 0.1459684958 0.1816338563 0.1475474562 0.1933904154 0.1366662255 0.1803384042 0.1998508914 0.1851273217 0.2773849475 0.3057501351 0.4683088108 0.5744885566 0.7109940607 0.7852780763 0.8510663097 0.9155251085 0.8202463330 0.6916523733 0.5858249889 0.4345421519 0.3496311460 0.2639154591 0.2216679575 0.1945806417 0.1446241175 0.1405881716 0.1536109804 0.1610190981 0.1567817138 0.1539363294 0.1679525529 0.1301514400 0.1344577637 0.1231353137 0.1562368489 0.1203036497 0.1440278606 0.1826878722 0.1071673145
0.1324303690 0.1212998580 0.1254285773 0.1064505463 0.1794272964 0.1161567290 0.1702204685 0.1878338095 0.2280240998 0.2767287969 0.4472439958 0.5389004587 0.6344273212 0.8285309533 0.8688863805 0.8251983114 0.8149543326 0.6957397359 0.5656199845 0.4236853153 0.3581556491 0.2521207379 0.1859227236 0.1942455495 0.1332978712 0.1143960488 0.1309433973 0.1278221217 0.1398142057 0.1339569865 0.2036086986 0.1607704506 0.1469861865 0.1620209368 0.1511287527 0.1336284361 0.1356895947 0.1733855618 0.1858414207 0.1456672509 0.1598694357 0.1313220589 0.1606960047 0.1634474023 0.1122352939 0.1719664828 0.2329749427 0.3244400155 0.3899572271 0.5337977629 0.6108452194 0.7407232331 0.8513150512 0.8867278470 0.7708582928 0.7020432210 0.5542556490 0.4190647288 0.3479616012 0.2867842727 0.1868765297 0.1468220298 0.1488349687 0.1506961230 0.1230373643 0.1734554495 0.1597973619 0.1840839473 0.1918275025 0.1079388931 0.1828062926 0.1369357966 0.1410919583 0.1246747101 0.1623642693 0.1339833389 0.1616805964 0.1440980704 0.1494561404 0.1438765282 0.1232041170 0.1735063939 0.1463836703 0.1651569112 0.2012018081 0.2052288475 0.3765822011 0.5231238513 0.6410683360 0.7496319644 0.8481765266 0.8533293907 0.8526874164 0.7454479455 0.6151981672 0.4913339380 0.3570093580 0.2407007508 0.2098054643 0.1526358251 0.1525074525 0.1115417689 0.1365634253 0.1724910137 0.1608697441 0.1621483191 0.1397586614 0.1532774855 0.1325772590 0.0968721419 0.1294181579 0.1432314753 0.1802454867 0.1631079477 0.1552201057 0.1418361436 0.1573289706 0.1807541204 0.1596781973 0.1852675239 0.1160124586 0.1407431455 0.2381348962 0.2817714150 0.3832416254 0.4711346292 0.5814959811 0.6992971946 0.7898413321 0.9025685945 0.8068923867 0.7921137336 0.6940073451 0.5562985991 0.3946823384 0.3256201426 0.2428090166 0.2235937041 0.1913241778 0.1589204970 0.1572063726 0.1555952702 0.1808411620 0.1272660448 0.1390247595 0.1555432204 0.1507184225 0.1426902702 0.1595883131 0.1306578367 0.1081723893 0.1775332703 0.1898703884 0.1364528444 0.1436151727 0.2088463415 0.1476878186 0.1936948175 0.1520646511 0.2243680571 0.2183661511 0.2440241752 0.3219286465 0.3856737766 0.5309455363 0.6779403873 0.7937883372 0.8440246646 0.8303984804 0.8091234271 0.6802778754 0.5580982985 0.4633057901 0.2937856046 0.2666817402 0.1807243947 0.1943657919 0.1598607362 0.1466439614 0.1860334457 0.1682457192 0.1611809288 0.2221252623 0.1909627165 0.1569518862 0.1577822735 0.1444189852 0.1606458072 0.1192078281 0.1448887457 0.1578219537 0.1618668828
0.1517062413 0.1832896412 0.1372926654 0.1356000259 0.1518913550 0.1076135033 0.1861151366 0.1441579317 0.2263044638 0.3239447436 0.4053131177 0.5998260830 0.6331694072 0.8234408580 0.9054579886 0.8176143511 0.7863973702 0.6371686490 0.5565949119 0.4047431880 0.2891471061 0.3269265443 0.1815544419 0.1799772759 0.0980874271 0.1248471784 0.1261278801 0.1730200065 0.1490881033 0.1645841594 0.1548319812 0.1268880739 0.1644820075 0.1251297699 0.1494153801 0.1415306060 0.1524277733 0.1341922034 0.1428295296 0.1367547868 0.1258451971 0.1797652813 0.1572198765 0.1716616807 0.1616044204 0.1894060963 0.2828694887 0.2975415625 0.4360635079 0.5440002965 0.6546972900 0.7895142341 0.8823448468 0.8655567796 0.7598785924 0.7451234856 0.6096133664 0.4054024811 0.2989583915 0.2999185362 0.2108922428 0.2196517556 0.1738816986 0.1400144435 0.1186249860 0.1502287045 0.2161522728 0.1450060578 0.1474067604 0.1123664085 0.1257876115 0.1141729808 0.1279434100 0.1945170442 0.1303785315 0.1365257660 0.1207535301 0.1575273533 0.1205904423 0.1668192111 0.1421666710 0.1635574598 0.1511214754 0.1940940619 0.1860801057 0.2685384818 0.3627823689 0.5194396525 0.6204191686 0.7509622541 0.8840489881 0.8790759605 0.8400676899 0.7148427535 0.6526662123 0.5034146892 0.4009911428 0.2744415908 0.2274135621 0.1726277392 0.1692855641 0.1611759288 0.1733470681 0.1205810970 0.1862209903 0.1585329767 0.1578187292 0.1756469506 0.1259976913 0.1612692501 0.1610919478 0.1451395557 0.1614065810 0.1511414461 0.1195913189 0.1396226149 0.1417710020 0.1429798636 0.1507009147 0.1420077019 0.1734834911 0.1824308050 0.2291746950 0.2451847412 0.3487846044 0.4134307428 0.5850985669 0.7104428837 0.8506876882 0.8818490511 0.8437092486 0.7446081884 0.6100976853 0.5097687993 0.4304669634 0.2531763512 0.2033216611 0.2193233117 0.1802647760 0.1622777939 0.1939897226 0.1414799081 0.1231202806 0.1470709803 0.1152456407 0.1673575012 0.1410350753 0.1654330907 0.1768662347 0.1438930327 0.1360524831 0.1963803792 0.1305928697 0.1517689710 0.1379328203 0.1228942529 0.1840292634 0.1330076392 0.1794493889 0.1857071408 0.2488646642 0.2853667904 0.3839957027 0.4917257592 0.5807976335 0.7657963408 0.8071311657 0.8777842619 0.8202507880 0.7387456300 0.7401599265 0.5745606829 0.4119111749 0.3688538305 0.2872290096 0.2087541949 0.1881798498 0.1268582297 0.1325024188 0.1272459182 0.1720091360 0.1980740214 0.1766503210 0.1819872200 0.1895575989 0.1531910634 0.1736984388 0.1924210885 0.1990860125 0.2652286446 0.1928273063 0.1039545692
0.1610529706 0.1509652213 0.1469831357 0.1700340769 0.0811814549 0.1724228383 0.1748720117 0.1713748360 0.2493359502 0.3069985888 0.4258738125 0.5627989328 0.7335577963 0.7641398251 0.8767268157 0.8551069191 0.8007113859 0.6721604906 0.5603403878 0.4231543246 0.3164188880 0.2881937183 0.2033782277 0.2115597375 0.1486591423 0.1184314836 0.1670460485 0.1915155790 0.1019471070 0.1482163718 0.1194611588 0.1276485824 0.1505498413 0.1258344521 0.1506679500 0.1716655762 0.1410416361 0.1094861193 0.1366323674 0.1685933916 0.1286961437 0.1471917871 0.1614632986 0.1463724468 0.1538080499 0.1530023100 0.2208425088 0.3433828168 0.4068622314 0.5258989153 0.6530344419 0.7616476694 0.8382226402 0.9246157717 0.7528333218 0.6891110839 0.5883432127 0.4537099895 0.3154463354 0.2358267480 0.1677779516 0.1635189502 0.1705446202 0.0838266526 0.1725539243 0.1732771002 0.1825995987 0.1497026071 0.1494548465 0.1560628816 0.1464725410 0.1266483001 0.1701898051 0.1908626521 0.1359250840 0.1235709084 0.1487980263 0.1527471652 0.1570760245 0.1665337090 0.1884743704 0.1744998348 0.1776560052 0.2219730154 0.2285057787 0.2855861647 0.3481549576 0.5257407288 0.6403660449 0.7372384203 0.8326453536 0.8742715406 0.8192352283 0.7539494342 0.5992111591 0.4970330857 0.3932086366 0.2949107562 0.1794805246 0.2332329237 0.2128444825 0.1594551872 0.1727148301 0.1568750660 0.1718375929 0.1076768659 0.1394652179 0.1436977791 0.1333752791 0.2246178436 0.2080704482 0.1834659782 0.1412817227 0.1693724663 0.1415236313 0.1468498374 0.1401878340 0.1402698931 0.1237934453 0.1454328185 0.2029048549 0.1883483169 0.1947669128 0.2946537700 0.3681301548 0.5082808983 0.5970728189 0.7196480842 0.7864965254 0.8896600307 0.8349325328 0.7854133942 0.6423786090 0.5515996038 0.3913266455 0.3284537300 0.2284201498 0.1913298788 0.2346483776 0.1912460329 0.1722653133 0.1343371168 0.1366997361 0.1624658145 0.1671026737 0.1521298879 0.1120576200 0.1838437872 0.1413702756 0.1686915635 0.1774381406 0.1847418796 0.1431247955 0.1802959900 0.1339468316 0.2022258295 0.1410727723 0.1456495632 0.2240223959 0.2124022185 0.1918160199 0.2915540162 0.3290035413 0.4826519161 0.6170664836 0.7474961751 0.8708697487 0.8804053532 0.8693840892 0.8032892750 0.7158962846 0.5096260554 0.4250499393 0.3463050942 0.2949635389 0.2364030250 0.2230322991 0.1671538795 0.1393962370 0.1764093154 0.1863818158 0.2236975927 0.1715711177 0.1856571293 0.1603865371 0.1906446712 0.1920276092 0.1739179608 0.1696064001 0.1627033630 0.1856446619 0.1255933609
0.1214307145 0.1406298691 0.1685138973 0.1562916194 0.1235050530 0.1605953889 0.1419704402 0.1695318002 0.2986813153 0.3838352499 0.4281376230 0.5888292605 0.6921036427 0.8291072159 0.8852099510 0.8630420329 0.8215391580 0.6662100097 0.5697849106 0.4021703563 0.3422938521 0.2412079910 0.2102934213 0.1965969378 0.1011741849 0.1338104523 0.1113716432 0.1767244226 0.1386970212 0.1622916351 0.1595099523 0.1572535686 0.2151472557 0.1332529746 0.1513641741 0.1789981398 0.1503469875 0.1592034281 0.1472866662 0.1718903282 0.1172658799 0.1315780701 0.1390060988 0.1648074354 0.1718541728 0.2323438484 0.2882465053 0.2784617105 0.4175241997 0.5475544869 0.6659230087 0.8099604180 0.8764475999 0.8215471194 0.7923870972 0.7375384975 0.5880164601 0.3914991626 0.3503344995 0.2799627826 0.2117342420 0.1893325111 0.1715686280 0.1202698145 0.1755557702 0.1157343144 0.1784884696 0.1616145156 0.1268068803 0.0979592983 0.1773538334 0.1433595045 0.1547113013 0.1632686669 0.1031077763 0.1455647358 0.1388002128 0.1336653325 0.1611163525 0.2057366103 0.2158394149 0.0904091096 0.2103759247 0.2351703815 0.2206176952 0.3042654342 0.4269724900 0.5429206364 0.6449254864 0.7553484242 0.8582325233 0.9375375367 0.8329179423 0.7352083188 0.6085292242 0.4817378723 0.3598971590 0.2504887023 0.1936853497 0.1450582149 0.2067414207 0.1582240591 0.1575347804 0.2046547366 0.1621190379 0.2088421050 0.1969089625 0.1538480995 0.1334094639 0.1565069980 0.1776757402 0.1507976308 0.1781339859 0.1752835178 0.0951472897 0.1970735088 0.1226837018 0.1548033781 0.1196317743 0.2296714865 0.1644386315 0.1993513003 0.2202109381 0.2841161071 0.4068180249 0.5427196080 0.5473554472 0.7446477247 0.8605484436 0.8662888474 0.8505881526 0.8197630795 0.6855176265 0.5094834685 0.4091588803 0.3384633552 0.2472061974 0.2246039538 0.2173601964 0.1892691002 0.1581105960 0.1771522968 0.1529973663 0.1686021256 0.1548313215 0.1865095993 0.1969857620 0.1545312008 0.1583349775 0.1758285906 0.1618341542 0.1625769312 0.2213554440 0.1619861251 0.1433694028 0.1630645152 0.1859902981 0.1488511248 0.1899820196 0.1659364870 0.2117499655 0.2812398442 0.3129859519 0.4759058797 0.5412775186 0.7087849545 0.8366875941 0.9448343738 0.9003492990 0.7546909752 0.6950805145 0.5402177644 0.3821980315 0.3204779416 0.2394260972 0.1809098421 0.1843200286 0.1719651002 0.1592181909 0.2163316886 0.2173279358 0.1873856480 0.1606654132 0.1353220861 0.1723943986 0.1504273990 0.1669586640 0.1842986681 0.1689590144 0.1777646972 0.1732180944 0.1929788424
0.1577279337 0.1782890160 0.1632492724 0.1558220468 0.1600753547 0.1925217306 0.1656917172 0.2042097199 0.2376832507 0.3358732854 0.4998322524 0.6071461463 0.7217316885 0.8048510327 0.8391504013 0.8559881217 0.7964693883 0.6671986190 0.5344710979 0.4336367026 0.2976574143 0.1936243026 0.2423119905 0.1774016654 0.1407128803 0.1731248098 0.1359370528 0.1920411083 0.1477543387 0.1902409981 0.1372843430 0.0990350466 0.1605070416 0.1675031316 0.1519532498 0.1312286849 0.1871988662 0.1460952151 0.1379802658 0.1702153910 0.1602165826 0.1526728603 0.1546345577 0.2197842705 0.1943374904 0.1955141572 0.2204045182 0.2901842967 0.4299008335 0.5736050499 0.6597601836 0.7880898142 0.8619478376 0.8737848685 0.8133828952 0.6546729514 0.5926479864 0.4791878544 0.2579691843 0.2738924865 0.1808519312 0.2061573120 0.1656770234 0.0984918799 0.1292645055 0.1557187748 0.1559427530 0.1420215924 0.1800549853 0.1784377790 0.1977394545 0.1958958185 0.1440852559 0.1761441368 0.1710516921 0.1984849405 0.1939967547 0.1903891809 0.1693208048 0.1686708836 0.1329665943 0.1592428005 0.2103633613 0.2058811058 0.2664088562 0.2722078878 0.3861966146 0.4924341240 0.6630858012 0.8227018606 0.8942555915 0.9215232195 0.8266124378 0.6496846932 0.5664223314 0.4942370667 0.4022512996 0.2470518915 0.2484776660 0.2151350951 0.1789152374 0.1288723252 0.1776712768 0.1276298559 0.1354534347 0.1817377485 0.1875810567 0.1194642965 0.1556362649 0.1398121955 0.1266993223 0.1335651737 0.1249376147 0.1869339505 0.1845383467 0.1728630278 0.1533180679 0.1322844970 0.1996426182 0.1992888836 0.1238693434 0.2241563232 0.2122281448 0.2450400201 0.4070317335 0.5018573376 0.6586122069 0.7777443117 0.8610412323 0.8385666747 0.8832473202 0.7835787291 0.6837075437 0.5137827538 0.4285822329 0.3285971181 0.2190433231 0.2327819743 0.1663989260 0.2097830839 0.1495575415 0.2009872391 0.1617766773 0.1359708360 0.1174907060 0.1409453944 0.1825570247 0.1525345120 0.1527905050 0.1720715725 0.1364454944 0.1922125320 0.1942752628 0.1774346138 0.1858425630 0.1557105442 0.1880075744 0.1754062310 0.1580211622 0.2391419365 0.2421852035 0.2165783064 0.3761457163 0.4346237600 0.5882848578 0.6960121536 0.7997000034 0.8785191398 0.8453812452 0.7702745324 0.6827951722 0.5749080195 0.4396279595 0.3069490024 0.2558030822 0.1655884523 0.2113445763 0.2026678655 0.1803690639 0.1678741759 0.2048937516 0.1976728762 0.1718204848 0.1611503710 0.2034576368 0.1379195199 0.2137650088 0.1983306427 0.1680256403 0.1966516476 0.1617585686 0.1768395665
0.1562694316 0.1063572184 0.1711369890 0.1217562972 0.1614883266 0.1543813867 0.1756848372 0.1744104789 0.2858352801 0.3626852530 0.4695713288 0.6119869241 0.7055607399 0.8541681053 0.9082489809 0.8510193289 0.7321514133 0.7126054719 0.5635477340 0.4205972650 0.2894085747 0.2674970622 0.1871136295 0.1643386936 0.1481765998 0.1994849363 0.1280899866 0.1340066978 0.1463855818 0.1547738992 0.1816773528 0.1269771114 0.1479697439 0.1987492868 0.1928128242 0.1701410823 0.1997404732 0.1915082025 0.1586207251 0.1455928452 0.1368944273 0.1440737958 0.1334384092 0.1336191411 0.1580333476 0.2158958871 0.2076719139 0.3692114593 0.3829560905 0.4952014645 0.7037016751 0.7622398377 0.8238732360 0.8349929941 0.8189791318 0.7050700939 0.5625363537 0.4426253959 0.3398970348 0.2513952800 0.2110385845 0.1613102053 0.1922888278 0.1197659206 0.1973854520 0.1599221718 0.1362171269 0.1179603782 0.2079410337 0.1774622081 0.1691912331 0.1567852257 0.1420760195 0.1741402010 0.1432718419 0.1655709849 0.1649248920 0.1715847108 0.1211962936 0.1719018064 0.1891536285 0.1536195267 0.1946315573 0.2112551866 0.2244527444 0.3039972493 0.3556280735 0.5447521824 0.6840096007 0.7962139514 0.8935098563 0.8462667846 0.8760049418 0.7124316681 0.5889356523 0.4530039789 0.3753386925 0.2536009721 0.2627429232 0.1485993342 0.2185340862 0.1532002998 0.1437518441 0.1708842630 0.1598918706 0.1801163752 0.1979943926 0.1649942408 0.1444485339 0.1718728039 0.1341453272 0.1893168779 0.1258357149 0.1465472106 0.1369377325 0.1676432366 0.1600813754 0.1783758710 0.1375409584 0.1114076813 0.1904843992 0.1978370621 0.2268531230 0.2716391683 0.3859124243 0.5203322284 0.5763796259 0.7815290148 0.8794613525 0.9523193368 0.8578969186 0.7693591622 0.6581556536 0.5585797817 0.4117267784 0.3345560998 0.2977886016 0.2044125423 0.2064719354 0.1475440013 0.1066422014 0.1822964366 0.1442521865 0.1446232403 0.1845684284 0.1563071547 0.1380431784 0.1425041202 0.1446249528 0.1276773092 0.1835475912 0.1765496015 0.1269945775 0.1407285585 0.1736901917 0.2138801740 0.1596356142 0.1622664689 0.2055008595 0.2301657727 0.2515408414 0.2967849762 0.3226496732 0.5209920806 0.6128605410 0.7722655195 0.8775076782 0.9205715783 0.8408218173 0.7987910937 0.6786260198 0.6315240894 0.4860267807 0.3110740723 0.2717822081 0.2627486736 0.2101289362 0.1882824503 0.1423398762 0.1943508696 0.1280744726 0.2281287218 0.1398347908 0.1363050121 0.1907674024 0.1274854236 0.1524991876 0.2136172198 0.1992671340 0.1509506592 0.2083082595 0.1820956675
0.1617160442 0.1069003454 0.0993927340 0.1859093316 0.1320237438 0.1583876203 0.1698170242 0.1982469685 0.2654461898 0.3739460073 0.4100201218 0.5984163132 0.6897537311 0.8147934484 0.8897680794 0.8575374815 0.7946633455 0.6974936599 0.5143948655 0.3366430848 0.2645223467 0.1912894894 0.1850343034 0.1561258506 0.1044198157 0.1405183808 0.1491583797 0.1325729723 0.1660369649 0.1379679971 0.1323118546 0.1211973307 0.2311261906 0.1771499430 0.1577132225 0.1272118924 0.1814308035 0.1371636624 0.0991096094 0.1505493430 0.1574760029 0.1792711816 0.1140613013 0.1449398622 0.2065390618 0.2772564810 0.2623151651 0.3551325949 0.3796407562 0.5637500335 0.6777447807 0.7874767432 0.8681055749 0.8737088889 0.7736063442 0.6483060294 0.5684517335 0.4192340968 0.3162601082 0.2336393876 0.2123474756 0.1969930542 0.1059051805 0.1381552034 0.1802407872 0.1332687453 0.1489687040 0.1494337601 0.1622866347 0.1736397717 0.1812287074 0.1260856382 0.1228520721 0.1363252257 0.1491836576 0.1334409078 0.1644102826 0.1293921955 0.1306747786 0.1775729021 0.1809178324 0.1719511134 0.1478478526 0.2026886959 0.2341222145 0.3076141336 0.3879227381 0.5542343496 0.7135849478 0.7932472012 0.8591818972 0.9104780280 0.8012983133 0.7274832696 0.5974221606 0.4561461421 0.3556696545 0.3365398020 0.2571317390 0.2122961401 0.1812656404 0.2151453149 0.1689812240 0.1291957518 0.1481405737 0.1584810838 0.1596484253 0.1810472234 0.1411062898 0.1499962024 0.1239430733 0.1365732699 0.1524369898 0.1248586024 0.1596067224 0.1353732420 0.1788812766 0.1046097905 0.1447579485 0.1710430757 0.2062974976 0.2128439833 0.2574447151 0.2916381059 0.3942120718 0.5013278017 0.6417645013 0.7178025687 0.8961219477 0.8744865743 0.8381923714 0.7509036300 0.6292447555 0.5204722567 0.3805353695 0.3257427013 0.2107919438 0.1697926077 0.1927833961 0.1402512748 0.1530014700 0.1513913943 0.1686592331 0.1796359004 0.1843459272 0.1645717006 0.1800796239 0.1202170579 0.1060753048 0.2215871639 0.1330653353 0.1954562746 0.1589487427 0.1337953445 0.1892245129 0.1366824853 0.1740475566 0.1780911829 0.1657616711 0.1698760804 0.2555082204 0.2548176434 0.4005742562 0.4799237536 0.5988188564 0.6791696196 0.8325944422 0.8924051281 0.8621224282 0.7891335586 0.6913137042 0.5579026876 0.4268335067 0.2960545792 0.2476232979 0.2442971064 0.2030474629 0.1879085478 0.1289523479 0.1591671717 0.2245884044 0.1712799780 0.1320565377 0.1603284637 0.1248932149 0.1130670185 0.1602880216 0.1970565909 0.1774637157 0.1787204933 0.1336029163 0.1866304792
0.1296669609 0.1904836681 0.1542791446 0.1087964397 0.1154885181 0.1368082947 0.2133014770 0.1599900926 0.2831752002 0.3905112335 0.4772515889 0.5945744188 0.6896059442 0.7507316449 0.8380683737 0.7905220646 0.7519872699 0.6164190340 0.5309141657 0.3228556658 0.2752072844 0.1696660963 0.2198530445 0.1469474966 0.1753656653 0.1182941148 0.1130488679 0.1258376201 0.1421596361 0.1277095231 0.1050657795 0.1260507137 0.1084599820 0.0884439027 0.1289872388 0.1184685938 0.1666307391 0.1491619864 0.0877951664 0.0969704871 0.1184622478 0.1357703894 0.1720943236 0.1420806145 0.1988454279 0.2009479606 0.2522597276 0.3101829153 0.4719505761 0.5561182969 0.6781636190 0.7854950292 0.8325032230 0.9075193535 0.7779756658 0.6542504860 0.5140414052 0.4288795245 0.2856043631 0.2188829980 0.1909766012 0.1458584079 0.1551343351 0.0937617727 0.1987748634 0.1758527131 0.1416104746 0.1910711672 0.1369494122 0.1798119358 0.1688401647 0.1471708363 0.1891168719 0.1387503351 0.1813394915 0.1245368421 0.1157005853 0.1439206434 0.1591437709 0.1462031627 0.1218671623 0.1599542928 0.1793697134 0.1270701856 0.2713255837 0.3791300128 0.4313414867 0.4877003596 0.7225417143 0.7569072287 0.8625432994 0.8337618486 0.7880524069 0.7139645831 0.5426486327 0.4043068266 0.3733539590 0.2374521248 0.2631403600 0.1947255289 0.1463159537 0.1598545033 0.1378756891 0.1542453352 0.1731386489 0.1470365468 0.1181033966 0.1899576995 0.1514300426 0.1958774105 0.1796137790 0.1420931951 0.1318626979 0.1717813714 0.1424442583 0.1254292101 0.1261988643 0.1887972755 0.1318711718 0.1467692635 0.1885861995 0.2133813527 0.2390208474 0.2717992364 0.4084051645 0.4943847809 0.6025169159 0.7296354693 0.8432973332 0.9057394316 0.8570056041 0.7577811464 0.6217427624 0.4801899603 0.3962674465 0.2980957409 0.2455490270 0.1619962824 0.1512281608 0.2161066607 0.1730536278 0.2024405844 0.1429901076 0.1142382309 0.1832146957 0.1457240838 0.1569469024 0.1443623710 0.1396460179 0.1601913672 0.1409811382 0.1691973548 0.1701216880 0.1410784141 0.1632972843 0.1045296935 0.1788190217 0.1365550317 0.1659814531 0.1093631000 0.1949683568 0.2785690016 0.2989418853 0.4959256194 0.6433874452 0.7539492043 0.8227397502 0.8597304544 0.8157074671 0.7853672599 0.6450164750 0.4900656349 0.4380544461 0.3449782790 0.2364409764 0.1811667174 0.1685385589 0.1903245850 0.1682672405 0.1383646860 0.1738748286 0.1364500248 0.1287019050 0.1044520194 0.1140247289 0.1595431222 0.1589117753 0.1922925712 0.1691887322 0.1671936465 0.1644109711 0.1235306233
0.1344612813 0.1354588094 0.1392787661 0.1363332190 0.1368328768 0.1970841972 0.1701111607 0.1501627303 0.3162616315 0.3113316494 0.4305276627 0.6008684537 0.7074230694 0.7787443742 0.8867566234 0.8637316701 0.7342742471 0.6140811612 0.4969175068 0.3884488734 0.2515904969 0.1715854072 0.2243423714 0.1794690578 0.1644093394 0.0802889708 0.1234846646 0.1500987783 0.2013042577 0.1586506959 0.1179602016 0.1531363459 0.1585320878 0.1279554732 0.1553245488 0.1657865355 0.1551765658 0.1547507792 0.1276367002 0.1268029605 0.1015977602 0.1406364709 0.1470850850 0.1236014294 0.1904290607 0.2157252631 0.3109924901 0.3177157614 0.4307647727 0.5594807411 0.6913842549 0.8486150069 0.8511806154 0.8343586576 0.7836364596 0.6110222747 0.5528372431 0.3922357946 0.3409830849 0.2777432066 0.1900654374 0.1756476011 0.1693554110 0.1425764165 0.1723338328 0.1689029391 0.1890395758 0.1090324544 0.2028402049 0.1564323047 0.1698250610 0.1000157193 0.1005114038 0.1424519862 0.1624036535 0.1261075364 0.2056625065 0.1353110365 0.1201967017 0.1151136454 0.1044147525 0.1546103781 0.1545178186 0.2189832039 0.2013614605 0.2596239661 0.3829023597 0.5105632787 0.7132635769 0.8302998577 0.8939526257 0.8727019309 0.7466573040 0.6960979477 0.5532886133 0.4157672575 0.2932860091 0.2634284205 0.1739824208 0.2080002284 0.1451838358 0.1545540320 0.2063704794 0.1613006365 0.1627501509 0.1544509802 0.1830883057 0.1416082740 0.1382210198 0.1692921123 0.1704143879 0.1381114691 0.1205465342 0.1594629572 0.1708547563 0.1442405451 0.1659758695 0.0809682926 0.1174199623 0.1914544707 0.1853806380 0.2165680757 0.2130192949 0.2750011571 0.4289509768 0.5331496907 0.6468591397 0.7729845987 0.8509872074 0.8995764490 0.8084694686 0.7425449591 0.6194928902 0.4491542536 0.3411240748 0.2519666720 0.1940038716 0.2279995580 0.1999634313 0.1386410369 0.1786537115 0.1261171480 0.1158074700 0.1371261307 0.1863200344 0.1502148112 0.1419224545 0.1194885427 0.1112384634 0.1520935248 0.1654751267 0.1963443492 0.1253694118 0.1910073125 0.1783978779 0.1274051648 0.1266831950 0.1705509954 0.1734716300 0.1647434822 0.2016393012 0.3126356200 0.3549634531 0.5159617907 0.6120342861 0.7522126548 0.7980813310 0.8471474236 0.8405280592 0.7572647602 0.6755343343 0.4974379066 0.3645981052 0.2660585157 0.2034653275 0.2022888175 0.1461264168 0.1342106175 0.1781063575 0.1538242085 0.1610420716 0.1231180644 0.1526812280 0.1658435209 0.1904401924 0.1167318498 0.1861038376 0.1555965370 0.1871471303 0.1675415882 0.1599808776 0.1622216818
0.1231473902 0.1109839206 0.1216915346 0.1157886673 0.0608266903 0.1148444068 0.1545668567 0.1941852387 0.2654934198 0.3365170948 0.4136766032 0.5685117903 0.7096950166 0.8152203371 0.8429982255 0.7838680250 0.6795471076 0.6011004433 0.4454031122 0.4249036404 0.2544747346 0.1953265529 0.1489668050 0.0836977330 0.1740151936 0.1069557451 0.0867563441 0.1145886616 0.1371838126 0.1663069396 0.1215963553 0.1331639560 0.1157797092 0.1334667644 0.1695124479 0.1341597136 0.1092861450 0.1199124160 0.1047628565 0.1070210271 0.1509731417 0.1051332190 0.1139263204 0.1331267805 0.0926909859 0.2412626069 0.2038283647 0.2862212889 0.4054065019 0.5293476161 0.7151900369 0.7826729946 0.8383477980 0.8296734738 0.7654831892 0.6342371608 0.4451421670 0.4361039438 0.2939276888 0.2029306299 0.2007426904 0.2123917712 0.1368095748 0.1393968984 0.1167930120 0.1573843233 0.1561561136 0.1547284777 0.0893956896 0.1696526783 0.1199509132 0.1456821655 0.1215106620 0.1659168916 0.1380895058 0.1265470497 0.1322693778 0.1806926122 0.2025730676 0.1446672772 0.1390718055 0.1809674723 0.1491131859 0.1876017289 0.2234137689 0.3321005218 0.4671293450 0.5558267903 0.6689835495 0.7442627623 0.8121288806 0.8466694710 0.7440838377 0.6817047166 0.5514125364 0.4229064723 0.3137330272 0.2103094461 0.2356484560 0.1228587803 0.1594232178 0.0624876814 0.1384081332 0.1158872021 0.1362448102 0.1283994604 0.1431544856 0.1527216814 0.1448735133 0.1453063327 0.1399283484 0.1482861752 0.1207952843 0.1461912504 0.1230502551 0.1393628084 0.1203159157 0.1527792766 0.1437432039 0.1445641258 0.2193313509 0.1707830557 0.1846444349 0.2694613628 0.3881275228 0.5136051712 0.6245627492 0.7669769713 0.8322125579 0.8734256899 0.8415050087 0.7027216678 0.5460863689 0.4429627563 0.3486837869 0.2187055375 0.1944235374 0.1629131627 0.1552167825 0.1451623769 0.1583936398 0.1279738525 0.1760184763 0.1862536956 0.1515391767 0.1720780902 0.0532735517 0.1746207219 0.1710382565 0.1137985496 0.1693262430 0.1775264096 0.1621354995 0.1065917030 0.0819167413 0.1394503450 0.1829998004 0.1245642574 0.1686764429 0.1685357311 0.2021362810 0.2838259870 0.3743223312 0.5152134214 0.6243446912 0.8028995322 0.8440362127 0.8307988578 0.8477315268 0.7757145133 0.6629819930 0.5239158458 0.3954501170 0.2825553816 0.1954990949 0.1747996535 0.2334225042 0.1462928249 0.1659854917 0.1690565030 0.1240127233 0.1688136090 0.1806643321 0.1177957222 0.1487460882 0.0874495373 0.1471681409 0.0896337260 0.1572808557 0.1155846460 0.1414197485 0.1572842764
0.0892761633 0.0944062378 0.1279020728 0.1535801490 0.0817968759 0.1085918031 0.1078082111 0.2038840884 0.3118906546 0.2968811057 0.4714148308 0.5817143282 0.6961437683 0.8043698128 0.7908965826 0.7455492884 0.7584860155 0.5570637655 0.4412778545 0.3613667199 0.2458480500 0.2034863484 0.1283815713 0.1498363837 0.1590924926 0.1217438818 0.1532652703 0.1292830998 0.1112393766 0.0883281716 0.0898150101 0.0841458255 0.1052848785 0.1738048609 0.1287939474 0.1174735693 0.1065621345 0.1022616374 0.1313925420 0.1250327138 0.1228918804 0.1377061450 0.1063588760 0.1636060325 0.1820943787 0.2209393294 0.2104055478 0.3588062332 0.4085818987 0.5550092832 0.6796693956 0.7674828212 0.8553880059 0.8334158674 0.7544904666 0.6485534051 0.4110703830 0.4343007451 0.3029053816 0.1644250107 0.1680513020 0.1259093266 0.1443209249 0.0867680528 0.1341226401 0.1399386419 0.1380739139 0.1223919949 0.1396166143 0.1167557189 0.1124949450 0.1215350978 0.1019389279 0.1285649019 0.0976034700 0.1388800007 0.1680384388 0.1527646098 0.1553140263 0.1153251672 0.1022077434 0.1218942631 0.2170501853 0.1828751321 0.2494675976 0.2935954042 0.4536040351 0.5770081844 0.7136151604 0.7915061364 0.8175136007 0.8516973271 0.7469654930 0.6781672993 0.5332805038 0.3894343064 0.3324005972 0.2033059796 0.1816279444 0.1667214323 0.1345227671 0.0994627301 0.1302362266 0.1615685094 0.1335226703 0.0888523238 0.1722986868 0.1438791732 0.1626721251 0.1416232160 0.1314357928 0.1039128512 0.1525868116 0.1407142063 0.0997272638 0.1711984908 0.1438712821 0.2151811566 0.1334082487 0.1634577840 0.1421989916 0.2524112574 0.2494203301 0.2832909382 0.4168158123 0.5670864985 0.6217560659 0.7466703306 0.8653413140 0.8335549427 0.8199441022 0.6992702961 0.5552957986 0.3838391801 0.3294894676 0.2338588861 0.2187073859 0.1970768318 0.1263307812 0.1029402390 0.1347055090 0.1269647317 0.1798177835 0.1705280862 0.1401577361 0.1581460366 0.1810381481 0.1380210872 0.1333390980 0.1397821695 0.1170809831 0.0903155957 0.1774661148 0.1637345971 0.1425698016 0.1852882436 0.1692602344 0.1684965857 0.1606735457 0.1405252690 0.1691612789 0.2766763854 0.3583496220 0.4959412637 0.5958841854 0.7607871977 0.7691408544 0.8636488424 0.8317864845 0.6937264361 0.5844323774 0.4708872160 0.3428957100 0.3119372205 0.1828187267 0.1700231777 0.1676528498 0.1221364473 0.1564173445 0.1006921261 0.1095347437 0.1790228381 0.1184453151 0.1427389923 0.1981740027 0.1866207052 0.1403785493 0.1474329717 0.1334612520 0.1392629202 0.1610229329 0.1376000780
0.1165590891 0.1215176428 0.1002149183 0.1322473518 0.1290403083 0.1265625648 0.1654468248 0.2223635580 0.2799803459 0.3000798053 0.4618503290 0.6035110031 0.7028470226 0.8094547628 0.8752000303 0.7986020419 0.7129505441 0.5434291450 0.5070033519 0.3187112382 0.2770376782 0.1752751765 0.1410658347 0.1349149546 0.1167874770 0.1205873495 0.1279579017 0.1007952155 0.1080117847 0.0999585349 0.0997281978 0.1571231855 0.0928367371 0.1483638137 0.1289931291 0.1574130122 0.0924540734 0.1600836918 0.1092741433 0.0873336441 0.1649265817 0.1220318043 0.1668004849 0.1441565256 0.1479566090 0.1968539107 0.2065421122 0.3198937862 0.4389398730 0.6079977680 0.6629211113 0.7440545488 0.8244024433 0.7946893152 0.7294152728 0.6611416803 0.4232495578 0.3266683538 0.2485832816 0.2129986534 0.0853307918 0.0969328094 0.1526372196 0.1131213121 0.1365139520 0.1485314705 0.1479711614 0.0983834540 0.1113057012 0.0896638154 0.0864117548 0.0468982830 0.0725225779 0.1533391490 0.1051534177 0.1482954985 0.0546188599 0.1285777110 0.1441386117 0.0829064554 0.0747335802 0.0780188534 0.1459204375 0.2037321293 0.1970592694 0.3231322829 0.3866331330 0.5729470284 0.6849257711 0.7840256067 0.7952605848 0.8190942690 0.7371254027 0.6768340068 0.5323016077 0.3259100736 0.3349361646 0.2483645052 0.1664699723 0.1359528342 0.1302090999 0.1773444340 0.1260800563 0.0971960111 0.1354409008 0.1250736260 0.1302768110 0.1090322141 0.1792457945 0.1028135516 0.1512746387 0.1175452382 0.1474489311 0.1527304423 0.1353560802 0.0974731440 0.1125901890 0.1058207444 0.1208788341 0.1413749105 0.1484995156 0.1328187616 0.2503426169 0.2866779946 0.4048258161 0.4583783560 0.6832139257 0.8076295946 0.8194472664 0.8335138089 0.8025631523 0.6378888778 0.5255717038 0.4698766387 0.3131297832 0.2098293030 0.2135795903 0.1283768133 0.1551294783 0.1831155563 0.1731703356 0.1487998693 0.1763848935 0.1702287700 0.1194045598 0.0913348947 0.1431304759 0.1196651153 0.1416062883 0.1194448282 0.1263588193 0.1242297361 0.1241118730 0.0974862581 0.0884781432 0.1214748510 0.1030493353 0.1128595061 0.1684279590 0.2201728571 0.1573405677 0.2864703136 0.3170427513 0.5639733517 0.6269368825 0.7646934179 0.7835365687 0.9164225411 0.7621748293 0.7802361245 0.5819349891 0.4974519004 0.3641860439 0.2223609989 0.1513501104 0.2141984432 0.2013930273 0.1220624739 0.1624380829 0.1453546984 0.1352501955 0.1219797753 0.1179442008 0.0834082630 0.2177595722 0.1343629852 0.1630500055 0.1517071857 0.1737208168 0.1056790037 0.1108998654 0.1782291067
0.0701291112 0.1010339343 0.1366129340 0.1433179855 0.1238651524 0.1304499095 0.1665118930 0.1734763264 0.2031665257 0.3144519046 0.5229136787 0.6067413266 0.7530694192 0.8139394838 0.7939844919 0.7756387622 0.6978101862 0.5799669005 0.4459599771 0.3307000361 0.2061969963 0.2004808137 0.1428909574 0.1354115361 0.1333908104 0.1016131473 0.1267573028 0.1026294459 0.1138397071 0.1064349914 0.0743297906 0.1249572718 0.1255514802 0.1134819641 0.0991420060 0.1113547095 0.1628118332 0.1098093124 0.1429971784 0.1193503061 0.1497426774 0.0861562281 0.1527985441 0.2201906422 0.1194264022 0.1680993867 0.2419777737 0.4044157545 0.4381338332 0.5954053802 0.7084184573 0.7971928060 0.8728479891 0.7617548131 0.6993835334 0.6011374453 0.5118065423 0.3464325397 0.2617823094 0.1476615119 0.1586221733 0.2090909786 0.1273390963 0.1052345440 0.1208109026 0.1256817756 0.1390968041 0.1359305913 0.1205307216 0.1124269177 0.1356261974 0.1056871748 0.1306416851 0.0495083925 0.1375359823 0.1749445462 0.0941555799 0.1630411630 0.0873776581 0.1103154591 0.1095076244 0.1172542987 0.1555868764 0.1927037363 0.2552514198 0.2367821709 0.4048453100 0.6029953883 0.6337288180 0.7652970994 0.8114228061 0.8534036468 0.7818779189 0.6124597010 0.5156745775 0.3843222108 0.3034754163 0.2486926804 0.2251818560 0.1172782464 0.1222018703 0.1853404484 0.1190772117 0.2014163792 0.1287172695 0.1705332898 0.0953122715 0.1029536740 0.0974178727 0.1131906752 0.1346059929 0.1510529018 0.0612496460 0.1145084531 0.1136695102 0.0918133446 0.1125842557 0.1249873715 0.1225556761 0.1313252550 0.1817813837 0.1671663089 0.2195843013 0.3479495737 0.4411466476 0.5043944989 0.6214066717 0.7876667435 0.7768229069 0.8377113304 0.7561688454 0.6221976526 0.5643873962 0.3917949471 0.3430355279 0.2314220890 0.1970094625 0.1640811461 0.1153708488 0.0959055748 0.1818232946 0.1309046559 0.1465087999 0.0792493970 0.1073137477 0.1091311445 0.1119598739 0.1232218418 0.1546214302 0.1363194452 0.1241237941 0.1336357330 0.1073123538 0.1558904720 0.1583383481 0.1077061204 0.1329398133 0.0970988594 0.1953173925 0.1523690026 0.2409871700 0.3044573538 0.3960344755 0.5325106709 0.5933726001 0.7730348700 0.8265173595 0.8464216362 0.7989661458 0.7257418148 0.6291841563 0.4443048859 0.3491221306 0.2611865288 0.2219397973 0.2114242229 0.1875969887 0.1619251329 0.1072762039 0.1550539200 0.1333000941 0.1536177412 0.1144705964 0.1463691698 0.1223276819 0.1571359312 0.1279323213 0.1394140887 0.1767394496 0.1101400837 0.1184883876 0.1142510191
0.0982534812 0.1322038417 0.1013567364 0.1119800863 0.0847926718 0.1215321876 0.1797671457 0.2353015528 0.2977757994 0.3509394932 0.4503505096 0.6280235344 0.7174156193 0.8299646665 0.8637780533 0.8007938348 0.6939334949 0.5681332404 0.4746301458 0.3552421150 0.2149153969 0.2145303115 0.1465448383 0.1119924729 0.1000916727 0.1407143244 0.1268771735 0.0625931082 0.0816698128 0.1121066791 0.0882564571 0.0925551865 0.1527237659 0.0891642089 0.1036154203 0.1279080617 0.0707342807 0.1194015412 0.0722901098 0.1075575438 0.1749798654 0.0645394198 0.1198852920 0.0864537054 0.1831048554 0.2454206621 0.1570469130 0.3512767633 0.4161732462 0.6291166553 0.7645456741 0.7693371626 0.8806220566 0.8240635823 0.6800594396 0.5908278393 0.4504663221 0.3900405065 0.2667529459 0.1546695091 0.1456232783 0.1072572140 0.1540106794 0.1215951863 0.1365143220 0.1166854270 0.0940236370 0.1329005682 0.1035338555 0.1403656130 0.0978200598 0.1372267325 0.1523170552 0.1196752591 0.1385932723 0.1337051490 0.1279894977 0.1317233689 0.1931450470 0.0694570856 0.1316976063 0.0793409495 0.1505049061 0.1850696260 0.1938441755 0.3268376594 0.3913233460 0.5498492622 0.6541653770 0.7627804221 0.8657816351 0.8480043029 0.7690676285 0.6656830178 0.5316245096 0.4171903899 0.2926395538 0.1998361724 0.1888208739 0.1331033634 0.1696683922 0.1548873563 0.0582526502 0.1414346451 0.0734963224 0.1559349149 0.1523466926 0.1745127420 0.1287006795 0.1347220294 0.0812470060 0.1323308261 0.1544962337 0.1016119297 0.1338992726 0.1184924599 0.1205303187 0.1047031719 0.1525453473 0.1533093966 0.1385982477 0.1608434752 0.2436676148 0.2876850973 0.4517211249 0.5834347527 0.6512926325 0.7627138839 0.8087054525 0.8290589446 0.8715338079 0.6569518110 0.5302257155 0.4195349137 0.3520224294 0.2362169778 0.2118303117 0.1867133652 0.1118432230 0.1415232151 0.0776653924 0.1325573552 0.1739256821 0.1384373128 0.1131745144 0.1190472929 0.1085268362 0.1442448979 0.1250385183 0.1408553703 0.1038989214 0.1847628778 0.1349831908 0.1549340788 0.1263398008 0.1554783015 0.1298907745 0.1294782731 0.1291547108 0.2028082532 0.2078868388 0.2457131260 0.4007111479 0.5007041714 0.6251047942 0.7883758378 0.8037994224 0.8063189398 0.8015844647 0.6797293919 0.5774503024 0.4711824997 0.3655914572 0.2288568206 0.2301582382 0.1692100823 0.1764395284 0.1535130209 0.1581841160 0.0877220441 0.1379125956 0.1634372748 0.1369625840 0.1249727889 0.1211241870 0.1658317544 0.1293304147 0.1388834308 0.1534872694 0.1184528217 0.1240011656 0.1154845371
0.1252726793 0.1041778503 0.1072075512 0.1337995826 0.1482206940 0.1295623205 0.1946493119 0.1780991809 0.2958530500 0.3714162553 0.4946683150 0.6178925676 0.7122249636 0.8285560497 0.8511006848 0.8066920866 0.6769435188 0.5262844370 0.4275166804 0.3303223826 0.2007074143 0.2041158091 0.1008178395 0.0983779500 0.1234832698 0.1096550173 0.1259447042 0.1226156234 0.1181793812 0.0699687025 0.1359811151 0.0897956510 0.1190083987 0.1331078570 0.1050249249 0.1002332570 0.1219151036 0.1646437046 0.1155820649 0.1199953848 0.0530123695 0.1435520586 0.1188736983 0.1431166820 0.1626766099 0.1728100853 0.3031284443 0.4136362332 0.5214347881 0.6024042070 0.6900776172 0.8172472390 0.8608693515 0.7969139882 0.7279278545 0.5755364065 0.4716186626 0.3463220117 0.2436656535 0.1961150487 0.1500913823 0.0965362280 0.1456796491 0.1586367057 0.1062911652 0.0988997289 0.1494821237 0.1467369371 0.1288305396 0.1437808365 0.1283849254 0.1359150630 0.1653298562 0.1080872632 0.1083772506 0.1149747452 0.1410986601 0.1116168886 0.1530731616 0.1335575754 0.1500735476 0.1658039560 0.1520861645 0.1894775228 0.2510979649 0.3850025658 0.4466409927 0.5913975761 0.7033972381 0.7673146743 0.8430971395 0.8618212756 0.7234652995 0.6186772565 0.5588855412 0.3913154195 0.2694469472 0.1890189135 0.1829420342 0.1384810002 0.1113429885 0.0916295360 0.1555273124 0.1442758170 0.0950305343 0.1425025070 0.1307801092 0.1152073753 0.1187532249 0.1155454680 0.1053831360 0.1297101399 0.1242702122 0.1017526992 0.1482638270 0.1227650233 0.1446142181 0.1311529816 0.1592941981 0.1485879422 0.1574625100 0.1925024643 0.2461433726 0.3236815135 0.4165921461 0.5274776672 0.6726739436 0.7888829765 0.8600132769 0.8445437463 0.8252540347 0.6456438821 0.5290743388 0.4307435828 0.3338516287 0.1992735429 0.1895969601 0.1575243487 0.1325273670 0.1327283102 0.1570000106 0.1500143402 0.1358456572 0.1610702198 0.1944187995 0.1563925284 0.1317260382 0.1175743357 0.0862952122 0.1049329883 0.1345745589 0.1365309349 0.1206182044 0.0674709659 0.1371403042 0.1304392559 0.1601449781 0.1835140774 0.1384369702 0.2171136393 0.2200976873 0.3202661108 0.3451776639 0.5407995336 0.6566768753 0.7031729992 0.8014916482 0.8131494954 0.7957219754 0.6764283713 0.6096014241 0.4884451082 0.3400760247 0.2536687763 0.2056099804 0.1190583469 0.1467029201 0.1161473265 0.1395175890 0.1260922012 0.1102444659 0.1537663782 0.1108209660 0.1795146985 0.1255012309 0.1332264433 0.0980098598 0.1771174993 0.0932339217 0.1081429534 0.1723598106 0.1332339639
0.0865111356 0.0975222369 0.1205643121 0.1174993111 0.1712833977 0.1909188540 0.1444299051 0.1955975848 0.2637017928 0.3627796014 0.5207927333 0.6828608706 0.7705134317 0.8079395666 0.7910932337 0.7916105027 0.6433948506 0.5285456774 0.4394361824 0.3563048448 0.1945111804 0.1867243758 0.1165514168 0.1451993472 0.1065051844 0.1598404854 0.1108807860 0.1439015825 0.0965564343 0.0655095161 0.1183709408 0.1642465389 0.2003400141 0.1681292674 0.1201650213 0.1530079836 0.1599020562 0.1112534021 0.1680295733 0.0792487631 0.1177007870 0.1033024898 0.1186287922 0.1268924468 0.1654284833 0.1888539043 0.2876754167 0.3401953157 0.4221002009 0.6223440231 0.6997320577 0.7436975033 0.8926736078 0.8066615159 0.7102446884 0.6263766980 0.4599269078 0.3377470645 0.2644811484 0.2410576999 0.1389765068 0.1451405159 0.1077127764 0.1329429483 0.1332645469 0.1490842162 0.1020250912 0.1199316506 0.0946334078 0.0958339034 0.1536603665 0.1360083118 0.1584908913 0.0888563131 0.0570131086 0.1307088129 0.1434476134 0.1523005978 0.1504645239 0.1353646867 0.1196617890 0.1338334340 0.1725568019 0.2060946784 0.2620833272 0.3012282092 0.4654328055 0.6195317542 0.7495841142 0.8092604232 0.8580708486 0.7873557251 0.7466957187 0.5760176857 0.5170632769 0.3235455056 0.2210297526 0.1987487059 0.1647522417 0.1731406915 0.1230710332 0.1529183203 0.1577990489 0.1547152547 0.1488942962 0.0886855637 0.1144042562 0.1637534992 0.1372826182 0.1098762849 0.1185659728 0.1310482342 0.1191714789 0.1427135795 0.0920362880 0.1179095749 0.0935987133 0.1043177974 0.1369238578 0.1827013424 0.1681565209 0.2208223658 0.2690650046 0.3286884404 0.4370314751 0.5903042466 0.6713351325 0.7700685847 0.8813535658 0.8429772121 0.7528358465 0.6528814125 0.5647154435 0.3542722169 0.3091688389 0.2795992033 0.1749299074 0.1444159122 0.1499494393 0.1456461413 0.1366916259 0.0828962068 0.1156504651 0.1148797102 0.1836968309 0.1662975239 0.1132974826 0.0801226872 0.1402383551 0.1261594727 0.1410452947 0.1296783385 0.1516048463 0.1573880131 0.1208725371 0.1269750899 0.1381939208 0.1477869011 0.1708268654 0.1748766356 0.2779166388 0.2801002685 0.4757447203 0.5412133608 0.6640262588 0.8362663703 0.9030493170 0.8547601529 0.8107396080 0.6640025206 0.5204421835 0.4124705290 0.2915057061 0.2164768305 0.1646215089 0.1761459509 0.1887817662 0.1170109798 0.1463449706 0.1789150695 0.1849893238 0.1417553223 0.1807231397 0.1947551371 0.1512216153 0.1437246759 0.1461547999 0.0731929764 0.1517876485 0.1352702928 0.1599207472 0.2090811514
0.1005812761 0.0874703792 0.1299043223 0.0645262738 0.1237476356 0.1510579721 0.1923851353 0.2198062642 0.2898757245 0.3713411158 0.5501583102 0.6542930802 0.7875542998 0.8088387782 0.8498077388 0.7944964938 0.6683788481 0.5436956504 0.4528769859 0.3088186087 0.2153963378 0.2066015793 0.1710730427 0.1872527636 0.1152610995 0.1023064038 0.1247483279 0.1284029949 0.1322764965 0.1047950076 0.1010909930 0.1455953289 0.1196003866 0.1379159333 0.0904463062 0.1313848663 0.1085091589 0.1284618275 0.1202697563 0.1189579115 0.1654309924 0.1653128823 0.1574440121 0.1029928903 0.1766496151 0.2010285796 0.2701045223 0.3714386979 0.5514280883 0.6241075489 0.7559770466 0.8239736462 0.8458226271 0.7882234309 0.7207701727 0.5570706096 0.4456445415 0.2852596746 0.2297687964 0.2015488791 0.1604876250 0.1154468525 0.1366685815 0.0749568065 0.1273150566 0.1293799537 0.0694783654 0.1433483136 0.1776873213 0.1802063349 0.1434310158 0.1492248149 0.0941209540 0.1461369062 0.1904137193 0.1479549766 0.1712250743 0.1453788118 0.1579732708 0.1446962439 0.1445102724 0.1228780983 0.1371342740 0.1301727282 0.2595575147 0.4137502294 0.4339972164 0.5939446131 0.8059816226 0.8013435853 0.8081319581 0.7909237361 0.7354276965 0.6008506463 0.4895959275 0.3476963621 0.3115180574 0.2491810787 0.1453502247 0.2064081436 0.1891956236 0.1567344954 0.1399884740 0.0943451777 0.1205582305 0.1492577019 0.2155941892 0.1342301006 0.1141421638 0.1682166567 0.1492376167 0.1724213428 0.1805312722 0.1218675244 0.1259537988 0.0796798908 0.1839749002 0.1346940881 0.1500817509 0.1576213673 0.1629276442 0.1644980101 0.1837889468 0.3203714898 0.4250810051 0.5593298369 0.7131435792 0.7534363925 0.8570690660 0.8852312316 0.7759827995 0.6595737600 0.4933046181 0.3852575027 0.2003314101 0.2086889948 0.2043742022 0.2020195305 0.1120625113 0.1828464530 0.1406263166 0.1687212923 0.1290377730 0.1844723446 0.1360796200 0.1026794346 0.1170235901 0.1149648414 0.1481261256 0.1114562716 0.1433030997 0.1179185062 0.1508179408 0.1635168169 0.1149265121 0.1018098736 0.1468185062 0.1760330868 0.1825380216 0.2230109555 0.2294273483 0.3645783110 0.4093580423 0.5599384659 0.6490922401 0.8051898974 0.8696489562 0.8473249973 0.8151785146 0.7067204459 0.5751958569 0.4831233413 0.3757556257 0.2745632885 0.1365390236 0.1949401259 0.1787449719 0.1334214340 0.1485201794 0.1425667864 0.1295051113 0.1095173913 0.1282173142 0.1709503403 0.1747181638 0.1491661975 0.1634365060 0.1119452230 0.1836876948 0.1908124998 0.1404234972 0.1539762737
0.1345132703 0.1548592622 0.1452191532 0.1593361611 0.1838900212 0.1186220862 0.2312474445 0.2135216982 0.3334144015 0.4443862450 0.5585815773 0.7546076817 0.8156790245 0.8683625052 0.8757129969 0.7577220133 0.7106488531 0.5039046893 0.3934601193 0.3192269554 0.2064936511 0.2331910354 0.1332130381 0.2061630305 0.1238371555 0.0887070126 0.1712137994 0.1102416320 0.1779484552 0.1119204647 0.1199458364 0.1111158997 0.1910575745 0.1610868613 0.1201383526 0.1361705527 0.1469079752 0.1386679084 0.0698795922 0.1788650821 0.1531940538 0.1388521714 0.1725851909 0.1105014194 0.1985196759 0.2086689846 0.2970503646 0.3840890584 0.5168456966 0.6445027342 0.7776019146 0.8635520969 0.8896447134 0.8291208092 0.7123890678 0.5702398735 0.5030126164 0.3244916776 0.2557488817 0.1938641090 0.1821806237 0.1567154598 0.0972455960 0.1182441712 0.1302261688 0.1612390711 0.1785866139 0.1375506552 0.0838672943 0.1756810830 0.1110018844 0.1195080836 0.1567877215 0.1965547347 0.1491616789 0.1077279744 0.1159444131 0.1478015591 0.1335111465 0.1361937898 0.1665227664 0.1511646535 0.1956055663 0.1993460587 0.2850122061 0.3020528996 0.5017612028 0.5945084557 0.7411300936 0.8199158025 0.7911247927 0.8093870465 0.7623166361 0.6045108855 0.4806188088 0.3739489301 0.3006922982 0.2404177633 0.1958813788 0.1531555935 0.1548104296 0.1301055481 0.1217846251 0.1371971166 0.1582958479 0.1258495599 0.1702870807 0.1354181052 0.1878069719 0.1673650602 0.1686415231 0.1162137897 0.1725394637 0.1539811510 0.1211563858 0.1823429831 0.1480639620 0.1510984688 0.1265146319 0.1546222420 0.1587243929 0.1845662556 0.3032703370 0.3273595809 0.4397903038 0.5548624453 0.7517677672 0.7718643356 0.8840476331 0.8687383397 0.7869326412 0.6519954262 0.5200657670 0.3934723548 0.3016624774 0.2164026636 0.1639519279 0.1952489978 0.1643057881 0.1675172081 0.1184256250 0.1327563028 0.2109711953 0.1276160273 0.1262482668 0.1423262629 0.1596181414 0.1537537538 0.1216574884 0.0952590150 0.1783562564 0.1165249310 0.1791630422 0.1864202279 0.1766845010 0.0691333457 0.1294529459 0.2217499145 0.1510307366 0.2031775032 0.3051420490 0.3627244344 0.4089326102 0.5635378229 0.6403422988 0.8659705770 0.9122875115 0.8549319945 0.7569909138 0.6918692168 0.5672484339 0.4528826942 0.3142418627 0.2614995867 0.1616936427 0.2011263382 0.1229889079 0.1444691973 0.1719111523 0.1608965472 0.1395418902 0.1656502959 0.1402475825 0.1634128142 0.1529346726 0.1356155645 0.1476519611 0.1534407809 0.1711411560 0.1426194086 0.2216551582 0.1643308652
0.1059431149 0.1508878903 0.1189415266 0.1690496840 0.1601878794 0.1166090243 0.1729047573 0.2156346469 0.3060441386 0.4046720459 0.5233369331 0.6795089940 0.8234071978 0.8452359733 0.8372225032 0.7890327046 0.6495005887 0.5662722996 0.3582944670 0.3006560538 0.2203300469 0.2234366371 0.1577589357 0.1481202720 0.1640429777 0.1469063929 0.1215206868 0.1583142185 0.1041021550 0.1653176156 0.1433467275 0.1523875181 0.1197586429 0.0993122118 0.1180278291 0.1827120011 0.1460819977 0.1660104257 0.2214688354 0.1578126520 0.1506131089 0.1135446260 0.1137570169 0.1296729136 0.2450747758 0.2388029538 0.2937946277 0.4325387524 0.5236415430 0.6500338808 0.7510208320 0.8201353443 0.8264776799 0.8416290817 0.6750454168 0.5813724934 0.4846363965 0.3939784206 0.2352081013 0.2199369623 0.1739143012 0.1183859411 0.1689278445 0.1221247504 0.1920657036 0.1474764207 0.1530287604 0.1233215151 0.1575688379 0.1636581931 0.1196284140 0.1049215398 0.1756276557 0.1547599977 0.1243015617 0.1190029051 0.1507335620 0.1498976403 0.1804995172 0.1560410099 0.1905505878 0.1947845735 0.1658472934 0.2002296810 0.3035214321 0.4048949973 0.4164336146 0.6079773641 0.7502980592 0.8301260623 0.8633277617 0.7768977475 0.7342168687 0.6314599354 0.4714603749 0.3864822940 0.2571848140 0.2034418166 0.1684764326 0.1756349560 0.1447305660 0.1383927626 0.1445990604 0.1343445528 0.1591165865 0.1309847829 0.0698663170 0.1766080338 0.1455335514 0.1344292597 0.1726618695 0.1265291649 0.1777889744 0.0681513699 0.1922119254 0.1289681861 0.1360090119 0.1856860591 0.2035939809 0.1987585694 0.1457266736 0.2453877940 0.2752664063 0.3732220739 0.4919332589 0.5760025522 0.7192050193 0.8338993231 0.8906540712 0.8565445658 0.7685580465 0.6616716696 0.5268328808 0.3735395501 0.2834582659 0.2951004607 0.1825140205 0.2062521493 0.1437780346 0.1543594771 0.1708003930 0.1496532080 0.1555449449 0.1453098914 0.1253680038 0.1484398426 0.1476277950 0.1815084572 0.1469596556 0.1405835459 0.1574679103 0.1437756122 0.1359018278 0.1681666320 0.1454162525 0.1532205034 0.1653418056 0.1669702649 0.1947795020 0.1761879749 0.2815608019 0.2933550817 0.4568411245 0.5974020422 0.6876885714 0.7921587979 0.8641053882 0.8770770183 0.8182081892 0.7233948073 0.5432959041 0.4346279172 0.2635506604 0.2022638279 0.1901785587 0.1860437193 0.1489241803 0.1680421542 0.1515038791 0.1830961548 0.1318239051 0.1433771777 0.1339087007 0.1839916410 0.1756922794 0.1464780363 0.2025516622 0.1106632473 0.1342367585 0.1576499429 0.1629687277 0.1059624667
0.1033411454 0.2035069160 0.1512941581 0.1306679969 0.1427844595 0.1654472781 0.2140744462 0.3005046691 0.3784414490 0.4378773018 0.6064461582 0.6666399931 0.7781464252 0.9188305159 0.8477958161 0.8062085313 0.6295871379 0.5319595286 0.3974576254 0.2945088659 0.2226997392 0.1853151820 0.1256813201 0.1507767143 0.1423650686 0.1482131324 0.1368190949 0.1324488006 0.1292129131 0.1732862401 0.1678558942 0.1502891063 0.1746653379 0.1421654875 0.1551424772 0.1490005096 0.1548694192 0.1321451390 0.1393524961 0.1387463355 0.1193787064 0.1914312445 0.1616314027 0.1770725531 0.1927199505 0.2098789695 0.3271846183 0.3886620416 0.5445882846 0.6371155001 0.7874067109 0.8548070608 0.8506685195 0.8283001288 0.6759499368 0.5370838073 0.4603902382 0.3729348086 0.2904559734 0.2641395426 0.1881488098 0.1518951702 0.1484664319 0.2063388505 0.1283008816 0.1650500863 0.1630608902 0.1952549498 0.2001802293 0.1208628510 0.1164421062 0.1327449088 0.1459856805 0.1274793941 0.1451641313 0.1665542681 0.1367584661 0.1729485776 0.1254821047 0.1871859725 0.1760549213 0.1646393539 0.1314157379 0.2216481395 0.2837892586 0.4016543404 0.5217049469 0.5799473619 0.7894568601 0.8416486510 0.9042839147 0.8235482312 0.7692594017 0.5771175062 0.4856720912 0.3840988171 0.2680848202 0.2647599877 0.1884527920 0.1787145863 0.0882735795 0.1427017659 0.1434434385 0.1576695331 0.1581643659 0.1377481064 0.1693342045 0.1214176365 0.1267421427 0.1493037091 0.1256827915 0.1742922182 0.1719964633 0.1706221436 0.1143751482 0.1321223907 0.1676295890 0.1108405728 0.2012496702 0.1621661851 0.1967641171 0.2032642377 0.2975285584 0.4033042236 0.4708057485 0.6278514218 0.7063853097 0.8357564304 0.9063555316 0.8839527453 0.7365849040 0.6364947561 0.5294545817 0.3618917658 0.3269146919 0.2580029256 0.1997085291 0.1797433551 0.1884497736 0.1859262133 0.1538347268 0.1788212132 0.1751075134 0.1422880830 0.1641434732 0.1745624753 0.1876643790 0.1615422329 0.1934575137 0.1887952346 0.1448610379 0.1871707902 0.0919577038 0.1475265705 0.1325789593 0.1488781338 0.0882214941 0.1758583021 0.2156470037 0.2179281830 0.2473645997 0.3347836825 0.5117170401 0.5991381833 0.6756246551 0.8288896795 0.9213598225 0.9032247853 0.7817353658 0.7063411917 0.5941369820 0.4464902227 0.3521209065 0.2861134630 0.2635694890 0.1925368950 0.1861088351 0.1680928767 0.1299504152 0.1407053829 0.1798418704 0.2022011612 0.1618833066 0.1178508795 0.1952644112 0.1787730135 0.1976575977 0.1551548859 0.1649999791 0.1880081510 0.1562914121 0.1810816403
0.1320576192 0.1202044008 0.1527087453 0.1474211410 0.1689570177 0.1805183433 0.2224953541 0.2890854733 0.3143240141 0.5025640182 0.5974688585 0.6862126387 0.7720453391 0.7940209621 0.7841656734 0.8100456911 0.6256263923 0.5019075719 0.4193286162 0.3342921069 0.1840816636 0.1887252169 0.1434360318 0.1239890355 0.1796052149 0.1257961819 0.1565141204 0.1759617583 0.1697630695 0.1287567205 0.1173816731 0.1615793806 0.2015029907 0.1649719627 0.1133478817 0.1413115817 0.1339133273 0.1669166072 0.1417219828 0.1659193108 0.1419887276 0.1051082792 0.1655894008 0.2150265940 0.2004354516 0.2694627218 0.3004618416 0.4201463281 0.5732833220 0.6769830564 0.7960693961 0.9411104734 0.8999197446 0.8359945799 0.7232798937 0.5452288259 0.4705243603 0.3760353136 0.2823694063 0.2721757976 0.1495943449 0.1333825498 0.1395707956 0.1295858059 0.1533763697 0.1473775865 0.1905693067 0.1652745307 0.1196527513 0.1405379419 0.1200390103 0.1238789143 0.1518090892 0.1282684126 0.1900245212 0.1942152418 0.1442733138 0.1458095890 0.2051738572 0.2132368443 0.1872944425 0.1931896471 0.1662930291 0.2211023632 0.3265661625 0.4398323646 0.4879019206 0.6338190586 0.8206049380 0.8171711545 0.8835507194 0.8100924035 0.7198133941 0.6320602561 0.4914041692 0.3566166709 0.3296057848 0.1591941065 0.1704976301 0.1366182042 0.1563171518 0.1972123211 0.0973964944 0.1487101153 0.1033835574 0.1485901353 0.1430133624 0.1486603604 0.1479060260 0.1589762790 0.2113505324 0.1255172394 0.1216309159 0.1427630137 0.1836831747 0.1368257424 0.1349859825 0.2015539461 0.1655028366 0.2296573710 0.2220449002 0.2236799157 0.2950500910 0.3563327890 0.4875063985 0.6131075578 0.7767806875 0.8660933769 0.9130049376 0.8568038885 0.7432697019 0.6283020110 0.4510113028 0.4185457066 0.3324391859 0.2291429070 0.1974316732 0.1685648979 0.1824717515 0.1931500819 0.1354756982 0.1087841630 0.1669460264 0.1802655403 0.1870908346 0.2076667184 0.1855945936 0.1655524110 0.1821303337 0.2164795028 0.2229788677 0.2039497903 0.2016623156 0.2162539444 0.1567034766 0.1133276958 0.1748756189 0.2051606940 0.2177521986 0.2259494383 0.3144322468 0.3563079940 0.4453552541 0.5748315131 0.7753472806 0.8591849550 0.9144028543 0.8843681647 0.7911812301 0.6776608850 0.5299054122 0.4367472064 0.3369014268 0.3206863205 0.2202496169 0.2182548549 0.1802356413 0.2110165636 0.1780852358 0.1769417120 0.1298113032 0.1899332840 0.1633486447 0.1670991446 0.1670225376 0.1616318842 0.1987007657 0.1546936362 0.2347645480 0.1447120413 0.1630643825 0.1369091199
0.1599414861 0.1499949661 0.1472492327 0.1741329122 0.2072890289 0.1718279692 0.1999631795 0.2269709155 0.3269094565 0.3922918942 0.6268767607 0.6932603751 0.8296398389 0.8161175812 0.8615916392 0.8107836390 0.6558344159 0.5489013707 0.3779326631 0.3043162702 0.2560341764 0.2156775828 0.1376607546 0.1537600638 0.1485699368 0.1564266063 0.1549450982 0.1085479436 0.1728461609 0.2163931929 0.1572319846 0.1788385351 0.1248442389 0.1272200657 0.1368358683 0.1754169251 0.1894452120 0.1683930686 0.1519625881 0.1363519055 0.1507318838 0.1300700767 0.1183547872 0.1854912170 0.2116585866 0.2595195842 0.3366611613 0.3849869850 0.5651380143 0.6672091354 0.7689359963 0.8324991494 0.9232991534 0.8268471274 0.6921031226 0.5787431046 0.4260769749 0.3426551593 0.2792567128 0.1898614692 0.1834794418 0.1788027084 0.1326163907 0.1711673956 0.1554755448 0.1833178883 0.1236095097 0.1511398937 0.1006911848 0.1182139977 0.1961471479 0.1644373862 0.1418418708 0.1345692179 0.1375926329 0.1377292448 0.1044665200 0.1718226640 0.1236163084 0.1477207187 0.1607987764 0.1981943323 0.2449200493 0.2586150363 0.2553722915 0.3946385556 0.5744274530 0.7171105198 0.7501840162 0.8925118871 0.8939548785 0.7891769968 0.7741262211 0.6373717301 0.4436400542 0.3471913760 0.2952542037 0.2689666361 0.2064687333 0.2135907505 0.1502799412 0.1980416791 0.1769140947 0.1559176917 0.1838901901 0.1726471557 0.1446306124 0.1567937288 0.1464120114 0.1665429911 0.1836227923 0.1740031296 0.1637739390 0.1823515957 0.2254855302 0.1353850575 0.1848986322 0.1600998234 0.1783900651 0.2017275518 0.1681111332 0.2372309780 0.2559938087 0.3960447924 0.4954173858 0.6692959785 0.7332304861 0.8220998290 0.8905081669 0.8747015063 0.7418381688 0.6551040962 0.4768979168 0.3649005431 0.2646325755 0.2372042432 0.1834923139 0.1718320829 0.2012820196 0.1932895547 0.1803261525 0.1876550944 0.1434285555 0.1481839759 0.1666371739 0.1416073669 0.1373401883 0.2091346906 0.1361915528 0.1342544158 0.1746304708 0.1780326829 0.1761555200 0.1441176226 0.1796211958 0.1764824146 0.1555364520 0.1717489356 0.2095118048 0.2100507459 0.2755333358 0.3447429842 0.4883990775 0.6024347194 0.7140210335 0.8031587265 0.9115767947 0.8885938386 0.7968463706 0.6611314919 0.5730451829 0.4256139303 0.3178811458 0.2409084034 0.2298783905 0.1625534922 0.2177669197 0.1636665306 0.1720261770 0.2001537463 0.1625848440 0.1541968267 0.1901596508 0.1665544835 0.1814909662 0.1415746242 0.1433062901 0.1752399074 0.1409114601 0.1650276501 0.1696752362 0.1648297002
0.1418140906 0.1636518701 0.1673750323 0.1449820356 0.1459543815 0.1886655836 0.2051752830 0.3043560320 0.3667928399 0.4525526793 0.5786268986 0.7716975811 0.8155721549 0.8868834849 0.8297462498 0.7491174578 0.5618349716 0.4968593022 0.4022677763 0.3492420368 0.2513264858 0.2271376151 0.1888952293 0.1281845039 0.1956777738 0.1737576861 0.1366641020 0.1372559348 0.1438098484 0.1531585999 0.1717309220 0.1770445377 0.1793144048 0.1698585519 0.1730515253 0.1321943166 0.1906813653 0.1510368397 0.1781689909 0.1248102019 0.1589738122 0.1690127469 0.1995177800 0.2274063585 0.1651310872 0.2943781787 0.3490999660 0.4112263920 0.5553660394 0.6703169245 0.8097045224 0.8428598560 0.8722016705 0.7798665791 0.6778612432 0.5566273505 0.4353883845 0.3046313037 0.2644216425 0.2057718158 0.1623587189 0.1860290808 0.1782695777 0.1112716112 0.1722600778 0.1714747782 0.1772142384 0.1676431239 0.1569092339 0.1727019165 0.1174871382 0.1325981782 0.1670985211 0.1662456503 0.1378385505 0.1243665897 0.1008249947 0.1557718746 0.1357710453 0.1794389263 0.2047696042 0.1862156608 0.2467943452 0.2937010586 0.3148216563 0.4173395988 0.5434084813 0.6996555435 0.7697695738 0.9263197776 0.8928307759 0.7831232145 0.7743354203 0.5895760222 0.4323988358 0.3312970494 0.2055427720 0.1972435308 0.1805404552 0.2037223248 0.1610575813 0.1163283888 0.1760001920 0.1348316267 0.1851857194 0.1450467530 0.1234289739 0.1619891516 0.1832822714 0.1635014876 0.1629611496 0.1674807929 0.1607353838 0.1292076576 0.1928542083 0.1578581507 0.1707876942 0.1582713508 0.1596543690 0.1693631715 0.1555476392 0.2130413588 0.3306956872 0.3978685670 0.4662086069 0.6340059640 0.7849929777 0.8505129022 0.8760854688 0.8779923062 0.7637313621 0.6023166015 0.5146753252 0.3231804416 0.2913786802 0.2958753076 0.1864979283 0.2216529147 0.1743569584 0.2002237716 0.1570158043 0.1527090900 0.1501412452 0.1721489688 0.1606522247 0.2212282997 0.1888723162 0.1501840299 0.1481206383 0.1797555709 0.1834578023 0.1573572559 0.1867641826 0.1774583420 0.1805980138 0.1678389303 0.1724898651 0.1901760360 0.2417326349 0.2104575361 0.2350829958 0.3973418688 0.5373372804 0.6419331789 0.7578947241 0.8257312132 0.8989186683 0.8763577643 0.8190520148 0.6779332907 0.5274540426 0.3886465621 0.3520902500 0.2281628120 0.2141744185 0.2258904387 0.1879045190 0.1578963002 0.1935092201 0.1701900729 0.1486104742 0.1937678659 0.1931487242 0.1412897247 0.1407009732 0.1957549784 0.1825283372 0.1883520852 0.1887582420 0.1417459890 0.1800908736 0.2057638254
0.1776594515 0.1881266948 0.1173709988 0.1920984158 0.1680559339 0.1790442913 0.2379252832 0.2938348605 0.3124003718 0.4548094282 0.6557616444 0.6895567723 0.8539525587 0.8290831660 0.8034631973 0.7587595089 0.6579657414 0.4682973086 0.3872701765 0.3024611330 0.2760560932 0.1765940830 0.2032093918 0.1198805967 0.1517084726 0.1208942030 0.1960748760 0.1941476328 0.1376182971 0.1178700464 0.1434400601 0.1814053848 0.1926593350 0.1219800838 0.1504356438 0.1044596508 0.1153422341 0.1258250877 0.1519820005 0.1773364983 0.1366396385 0.1612925433 0.1456824161 0.1815607075 0.2297637009 0.2316661172 0.3251403622 0.5137363953 0.5454114697 0.6931206780 0.8245660044 0.8573383864 0.8707713094 0.7969695440 0.6973959978 0.5118814536 0.3937190006 0.3437934299 0.2827628078 0.2363575101 0.1821461760 0.1928120883 0.1821971120 0.1388595915 0.1410969472 0.1371745769 0.1379773070 0.0984066548 0.1408904676 0.1665619192 0.1559034359 0.1465112735 0.1849512360 0.1573120714 0.1781856014 0.1342540549 0.1250733412 0.2200510858 0.1492733588 0.1724410866 0.1663414725 0.2033608595 0.2326806703 0.2453284939 0.3253329666 0.4006370807 0.5292506641 0.6630501322 0.7595434575 0.8143015414 0.8438431947 0.8061045826 0.7264258053 0.5988406203 0.4756019621 0.3245348663 0.2477619402 0.1892886262 0.2116375406 0.2137939745 0.1514328819 0.1889785972 0.1787098883 0.1264230527 0.1552826681 0.1429376758 0.1576612054 0.1589264113 0.0962583448 0.1410850177 0.1890984556 0.1801622585 0.1294610837 0.1147410583 0.1565877135 0.1784228627 0.1611236716 0.2042094791 0.1542624048 0.1664085944 0.2216170142 0.2460726045 0.3493343385 0.4013607045 0.5434409597 0.6830519264 0.7922784466 0.8654974708 0.8630935444 0.8255710241 0.7537253077 0.6292077115 0.5233869804 0.4169833522 0.2487464514 0.2471025263 0.2099845626 0.1666441788 0.1447386612 0.1422675128 0.1314576385 0.1711719479 0.1967068119 0.1413010702 0.1622778797 0.1156343330 0.1938429051 0.1409592852 0.1684254006 0.1527563273 0.1509334889 0.1416173785 0.1892159517 0.1593390699 0.1365190633 0.1589422324 0.1644874862 0.1328612189 0.1773108511 0.2712745447 0.2702282110 0.3530533763 0.4991167079 0.6154010720 0.7656840383 0.8069298116 0.8583057646 0.8454713957 0.7724145767 0.6634634128 0.5016766444 0.3908808173 0.3112278377 0.2411864383 0.2047866670 0.1615080285 0.1716682601 0.1920394287 0.1442903139 0.1726458538 0.1679659988 0.1538548879 0.1898078691 0.1591964449 0.1639811149 0.1341205883 0.1728192046 0.2029637723 0.1606108039 0.2128106445 0.1117374891 0.1458507294
0.2034439770 0.1376729352 0.1148027721 0.1179589908 0.1926031742 0.1756038761 0.1654315785 0.2472399243 0.3711692353 0.4839030724 0.6250325732 0.7253832080 0.8382955450 0.8402603034 0.8302569070 0.7337390033 0.6448475004 0.4971171312 0.3610851213 0.2793070677 0.2214745958 0.2191565263 0.1408636420 0.1120332697 0.1449646730 0.1322869924 0.2208798364 0.1493432056 0.1479050150 0.1839644430 0.1727836759 0.1272333085 0.1416492007 0.1686082220 0.1857002072 0.1521535981 0.1419839247 0.1130961337 0.1841189142 0.1392939924 0.1035957314 0.1313563591 0.1553725230 0.1639402716 0.1612493726 0.2450252978 0.3440124017 0.4508151207 0.5359748756 0.7364278671 0.7619503403 0.8334396281 0.8467336385 0.8362515230 0.6110529887 0.5139762767 0.3745727927 0.3543432316 0.2009520491 0.2183964476 0.1554454910 0.1703536206 0.1478908364 0.0838613602 0.0747812463 0.1284673787 0.1700559718 0.1894003904 0.1144861341 0.1449710527 0.1219972376 0.1220795030 0.1290501273 0.1699085667 0.1502220475 0.1007540107 0.1292974800 0.1767878288 0.1693354751 0.1531906359 0.1530041416 0.2245686832 0.2060811860 0.2398819946 0.2869409805 0.3981882525 0.5529734341 0.6705368514 0.7383338177 0.8266542285 0.8608727906 0.8072881202 0.7156127617 0.5421441987 0.4882217476 0.4197384230 0.2611502713 0.2044775451 0.2398440774 0.1799647975 0.1757286818 0.1530140371 0.1678662412 0.2029809631 0.1301961340 0.1638297689 0.1720090405 0.1814420358 0.1331474676 0.2360213220 0.1377053068 0.1845922081 0.1592785955 0.1225992889 0.1441538079 0.1337904717 0.1233602933 0.1712337351 0.1417029632 0.1139755168 0.2008388120 0.2630888451 0.3612978431 0.4331651455 0.5135566870 0.6440218909 0.7800812547 0.9019622156 0.8955879039 0.8142691839 0.7333060034 0.6239808272 0.4787817922 0.3650257572 0.2634972994 0.2375032747 0.2203345057 0.1476755736 0.1761495588 0.1683230657 0.1230361797 0.1591842108 0.1278556985 0.1252168149 0.1838311444 0.1681724897 0.1726267265 0.1473924721 0.1519930552 0.1789015243 0.1588382915 0.1653665856 0.1524826390 0.1730928252 0.1709799215 0.1505213738 0.1748945300 0.1561469278 0.1646208752 0.2330722129 0.3089112785 0.4080100739 0.4785304782 0.6137695467 0.7184342178 0.8592695976 0.8558716024 0.8703202654 0.7554564663 0.6503425631 0.5108878093 0.3821589174 0.3108702612 0.2559988994 0.1912286812 0.1344519314 0.1454387568 0.1450006213 0.1826418268 0.1629566964 0.1525550434 0.1382744816 0.1572027292 0.1505996766 0.1687950935 0.1627893736 0.1488394467 0.1412891865 0.2005653058 0.1080745527 0.1609834788 0.1510156303
0.1140451682 0.1561615529 0.1011950733 0.1112475326 0.0978990936 0.1527370263 0.1652789198 0.3122971228 0.3724851965 0.4598649925 0.6034930661 0.7988553472 0.8076756098 0.8509744323 0.8621141061 0.7176500120 0.6228729605 0.4517442147 0.3372523898 0.2642480299 0.2531163543 0.1909655847 0.1829623866 0.1679039990 0.1332038216 0.1844632137 0.1717186215 0.1342984065 0.0957558029 0.0946489070 0.1600438748 0.1361639625 0.1257753194 0.1388116685 0.1490152811 0.1654392524 0.1148814568 0.1487255970 0.1670169606 0.1679377485 0.1317914780 0.2204500220 0.1268316020 0.1669269583 0.2234430662 0.2688321963 0.3706667458 0.4263563890 0.6269524924 0.6760829708 0.7994079290 0.8207341283 0.8740032656 0.8098731484 0.6909725233 0.5328428956 0.4080987057 0.2907914051 0.1977059542 0.1787577684 0.0956686757 0.1994428909 0.1174224364 0.1454549908 0.1303271692 0.1464833337 0.1276216287 0.1538758387 0.1428539524 0.1042048873 0.1286337225 0.1572876567 0.1416114326 0.1489982606 0.1736449383 0.1176944850 0.1578788304 0.1502258495 0.1228445040 0.1585730228 0.1845877554 0.1662166118 0.2070256852 0.2410886641 0.3834062852 0.4366849403 0.5302499498 0.6836567441 0.8125531273 0.7839504304 0.8158835267 0.8093433683 0.7040519127 0.5396169656 0.4340510376 0.3032715746 0.1942243544 0.1640615235 0.1732107724 0.1994620027 0.1217089468 0.1379030928 0.0832376849 0.1661287898 0.1278196721 0.1325404148 0.1267226758 0.1268942373 0.1390242414 0.1614901114 0.1281964724 0.1604936396 0.1707384648 0.1393079146 0.0880492042 0.1067117695 0.1328577479 0.1321845078 0.1822721102 0.1979551521 0.2057875335 0.2507908758 0.2984319937 0.4447828635 0.4623789724 0.6109539919 0.7813046257 0.8400141783 0.8790300072 0.8331850382 0.7099594887 0.5725247173 0.4524063486 0.2997675984 0.2827932259 0.2064247677 0.1804593682 0.1624677507 0.1577553246 0.1811139779 0.1690880144 0.1608638201 0.1357326218 0.1585977912 0.1613804879 0.1432324202 0.1678036378 0.1385904601 0.2000757795 0.1486951761 0.1363097073 0.1416028402 0.1428972512 0.1434536562 0.1543709003 0.1369424799 0.1159213752 0.1864331745 0.1672801964 0.2888852146 0.2851702773 0.3641221021 0.5271287118 0.5960233521 0.7374762338 0.8283668848 0.8332005102 0.8530116003 0.7214579255 0.6444460893 0.5108938008 0.3990146057 0.2935062855 0.2566838611 0.1681593784 0.2453800968 0.1355345232 0.1790022632 0.1386658158 0.1281078964 0.1534794965 0.1447670604 0.1460305507 0.1682032006 0.1562463488 0.1447284310 0.1782890206 0.1572965132 0.1675497597 0.1630118843 0.1825699468 0.1411782767
0.1332333634 0.0909807623 0.1258144499 0.1292022933 0.1225282857 0.1212045317 0.2028692154 0.2848007127 0.3737423327 0.4730383038 0.6268402055 0.7103271641 0.8672676113 0.8307915831 0.8288438563 0.7102326793 0.5483443439 0.4264431051 0.3156995836 0.2859613281 0.2083319130 0.1148292561 0.1503886778 0.1328673720 0.1334256220 0.1351163802 0.1312778005 0.1327170029 0.1081829719 0.1011516616 0.0963127705 0.1017289120 0.1077288814 0.1397208423 0.1139087749 0.1409326555 0.1349312260 0.1049706458 0.1474991315 0.0858762557 0.1334176691 0.1171712410 0.1410589522 0.1939129950 0.1919197448 0.2769253587 0.3494043146 0.4527619148 0.5411580312 0.6760605362 0.8482978150 0.8467560506 0.8320924331 0.7322779871 0.6611365692 0.5360402787 0.3977209597 0.2807971094 0.1804167515 0.2023827437 0.1635464348 0.1317964619 0.0842341675 0.0944684783 0.1771635150 0.1054677408 0.1086322151 0.1484550799 0.1438174395 0.1165647136 0.1472997069 0.1360852559 0.1018517742 0.1373795224 0.0693150348 0.0961865392 0.1332852837 0.1380336065 0.1405677033 0.1152980453 0.2361560877 0.1705239903 0.2012968136 0.1963993552 0.3386274674 0.4340408829 0.5640676424 0.6736849223 0.8009492158 0.8243096494 0.9010260982 0.8102319372 0.6136083913 0.5638501544 0.3825221009 0.3099374436 0.2434800404 0.2397565367 0.1597730849 0.1241370803 0.1532008189 0.1277066433 0.1021619345 0.1054358761 0.1408929694 0.0992467697 0.1309783864 0.1147650239 0.1873888067 0.1699687692 0.1593835356 0.1014672391 0.1288858335 0.1506108237 0.0910031716 0.0973547060 0.1381296673 0.1336621349 0.1923680148 0.1569218819 0.2193670688 0.2346488757 0.2576675449 0.4304456814 0.5702419015 0.7016131885 0.7385689896 0.8540595247 0.8709890876 0.8236248862 0.6890980949 0.5575754522 0.5207673416 0.3243155364 0.2482676255 0.1999875541 0.1854314287 0.1516832850 0.1658640121 0.1559872001 0.1815190138 0.1417923403 0.1533906234 0.1252215423 0.1218101639 0.1206686757 0.1461487159 0.1247180477 0.1688974790 0.0930940901 0.1306961503 0.1492851130 0.1051981162 0.1855422944 0.1572385118 0.1265362628 0.1183917256 0.1196412263 0.2114064665 0.2182705170 0.3216109344 0.4233218822 0.5436002965 0.6596249149 0.7775219171 0.8462753025 0.8536398488 0.8322305712 0.7402564722 0.6385021189 0.5561527048 0.3226949057 0.2662790666 0.2516372929 0.1898942864 0.1524094311 0.0972471804 0.1326828820 0.1591546252 0.1654843623 0.1866483754 0.1246541047 0.1260692675 0.1306334993 0.1682285335 0.1898282548 0.1249488034 0.1780614457 0.1396120339 0.1311256940 0.1397857139 0.1379097943
0.0948583864 0.1427524158 0.1598542538 0.1234080662 0.1552489262 0.1226816187 0.1753858765 0.2702830741 0.3957866549 0.4479014594 0.5820082600 0.6829372361 0.8410766977 0.8387494440 0.7819561573 0.7212817016 0.5835835570 0.4701477658 0.3420869659 0.2524925562 0.2126020597 0.1629219647 0.1006994703 0.0814147403 0.1089414287 0.0965179774 0.1470522242 0.1085971499 0.1034065297 0.1609529927 0.0792844199 0.1312189231 0.1776480703 0.1582448714 0.1471803081 0.1427676805 0.1461558266 0.1509577485 0.1161449012 0.1346756246 0.1132089132 0.1048551612 0.1414423420 0.1430057688 0.1320748767 0.2272861258 0.3099679532 0.4397379850 0.6119852076 0.7253793510 0.8108060616 0.8082691548 0.7849159682 0.7841232233 0.6069088438 0.4664986081 0.4029840139 0.2984203226 0.2241181367 0.1344181247 0.0682981447 0.1406977244 0.1263503307 0.1639685339 0.1086437138 0.1567708971 0.1029793484 0.1165097581 0.1459262657 0.1659907568 0.1248036277 0.1694804512 0.0466156093 0.0865366091 0.1368439255 0.1428374937 0.1554106140 0.1472745676 0.1450569242 0.1351160771 0.1204807615 0.1406795228 0.1742706431 0.2694892465 0.3150677023 0.4155282860 0.5622313400 0.6532054512 0.7499584833 0.8623414789 0.8417870635 0.7150265467 0.6651445310 0.5441530395 0.4232375536 0.2841696611 0.2342260864 0.1993023424 0.1548461129 0.1455485684 0.1010402492 0.1220019751 0.1566535507 0.1080936684 0.1132492439 0.1125737132 0.0769423184 0.1322268339 0.0929181645 0.1068151490 0.1149835292 0.0652387988 0.1390936139 0.2000074799 0.1179502892 0.1053788666 0.1384533814 0.1586021077 0.1352032169 0.2031107175 0.2149009440 0.1836720149 0.2743296472 0.3745527009 0.4711469578 0.6613401026 0.7607525338 0.8639034382 0.8216280078 0.8332014886 0.7058116458 0.5204140509 0.3872077902 0.2904152575 0.2538185055 0.2119119747 0.1843337237 0.1702428188 0.2239344209 0.1368097203 0.1653639544 0.1861397462 0.1002974394 0.1080183662 0.1507972571 0.2141992144 0.1858431247 0.1506773573 0.1557649720 0.1756882144 0.1104776797 0.0835320790 0.1766236063 0.1361035453 0.1297698105 0.1353621226 0.0577093615 0.1153195237 0.2142771680 0.2167121684 0.2898699225 0.3805246271 0.4999809495 0.6305257231 0.7919584376 0.8300316641 0.8722213756 0.8122530615 0.7510940191 0.5990675641 0.5039466978 0.3785878893 0.2805829392 0.1691345514 0.1450900951 0.1444740764 0.2006132647 0.1370415216 0.1617161997 0.1303123436 0.2168349468 0.1502702294 0.1354751232 0.1595211990 0.1323797370 0.1744045379 0.1723747998 0.1684283024 0.1531685457 0.1590192710 0.1709849283 0.2131971399
0.1298045994 0.1883378263 0.1356552690 0.1322065642 0.0578450895 0.2102759139 0.2486385470 0.2239197020 0.3288087863 0.4868536466 0.6365055358 0.7611472586 0.8246554549 0.8955420847 0.7968537708 0.6266049278 0.6103860969 0.4042611050 0.3264947582 0.2692877307 0.1480164211 0.1455942230 0.1047297738 0.1240027653 0.0914152928 0.1322637205 0.0995193807 0.1006667683 0.1002751269 0.1332558900 0.1067675910 0.0661088708 0.1222950950 0.0892292765 0.0987976650 0.1197011886 0.0989225275 0.1145438187 0.1300808186 0.1534760698 0.1333568054 0.1482722405 0.1583500302 0.1713965186 0.1909926214 0.2657915148 0.3752679280 0.4088213410 0.6664087030 0.7425143186 0.7988608968 0.8668186656 0.8201178836 0.7037488258 0.6454213800 0.4792603785 0.4035904022 0.2629854121 0.2026441501 0.1980508233 0.1791741502 0.1689268798 0.1363858889 0.1268707666 0.1157540689 0.1843808806 0.0910605485 0.1418988123 0.0722363769 0.1053723006 0.0723893047 0.1144295900 0.0983335960 0.0942822020 0.1304783620 0.1141818781 0.0964851348 0.1230249584 0.1060064041 0.1086759513 0.0981110797 0.1671242903 0.1774773493 0.2611366103 0.3083007728 0.4505283026 0.6001215769 0.6990554243 0.7692703862 0.8560122650 0.8058618074 0.7628433634 0.6410616377 0.4819092890 0.4091753165 0.2765039794 0.1878250168 0.1994805622 0.1590421434 0.1161864422 0.1300503177 0.0774498134 0.1081525762 0.1235641240 0.1358334052 0.0985465601 0.1398370960 0.1391760820 0.1229932935 0.1395764747 0.1482219217 0.1172497644 0.1212942951 0.1383395641 0.1378760951 0.0964312514 0.1278077313 0.1489722173 0.1285217861 0.1121698868 0.1607082124 0.2416490450 0.3168009571 0.4013099639 0.5494236712 0.6856503382 0.7901536348 0.8561159166 0.8754976203 0.7624679327 0.6834379494 0.5189362885 0.4485410827 0.3411942405 0.2544029405 0.2085619030 0.1847397725 0.1291212946 0.1714499581 0.1571912651 0.0820717920 0.1516982096 0.1312788276 0.0832408425 0.1803181229 0.1104488492 0.1612325042 0.1449130103 0.1599802689 0.1397554344 0.1031261206 0.1391421267 0.1939557171 0.1367292668 0.1080801931 0.1337547894 0.1576518105 0.1362523237 0.1802673715 0.2354267026 0.2996007571 0.4482409608 0.5501361569 0.6436042319 0.7244684704 0.8731127011 0.8345264724 0.8245354836 0.7453202816 0.6295853226 0.4449218634 0.3745724634 0.2578030954 0.2118489157 0.1444799752 0.1803098005 0.1550904974 0.1521078186 0.1495470571 0.0933960690 0.1994289246 0.1498821850 0.1798969490 0.1330235694 0.1382941331 0.1317003163 0.1492048110 0.1598710689 0.1393677748 0.1731440471 0.1743944202 0.1420729335
0.0993223872 0.1077689095 0.1137436629 0.1240795073 0.1446511669 0.1965404533 0.1881688072 0.2920283267 0.3573568331 0.4844114516 0.5944920572 0.6853493331 0.8301390126 0.8285236716 0.7597482346 0.6810090395 0.5623721377 0.4279435958 0.3302972373 0.2625095664 0.1804563219 0.2150406357 0.1096032529 0.1143292696 0.1269060797 0.1862547977 0.1338186891 0.0999195039 0.1151522570 0.1090346513 0.1037367938 0.0730862272 0.1315286345 0.1051501852 0.1112420877 0.1272200082 0.1145803213 0.0932741693 0.1146547054 0.0894612345 0.0895953184 0.1234626570 0.1392695668 0.1972022805 0.1752625793 0.2348848420 0.3474376589 0.4563570828 0.5836862699 0.8087866416 0.8114328221 0.8728065537 0.7843124609 0.7699283390 0.5765907777 0.4652319323 0.3463723992 0.2894742905 0.2231288819 0.1792599502 0.1656354391 0.1738586159 0.1446656183 0.1098356992 0.1373000715 0.1506437113 0.1125645832 0.0839826356 0.1314032889 0.1080847940 0.1367927954 0.1502112356 0.1031859496 0.1215232762 0.1283070225 0.1160723756 0.1104838770 0.1374623060 0.1432362866 0.1186554289 0.1512134497 0.1575208278 0.1864249753 0.2645471896 0.3100264449 0.4656910358 0.5931966679 0.6837764120 0.7406419230 0.8564361138 0.8221355355 0.7985412372 0.6157185484 0.4973465011 0.4145552031 0.3394670807 0.2185182706 0.1821066536 0.1116735892 0.1209177763 0.1258477194 0.1436440980 0.1320956417 0.1429428722 0.1533083406 0.1133505897 0.1489082409 0.1364442448 0.1158307821 0.1254671677 0.1134723407 0.1160534901 0.1339710191 0.0862928049 0.0680465670 0.1128869116 0.1477773299 0.1367367253 0.1380109719 0.2250131603 0.2072671840 0.2440975381 0.3231078271 0.4482217081 0.5246123529 0.6666648054 0.7781543197 0.8415830518 0.8665625312 0.7393109130 0.6385008658 0.5493241915 0.4043300461 0.2932067910 0.2181240428 0.1893013037 0.1563457073 0.1473936825 0.1584847966 0.1397378430 0.1376871424 0.1492679663 0.1672524848 0.0887620826 0.1244762647 0.1484194148 0.1305433509 0.1413188174 0.0993235383 0.1526524271 0.1606642050 0.1391514606 0.1368526175 0.0778526157 0.1198319444 0.0676521739 0.1789753856 0.1596107291 0.1926911432 0.1781209227 0.3042671378 0.3649183097 0.5190037470 0.6147513383 0.7927328462 0.8905034601 0.8335464376 0.8192585915 0.7183355689 0.5813176003 0.4653043828 0.3420080986 0.2584634296 0.2710584223 0.1476092199 0.2044714322 0.1662954300 0.1167186001 0.1767549344 0.1269506531 0.1260249888 0.1567457083 0.1482499147 0.1084488679 0.1322767300 0.1678451824 0.1499180190 0.1436499583 0.1092908002 0.1082523588 0.1387624921 0.1663300247
0.0657654145 0.0835305697 0.1340144602 0.1224534563 0.1919741501 0.1400723290 0.2180473701 0.2496131381 0.3868970290 0.4714321485 0.6272907651 0.7180992758 0.8276730339 0.8628651729 0.7472057668 0.6571121115 0.5351841283 0.4355909669 0.3278785388 0.2525393577 0.1659795340 0.1213031261 0.1808750667 0.1211643880 0.1341008393 0.1271022593 0.1048712706 0.1081334924 0.0880630343 0.1494979623 0.1548020422 0.1216998642 0.1533078287 0.1479864097 0.0676837463 0.1450757227 0.1458914264 0.0469392582 0.1502741019 0.1755343109 0.1024586687 0.1641662556 0.1617862520 0.1285069903 0.2161354063 0.2873747809 0.2969787076 0.4716108324 0.6205040784 0.7368357759 0.8065479554 0.8056652112 0.7959175113 0.6999686161 0.5919057852 0.4774313803 0.3112128611 0.2569166433 0.2119438115 0.1721078310 0.1724633584 0.1097635197 0.1315117979 0.1212063106 0.1519859852 0.1337851389 0.1560325625 0.1144723398 0.1434495654 0.1522525322 0.0857210706 0.1737894449 0.0473503602 0.1475497983 0.1093417630 0.1643982443 0.1847014689 0.1490159680 0.0988947482 0.0713287135 0.1286562731 0.1733273884 0.2069020116 0.2500287006 0.3486887626 0.4829887566 0.5783301998 0.7111751534 0.8193940901 0.8176801097 0.8696778248 0.7518472283 0.6679895420 0.4767494432 0.3655118606 0.2696035840 0.2463630899 0.1425819723 0.1480356841 0.1560713105 0.1206332033 0.1587790548 0.1537419362 0.1063453827 0.0810357188 0.1572641954 0.0864422707 0.0961027084 0.1562487607 0.1198664576 0.1626795553 0.1280693292 0.1315310897 0.1115203518 0.1177936612 0.1419257198 0.0706028756 0.1144031662 0.1770854970 0.1803599813 0.2091578675 0.2532848418 0.3387768713 0.4854124103 0.5205775628 0.6485654174 0.8321432976 0.8379452828 0.8025749860 0.8209062818 0.6368798777 0.5343006733 0.4452133439 0.2683018099 0.2038706208 0.1789631887 0.1379012280 0.1354941144 0.1182536029 0.1281870813 0.1435338485 0.1500429079 0.1309320336 0.1516669490 0.1484224973 0.1507583438 0.1290993822 0.1485938438 0.1099625283 0.1822609360 0.1210238501 0.1293716932 0.1578989305 0.1481487567 0.1703774988 0.0874365586 0.1210161049 0.1253033037 0.1975268177 0.2308979659 0.3405222199 0.3871558145 0.5563494593 0.6554404007 0.7737024225 0.8469090371 0.8779181979 0.7775082012 0.7087016522 0.5583112972 0.4607312301 0.3029067409 0.2634224986 0.1629983783 0.1378506346 0.1144261213 0.1470335158 0.1395371537 0.1114021680 0.1963161756 0.1455136243 0.1305302920 0.1258307618 0.1469089838 0.0782609040 0.1344847714 0.1723193950 0.1093390617 0.1608914526 0.1666658114 0.2000614442 0.1947896454
0.1509552332 0.1023669332 0.1449876483 0.1609256472 0.1292855073 0.1065364694 0.2106195556 0.2668907568 0.4283026688 0.5240065160 0.6379663834 0.7298909708 0.8427260921 0.8001905497 0.7622433532 0.6266068204 0.5338708889 0.4425602087 0.2844754769 0.1863319492 0.1908672554 0.1558779510 0.1453349829 0.1379547715 0.1164753963 0.1097035450 0.1221574641 0.1234134007 0.1224908077 0.1173705898 0.1877112912 0.1408771192 0.0969339509 0.1141425030 0.1418929804 0.1902015127 0.1466637028 0.1168873320 0.1681808337 0.0290479525 0.1565825679 0.1502446006 0.1122069298 0.1517795542 0.2087281489 0.2452443183 0.3116933190 0.5042851797 0.6283007299 0.7344186152 0.8584813377 0.8670734162 0.8118025211 0.7035487258 0.6174158596 0.4756669193 0.3323572257 0.2376352315 0.1546956138 0.1336474122 0.1361921722 0.1096905185 0.1016190150 0.1234819343 0.1285759236 0.1210966508 0.1357760153 0.1245719390 0.1010037639 0.1125468638 0.1143410902 0.1309103396 0.0772649552 0.1727515337 0.1610896261 0.1289783598 0.1766061845 0.1098648894 0.1085474817 0.1243445553 0.1186303859 0.1059114986 0.2273059761 0.2883339475 0.3303600007 0.4735124413 0.5902151103 0.6768607940 0.7602760134 0.8771509778 0.8352502993 0.7571299614 0.6406146271 0.5326615886 0.3628100661 0.2531605107 0.2036281521 0.1180529509 0.1390937667 0.1103347558 0.1229823132 0.1118664026 0.1838655433 0.1555744726 0.1280937522 0.0996174780 0.0820240878 0.1225826447 0.1748032627 0.1187193130 0.0974462641 0.1569077572 0.1141940737 0.1113388007 0.1656544154 0.0724663062 0.1556182837 0.1560588684 0.1991965031 0.1819948534 0.2109173541 0.2264757776 0.3156809583 0.4038984007 0.5689285854 0.6889792008 0.8297645476 0.8987980857 0.8361756422 0.7539264684 0.6835679739 0.5347121447 0.4321511923 0.2992611243 0.2208777201 0.1391679400 0.1811942742 0.1576213980 0.1774243118 0.1418492375 0.1084508866 0.1458227594 0.1007527932 0.1436617008 0.1316147712 0.1219679777 0.1790191458 0.1898322967 0.1889776587 0.1423260186 0.1447427179 0.1042961877 0.1557188658 0.2076778621 0.1469669239 0.1781831259 0.1169031127 0.1816089292 0.1914122783 0.1943542501 0.3315468957 0.3844701627 0.5297597281 0.6599260845 0.8023560499 0.8457908294 0.8517149825 0.7761701194 0.6338701323 0.5987092032 0.4064056880 0.3572393867 0.2608043634 0.2053552413 0.1972125732 0.1522213673 0.1319035981 0.1276165050 0.1007694043 0.1205225182 0.1814041103 0.1492495934 0.1469234134 0.1252962227 0.1292638658 0.1826338453 0.1201662641 0.1827516026 0.0998736815 0.1688926112 0.0645481548 0.1496994330
0.1340378466 0.0850131077 0.1320998787 0.1519743646 0.1520835724 0.2055020079 0.1916760378 0.3151591262 0.4190175860 0.5045088865 0.6662481427 0.8297018670 0.8415535337 0.8363198549 0.7197016613 0.7200171111 0.5164948938 0.4398517904 0.3398029865 0.2392255773 0.2090425533 0.1315404475 0.1828134145 0.1354147145 0.1755846959 0.0695133689 0.1661660970 0.1095433208 0.0888622101 0.1501356968 0.1438179470 0.1210038440 0.1536290050 0.1058631850 0.1535996857 0.1037747535 0.1208977040 0.1562159521 0.0742512111 0.1274896776 0.1465434630 0.1659837434 0.1508397297 0.1385889313 0.2081682159 0.2902348138 0.4052844077 0.4820755484 0.6349071652 0.6882231165 0.8064842895 0.8717954611 0.8547068993 0.6993466934 0.6091535460 0.4769909610 0.3878128145 0.3149493163 0.1956647341 0.1956714414 0.1687417432 0.1490935661 0.0952313190 0.1205368319 0.1063068724 0.1244257413 0.1448772914 0.1672190115 0.1493229937 0.1402351553 0.1198729536 0.1514739306 0.1052382227 0.1303589462 0.1539790651 0.1328047055 0.1638035832 0.1650778278 0.1594093731 0.1467305594 0.1806306517 0.1707467581 0.1694995883 0.2502489278 0.3803816355 0.4785506580 0.5968364334 0.7777904379 0.8125652742 0.8553896529 0.8204465356 0.7313988477 0.6358952724 0.4961788019 0.3475814841 0.2779329596 0.2144535681 0.1975403104 0.1541751499 0.1454795907 0.1346085211 0.1044616202 0.1641923319 0.1244881636 0.1098030527 0.1199454954 0.1459439018 0.1627675319 0.1638885703 0.1752460245 0.1381775023 0.1553177881 0.1705698265 0.1508724092 0.1100169645 0.1401034517 0.1701435025 0.1126482228 0.2020201939 0.1435658469 0.1873168342 0.2385079676 0.3609452044 0.4506123192 0.5468519729 0.7486424715 0.7913841194 0.8725474635 0.8261944761 0.7750314204 0.6534780158 0.5070056148 0.4030676269 0.3319495842 0.2374694236 0.2380985963 0.1949497462 0.1156060817 0.1508596889 0.1514435700 0.1568387784 0.1167735075 0.1514587880 0.1289301518 0.0896514253 0.1397444994 0.1614158333 0.1697291458 0.1231499069 0.1394851970 0.1403154421 0.2044412085 0.1124715158 0.1467867995 0.1415175136 0.0929711845 0.1262454915 0.1616949535 0.2325828320 0.2571728775 0.3183230868 0.3917344196 0.5605124901 0.6713432582 0.8421258372 0.8109500337 0.9000039924 0.8024590439 0.6528121895 0.5569859814 0.4645887870 0.2529250799 0.2339303695 0.1924352323 0.1256629959 0.1700250848 0.1710429784 0.1348507533 0.1278891364 0.1539386012 0.0799911631 0.1245598906 0.1491084127 0.1750629443 0.0995944847 0.1766084759 0.1366258467 0.1672449403 0.1710351731 0.1566074321 0.1976800171 0.1625517388
0.1699243122 0.0836391117 0.0807379565 0.1415023730 0.2064687997 0.1842043816 0.2226544906 0.3075455629 0.3987642453 0.5202466454 0.6592684427 0.7771033641 0.8213299322 0.8160592717 0.7654228675 0.6143118607 0.5366698837 0.4343316863 0.2737028924 0.2262254595 0.2428757210 0.1828402866 0.1757845524 0.1642371162 0.1535151053 0.1556189537 0.0954205223 0.1463941172 0.1579392093 0.0800597907 0.1490861601 0.1810863799 0.1070791371 0.1203125729 0.1247733621 0.1340160848 0.1320431089 0.1432974606 0.1054618573 0.1135845924 0.0962136541 0.1030715241 0.1532964957 0.1834317021 0.2086730539 0.2824266652 0.4075858355 0.4931153280 0.6539944336 0.7490412375 0.8216438164 0.8746838328 0.8910240066 0.7571970850 0.5651426782 0.4576947903 0.3445499560 0.2366362792 0.2006531825 0.1209956211 0.1420722065 0.1463854300 0.1218989493 0.1222794733 0.1620003660 0.1316790329 0.1550901024 0.0809243628 0.1210764727 0.1289899802 0.1529145890 0.1411786584 0.1052177463 0.1182303863 0.1331549083 0.1023901938 0.1459784875 0.1598746015 0.1513619291 0.1639461942 0.1323590531 0.1978145530 0.2646117524 0.3081596443 0.3657666532 0.5155537441 0.6139726196 0.7245205521 0.8239108326 0.8644122650 0.8173205414 0.7470264557 0.6015477252 0.4701168873 0.3363528217 0.3044044047 0.2294726049 0.1560435231 0.1479537634 0.1824646267 0.1267309607 0.0883853164 0.1310692953 0.1484382164 0.1676024898 0.1738950068 0.1309338545 0.1522106577 0.1081221247 0.1586548382 0.1082991105 0.1648505718 0.1877167562 0.1004252446 0.1221281098 0.0839637796 0.1779184352 0.2045420459 0.2145381372 0.1916593596 0.2202849977 0.2207585993 0.3790874931 0.4952212664 0.5837435224 0.7313686556 0.8570946699 0.8468548065 0.8351011464 0.7627920541 0.6288007869 0.5261265538 0.3653945921 0.2936711169 0.2384045828 0.2195971282 0.1528064759 0.2067114466 0.1807548190 0.1581510677 0.1917122762 0.1982163033 0.1545866249 0.1459018348 0.1571112310 0.1420781664 0.1545048980 0.1541672470 0.1044235709 0.1771721736 0.1258950036 0.1773421804 0.1680424922 0.1607649107 0.1390856888 0.1723871559 0.1640012449 0.1464183962 0.1659357553 0.3061179086 0.3180589706 0.4728523779 0.6020393471 0.7340025519 0.8252155782 0.8234555353 0.8790683085 0.8092829802 0.7313288769 0.5255164010 0.4652302396 0.3637380339 0.2523929965 0.1826466546 0.1651749734 0.1718927216 0.1588999979 0.1794132654 0.1572613767 0.1898321902 0.1770283341 0.1970151918 0.1481685078 0.1692665852 0.1928361217 0.1544568193 0.1169285306 0.1711315119 0.1410431672 0.1517155438 0.1950283215 0.1732175915
0.1419447898 0.1448852227 0.1226416624 0.1377204880 0.1380150564 0.2359696024 0.2431036596 0.3270847756 0.4260129160 0.5195674939 0.7155866373 0.7919790768 0.8431185363 0.8132782545 0.7608547641 0.7046295189 0.5519968626 0.4333870364 0.3399580972 0.2637834233 0.1673493855 0.1898047914 0.1627950726 0.1482430893 0.1256612693 0.1533173116 0.1619523517 0.0855384355 0.1230894533 0.1963284775 0.1845212208 0.0827777038 0.1553197055 0.1660176619 0.1679320574 0.1682495838 0.1456456781 0.1528646232 0.1241658321 0.1267110195 0.1457200027 0.1821072601 0.1960959455 0.2113299360 0.2232757990 0.3237498505 0.4342088760 0.4797619616 0.6650119489 0.7758178344 0.8619339061 0.8361785048 0.8127835835 0.7035993981 0.6113359314 0.4632701916 0.3331933643 0.2325705565 0.2135391638 0.1718572412 0.1433812333 0.2023683376 0.1248765808 0.1902212106 0.1515678940 0.2025840265 0.1540354567 0.1488327509 0.1354440094 0.1599069881 0.1288081521 0.1249080813 0.1168228388 0.1363057863 0.1754528245 0.1466002567 0.1159004035 0.1797340748 0.1583733931 0.1854555213 0.1278672828 0.1853248454 0.2253281359 0.3702279312 0.3961802247 0.4945604346 0.6286685219 0.7473134721 0.8192860515 0.8904347478 0.8549492296 0.7441827763 0.6250118336 0.4173477105 0.3708290699 0.2952940777 0.2546350433 0.2063155460 0.1953622479 0.2092487211 0.1398312748 0.1786713173 0.1803307491 0.1657863793 0.1321195358 0.1274953486 0.1424879731 0.1400785416 0.1990333861 0.1731628261 0.1978434992 0.1511951844 0.1651582527 0.0985901440 0.0971463023 0.1649347459 0.1918313531 0.1632507474 0.1563369514 0.1946188541 0.1603247262 0.2654969553 0.3752410820 0.5210231570 0.5931880061 0.7237447260 0.8827228144 0.9084640136 0.8738901118 0.7601499584 0.6489869654 0.5330268001 0.4087141339 0.2950095875 0.2311472932 0.1932465379 0.1500503979 0.2186565843 0.1525080129 0.1271502532 0.1601629917 0.1299261855 0.1712077313 0.1775734044 0.1929691282 0.2055360788 0.1516812985 0.1374159323 0.1209788229 0.1512315176 0.1430007541 0.1501467777 0.1829479244 0.1524079968 0.1441790599 0.1882867041 0.1545876964 0.1736136859 0.2648473834 0.2484271950 0.3152766504 0.4957064909 0.5861300566 0.6958124535 0.7612885155 0.8566725775 0.9008511189 0.8350006181 0.6708256057 0.5736848454 0.4349037335 0.3574958053 0.2334895503 0.2092482275 0.2269179003 0.2007279485 0.2103616104 0.2065873397 0.1404065550 0.1599329337 0.1596281687 0.1468720367 0.1462264236 0.1532093266 0.1398860780 0.0847621263 0.1510124122 0.1729398036 0.2071829980 0.1813953985 0.1545007434 0.1317744068
0.1812958490 0.1497287766 0.1506983846 0.1544176686 0.2014419693 0.1377020318 0.2280442126 0.3320403811 0.4285374479 0.6264716817 0.7387087269 0.7829745012 0.8742315998 0.8073506510 0.7828548091 0.6005506139 0.5596579252 0.4708917509 0.3382801009 0.2812424372 0.1874713743 0.1968540224 0.1485758047 0.1391512944 0.1364138952 0.1935404167 0.1553988603 0.1459394779 0.1082789653 0.1481891266 0.1508572430 0.1356898142 0.1347657816 0.1248052021 0.1452997050 0.1602224962 0.1240038296 0.1732476849 0.1799311931 0.1809418739 0.1928148920 0.2067112364 0.1624378454 0.2194303957 0.2849848321 0.3269860761 0.4030457376 0.5176549709 0.6610279732 0.7838668485 0.8356396979 0.8552144089 0.7901514698 0.7434447970 0.5630944097 0.4401616904 0.3512493795 0.3095151616 0.2351461583 0.2070978377 0.0846277858 0.1550827412 0.1483384938 0.1703831649 0.1291515410 0.1511956229 0.1348213838 0.1582324518 0.1600602877 0.0990197213 0.1433684930 0.1225106439 0.1789291580 0.1399883366 0.1280562552 0.1613035895 0.1635282317 0.1777726309 0.1426886545 0.1413301290 0.2218829219 0.2330557311 0.2269122327 0.2793694882 0.3688563197 0.5179040251 0.6471576893 0.7597204499 0.8628230701 0.9113769416 0.8223209299 0.7024549750 0.5927761737 0.4270811269 0.3716871540 0.2612679244 0.2096542899 0.2001301948 0.1696084245 0.1686133389 0.1097304266 0.1898821865 0.1774512775 0.1834462920 0.1355930583 0.1032796449 0.2131514169 0.1649628315 0.1643163390 0.0935897096 0.1754303105 0.1600534333 0.1962766310 0.1635563930 0.1612915376 0.1557482723 0.1551072038 0.1687822464 0.1729367388 0.2243263649 0.2065618765 0.2754183196 0.3702130309 0.4862406877 0.6318860662 0.7021537837 0.8546812094 0.8902076814 0.8371536295 0.7135935078 0.5839096616 0.5318287700 0.3946571804 0.2952491940 0.2253061343 0.2042098832 0.1541099534 0.1561751601 0.1703388653 0.1687692925 0.0870961807 0.1660591971 0.1902048349 0.1644848615 0.1792975665 0.1376187895 0.1607251358 0.1680000205 0.1941010517 0.1819226931 0.2023408137 0.1750459106 0.2087618795 0.1627247251 0.1916672278 0.1598748169 0.0987060002 0.2349045605 0.2428922793 0.3034930966 0.3983241922 0.4684130499 0.5958183104 0.6929719552 0.7984342402 0.8750911268 0.8998733473 0.7823627914 0.7520959096 0.5323312752 0.4048714434 0.2682590068 0.2677564670 0.2445670166 0.2423467959 0.1699973427 0.2107522667 0.1979515187 0.1748213935 0.1591978696 0.1843778852 0.1061453850 0.1935990135 0.1903231988 0.1771543938 0.1569206478 0.1901158557 0.2120046956 0.2130322926 0.0911331105 0.1522165804 0.1374366694
0.1507966389 0.0967257196 0.1519696129 0.1679701487 0.2119288666 0.2526357164 0.2704743354 0.3373239237 0.4634020316 0.5670624828 0.7014134357 0.8144393655 0.8757976285 0.9081870362 0.7300043596 0.6792640561 0.5177003251 0.4034682364 0.3366723707 0.2246191757 0.1908821918 0.1553137099 0.1470819991 0.1165133510 0.1455451028 0.1692568494 0.1872434061 0.1667484972 0.2012760478 0.1551115963 0.1392673929 0.1523651544 0.1712659672 0.1439505291 0.1563929795 0.1955806792 0.1269623955 0.1395765568 0.1398923935 0.1735183126 0.1595197408 0.1397524542 0.1431080644 0.1647077018 0.2757167578 0.3405461547 0.4646046816 0.5829723485 0.6985364166 0.8328654444 0.8441176846 0.9114504733 0.8015138410 0.6984901845 0.5245416513 0.4672348167 0.3599979891 0.3192855418 0.2035652498 0.1903614525 0.1656336849 0.1741379866 0.1808460497 0.1748924341 0.1567815732 0.1740272111 0.1375313257 0.1917509327 0.1991957241 0.1586548859 0.1343793147 0.1654533721 0.1562354270 0.1619084993 0.1486646230 0.1620146186 0.1989580054 0.1339855288 0.1666915894 0.1902176259 0.1338946730 0.1930938813 0.2726505280 0.2837922871 0.4300001244 0.5775415191 0.6986855712 0.8172792483 0.8720912817 0.8723416456 0.8709219650 0.7251924395 0.6263451910 0.5080184398 0.3704563762 0.2500061026 0.2166719320 0.2201468501 0.1610874130 0.1753445199 0.1708033816 0.1291211766 0.1674574672 0.1821862288 0.1745512254 0.1906804142 0.1819936327 0.1634284425 0.1374157251 0.1664197465 0.1845993698 0.1706235233 0.1536166017 0.1721117706 0.2122499014 0.1908917600 0.1622922901 0.1857981386 0.1808946453 0.2212727614 0.2210670092 0.2729390743 0.3937230559 0.4774665606 0.6299343718 0.7081026309 0.8755875929 0.8655224331 0.8501414570 0.7679592620 0.6459817295 0.5690851012 0.4107303678 0.2902005788 0.2339469128 0.1978814388 0.2163131383 0.2080175164 0.1759291603 0.1434703737 0.1657350169 0.1803932040 0.2113790306 0.2006057818 0.1666180898 0.1633609647 0.1957278024 0.1552635657 0.2048042748 0.2609553345 0.2359612796 0.1940487615 0.1221030513 0.1932940954 0.1772986234 0.1580127591 0.1566436024 0.1923157409 0.1755429992 0.2290917869 0.3592189583 0.4425424233 0.6455376038 0.7734293568 0.8743913278 0.9442888070 0.8895977791 0.7988785905 0.6799657704 0.5366856493 0.4890452976 0.3339085545 0.2492383694 0.1566423631 0.2182778354 0.1782343790 0.1164502202 0.2054866315 0.1726948285 0.1327123721 0.1746165200 0.2000978662 0.2140663716 0.1843071255 0.1204778539 0.1641801547 0.1666264461 0.2080699147 0.1479998881 0.1817512831 0.2133512954 0.2066440600
0.1413116269 0.2000682296 0.1495398577 0.1999367320 0.1963622119 0.2447671592 0.3206784306 0.3577416470 0.4518522129 0.6017624635 0.7155869329 0.8159034435 0.8952068377 0.8625545637 0.7748633436 0.6660658612 0.5048924900 0.4419297065 0.3025305135 0.2475300849 0.1780673326 0.2075154097 0.1524071902 0.1386194448 0.1569275737 0.1809782726 0.1475911221 0.1822186565 0.2020975929 0.1492991719 0.1577268597 0.1648597672 0.1916459120 0.1731106535 0.1872126240 0.1428785581 0.1017501331 0.1767571782 0.1847016634 0.1205152944 0.1747866526 0.1593108658 0.2109605139 0.1930818474 0.2409507748 0.3262323998 0.4518328535 0.5662677803 0.7278008310 0.7756643792 0.9719776910 0.8478644548 0.8209239455 0.6844256601 0.5970682342 0.4602272851 0.3574636771 0.2678699408 0.2340404674 0.2455468950 0.1570337947 0.1649813658 0.1562231557 0.1695904573 0.1787327841 0.1452305743 0.2263404400 0.1896423487 0.1758725194 0.1210481183 0.1523656672 0.2029921132 0.1749807002 0.2009218395 0.1655852914 0.1734780070 0.1821325514 0.1807474167 0.1925689644 0.1812047287 0.1651109361 0.1508477628 0.2611029787 0.3200787177 0.3823964211 0.5560195110 0.6593280304 0.8100778515 0.8465500364 0.8835010974 0.8487409631 0.7388515994 0.6449900562 0.4597003930 0.3221369799 0.3073812127 0.2933443628 0.2013934391 0.1809942374 0.1532169332 0.2109033300 0.1785405698 0.1852139945 0.1888662528 0.1855971427 0.1362828555 0.1067423778 0.1371298787 0.1716520140 0.1655800448 0.1571061558 0.1448044420 0.1329019054 0.2102998948 0.1389193309 0.1603889802 0.1706438156 0.1717822188 0.1846901593 0.2129831933 0.2567391507 0.2814385865 0.4232254339 0.5105526270 0.6552077449 0.7317583565 0.8515565656 0.8879511354 0.8585220602 0.7174430086 0.6537178816 0.5327875255 0.3981946270 0.3441030385 0.2371741736 0.1782769144 0.1591402652 0.2302784979 0.2624209241 0.1555449870 0.1739611090 0.2048692661 0.1602167128 0.1474908073 0.1600054408 0.2042803107 0.1474695178 0.1410061394 0.1600102544 0.1592990658 0.1806639575 0.1339994029 0.1819420898 0.1531322011 0.2012225867 0.2341829096 0.1655912087 0.2158220651 0.2315407094 0.3145450198 0.3898458902 0.5099320232 0.6037184329 0.7464693188 0.8830804602 0.8375633322 0.8924967681 0.7384829538 0.6562417306 0.5317047629 0.4661403626 0.3449243577 0.2353789193 0.1695950020 0.2153848890 0.1795384765 0.2020211000 0.1787389112 0.1917238233 0.1243962814 0.1993851002 0.1632835244 0.1504595082 0.2207060629 0.2061329471 0.1566220948 0.1587245587 0.1938861068 0.1508544205 0.1735043868 0.2004530818 0.1596447845
0.1328408451 0.1484404992 0.1597033372 0.1471026361 0.1711336486 0.2239081261 0.3261366513 0.3348094462 0.4922802863 0.6182543127 0.7893400467 0.8204420657 0.9014484368 0.8812995709 0.7349474780 0.6576086921 0.5304272982 0.3978958090 0.3430297443 0.2487054472 0.1913261473 0.1622501516 0.1003062072 0.1380363834 0.1120913506 0.1297645555 0.1611650304 0.2024073962 0.1840918525 0.1503402973 0.1393908542 0.1699854061 0.2060753486 0.1121396594 0.1589643280 0.1353145590 0.2257845114 0.1435757494 0.1142647903 0.1871137536 0.1822885969 0.1896294002 0.2349472693 0.1986565490 0.2506061641 0.3760468009 0.4676180128 0.5843118247 0.7054819073 0.8130480132 0.8722840693 0.8754045887 0.8196209644 0.6287125762 0.5954646894 0.4361445538 0.3951221738 0.2618382335 0.1981288274 0.2019501752 0.1843850167 0.1576922310 0.2107169330 0.1028019134 0.1814319819 0.1457607094 0.1969238800 0.1609157122 0.1752919170 0.2062925165 0.1604031675 0.1912225896 0.1675954278 0.1787022451 0.1681698700 0.2073786980 0.1758425317 0.1357997915 0.2344730525 0.1558687786 0.1756777548 0.2237065586 0.2728564561 0.3744708047 0.4305501414 0.5286371784 0.6835888712 0.7870790361 0.8999896926 0.8428376512 0.8349027796 0.6851419796 0.6129956357 0.4739000793 0.3821600852 0.2755772237 0.2190864789 0.1959946410 0.1327166832 0.2062588258 0.1559245807 0.2071122255 0.1674047119 0.1830692106 0.1569335302 0.2214215383 0.1878805238 0.1940507125 0.1929121247 0.1259848257 0.1596115677 0.1681474527 0.2289358364 0.1993790816 0.1811303304 0.2289029609 0.1675126278 0.1352507397 0.2386013392 0.2401732826 0.2448188916 0.3247295683 0.3903775352 0.5622058549 0.6624007933 0.7617135777 0.8619734128 0.8760114168 0.8759040475 0.7889344396 0.6282381745 0.5113476918 0.4110251121 0.2604101633 0.2471494977 0.2267906263 0.2700490705 0.1928988162 0.1694547736 0.1529404467 0.1649345209 0.1361314630 0.2049754031 0.1678132351 0.1732207569 0.1734401090 0.1480103680 0.1480701195 0.2271616195 0.1842402360 0.1556051216 0.1843880854 0.2097761272 0.1735717810 0.1441353264 0.1973268700 0.2484441000 0.2411103188 0.3198770594 0.3329584409 0.4001526657 0.5434926051 0.6489627559 0.7647876074 0.8699364063 0.9100405212 0.9030944783 0.7855805140 0.6534201467 0.5345100545 0.3755369249 0.3065945407 0.3208371533 0.2164284104 0.1872115177 0.1873839861 0.1935799132 0.2186854999 0.1979631413 0.2000221222 0.1721219168 0.1619601272 0.2033178100 0.2072870473 0.1628446681 0.2352329228 0.1648563069 0.1403186628 0.2127520564 0.1836273968 0.2456811789 0.2291364710
0.2270223476 0.1811728249 0.1510422797 0.1948789769 0.2379291569 0.2310682522 0.2891572058 0.3825616415 0.4819339113 0.6030050878 0.6883886470 0.8316630242 0.8658780126 0.8198362864 0.7699246530 0.6030844793 0.5736296644 0.4392432368 0.3484438259 0.2812135284 0.1748261788 0.1411322212 0.1854809120 0.1335751601 0.1336091300 0.1488562714 0.1444219303 0.1250501440 0.1556238114 0.1333912836 0.2130149036 0.1181730943 0.2091669633 0.1338268387 0.1199732060 0.1359787771 0.1629764615 0.1451709471 0.1409935129 0.1100394611 0.1949137289 0.1720243650 0.2173041490 0.2437676483 0.2884860218 0.3305255050 0.4256998654 0.5546555582 0.7417119883 0.8102802194 0.8822636816 0.8488208420 0.7554868328 0.6941452609 0.5748595889 0.4634277057 0.3343868356 0.2805905181 0.1767100319 0.1613840790 0.2718666470 0.1462873565 0.1371767259 0.1409496730 0.1739426488 0.1738848652 0.1983897159 0.1243944029 0.1397860816 0.1855206890 0.1517479740 0.1629486198 0.1742900484 0.1331543927 0.2101228584 0.1452796052 0.2174567752 0.1800298674 0.2089487075 0.1646607714 0.2181606345 0.2175599809 0.2458793635 0.3599900924 0.4278473833 0.5619960872 0.6720998738 0.7598848175 0.8931137933 0.8584589776 0.8315500091 0.6755609024 0.5950074915 0.4232619985 0.3328616720 0.2827787367 0.2428261777 0.2550770898 0.2263246432 0.1426221247 0.1891710990 0.1940824441 0.1269330333 0.1166976436 0.1663214744 0.2654862122 0.1393639098 0.1580876320 0.1659078650 0.1721121746 0.1793635850 0.2307473557 0.1383640009 0.2070962279 0.1760351017 0.1582347376 0.1514809419 0.1960102362 0.1386898661 0.1701781016 0.2223555135 0.3118130188 0.4099555523 0.5798751119 0.6748024356 0.7696146346 0.8682525117 0.8845168162 0.8109569784 0.7748215574 0.6163807413 0.4789678229 0.3955315012 0.2386878348 0.2567502802 0.2362306298 0.2218665768 0.1463366815 0.1785595418 0.1598295944 0.2172975260 0.1453854385 0.1763340422 0.2040400574 0.1262169682 0.1312086452 0.2170990802 0.1790422434 0.2109438823 0.1708505260 0.1876933963 0.1455327170 0.1940235947 0.1525208840 0.1652717694 0.1469307640 0.2048397982 0.2526001679 0.2726106238 0.2619365805 0.3767267854 0.4944228957 0.6380771929 0.7886655159 0.8444937282 0.8888241532 0.8916071971 0.7591783093 0.6229870841 0.5422606186 0.3981677886 0.3531274172 0.2991256620 0.2014671952 0.1728814313 0.1941766138 0.2054059668 0.1710517652 0.2192051616 0.1685122114 0.1843456505 0.1771950720 0.1457649937 0.1994578924 0.1683866834 0.1891571922 0.1795065119 0.1767670597 0.1309466075 0.1777895215 0.1894520903 0.1333923183
0.1537608301 0.1332956001 0.1807117194 0.1296976204 0.2009223028 0.1756644313 0.2902462648 0.3378852116 0.5000652988 0.6299740642 0.7515387885 0.8199319417 0.8464166071 0.8822512643 0.7629263696 0.6565336975 0.5111959404 0.3342072705 0.2765614469 0.2689897025 0.2076818191 0.1601440481 0.1759673575 0.1589192192 0.1095769232 0.1387888565 0.1607845237 0.1903396963 0.1683831744 0.1299234593 0.1588425531 0.1686234496 0.1345671617 0.1508631397 0.1581661916 0.1416967529 0.1848377593 0.1786591040 0.1569424555 0.1559675782 0.2053660728 0.1777807706 0.1520934270 0.2219144221 0.2984749552 0.3844923409 0.4909555862 0.6073452127 0.7256113709 0.8072396587 0.8807517011 0.8265032484 0.8075375912 0.6880395626 0.5047919039 0.4378428188 0.3252552949 0.2370567152 0.1793165945 0.1972669385 0.1498574457 0.2006331499 0.1495125391 0.1891641883 0.1177937063 0.1966813216 0.1294804860 0.1869167089 0.2090625842 0.1399897342 0.1482392900 0.1438165478 0.2029734031 0.1674912061 0.1625079472 0.1691695660 0.1588577581 0.1390901377 0.1648428031 0.1677357605 0.1622676244 0.2093227475 0.2293692151 0.3549239353 0.4534158666 0.5405121118 0.7209498572 0.8309421732 0.8866629563 0.8772643158 0.7869126025 0.7193121541 0.6164354768 0.5167675612 0.3773254325 0.2171458778 0.2028519301 0.1740181085 0.2305187055 0.1865155644 0.1746105688 0.1400665402 0.1678276701 0.2095260442 0.1707211149 0.1479929012 0.1790882815 0.1779080451 0.1171244640 0.2097621492 0.1642034561 0.1964012933 0.1772569245 0.1893476313 0.1619583035 0.1144154097 0.1878815733 0.1444777978 0.2190079615 0.1848172245 0.2361220957 0.3659045336 0.4342948283 0.5389277714 0.6868609404 0.8022732604 0.8723262845 0.9312722788 0.8617877279 0.7513928186 0.5850659154 0.5198909306 0.3487632574 0.2986477222 0.2980730878 0.2047092942 0.1760273380 0.1670507316 0.1521350199 0.1697980610 0.1890268767 0.2291573100 0.2016339650 0.1700384334 0.1617035484 0.1805988226 0.1599849608 0.1639364220 0.1934094823 0.2134160252 0.2006417096 0.1778663106 0.1454794974 0.2010152280 0.1340074327 0.1993644661 0.1970432133 0.1986152677 0.2664721281 0.3135360659 0.3704242556 0.5320647568 0.6693325278 0.7910384908 0.8715646170 0.8975864079 0.8424452052 0.7480995692 0.6774159410 0.4985283613 0.3743612259 0.3277208092 0.2221501440 0.1816304902 0.1788589901 0.1433015878 0.2072607298 0.2118680682 0.1572281825 0.1543483538 0.1635254199 0.2133268029 0.1491006102 0.1854369175 0.1420073783 0.1743997661 0.1263111664 0.1981064602 0.1447445444 0.2244611315 0.1932309433 0.1894879812
0.2086942036 0.1195067615 0.1574143791 0.1491837497 0.1942380146 0.2488045104 0.2896745814 0.4057896094 0.5191798016 0.6577865745 0.7894206195 0.8063758261 0.8428281409 0.8462448183 0.7379016697 0.6088824433 0.5119988954 0.3676497444 0.2621635381 0.2062793311 0.1765538424 0.1935397502 0.1685944216 0.1616833552 0.1641490559 0.1306364989 0.1745656782 0.1224351591 0.1950112323 0.1554517648 0.1492521859 0.1007417820 0.1551203601 0.1709147832 0.1080035853 0.1668861782 0.1643638675 0.1436692047 0.1613233053 0.1151906441 0.1634801590 0.1685240398 0.1510872790 0.2483330341 0.2560947481 0.3636405204 0.4958866951 0.6076371421 0.7148131411 0.7985546252 0.9102632325 0.8568848278 0.7789889118 0.6450850178 0.5255177855 0.3707398296 0.3409777285 0.2391486182 0.2127538902 0.2029720617 0.1779537469 0.1337133355 0.1391655851 0.1359187309 0.1449900536 0.1551475122 0.1563829447 0.2048184477 0.1363368939 0.2143594506 0.1817518403 0.1916028275 0.1472735965 0.1538990430 0.1659195418 0.1329679950 0.1634137897 0.1724404684 0.1266617030 0.1944038307 0.2209898991 0.2724854651 0.2665048398 0.3548622182 0.4474316707 0.5001929470 0.6636859043 0.8518728588 0.8984545789 0.8746164261 0.8244950539 0.7144732515 0.5483679136 0.4646622821 0.3300679610 0.2355246936 0.2229337500 0.1681087237 0.1516805798 0.1458471221 0.1192014880 0.1824508791 0.1520293736 0.1909643079 0.1191609022 0.1634159322 0.1548062016 0.1888185219 0.1892941042 0.1398645169 0.1583223676 0.1901237393 0.1853808069 0.1401616761 0.1616575360 0.2041758632 0.1485203173 0.1738767699 0.1974016673 0.2264035273 0.2807137016 0.2797539544 0.4353857003 0.5284697207 0.7084167334 0.8086578110 0.8741733512 0.8583996372 0.8663225613 0.7279285725 0.5697223226 0.4588260814 0.3686745721 0.2721203113 0.2369223381 0.2049561332 0.1703112083 0.1506173383 0.2346449740 0.1793462687 0.1578504495 0.1373301065 0.1659008653 0.1894984906 0.1713371952 0.1679989194 0.1269925264 0.1608111856 0.1478693889 0.1920407729 0.1703882321 0.1367668211 0.1934946708 0.1762016040 0.2045627935 0.1324964648 0.1953769717 0.2504140641 0.2504006813 0.3263466242 0.4058701981 0.5085032217 0.6431519664 0.6963925893 0.8385446885 0.9295575915 0.8610575562 0.7810112496 0.6288902338 0.5024573024 0.3665225634 0.3051481150 0.2134152291 0.1887706870 0.2152131330 0.1388533842 0.1762535253 0.1701645190 0.1798960122 0.1744804231 0.1471158021 0.1366933037 0.1642636490 0.1967252422 0.1709606225 0.1845267566 0.1725229045 0.1854772564 0.1598308765 0.1331267776 0.1787492598 0.1857673683
0.1330643710 0.1097821809 0.1378260028 0.1998225731 0.1580238954 0.2499658945 0.2953385053 0.3385686162 0.5528224915 0.6407270266 0.7765534092 0.8314306547 0.8657930543 0.8186126251 0.7472377131 0.6205758824 0.4879835732 0.3483599068 0.2772799138 0.2030904782 0.2102949339 0.1827244939 0.1236944729 0.1550994341 0.1505727496 0.1531951968 0.1424019256 0.1473379132 0.1588344226 0.1385030752 0.1620337550 0.1238442664 0.1532268882 0.2284594120 0.1802976364 0.1440619669 0.1677481591 0.1915910841 0.2083415066 0.1103041543 0.1865474691 0.1938324653 0.1700177318 0.1685765551 0.2646751271 0.3683173264 0.4779071675 0.5918074874 0.7252432937 0.8341765267 0.8808757312 0.8071034411 0.7084668961 0.6460742994 0.5177805657 0.4380252138 0.2830631997 0.2115323652 0.2661942477 0.1220831935 0.1322855102 0.1554633909 0.1536878752 0.1621559928 0.1846322007 0.1491635696 0.1368198461 0.1356303612 0.1555618882 0.1607891572 0.1586732696 0.1614965557 0.1357536229 0.1515742694 0.1520383042 0.1397342230 0.1268619208 0.1736577431 0.1810075362 0.1919298669 0.1950954797 0.1971958142 0.2637195162 0.3559553592 0.4143528572 0.5587117777 0.7463425792 0.8070983714 0.8306559867 0.8486379899 0.8059753769 0.7246796167 0.5723424656 0.4872714012 0.2876508994 0.3060000304 0.2048839830 0.1784587583 0.1728777523 0.1781846127 0.1834268654 0.1242819355 0.1218493547 0.2210937741 0.1592225659 0.2183578238 0.1702965711 0.1569920034 0.1415776630 0.1363181706 0.1778491691 0.1471449813 0.1527678973 0.1652828525 0.1547391540 0.1893024124 0.2053741033 0.1782708550 0.1504423335 0.2561708192 0.2582480736 0.3613357505 0.4601191920 0.5883816047 0.7079151448 0.7710279725 0.8783678043 0.8962223946 0.8319492597 0.6959167281 0.6007847061 0.4781446201 0.3453055962 0.2613008701 0.1962921960 0.2081168362 0.1657598216 0.1715373721 0.1218902731 0.1023529968 0.1834276136 0.1591857523 0.1787999681 0.1626061806 0.2000482297 0.1767300507 0.1337721481 0.2084021829 0.1826448759 0.1827424631 0.1275049731 0.1850807255 0.1639653081 0.2080553162 0.1531558645 0.1338229619 0.2337000834 0.1990528923 0.2356359518 0.3492173630 0.4042159163 0.5474401885 0.6153744291 0.8260072860 0.8470196113 0.8854750166 0.8045760930 0.7884709355 0.5889335606 0.4878426885 0.3860495605 0.2688025967 0.2361080823 0.2277678472 0.2154146807 0.1468401997 0.1764677026 0.1530759490 0.1776016791 0.1757177458 0.2080694172 0.1461842560 0.1663076906 0.1184015932 0.1494256721 0.2025648332 0.1517876131 0.1518411634 0.1283538930 0.1879742938 0.1231800981 0.1268589034
0.1216402273 0.1475651188 0.1836124553 0.1777807062 0.1945521890 0.1741426187 0.2728006498 0.3973717678 0.4683777552 0.6212934161 0.7214675572 0.7890252308 0.8562630723 0.8125103984 0.7050843257 0.5845406903 0.4796595025 0.3244461478 0.3001565553 0.2184975233 0.1507150409 0.1202595661 0.1981986292 0.1652195506 0.1826083181 0.1138941306 0.1719235733 0.1039598014 0.1356382358 0.1298580474 0.1468728127 0.1250446633 0.1573918634 0.1209176542 0.1233043677 0.1116835728 0.1360788850 0.1479180511 0.1955951219 0.2002496072 0.1573094406 0.1224626939 0.2009335432 0.2487173370 0.2699624959 0.3402260932 0.4787391433 0.5831925948 0.7211789136 0.8042198314 0.8121798529 0.8609064895 0.6988849723 0.6371927154 0.4893058204 0.4034558319 0.3297221111 0.2814584361 0.1394289888 0.1892002351 0.1311670691 0.1700585255 0.1791359609 0.1245114353 0.1210874175 0.1396020728 0.1025189634 0.1491065115 0.1436595558 0.1927375078 0.1081669811 0.2050290534 0.1540107553 0.2007165473 0.1685266774 0.1732745498 0.1426482136 0.0773911875 0.1500018605 0.1642823370 0.1274289549 0.1780386566 0.2843926146 0.3820779435 0.4696327011 0.5562278452 0.6810311629 0.7765108335 0.9026821285 0.9120064381 0.7622070355 0.6600168765 0.5742905388 0.4149651436 0.3349030120 0.2841216009 0.2133535004 0.1585136744 0.1547598206 0.1122066063 0.1229210016 0.1913325051 0.1582008142 0.1563822157 0.1794063557 0.1425567069 0.1550865185 0.1560899701 0.1671210293 0.1448382197 0.1404144235 0.1478737029 0.1278343735 0.1124041617 0.1724484405 0.1661066345 0.1661398414 0.1275966414 0.1217846724 0.2049485469 0.2343346414 0.3053325041 0.4376667965 0.5841097596 0.6509159754 0.7827801920 0.8836421400 0.8859494968 0.7975209037 0.7204535161 0.5939486622 0.4684845132 0.3873893888 0.2696405498 0.1999671643 0.1492124317 0.2063999059 0.2126930949 0.1474647985 0.1544834377 0.1903323373 0.1689870881 0.1278207830 0.1642922733 0.1439692427 0.1476810462 0.1343539347 0.1599175862 0.1561769240 0.1459792835 0.1774087252 0.1980145973 0.1586532264 0.1613258961 0.1463824253 0.1263566392 0.2037412865 0.1468838313 0.2748234416 0.3042179363 0.3897011699 0.4625504220 0.6508866978 0.7321201398 0.8588666710 0.8394118463 0.8228240546 0.7356248276 0.6002669094 0.4964478144 0.3679099015 0.2837873293 0.2135376436 0.1936119009 0.1800796688 0.1981821528 0.1431773207 0.2087854607 0.1665985794 0.1639680970 0.1753581461 0.1111180600 0.1995100385 0.1184349877 0.1603353655 0.1645886306 0.1916395604 0.1604921047 0.1441370571 0.1558052157 0.1275283711 0.1537529760
0.1541499238 0.1683332248 0.1602568533 0.1616458808 0.1788932096 0.2081439003 0.2931045665 0.4201029901 0.5116012639 0.6924183382 0.7995418702 0.8657541113 0.8475975834 0.8637068479 0.7175309636 0.5803316537 0.4994292252 0.2927565863 0.2442950939 0.1609911114 0.1612687300 0.1295099423 0.1258286450 0.0918000387 0.1657054282 0.1010892014 0.1669737696 0.1868882837 0.1439522439 0.0862732624 0.1178877487 0.0655202651 0.0885350946 0.2020454705 0.1073567348 0.0761172874 0.1425778497 0.1597659839 0.1174995047 0.1410045943 0.2161249548 0.1258958276 0.2130162487 0.2333574681 0.3069430645 0.3604755771 0.4400958666 0.5972550188 0.7763604867 0.7892106430 0.8744050253 0.8792322956 0.7445977901 0.5795695320 0.4942008892 0.3031788336 0.2557767394 0.2398233293 0.1623642927 0.1127708827 0.0887506590 0.1142153373 0.1321780443 0.1577565732 0.1158655443 0.1546338437 0.1531406947 0.1568392820 0.1627047626 0.1321854965 0.1086677334 0.1603184715 0.1343404044 0.1524790163 0.1507190182 0.1992285726 0.1098844148 0.1280875265 0.1759203699 0.1467163392 0.1884029511 0.2487077788 0.2658595541 0.3138051975 0.4509737771 0.5881303064 0.7262743518 0.8100186028 0.8587336860 0.8445718946 0.7944016002 0.7136984673 0.5040375238 0.4610830703 0.3162491663 0.2322346425 0.1663993575 0.1542969580 0.0954368725 0.1619808797 0.1276391555 0.1591979455 0.1841286848 0.1714200859 0.0779313386 0.1487784945 0.1876658929 0.1563324368 0.1678245703 0.1400530223 0.1763134722 0.1772188871 0.1585302799 0.1039238130 0.1693211438 0.1253042179 0.0974583254 0.1485813161 0.1429940084 0.1780074137 0.2306190579 0.3261859693 0.4406799535 0.5354304487 0.6895559374 0.7881645002 0.8986582587 0.8408682978 0.7766145840 0.6912765387 0.5740276392 0.4714759818 0.3698541925 0.3026274242 0.2213449514 0.1558729424 0.1684756295 0.1625403316 0.1662626071 0.1801090668 0.1560819960 0.1078053405 0.1332530180 0.1364621234 0.0883958570 0.1457588636 0.1649239134 0.1412397930 0.1882694444 0.1450831458 0.1465379088 0.1664156659 0.1148908934 0.1589795187 0.1753588572 0.1633565258 0.2034499178 0.2493487979 0.2636994361 0.3453553530 0.3778762834 0.4957743920 0.6353272155 0.7882305559 0.8757646610 0.8648272377 0.7977848333 0.7868463870 0.5991032914 0.4829731567 0.3297055025 0.3052761252 0.2266190669 0.1509808595 0.1588422942 0.1587638712 0.1940892517 0.1600103732 0.1728262482 0.1719979802 0.1448254447 0.1578134959 0.1541389369 0.1264060947 0.1705115557 0.1180779527 0.1561727860 0.1819765939 0.1470250859 0.1601109225 0.2201006295 0.1771668492
0.1551082665 0.1624858983 0.1673622404 0.1807444006 0.1251735765 0.1943565102 0.2860780417 0.3700315951 0.5053912024 0.5912320150 0.7602559151 0.8172359273 0.8377980161 0.7710544090 0.7052176026 0.5780479577 0.4725902013 0.3573118959 0.2802621749 0.2354981598 0.1903164216 0.1800675258 0.1615369650 0.1579786425 0.1540416208 0.1940308287 0.1771766111 0.1296970737 0.1473384864 0.1222355003 0.0980406234 0.1371540331 0.1285227590 0.1651361808 0.1362998561 0.1719038094 0.1288517942 0.1258970082 0.0908485579 0.1403559033 0.1625182964 0.1430617733 0.1620574967 0.2027715722 0.2635340319 0.3750969550 0.4836301367 0.6169699702 0.7591296021 0.8599150091 0.8394372750 0.8388728657 0.7536187552 0.6416524882 0.4624431233 0.3791246007 0.2852314648 0.2006624775 0.1883533407 0.1471623378 0.1307071735 0.0940023244 0.1878500488 0.1129293625 0.1737431787 0.1164365311 0.1677466657 0.1665981698 0.1439910473 0.1439991742 0.1492525923 0.1685868961 0.1740789626 0.1539655452 0.1784067582 0.1277758336 0.1204442177 0.1875590634 0.1364742389 0.1727301584 0.1209322252 0.2189369116 0.2823172355 0.3410335705 0.4781653419 0.5821267978 0.6565471268 0.8247676278 0.8687548563 0.8568818719 0.7760862049 0.6407393161 0.4660380697 0.3664110942 0.3280363000 0.2296032477 0.2009513659 0.1665087484 0.1777168222 0.1458264151 0.0992075818 0.1719569302 0.1707576223 0.1311766250 0.1642377757 0.1353796259 0.1536943342 0.1103592031 0.1556070371 0.1039308830 0.1098907337 0.1113732291 0.1430598365 0.1443681363 0.1433385895 0.1752320846 0.1701578397 0.1923276098 0.1177551308 0.1927571223 0.2578404990 0.2900553025 0.4518077584 0.5670580094 0.6558398380 0.8013296191 0.8367147396 0.8710223798 0.8115223194 0.6641586144 0.5500256601 0.4519169844 0.2842436262 0.2503690056 0.2290748438 0.1259691308 0.1760818594 0.0980888608 0.1936144939 0.1344391003 0.1899862589 0.1144840417 0.2019234242 0.1704131519 0.1202395354 0.1684356107 0.1531386226 0.1776819686 0.1561150326 0.1396116927 0.1290565223 0.1520398568 0.1764974281 0.2030767787 0.1473967449 0.1472471319 0.1575653617 0.2358898464 0.2234544150 0.2545395672 0.4212398939 0.5169477120 0.6769459117 0.8014200519 0.7857475008 0.9025079421 0.8397359046 0.7037221576 0.5855096685 0.4455500330 0.3714783441 0.2724312519 0.1991281306 0.1904448240 0.1345360662 0.1568636180 0.1718576355 0.1642276579 0.0830649730 0.0688344151 0.1607561742 0.1565742686 0.1655125907 0.1579683705 0.1608154869 0.1990209498 0.1782958856 0.1168282954 0.1668249345 0.1252400238 0.1430272992 0.1406629077
0.1351265593 0.1627804854 0.1671699268 0.1883844140 0.1548487296 0.2249564680 0.2560329533 0.3827573254 0.5545726414 0.6413432899 0.7836256078 0.8368915797 0.8383283541 0.7467682530 0.7031490052 0.5439516949 0.4573352333 0.3417366888 0.2608471050 0.1947474680 0.1954416206 0.1110589236 0.1354555429 0.1095765853 0.1211220345 0.1276285445 0.1011319986 0.1250447212 0.1321867341 0.1652916562 0.1098953662 0.1079173440 0.1329466679 0.1436910230 0.1438914478 0.1635136367 0.1165415803 0.1201346593 0.1402474875 0.1256334665 0.1636322776 0.1684889628 0.1541862391 0.1783747337 0.2962983463 0.3598934137 0.4547693554 0.6619291127 0.7032493176 0.7696399443 0.8634309973 0.8105512348 0.7905170227 0.5570855933 0.5126389894 0.3432093919 0.2727534753 0.1570700737 0.1802749071 0.1931303843 0.1545597561 0.1233535827 0.1563263513 0.1631295830 0.2009174624 0.0993339776 0.1548272740 0.1383741220 0.1744720928 0.1698677964 0.0978390851 0.1163553092 0.0967829339 0.1768999496 0.1280826660 0.1345421880 0.1523346204 0.1213499081 0.1137484223 0.1129871469 0.1383796722 0.2282666381 0.2754966433 0.3306183686 0.4708695492 0.5982698185 0.7006450085 0.8558022302 0.8776065984 0.8371235869 0.7474572043 0.6350644820 0.4900831309 0.3783079701 0.2852855380 0.2583771262 0.1426428065 0.1701984013 0.1779375210 0.1752693342 0.1919497548 0.1687562171 0.1264468565 0.1986391866 0.1229245144 0.1504121594 0.1371761758 0.1845697944 0.1444083002 0.1504754971 0.1740222886 0.1739998513 0.1506453209 0.1448964863 0.1204317997 0.1391170675 0.1745781776 0.1425744585 0.1716933633 0.2520007213 0.2198781151 0.3254463539 0.4182872011 0.5762068322 0.7597569048 0.8347168846 0.8428072284 0.8582977711 0.8025336076 0.6398380084 0.5263789999 0.4132190323 0.3321448083 0.2152437655 0.1645776879 0.1511627841 0.1432739299 0.1476357977 0.1578306348 0.1542962868 0.1526594352 0.1389097029 0.1571715356 0.1374213153 0.1495531366 0.1807867240 0.1601057087 0.1209965614 0.1553881327 0.1241347841 0.1541572569 0.1840479862 0.1364603580 0.1201904909 0.1321648618 0.1572442081 0.1805902749 0.1790169188 0.2305044087 0.3063646911 0.3704762746 0.5139835656 0.7204254991 0.7553916477 0.8170185882 0.8611594527 0.7706855139 0.6945059202 0.6121555709 0.4387966591 0.3982650639 0.3240122185 0.2275423114 0.2241674128 0.1576767930 0.1776141817 0.1469190750 0.1920299773 0.1471675637 0.1237335371 0.1827633345 0.0995521961 0.1507697823 0.1436463117 0.1400184343 0.1137409928 0.1422634496 0.1406000671 0.0965983714 0.1285581981 0.1350447818 0.1690429483
0.1139185087 0.1285290772 0.1576517713 0.1617926423 0.1839677126 0.1874862649 0.2907535818 0.4231559924 0.5419746266 0.6444042881 0.7741922798 0.8011850793 0.8360787547 0.8283616620 0.7047630902 0.5612412166 0.4291598387 0.3211773047 0.2313257787 0.1874276699 0.1707486261 0.1205849295 0.1578749465 0.1293802325 0.1442164899 0.1040777564 0.1307718521 0.1214327974 0.1162055857 0.1127849334 0.1596518185 0.1639124356 0.1772047562 0.1819929087 0.1106156989 0.1802130892 0.1011468372 0.1601314159 0.1434668630 0.1389552496 0.1329817099 0.1772202857 0.1697484508 0.2104756167 0.3006875576 0.3828036977 0.4609400136 0.6433176289 0.7555818402 0.7855788426 0.8225957357 0.7868908387 0.7034939370 0.5968340959 0.4733999982 0.3919297025 0.2487129315 0.1917694537 0.1379188530 0.1829743682 0.1507170147 0.1811588795 0.1515000987 0.1382146689 0.1761366695 0.1293132146 0.0982799065 0.1167623869 0.0920121112 0.1584293248 0.1158176037 0.1743020920 0.0754702919 0.1853858750 0.1710663945 0.1258186045 0.1656454902 0.1906129177 0.1762175554 0.1733865161 0.1658365203 0.2143966242 0.3093910780 0.3811454889 0.4688792805 0.5766720591 0.7369105854 0.7737494275 0.8664179069 0.8393081474 0.7481838856 0.6176379417 0.5187693791 0.4385420530 0.2612342464 0.2905870025 0.1992829310 0.1529967296 0.1959561140 0.1287343855 0.1135862969 0.0953707785 0.1302065885 0.1498063169 0.1227079955 0.1662717672 0.1218678685 0.1595159837 0.1454061989 0.1585437352 0.1658262600 0.1582858437 0.1463117626 0.1607704577 0.1290081722 0.1153060141 0.1412115630 0.1479221364 0.1430126646 0.1462303417 0.2916807073 0.3679674476 0.4995306680 0.5846427341 0.7385406200 0.7848146974 0.8731133169 0.8822100653 0.7182692154 0.6719609956 0.5336472228 0.4358741953 0.3357435045 0.2305685185 0.1952217641 0.2024876731 0.1660047608 0.1406028931 0.1868317190 0.1141604919 0.1087860002 0.0888193323 0.1495144276 0.1726611139 0.1633343555 0.1848703861 0.1437924865 0.1002050233 0.1472675716 0.2027474175 0.2080664284 0.1477786716 0.1436235387 0.1153247528 0.1000694382 0.1192405758 0.2355140575 0.2066620188 0.2746548889 0.3811740334 0.4489220526 0.5713440474 0.7161464261 0.7694599910 0.9237960955 0.8621203040 0.8236707117 0.6965294040 0.5840747425 0.4165707181 0.3304768551 0.2640815997 0.2980782101 0.1695892515 0.1717667233 0.1599982286 0.1996045330 0.1331383225 0.1603804073 0.1079793873 0.1276409845 0.1614438111 0.1722572150 0.1759092969 0.1757397550 0.1901996866 0.1534312546 0.1498618561 0.1123267048 0.1389801056 0.1673880308 0.1730499272
0.1350655634 0.1369431651 0.1716712153 0.1710695614 0.1967008448 0.2380150554 0.2741014657 0.4353014106 0.4495334012 0.6732456222 0.8089912036 0.8776839252 0.8221912145 0.7788669909 0.7083857332 0.5394335293 0.4721814734 0.3504165495 0.2692467199 0.1658401900 0.1560389836 0.1809415750 0.1223512214 0.1558213789 0.1645663713 0.1270557283 0.1636209921 0.1148066776 0.1283797291 0.1078152578 0.1283390625 0.1467670976 0.1149451064 0.1261557866 0.1641470630 0.1286069274 0.1290929135 0.1171289320 0.1214803166 0.1450495117 0.1024701492 0.1861578235 0.1593511551 0.2538416049 0.3081270919 0.3965441448 0.4962549778 0.6472345626 0.7600726768 0.8334042070 0.8579794571 0.8030074540 0.7047160405 0.6293678642 0.4174205874 0.3783000578 0.2376818046 0.2141648233 0.1568493396 0.1635946388 0.1547391366 0.1709878402 0.1856611680 0.1150876308 0.0877227080 0.2124818288 0.0994502152 0.1719877784 0.1426935998 0.1070357518 0.1329845914 0.1834891997 0.1352219034 0.1280511814 0.1066629113 0.1606608870 0.1402719498 0.1556048108 0.1526983003 0.1439011082 0.2160357621 0.2441530704 0.2850826854 0.3541317590 0.4496688491 0.5876672873 0.7410101385 0.7834813983 0.8423428501 0.8478152560 0.7960145170 0.6255043820 0.4597592245 0.3813389300 0.2928756310 0.1631355815 0.1665395915 0.1049449433 0.1339131697 0.1613383301 0.1971128682 0.1607405751 0.1148278162 0.1656583883 0.1156838851 0.1819335401 0.1708996325 0.1833990462 0.1604548479 0.1653317839 0.1700856338 0.1361013915 0.1618482181 0.1676593767 0.1582731056 0.1776707076 0.1069005887 0.1527404107 0.1797244047 0.2467215162 0.2735690908 0.3309392647 0.4993046545 0.5972804239 0.6982631680 0.8389897953 0.9021560671 0.7765202258 0.7714340099 0.7147264234 0.5459859692 0.4221920304 0.3189651359 0.2115968332 0.1866778033 0.1569970956 0.1681593358 0.1440839170 0.1538055401 0.1512743402 0.1793442062 0.1297182160 0.1695488876 0.1056519707 0.1537787257 0.1835392199 0.1323779917 0.1959631146 0.1721862297 0.1687754120 0.1327318516 0.1391290065 0.1634378725 0.1923507441 0.1112579109 0.1654823280 0.2045615362 0.2618872260 0.2649090965 0.3652399282 0.4814964015 0.5940356225 0.7022675991 0.8320857498 0.8331113682 0.8808143730 0.7710011245 0.6714289448 0.5609794466 0.4709009644 0.3870426570 0.2662336759 0.1787297647 0.1873087960 0.1698386059 0.2396723213 0.1745834337 0.1442478078 0.1442863481 0.1598544449 0.2019485961 0.1426365735 0.1538278780 0.1498671576 0.2020578378 0.1963719786 0.1745573330 0.1738698318 0.2056774112 0.1883287804 0.1639800024 0.1862416928
0.0850406829 0.2109056815 0.1725497854 0.1874822973 0.2007093279 0.2070274666 0.3139281216 0.4515001561 0.5535641019 0.6672864306 0.7965549124 0.8901129102 0.8721884639 0.7995556589 0.6563440316 0.5412544721 0.4295315060 0.3202510662 0.2663483751 0.2178249034 0.1802454825 0.1364449913 0.1487568453 0.1370660444 0.1597520698 0.1374584089 0.1887130434 0.1711940789 0.0763209907 0.1440583009 0.2085365326 0.2034898931 0.1939479105 0.1698107627 0.1475321460 0.1449298338 0.1343559601 0.1487856187 0.1325766924 0.1592272514 0.1624724021 0.1551842482 0.2266681006 0.2215135419 0.2947981306 0.3633551753 0.5497220651 0.6249466149 0.7402518916 0.8886942862 0.8642339748 0.8281983468 0.7468391208 0.6034700212 0.4787486215 0.3096014193 0.2935167245 0.2325892121 0.1056718974 0.1606866669 0.1470185611 0.1210997173 0.1410719075 0.0826815034 0.1131584405 0.1963544618 0.1716505597 0.1052419051 0.1273148019 0.1375298047 0.1605873261 0.1919466789 0.1692649053 0.1330730708 0.1242020568 0.1560079625 0.1805578159 0.1577823102 0.1404443958 0.1641135372 0.2082563889 0.2519557303 0.3821750936 0.3844682966 0.5251218474 0.6763443415 0.7537452025 0.8434801323 0.8388031031 0.8038494540 0.7786941247 0.6964478852 0.4648590436 0.3802385002 0.2663475951 0.2489505314 0.2102502412 0.1727550969 0.1702055055 0.1477124348 0.1736908407 0.1040841668 0.1080519624 0.1440999398 0.1461945688 0.1844289077 0.1562759598 0.2015543263 0.1833742136 0.1693627135 0.1355717805 0.1978123083 0.1066049819 0.1726192616 0.1718224049 0.1340515275 0.2081574182 0.2029386985 0.2074180668 0.2241015239 0.2736410067 0.3729006874 0.4965213990 0.5862965722 0.6939020117 0.8766349690 0.9193941677 0.8699068738 0.7991180928 0.6003547285 0.5478509164 0.3922139061 0.3190764764 0.1995708873 0.2019144851 0.1860187007 0.2108105327 0.1920814092 0.1809423734 0.1677665580 0.1398151452 0.1601133376 0.1591131688 0.1851689005 0.1380723075 0.1926615220 0.1591336625 0.1104323940 0.1658849070 0.1555616484 0.1506812907 0.1881364708 0.1637402545 0.2060249932 0.1924753400 0.1747428690 0.1724613927 0.2432675872 0.2677645011 0.2856135924 0.5067497885 0.6002411388 0.7043843966 0.7839810450 0.8351293703 0.8817764990 0.8354584949 0.7121031298 0.5932509452 0.4561818284 0.3568535573 0.2443126084 0.2401941504 0.2406293277 0.2266333091 0.1468955146 0.1597908100 0.1653048122 0.1659241664 0.1525887924 0.1913938516 0.1361544377 0.1628048695 0.1629928696 0.1529651876 0.2034979695 0.1948212768 0.1553859626 0.1798383372 0.1674143038 0.2156188032 0.1679238986
0.1540183826 0.2055350436 0.2193630910 0.2405812423 0.2082869758 0.2762530859 0.3213625919 0.3991295821 0.5660950005 0.7291542401 0.8079203709 0.8487136396 0.8151487281 0.7848972106 0.6997829164 0.5589808864 0.4315946961 0.3064667019 0.2537978395 0.2520998443 0.1564788147 0.1464402521 0.1887593220 0.1627061434 0.1511351004 0.1475464634 0.1574837046 0.1960931704 0.1387205929 0.1778995743 0.1621858553 0.1974255544 0.1855198456 0.1631465397 0.1712142400 0.1528837647 0.1182396368 0.1687491898 0.1675992783 0.2147336066 0.1501587564 0.1271548188 0.1825692465 0.2366242725 0.3076896686 0.3845685535 0.5158993108 0.6630462903 0.8346736560 0.8820323383 0.8710906884 0.8026453875 0.7176905638 0.6060402947 0.4073719716 0.3386988974 0.2856102825 0.2066587712 0.2129068951 0.2083147175 0.1478834708 0.1726233027 0.1513036646 0.1441858100 0.1765485887 0.1385240833 0.1474069443 0.1748160833 0.1709477031 0.1531727926 0.1096470855 0.1838231277 0.1371083784 0.1542966002 0.1383633789 0.1460675181 0.1661411774 0.1801939316 0.1573425373 0.1668240242 0.1776689078 0.2474309178 0.3055092557 0.4365686180 0.5039176598 0.6353273695 0.7443283403 0.8311695976 0.8518781537 0.8301347058 0.7623904510 0.6261826844 0.4640809235 0.3869012207 0.3078642015 0.2478023998 0.2067083703 0.2043742470 0.2009609334 0.1881719210 0.1746207340 0.1606850643 0.2042027774 0.1991154160 0.1913121517 0.1880550194 0.1564787124 0.1915956884 0.1849771733 0.1247922424 0.1184481164 0.1453806552 0.1056671486 0.1892579709 0.1327326160 0.1698304754 0.2413051646 0.1678260357 0.1866942592 0.2257420990 0.3338280778 0.4260519739 0.4921375886 0.5959983107 0.7572751529 0.8268074519 0.8829431544 0.8639452452 0.8065395412 0.6728963213 0.5050629772 0.4219025119 0.2748511074 0.2488779121 0.2070409153 0.2089198505 0.1715018487 0.1778743803 0.1925863335 0.1851091328 0.1896368313 0.1566650970 0.1506324531 0.1660683186 0.2042230677 0.1745458461 0.1447032075 0.2031489053 0.1336445051 0.1863237674 0.1884941825 0.2056734449 0.2068602607 0.1597764084 0.1308085542 0.2247902291 0.2324058916 0.1697859937 0.2549267487 0.3075972587 0.5067279372 0.5951017687 0.7097448543 0.8523425810 0.9089497082 0.8736392640 0.8051102568 0.7036913597 0.5779587471 0.4026365046 0.3687306195 0.2980769181 0.2443578360 0.2183035185 0.2116694005 0.1962066378 0.2429991054 0.1509079379 0.1466560304 0.1751025246 0.1603808958 0.1814933991 0.1774117939 0.1393266201 0.1314540037 0.1620213427 0.2194865159 0.1210971695 0.1928568474 0.1817213688 0.1560434644 0.1428047004
0.1192015163 0.1421907586 0.1755294402 0.2076647081 0.2150665590 0.2375550059 0.3973466199 0.4216128333 0.5759468940 0.7005048733 0.8216105508 0.9102602323 0.9151334084 0.8674898102 0.7162833620 0.5777466016 0.4107154389 0.3547292043 0.2370846312 0.1627731853 0.1978534982 0.1839698863 0.1426895729 0.1315039713 0.1968588618 0.1644010830 0.1992784247 0.2169346755 0.1976024825 0.1495524660 0.1616474591 0.1907625548 0.1338818559 0.1766540958 0.1561645611 0.1811181385 0.1592743334 0.1637307058 0.1561045803 0.1623258445 0.1546842358 0.1547251679 0.1985194621 0.2386948398 0.3281597295 0.4177248973 0.5584510752 0.7064486161 0.7921390124 0.8785624384 0.8864358510 0.8122471634 0.7703167204 0.5723279512 0.4449180904 0.3178310386 0.2661084447 0.2383422311 0.2021452023 0.1183001123 0.1924823512 0.1417827471 0.2226173385 0.2339405587 0.1395063694 0.2078558780 0.1662211676 0.1947659708 0.1225986146 0.2000250503 0.1738047141 0.1807026460 0.1616306846 0.2021642080 0.1023878958 0.1796544442 0.1739029713 0.1474158545 0.1579918816 0.1889151871 0.2627690934 0.2870438423 0.3360995633 0.3791968748 0.5519397155 0.6633349357 0.7485742851 0.9128036148 0.9030009153 0.8407611588 0.7837270793 0.6133493461 0.4350757738 0.3626426271 0.3219283731 0.2561388469 0.2319170392 0.1453741570 0.1619549276 0.1953002781 0.2024250899 0.1774037555 0.1358330225 0.1977919374 0.1692927599 0.2116695265 0.1342460564 0.1636371911 0.1402964884 0.1483265589 0.1763397052 0.1683563675 0.1983856683 0.2438297995 0.2105270488 0.1647632596 0.2491898708 0.1762327924 0.1898755435 0.2368988734 0.3159775774 0.3833247095 0.4550824460 0.6180601700 0.7526107017 0.8677967489 0.9278168662 0.8679393615 0.8006627004 0.6260803729 0.5796681518 0.4130497640 0.3464782192 0.2687336416 0.2160974288 0.1686733719 0.2147371312 0.1664661326 0.1162684398 0.1285938219 0.1896893390 0.1778103903 0.2377203966 0.1654661773 0.2200205056 0.1849510769 0.1062595187 0.1750139418 0.2031519930 0.1849384909 0.1781456951 0.1857946395 0.2080962992 0.2416190594 0.1851296395 0.1711146906 0.2165724661 0.2733405650 0.3265427955 0.4213112623 0.4789772698 0.5938449840 0.7646994294 0.8474543587 0.8911788976 0.8920181966 0.7838485420 0.7267730032 0.5195604152 0.4104518418 0.3346112463 0.2302042137 0.2475585284 0.2205774510 0.2057516975 0.2134743409 0.1749527049 0.1920697938 0.1793379710 0.1391865365 0.1887911472 0.1516853978 0.2010961898 0.1891836195 0.1548119739 0.1377640394 0.1695151797 0.1796670719 0.1937850975 0.1898302393 0.1979589910 0.2521825127
0.1846477025 0.2270980157 0.1869643573 0.1749319588 0.1757551530 0.2771276013 0.3726354883 0.4502529079 0.6088215177 0.7507029805 0.8239827329 0.8896796431 0.8387821447 0.8164685116 0.6867331426 0.5611332077 0.4296024520 0.3473388402 0.2927865915 0.1979500883 0.2517333888 0.1650874104 0.1911613510 0.1588123818 0.1470894426 0.1634394890 0.1957720653 0.1490572050 0.1870182008 0.2324882237 0.1929672783 0.1673303026 0.2232676355 0.2251268554 0.1768896853 0.1587123783 0.1692390178 0.1494412387 0.1436757384 0.1773131112 0.1919747785 0.1536695802 0.1885312922 0.2607670431 0.3688366237 0.4345641198 0.5456092769 0.6563641805 0.7835164920 0.8914427192 0.8510522030 0.7824780586 0.7081391096 0.5694919577 0.4859173715 0.3508935917 0.2702133582 0.2463592334 0.2619456832 0.2112834270 0.1387066741 0.1647725926 0.2046888725 0.2021343858 0.1858514875 0.2036432231 0.1793590284 0.1240212978 0.1888176190 0.1680540911 0.1543986450 0.1783043610 0.1919405510 0.1535564148 0.1851604034 0.1857166708 0.1318922242 0.1672689004 0.1743114511 0.2147322862 0.1785958165 0.2733241945 0.3733059469 0.4093616527 0.5861808536 0.7269118266 0.8183640998 0.8886060121 0.9305838998 0.8560941791 0.7574956617 0.6444859066 0.5091074802 0.3875449250 0.3061062054 0.2738762294 0.1629350605 0.1869729940 0.2036937946 0.2107151053 0.1874058826 0.1825908871 0.2004563911 0.1644553275 0.1632852068 0.1971209904 0.1417620493 0.1825639321 0.2254117842 0.2034920304 0.1839367766 0.1988279669 0.1450826091 0.2242498811 0.1685036695 0.1424799425 0.1475639662 0.2044318374 0.2288484348 0.2792379001 0.3587401825 0.4200955381 0.4708461573 0.6775391492 0.7944741044 0.8844223091 0.8866528210 0.7962172162 0.7549506310 0.6330105480 0.5394279719 0.4545422779 0.3038871217 0.2732746111 0.2493753348 0.2082349685 0.2105131879 0.2042951336 0.2224974118 0.1614754022 0.1938258095 0.1808940599 0.1696596419 0.1300352088 0.1825456472 0.2339177120 0.1866988068 0.1693351839 0.1521390982 0.1293092427 0.1648592141 0.1843115881 0.1921944396 0.1481179628 0.1876275663 0.1612792206 0.2187480491 0.2377750005 0.2600218784 0.3790994798 0.4759291999 0.6360611721 0.7642796904 0.8642615110 0.8907177987 0.8648826095 0.8055805626 0.7367487090 0.5580073484 0.3958358482 0.3405658516 0.2453202406 0.1724356456 0.2463936062 0.1621625354 0.1966303570 0.1700561085 0.1644699219 0.1267882069 0.2295953712 0.2113584661 0.1613574321 0.1686901037 0.2158880910 0.1703213351 0.1981930791 0.2254098155 0.1869174264 0.1958065279 0.1784511376 0.1748810078 0.1798429891
0.1635610420 0.2183747791 0.1701863194 0.1887453822 0.1860543108 0.3048865844 0.4012873935 0.4924410393 0.6141952425 0.6869478277 0.7733610899 0.9187725495 0.8618734146 0.8101930439 0.6922941962 0.5292842593 0.4400967204 0.3480951119 0.2357006332 0.1862811287 0.1684722302 0.1597266994 0.1975405407 0.1713555745 0.1900128497 0.1565092841 0.1494161777 0.2083343170 0.1505141528 0.1744960600 0.2068539309 0.2058682718 0.1846464719 0.1636022923 0.1598172502 0.1585994041 0.1153602691 0.1401296237 0.1514604090 0.2013096029 0.2072097649 0.2369700260 0.2632544914 0.3239280141 0.3979228382 0.4385233742 0.5921314178 0.7560066039 0.7820672196 0.9097827637 0.9004395881 0.8103996296 0.6674569125 0.5934094128 0.4291061006 0.3677137556 0.3015116956 0.2376621258 0.2060840376 0.2010055471 0.1772439664 0.2011312188 0.1614434234 0.1902513939 0.2010454353 0.1699872495 0.1831743063 0.1665793973 0.1458041926 0.2420251235 0.1338878844 0.1964963304 0.1957141813 0.1785879411 0.2075308117 0.2073782836 0.1898468659 0.2369780621 0.1987679854 0.2037192666 0.2315915761 0.2307582029 0.3689770935 0.4332644240 0.5365587722 0.6832137228 0.7257512441 0.8610476179 0.9143229986 0.8221267688 0.7365732450 0.6423417213 0.4704172220 0.3622460239 0.3253776328 0.2485527333 0.1909060358 0.2162669860 0.1603112647 0.2261190509 0.1971479520 0.1982860171 0.1702947739 0.1979925991 0.1629694248 0.1574251220 0.1888626096 0.2294610124 0.1973466347 0.1869769149 0.1858646804 0.2197047411 0.2281743754 0.1842305735 0.1870632538 0.1535597937 0.2180802494 0.1953607234 0.2168713216 0.2542627432 0.2542396071 0.4199066123 0.5481878614 0.6569012066 0.7677338484 0.9559883505 0.8976979970 0.9002627744 0.8064246560 0.6755749658 0.4848828556 0.4236088678 0.2727649293 0.2862274611 0.2167489354 0.1763170505 0.2017202871 0.1747433790 0.1863016062 0.1788705437 0.1788415874 0.2147870767 0.2226463526 0.1872638574 0.1666214739 0.1882609497 0.1616939224 0.1702837729 0.2135869335 0.1703275296 0.2122181600 0.2469092526 0.1854484504 0.1475263541 0.2220176434 0.1842247780 0.2485224417 0.2715241228 0.3104428829 0.3685000964 0.5105056559 0.6407678763 0.7937023247 0.8538341648 0.9142908552 0.8651864836 0.8283313036 0.6873467560 0.5884717809 0.4973359884 0.3590777034 0.2989049864 0.2702740777 0.2075254743 0.1958949417 0.2073773766 0.2359175530 0.1775492036 0.1991536567 0.1707825458 0.1958442981 0.1518381647 0.1469763926 0.1805058398 0.1688849404 0.1760637040 0.1903482008 0.1975886026 0.1467413374 0.1987660530 0.1474097633 0.1602122619
0.1568586556 0.2037842392 0.2441744054 0.2225256707 0.2521720831 0.3005311723 0.3944313962 0.4818893130 0.5793195958 0.7510145609 0.8640195528 0.8899359622 0.8907471849 0.8184032256 0.6396609080 0.5124389435 0.4227585127 0.3631105469 0.2478125272 0.2221517134 0.1734559525 0.1527617685 0.2050159002 0.1907570050 0.1559006889 0.1754374601 0.1922313352 0.1980080199 0.1285448624 0.2019784112 0.1575411048 0.2186374002 0.1522560452 0.1959242957 0.1770325776 0.1990316824 0.2383955545 0.1487283377 0.1995551833 0.1648511728 0.2532141753 0.2432301823 0.2390288031 0.3612918998 0.3128129519 0.4794962184 0.6301038609 0.6795620876 0.8501550853 0.8899949860 0.9034143706 0.8124536561 0.6299263267 0.5585448658 0.4236612369 0.3378581850 0.3632631494 0.2668305248 0.2411696081 0.1757257000 0.1745126464 0.2101116901 0.1893645504 0.1522331227 0.2167428425 0.1909252612 0.1948112502 0.1321313604 0.1691500922 0.1800102744 0.2578471440 0.1694711837 0.2218650430 0.1612351430 0.1646759731 0.1381111747 0.1388026454 0.1148855582 0.1862837536 0.2378157127 0.2205993515 0.2696482707 0.3108358046 0.4182996090 0.5579580710 0.6678313257 0.8071749378 0.9152166956 0.8882744423 0.8609593480 0.7640582129 0.6389256078 0.5427332308 0.4085217028 0.2450660893 0.2735029369 0.2309314262 0.2038643184 0.1961596886 0.1871334438 0.1795671180 0.1575342285 0.1339244549 0.1928959882 0.1826825944 0.1467068277 0.2045306498 0.1655933846 0.1783004635 0.2079540969 0.1999785845 0.1896305550 0.1581737969 0.1502651670 0.2196594734 0.1442597342 0.2220879647 0.1897011191 0.1690303852 0.2819332781 0.2929152590 0.4361462634 0.5008724730 0.6672297349 0.7783335701 0.9196233484 0.9142252640 0.8841385976 0.7872622963 0.6650897883 0.5443915492 0.4270226916 0.2857163452 0.2871613984 0.3047963267 0.2362024297 0.2026817337 0.1808119096 0.2402874826 0.1811210223 0.1736805830 0.1865172964 0.1871511202 0.2442135785 0.2086022587 0.2367445054 0.1942495858 0.1947886192 0.1729419665 0.2404234566 0.1768017700 0.1856074710 0.1876581138 0.1614075342 0.1614028832 0.2249896949 0.1800319143 0.2267188123 0.2793795426 0.3432916881 0.5343218559 0.6862452561 0.8418149865 0.8475239214 0.9272102485 0.9264260962 0.8336025998 0.7091620373 0.5682113504 0.4097963964 0.3562207669 0.3268573930 0.2550376707 0.2350739931 0.1428452416 0.1829616439 0.1698564034 0.2262786802 0.2768261406 0.1956419848 0.2144565300 0.2035269946 0.2021985541 0.2150799861 0.2143055297 0.1800650480 0.2027322225 0.2046153012 0.2124138132 0.2243780820 0.2074257877 0.2434254177
0.2063537881 0.1735019373 0.1724575115 0.1545292196 0.2909975533 0.2439310000 0.3629699382 0.5122533527 0.5719441920 0.7862498683 0.8182525728 0.8980389112 0.8693518285 0.7510744043 0.6836381343 0.5736968530 0.4585570515 0.3253544143 0.2615300479 0.2015549823 0.2433931183 0.1440980450 0.2020455363 0.1821410129 0.1644845127 0.1520757519 0.1753199121 0.1378239417 0.1408976894 0.1958083924 0.1905461494 0.1293103000 0.2037675588 0.1890392158 0.1184179347 0.1848312635 0.1426592706 0.1844829542 0.1917199624 0.1532766899 0.2538120047 0.1959706755 0.1959440196 0.3713848684 0.4114330125 0.4662392106 0.5767505657 0.7797469257 0.8264623551 0.8438981788 0.8819832412 0.8245323059 0.6363107237 0.5977376116 0.4560207633 0.3743885476 0.3086208294 0.2175561482 0.1831968734 0.1606054182 0.1521350735 0.2325833992 0.2297849449 0.1979196386 0.2096426255 0.1979421963 0.1886638009 0.2019113487 0.2244759874 0.1934879609 0.1815652026 0.1908380055 0.2079100507 0.1858789398 0.1421061117 0.1508149096 0.1709590089 0.1838115525 0.1965168853 0.2287010630 0.2902215091 0.2812222609 0.3722210364 0.4668902038 0.5766224829 0.7200185999 0.8239555072 0.9061127093 0.8606361278 0.8972925546 0.7228023954 0.6000356183 0.4892448955 0.4303495806 0.3246325189 0.2609316643 0.2301508518 0.2178948429 0.2272210693 0.1282749754 0.2284599861 0.1887287327 0.2332113070 0.1970230903 0.1993814839 0.1788518129 0.1859517454 0.1550681286 0.1695798201 0.1768388713 0.1989573692 0.1932170928 0.2288669895 0.1682850349 0.1464469936 0.2372912916 0.1772217404 0.1972462152 0.2245754533 0.2854635628 0.3242362933 0.3885191988 0.5722416124 0.6875012707 0.7792840176 0.8451245188 0.9331627247 0.8673831910 0.7745606440 0.6161927081 0.5560677806 0.3689001330 0.3283675141 0.2764113371 0.2069805402 0.2214585646 0.2138832142 0.2107286425 0.1614712771 0.1780219028 0.2242942554 0.2126888493 0.1592264393 0.1713487556 0.1862705952 0.1824744805 0.2052449158 0.1883178413 0.1855909815 0.1244905075 0.2410492294 0.1978239799 0.2338779306 0.2336611989 0.2691203439 0.2236353255 0.2368010657 0.2781342510 0.3577041813 0.3832776598 0.5823829912 0.6951553774 0.7782071723 0.8783999724 0.9070208294 0.8819063060 0.8164573370 0.6976488386 0.5543483119 0.5099567285 0.3961919553 0.2681717678 0.1976484506 0.2339129203 0.2117894062 0.2273793417 0.2064232031 0.1944443638 0.2395865427 0.2397600313 0.2071323562 0.2118455978 0.2097795496 0.2036099215 0.2288748106 0.1969420879 0.1910816034 0.2423431526 0.2207178917 0.1886361859 0.2048186261 0.1610022925
0.1522375339 0.1625349632 0.2397483017 0.2231949179 0.2682006749 0.3298257144 0.4100126545 0.5509514562 0.6580667733 0.7300650025 0.8659671482 0.8850127219 0.8479367044 0.7372916381 0.6090742867 0.5399227631 0.3988543499 0.3698478971 0.2425070652 0.2495886061 0.1731536055 0.1397263337 0.2048648539 0.1703551743 0.1553210050 0.1404172998 0.1495505751 0.1783947275 0.1530622738 0.1730231697 0.1968265308 0.1693603725 0.1613219578 0.1699836721 0.1625547820 0.1889127274 0.1877089970 0.1717695814 0.1641755617 0.2222471912 0.1710664730 0.2227579233 0.2193809644 0.3005276992 0.3749996714 0.5256829815 0.6334136440 0.7735933410 0.8845061383 0.8867243693 0.8403732808 0.7576966993 0.7415464623 0.5433374446 0.4820397461 0.3937892006 0.2450976154 0.2209322678 0.2332834658 0.1728917869 0.1870063443 0.1941164065 0.1397530913 0.2009803876 0.1917976245 0.1817763060 0.1577944865 0.2107960605 0.2145574323 0.1886515499 0.2035496503 0.2231763193 0.1961909313 0.2088111410 0.2272038953 0.1719954992 0.1808142961 0.1593981518 0.1314835979 0.1691225580 0.2546266309 0.3156721709 0.3861323994 0.4495346894 0.5330666701 0.7068950270 0.8339021509 0.9187048684 0.8922375900 0.7807268965 0.7174648573 0.6016788570 0.4865879869 0.3562710299 0.3187361568 0.1799015425 0.1945216771 0.1998673131 0.2107535316 0.2115601949 0.2087794356 0.1571308510 0.1942924299 0.1881615882 0.2113555227 0.1760271850 0.1507700975 0.1519159110 0.2289505521 0.1929583397 0.1685339988 0.2177164767 0.2027294694 0.1759955270 0.2482943042 0.1818551359 0.2187825333 0.1891257915 0.2622464665 0.3179262215 0.2870228535 0.5178529072 0.5082433877 0.6781742990 0.8458837957 0.8847320053 0.9337326965 0.8508523071 0.7403235927 0.6693849475 0.4492702603 0.4342742382 0.3489584092 0.2102881623 0.1980270689 0.2053321633 0.2456205311 0.2029379722 0.2086382639 0.1999876294 0.1247507639 0.1930310410 0.2262798366 0.1905877577 0.1876069830 0.1621317828 0.2094399476 0.2138249893 0.1930009475 0.1793387197 0.2114491471 0.1810783252 0.1983773645 0.2234629884 0.2017891868 0.2008739182 0.2448340826 0.3068724522 0.3344612756 0.4517499807 0.5329366158 0.6748392992 0.7983825802 0.9574291474 0.9402968668 0.9064167936 0.8280916595 0.6798923238 0.5663276645 0.3840499706 0.3646402174 0.2420820110 0.2478376737 0.2376988512 0.1917027294 0.2106704575 0.2139017532 0.2745848330 0.2124301548 0.2151338492 0.1840677309 0.1665993976 0.2109694869 0.2142830326 0.2138976376 0.1901957871 0.1961186141 0.1708830913 0.1621705338 0.1884494288 0.1997978193 0.2133909798
0.2073792523 0.1163724041 0.1495670230 0.2657541720 0.2314375304 0.3042862256 0.3801877089 0.5210022881 0.6297010967 0.7767590382 0.8641084381 0.9353115852 0.8321745109 0.7806790821 0.6258211044 0.5154329536 0.3839876679 0.3305988556 0.2174704045 0.1830401249 0.1955263158 0.1929669467 0.1715558564 0.2137557106 0.1513837194 0.1909919813 0.1997293274 0.2151590432 0.1629345389 0.1106167114 0.1951108795 0.1898904246 0.1721861602 0.2103342044 0.1556763841 0.1121773660 0.1213318552 0.1849926529 0.1651427884 0.2343775532 0.2175920456 0.2029511492 0.2199532292 0.3227344645 0.3828626825 0.4576377365 0.6450416590 0.7536751615 0.8511636332 0.8753815309 0.8999240648 0.8189703941 0.7274450890 0.5647341373 0.3890999372 0.3828997132 0.2435039140 0.2407994220 0.1994311888 0.2392324218 0.1641744025 0.1707323596 0.1570514807 0.2121355059 0.1284915348 0.1709582342 0.1487294265 0.1887412622 0.2120654593 0.1846235609 0.2147516055 0.1873861605 0.1650593127 0.1862840810 0.1877441269 0.1950977526 0.2295538974 0.1777959246 0.2087453654 0.1744226124 0.2091189210 0.3366851095 0.3542578983 0.4154604811 0.6180191119 0.7242458894 0.8600874486 0.8626718810 0.8793299849 0.8545197830 0.7632663928 0.5428092443 0.4689536331 0.3945302988 0.2777175344 0.2437687525 0.2145007207 0.2275926147 0.1559426156 0.2368525158 0.2271514525 0.2001537443 0.2154705683 0.2131705523 0.1457177281 0.1995566792 0.1947563167 0.2248269978 0.2217367376 0.1565220380 0.2114398959 0.1540624278 0.1670297631 0.2072557017 0.2490025098 0.1690419470 0.2095995892 0.1778392922 0.2289278203 0.2226113020 0.4474236759 0.4919701069 0.6333241766 0.7159093312 0.7976047833 0.8703380817 0.9011275446 0.8867584947 0.8050356512 0.6214688300 0.5059212330 0.4150067141 0.3329251376 0.2898595408 0.2111598275 0.2186508675 0.2333139478 0.2106605491 0.2039503074 0.1792526644 0.1825657898 0.1829000135 0.2132571348 0.1812819567 0.1512492250 0.1586796401 0.2370676445 0.1565584335 0.1601177425 0.2027674107 0.1957985895 0.1862243746 0.1539851657 0.2496333472 0.1841928433 0.2233391886 0.2554182863 0.3007557308 0.3468955596 0.4366554563 0.4930802645 0.6897403735 0.7794117682 0.8977579895 0.9188300641 0.8204012774 0.7562618134 0.6580461712 0.5272705308 0.4560652056 0.3042868495 0.2699761102 0.1834675724 0.2102675955 0.1798036893 0.2188588800 0.1888975085 0.2000699793 0.2176796413 0.1858847085 0.1894200251 0.2040239270 0.2058344541 0.1880636521 0.2397155433 0.2395620867 0.2264830701 0.1644153740 0.2285812555 0.1624608853 0.2138327434 0.2202386771
0.1509703747 0.1768451340 0.1779913693 0.2375685245 0.1974871955 0.3192272255 0.3855155014 0.5000879119 0.6197471989 0.7979172493 0.8564757037 0.8870794022 0.8469544289 0.7764027365 0.6810948878 0.5224838122 0.4004251109 0.3257418857 0.2847126498 0.2026114137 0.2462721574 0.1692626303 0.1853197992 0.1903351141 0.1856832172 0.2028299728 0.1877877985 0.1528968783 0.1719818815 0.1681550352 0.1859251774 0.1533544593 0.1772369053 0.1913709604 0.2061545140 0.1618014327 0.2324182729 0.1796911736 0.1271148384 0.1571147387 0.1750881946 0.1967260527 0.2375762005 0.2460302442 0.3578035033 0.5307779021 0.6419443391 0.7879521176 0.8502954766 0.9284478984 0.9187337907 0.7823075360 0.6756362355 0.5089644229 0.4290846056 0.3161783988 0.2820706322 0.2077331361 0.2097553427 0.1694301521 0.1860177399 0.2042426104 0.1714349394 0.1597664117 0.2426809457 0.1778006378 0.1867960306 0.1945206015 0.1826364790 0.2101083961 0.1923186469 0.2249712910 0.1745218668 0.1740275289 0.2016272807 0.2046554475 0.1912307460 0.1742752409 0.2442764471 0.1875766292 0.2405985424 0.2563181175 0.3374191103 0.4215418708 0.6280882114 0.7420453099 0.8589025626 0.8680087039 0.8677827052 0.7967827951 0.7060381023 0.5511896113 0.4671410738 0.3024582154 0.2905452379 0.2285504450 0.2121260917 0.2153252614 0.1561168681 0.2069220620 0.1889622796 0.2181023941 0.2286628207 0.1627159874 0.1728059048 0.1688136008 0.1490975894 0.1311974284 0.1665131803 0.1845425977 0.1798766385 0.2301309436 0.2263881021 0.2100865602 0.1775718350 0.1890848074 0.2118861971 0.2035018679 0.2449162056 0.2014860958 0.3564929847 0.4351050182 0.5666400838 0.7281982290 0.8446918965 0.8858908041 0.9301457699 0.8793431347 0.7688399346 0.6481038313 0.4757646092 0.4029972961 0.3212089749 0.2696515158 0.1974318212 0.1863751088 0.1233165571 0.1684462345 0.2100061173 0.1364618076 0.2169541277 0.1579840574 0.2021339866 0.2074276255 0.1525664125 0.1593764335 0.1700131598 0.1627145408 0.1883792280 0.2026507309 0.1735947908 0.1714640313 0.2012729823 0.1898197281 0.1242651648 0.1951121803 0.2534765386 0.2646292458 0.3144347234 0.4124805307 0.5409005080 0.6860043307 0.8077997359 0.8838475527 0.8717624055 0.8789248068 0.7917097603 0.6574342276 0.5554406717 0.3761813624 0.3158357233 0.2652750121 0.2374134917 0.1864127011 0.1963931658 0.1886907986 0.1689817904 0.2133354143 0.1317529865 0.2411515721 0.2555359663 0.1929711550 0.2415356281 0.2210954224 0.1652317383 0.2099235019 0.2168352788 0.1918553613 0.2326774534 0.1914924476 0.2022665596 0.1838070516
0.1853556997 0.1842925574 0.1888329250 0.2394463336 0.2530737382 0.3467393477 0.4176859031 0.5294738016 0.6150122385 0.7591729911 0.8621987164 0.8507995425 0.8420640966 0.7654651593 0.6318502248 0.5335963778 0.3677816252 0.3105544418 0.2359947891 0.2123058386 0.2321315362 0.1429327569 0.2310842188 0.1887579407 0.1851454135 0.2432435759 0.2138939323 0.1760901514 0.1848694517 0.2131207068 0.1860459885 0.1501210569 0.1804734848 0.1374695177 0.1610348685 0.1709359142 0.1543258918 0.1822009361 0.2015099656 0.2122209005 0.1976290791 0.2177775324 0.2248427936 0.3102648922 0.3855313321 0.4963076958 0.6035372443 0.8011248208 0.8346639613 0.9141012111 0.8652248491 0.8066457076 0.6800095721 0.5628157473 0.3814778308 0.3649463644 0.2180664542 0.2231057528 0.1947236334 0.1717627936 0.1785880374 0.1718348404 0.1913816822 0.1988341215 0.2082212971 0.1561253827 0.1789797285 0.2118942233 0.1072306347 0.1939777096 0.1884077467 0.1807667892 0.2019432535 0.1345349580 0.1322664487 0.1509820151 0.1684894022 0.2112150174 0.1715357218 0.2123809205 0.2627110989 0.2651370959 0.3496824955 0.4498018801 0.6091067184 0.7502060273 0.8684264304 0.8725381999 0.8816654978 0.8346346164 0.6530986634 0.5726208366 0.4100046103 0.3298159977 0.2972433235 0.2514139333 0.2016119577 0.1677220688 0.1708654777 0.1842670508 0.1517029794 0.1628938881 0.1819913606 0.2282384925 0.1634456720 0.1556543556 0.2124940896 0.1808911706 0.1957733072 0.1724227229 0.1922139345 0.1724529899 0.1137441116 0.2223710812 0.1895148652 0.2274123862 0.2302770817 0.2012464379 0.2300796605 0.2349211428 0.3611366584 0.4226930657 0.5965996340 0.6842368664 0.8466905748 0.8729532871 0.8818996015 0.8792277699 0.7177466621 0.6078351180 0.4872823960 0.3378680991 0.2232768926 0.2373746583 0.1947835076 0.1410051581 0.1725799128 0.2185281004 0.1746896532 0.1417461974 0.2049323052 0.1975789588 0.1315913749 0.1882208711 0.1531130212 0.1901407059 0.2045448892 0.1882957722 0.1866008439 0.1898359401 0.1573103016 0.1665208771 0.1736807442 0.2254068398 0.1711035299 0.2523382256 0.2079418492 0.2946422580 0.3112095284 0.4177781175 0.5459969846 0.6852002234 0.7846055322 0.8649625014 0.9349081204 0.8533693548 0.7939076427 0.6358262700 0.4850700077 0.4187539359 0.3134914189 0.2804429558 0.2383957838 0.2139992313 0.2112445401 0.2235834817 0.1996118691 0.1865648422 0.2001031046 0.1491133512 0.2088589177 0.1960175064 0.1959558797 0.1946256134 0.1860516651 0.1828412842 0.1760276033 0.1797672768 0.1460307626 0.1791446820 0.1810194424 0.1730495255
0.1803291786 0.1667858876 0.1430662992 0.2521751064 0.2344926820 0.3065375681 0.4023771504 0.5515571639 0.6657189226 0.7889420356 0.8941868089 0.9131482399 0.8315099236 0.7655882823 0.5763859822 0.4757623542 0.3538585225 0.2724690549 0.2034706645 0.1909335377 0.1913858713 0.1121244716 0.1213192176 0.1771141597 0.1300133729 0.1354044105 0.1584405710 0.1611261860 0.1553694325 0.1574557608 0.1240767257 0.1987256867 0.1438810314 0.1252896166 0.1793687520 0.1305055727 0.1633076863 0.2100861102 0.2189300717 0.1756597094 0.1974400574 0.1480883058 0.2601985524 0.2674352180 0.3730157683 0.4693464269 0.5802964768 0.7648992108 0.8294379556 0.8958718287 0.8489087524 0.7806440335 0.6464803810 0.4727090631 0.3919972127 0.2843583668 0.3053185975 0.2438649983 0.1533697697 0.1633790142 0.1439081473 0.1538515522 0.2089086404 0.1625067382 0.1293083718 0.1779671101 0.1829480275 0.1705011393 0.1842850765 0.2504931728 0.1599067123 0.1420379375 0.1702817217 0.1433171692 0.1582808983 0.1372541155 0.1247080443 0.2033986304 0.1974357004 0.1905773507 0.1968582267 0.3319989273 0.3998339667 0.4945250270 0.6078206370 0.7350500543 0.8460332057 0.9041095056 0.8523477233 0.7732866367 0.6896769161 0.5388718175 0.4300801506 0.3334894851 0.2416375990 0.2358849065 0.1989150040 0.1364041744 0.1975094649 0.1736023305 0.1506511815 0.0768813558 0.1622480396 0.1793260518 0.2070165782 0.1414310463 0.1757122054 0.1821253015 0.2356787787 0.1851117148 0.2105483569 0.1716416358 0.1488540136 0.1629902895 0.1235350641 0.2178270660 0.1523788455 0.1771266045 0.2312107839 0.2815457217 0.3209084332 0.4455364215 0.6137082107 0.7389543269 0.7953442133 0.9143711256 0.9027137829 0.8534815297 0.7221734284 0.5827029667 0.4562832431 0.3584624215 0.2267884246 0.2075567692 0.2166816119 0.1613191896 0.1870291046 0.1752820224 0.1931725693 0.2271978496 0.2418192982 0.2395083480 0.1906160439 0.1127864258 0.1741008002 0.2048888892 0.1726274317 0.1680760331 0.1818379610 0.1891246172 0.1949496422 0.1861784265 0.1790789509 0.1933134890 0.1802807303 0.2435634256 0.2263147994 0.3089999577 0.3539234825 0.4114425700 0.5560404048 0.6972260592 0.7822752728 0.9153868991 0.9005915274 0.8394796087 0.7615462015 0.6273684790 0.5055091052 0.4263225081 0.3211205855 0.2725933799 0.2647978509 0.1387873012 0.1415366287 0.1321534639 0.1350806338 0.1876888702 0.2023590076 0.1706540569 0.1924041493 0.2212528130 0.1717336493 0.1624177599 0.2452122061 0.1943393966 0.1670376429 0.1914032930 0.2016205741 0.1861601333 0.1807223401 0.1913820076
